sentence_id,sentence,candidate,cand_norm,cand_type,is_gold,token_pos,component_token_positions,mt_pred,lg_score,lg_pred,mt_score,is_named_entity,gold_terms,source_dataset,term_type,spanish_sentence,spanish_back_to_english_sentence,spanish_best_back_translation_word,spanish_fuzz_ratio,spanish_specialized,spanish_term_failed_to_translate,arabic_sentence,arabic_back_to_english_sentence,arabic_best_back_translation_word,arabic_fuzz_ratio,arabic_specialized,arabic_term_failed_to_translate,chinese_sentence,chinese_back_to_english_sentence,chinese_best_back_translation_word,chinese_fuzz_ratio,chinese_specialized,chinese_term_failed_to_translate,japanese_sentence,japanese_back_to_english_sentence,japanese_best_back_translation_word,japanese_fuzz_ratio,japanese_specialized,japanese_term_failed_to_translate,specialized_votes,normal_votes,masked sentence,subwords,number of subwords,candidate probability,candidate surprise,candidate avg surprise,top token,top token probability,gap,average gap,start word index,end word index,window start word index,window end word index,windowed_context,number of words
2,Your tweet got 5 likes and 100 replies calling you out. L + ratio.,replies calling,replies calling,is_multiword,0,7,7|8,1,3.728777488072714,0,1.0,,,,,,,,,,,,,,,,,,,,,,,,,,,,,,,your tweet got 5 likes and 100 <mask> <mask> <mask> you out l ratio,▁repli es ▁calling,3.0,1.6820240329225248e-07,15.598097801208496,5.199365933736165,like s ed,0.0121337392731324,11.18633246421814,3.728777488072714,7.0,8.0,0.0,12.0,0.0,2.0
2,Your tweet got 5 likes and 100 replies calling you out. L + ratio.,out L,out l,is_multiword,0,10,10|11,1,5.79558002948761,0,1.0,,,,,,,,,,,,,,,,,,,,,,,,,,,,,,,your tweet got 5 likes and 100 replies calling you <mask> <mask> ratio,▁out ▁l,2.0,1.4112986818484656e-07,15.773585319519045,7.8867926597595215,a the,0.0152614496556535,11.59116005897522,5.79558002948761,10.0,11.0,0.0,12.0,0.0,2.0
2,Your tweet got 5 likes and 100 replies calling you out. L + ratio.,out L ratio,out l ratio,is_multiword,0,10,10|11|12,1,7.461177865664164,0,1.0,,,,,,,,,,,,,,,,,,,,,,,,,,,,,,,your tweet got 5 likes and 100 replies calling you <mask> <mask> <mask>,▁out ▁l ▁ratio,3.0,3.948602222955432e-13,28.5602445602417,9.520081520080566,a twitter .,0.0020772487789304,22.383533596992493,7.461177865664164,10.0,12.0,0.0,12.0,0.0,3.0
2,Your tweet got 5 likes and 100 replies calling you out. L + ratio.,L ratio,l ratio,is_multiword,1,11,11|12,1,11.06301087141037,0,1.0,,,,,,,,,,,,,,,,,,,,,,,,,,,,,,,your tweet got 5 likes and 100 replies calling you out <mask> <mask>,▁l ▁ratio,2.0,7.846561231859672e-12,25.570945739746094,12.785472869873049,of .,0.0319071869947698,22.12602174282074,11.06301087141037,11.0,12.0,0.0,12.0,0.0,2.0
7,This new track is a total bop!,total bop,total bop,is_multiword,0,5,5|6,1,6.0941416422526045,0,1.0,,,,,,,,,,,,,,,,,,,,,,,,,,,,,,,this new track is a <mask> <mask> <mask>,▁total ▁bo p,3.0,2.8934679900227967e-11,24.26598024368286,8.088660081227621,free of .,0.002519851476922,18.28242492675781,6.0941416422526045,5.0,6.0,0.0,6.0,0.0,2.0
9,"What’s good, fam? Long time no see!",no see,no see,is_multiword,0,5,5|6,1,4.483392715454102,1,1.0,,,,,,,,,,,,,,,,,,,,,,,,,,,,,,,what's good fam long time <mask> <mask>,▁no ▁see,2.0,7.227079080046976e-07,14.140260696411133,7.070130348205566,dating </s>,0.0056648477211773,8.966785430908203,4.483392715454102,5.0,6.0,0.0,6.0,0.0,2.0
10,She really had a glow up since high school.,glow up,glow up,is_multiword,1,4,4|5,1,5.413106362024943,0,1.0,,,,,,,,,,,,,,,,,,,,,,,,,,,,,,,she really had a <mask> <mask> <mask> since high school,▁glo w ▁up,3.0,7.001859105991807e-11,23.3822603225708,7.794086774190267,good good life,0.0007904238507072,16.23931908607483,5.413106362024943,4.0,5.0,0.0,8.0,0.0,2.0
11,I stan BTS so hard!,so hard,so hard,is_multiword,0,3,3|4,1,8.643301963806152,0,1.0,,,,,,,,,,,,,,,,,,,,,,,,,,,,,,,i stan bts <mask> <mask>,▁so ▁hard,2.0,4.5877752820912585e-10,21.502455711364743,10.751227855682371,i .,0.0147597443008216,17.286603927612305,8.643301963806152,3.0,4.0,0.0,4.0,0.0,2.0
21,She’s such an e-girl with her neon eyeliner and platform boots.,such an,such an,is_multiword,0,1,1|2,1,1.7100467085838318,0,1.0,,,,,,,,,,,,,,,,,,,,,,,,,,,,,,,she's <mask> <mask> e-girl with her neon eyeliner and platform boots,▁such ▁an,2.0,0.0009440451531811,6.965336561203003,3.482668280601501,a the,0.0288616041295865,3.420093417167664,1.7100467085838318,1.0,2.0,0.0,10.0,0.0,2.0
21,She’s such an e-girl with her neon eyeliner and platform boots.,such an e-girl,such an e-girl,is_multiword,0,1,1|2|3,1,3.7607452392578127,1,1.0,,,,,,,,,,,,,,,,,,,,,,,,,,,,,,,she's <mask> <mask> <mask> <mask> <mask> with her neon eyeliner and platform boots,▁such ▁an ▁e - girl,5.0,7.085049281504292e-15,32.58078956604004,6.516157913208008,looking a the the look,1.0391958451194414e-06,18.803726196289062,3.7607452392578127,1.0,3.0,0.0,10.0,0.0,3.0
21,She’s such an e-girl with her neon eyeliner and platform boots.,an e-girl,an e-girl,is_multiword,0,2,2|3,1,2.511455614119768,0,1.0,,,,,,,,,,,,,,,,,,,,,,,,,,,,,,,she's such <mask> <mask> <mask> <mask> with her neon eyeliner and platform boots,▁an ▁e - girl,4.0,8.0092403653252e-09,18.642669916152958,4.660667479038239,a pretty and look,0.0001846871104372,10.045822456479073,2.511455614119768,2.0,3.0,0.0,10.0,0.0,2.0
23,I’m finna head out.,finna head,finna head,is_multiword,0,1,1|2,1,11.456529200077057,0,1.0,,,,,,,,,,,,,,,,,,,,,,,,,,,,,,,i'm <mask> <mask> out,▁finna ▁head,2.0,3.035360498824122e-12,26.52069091796875,13.260345458984377,gonna ing,0.027115967504172,22.913058400154117,11.456529200077057,1.0,2.0,0.0,3.0,0.0,2.0
28,He showed up to the party looking like a whole snack.,showed up,showed up,is_multiword,0,1,1|2,1,2.393280148506165,1,1.0,,,,,,,,,,,,,,,,,,,,,,,,,,,,,,,he <mask> <mask> to the party looking like a whole snack,▁showed ▁up,2.0,0.0003363419645233,7.997382164001465,3.998691082000733,came s,0.0403234591298032,4.786560297012329,2.393280148506165,1.0,2.0,0.0,10.0,0.0,2.0
29,"You’re being way too extra right now, take several seats.",extra right,extra right,is_multiword,0,4,4|5,1,5.602313816547394,0,1.0,,,,,,,,,,,,,,,,,,,,,,,,,,,,,,,you're being way too <mask> <mask> now take several seats,▁extra ▁right,2.0,5.521217457750993e-07,14.409497261047363,7.204748630523682,busy to,0.0405641897296219,11.204627633094788,5.602313816547394,4.0,5.0,0.0,9.0,0.0,2.0
34,She’s living her life like she’s the main character in a movie.,She’s living,she's living,is_multiword,0,0,0|1,1,1.764103889465332,0,1.0,,,,,,,,,,,,,,,,,,,,,,,,,,,,,,,<mask> <mask> <mask> <mask> her life like she's the main character in a movie,▁she ' s ▁living,4.0,4.731516162935036e-08,16.866435050964355,4.216608762741089,How girl s s,5.489877664101283e-05,7.056415557861328,1.764103889465332,0.0,1.0,0.0,11.0,0.0,2.0
43,"He doesn’t care what anyone thinks, he’s so based.",so based,so based,is_multiword,0,7,7|8,1,7.45514714717865,0,1.0,,,,,,,,,,,,,,,,,,,,,,,,,,,,,,,he doesn't care what anyone thinks he's <mask> <mask>,▁so ▁based,2.0,1.1490809970096e-08,18.281718254089355,9.140859127044678,saying .,0.0343407027334212,14.9102942943573,7.45514714717865,7.0,8.0,0.0,8.0,0.0,2.0
44,He’s big mad because we beat his team last night.,big mad,big mad,is_multiword,1,1,1|2,1,4.640636205673218,0,1.0,,,,,,,,,,,,,,,,,,,,,,,,,,,,,,,he's <mask> <mask> because we beat his team last night,▁big ▁mad,2.0,7.862581350238736e-07,14.055980682373049,7.027990341186523,not happy,0.0084405460801595,9.281272411346436,4.640636205673218,1.0,2.0,0.0,9.0,0.0,2.0
45,What’s your body count?,What’s your,what's your,is_multiword,0,0,0|1,1,2.264650881290436,0,1.0,,,,,,,,,,,,,,,,,,,,,,,,,,,,,,,<mask> <mask> <mask> <mask> body count,▁what ' s ▁your,4.0,3.2263496262470227e-10,21.854499578475952,5.463624894618988, :  your,2.7721259163094627e-06,9.058603525161743,2.264650881290436,0.0,1.0,0.0,3.0,0.0,2.0
45,What’s your body count?,What’s your body,what's your body,is_multiword,0,0,0|1|2,1,2.398734331130981,0,1.0,,,,,,,,,,,,,,,,,,,,,,,,,,,,,,,<mask> <mask> <mask> <mask> <mask> count,▁what ' s ▁your ▁body,5.0,1.2836781194376845e-12,27.38129162788391,5.476258325576782," : : , to",2.076067914182545e-07,11.993671655654907,2.398734331130981,0.0,2.0,0.0,3.0,0.0,3.0
45,What’s your body count?,What’s your body count,what's your body count,is_multiword,0,0,0|1|2|3,1,6.845381498336792,0,1.0,,,,,,,,,,,,,,,,,,,,,,,,,,,,,,,<mask> <mask> <mask> <mask> <mask> <mask>,▁what ' s ▁your ▁body ▁count,6.0,4.245698346297313e-25,56.11872100830078,9.35312016805013,"</s> : ,  . </s>",2.920233657230533e-07,41.07228899002075,6.845381498336792,0.0,3.0,0.0,3.0,0.0,4.0
45,What’s your body count?,your body,your body,is_multiword,0,1,1|2,1,2.971128523349762,0,1.0,,,,,,,,,,,,,,,,,,,,,,,,,,,,,,,what's <mask> <mask> count,▁your ▁body,2.0,0.0001081357181413,9.132123470306396,4.566061735153198,going to,0.0411773708964101,5.942257046699524,2.971128523349762,1.0,2.0,0.0,3.0,0.0,2.0
45,What’s your body count?,your body count,your body count,is_multiword,0,1,1|2|3,1,5.214230696360271,0,1.0,,,,,,,,,,,,,,,,,,,,,,,,,,,,,,,what's <mask> <mask> <mask>,▁your ▁body ▁count,3.0,3.5828889962208043e-10,21.74968147277832,7.24989382425944,the about ?,0.0022272461127082,15.64269208908081,5.214230696360271,1.0,3.0,0.0,3.0,0.0,3.0
45,What’s your body count?,body count,body count,is_multiword,1,2,2|3,1,8.900949627161026,1,1.0,,,,,,,,,,,,,,,,,,,,,,,,,,,,,,,what's your <mask> <mask>,▁body ▁count,2.0,2.5307027391341782e-09,19.794768810272217,9.897384405136108,favorite ?,0.1363037325352151,17.801899254322052,8.900949627161026,2.0,3.0,0.0,3.0,0.0,2.0
51,She had a major glow-up over the summer.,glow-up over,glow-up over,is_multiword,0,4,4|5,1,3.885661315917969,0,1.0,,,,,,,,,,,,,,,,,,,,,,,,,,,,,,,she had a major <mask> <mask> <mask> <mask> <mask> the summer,▁glo w - up ▁over,5.0,1.176286971545526e-14,32.07382845878601,6.414765691757202,in in the s in,3.221956161809163e-06,19.428306579589844,3.885661315917969,4.0,5.0,0.0,7.0,0.0,2.0
59,"That tweet got ratio’d so bad, more people replied than liked it.",got ratio’d,got ratio'd,is_multiword,0,2,2|3,1,5.66396626830101,0,1.0,,,,,,,,,,,,,,,,,,,,,,,,,,,,,,,that tweet <mask> <mask> <mask> <mask> so bad more people replied than liked it,▁got ▁ratio ' d,4.0,2.840915335229993e-14,31.192065000534058,7.798016250133514,"was like , ,",0.000196234550625,22.65586507320404,5.66396626830101,2.0,3.0,0.0,11.0,0.0,2.0
60,"He’s got so much rizz, everyone likes him.",He’s got,he's got,is_multiword,0,0,0|1,1,1.7069073915481567,1,1.0,,,,,,,,,,,,,,,,,,,,,,,,,,,,,,,<mask> <mask> <mask> <mask> so much rizz everyone likes him,▁he ' s ▁got,4.0,3.8921326298087614e-09,19.36430859565735,4.841077148914337,</s>  s s,3.5924396088887733e-06,6.827629566192627,1.7069073915481567,0.0,1.0,0.0,7.0,0.0,2.0
73,"He’s such a Chad, always winning at everything.",He’s such,he's such,is_multiword,0,0,0|1,1,2.363456636667252,1,1.0,,,,,,,,,,,,,,,,,,,,,,,,,,,,,,,<mask> <mask> <mask> <mask> a chad always winning at everything,▁he ' s ▁such,4.0,3.386448818780378e-09,19.50348401069641,4.875871002674103,The you to like,4.320054426669848e-05,9.453826546669006,2.363456636667252,0.0,1.0,0.0,7.0,0.0,2.0
81,I’m low key excited about the new movie.,low key,low key,is_multiword,1,1,1|2,1,12.583101332187653,1,1.0,,,,,,,,,,,,,,,,,,,,,,,,,,,,,,,i'm <mask> <mask> excited about the new movie,▁low ▁key,2.0,1.1515392735280484e-12,27.48992156982422,13.74496078491211,soo so,0.0979087941642402,25.166202664375305,12.583101332187653,1.0,2.0,0.0,7.0,0.0,2.0
85,"She’s such a pick me girl, always saying she’s not like other girls.",pick me,pick me,is_multiword,0,3,3|4,1,4.275388598442078,0,1.0,,,,,,,,,,,,,,,,,,,,,,,,,,,,,,,she's such a <mask> <mask> girl always saying she's not like other girls,▁pick ▁me,2.0,2.021187261169748e-06,13.111825466156006,6.555912733078003,kind y,0.0104510976347214,8.550777196884155,4.275388598442078,3.0,4.0,0.0,12.0,0.0,2.0
88,She was throwing shade at my outfit.,throwing shade,throwing shade,is_multiword,0,2,2|3,1,5.6386396288871765,0,1.0,,,,,,,,,,,,,,,,,,,,,,,,,,,,,,,she was <mask> <mask> <mask> <mask> at my outfit,▁throw ing ▁sha de,4.0,5.1790067727406905e-14,30.591578006744385,7.647894501686096,very and very look,0.0003232710278108,22.554558515548703,5.6386396288871765,2.0,3.0,0.0,6.0,0.0,2.0
88,She was throwing shade at my outfit.,throwing shade at,throwing shade at,is_multiword,0,2,2|3|4,1,4.549829006195068,0,1.0,,,,,,,,,,,,,,,,,,,,,,,,,,,,,,,she was <mask> <mask> <mask> <mask> <mask> my outfit,▁throw ing ▁sha de ▁at,5.0,6.07761073861295e-16,35.036749839782715,7.007349967956543,so and and to in,4.608515321929934e-06,22.749145030975345,4.549829006195068,2.0,4.0,0.0,6.0,0.0,3.0
88,She was throwing shade at my outfit.,shade at,shade at,is_multiword,0,3,3|4,1,4.899691303571065,0,1.0,,,,,,,,,,,,,,,,,,,,,,,,,,,,,,,she was throwing <mask> <mask> <mask> my outfit,▁sha de ▁at,3.0,7.572833351750345e-10,21.001283645629883,7.000427881876628,a out in,0.0018322515102173,14.699073910713196,4.899691303571065,3.0,4.0,0.0,6.0,0.0,2.0
89,I was shook when I found out the news.,found out,found out,is_multiword,0,5,5|6,1,2.822538375854492,1,1.0,,,,,,,,,,,,,,,,,,,,,,,,,,,,,,,i was shook when i <mask> <mask> the news,▁found ▁out,2.0,0.0001739066392784,8.656991958618164,4.328495979309082,heard about,0.0491973653404205,5.645076751708984,2.822538375854492,5.0,6.0,0.0,8.0,0.0,2.0
102,"She’s such a Heather, everyone loves her.",She’s such,she's such,is_multiword,0,0,0|1,1,1.7753267288208008,0,1.0,,,,,,,,,,,,,,,,,,,,,,,,,,,,,,,<mask> <mask> <mask> <mask> a heather everyone loves her,▁she ' s ▁such,4.0,1.0962014524688809e-08,18.328829765319824,4.582207441329956,</s> ' she like,1.3302975179630094e-05,7.101306915283203,1.7753267288208008,0.0,1.0,0.0,6.0,0.0,2.0
102,"She’s such a Heather, everyone loves her.",She’s such a,she's such a,is_multiword,0,0,0|1|2,1,2.576988172531128,0,1.0,,,,,,,,,,,,,,,,,,,,,,,,,,,,,,,<mask> <mask> <mask> <mask> <mask> heather everyone loves her,▁she ' s ▁such ▁a,5.0,6.521418100134139e-13,28.05851435661316,5.611702871322632,</s> love love love the,2.571584271410638e-07,12.88494086265564,2.576988172531128,0.0,2.0,0.0,6.0,0.0,3.0
102,"She’s such a Heather, everyone loves her.",such a,such a,is_multiword,0,1,1|2,1,2.901491165161133,1,1.0,,,,,,,,,,,,,,,,,,,,,,,,,,,,,,,she's <mask> <mask> heather everyone loves her,▁such ▁a,2.0,2.6261509796329396e-05,10.547406196594238,5.273703098297119,a big,0.0087000729676377,5.802982330322266,2.901491165161133,1.0,2.0,0.0,6.0,0.0,2.0
108,"Sorry, G2G! Talk later!",G 2,g 2,is_multiword,0,1,1|2,1,9.895161617547274,0,1.0,,,,,,,,,,,,,,,,,,,,,,,,,,,,,,,sorry <mask> <mask> <mask> <mask> later,▁g 2 g ▁talk,4.0,1.1303274952073801e-20,45.92919445037842,11.482298612594604,", , , back",0.001749285289986,39.580646470189095,9.895161617547274,1.0,2.0,0.0,3.0,0.0,2.0
108,"Sorry, G2G! Talk later!",G 2 G,g 2 g,is_multiword,0,1,1|2|3,1,8.404778933525085,0,1.0,,,,,,,,,,,,,,,,,,,,,,,,,,,,,,,sorry <mask> <mask> <mask> <mask> <mask>,▁g 2 g ▁talk ▁later,5.0,4.301384336130746e-23,51.5005202293396,10.30010404586792,", sorry  . .",7.662205780925677e-05,42.02389466762543,8.404778933525085,1.0,3.0,0.0,3.0,0.0,3.0
108,"Sorry, G2G! Talk later!",2 G,2 g,is_multiword,0,2,2|3,1,6.508048951625824,0,1.0,,,,,,,,,,,,,,,,,,,,,,,,,,,,,,,sorry g2g <mask> <mask>,▁talk ▁later,2.0,2.2533536904152997e-08,17.608261108398438,8.804130554199219,sorry sorry,0.0101309193956917,13.016097903251648,6.508048951625824,2.0,3.0,0.0,3.0,0.0,2.0
116,How’s it going? SSDD.,How’s it,how's it,is_multiword,0,0,0|1,1,1.200559675693512,0,1.0,,,,,,,,,,,,,,,,,,,,,,,,,,,,,,,<mask> <mask> <mask> <mask> going ssdd,▁how ' s ▁it,4.0,4.8098198012882136e-08,16.85002112388611,4.212505280971527,</s> s ' not,5.857530725318017e-06,4.802238702774048,1.200559675693512,0.0,1.0,0.0,3.0,0.0,2.0
116,How’s it going? SSDD.,How’s it going,how's it going,is_multiword,0,0,0|1|2,1,5.205310583114624,0,1.0,,,,,,,,,,,,,,,,,,,,,,,,,,,,,,,<mask> <mask> <mask> <mask> <mask> ssdd,▁how ' s ▁it ▁going,5.0,6.926205888225886e-18,39.51121950149536,7.902243900299072, : : s :,1.3921425622004709e-06,26.02655291557312,5.205310583114624,0.0,2.0,0.0,3.0,0.0,3.0
116,How’s it going? SSDD.,How’s it going SSDD,how's it going ssdd,is_multiword,0,0,0|1|2|3,1,5.597144946455956,1,1.0,,,,,,,,,,,,,,,,,,,,,,,,,,,,,,,<mask> <mask> <mask> <mask> <mask> <mask> <mask> <mask>,▁how ' s ▁it ▁going ▁s s dd,8.0,1.0554301709420802e-29,66.72101926803589,8.340127408504486,"</s> : , </s> </s> . . </s>",2.9505489375083777e-10,44.77715957164765,5.597144946455956,0.0,3.0,0.0,3.0,0.0,4.0
116,How’s it going? SSDD.,it going,it going,is_multiword,0,1,1|2,1,1.1465568542480469,0,1.0,,,,,,,,,,,,,,,,,,,,,,,,,,,,,,,how's <mask> <mask> ssdd,▁it ▁going,2.0,0.0015834829460308,6.4481284618377686,3.2240642309188843,it to,0.0156855597134921,2.2931137084960938,1.1465568542480469,1.0,2.0,0.0,3.0,0.0,2.0
116,How’s it going? SSDD.,it going SSDD,it going ssdd,is_multiword,0,1,1|2|3,1,3.410314965248108,0,1.0,,,,,,,,,,,,,,,,,,,,,,,,,,,,,,,how's <mask> <mask> <mask> <mask> <mask>,▁it ▁going ▁s s dd,5.0,1.5050181450655697e-13,29.52480125427246,5.904960250854492,to to to it ?,3.827776666990912e-06,17.05157482624054,3.410314965248108,1.0,3.0,0.0,3.0,0.0,3.0
116,How’s it going? SSDD.,going SSDD,going ssdd,is_multiword,0,2,2|3,1,3.5191006660461426,0,1.0,,,,,,,,,,,,,,,,,,,,,,,,,,,,,,,how's it <mask> <mask> <mask> <mask>,▁going ▁s s dd,4.0,1.5040285705766458e-11,24.92028880119324,6.230072200298309,to to it ?,1.9523608409706197e-05,14.07640266418457,3.5191006660461426,2.0,3.0,0.0,3.0,0.0,2.0
124,"We’ve been hanging out a lot, but it’s just a situationship.",hanging out,hanging out,is_multiword,0,2,2|3,1,2.0025546153386435,1,1.0,,,,,,,,,,,,,,,,,,,,,,,,,,,,,,,we've been <mask> <mask> <mask> a lot but it's just a situationship,▁hang ing ▁out,3.0,1.5773699265681631e-06,13.35975170135498,4.453250567118327,talking ing it,0.0006412521200659,6.00766384601593,2.0025546153386435,2.0,3.0,0.0,10.0,0.0,2.0
125,"Look at him in that suit, total zaddy vibes.",zaddy vibes,zaddy vibes,is_multiword,0,7,7|8,1,6.147002309560776,0,1.0,,,,,,,,,,,,,,,,,,,,,,,,,,,,,,,look at him in that suit total <mask> <mask> <mask> <mask>,▁za ddy ▁vi bes,4.0,1.6693756706074492e-16,36.32891178131104,9.08222794532776,from his s .,7.961425087271022e-06,24.588009238243103,6.147002309560776,7.0,8.0,0.0,8.0,0.0,2.0
126,"He ghosted me months ago, and now he’s zombie-ing by texting me again.",zombie-ing by,zombie-ing by,is_multiword,0,8,8|9,1,4.173846215009689,0,1.0,,,,,,,,,,,,,,,,,,,,,,,,,,,,,,,he ghosted me months ago and now he's <mask> <mask> <mask> <mask> texting me again,▁zombie - ing ▁by,4.0,2.151905438915381e-12,26.864667415618896,6.716166853904724,not to me and,3.83298130647266e-05,16.695384860038757,4.173846215009689,8.0,9.0,0.0,12.0,0.0,2.0
126,"He ghosted me months ago, and now he’s zombie-ing by texting me again.",zombie-ing by texting,zombie-ing by texting,is_multiword,0,8,8|9|10,1,5.314006874958674,0,1.0,,,,,,,,,,,,,,,,,,,,,,,,,,,,,,,he ghosted me months ago and now he's <mask> <mask> <mask> <mask> <mask> <mask> me again,▁zombie - ing ▁by ▁text ing,6.0,2.837867777162613e-20,45.00864887237549,7.501441478729248,back and and he to sted,1.995516542432671e-06,31.884041249752045,5.314006874958674,8.0,10.0,0.0,12.0,0.0,3.0
126,"He ghosted me months ago, and now he’s zombie-ing by texting me again.",by texting,by texting,is_multiword,0,9,9|10,1,4.896335740884145,1,1.0,,,,,,,,,,,,,,,,,,,,,,,,,,,,,,,he ghosted me months ago and now he's zombie-ing <mask> <mask> <mask> me again,▁by ▁text ing,3.0,7.59659149793654e-09,18.695566177368164,6.231855392456055,and gho sted,0.0181959005511009,14.689007222652435,4.896335740884145,9.0,10.0,0.0,12.0,0.0,2.0
139,I need to finish this B4 I go out.,B 4,b 4,is_multiword,0,5,5|6,1,6.297234733899434,0,1.0,,,,,,,,,,,,,,,,,,,,,,,,,,,,,,,i need to finish this <mask> <mask> <mask> go out,▁b 4 ▁i,3.0,3.32170034358638e-10,21.82537412643433,7.275124708811442,before before i,0.0532014341795321,18.891704201698303,6.297234733899434,5.0,6.0,0.0,8.0,0.0,2.0
141,"It was fun hanging out, CU later!",hanging out,hanging out,is_multiword,0,3,3|4,1,4.643927415211995,0,1.0,,,,,,,,,,,,,,,,,,,,,,,,,,,,,,,it was fun <mask> <mask> <mask> cu later,▁hang ing ▁out,3.0,3.7489959620442e-10,21.70436286926269,7.234787623087565,to se e,0.0004211250979582,13.931782245635986,4.643927415211995,3.0,4.0,0.0,6.0,0.0,2.0
144,Check the FAQ before you ask questions.,you ask,you ask,is_multiword,0,4,4|5,1,3.20041286945343,1,1.0,,,,,,,,,,,,,,,,,,,,,,,,,,,,,,,check the faq before <mask> <mask> questions,▁you ▁ask,2.0,0.0005135025994126,7.574255466461182,3.787127733230591,asking any,0.3093042905579484,6.40082573890686,3.20041286945343,4.0,5.0,0.0,6.0,0.0,2.0
152,That party was GR8!,GR 8,gr 8,is_multiword,0,3,,1,,0,1.0,,,,,,,,,,,,,,,,,,,,,,,,,,,,,,,,,,,,,,,,,,,,,,
153,"I’m signing off, G9!",signing off,signing off,is_multiword,0,1,1|2,1,6.251380920410156,1,1.0,,,,,,,,,,,,,,,,,,,,,,,,,,,,,,,i'm <mask> <mask> <mask> g9,▁sig ning ▁off,3.0,1.4028693379929214e-12,27.29250144958496,9.097500483194986,a to on,0.0001958113840476,18.75414276123047,6.251380920410156,1.0,2.0,0.0,3.0,0.0,2.0
154,"IC, that makes sense now.",makes sense,makes sense,is_multiword,0,2,2|3,1,5.117618560791016,1,1.0,,,,,,,,,,,,,,,,,,,,,,,,,,,,,,,ic that <mask> <mask> now,▁makes ▁sense,2.0,4.386223784405799e-07,14.63962697982788,7.31981348991394,you right,0.0122235622457657,10.235237121582031,5.117618560791016,2.0,3.0,0.0,4.0,0.0,2.0
155,"You mean so much to me, ILU!",so much,so much,is_multiword,0,2,2|3,1,2.647817611694336,1,1.0,,,,,,,,,,,,,,,,,,,,,,,,,,,,,,,you mean <mask> <mask> to me ilu,▁so ▁much,2.0,6.103791759721782e-06,12.006600379943848,6.003300189971924,: e,0.0012174884903601,5.295635223388672,2.647817611694336,2.0,3.0,0.0,6.0,0.0,2.0
161,We’ve been in an LDR for two years now.,an LDR,an ldr,is_multiword,0,3,3|4,1,5.949171702067058,0,1.0,,,,,,,,,,,,,,,,,,,,,,,,,,,,,,,we've been in <mask> <mask> <mask> for two years now,▁an ▁l dr,3.0,1.0787911137842083e-11,25.25259494781494,8.417531649271647,the  s,0.0006081555672045,17.847515106201172,5.949171702067058,3.0,4.0,0.0,8.0,0.0,2.0
165,"Gotta run, see you L8R!",L 8,l 8,is_multiword,0,4,,1,,0,1.0,,,,,,,,,,,,,,,,,,,,,,,,,,,,,,,,,,,,,,,,,,,,,,
165,"Gotta run, see you L8R!",L 8 R,l 8 r,is_multiword,0,4,,1,,0,1.0,,,,,,,,,,,,,,,,,,,,,,,,,,,,,,,,,,,,,,,,,,,,,,
165,"Gotta run, see you L8R!",8 R,8 r,is_multiword,0,5,,1,,0,1.0,,,,,,,,,,,,,,,,,,,,,,,,,,,,,,,,,,,,,,,,,,,,,,
167,"How’s it going, M8?",M 8,m 8,is_multiword,0,3,,1,,0,1.0,,,,,,,,,,,,,,,,,,,,,,,,,,,,,,,,,,,,,,,,,,,,,,
174,Let’s go Sk8 at the park this weekend.,Sk 8,sk 8,is_multiword,0,2,2|3,1,7.583474675814311,0,1.0,,,,,,,,,,,,,,,,,,,,,,,,,,,,,,,let's go <mask> <mask> <mask> the park this weekend,▁sk 8 ▁at,3.0,2.9973761408232224e-12,26.533283829689022,8.844427943229675,and out in,0.0227575162793271,22.75042402744293,7.583474675814311,2.0,3.0,0.0,7.0,0.0,2.0
179,"I’ve got to go, TTYL!",I’ve got,i've got,is_multiword,0,0,0|1,1,3.5450758934021,1,1.0,,,,,,,,,,,,,,,,,,,,,,,,,,,,,,,<mask> <mask> <mask> <mask> to go ttyl,▁i ' ve ▁got,4.0,1.2681902889459393e-11,25.090845108032227,6.272711277008057,</s> : : how,1.826467786839098e-05,14.180303573608398,3.5450758934021,0.0,1.0,0.0,4.0,0.0,2.0
180,How are U doing today?,U doing,u doing,is_multiword,0,2,2|3,1,3.3068161606788635,0,1.0,,,,,,,,,,,,,,,,,,,,,,,,,,,,,,,how are <mask> <mask> today,▁u ▁doing,2.0,0.0007459161705391,7.2008973360061646,3.6004486680030823,you doing,0.5558454368537982,6.613632321357727,3.3068161606788635,2.0,3.0,0.0,4.0,0.0,2.0
181,Have a great day! U2!,U 2,u 2,is_multiword,0,4,,1,,0,1.0,,,,,,,,,,,,,,,,,,,,,,,,,,,,,,,,,,,,,,,,,,,,,,
186,WUF? You sound like you’re from the UK.,sound like,sound like,is_multiword,0,2,2|3,1,1.4082489013671875,0,1.0,,,,,,,,,,,,,,,,,,,,,,,,,,,,,,,wuf you <mask> <mask> you're from the uk,▁sound ▁like,2.0,0.0022049069739888,6.117069959640503,3.0585349798202515,know like,0.0368620704782421,2.816497802734375,1.4082489013671875,2.0,3.0,0.0,7.0,0.0,2.0
186,WUF? You sound like you’re from the UK.,sound like you’re,sound like you're,is_multiword,0,2,2|3|4,1,4.038561224937439,1,1.0,,,,,,,,,,,,,,,,,,,,,,,,,,,,,,,wuf you <mask> <mask> <mask> <mask> <mask> from the uk,▁sound ▁like ▁you ' re,5.0,4.1618356811210406e-15,33.11282014846802,6.622564029693604,can to a a s,2.448551277080766e-06,20.192806124687195,4.038561224937439,2.0,4.0,0.0,7.0,0.0,3.0
186,WUF? You sound like you’re from the UK.,like you’re,like you're,is_multiword,0,3,3|4,1,1.971364974975586,0,1.0,,,,,,,,,,,,,,,,,,,,,,,,,,,,,,,wuf you sound <mask> <mask> <mask> <mask> from the uk,▁like ▁you ' re,4.0,5.361468676632895e-08,16.741442799568176,4.185360699892044,like a the s,0.0001425264588051,7.885459899902344,1.971364974975586,3.0,4.0,0.0,7.0,0.0,2.0
199,"Even though you’re far away, you’re FIMH.",though you’re,though you're,is_multiword,0,1,1|2,1,0.6915445625782013,1,1.0,,,,,,,,,,,,,,,,,,,,,,,,,,,,,,,even <mask> <mask> <mask> <mask> far away you're fimh,▁though ▁you ' re,4.0,0.0001434792270505,8.84932029247284,2.21233007311821,if you ' so,0.0022809983885193,2.766178250312805,0.6915445625782013,1.0,2.0,0.0,6.0,0.0,2.0
203,Can’t wait to hang out with my BFF this weekend!,hang out,hang out,is_multiword,0,3,3|4,1,1.057300627231598,1,1.0,,,,,,,,,,,,,,,,,,,,,,,,,,,,,,,can't wait to <mask> <mask> with my bff this weekend,▁hang ▁out,2.0,0.0065409180504367,5.029677748680115,2.5148388743400574,spend out,0.0541998848966455,2.114601254463196,1.057300627231598,3.0,4.0,0.0,9.0,0.0,2.0
205,"Hey, ?4U: Do you know what time the meeting is?",4 U,4 u,is_multiword,0,1,1|2,1,4.930531819661458,0,1.0,,,,,,,,,,,,,,,,,,,,,,,,,,,,,,,hey <mask> <mask> <mask> you know what time the meeting is,▁4 u ▁do,3.0,6.987826692124619e-09,18.77909624576569,6.259698748588562,", , do",0.0185460066732746,14.791595458984377,4.930531819661458,1.0,2.0,0.0,9.0,0.0,2.0
213,Let’s have a 121 meeting to go over the details.,go over,go over,is_multiword,0,6,6|7,1,2.858051240444184,1,1.0,,,,,,,,,,,,,,,,,,,,,,,,,,,,,,,let's have a 121 meeting to <mask> <mask> the details,▁go ▁over,2.0,0.0001706661044939,8.675801515579224,4.337900757789612,get all,0.0518345152162694,5.716102480888367,2.858051240444184,6.0,7.0,0.0,9.0,0.0,2.0
220,We’ve got a 10M team working on this project.,We’ve got,we've got,is_multiword,0,0,0|1,1,3.877869576215744,1,1.0,,,,,,,,,,,,,,,,,,,,,,,,,,,,,,,<mask> <mask> <mask> <mask> a 10m team working on this project,▁we ' ve ▁got,4.0,3.0156291935365905e-12,26.52721261978149,6.6318031549453735,I : s of,1.644096757865973e-05,15.511478304862976,3.877869576215744,0.0,1.0,0.0,8.0,0.0,2.0
222,10Q for your feedback on the report,10 Q,10 q,is_multiword,0,0,0|1,1,4.839183688163757,0,1.0,,,,,,,,,,,,,,,,,,,,,,,,,,,,,,,<mask> <mask> <mask> your feedback on the report,▁10 q ▁for,3.0,2.5566212432766208e-09,19.78457927703857,6.594859759012858,Please us us,0.0051589190258604,14.517551064491272,4.839183688163757,0.0,1.0,0.0,6.0,0.0,2.0
223,"I’ve only been there 1CE, but I loved it.",1 CE,1 ce,is_multiword,0,4,4|5,1,4.0361136595408125,0,1.0,,,,,,,,,,,,,,,,,,,,,,,,,,,,,,,i've only been there <mask> <mask> <mask> i loved it,▁1 ce ▁but,3.0,6.551073172318078e-08,16.541051864624023,5.513683954874675,once time and,0.0118822345892002,12.108340978622437,4.0361136595408125,4.0,5.0,0.0,8.0,0.0,2.0
224,1DR what the weather will be like tomorrow.,1 DR,1 dr,is_multiword,0,0,0|1,1,4.940229892730713,0,1.0,,,,,,,,,,,,,,,,,,,,,,,,,,,,,,,<mask> <mask> <mask> the weather will be like tomorrow,▁1 dr ▁what,3.0,2.9918844343401183e-10,21.92994749546051,7.309982498486836,We s what,0.0008175015025046,14.82068967819214,4.940229892730713,0.0,1.0,0.0,7.0,0.0,2.0
225,"You’re amazing, truly 1NAM!",1 NAM,1 nam,is_multiword,0,3,,1,,0,1.0,,,,,,,,,,,,,,,,,,,,,,,,,,,,,,,,,,,,,,,,,,,,,,
226,I’m heading 2 the store.,heading 2,heading 2,is_multiword,0,1,1|2,1,5.236253023147583,0,1.0,,,,,,,,,,,,,,,,,,,,,,,,,,,,,,,i'm <mask> <mask> <mask> the store,▁head ing ▁2,3.0,1.1592306208502451e-09,20.57550930976868,6.858503103256226,not to at,0.0076983424438677,15.708759069442747,5.236253023147583,1.0,2.0,0.0,4.0,0.0,2.0
228,The answer seems 2B clear now.,2 B,2 b,is_multiword,0,3,3|4,1,7.599365373452504,0,1.0,,,,,,,,,,,,,,,,,,,,,,,,,,,,,,,the answer seems <mask> <mask> <mask> now,▁2 b ▁clear,3.0,1.3832407675599514e-12,27.306591987609863,9.102197329203287,to be right,0.0110150157677137,22.798096120357517,7.599365373452504,3.0,4.0,0.0,5.0,0.0,2.0
234,See you 2MORO at the meeting.,2 MORO,2 moro,is_multiword,0,2,2|3,1,5.6248931884765625,0,1.0,,,,,,,,,,,,,,,,,,,,,,,,,,,,,,,see you <mask> <mask> <mask> <mask> the meeting,▁2 mor o ▁at,4.0,9.692820535381065e-14,29.964805841445923,7.491201460361481,at the you at,0.0005726515808488,22.49957275390625,5.6248931884765625,2.0,3.0,0.0,5.0,0.0,2.0
235,Are you coming to the concert 2N8?,2 N,2 n,is_multiword,0,6,,1,,0,1.0,,,,,,,,,,,,,,,,,,,,,,,,,,,,,,,,,,,,,,,,,,,,,,
235,Are you coming to the concert 2N8?,2 N 8,2 n 8,is_multiword,0,6,,1,,0,1.0,,,,,,,,,,,,,,,,,,,,,,,,,,,,,,,,,,,,,,,,,,,,,,
235,Are you coming to the concert 2N8?,N 8,n 8,is_multiword,0,7,,1,,0,1.0,,,,,,,,,,,,,,,,,,,,,,,,,,,,,,,,,,,,,,,,,,,,,,
236,I’m free 2NTE if you want to hang out.,2 NTE,2 nte,is_multiword,0,2,2|3,1,7.847682860990365,0,1.0,,,,,,,,,,,,,,,,,,,,,,,,,,,,,,,i'm free <mask> <mask> <mask> you want to hang out,▁2 nte ▁if,3.0,2.7461847208675424e-12,26.62080854177475,8.87360284725825,to you if,0.0460623226702613,23.543048582971096,7.847682860990365,2.0,3.0,0.0,8.0,0.0,2.0
237,Can you give me the 411 on what happened?,411 on,411 on,is_multiword,0,5,5|6,1,6.50668199857076,0,1.0,,,,,,,,,,,,,,,,,,,,,,,,,,,,,,,can you give me the <mask> <mask> <mask> what happened,▁4 11 ▁on,3.0,3.272420201609371e-11,24.142906188964844,8.047635396321615,details to of,0.0098246554233895,19.52004599571228,6.50668199857076,5.0,6.0,0.0,8.0,0.0,2.0
243,You’ll be in my heart 4EAE.,4 EAE,4 eae,is_multiword,0,5,,1,,0,1.0,,,,,,,,,,,,,,,,,,,,,,,,,,,,,,,,,,,,,,,,,,,,,,
244,Friends 4EVA!,4 EVA,4 eva,is_multiword,0,1,,1,,0,1.0,,,,,,,,,,,,,,,,,,,,,,,,,,,,,,,,,,,,,,,,,,,,,,
246,I’m putting my old car 4SALE.,I’m putting,i'm putting,is_multiword,0,0,0|1,1,4.121504604816437,1,1.0,,,,,,,,,,,,,,,,,,,,,,,,,,,,,,,<mask> <mask> <mask> <mask> my old car 4sale,▁i ' m ▁putting,4.0,3.644440048168841e-12,26.33781838417053,6.584454596042633,I to to in,5.265233531513637e-05,16.486018419265747,4.121504604816437,0.0,1.0,0.0,5.0,0.0,2.0
246,I’m putting my old car 4SALE.,4 SALE,4 sale,is_multiword,0,5,,1,,0,1.0,,,,,,,,,,,,,,,,,,,,,,,,,,,,,,,,,,,,,,,,,,,,,,
266,"AAF, I did finish the report yesterday.",did finish,did finish,is_multiword,0,2,2|3,1,4.0645657777786255,1,1.0,,,,,,,,,,,,,,,,,,,,,,,,,,,,,,,aaf i <mask> <mask> the report yesterday,▁did ▁finish,2.0,5.413777043783429e-06,12.126563549041748,6.063281774520874,just read,0.0183627340131478,8.129131555557251,4.0645657777786255,2.0,3.0,0.0,6.0,0.0,2.0
310,"AFAIC, we’re good to go.",we’re good,we're good,is_multiword,0,1,1|2,1,4.676788359880447,0,1.0,,,,,,,,,,,,,,,,,,,,,,,,,,,,,,,afaic <mask> <mask> <mask> <mask> to go,▁we ' re ▁good,4.0,2.787800440136638e-12,26.60576820373535,6.651442050933838,. com is where,0.000371257463549,18.70715343952179,4.676788359880447,1.0,2.0,0.0,4.0,0.0,2.0
310,"AFAIC, we’re good to go.",we’re good to,we're good to,is_multiword,0,1,1|2|3,1,3.5148478746414185,0,1.0,,,,,,,,,,,,,,,,,,,,,,,,,,,,,,,afaic <mask> <mask> <mask> <mask> <mask> go,▁we ' re ▁good ▁to,5.0,1.522422127359092e-13,29.513303637504578,5.902660727500916,. . . s to,6.530256963027035e-06,17.574239373207092,3.5148478746414185,1.0,3.0,0.0,4.0,0.0,3.0
310,"AFAIC, we’re good to go.",we’re good to go,we're good to go,is_multiword,0,1,1|2|3|4,1,7.930640950798988,1,1.0,,,,,,,,,,,,,,,,,,,,,,,,,,,,,,,afaic <mask> <mask> <mask> <mask> <mask> <mask>,▁we ' re ▁good ▁to ▁go,6.0,2.214989672687997e-24,54.46679449081421,9.077799081802368,. . . . . </s>,0.0010251167340275,47.58384570479393,7.930640950798988,1.0,4.0,0.0,4.0,0.0,4.0
310,"AFAIC, we’re good to go.",good to,good to,is_multiword,0,2,2|3,1,1.747961163520813,0,1.0,,,,,,,,,,,,,,,,,,,,,,,,,,,,,,,afaic we're <mask> <mask> go,▁good ▁to,2.0,0.0089706984981417,4.713791735470295,2.3568958677351475,ready to,0.2958598523923403,3.495922327041626,1.747961163520813,2.0,3.0,0.0,4.0,0.0,2.0
310,"AFAIC, we’re good to go.",good to go,good to go,is_multiword,0,2,2|3|4,1,3.041989723841349,0,1.0,,,,,,,,,,,,,,,,,,,,,,,,,,,,,,,afaic we're <mask> <mask> <mask>,▁good ▁to ▁go,3.0,4.981143421926535e-08,16.815021276474,5.605007092158,here here </s>,0.0004578119237832,9.125969171524048,3.041989723841349,2.0,4.0,0.0,4.0,0.0,3.0
310,"AFAIC, we’re good to go.",to go,to go,is_multiword,0,3,3|4,1,3.2824917435646057,0,1.0,,,,,,,,,,,,,,,,,,,,,,,,,,,,,,,afaic we're good <mask> <mask>,▁to ▁go,2.0,5.10230984647736e-05,9.88323211669922,4.941616058349609,for </s>,0.036216204232685,6.564983487129211,3.2824917435646057,3.0,4.0,0.0,4.0,0.0,2.0
319,He’s got max AGI stats in the game.,He’s got,he's got,is_multiword,0,0,0|1,1,3.5427340269088745,1,1.0,,,,,,,,,,,,,,,,,,,,,,,,,,,,,,,<mask> <mask> <mask> <mask> max agi stats in the game,▁he ' s ▁got,4.0,1.581798513297193e-11,24.86987352371216,6.21746838092804, to the the,2.256890653387174e-05,14.170936107635498,3.5427340269088745,0.0,1.0,0.0,7.0,0.0,2.0
319,He’s got max AGI stats in the game.,He’s got max,he's got max,is_multiword,0,0,0|1|2,1,3.5747743129730223,0,1.0,,,,,,,,,,,,,,,,,,,,,,,,,,,,,,,<mask> <mask> <mask> <mask> <mask> agi stats in the game,▁he ' s ▁got ▁max,5.0,1.893173784317264e-14,31.597936630249023,6.319587326049804, to the the the,1.0957570481754872e-06,17.873871564865112,3.5747743129730223,0.0,2.0,0.0,7.0,0.0,3.0
319,He’s got max AGI stats in the game.,got max,got max,is_multiword,0,1,1|2,1,3.4484728574752808,0,1.0,,,,,,,,,,,,,,,,,,,,,,,,,,,,,,,he's <mask> <mask> agi stats in the game,▁got ▁max,2.0,8.050688152135375e-05,9.427167892456056,4.713583946228027,the best,0.0796413238094331,6.8969457149505615,3.4484728574752808,1.0,2.0,0.0,7.0,0.0,2.0
328,He’s AKA the best coder in the company.,He’s AKA,he's aka,is_multiword,0,0,0|1,1,3.542013168334961,0,1.0,,,,,,,,,,,,,,,,,,,,,,,,,,,,,,,<mask> <mask> <mask> <mask> the best coder in the company,▁he ' s ▁aka,4.0,3.39535927414662e-12,26.408611536026,6.6021528840065,The s s is,4.830508276115732e-06,14.168052673339844,3.542013168334961,0.0,1.0,0.0,7.0,0.0,2.0
348,I'll ARC these old files.,I'll ARC,i'll arc,is_multiword,0,0,0|1,1,5.938027799129486,0,1.0,,,,,,,,,,,,,,,,,,,,,,,,,,,,,,,<mask> <mask> <mask> <mask> these old files,▁i ' ll ▁arc,4.0,1.1672529352801169e-15,34.3841233253479,8.596030831336975,"   ,",2.413102674121523e-05,23.752111196517944,5.938027799129486,0.0,1.0,0.0,4.0,0.0,2.0
353,"Hey, A/S/L?",A S,a s,is_multiword,0,1,1|2,1,1.0019798278808594,0,1.0,,,,,,,,,,,,,,,,,,,,,,,,,,,,,,,hey <mask> <mask> l,▁a ▁s,2.0,0.0006580062744278,7.326296091079712,3.663148045539856,i l,0.0048813354668389,2.0039596557617188,1.0019798278808594,1.0,2.0,0.0,3.0,0.0,2.0
353,"Hey, A/S/L?",A S L,a s l,is_multiword,1,1,1|2|3,1,6.080211957295735,0,1.0,,,,,,,,,,,,,,,,,,,,,,,,,,,,,,,hey <mask> <mask> <mask>,▁a ▁s ▁l,3.0,7.904543667353138e-12,25.56358337402344,8.521194458007812,", , !",0.0006602133602123,18.240635871887207,6.080211957295735,1.0,3.0,0.0,3.0,0.0,3.0
353,"Hey, A/S/L?",S L,s l,is_multiword,0,2,2|3,1,6.549085140228272,1,1.0,,,,,,,,,,,,,,,,,,,,,,,,,,,,,,,hey a <mask> <mask>,▁s ▁l,2.0,1.801502220380496e-08,17.832059860229492,8.916029930114746,loha .,0.0087922064571163,13.098170280456545,6.549085140228272,2.0,3.0,0.0,3.0,0.0,2.0
375,"It’s all good now, AYW.",It’s all,it's all,is_multiword,0,0,0|1,1,1.3704928159713743,0,1.0,,,,,,,,,,,,,,,,,,,,,,,,,,,,,,,<mask> <mask> <mask> <mask> good now ayw,▁it ' s ▁all,4.0,1.2281921141826796e-08,18.215137481689453,4.553784370422363,"a w , so",2.9515909798009377e-06,5.481971263885498,1.3704928159713743,0.0,1.0,0.0,4.0,0.0,2.0
375,"It’s all good now, AYW.",It’s all good,it's all good,is_multiword,0,0,0|1|2,1,3.6617119312286377,1,1.0,,,,,,,,,,,,,,,,,,,,,,,,,,,,,,,<mask> <mask> <mask> <mask> <mask> now ayw,▁it ' s ▁all ▁good,5.0,8.03755202502816e-15,32.454651832580566,6.490930366516113,ay w w w w,7.185057156830158e-07,18.30855965614319,3.6617119312286377,0.0,2.0,0.0,4.0,0.0,3.0
375,"It’s all good now, AYW.",all good,all good,is_multiword,0,1,1|2,1,1.0251370668411257,0,1.0,,,,,,,,,,,,,,,,,,,,,,,,,,,,,,,it's <mask> <mask> now ayw,▁all ▁good,2.0,0.0003569479552685,7.937920570373535,3.968960285186768,all for,0.0027734966212625,2.050274133682251,1.0251370668411257,1.0,2.0,0.0,4.0,0.0,2.0
379,Just B yourself!,Just B,just b,is_multiword,0,0,0|1,1,7.097829759120941,0,1.0,,,,,,,,,,,,,,,,,,,,,,,,,,,,,,,<mask> <mask> yourself,▁just ▁b,2.0,1.0441927575370691e-08,18.377436637878414,9.188718318939207,Be for,0.015271344431738,14.195659518241882,7.097829759120941,0.0,1.0,0.0,2.0,0.0,2.0
386,My B/F is meeting me later.,B F,b f,is_multiword,1,1,1|2,1,8.069459915161133,0,1.0,,,,,,,,,,,,,,,,,,,,,,,,,,,,,,,my <mask> <mask> is meeting me later,▁b ▁f,2.0,1.6696268095596802e-09,20.210665702819824,10.105332851409912,best plan,0.0170475995759641,16.138919830322266,8.069459915161133,1.0,2.0,0.0,6.0,0.0,2.0
388,Let’s meet B4 the event.,B 4,b 4,is_multiword,0,2,2|3,1,5.997011780738831,0,1.0,,,,,,,,,,,,,,,,,,,,,,,,,,,,,,,let's meet <mask> <mask> <mask> event,▁b 4 ▁the,3.0,1.4942210703806367e-10,22.6242458820343,7.541415294011434,up for the,0.0097234912799839,17.99103534221649,5.997011780738831,2.0,3.0,0.0,4.0,0.0,2.0
408,"Gotta run, BBIAB!",Gotta run,gotta run,is_multiword,0,0,0|1,1,7.151438395182292,1,1.0,,,,,,,,,,,,,,,,,,,,,,,,,,,,,,,<mask> <mask> <mask> bbiab,▁gott a ▁run,3.0,2.1311067572062471e-13,29.17696475982666,9.72565491994222, : :,0.0004426861188926,21.454315185546875,7.151438395182292,0.0,1.0,0.0,2.0,0.0,2.0
410,"Hold on, BBIAM.",Hold on,hold on,is_multiword,0,0,0|1,1,6.163794338703156,0,1.0,,,,,,,,,,,,,,,,,,,,,,,,,,,,,,,<mask> <mask> bbiam,▁hold ▁on,2.0,1.4785840281208845e-08,18.029595851898197,9.014797925949097, :,0.0033392562564753,12.327588677406313,6.163794338703156,0.0,1.0,0.0,2.0,0.0,2.0
413,"Time for me to head out, BBN!",head out,head out,is_multiword,0,4,4|5,1,3.377542376518249,1,1.0,,,,,,,,,,,,,,,,,,,,,,,,,,,,,,,time for me to <mask> <mask> bbn,▁head ▁out,2.0,8.451161223089357e-06,11.681206703186035,5.840603351593018,play with,0.0072545824323289,6.755084753036499,3.377542376518249,4.0,5.0,0.0,6.0,0.0,2.0
418,I’m leaving early B/C I have an appointment.,B C,b c,is_multiword,1,3,3|4,1,7.8567198514938354,1,1.0,,,,,,,,,,,,,,,,,,,,,,,,,,,,,,,i'm leaving early <mask> <mask> i have an appointment,▁b ▁c,2.0,2.420754258202032e-09,19.839186668396,9.919593334197998,tomorrow but,0.0161514255249783,15.713439702987673,7.8567198514938354,3.0,4.0,0.0,8.0,0.0,2.0
420,"It was nice catching up, BCNU!",catching up,catching up,is_multiword,0,3,3|4,1,3.811996539433797,1,1.0,,,,,,,,,,,,,,,,,,,,,,,,,,,,,,,it was nice <mask> <mask> <mask> bcnu,▁catch ing ▁up,3.0,1.869977141171754e-09,20.097339630126957,6.699113210042317,to se i,0.0001731503939669,11.435989618301392,3.811996539433797,3.0,4.0,0.0,5.0,0.0,2.0
421,I’m heading home early BCOS I’m tired.,I’m heading,i'm heading,is_multiword,0,0,0|1,1,2.349253749847412,1,1.0,,,,,,,,,,,,,,,,,,,,,,,,,,,,,,,<mask> <mask> <mask> <mask> <mask> home early bcos i'm tired,▁i ' m ▁head ing,5.0,6.198405624158201e-10,21.20155882835388,4.240311765670777,i ' i ' come,7.827439036810235e-05,11.74626874923706,2.349253749847412,0.0,1.0,0.0,6.0,0.0,2.0
421,I’m heading home early BCOS I’m tired.,BCOS I’m,bcos i'm,is_multiword,0,4,4|5,1,3.484793996810913,0,1.0,,,,,,,,,,,,,,,,,,,,,,,,,,,,,,,i'm heading home early <mask> <mask> <mask> <mask> <mask> tired,▁b cos ▁i ' m,5.0,1.2085032932529148e-12,27.441638469696045,5.488327693939209,tomorrow i ' ' so,4.460482657418126e-05,17.423969984054565,3.484793996810913,4.0,5.0,0.0,6.0,0.0,2.0
444,"Running late, BHL8 tonight.",BHL 8,bhl 8,is_multiword,0,2,2|3,1,6.564036399126053,0,1.0,,,,,,,,,,,,,,,,,,,,,,,,,,,,,,,running late <mask> <mask> <mask> <mask>,▁bh l 8 ▁tonight,4.0,9.522244343415464e-17,36.89031600952149,9.222579002380373,in the . </s>,2.407900129082477e-05,26.25614559650421,6.564036399126053,2.0,3.0,0.0,3.0,0.0,2.0
449,"I’m so mad at him, he can BIH.",so mad,so mad,is_multiword,0,1,1|2,1,1.4179020524024963,0,1.0,,,,,,,,,,,,,,,,,,,,,,,,,,,,,,,i'm <mask> <mask> at him he can bih,▁so ▁mad,2.0,0.0011989386189378,6.726318597793579,3.3631592988967896,very looking,0.0204348297562604,2.8358041048049927,1.4179020524024963,1.0,2.0,0.0,7.0,0.0,2.0
449,"I’m so mad at him, he can BIH.",so mad at,so mad at,is_multiword,0,1,1|2|3,1,3.166623512903849,0,1.0,,,,,,,,,,,,,,,,,,,,,,,,,,,,,,,i'm <mask> <mask> <mask> him he can bih,▁so ▁mad ▁at,3.0,1.0525230140895549e-07,16.06690549850464,5.355635166168213,not to for,0.0014059599658455,9.499870538711548,3.166623512903849,1.0,3.0,0.0,7.0,0.0,3.0
449,"I’m so mad at him, he can BIH.",mad at,mad at,is_multiword,0,2,2|3,1,3.627677857875824,1,1.0,,,,,,,,,,,,,,,,,,,,,,,,,,,,,,,i'm so <mask> <mask> him he can bih,▁mad ▁at,2.0,4.593504596104645e-05,9.988282203674316,4.994141101837158,sorry for,0.065028705212162,7.255355715751648,3.627677857875824,2.0,3.0,0.0,7.0,0.0,2.0
450,I’m hanging out with my BIL this weekend.,hanging out,hanging out,is_multiword,0,1,1|2,1,4.276906490325928,1,1.0,,,,,,,,,,,,,,,,,,,,,,,,,,,,,,,i'm <mask> <mask> <mask> with my bil this weekend,▁hang ing ▁out,3.0,1.9062750855518397e-08,17.775529623031616,5.925176541010539,going to deal,0.0071202663036915,12.830719470977783,4.276906490325928,1.0,2.0,0.0,7.0,0.0,2.0
480,"Hold on, BRBB!",Hold on,hold on,is_multiword,0,0,0|1,1,5.919867336750031,0,1.0,,,,,,,,,,,,,,,,,,,,,,,,,,,,,,,<mask> <mask> brbb,▁hold ▁on,2.0,2.9149719659037405e-08,17.350820541381836,8.675410270690918, :,0.0040417162297062,11.83973467350006,5.919867336750031,0.0,1.0,0.0,2.0,0.0,2.0
482,I’m so BRD at work today.,I’m so,i'm so,is_multiword,0,0,0|1,1,2.6611894965171814,1,1.0,,,,,,,,,,,,,,,,,,,,,,,,,,,,,,,<mask> <mask> <mask> <mask> brd at work today,▁i ' m ▁so,4.0,1.39585507727639e-11,24.99492883682251,6.248732209205627, : d d,5.858682800228531e-07,10.644757986068726,2.6611894965171814,0.0,1.0,0.0,5.0,0.0,2.0
482,I’m so BRD at work today.,I’m so BRD,i'm so brd,is_multiword,0,0,0|1|2,1,3.956508676211039,0,1.0,,,,,,,,,,,,,,,,,,,,,,,,,,,,,,,<mask> <mask> <mask> <mask> <mask> <mask> at work today,▁i ' m ▁so ▁br d,6.0,1.975790617184613e-19,43.06814813613892,7.178024689356486, : :   s,4.031625957843119e-09,23.739052057266235,3.956508676211039,0.0,2.0,0.0,5.0,0.0,3.0
482,I’m so BRD at work today.,so BRD,so brd,is_multiword,0,1,1|2,1,4.389368851979573,0,1.0,,,,,,,,,,,,,,,,,,,,,,,,,,,,,,,i'm <mask> <mask> <mask> at work today,▁so ▁br d,3.0,6.751620612113468e-10,21.116068363189697,7.0386894543965655,working to busy,0.0003533816911127,13.16810655593872,4.389368851979573,1.0,2.0,0.0,5.0,0.0,2.0
486,My computer just hit me with the BSOD!,hit me,hit me,is_multiword,0,3,3|4,1,3.4540444016456604,1,1.0,,,,,,,,,,,,,,,,,,,,,,,,,,,,,,,my computer just <mask> <mask> with the bsod,▁hit ▁me,2.0,3.9880410464462655e-05,10.12962532043457,5.064812660217285,came up,0.0398937137691772,6.908088803291321,3.4540444016456604,3.0,4.0,0.0,7.0,0.0,2.0
495,That was a sick BURN during the debate!,sick BURN,sick burn,is_multiword,0,3,3|4,1,7.386798620223999,0,1.0,,,,,,,,,,,,,,,,,,,,,,,,,,,,,,,that was a <mask> <mask> during the debate,▁sick ▁burn,2.0,1.2900977825167915e-09,20.46854782104492,10.23427391052246,good question,0.0033629033676922,14.773597240447998,7.386798620223999,3.0,4.0,0.0,7.0,0.0,2.0
505,"I’ve got to run, C4N!",C 4,c 4,is_multiword,0,4,,1,,0,1.0,,,,,,,,,,,,,,,,,,,,,,,,,,,,,,,,,,,,,,,,,,,,,,
505,"I’ve got to run, C4N!",C 4 N,c 4 n,is_multiword,0,4,,1,,0,1.0,,,,,,,,,,,,,,,,,,,,,,,,,,,,,,,,,,,,,,,,,,,,,,
505,"I’ve got to run, C4N!",4 N,4 n,is_multiword,0,5,,1,,0,1.0,,,,,,,,,,,,,,,,,,,,,,,,,,,,,,,,,,,,,,,,,,,,,,
517,"Heading out now, CIAO!",Heading out,heading out,is_multiword,0,0,0|1,1,5.547520875930786,1,1.0,,,,,,,,,,,,,,,,,,,,,,,,,,,,,,,<mask> <mask> <mask> now ciao,▁head ing ▁out,3.0,1.7225064215693777e-11,24.784655570983887,8.261551856994629," , me",0.0002910274564471,16.64256262779236,5.547520875930786,0.0,1.0,0.0,3.0,0.0,2.0
534,I’ll C/P this to the other forum too.,C P,c p,is_multiword,1,1,1|2,1,8.801214098930359,1,1.0,,,,,,,,,,,,,,,,,,,,,,,,,,,,,,,i'll <mask> <mask> this to the other forum too,▁c ▁p,2.0,2.5689110142191744e-10,22.082368850708008,11.041184425354004,also add,0.0113340857804276,17.602428197860718,8.801214098930359,1.0,2.0,0.0,8.0,0.0,2.0
536,I’m trying to CR8 a new design.,CR 8,cr 8,is_multiword,0,3,3|4,1,5.040534814198812,0,1.0,,,,,,,,,,,,,,,,,,,,,,,,,,,,,,,i'm trying to <mask> <mask> <mask> new design,▁cr 8 ▁a,3.0,7.448064191123222e-10,21.01789677143097,7.00596559047699,make a a,0.0027496206319597,15.121604442596436,5.040534814198812,3.0,4.0,0.0,6.0,0.0,2.0
537,That concert was totally Cray!,totally Cray,totally cray,is_multiword,0,3,3|4,1,8.115787585576376,0,1.0,,,,,,,,,,,,,,,,,,,,,,,,,,,,,,,that concert was <mask> <mask> <mask>,▁totally ▁c ray,3.0,1.7242188660302081e-13,29.38883209228516,9.796277364095053,very good .,0.0064642431945227,24.34736275672913,8.115787585576376,3.0,4.0,0.0,4.0,0.0,2.0
556,"Take care, CU2 soon!",CU 2,cu 2,is_multiword,0,2,2|3,1,6.857984662055969,0,1.0,,,,,,,,,,,,,,,,,,,,,,,,,,,,,,,take care <mask> <mask> <mask>,▁cu 2 ▁soon,3.0,7.972022988079691e-13,27.857667922973636,9.285889307657875,of si .,0.0006866307192638,20.573953986167908,6.857984662055969,2.0,3.0,0.0,3.0,0.0,2.0
560,"Talk to you soon, CUL8R!",CUL 8,cul 8,is_multiword,0,4,,1,,0,1.0,,,,,,,,,,,,,,,,,,,,,,,,,,,,,,,,,,,,,,,,,,,,,,
560,"Talk to you soon, CUL8R!",CUL 8 R,cul 8 r,is_multiword,0,4,,1,,0,1.0,,,,,,,,,,,,,,,,,,,,,,,,,,,,,,,,,,,,,,,,,,,,,,
560,"Talk to you soon, CUL8R!",8 R,8 r,is_multiword,0,5,,1,,0,1.0,,,,,,,,,,,,,,,,,,,,,,,,,,,,,,,,,,,,,,,,,,,,,,
565,"I’m logging off, CWYL!",logging off,logging off,is_multiword,0,1,1|2,1,4.926526546478272,0,1.0,,,,,,,,,,,,,,,,,,,,,,,,,,,,,,,i'm <mask> <mask> <mask> cwyl,▁lo gging ▁off,3.0,9.659598560138036e-11,23.06048393249512,7.686827977498372,a ' i,0.0002533080317374,14.779579639434814,4.926526546478272,1.0,2.0,0.0,3.0,0.0,2.0
575,DAE feel like today’s been really long?,like today’s,like today's,is_multiword,0,2,2|3,1,2.369563043117523,0,1.0,,,,,,,,,,,,,,,,,,,,,,,,,,,,,,,dae feel <mask> <mask> <mask> <mask> been really long,▁like ▁today ' s,4.0,3.941953215273576e-07,14.746419310569763,3.686604827642441,"s , ' s",0.0051530467458389,9.478252172470093,2.369563043117523,2.0,3.0,0.0,6.0,0.0,2.0
575,DAE feel like today’s been really long?,like today’s been,like today's been,is_multiword,0,2,2|3|4,1,3.587397110462189,1,1.0,,,,,,,,,,,,,,,,,,,,,,,,,,,,,,,dae feel <mask> <mask> <mask> <mask> <mask> really long,▁like ▁today ' s ▁been,5.0,4.22343029192893e-13,28.49295854568481,5.698591709136963,"s , , , for",2.6037493699012026e-05,17.936985552310944,3.587397110462189,2.0,4.0,0.0,6.0,0.0,3.0
575,DAE feel like today’s been really long?,like today’s been really,like today's been really,is_multiword,0,2,2|3|4|5,1,2.906734565893809,0,1.0,,,,,,,,,,,,,,,,,,,,,,,,,,,,,,,dae feel <mask> <mask> <mask> <mask> <mask> <mask> long,▁like ▁today ' s ▁been ▁really,6.0,5.8591967502464536e-15,32.770763874053955,5.461793979008992,s the the the for too,2.198420553424241e-07,17.440407395362854,2.906734565893809,2.0,5.0,0.0,6.0,0.0,4.0
575,DAE feel like today’s been really long?,today’s been,today's been,is_multiword,0,3,3|4,1,3.270448714494705,0,1.0,,,,,,,,,,,,,,,,,,,,,,,,,,,,,,,dae feel like <mask> <mask> <mask> <mask> really long,▁today ' s ▁been,4.0,6.430877835498871e-11,23.46732497215271,5.8668312430381775,i  s for,3.08760389254835e-05,13.08179485797882,3.270448714494705,3.0,4.0,0.0,6.0,0.0,2.0
575,DAE feel like today’s been really long?,today’s been really,today's been really,is_multiword,0,3,3|4|5,1,2.6653350591659546,0,1.0,,,,,,,,,,,,,,,,,,,,,,,,,,,,,,,dae feel like <mask> <mask> <mask> <mask> <mask> long,▁today ' s ▁been ▁really,5.0,9.878032349312189e-12,25.340707778930664,5.0681415557861325,i ' been for too,6.058595907867949e-06,13.326675295829771,2.6653350591659546,3.0,5.0,0.0,6.0,0.0,3.0
575,DAE feel like today’s been really long?,been really,been really,is_multiword,0,4,4|5,1,1.838050842285156,0,1.0,,,,,,,,,,,,,,,,,,,,,,,,,,,,,,,dae feel like today's <mask> <mask> long,▁been ▁really,2.0,0.0005254723287396,7.551213026046753,3.775606513023377,day too,0.0207520271837185,3.676101684570313,1.838050842285156,4.0,5.0,0.0,6.0,0.0,2.0
581,I got DC’d from the server!,got DC’d,got dc'd,is_multiword,0,1,1|2,1,3.723700761795044,0,1.0,,,,,,,,,,,,,,,,,,,,,,,,,,,,,,,i <mask> <mask> <mask> <mask> <mask> from the server,▁got ▁d c ' d,5.0,6.222900399668231e-15,32.71054029464722,6.542108058929443,. d the the s,7.584139549413912e-07,18.61850380897522,3.723700761795044,1.0,2.0,0.0,5.0,0.0,2.0
585,"You walked right into that one, DEEZ NUTZ!",DEEZ NUTZ,deez nutz,is_multiword,1,6,6|7,1,6.522998809814453,0,1.0,,,,,,,,,,,,,,,,,,,,,,,,,,,,,,,you walked right into that one <mask> <mask> <mask> <mask>,▁de ez ▁nu tz,4.0,1.3880202348761511e-16,36.51348304748535,9.128370761871338,", the . .",2.9785531329110555e-05,26.09199523925781,6.522998809814453,6.0,7.0,0.0,7.0,0.0,2.0
591,He DGAF about what people think.,DGAF about,dgaf about,is_multiword,0,1,1|2,1,3.982527613639832,0,1.0,,,,,,,,,,,,,,,,,,,,,,,,,,,,,,,he <mask> <mask> <mask> <mask> what people think,▁d ga f ▁about,4.0,1.9537438319789134e-12,26.961273670196533,6.740318417549133,' s t about,1.6189248390828502e-05,15.930110454559326,3.982527613639832,1.0,2.0,0.0,5.0,0.0,2.0
602,DITYID about how stressful work has been?,DITYID about,dityid about,is_multiword,0,0,0|1,1,4.84739488363266,0,1.0,,,,,,,,,,,,,,,,,,,,,,,,,,,,,,,<mask> <mask> <mask> <mask> how stressful work has been,▁di ty id ▁about,4.0,7.673140274702826e-14,30.19846534729004,7.54961633682251,10 : s :,2.0219040211985723e-05,19.38957953453064,4.84739488363266,0.0,1.0,0.0,6.0,0.0,2.0
606,I’m waiting for the new game to D/L.,D L,d l,is_multiword,1,7,7|8,1,8.545124173164368,0,1.0,,,,,,,,,,,,,,,,,,,,,,,,,,,,,,,i'm waiting for the new game to <mask> <mask>,▁d ▁l,2.0,1.053031476106447e-09,20.671592712402344,10.335796356201172,be .,0.0278382482911054,17.090248346328735,8.545124173164368,7.0,8.0,0.0,8.0,0.0,2.0
612,It DM whether we go now or later.,It DM,it dm,is_multiword,0,0,0|1,1,4.383717934290568,0,1.0,,,,,,,,,,,,,,,,,,,,,,,,,,,,,,,<mask> <mask> <mask> whether we go now or later,▁it ▁d m,3.0,6.072973927263589e-10,21.222002506256104,7.074000835418701," to ,",0.0003125179334531,13.151153802871704,4.383717934290568,0.0,1.0,0.0,7.0,0.0,2.0
612,It DM whether we go now or later.,It DM whether,it dm whether,is_multiword,0,0,0|1|2,1,3.753798574209213,0,1.0,,,,,,,,,,,,,,,,,,,,,,,,,,,,,,,<mask> <mask> <mask> <mask> we go now or later,▁it ▁d m ▁whether,4.0,1.3529091314088226e-11,25.02617883682251,6.256544709205627," : : ,",4.490396139778644e-05,15.015194296836851,3.753798574209213,0.0,2.0,0.0,7.0,0.0,3.0
612,It DM whether we go now or later.,DM whether,dm whether,is_multiword,0,1,1|2,1,4.952220956484477,0,1.0,,,,,,,,,,,,,,,,,,,,,,,,,,,,,,,it <mask> <mask> <mask> we go now or later,▁d m ▁whether,3.0,1.516808920200566e-08,18.00407201051712,6.00135733683904,depend s whether,0.0429632946306855,14.85666286945343,4.952220956484477,1.0,2.0,0.0,7.0,0.0,2.0
618,I’m DN to hang out later.,I’m DN,i'm dn,is_multiword,0,0,0|1,1,4.164844512939453,0,1.0,,,,,,,,,,,,,,,,,,,,,,,,,,,,,,,<mask> <mask> <mask> <mask> <mask> to hang out later,▁i ' m ▁d n,5.0,7.556446648568763e-16,34.818960428237915,6.963792085647583,</s> : you you places,8.359158694619125e-07,20.824222564697266,4.164844512939453,0.0,1.0,0.0,5.0,0.0,2.0
618,I’m DN to hang out later.,hang out,hang out,is_multiword,0,3,3|4,1,3.8908557891845694,0,1.0,,,,,,,,,,,,,,,,,,,,,,,,,,,,,,,i'm dn to <mask> <mask> later,▁hang ▁out,2.0,4.333657508116641e-06,12.349098682403564,6.174549341201782,see you,0.0103850593776496,7.781711578369141,3.8908557891845694,3.0,4.0,0.0,5.0,0.0,2.0
622,"What’s up, d00d?",d 00,d 00,is_multiword,0,2,,1,,0,1.0,,,,,,,,,,,,,,,,,,,,,,,,,,,,,,,,,,,,,,,,,,,,,,
622,"What’s up, d00d?",d 00 d,d 00 d,is_multiword,0,2,,1,,0,1.0,,,,,,,,,,,,,,,,,,,,,,,,,,,,,,,,,,,,,,,,,,,,,,
622,"What’s up, d00d?",00 d,00 d,is_multiword,0,3,,1,,0,1.0,,,,,,,,,,,,,,,,,,,,,,,,,,,,,,,,,,,,,,,,,,,,,,
637,Let’s not DV8 from the original plan.,DV 8,dv 8,is_multiword,0,2,2|3,1,6.139161199331284,0,1.0,,,,,,,,,,,,,,,,,,,,,,,,,,,,,,,let's not <mask> <mask> <mask> <mask> the original plan,▁d v 8 ▁from,4.0,4.5971263041195126e-15,33.01334500312805,8.253336250782013,forget the to of,0.0002124720291478,24.55664479732513,6.139161199331284,2.0,3.0,0.0,6.0,0.0,2.0
648,"Watch out, E approaching from the left!",Watch out,watch out,is_multiword,0,0,0|1,1,5.6902159452438354,0,1.0,,,,,,,,,,,,,,,,,,,,,,,,,,,,,,,<mask> <mask> e approaching from the left,▁watch ▁out,2.0,1.679961565989595e-08,17.901909828186035,8.950954914093018, :,0.0014714927199076,11.380431890487673,5.6902159452438354,0.0,1.0,0.0,6.0,0.0,2.0
649,E1 needs to be ready by 5 PM.,E 1,e 1,is_multiword,0,0,0|1,1,3.9470252990722656,0,1.0,,,,,,,,,,,,,,,,,,,,,,,,,,,,,,,<mask> <mask> <mask> to be ready by 5 pm,▁e 1 ▁needs,3.0,1.7470456487310026e-08,17.862754583358765,5.954251527786255,All s need,0.0024255943638199,11.841075897216797,3.9470252990722656,0.0,1.0,0.0,7.0,0.0,2.0
651,"After hearing the good news, I had an E2EG.",E 2,e 2,is_multiword,0,8,,1,,0,1.0,,,,,,,,,,,,,,,,,,,,,,,,,,,,,,,,,,,,,,,,,,,,,,
651,"After hearing the good news, I had an E2EG.",E 2 EG,e 2 eg,is_multiword,0,8,,1,,0,1.0,,,,,,,,,,,,,,,,,,,,,,,,,,,,,,,,,,,,,,,,,,,,,,
651,"After hearing the good news, I had an E2EG.",2 EG,2 eg,is_multiword,0,9,,1,,0,1.0,,,,,,,,,,,,,,,,,,,,,,,,,,,,,,,,,,,,,,,,,,,,,,
659,Can you ELI5 how blockchain works?,ELI 5,eli 5,is_multiword,0,2,2|3,1,6.690692742665608,0,1.0,,,,,,,,,,,,,,,,,,,,,,,,,,,,,,,can you <mask> <mask> <mask> blockchain works,▁eli 5 ▁how,3.0,2.3929324692528827e-11,24.455916434526443,8.151972144842148,"tell , how",0.0124773758506267,20.072078227996823,6.690692742665608,2.0,3.0,0.0,5.0,0.0,2.0
675,He’s into ERP in online games.,He’s into,he's into,is_multiword,0,0,0|1,1,4.486361443996429,0,1.0,,,,,,,,,,,,,,,,,,,,,,,,,,,,,,,<mask> <mask> <mask> <mask> erp in online games,▁he ' s ▁into,4.0,5.943766004377259e-14,30.453848361968998,7.613462090492248, :  p,3.695470837957056e-06,17.945445775985718,4.486361443996429,0.0,1.0,0.0,5.0,0.0,2.0
676,ERS2? I can’t believe that happened!,ERS 2,ers 2,is_multiword,0,0,0|1,1,3.772382766008377,1,1.0,,,,,,,,,,,,,,,,,,,,,,,,,,,,,,,<mask> <mask> <mask> <mask> can't believe that happened,▁er s 2 ▁i,4.0,7.931130847288349e-12,25.56022548675537,6.390056371688843,"The s , I",2.835536163563649e-05,15.089531064033508,3.772382766008377,0.0,1.0,0.0,5.0,0.0,2.0
679,What’s your ETA? The meeting starts soon.,starts soon,starts soon,is_multiword,0,5,5|6,1,4.378355741500855,0,1.0,,,,,,,,,,,,,,,,,,,,,,,,,,,,,,,what's your eta the meeting <mask> <mask> <mask>,▁start s ▁soon,3.0,4.582701859876503e-09,19.200977087020878,6.400325695673625,s s ?,0.0023206455852292,13.135067224502563,4.378355741500855,5.0,6.0,0.0,6.0,0.0,2.0
688,The instructions were super EZY to follow.,super EZY,super ezy,is_multiword,0,3,3|4,1,6.983943849802017,0,1.0,,,,,,,,,,,,,,,,,,,,,,,,,,,,,,,the instructions were <mask> <mask> <mask> to follow,▁super ▁ez y,3.0,5.625116220195889e-12,25.90377950668335,8.63459316889445,clearly and easy,0.0070696241814892,20.95183154940605,6.983943849802017,3.0,4.0,0.0,6.0,0.0,2.0
690,Let’s meet F2F to discuss the details.,F 2,f 2,is_multiword,0,2,2|3,1,5.623973786830902,0,1.0,,,,,,,,,,,,,,,,,,,,,,,,,,,,,,,let's meet <mask> <mask> <mask> <mask> discuss the details,▁f 2 f ▁to,4.0,1.9922604565071127e-13,29.2443363070488,7.311084076762199,up and and and,0.0011727062584493,22.49589514732361,5.623973786830902,2.0,3.0,0.0,6.0,0.0,2.0
690,Let’s meet F2F to discuss the details.,F 2 F,f 2 f,is_multiword,0,2,2|3|4,1,5.722509729862213,0,1.0,,,,,,,,,,,,,,,,,,,,,,,,,,,,,,,let's meet <mask> <mask> <mask> <mask> <mask> the details,▁f 2 f ▁to ▁discuss,5.0,3.59217712108487e-17,37.86518812179565,7.573037624359131,up and . to for,9.58583025020124e-05,28.612548649311066,5.722509729862213,2.0,4.0,0.0,6.0,0.0,3.0
690,Let’s meet F2F to discuss the details.,2 F,2 f,is_multiword,0,3,3|4,1,3.196273803710937,1,1.0,,,,,,,,,,,,,,,,,,,,,,,,,,,,,,,let's meet f2f <mask> <mask> the details,▁to ▁discuss,2.0,0.0001920866891705,8.557563781738281,4.278781890869141,to all,0.1147480786105386,6.392547607421875,3.196273803710937,3.0,4.0,0.0,6.0,0.0,2.0
691,"That new game is F2P, so everyone can try it.",F 2,f 2,is_multiword,0,4,4|5,1,3.666322529315949,0,1.0,,,,,,,,,,,,,,,,,,,,,,,,,,,,,,,that new game is <mask> <mask> <mask> <mask> everyone can try it,▁f 2 p ▁so,4.0,2.7796576888717856e-11,24.306108236312863,6.0765270590782166,"very , , so",6.501983901324386e-05,14.665290117263794,3.666322529315949,4.0,5.0,0.0,9.0,0.0,2.0
691,"That new game is F2P, so everyone can try it.",F 2 P,f 2 p,is_multiword,0,4,4|5|6,1,4.036940109729767,0,1.0,,,,,,,,,,,,,,,,,,,,,,,,,,,,,,,that new game is <mask> <mask> <mask> <mask> <mask> can try it,▁f 2 p ▁so ▁everyone,5.0,4.254482620433004e-14,30.788218140602112,6.157643628120423,"very , , so you",2.4828519344118366e-05,20.184700548648834,4.036940109729767,4.0,6.0,0.0,9.0,0.0,3.0
691,"That new game is F2P, so everyone can try it.",2 P,2 p,is_multiword,0,5,5|6,1,2.4284669160842896,0,1.0,,,,,,,,,,,,,,,,,,,,,,,,,,,,,,,that new game is f2p <mask> <mask> can try it,▁so ▁everyone,2.0,0.0017099927869528,6.37126612663269,3.185633063316345,so you,0.2199550009991421,4.856933832168579,2.4284669160842896,5.0,6.0,0.0,9.0,0.0,2.0
692,I’ll F4F if you’re interested!,F 4,f 4,is_multiword,0,1,1|2,1,5.297370821237564,0,1.0,,,,,,,,,,,,,,,,,,,,,,,,,,,,,,,i'll <mask> <mask> <mask> <mask> you're interested,▁f 4 f ▁if,4.0,1.4507856605380197e-12,27.25891587138176,6.81472896784544,send you you if,0.0023124849737618,21.189483284950256,5.297370821237564,1.0,2.0,0.0,4.0,0.0,2.0
692,I’ll F4F if you’re interested!,F 4 F,f 4 f,is_multiword,0,1,1|2|3,1,3.568219917161124,0,1.0,,,,,,,,,,,,,,,,,,,,,,,,,,,,,,,i'll <mask> <mask> <mask> <mask> <mask> <mask> <mask> interested,▁f 4 f ▁if ▁you ' re,7.0,2.963791194850517e-16,35.754892230033875,5.107841747147696,ask to you if if ' be,2.086676596344704e-05,24.97753942012787,3.568219917161124,1.0,3.0,0.0,4.0,0.0,3.0
692,I’ll F4F if you’re interested!,4 F,4 f,is_multiword,0,2,2|3,1,1.4263487458229065,1,1.0,,,,,,,,,,,,,,,,,,,,,,,,,,,,,,,i'll f4f <mask> <mask> <mask> <mask> interested,▁if ▁you ' re,4.0,1.2600741666523273e-06,13.58433997631073,3.3960849940776825,4 i ' be,0.0003786323058661,5.705394983291626,1.4263487458229065,2.0,3.0,0.0,4.0,0.0,2.0
693,I’ve been working for hours and I’m FAAK right now.,I’m FAAK,i'm faak,is_multiword,0,6,6|7,1,3.1082894802093506,0,1.0,,,,,,,,,,,,,,,,,,,,,,,,,,,,,,,i've been working for hours and <mask> <mask> <mask> <mask> <mask> right now,▁i ' m ▁fa ak,5.0,3.4606996779051498e-12,26.3895503282547,5.27791006565094,i ' to to work,1.9441454783146515e-05,15.541447401046751,3.1082894802093506,6.0,7.0,0.0,9.0,0.0,2.0
693,I’ve been working for hours and I’m FAAK right now.,I’m FAAK right,i'm faak right,is_multiword,0,6,6|7|8,1,2.579591711362203,0,1.0,,,,,,,,,,,,,,,,,,,,,,,,,,,,,,,i've been working for hours and <mask> <mask> <mask> <mask> <mask> <mask> now,▁i ' m ▁fa ak ▁right,6.0,7.481023857034744e-14,30.22382164001465,5.037303606669108,i ' to to for right,3.94253642595805e-07,15.477550268173218,2.579591711362203,6.0,8.0,0.0,9.0,0.0,3.0
693,I’ve been working for hours and I’m FAAK right now.,FAAK right,faak right,is_multiword,0,7,7|8,1,4.104540665944417,0,1.0,,,,,,,,,,,,,,,,,,,,,,,,,,,,,,,i've been working for hours and i'm <mask> <mask> <mask> now,▁fa ak ▁right,3.0,6.270396434336155e-09,18.887426257133484,6.295808752377828,working a right,0.0013964747421222,12.313621997833252,4.104540665944417,7.0,8.0,0.0,9.0,0.0,2.0
698,Check out the FAQ before you ask any questions.,you ask,you ask,is_multiword,0,5,5|6,1,1.1011429131031036,0,1.0,,,,,,,,,,,,,,,,,,,,,,,,,,,,,,,check out the faq before <mask> <mask> any questions,▁you ▁ask,2.0,0.06246918500224,2.773081883788109,1.3865409418940544,you have,0.5650754270276684,2.2022858262062077,1.1011429131031036,5.0,6.0,0.0,8.0,0.0,2.0
710,"I’ve got an FC today, can’t take any more meetings.",I’ve got,i've got,is_multiword,0,0,0|1,1,3.4652227759361267,0,1.0,,,,,,,,,,,,,,,,,,,,,,,,,,,,,,,<mask> <mask> <mask> <mask> an fc today can't take any more meetings,▁i ' ve ▁got,4.0,8.459332009775003e-12,25.49575090408325,6.373937726020813, : s s,8.852064933524053e-06,13.860891103744509,3.4652227759361267,0.0,1.0,0.0,9.0,0.0,2.0
710,"I’ve got an FC today, can’t take any more meetings.",I’ve got an,i've got an,is_multiword,0,0,0|1|2,1,5.197936058044434,1,1.0,,,,,,,,,,,,,,,,,,,,,,,,,,,,,,,<mask> <mask> <mask> <mask> <mask> fc today can't take any more meetings,▁i ' ve ▁got ▁an,5.0,1.0888520205220403e-17,39.05882263183594,7.811764526367187,</s> : : : s,2.109325475138984e-06,25.989680290222168,5.197936058044434,0.0,2.0,0.0,9.0,0.0,3.0
710,"I’ve got an FC today, can’t take any more meetings.",got an,got an,is_multiword,0,1,1|2,1,3.360700488090515,0,1.0,,,,,,,,,,,,,,,,,,,,,,,,,,,,,,,i've <mask> <mask> fc today can't take any more meetings,▁got ▁an,2.0,4.449861766359899e-05,10.020052433013916,5.010026216506958,left to,0.0369329394969874,6.72140097618103,3.360700488090515,1.0,2.0,0.0,9.0,0.0,2.0
710,"I’ve got an FC today, can’t take any more meetings.",can’t take,can't take,is_multiword,0,5,5|6,1,4.348190277814865,1,1.0,,,,,,,,,,,,,,,,,,,,,,,,,,,,,,,i've got an fc today <mask> <mask> <mask> <mask> any more meetings,▁can ' t ▁take,4.0,8.643637678303047e-11,23.17161250114441,5.792903125286102,i i ' have,0.0030922651762566,17.39276111125946,4.348190277814865,5.0,6.0,0.0,9.0,0.0,2.0
746,I’ll FW you the email.,I’ll FW,i'll fw,is_multiword,0,0,0|1,1,4.681057047843933,0,1.0,,,,,,,,,,,,,,,,,,,,,,,,,,,,,,,<mask> <mask> <mask> <mask> <mask> you the email,▁i ' ll ▁f w,5.0,2.0924434024972946e-16,36.10302901268005,7.220605802536011,This s s will send,3.05801736030615e-06,23.405285239219666,4.681057047843933,0.0,1.0,0.0,4.0,0.0,2.0
758,My G/F is meeting me after work.,G F,g f,is_multiword,1,1,1|2,1,7.344863831996918,0,1.0,,,,,,,,,,,,,,,,,,,,,,,,,,,,,,,my <mask> <mask> is meeting me after work,▁g ▁f,2.0,1.7353807416132562e-08,17.86945390701294,8.93472695350647,best job,0.0415970410429844,14.689727663993835,7.344863831996918,1.0,2.0,0.0,7.0,0.0,2.0
758,My G/F is meeting me after work.,G F is,g f is,is_multiword,0,1,1|2|3,1,3.788068215052287,0,1.0,,,,,,,,,,,,,,,,,,,,,,,,,,,,,,,my <mask> <mask> <mask> meeting me after work,▁g ▁f ▁is,3.0,3.473542872645437e-09,19.47809076309204,6.492696921030681,best s s,0.0002993532876766,11.36420464515686,3.788068215052287,1.0,3.0,0.0,7.0,0.0,3.0
758,My G/F is meeting me after work.,G F is meeting,g f is meeting,is_multiword,0,1,1|2|3|4,1,4.700442731380463,0,1.0,,,,,,,,,,,,,,,,,,,,,,,,,,,,,,,my <mask> <mask> <mask> <mask> me after work,▁g ▁f ▁is ▁meeting,4.0,1.2664522244997586e-13,29.697386741638184,7.424346685409546,best s s for,1.8539335940800504e-05,18.80177092552185,4.700442731380463,1.0,4.0,0.0,7.0,0.0,4.0
758,My G/F is meeting me after work.,F is,f is,is_multiword,0,2,2|3,1,5.141013894230127,0,1.0,,,,,,,,,,,,,,,,,,,,,,,,,,,,,,,my g <mask> <mask> meeting me after work,▁f ▁is,2.0,3.3784025573025983e-06,12.59810757637024,6.29905378818512,f is,0.0986595950278299,10.282027788460256,5.141013894230127,2.0,3.0,0.0,7.0,0.0,2.0
758,My G/F is meeting me after work.,F is meeting,f is meeting,is_multiword,0,2,2|3|4,1,6.199236661195755,0,1.0,,,,,,,,,,,,,,,,,,,,,,,,,,,,,,,my g <mask> <mask> <mask> me after work,▁f ▁is ▁meeting,3.0,2.346594281712779e-10,22.17288589477539,7.39096196492513,f s s,0.0280104979808277,18.597709983587265,6.199236661195755,2.0,4.0,0.0,7.0,0.0,3.0
758,My G/F is meeting me after work.,is meeting,is meeting,is_multiword,0,3,3|4,1,5.508583128452301,1,1.0,,,,,,,,,,,,,,,,,,,,,,,,,,,,,,,my g f <mask> <mask> me after work,▁is ▁meeting,2.0,1.752141847374077e-07,15.557256698608398,7.778628349304199,g s,0.0106724412761002,11.017166256904602,5.508583128452301,3.0,4.0,0.0,7.0,0.0,2.0
759,"It’s been so long, G2CU!",2 CU,2 cu,is_multiword,0,5,,1,,0,1.0,,,,,,,,,,,,,,,,,,,,,,,,,,,,,,,,,,,,,,,,,,,,,,
760,"I’m late for my meeting, G2G.",G 2,g 2,is_multiword,0,5,,1,,0,1.0,,,,,,,,,,,,,,,,,,,,,,,,,,,,,,,,,,,,,,,,,,,,,,
760,"I’m late for my meeting, G2G.",G 2 G,g 2 g,is_multiword,0,5,,1,,0,1.0,,,,,,,,,,,,,,,,,,,,,,,,,,,,,,,,,,,,,,,,,,,,,,
760,"I’m late for my meeting, G2G.",2 G,2 g,is_multiword,0,6,,1,,0,1.0,,,,,,,,,,,,,,,,,,,,,,,,,,,,,,,,,,,,,,,,,,,,,,
761,"Can’t stay long, G2GICYAL8ER!",G 2,g 2,is_multiword,0,3,,1,,0,1.0,,,,,,,,,,,,,,,,,,,,,,,,,,,,,,,,,,,,,,,,,,,,,,
761,"Can’t stay long, G2GICYAL8ER!",G 2 GICYAL,g 2 gicyal,is_multiword,0,3,,1,,0,1.0,,,,,,,,,,,,,,,,,,,,,,,,,,,,,,,,,,,,,,,,,,,,,,
761,"Can’t stay long, G2GICYAL8ER!",G 2 GICYAL 8,g 2 gicyal 8,is_multiword,0,3,,1,,0,1.0,,,,,,,,,,,,,,,,,,,,,,,,,,,,,,,,,,,,,,,,,,,,,,
761,"Can’t stay long, G2GICYAL8ER!",G 2 GICYAL 8 ER,g 2 gicyal 8 er,is_multiword,0,3,,1,,0,1.0,,,,,,,,,,,,,,,,,,,,,,,,,,,,,,,,,,,,,,,,,,,,,,
761,"Can’t stay long, G2GICYAL8ER!",2 GICYAL,2 gicyal,is_multiword,0,4,,1,,0,1.0,,,,,,,,,,,,,,,,,,,,,,,,,,,,,,,,,,,,,,,,,,,,,,
761,"Can’t stay long, G2GICYAL8ER!",2 GICYAL 8,2 gicyal 8,is_multiword,0,4,,1,,0,1.0,,,,,,,,,,,,,,,,,,,,,,,,,,,,,,,,,,,,,,,,,,,,,,
761,"Can’t stay long, G2GICYAL8ER!",2 GICYAL 8 ER,2 gicyal 8 er,is_multiword,0,4,,1,,0,1.0,,,,,,,,,,,,,,,,,,,,,,,,,,,,,,,,,,,,,,,,,,,,,,
761,"Can’t stay long, G2GICYAL8ER!",GICYAL 8,gicyal 8,is_multiword,0,5,,1,,0,1.0,,,,,,,,,,,,,,,,,,,,,,,,,,,,,,,,,,,,,,,,,,,,,,
761,"Can’t stay long, G2GICYAL8ER!",GICYAL 8 ER,gicyal 8 er,is_multiword,0,5,,1,,0,1.0,,,,,,,,,,,,,,,,,,,,,,,,,,,,,,,,,,,,,,,,,,,,,,
761,"Can’t stay long, G2GICYAL8ER!",8 ER,8 er,is_multiword,0,6,,1,,0,1.0,,,,,,,,,,,,,,,,,,,,,,,,,,,,,,,,,,,,,,,,,,,,,,
762,"Sorry, G2R! I’ll text you later.",G 2,g 2,is_multiword,0,1,1|2,1,5.210269292195638,0,1.0,,,,,,,,,,,,,,,,,,,,,,,,,,,,,,,sorry <mask> <mask> <mask> <mask> <mask> <mask> text you later,▁g 2 r ▁i ' ll,6.0,2.424520679087801e-18,40.56089782714844,6.760149637858073,", you , , we will",9.14898908797793e-05,31.261615753173828,5.210269292195638,1.0,2.0,0.0,5.0,0.0,2.0
762,"Sorry, G2R! I’ll text you later.",G 2 R,g 2 r,is_multiword,0,1,1|2|3,1,6.192570724657604,0,1.0,,,,,,,,,,,,,,,,,,,,,,,,,,,,,,,sorry <mask> <mask> <mask> <mask> <mask> <mask> <mask> you later,▁g 2 r ▁i ' ll ▁text,7.0,1.2780439670704971e-24,55.016711473464966,7.859530210494995,", you you , we we see",8.55738075789021e-06,43.347995072603226,6.192570724657604,1.0,3.0,0.0,5.0,0.0,3.0
762,"Sorry, G2R! I’ll text you later.",2 R,2 r,is_multiword,0,2,2|3,1,4.530697822570801,1,1.0,,,,,,,,,,,,,,,,,,,,,,,,,,,,,,,sorry g2r <mask> <mask> <mask> <mask> you later,▁i ' ll ▁text,4.0,1.6603877312573987e-10,22.51879978179932,5.629699945449829,", sorry , see",0.012326442941856,18.122791290283203,4.530697822570801,2.0,3.0,0.0,5.0,0.0,2.0
771,"GAS, how’s everyone doing today?",how’s everyone,how's everyone,is_multiword,0,1,1|2,1,4.602920517325401,1,1.0,,,,,,,,,,,,,,,,,,,,,,,,,,,,,,,gas <mask> <mask> <mask> <mask> doing today,▁how ' s ▁everyone,4.0,2.3420110206944628e-11,24.477426052093502,6.1193565130233765,: what you you,0.0023210305652133,18.411682069301605,4.602920517325401,1.0,2.0,0.0,4.0,0.0,2.0
771,"GAS, how’s everyone doing today?",how’s everyone doing,how's everyone doing,is_multiword,0,1,1|2|3,1,4.310845899581909,0,1.0,,,,,,,,,,,,,,,,,,,,,,,,,,,,,,,gas <mask> <mask> <mask> <mask> <mask> today,▁how ' s ▁everyone ▁doing,5.0,1.5203248460045752e-17,38.72502255439758,7.745004510879516,prices s s the s,3.4899509702068784e-08,21.554229497909542,4.310845899581909,1.0,3.0,0.0,4.0,0.0,3.0
771,"GAS, how’s everyone doing today?",everyone doing,everyone doing,is_multiword,0,2,2|3,1,3.444314956665039,0,1.0,,,,,,,,,,,,,,,,,,,,,,,,,,,,,,,gas how's <mask> <mask> today,▁everyone ▁doing,2.0,1.4893305354196562e-05,11.114598751068115,5.557299375534058,your on,0.01461117199519,6.888629913330078,3.444314956665039,2.0,3.0,0.0,4.0,0.0,2.0
772,"I’ve got to head out, GB!",head out,head out,is_multiword,0,3,3|4,1,6.1281280517578125,0,1.0,,,,,,,,,,,,,,,,,,,,,,,,,,,,,,,i've got to <mask> <mask> gb,▁head ▁out,2.0,5.187918126358933e-08,16.774348258972168,8.387174129486084,buy 1,0.0109098180628725,12.256256103515623,6.1281280517578125,3.0,4.0,0.0,5.0,0.0,2.0
785,"That was fun, GGE1!",GGE 1,gge 1,is_multiword,0,3,,1,,0,1.0,,,,,,,,,,,,,,,,,,,,,,,,,,,,,,,,,,,,,,,,,,,,,,
786,"GGU2, that was close!",GGU 2,ggu 2,is_multiword,0,0,0|1,1,6.372677683830261,0,1.0,,,,,,,,,,,,,,,,,,,,,,,,,,,,,,,<mask> <mask> <mask> <mask> was close,▁g gu 2 ▁that,4.0,1.1071249849279007e-16,36.73959493637085,9.184898734092712,The the the it,1.3021819283237572e-05,25.490710735321045,6.372677683830261,0.0,1.0,0.0,3.0,0.0,2.0
799,GL/HF before the match!,GL HF,gl hf,is_multiword,1,0,0|1,1,9.087812423706056,1,1.0,,,,,,,,,,,,,,,,,,,,,,,,,,,,,,,<mask> <mask> <mask> before the match,▁gl ▁h f,3.0,6.784184799843588e-16,34.926767349243164,11.642255783081056,The the s,0.0004697405306615,27.263437271118164,9.087812423706056,0.0,1.0,0.0,4.0,0.0,2.0
805,Your idea GMV for sure.,for sure,for sure,is_multiword,0,3,3|4,1,6.229556918144226,1,1.0,,,,,,,,,,,,,,,,,,,,,,,,,,,,,,,your idea gmv <mask> <mask>,▁for ▁sure,2.0,5.0141594886035634e-08,16.808414936065674,8.404207468032837,sex </s>,0.0129158363076428,12.459113836288452,6.229556918144226,3.0,4.0,0.0,4.0,0.0,2.0
808,"GNE1, sleep well!",GNE 1,gne 1,is_multiword,0,0,0|1,1,5.594428062438965,0,1.0,,,,,,,,,,,,,,,,,,,,,,,,,,,,,,,<mask> <mask> <mask> <mask> well,▁ gne 1 ▁sleep,4.0,2.749760198216068e-15,33.527262687683105,8.381815671920776,"You , , as",1.4381751126773767e-05,22.37771224975586,5.594428062438965,0.0,1.0,0.0,2.0,0.0,2.0
809,"I’m logging off, GNIGHT!",logging off,logging off,is_multiword,0,1,1|2,1,4.797829945882161,0,1.0,,,,,,,,,,,,,,,,,,,,,,,,,,,,,,,i'm <mask> <mask> <mask> gnight,▁lo gging ▁off,3.0,2.317185190653941e-10,22.185497760772705,7.395165920257568,a to with,0.0004130227329208,14.393489837646484,4.797829945882161,1.0,2.0,0.0,3.0,0.0,2.0
817,That movie was GR8!,GR 8,gr 8,is_multiword,0,3,,1,,0,1.0,,,,,,,,,,,,,,,,,,,,,,,,,,,,,,,,,,,,,,,,,,,,,,
835,I H8 waking up early.,H 8,h 8,is_multiword,0,1,1|2,1,6.443332731723785,0,1.0,,,,,,,,,,,,,,,,,,,,,,,,,,,,,,,i <mask> <mask> <mask> <mask> up early,▁h 8 ▁wa king,4.0,9.802047967618571e-15,32.25618505477905,8.064046263694763,' to to wake,0.0015294392288028,25.77333092689514,6.443332731723785,1.0,2.0,0.0,4.0,0.0,2.0
837,"Talk to you later, HAG1!",HAG 1,hag 1,is_multiword,0,4,,1,,0,1.0,,,,,,,,,,,,,,,,,,,,,,,,,,,,,,,,,,,,,,,,,,,,,,
838,Sending lots of HAK to you!,Sending lots,sending lots,is_multiword,0,0,0|1,1,9.145100593566896,1,1.0,,,,,,,,,,,,,,,,,,,,,,,,,,,,,,,<mask> <mask> of hak to you,▁sending ▁lots,2.0,2.9000000150230307e-11,24.26372528076172,12.13186264038086, e,0.0025452558753321,18.29020118713379,9.145100593566896,0.0,1.0,0.0,5.0,0.0,2.0
839,"I can’t figure this out, HALP!",can’t figure,can't figure,is_multiword,0,1,1|2,1,1.9551124423742292,0,1.0,,,,,,,,,,,,,,,,,,,,,,,,,,,,,,,i <mask> <mask> <mask> <mask> this out halp,▁can ' t ▁figure,4.0,3.4679128810318705e-07,14.874542713165283,3.718635678291321,' like to check,0.0008638659569039,7.820449769496918,1.9551124423742292,1.0,2.0,0.0,5.0,0.0,2.0
842,"I had a great time today, H2CUS!",H 2,h 2,is_multiword,0,6,,1,,0,1.0,,,,,,,,,,,,,,,,,,,,,,,,,,,,,,,,,,,,,,,,,,,,,,
842,"I had a great time today, H2CUS!",H 2 CUS,h 2 cus,is_multiword,0,6,,1,,0,1.0,,,,,,,,,,,,,,,,,,,,,,,,,,,,,,,,,,,,,,,,,,,,,,
842,"I had a great time today, H2CUS!",2 CUS,2 cus,is_multiword,0,7,,1,,0,1.0,,,,,,,,,,,,,,,,,,,,,,,,,,,,,,,,,,,,,,,,,,,,,,
859,HLA! How’s it going?,HLA How’s,hla how's,is_multiword,0,0,0|1,1,3.8680074214935294,0,1.0,,,,,,,,,,,,,,,,,,,,,,,,,,,,,,,<mask> <mask> <mask> <mask> <mask> it going,▁ hla ▁how ' s,5.0,3.891822082387027e-14,30.87731385231018,6.175462770462036,"- , ,  keep",9.759428204670357e-06,19.34003710746765,3.8680074214935294,0.0,1.0,0.0,3.0,0.0,2.0
859,HLA! How’s it going?,HLA How’s it,hla how's it,is_multiword,0,0,0|1|2,1,2.733192443847656,0,1.0,,,,,,,,,,,,,,,,,,,,,,,,,,,,,,,<mask> <mask> <mask> <mask> <mask> <mask> going,▁ hla ▁how ' s ▁it,6.0,1.2682312483808502e-15,34.3011531829834,5.716858863830566,"I , , , ' get",1.679812573930456e-08,16.399154663085938,2.733192443847656,0.0,2.0,0.0,3.0,0.0,3.0
859,HLA! How’s it going?,HLA How’s it going,hla how's it going,is_multiword,0,0,0|1|2|3,1,5.588015096528189,0,1.0,,,,,,,,,,,,,,,,,,,,,,,,,,,,,,,<mask> <mask> <mask> <mask> <mask> <mask> <mask>,▁ hla ▁how ' s ▁it ▁going,7.0,9.801766422138169e-26,57.58464980125427,8.226378543036324,</s> : : </s> . . </s>,9.532640115814444e-09,39.11610567569733,5.588015096528189,0.0,3.0,0.0,3.0,0.0,4.0
859,HLA! How’s it going?,How’s it,how's it,is_multiword,0,1,1|2,1,1.805885374546051,0,1.0,,,,,,,,,,,,,,,,,,,,,,,,,,,,,,,hla <mask> <mask> <mask> <mask> going,▁how ' s ▁it,4.0,2.2237707702768267e-09,19.92406153678894,4.981015384197235,w : is is,3.0495392674602625e-06,7.223541498184204,1.805885374546051,1.0,2.0,0.0,3.0,0.0,2.0
859,HLA! How’s it going?,How’s it going,how's it going,is_multiword,0,1,1|2|3,1,7.321257984638214,1,1.0,,,,,,,,,,,,,,,,,,,,,,,,,,,,,,,hla <mask> <mask> <mask> <mask> <mask>,▁how ' s ▁it ▁going,5.0,3.218835140266798e-20,44.88268232345581,8.976536464691161,. . . . </s>,0.0002544535126211,36.60628992319107,7.321257984638214,1.0,3.0,0.0,3.0,0.0,3.0
859,HLA! How’s it going?,it going,it going,is_multiword,0,2,2|3,1,2.0182188749313354,0,1.0,,,,,,,,,,,,,,,,,,,,,,,,,,,,,,,hla how's <mask> <mask>,▁it ▁going,2.0,0.0003052867972103,8.094258904457092,4.047129452228546,it </s>,0.017286643034864,4.036437749862671,2.0182188749313354,2.0,3.0,0.0,3.0,0.0,2.0
860,Wishing all the moms out there an H-MDAY!,an H-MDAY,an h-mday,is_multiword,0,6,6|7,1,5.423416209220886,0,1.0,,,,,,,,,,,,,,,,,,,,,,,,,,,,,,,wishing all the moms out there <mask> <mask> <mask> <mask> <mask>,▁an ▁h - m day,5.0,2.406085560689193e-16,35.96336030960083,7.192672061920166,a a happy day .,0.0001439162156482,27.11708104610443,5.423416209220886,6.0,7.0,0.0,7.0,0.0,2.0
867,"He has no clue what he’s doing, his HUB is so far up!",so far,so far,is_multiword,0,10,10|11,1,5.142589628696442,1,1.0,,,,,,,,,,,,,,,,,,,,,,,,,,,,,,,he has no clue what he's doing his hub is <mask> <mask> up,▁so ▁far,2.0,8.74300674462342e-07,13.949841499328612,6.974920749664307,shu ed,0.0256128207596755,10.285179257392883,5.142589628696442,10.0,11.0,0.0,12.0,0.0,2.0
871,"I can’t come out tonight, I’ve got too much HW.",can’t come,can't come,is_multiword,0,1,1|2,1,1.6887807846069336,1,1.0,,,,,,,,,,,,,,,,,,,,,,,,,,,,,,,i <mask> <mask> <mask> <mask> out tonight i've got too much hw,▁can ' t ▁come,4.0,2.1271898656229878e-06,13.06070876121521,3.2651771903038025,' to to go,0.0018260764635648,6.755123138427734,1.6887807846069336,1.0,2.0,0.0,9.0,0.0,2.0
871,"I can’t come out tonight, I’ve got too much HW.",I’ve got,i've got,is_multiword,0,5,5|6,1,2.764733225107193,1,1.0,,,,,,,,,,,,,,,,,,,,,,,,,,,,,,,i can't come out tonight <mask> <mask> <mask> <mask> too much hw,▁i ' ve ▁got,4.0,1.1398691540074384e-08,18.289767265319824,4.572441816329956,i i i i,0.0007239166005016,11.058932900428772,2.764733225107193,5.0,6.0,0.0,9.0,0.0,2.0
883,Missed anything while I was gone? IB!,gone IB,gone ib,is_multiword,0,5,5|6,1,5.1164805094401045,0,1.0,,,,,,,,,,,,,,,,,,,,,,,,,,,,,,,missed anything while i was <mask> <mask> <mask>,▁gone ▁ ib,3.0,2.7514178231024965e-10,22.013734579086304,7.337911526362101,in . </s>,0.0012756581330473,15.349441528320312,5.1164805094401045,5.0,6.0,0.0,6.0,0.0,2.0
899,"I’m feeling relaxed, IGHT.",I’m feeling,i'm feeling,is_multiword,0,0,0|1,1,3.2889872193336487,1,1.0,,,,,,,,,,,,,,,,,,,,,,,,,,,,,,,<mask> <mask> <mask> <mask> relaxed ight,▁i ' m ▁feeling,4.0,4.501962391913161e-11,23.82392263412476,5.955980658531189, : : a,2.327865394999301e-05,13.155948877334597,3.2889872193336487,0.0,1.0,0.0,3.0,0.0,2.0
901,"Hold on, IGP real quick.",Hold on,hold on,is_multiword,0,0,0|1,1,6.244929909706116,0,1.0,,,,,,,,,,,,,,,,,,,,,,,,,,,,,,,<mask> <mask> igp real quick,▁hold ▁on,2.0,5.9330040729194526e-08,16.64015007019043,8.320075035095215, sex,0.0157598415146783,12.489859819412231,6.244929909706116,0.0,1.0,0.0,4.0,0.0,2.0
901,"Hold on, IGP real quick.",real quick,real quick,is_multiword,0,3,3|4,1,7.782991647720337,1,1.0,,,,,,,,,,,,,,,,,,,,,,,,,,,,,,,hold on igp <mask> <mask>,▁real ▁quick,2.0,4.276221856544208e-09,19.27019596099853,9.635097980499268,. com,0.0246195935928397,15.565983295440674,7.782991647720337,3.0,4.0,0.0,4.0,0.0,2.0
907,"ILBL8, traffic is terrible.",ILBL 8,ilbl 8,is_multiword,0,0,0|1,1,8.867133438587189,0,1.0,,,,,,,,,,,,,,,,,,,,,,,,,,,,,,,<mask> <mask> <mask> <mask> is terrible,▁il bl 8 ▁traffic,4.0,1.9299643569963204e-20,45.39420032501221,11.348550081253052,The love the life,4.890325639951974e-05,35.468533754348755,8.867133438587189,0.0,1.0,0.0,3.0,0.0,2.0
921,"INAL, but I think you should get legal advice.",should get,should get,is_multiword,0,5,5|6,1,0.7076091170310974,1,1.0,,,,,,,,,,,,,,,,,,,,,,,,,,,,,,,inal but i think you <mask> <mask> legal advice,▁should ▁get,2.0,0.0221091202469581,3.81176507472992,1.90588253736496,should good,0.0910317583340022,1.4152182340621948,0.7076091170310974,5.0,6.0,0.0,8.0,0.0,2.0
922,"Heads up, INC message!",Heads up,heads up,is_multiword,0,0,0|1,1,4.73585057258606,1,1.0,,,,,,,,,,,,,,,,,,,,,,,,,,,,,,,<mask> <mask> <mask> inc message,▁head s ▁up,3.0,1.739032889404013e-10,22.472521781921387,7.490840593973796, : 1,0.0002573766287907,14.20755171775818,4.73585057258606,0.0,1.0,0.0,3.0,0.0,2.0
923,Looking at art galleries for some inspoo.,Looking at,looking at,is_multiword,0,0,0|1,1,4.140476107597351,1,1.0,,,,,,,,,,,,,,,,,,,,,,,,,,,,,,,<mask> <mask> art galleries for some inspoo,▁looking ▁at,2.0,1.699000390068737e-06,13.285470485687256,6.642735242843628,See the,0.0067075718053251,8.280952215194702,4.140476107597351,0.0,1.0,0.0,6.0,0.0,2.0
927,We should meet up IRL sometime.,up IRL,up irl,is_multiword,0,3,3|4,1,2.6016362508138022,0,1.0,,,,,,,,,,,,,,,,,,,,,,,,,,,,,,,we should meet <mask> <mask> <mask> sometime,▁up ▁ir l,3.0,1.760308903031108e-07,15.552606344223022,5.184202114741008,up - for,0.0004317354283189,7.804908752441406,2.6016362508138022,3.0,4.0,0.0,5.0,0.0,2.0
943,What are j00 up to today?,j 00,j 00,is_multiword,0,2,2|3,1,8.144832541545233,0,1.0,,,,,,,,,,,,,,,,,,,,,,,,,,,,,,,what are <mask> <mask> <mask> to today,▁j 00 ▁up,3.0,4.078417678926704e-13,28.52789711952209,9.509299039840698,you looking ing,0.0166824252342091,24.434497624635696,8.144832541545233,2.0,3.0,0.0,5.0,0.0,2.0
943,What are j00 up to today?,j 00 up,j 00 up,is_multiword,0,2,2|3|4,1,7.704050928354263,0,1.0,,,,,,,,,,,,,,,,,,,,,,,,,,,,,,,what are <mask> <mask> <mask> <mask> today,▁j 00 ▁up ▁to,4.0,1.5407150368080658e-17,38.71169996261597,9.677924990653992,the trend to for,0.0003724170426661,30.816203713417053,7.704050928354263,2.0,4.0,0.0,5.0,0.0,3.0
943,What are j00 up to today?,j 00 up to,j 00 up to,is_multiword,0,2,2|3|4|5,1,7.084490203857422,0,1.0,,,,,,,,,,,,,,,,,,,,,,,,,,,,,,,what are <mask> <mask> <mask> <mask> <mask>,▁j 00 ▁up ▁to ▁today,5.0,4.104439357285295e-20,44.63963270187378,8.927926540374756,the s s s ?,9.931820378798476e-05,35.42245101928711,7.084490203857422,2.0,5.0,0.0,5.0,0.0,4.0
943,What are j00 up to today?,00 up,00 up,is_multiword,0,3,3|4,1,5.108665466308594,0,1.0,,,,,,,,,,,,,,,,,,,,,,,,,,,,,,,what are j00 <mask> <mask> today,▁up ▁to,2.0,9.555369227864992e-07,13.860992431640623,6.9304962158203125,s s,0.0261563967963216,10.217330932617188,5.108665466308594,3.0,4.0,0.0,5.0,0.0,2.0
943,What are j00 up to today?,00 up to,00 up to,is_multiword,0,3,3|4|5,1,6.583877444267273,1,1.0,,,,,,,,,,,,,,,,,,,,,,,,,,,,,,,what are j00 <mask> <mask> <mask>,▁up ▁to ▁today,3.0,2.8699338744451828e-11,24.274147033691406,8.091382344563803,d s ?,0.0108616754317779,19.75163233280182,6.583877444267273,3.0,5.0,0.0,5.0,0.0,3.0
943,What are j00 up to today?,up to,up to,is_multiword,0,4,4|5,1,2.1494235396385197,0,1.0,,,,,,,,,,,,,,,,,,,,,,,,,,,,,,,what are j00 up <mask> <mask>,▁to ▁today,2.0,0.0024424291951131,6.014762163162232,3.007381081581116,to ?,0.1797991141382667,4.298847079277039,2.1494235396385197,4.0,5.0,0.0,5.0,0.0,2.0
944,Is that j00r car outside?,j 00,j 00,is_multiword,0,2,2|3,1,6.522266626358032,0,1.0,,,,,,,,,,,,,,,,,,,,,,,,,,,,,,,is that <mask> <mask> <mask> <mask> outside,▁j 00 r ▁car,4.0,6.221662756469771e-17,37.31590938568115,9.328977346420288,"the , , the",1.331202387690914e-05,26.08906650543213,6.522266626358032,2.0,3.0,0.0,4.0,0.0,2.0
944,Is that j00r car outside?,j 00 r,j 00 r,is_multiword,0,2,2|3|4,1,7.787236166000366,0,1.0,,,,,,,,,,,,,,,,,,,,,,,,,,,,,,,is that <mask> <mask> <mask> <mask> <mask>,▁j 00 r ▁car ▁outside,5.0,7.043443311378799e-23,51.00735998153687,10.201471996307372,a the the ? ?,5.722074454011551e-06,38.93618083000183,7.787236166000366,2.0,4.0,0.0,4.0,0.0,3.0
944,Is that j00r car outside?,00 r,00 r,is_multiword,0,3,3|4,1,8.520455241203308,0,1.0,,,,,,,,,,,,,,,,,,,,,,,,,,,,,,,is that j00r <mask> <mask>,▁car ▁outside,2.0,4.3316839446258634e-10,21.559894561767575,10.779947280883787,. ?,0.0109000916735937,17.040910482406616,8.520455241203308,3.0,4.0,0.0,4.0,0.0,2.0
946,"Hold on, JAM while I finish this.",Hold on,hold on,is_multiword,0,0,0|1,1,5.78867369890213,0,1.0,,,,,,,,,,,,,,,,,,,,,,,,,,,,,,,<mask> <mask> jam while i finish this,▁hold ▁on,2.0,6.22793955601301e-07,14.289050102233888,7.144525051116943,i i,0.0664236105966043,11.57734739780426,5.78867369890213,0.0,1.0,0.0,6.0,0.0,2.0
959,We’re starting a JV with another company.,We’re starting,we're starting,is_multiword,0,0,0|1,1,4.1554859429597855,1,1.0,,,,,,,,,,,,,,,,,,,,,,,,,,,,,,,<mask> <mask> <mask> <mask> a jv with another company,▁we ' re ▁starting,4.0,2.7630789679782374e-11,24.312090396881104,6.078022599220276,How to to have,0.0004573111135577,16.621943771839142,4.1554859429597855,0.0,1.0,0.0,6.0,0.0,2.0
960,JW if you were still planning to come tonight?,JW if,jw if,is_multiword,0,0,0|1,1,4.782084226608276,0,1.0,,,,,,,,,,,,,,,,,,,,,,,,,,,,,,,<mask> <mask> <mask> you were still planning to come tonight,▁j w ▁if,3.0,7.037418300689067e-09,18.77202445268631,6.25734148422877,I you if,0.0119649734946865,14.346252679824827,4.782084226608276,0.0,1.0,0.0,8.0,0.0,2.0
964,K8T is coming to the party tonight.,K 8,k 8,is_multiword,0,0,0|1,1,4.191435873508453,0,1.0,,,,,,,,,,,,,,,,,,,,,,,,,,,,,,,<mask> <mask> <mask> <mask> coming to the party tonight,▁k 8 t ▁is,4.0,5.182640910357199e-13,28.288291454315186,7.072072863578796,I s s for,9.904236527583849e-06,16.765743494033813,4.191435873508453,0.0,1.0,0.0,6.0,0.0,2.0
965,"I need a new k/b, mine is broken.",k b,k b,is_multiword,1,4,4|5,1,7.892656266689299,1,1.0,,,,,,,,,,,,,,,,,,,,,,,,,,,,,,,i need a new <mask> <mask> mine is broken,▁k ▁b,2.0,4.516904861691717e-09,19.21543884277344,9.60771942138672,pc because,0.0323828502563581,15.7853125333786,7.892656266689299,4.0,5.0,0.0,8.0,0.0,2.0
991,He’s got a lot of KNOW about computers.,He’s got,he's got,is_multiword,0,0,0|1,1,3.622949481010437,1,1.0,,,,,,,,,,,,,,,,,,,,,,,,,,,,,,,<mask> <mask> <mask> <mask> a lot of know about computers,▁he ' s ▁got,4.0,1.1112474489635987e-10,22.92036771774292,5.73009192943573,10 things you need,0.0002185338154318,14.491797924041748,3.622949481010437,0.0,1.0,0.0,7.0,0.0,2.0
995,I’m hanging out with KT tonight.,hanging out,hanging out,is_multiword,0,1,1|2,1,4.205218156178792,1,1.0,,,,,,,,,,,,,,,,,,,,,,,,,,,,,,,i'm <mask> <mask> <mask> with kt tonight,▁hang ing ▁out,3.0,2.5734861569966886e-08,17.475419282913208,5.825139760971069,gonna to play,0.0077523069078857,12.615654468536375,4.205218156178792,1.0,2.0,0.0,5.0,0.0,2.0
998,L2G for a coffee?,L 2,l 2,is_multiword,0,0,0|1,1,4.293501228094101,0,1.0,,,,,,,,,,,,,,,,,,,,,,,,,,,,,,,<mask> <mask> <mask> <mask> a coffee,▁l 2 g ▁for,4.0,1.0886512807360865e-12,27.54608154296875,6.886520385742188,</s> to to with,3.1294236004342515e-05,17.174004912376404,4.293501228094101,0.0,1.0,0.0,3.0,0.0,2.0
998,L2G for a coffee?,L 2 G,l 2 g,is_multiword,0,0,0|1|2,1,3.974295330047608,0,1.0,,,,,,,,,,,,,,,,,,,,,,,,,,,,,,,<mask> <mask> <mask> <mask> <mask> coffee,▁l 2 g ▁for ▁a,5.0,8.857958681615092e-16,34.66004514694214,6.932009029388428," : : , with",3.779255959910438e-07,19.87147665023804,3.974295330047608,0.0,2.0,0.0,3.0,0.0,3.0
998,L2G for a coffee?,L 2 G for,l 2 g for,is_multiword,0,0,0|1|2|3,1,5.96315614382426,1,1.0,,,,,,,,,,,,,,,,,,,,,,,,,,,,,,,<mask> <mask> <mask> <mask> <mask> <mask>,▁l 2 g ▁for ▁a ▁coffee,6.0,8.449339373293297e-23,50.82536888122559,8.470894813537598,"</s> : ,  . </s>",2.920233657230533e-07,35.77893686294556,5.96315614382426,0.0,3.0,0.0,3.0,0.0,4.0
998,L2G for a coffee?,2 G,2 g,is_multiword,0,1,1|2,1,4.590664029121399,0,1.0,,,,,,,,,,,,,,,,,,,,,,,,,,,,,,,l2g <mask> <mask> coffee,▁for ▁a,2.0,2.149518327420898e-07,15.35285186767578,7.676425933837891,cup ced,0.0020880517820581,9.181328058242798,4.590664029121399,1.0,2.0,0.0,3.0,0.0,2.0
998,L2G for a coffee?,2 G for,2 g for,is_multiword,0,1,1|2|3,1,4.038794040679932,0,1.0,,,,,,,,,,,,,,,,,,,,,,,,,,,,,,,l2g <mask> <mask> <mask>,▁for ▁a ▁coffee,3.0,1.2954120489285492e-09,20.464437007904053,6.8214790026346845,  </s>,0.0002368567841278,12.116382122039797,4.038794040679932,1.0,3.0,0.0,3.0,0.0,3.0
998,L2G for a coffee?,G for,g for,is_multiword,0,2,2|3,1,3.7332763671875,0,1.0,,,,,,,,,,,,,,,,,,,,,,,,,,,,,,,l2g for <mask> <mask>,▁a ▁coffee,2.0,6.595148001563213e-06,11.929176330566406,5.964588165283203,the </s>,0.0115320680737649,7.466552734375,3.7332763671875,2.0,3.0,0.0,3.0,0.0,2.0
1000,"We’re heading out to dinner, L2K?",heading out,heading out,is_multiword,0,1,1|2,1,2.305946429570516,1,1.0,,,,,,,,,,,,,,,,,,,,,,,,,,,,,,,we're <mask> <mask> <mask> to dinner l2k,▁head ing ▁out,3.0,8.768086051405106e-06,11.644392013549805,3.8814640045166016,going to going,0.0088569508200181,6.917839288711548,2.305946429570516,1.0,2.0,0.0,5.0,0.0,2.0
1001,"You keep dying early, L2P!",You keep,you keep,is_multiword,0,0,0|1,1,2.1362555027008057,0,1.0,,,,,,,,,,,,,,,,,,,,,,,,,,,,,,,<mask> <mask> dying early l2p,▁you ▁keep,2.0,1.4317009226850177e-05,11.154062271118164,5.577031135559082,I am,0.0010265503570022,4.272511005401611,2.1362555027008057,0.0,1.0,0.0,4.0,0.0,2.0
1001,"You keep dying early, L2P!",L 2,l 2,is_multiword,0,4,,1,,0,1.0,,,,,,,,,,,,,,,,,,,,,,,,,,,,,,,,,,,,,,,,,,,,,,
1001,"You keep dying early, L2P!",L 2 P,l 2 p,is_multiword,0,4,,1,,0,1.0,,,,,,,,,,,,,,,,,,,,,,,,,,,,,,,,,,,,,,,,,,,,,,
1001,"You keep dying early, L2P!",2 P,2 p,is_multiword,0,5,,1,,0,1.0,,,,,,,,,,,,,,,,,,,,,,,,,,,,,,,,,,,,,,,,,,,,,,
1002,His coding skills are so l33t.,l 33,l 33,is_multiword,0,5,,1,,0,1.0,,,,,,,,,,,,,,,,,,,,,,,,,,,,,,,,,,,,,,,,,,,,,,
1002,His coding skills are so l33t.,l 33 t,l 33 t,is_multiword,0,5,,1,,0,1.0,,,,,,,,,,,,,,,,,,,,,,,,,,,,,,,,,,,,,,,,,,,,,,
1002,His coding skills are so l33t.,33 t,33 t,is_multiword,0,6,,1,,0,1.0,,,,,,,,,,,,,,,,,,,,,,,,,,,,,,,,,,,,,,,,,,,,,,
1004,I’ll catch you L8R!,L 8,l 8,is_multiword,0,3,,1,,0,1.0,,,,,,,,,,,,,,,,,,,,,,,,,,,,,,,,,,,,,,,,,,,,,,
1004,I’ll catch you L8R!,L 8 R,l 8 r,is_multiword,0,3,,1,,0,1.0,,,,,,,,,,,,,,,,,,,,,,,,,,,,,,,,,,,,,,,,,,,,,,
1004,I’ll catch you L8R!,8 R,8 r,is_multiword,0,4,,1,,0,1.0,,,,,,,,,,,,,,,,,,,,,,,,,,,,,,,,,,,,,,,,,,,,,,
1029,We were so LIT after that party.,so LIT,so lit,is_multiword,0,2,2|3,1,5.902179718017578,0,1.0,,,,,,,,,,,,,,,,,,,,,,,,,,,,,,,we were <mask> <mask> after that party,▁so ▁lit,2.0,7.867565325985656e-08,16.357932090759277,8.178966045379639,very happy,0.0105295187701173,11.804359436035156,5.902179718017578,2.0,3.0,0.0,6.0,0.0,2.0
1030,"I’ve got to go now, LLGB.",I’ve got,i've got,is_multiword,0,0,0|1,1,2.575933024287224,1,1.0,,,,,,,,,,,,,,,,,,,,,,,,,,,,,,,<mask> <mask> <mask> <mask> to go now llgb,▁i ' ve ▁got,4.0,3.87680600581896e-10,21.670839309692383,5.417709827423096, : the where,1.156985889563032e-05,10.303732097148895,2.575933024287224,0.0,1.0,0.0,5.0,0.0,2.0
1041,Here’s an LOA for the project terms.,Here’s an,here's an,is_multiword,0,0,0|1,1,2.4260387420654297,0,1.0,,,,,,,,,,,,,,,,,,,,,,,,,,,,,,,<mask> <mask> <mask> <mask> loa for the project terms,▁here ' s ▁an,4.0,3.3549575709596616e-10,21.815411806106567,5.453852951526642,</s> : of the,5.497281625345186e-06,9.70415496826172,2.4260387420654297,0.0,1.0,0.0,6.0,0.0,2.0
1050,"That was pretty funny, I’m LQTM over here.",pretty funny,pretty funny,is_multiword,0,2,2|3,1,5.074844479560852,1,1.0,,,,,,,,,,,,,,,,,,,,,,,,,,,,,,,that was <mask> <mask> i'm lqtm over here,▁pretty ▁funny,2.0,1.1569205476519858e-06,13.669748783111572,6.834874391555786,"the ,",0.0295976644645482,10.149688959121704,5.074844479560852,2.0,3.0,0.0,7.0,0.0,2.0
1086,Hanging out with my MM this weekend.,Hanging out,hanging out,is_multiword,0,0,0|1,1,3.713813543319702,1,1.0,,,,,,,,,,,,,,,,,,,,,,,,,,,,,,,<mask> <mask> <mask> with my mm this weekend,▁hang ing ▁out,3.0,7.877475395974957e-09,18.659258365631104,6.219752788543701,I to out,0.0005433169342375,11.141440629959106,3.713813543319702,0.0,1.0,0.0,6.0,0.0,2.0
1093,"He’s such a MOMBOY, always calling his mom for advice.",He’s such,he's such,is_multiword,0,0,0|1,1,3.8357647359371194,1,1.0,,,,,,,,,,,,,,,,,,,,,,,,,,,,,,,<mask> <mask> <mask> <mask> a momboy always calling his mom for advice,▁he ' s ▁such,4.0,3.5409586934624696e-11,24.064038515090942,6.016009628772736,How the to of,0.0001631273177853,15.343058943748474,3.8357647359371194,0.0,1.0,0.0,9.0,0.0,2.0
1095,Are you bringing a MOOS to the party?,bringing a,bringing a,is_multiword,0,2,2|3,1,0.5536003112792969,1,1.0,,,,,,,,,,,,,,,,,,,,,,,,,,,,,,,are you <mask> <mask> moos to the party,▁bringing ▁a,2.0,0.0086396655117997,4.751391410827637,2.3756957054138184,going to,0.0261425561599666,1.1072006225585938,0.5536003112792969,2.0,3.0,0.0,7.0,0.0,2.0
1095,Are you bringing a MOOS to the party?,bringing a MOOS,bringing a moos,is_multiword,0,2,2|3|4,1,5.081776738166809,0,1.0,,,,,,,,,,,,,,,,,,,,,,,,,,,,,,,are you <mask> <mask> <mask> <mask> to the party,▁bringing ▁a ▁mo os,4.0,1.825179295179452e-12,27.029342889785767,6.757335722446442,ready to to go,0.0012281627356882,20.32710695266724,5.081776738166809,2.0,4.0,0.0,7.0,0.0,3.0
1095,Are you bringing a MOOS to the party?,a MOOS,a moos,is_multiword,0,3,3|4,1,4.338373899459839,0,1.0,,,,,,,,,,,,,,,,,,,,,,,,,,,,,,,are you bringing <mask> <mask> <mask> to the party,▁a ▁mo os,3.0,5.536979286506955e-09,19.01181674003601,6.33727224667867,your own s,0.0024869579016746,13.015121698379517,4.338373899459839,3.0,4.0,0.0,7.0,0.0,2.0
1097,We’ve got a MOSS joining our team.,We’ve got,we've got,is_multiword,0,0,0|1,1,3.266521453857422,1,1.0,,,,,,,,,,,,,,,,,,,,,,,,,,,,,,,<mask> <mask> <mask> <mask> a moss joining our team,▁we ' ve ▁got,4.0,2.5293780121106875e-10,22.097877502441406,5.524469375610352,</s> ' s of,0.000119548108381,13.066085815429688,3.266521453857422,0.0,1.0,0.0,6.0,0.0,2.0
1102,I’ll send you an MSG later with the details.,an MSG,an msg,is_multiword,0,3,3|4,1,3.8997903863588967,0,1.0,,,,,,,,,,,,,,,,,,,,,,,,,,,,,,,i'll send you <mask> <mask> <mask> later with the details,▁an ▁ms g,3.0,1.8664833808762445e-07,15.49403953552246,5.164679845174153,a email email,0.0224903629142781,11.69937115907669,3.8997903863588967,3.0,4.0,0.0,8.0,0.0,2.0
1104,Good luck on your test! MTFBWU!,test MTFBWU,test mtfbwu,is_multiword,0,4,4|5,1,5.9157852331797285,0,1.0,,,,,,,,,,,,,,,,,,,,,,,,,,,,,,,good luck on your <mask> <mask> <mask> <mask> <mask> <mask>,▁test ▁m t f bw u,6.0,4.9994648283902e-23,51.35012626647949,8.558354377746582," ,   . </s>",1.3004115399433057e-07,35.49471139907837,5.9157852331797285,4.0,5.0,0.0,5.0,0.0,2.0
1105,"It’s been so long since we hung out, MU!",hung out,hung out,is_multiword,0,6,6|7,1,5.962152421474457,1,1.0,,,,,,,,,,,,,,,,,,,,,,,,,,,,,,,it's been so long since we <mask> <mask> mu,▁hung ▁out,2.0,8.772008097983861e-08,16.249114990234375,8.124557495117188,posted the,0.0132360627604602,11.924304842948914,5.962152421474457,6.0,7.0,0.0,8.0,0.0,2.0
1113,What’s up with you? N2M over here.,N 2,n 2,is_multiword,0,4,4|5,1,3.99392694234848,0,1.0,,,,,,,,,,,,,,,,,,,,,,,,,,,,,,,what's up with you <mask> <mask> <mask> <mask> here,▁n 2 m ▁over,4.0,2.3047385196503173e-12,26.79605388641357,6.6990134716033936,? you you s,1.9988646571541112e-05,15.97570776939392,3.99392694234848,4.0,5.0,0.0,6.0,0.0,2.0
1121,Do you have NE idea what time the show starts?,NE idea,ne idea,is_multiword,0,3,3|4,1,6.028881192207336,0,1.0,,,,,,,,,,,,,,,,,,,,,,,,,,,,,,,do you have <mask> <mask> what time the show starts,▁ne ▁idea,2.0,5.329450126988272e-07,14.444847583770752,7.222423791885376,any idea,0.0918971557633143,12.057762384414673,6.028881192207336,3.0,4.0,0.0,9.0,0.0,2.0
1122,Is NE1 coming to the game tonight?,NE 1,ne 1,is_multiword,0,1,1|2,1,7.116937081019084,1,1.0,,,,,,,,,,,,,,,,,,,,,,,,,,,,,,,is <mask> <mask> <mask> to the game tonight,▁ne 1 ▁coming,3.0,1.7044700472756242e-12,27.097766876220703,9.032588958740234,the to reaction,0.0031924851130692,21.35081124305725,7.116937081019084,1.0,2.0,0.0,6.0,0.0,2.0
1123,"I’ll pass on dessert, NFM.",pass on,pass on,is_multiword,0,1,1|2,1,4.330045759677887,1,1.0,,,,,,,,,,,,,,,,,,,,,,,,,,,,,,,i'll <mask> <mask> dessert nfm,▁pass ▁on,2.0,2.748543165443398e-06,12.804439544677734,6.402219772338867,be a,0.0158537688383988,8.660091519355774,4.330045759677887,1.0,2.0,0.0,4.0,0.0,2.0
1132,"I’m home alone, NIFOC right now.",NIFOC right,nifoc right,is_multiword,0,3,3|4,1,5.334357172250748,0,1.0,,,,,,,,,,,,,,,,,,,,,,,,,,,,,,,i'm home alone <mask> <mask> <mask> <mask> now,▁ni fo c ▁right,4.0,3.3701074571143954e-14,31.02124667167664,7.755311667919159,", i ' right",6.228325286501562e-05,21.33742868900299,5.334357172250748,3.0,4.0,0.0,5.0,0.0,2.0
1137,"What’s up? NM, just hanging out.",hanging out,hanging out,is_multiword,0,4,4|5,1,3.261005401611328,1,1.0,,,,,,,,,,,,,,,,,,,,,,,,,,,,,,,what's up nm just <mask> <mask> <mask>,▁hang ing ▁out,3.0,1.2420434855105028e-08,18.203922748565677,6.067974249521892,a you .,0.0002202149278516,9.783016204833984,3.261005401611328,4.0,5.0,0.0,5.0,0.0,2.0
1141,What are you up to tonight? NMJC.,up to,up to,is_multiword,0,3,3|4,1,1.1845969557762146,1,1.0,,,,,,,,,,,,,,,,,,,,,,,,,,,,,,,what are you <mask> <mask> tonight nmjc,▁up ▁to,2.0,0.0038021081755193,5.572199583053589,2.7860997915267944,going for,0.0406398701233324,2.369193911552429,1.1845969557762146,3.0,4.0,0.0,6.0,0.0,2.0
1145,He’s got some serious NOWL about computers.,He’s got,he's got,is_multiword,0,0,0|1,1,2.2545434832572937,1,1.0,,,,,,,,,,,,,,,,,,,,,,,,,,,,,,,<mask> <mask> <mask> <mask> some serious nowl about computers,▁he ' s ▁got,4.0,7.449313540861569e-10,21.01772904396057,5.254432260990143,"</s> , s get",6.146946454380124e-06,9.018173933029177,2.2545434832572937,0.0,1.0,0.0,6.0,0.0,2.0
1159,"What’s up? NTHING, just relaxing.",up NTHING,up nthing,is_multiword,0,1,1|2,1,6.705258806546529,0,1.0,,,,,,,,,,,,,,,,,,,,,,,,,,,,,,,what's <mask> <mask> <mask> just relaxing,▁up ▁n thing,3.0,8.315091577054112e-12,25.512948989868164,8.504316329956055,more better than,0.0045293693286469,20.115776419639587,6.705258806546529,1.0,2.0,0.0,4.0,0.0,2.0
1162,I’d NVR do that!,I’d NVR,i'd nvr,is_multiword,0,0,0|1,1,5.635480856895446,0,1.0,,,,,,,,,,,,,,,,,,,,,,,,,,,,,,,<mask> <mask> <mask> <mask> <mask> do that,▁i ' d ▁n vr,5.0,6.426151152740453e-18,39.58615589141846,7.917231178283691,"I , , , to",1.109793384634362e-05,28.177404284477237,5.635480856895446,0.0,1.0,0.0,3.0,0.0,2.0
1165,I saved the last slice O4U!,O 4,o 4,is_multiword,0,5,,1,,0,1.0,,,,,,,,,,,,,,,,,,,,,,,,,,,,,,,,,,,,,,,,,,,,,,
1165,I saved the last slice O4U!,O 4 U,o 4 u,is_multiword,0,5,,1,,0,1.0,,,,,,,,,,,,,,,,,,,,,,,,,,,,,,,,,,,,,,,,,,,,,,
1165,I saved the last slice O4U!,4 U,4 u,is_multiword,0,6,,1,,0,1.0,,,,,,,,,,,,,,,,,,,,,,,,,,,,,,,,,,,,,,,,,,,,,,
1179,"I’ll call you back later, OI right now.",OI right,oi right,is_multiword,0,5,5|6,1,2.7603212197621665,0,1.0,,,,,,,,,,,,,,,,,,,,,,,,,,,,,,,i'll call you back later <mask> <mask> <mask> now,▁o i ▁right,3.0,6.936414492440555e-07,14.181310653686523,4.727103551228841,i you you,0.0027384944116595,8.280963659286499,2.7603212197621665,5.0,6.0,0.0,7.0,0.0,2.0
1181,You’re really mad? OJ!,mad OJ,mad oj,is_multiword,0,2,2|3,1,4.825996478398641,1,1.0,,,,,,,,,,,,,,,,,,,,,,,,,,,,,,,you're really <mask> <mask> <mask>,▁mad ▁ oj,3.0,8.586493783883962e-11,23.178245544433597,7.726081848144531,good . .,0.0001665431522854,14.477989435195925,4.825996478398641,2.0,3.0,0.0,3.0,0.0,2.0
1191,"OMGYG2BK, that’s the best news ever!",OMGYG 2,omgyg 2,is_multiword,0,0,0|1,1,5.047393057081434,0,1.0,,,,,,,,,,,,,,,,,,,,,,,,,,,,,,,<mask> <mask> <mask> <mask> <mask> <mask> <mask> <mask> <mask> the best news ever,▁om gy g 2 b k ▁that ' s,9.0,2.0328781392872434e-31,70.67068529129028,7.85229836569892,The News news news </s> </s> </s> one of,1.0879424429968798e-11,45.42653751373291,5.047393057081434,0.0,1.0,0.0,5.0,0.0,2.0
1191,"OMGYG2BK, that’s the best news ever!",OMGYG 2 BK,omgyg 2 bk,is_multiword,0,0,0|1|2,1,4.193500256538391,0,1.0,,,,,,,,,,,,,,,,,,,,,,,,,,,,,,,<mask> <mask> <mask> <mask> <mask> <mask> <mask> <mask> <mask> <mask> best news ever,▁om gy g 2 b k ▁that ' s ▁the,10.0,6.285496757132714e-31,69.5418930053711,6.954189300537109,Home : : . </s> . . news - the,1.0244241767380185e-12,41.93500256538391,4.193500256538391,0.0,2.0,0.0,5.0,0.0,3.0
1191,"OMGYG2BK, that’s the best news ever!",2 BK,2 bk,is_multiword,0,1,1|2,1,4.294005423784256,0,1.0,,,,,,,,,,,,,,,,,,,,,,,,,,,,,,,omgyg2bk <mask> <mask> <mask> <mask> best news ever,▁that ' s ▁the,4.0,2.092544829066212e-10,22.28746998310089,5.571867495775223,. com : the,0.0060273472647541,17.176021695137024,4.294005423784256,1.0,2.0,0.0,5.0,0.0,2.0
1197,That comment was totally OOC for him.,totally OOC,totally ooc,is_multiword,0,3,3|4,1,6.173857410748799,0,1.0,,,,,,,,,,,,,,,,,,,,,,,,,,,,,,,that comment was <mask> <mask> <mask> for him,▁totally ▁oo c,3.0,3.652967858401912e-12,26.3354811668396,8.778493722279867,a good enough,0.0004040754521905,18.5215722322464,6.173857410748799,3.0,4.0,0.0,6.0,0.0,2.0
1202,"I’m OOTO until Monday, so I’ll reply then.",I’m OOTO,i'm ooto,is_multiword,0,0,0|1,1,3.1452642917633056,0,1.0,,,,,,,,,,,,,,,,,,,,,,,,,,,,,,,<mask> <mask> <mask> <mask> <mask> until monday so i'll reply then,▁i ' m ▁oo to,5.0,9.043319257420844e-12,25.428994834423065,5.085798966884613,i ' ' ' reply,6.111988005208544e-05,15.726321458816528,3.1452642917633056,0.0,1.0,0.0,7.0,0.0,2.0
1217,"I can’t make it, you’re OYO this time.",can’t make,can't make,is_multiword,0,1,1|2,1,0.6243428885936737,0,1.0,,,,,,,,,,,,,,,,,,,,,,,,,,,,,,,i <mask> <mask> <mask> <mask> it you're oyo this time,▁can ' t ▁make,4.0,2.294153267929683e-05,10.68256163597107,2.670640408992768,' ' you about,0.0002787514365679,2.497371554374695,0.6243428885936737,1.0,2.0,0.0,7.0,0.0,2.0
1220,P2P sharing is common in online networks.,P 2,p 2,is_multiword,0,0,0|1,1,5.453180313110352,0,1.0,,,,,,,,,,,,,,,,,,,,,,,,,,,,,,,<mask> <mask> <mask> <mask> is common in online networks,▁p 2 p ▁sharing,4.0,5.9112334325944205e-15,32.761921882629395,8.190480470657349,The of of which,1.7572056259707952e-05,21.812721252441406,5.453180313110352,0.0,1.0,0.0,6.0,0.0,2.0
1220,P2P sharing is common in online networks.,P 2 P,p 2 p,is_multiword,0,0,0|1|2,1,4.404515838623047,0,1.0,,,,,,,,,,,,,,,,,,,,,,,,,,,,,,,<mask> <mask> <mask> <mask> <mask> common in online networks,▁p 2 p ▁sharing ▁is,5.0,4.767341832828367e-16,35.27957260608673,7.055914521217346,What s s s is,1.7480784306029798e-06,22.022579193115234,4.404515838623047,0.0,2.0,0.0,6.0,0.0,3.0
1220,P2P sharing is common in online networks.,2 P,2 p,is_multiword,0,1,1|2,1,1.986665725708008,0,1.0,,,,,,,,,,,,,,,,,,,,,,,,,,,,,,,p2p <mask> <mask> common in online networks,▁sharing ▁is,2.0,0.0003543692470165,7.945171117782593,3.972585558891296,is is,0.0188387442327777,3.973331451416016,1.986665725708008,1.0,2.0,0.0,6.0,0.0,2.0
1222,"Can’t talk now, P911!",P 911,p 911,is_multiword,0,3,,1,,0,1.0,,,,,,,,,,,,,,,,,,,,,,,,,,,,,,,,,,,,,,,,,,,,,,
1233,Hanging out with my PEEPS this weekend.,Hanging out,hanging out,is_multiword,0,0,0|1,1,4.01272718111674,1,1.0,,,,,,,,,,,,,,,,,,,,,,,,,,,,,,,<mask> <mask> <mask> with my peeps this weekend,▁hang ing ▁out,3.0,3.036503079085056e-08,17.309974193572998,5.769991397857666,I to out,0.0051343981381945,12.03818154335022,4.01272718111674,0.0,1.0,0.0,6.0,0.0,2.0
1258,I’ll be taking my POV on the road trip.,be taking,be taking,is_multiword,0,1,1|2,1,2.2879676818847656,1,1.0,,,,,,,,,,,,,,,,,,,,,,,,,,,,,,,i'll <mask> <mask> my pov on the road trip,▁be ▁taking,2.0,5.6279989696766375e-05,9.785171508789062,4.892585754394531,be on,0.005465847208068,4.575935363769531,2.2879676818847656,1.0,2.0,0.0,8.0,0.0,2.0
1259,A lot of PPL showed up to the event.,PPL showed,ppl showed,is_multiword,0,3,3|4,1,6.386702299118042,0,1.0,,,,,,,,,,,,,,,,,,,,,,,,,,,,,,,a lot of <mask> <mask> <mask> up to the event,▁p pl ▁showed,3.0,2.5901149138971904e-11,24.376733779907227,8.125577926635742,people s coming,0.0054255994793583,19.16010689735413,6.386702299118042,3.0,4.0,0.0,8.0,0.0,2.0
1259,A lot of PPL showed up to the event.,PPL showed up,ppl showed up,is_multiword,0,3,3|4|5,1,6.177800342440605,0,1.0,,,,,,,,,,,,,,,,,,,,,,,,,,,,,,,a lot of <mask> <mask> <mask> <mask> to the event,▁p pl ▁showed ▁up,4.0,5.929057496003028e-15,32.7589111328125,8.189727783203125,people people people ed,0.0003198335790084,24.71120136976242,6.177800342440605,3.0,5.0,0.0,8.0,0.0,3.0
1259,A lot of PPL showed up to the event.,PPL showed up to,ppl showed up to,is_multiword,0,3,3|4|5|6,1,5.084211754798889,0,1.0,,,,,,,,,,,,,,,,,,,,,,,,,,,,,,,a lot of <mask> <mask> <mask> <mask> <mask> the event,▁p pl ▁showed ▁up ▁to,5.0,3.90581434470277e-16,35.47889518737793,7.095779037475586,people and the people at,4.284865022641987e-05,25.42105877399445,5.084211754798889,3.0,6.0,0.0,8.0,0.0,4.0
1259,A lot of PPL showed up to the event.,showed up,showed up,is_multiword,0,4,4|5,1,2.5370331406593323,1,1.0,,,,,,,,,,,,,,,,,,,,,,,,,,,,,,,a lot of ppl <mask> <mask> to the event,▁showed ▁up,2.0,0.0001330749601192,8.924597978591919,4.46229898929596,were ed,0.0212684250679162,5.0740662813186646,2.5370331406593323,4.0,5.0,0.0,8.0,0.0,2.0
1259,A lot of PPL showed up to the event.,showed up to,showed up to,is_multiword,0,4,4|5|6,1,1.961429754892985,0,1.0,,,,,,,,,,,,,,,,,,,,,,,,,,,,,,,a lot of ppl <mask> <mask> <mask> the event,▁showed ▁up ▁to,3.0,4.113305879295907e-06,12.401283502578735,4.133761167526245,were ed at,0.0014781052647746,5.884289264678955,1.961429754892985,4.0,6.0,0.0,8.0,0.0,3.0
1259,A lot of PPL showed up to the event.,up to,up to,is_multiword,0,5,5|6,1,1.7735786139965055,0,1.0,,,,,,,,,,,,,,,,,,,,,,,,,,,,,,,a lot of ppl showed <mask> <mask> the event,▁up ▁to,2.0,0.0184953797047765,3.9902343237772575,1.9951171618886288,up at,0.6420577052373108,3.5471572279930115,1.7735786139965055,5.0,6.0,0.0,8.0,0.0,2.0
1262,I’ll PROBS be there by 7.,I’ll PROBS,i'll probs,is_multiword,0,0,0|1,1,4.485319566726685,0,1.0,,,,,,,,,,,,,,,,,,,,,,,,,,,,,,,<mask> <mask> <mask> <mask> <mask> be there by 7,▁i ' ll ▁prob s,5.0,7.662556582093329e-16,34.80501580238342,6.961003160476684,</s> : : ' will,4.208442342029179e-06,22.426597833633423,4.485319566726685,0.0,1.0,0.0,5.0,0.0,2.0
1275,"PTL, we made it home safely!",made it,made it,is_multiword,0,2,2|3,1,4.318927705287933,1,1.0,,,,,,,,,,,,,,,,,,,,,,,,,,,,,,,ptl we <mask> <mask> home safely,▁made ▁it,2.0,8.470982975738936e-06,11.678864002227783,5.839432001113892,can your,0.0477866679459974,8.637855410575867,4.318927705287933,2.0,3.0,0.0,5.0,0.0,2.0
1278,I’ll be taking some PTO next week.,I’ll be,i'll be,is_multiword,0,0,0|1,1,1.9226445853710172,0,1.0,,,,,,,,,,,,,,,,,,,,,,,,,,,,,,,<mask> <mask> <mask> <mask> taking some pto next week,▁i ' ll ▁be,4.0,8.258192739383299e-09,18.61206007003784,4.6530150175094604," , ' start",1.8065947801671783e-05,7.69057834148407,1.9226445853710172,0.0,1.0,0.0,6.0,0.0,2.0
1278,I’ll be taking some PTO next week.,I’ll be taking,i'll be taking,is_multiword,0,0,0|1|2,1,3.005981540679932,1,1.0,,,,,,,,,,,,,,,,,,,,,,,,,,,,,,,<mask> <mask> <mask> <mask> <mask> some pto next week,▁i ' ll ▁be ▁taking,5.0,1.780963041730962e-12,27.05386686325073,5.410773372650146," , , to get",5.998751703182628e-06,15.029907703399658,3.005981540679932,0.0,2.0,0.0,6.0,0.0,3.0
1278,I’ll be taking some PTO next week.,be taking,be taking,is_multiword,0,1,1|2,1,1.5436631441116333,0,1.0,,,,,,,,,,,,,,,,,,,,,,,,,,,,,,,i'll <mask> <mask> some pto next week,▁be ▁taking,2.0,0.0009722787402343,6.93586802482605,3.467934012413025,be you,0.0213107905361516,3.0873262882232666,1.5436631441116333,1.0,2.0,0.0,6.0,0.0,2.0
1286,She’s such a PYT!,She’s such,she's such,is_multiword,0,0,0|1,1,2.741566061973572,1,1.0,,,,,,,,,,,,,,,,,,,,,,,,,,,,,,,<mask> <mask> <mask> <mask> a pyt,▁she ' s ▁such,4.0,5.557978176109042e-11,23.61320161819458,5.903300404548645,   is,3.217398737781766e-06,10.966264247894289,2.741566061973572,0.0,1.0,0.0,3.0,0.0,2.0
1290,"Hey, Q4U—what’s the plan for tonight?",Q 4,q 4,is_multiword,0,1,1|2,1,4.546909376978874,0,1.0,,,,,,,,,,,,,,,,,,,,,,,,,,,,,,,hey <mask> <mask> <mask> <mask> <mask> <mask> <mask> <mask> plan for tonight,▁q 4 u - what ' s ▁the,8.0,5.784491320100822e-24,53.50686180591583,6.688357725739479,", , , , you what have the",3.629496574206464e-08,36.375275015830994,4.546909376978874,1.0,2.0,0.0,5.0,0.0,2.0
1290,"Hey, Q4U—what’s the plan for tonight?",Q 4 U,q 4 u,is_multiword,0,1,1|2|3,1,4.564866397115919,0,1.0,,,,,,,,,,,,,,,,,,,,,,,,,,,,,,,hey <mask> <mask> <mask> <mask> <mask> <mask> <mask> <mask> <mask> for tonight,▁q 4 u - what ' s ▁the ▁plan,9.0,8.740754078212098e-28,62.304386138916016,6.922709570990668,", , , , ' ' ' a me",6.081566829918158e-10,41.08379757404328,4.564866397115919,1.0,3.0,0.0,5.0,0.0,3.0
1290,"Hey, Q4U—what’s the plan for tonight?",4 U,4 u,is_multiword,0,2,2|3,1,0.3337306678295135,0,1.0,,,,,,,,,,,,,,,,,,,,,,,,,,,,,,,hey q4u-what's <mask> <mask> for tonight,▁the ▁plan,2.0,0.041341565361903,3.185886859893799,1.5929434299468994,your plan,0.080586388231434,0.6674613356590271,0.3337306678295135,2.0,3.0,0.0,5.0,0.0,2.0
1294,They said they’d never change their mind… QFI.,mind QFI,mind qfi,is_multiword,0,6,6|7,1,7.190031925837199,0,1.0,,,,,,,,,,,,,,,,,,,,,,,,,,,,,,,they said they'd never change their <mask> <mask> <mask>,▁mind ▁q fi,3.0,1.1675160654772745e-12,27.4761426448822,9.158714214960732, s .,0.0027229297418423,21.5700957775116,7.190031925837199,6.0,7.0,0.0,7.0,0.0,2.0
1295,"What they said was spot on, QFT.",spot on,spot on,is_multiword,0,4,4|5,1,4.776283144950867,1,1.0,,,,,,,,,,,,,,,,,,,,,,,,,,,,,,,what they said was <mask> <mask> qft,▁spot ▁on,2.0,4.385439536593383e-07,14.639805793762209,7.319902896881103,true .,0.0061750425619987,9.552566289901732,4.776283144950867,4.0,5.0,0.0,6.0,0.0,2.0
1299,"I lost my keys, Q_Q.",Q Q,q q,is_multiword,1,4,4|5,1,7.15664666891098,1,1.0,,,,,,,,,,,,,,,,,,,,,,,,,,,,,,,i lost my keys <mask> <mask>,▁q ▁q,2.0,1.1608920747902666e-08,18.27149200439453,9.135746002197266,i </s>,0.0190974842632117,14.31329333782196,7.15664666891098,4.0,5.0,0.0,5.0,0.0,2.0
1303,"Look at that dog, such a QT!",such a,such a,is_multiword,0,4,4|5,1,5.910709470510483,0,1.0,,,,,,,,,,,,,,,,,,,,,,,,,,,,,,,look at that dog <mask> <mask> qt,▁such ▁a,2.0,5.994252316595772e-07,14.32729458808899,7.163647294044495,in the,0.0816041102909513,11.821418941020966,5.910709470510483,4.0,5.0,0.0,6.0,0.0,2.0
1303,"Look at that dog, such a QT!",such a QT,such a qt,is_multiword,0,4,4|5|6,1,4.817607223987579,0,1.0,,,,,,,,,,,,,,,,,,,,,,,,,,,,,,,look at that dog <mask> <mask> <mask> <mask>,▁such ▁a ▁q t,4.0,5.0584176897488677e-14,30.615137577056885,7.653784394264221,",  . .",1.1831930800149389e-05,19.27042889595032,4.817607223987579,4.0,6.0,0.0,6.0,0.0,3.0
1303,"Look at that dog, such a QT!",a QT,a qt,is_multiword,0,5,5|6,1,3.744636615117391,0,1.0,,,,,,,,,,,,,,,,,,,,,,,,,,,,,,,look at that dog such <mask> <mask> <mask>,▁a ▁q t,3.0,7.451943486430713e-08,16.41220587491989,5.470735291639964,a cute .,0.0056376045460708,11.233909845352173,3.744636615117391,5.0,6.0,0.0,6.0,0.0,2.0
1306,R8 my outfit from 1 to 10!,R 8,r 8,is_multiword,0,0,0|1,1,5.259939988454183,0,1.0,,,,,,,,,,,,,,,,,,,,,,,,,,,,,,,<mask> <mask> <mask> outfit from 1 to 10,▁r 8 ▁my,3.0,8.001446691822272e-12,25.551398754119877,8.517132918039957, s your,5.705021068026928e-05,15.779819965362549,5.259939988454183,0.0,1.0,0.0,6.0,0.0,2.0
1332,The pay raise will be RTRCTV to last month.,pay raise,pay raise,is_multiword,0,1,1|2,1,7.019460678100586,1,1.0,,,,,,,,,,,,,,,,,,,,,,,,,,,,,,,the <mask> <mask> will be rtrctv to last month,▁pay ▁raise,2.0,5.4269529684513e-09,19.03188800811768,9.515944004058838,next month,0.0067855043734349,14.038921356201172,7.019460678100586,1.0,2.0,0.0,8.0,0.0,2.0
1341,Got to get back to RW responsibilities.,get back,get back,is_multiword,0,2,2|3,1,0.4991340637207031,1,1.0,,,,,,,,,,,,,,,,,,,,,,,,,,,,,,,got to <mask> <mask> to rw responsibilities,▁get ▁back,2.0,0.0022630494936007,6.0910420417785645,3.0455210208892822,work back,0.0061409617373764,0.9982681274414062,0.4991340637207031,2.0,3.0,0.0,6.0,0.0,2.0
1347,"S2R your address, and I’ll mail it.",S 2,s 2,is_multiword,0,0,0|1,1,7.709523346275091,0,1.0,,,,,,,,,,,,,,,,,,,,,,,,,,,,,,,<mask> <mask> <mask> <mask> address and i'll mail it,▁s 2 r ▁your,4.0,1.3628816305072388e-15,34.229175090789795,8.557293772697449,Send me your email,0.0336722337459237,30.838093385100365,7.709523346275091,0.0,1.0,0.0,6.0,0.0,2.0
1348,"S2S, but the event has been canceled.",S 2,s 2,is_multiword,0,0,0|1,1,3.15743824839592,0,1.0,,,,,,,,,,,,,,,,,,,,,,,,,,,,,,,<mask> <mask> <mask> <mask> the event has been canceled,▁s 2 s ▁but,4.0,3.254952926678341e-11,24.14825820922852,6.037064552307129, the s of,9.944357872215592e-06,12.62975299358368,3.15743824839592,0.0,1.0,0.0,6.0,0.0,2.0
1348,"S2S, but the event has been canceled.",S 2 S,s 2 s,is_multiword,0,0,0|1|2,1,3.395906591415405,0,1.0,,,,,,,,,,,,,,,,,,,,,,,,,,,,,,,<mask> <mask> <mask> <mask> <mask> event has been canceled,▁s 2 s ▁but ▁the,5.0,1.038923975303254e-13,29.89542067050934,5.979084134101868," , , </s> This",2.458675633307039e-06,16.979532957077026,3.395906591415405,0.0,2.0,0.0,6.0,0.0,3.0
1348,"S2S, but the event has been canceled.",2 S,2 s,is_multiword,0,1,1|2,1,5.266061544418335,1,1.0,,,,,,,,,,,,,,,,,,,,,,,,,,,,,,,s2s <mask> <mask> event has been canceled,▁but ▁the,2.0,2.4886546343155985e-06,12.903768301010132,6.451884150505066,: This,0.0933270570930703,10.53212308883667,5.266061544418335,1.0,2.0,0.0,6.0,0.0,2.0
1349,"If you sign up for that site, you’ll get S4L.",sign up,sign up,is_multiword,0,2,2|3,1,0.2984123229980469,0,1.0,,,,,,,,,,,,,,,,,,,,,,,,,,,,,,,if you <mask> <mask> for that site you'll get s4l,▁sign ▁up,2.0,0.009486425288361,4.657893419265747,2.328946709632873,sign paying,0.0172305936728521,0.5968246459960938,0.2984123229980469,2.0,3.0,0.0,9.0,0.0,2.0
1349,"If you sign up for that site, you’ll get S4L.",sign up for,sign up for,is_multiword,0,2,2|3|4,1,1.3256479899088542,1,1.0,,,,,,,,,,,,,,,,,,,,,,,,,,,,,,,if you <mask> <mask> <mask> that site you'll get s4l,▁sign ▁up ▁for,3.0,6.531301958545333e-05,9.636319160461426,3.212106386820475,' to on,0.0034846934869412,3.9769439697265625,1.3256479899088542,2.0,4.0,0.0,9.0,0.0,3.0
1349,"If you sign up for that site, you’ll get S4L.",up for,up for,is_multiword,0,3,3|4,1,0.0252037048339843,0,1.0,,,,,,,,,,,,,,,,,,,,,,,,,,,,,,,if you sign <mask> <mask> that site you'll get s4l,▁up ▁for,2.0,0.2794915779052336,1.274783119559288,0.637391559779644,up on,0.2939411476063976,0.0504074096679687,0.0252037048339843,3.0,4.0,0.0,9.0,0.0,2.0
1369,I totally SHIP those two characters!,totally SHIP,totally ship,is_multiword,0,1,1|2,1,9.297274887561798,0,1.0,,,,,,,,,,,,,,,,,,,,,,,,,,,,,,,i <mask> <mask> those two characters,▁totally ▁ship,2.0,1.8439825581590142e-10,22.413923263549805,11.206961631774902,love suka,0.0219415432197231,18.5945497751236,9.297274887561798,1.0,2.0,0.0,5.0,0.0,2.0
1371,"I’m late, SIG2R!",SIG 2,sig 2,is_multiword,0,2,,1,,0,1.0,,,,,,,,,,,,,,,,,,,,,,,,,,,,,,,,,,,,,,,,,,,,,,
1371,"I’m late, SIG2R!",SIG 2 R,sig 2 r,is_multiword,0,2,,1,,0,1.0,,,,,,,,,,,,,,,,,,,,,,,,,,,,,,,,,,,,,,,,,,,,,,
1371,"I’m late, SIG2R!",2 R,2 r,is_multiword,0,3,,1,,0,1.0,,,,,,,,,,,,,,,,,,,,,,,,,,,,,,,,,,,,,,,,,,,,,,
1380,We’re going to SK8 at the park later.,SK 8,sk 8,is_multiword,0,3,3|4,1,8.199607769648233,0,1.0,,,,,,,,,,,,,,,,,,,,,,,,,,,,,,,we're going to <mask> <mask> <mask> the park later,▁sk 8 ▁at,3.0,1.0426874991235628e-13,29.891804695129395,9.963934898376465,see out in,0.0050267512103099,24.598823308944706,8.199607769648233,3.0,4.0,0.0,7.0,0.0,2.0
1381,I’ve been SK8NG since I was a kid.,SK 8,sk 8,is_multiword,0,2,2|3,1,6.810054957866669,0,1.0,,,,,,,,,,,,,,,,,,,,,,,,,,,,,,,i've been <mask> <mask> <mask> <mask> i was a kid,▁sk 8 ng ▁since,4.0,4.224016220719951e-16,35.40057510137558,8.850143775343895,around with since since,0.0002857608545286,27.240219831466675,6.810054957866669,2.0,3.0,0.0,7.0,0.0,2.0
1381,I’ve been SK8NG since I was a kid.,SK 8 NG,sk 8 ng,is_multiword,0,2,2|3|4,1,5.85859375,0,1.0,,,,,,,,,,,,,,,,,,,,,,,,,,,,,,,i've been <mask> <mask> <mask> <mask> <mask> was a kid,▁sk 8 ng ▁since ▁i,5.0,5.484424802580837e-17,37.44203436002135,7.488406872004271,around with since since i,0.0002890052771391,29.29296875,5.85859375,2.0,4.0,0.0,7.0,0.0,3.0
1381,I’ve been SK8NG since I was a kid.,8 NG,8 ng,is_multiword,0,3,3|4,1,0.0,0,1.0,,,,,,,,,,,,,,,,,,,,,,,,,,,,,,,i've been sk8ng <mask> <mask> was a kid,▁since ▁i,2.0,0.6989542407984016,0.3581700026988983,0.1790850013494491,since i,0.6989542407984016,0.0,0.0,3.0,4.0,0.0,7.0,0.0,2.0
1382,He’s a total SK8R with all the tricks.,total SK,total sk,is_multiword,0,2,2|3,1,5.578825891017914,0,1.0,,,,,,,,,,,,,,,,,,,,,,,,,,,,,,,he's a <mask> <mask> <mask> <mask> with all the tricks,▁total ▁sk 8 r,4.0,4.704576794828657e-15,32.99024057388306,8.247560143470764,very - and guy,2.311712183970479e-05,22.31530356407165,5.578825891017914,2.0,3.0,0.0,7.0,0.0,2.0
1382,He’s a total SK8R with all the tricks.,total SK 8,total sk 8,is_multiword,0,2,2|3|4,1,5.684998989105225,0,1.0,,,,,,,,,,,,,,,,,,,,,,,,,,,,,,,he's a <mask> <mask> <mask> <mask> <mask> all the tricks,▁total ▁sk 8 r ▁with,5.0,4.45945787063737e-18,39.95150446891785,7.990300893783569,very guy and ' knows,9.865077885448948e-06,28.424994945526123,5.684998989105225,2.0,4.0,0.0,7.0,0.0,3.0
1382,He’s a total SK8R with all the tricks.,total SK 8 R,total sk 8 r,is_multiword,0,2,2|3|4|5,1,5.266743342081706,0,1.0,,,,,,,,,,,,,,,,,,,,,,,,,,,,,,,he's a <mask> <mask> <mask> <mask> <mask> <mask> the tricks,▁total ▁sk 8 r ▁with ▁all,6.0,2.1747805987758624e-20,45.27477407455444,7.545795679092407,good guy and ' s all,1.1516509665034217e-06,31.600460052490234,5.266743342081706,2.0,5.0,0.0,7.0,0.0,4.0
1382,He’s a total SK8R with all the tricks.,SK 8,sk 8,is_multiword,0,3,3|4,1,6.249290585517883,1,1.0,,,,,,,,,,,,,,,,,,,,,,,,,,,,,,,he's a total <mask> <mask> <mask> <mask> all the tricks,▁sk 8 r ▁with,4.0,5.185468489460541e-15,32.892916202545166,8.223229050636292,master and he knows,0.0003723211161934,24.997162342071533,6.249290585517883,3.0,4.0,0.0,7.0,0.0,2.0
1382,He’s a total SK8R with all the tricks.,SK 8 R,sk 8 r,is_multiword,0,3,3|4|5,1,5.152366685867309,0,1.0,,,,,,,,,,,,,,,,,,,,,,,,,,,,,,,he's a total <mask> <mask> <mask> <mask> <mask> the tricks,▁sk 8 r ▁with ▁all,5.0,6.65802527357277e-17,37.24812364578247,7.449624729156494,master and and to all,1.0269931371754176e-05,25.761833429336548,5.152366685867309,3.0,5.0,0.0,7.0,0.0,3.0
1382,He’s a total SK8R with all the tricks.,8 R,8 r,is_multiword,0,4,4|5,1,0.8493995666503906,0,1.0,,,,,,,,,,,,,,,,,,,,,,,,,,,,,,,he's a total sk8r <mask> <mask> the tricks,▁with ▁all,2.0,0.0084535087269332,4.773173689842224,2.386586844921112,to all,0.0462185264187067,1.6987991333007812,0.8493995666503906,4.0,5.0,0.0,7.0,0.0,2.0
1407,"He’s so SQ, always following the rules.",He’s so,he's so,is_multiword,0,0,0|1,1,2.7031251192092896,0,1.0,,,,,,,,,,,,,,,,,,,,,,,,,,,,,,,<mask> <mask> <mask> <mask> sq always following the rules,▁he ' s ▁so,4.0,2.2536839019038213e-11,24.515869855880737,6.128967463970184," , s ,",1.1186707822308318e-06,10.812500476837158,2.7031251192092896,0.0,1.0,0.0,6.0,0.0,2.0
1407,"He’s so SQ, always following the rules.",He’s so SQ,he's so sq,is_multiword,0,0,0|1|2,1,5.075449705123901,0,1.0,,,,,,,,,,,,,,,,,,,,,,,,,,,,,,,<mask> <mask> <mask> <mask> <mask> <mask> always following the rules,▁he ' s ▁so ▁s q,6.0,1.9496656492365762e-21,47.68662905693054,7.947771509488423," to : , you to",3.2764152651302027e-08,30.452698230743408,5.075449705123901,0.0,2.0,0.0,6.0,0.0,3.0
1407,"He’s so SQ, always following the rules.",so SQ,so sq,is_multiword,0,1,1|2,1,6.267918904622396,0,1.0,,,,,,,,,,,,,,,,,,,,,,,,,,,,,,,he's <mask> <mask> <mask> always following the rules,▁so ▁s q,3.0,9.544661713096188e-12,25.375039100646973,8.458346366882324,not he to,0.0014000009178138,18.803756713867188,6.267918904622396,1.0,2.0,0.0,6.0,0.0,2.0
1409,SS for being late!,SS for,ss for,is_multiword,0,0,0|1,1,2.762908856074015,0,1.0,,,,,,,,,,,,,,,,,,,,,,,,,,,,,,,<mask> <mask> <mask> being late,▁s s ▁for,3.0,2.2627095810413466e-07,15.30153262615204,5.100510875384013, Sorry for,0.000900278806215,8.288726568222046,2.762908856074015,0.0,1.0,0.0,3.0,0.0,2.0
1409,SS for being late!,SS for being,ss for being,is_multiword,0,0,0|1|2,1,3.6541887521743774,0,1.0,,,,,,,,,,,,,,,,,,,,,,,,,,,,,,,<mask> <mask> <mask> <mask> late,▁s s ▁for ▁being,4.0,5.057277246180395e-12,26.01019287109375,6.5025482177734375,"</s> : , too",1.1269192730822946e-05,14.61675500869751,3.6541887521743774,0.0,2.0,0.0,3.0,0.0,3.0
1409,SS for being late!,for being,for being,is_multiword,0,1,1|2,1,4.6377716064453125,1,1.0,,,,,,,,,,,,,,,,,,,,,,,,,,,,,,,ss <mask> <mask> late,▁for ▁being,2.0,1.3239300813499685e-06,13.534905910491943,6.767452955245972,s too,0.0141313054558914,9.275543212890623,4.6377716064453125,1.0,2.0,0.0,3.0,0.0,2.0
1414,I totally Stan for that band!,totally Stan,totally stan,is_multiword,0,1,1|2,1,8.813947200775146,0,1.0,,,,,,,,,,,,,,,,,,,,,,,,,,,,,,,i <mask> <mask> for that band,▁totally ▁stan,2.0,2.9770943815366405e-10,21.934903144836422,10.967451572418211,love love,0.0134737929487555,17.627894401550293,8.813947200775146,1.0,2.0,0.0,5.0,0.0,2.0
1414,I totally Stan for that band!,totally Stan for,totally stan for,is_multiword,0,1,1|2|3,1,6.04510760307312,0,1.0,,,,,,,,,,,,,,,,,,,,,,,,,,,,,,,i <mask> <mask> <mask> that band,▁totally ▁stan ▁for,3.0,3.0513082463562253e-11,24.212865591049194,8.070955197016398,love to like,0.0022938061157469,18.13532280921936,6.04510760307312,1.0,3.0,0.0,5.0,0.0,3.0
1414,I totally Stan for that band!,Stan for,stan for,is_multiword,0,2,2|3,1,6.679969727993012,0,1.0,,,,,,,,,,,,,,,,,,,,,,,,,,,,,,,i totally <mask> <mask> that band,▁stan ▁for,2.0,3.1342831441157014e-08,17.27828025817871,8.639140129089355,love about,0.0198740423710212,13.359939455986025,6.679969727993012,2.0,3.0,0.0,5.0,0.0,2.0
1420,"Heading out now, SUL!",Heading out,heading out,is_multiword,0,0,0|1,1,4.871473789215088,0,1.0,,,,,,,,,,,,,,,,,,,,,,,,,,,,,,,<mask> <mask> <mask> now sul,▁head ing ▁out,3.0,1.397147596321852e-11,24.99400329589844,8.331334431966146,"</s> : ,",3.1060242641374526e-05,14.614421367645264,4.871473789215088,0.0,1.0,0.0,3.0,0.0,2.0
1421,SUP? Haven’t heard from you in a while.,SUP Haven’t,sup haven't,is_multiword,0,0,0|1,1,5.280268430709839,0,1.0,,,,,,,,,,,,,,,,,,,,,,,,,,,,,,,<mask> <mask> <mask> <mask> heard from you in a while,▁sup ▁haven ' t,4.0,3.335251412041989e-13,28.729058146476746,7.182264536619186,"I , ' never",0.0004964715269593,21.121073722839355,5.280268430709839,0.0,1.0,0.0,7.0,0.0,2.0
1425,I got so much SWAG at the conference!,so much,so much,is_multiword,0,2,2|3,1,2.172330886125565,1,1.0,,,,,,,,,,,,,,,,,,,,,,,,,,,,,,,i got <mask> <mask> swag at the conference,▁so ▁much,2.0,0.000397787843595,7.829591751098633,3.914795875549317,a pretty,0.030655904915848,4.344661772251129,2.172330886125565,2.0,3.0,0.0,7.0,0.0,2.0
1431,SWMBO says I need to mow the lawn.,SWMBO says,swmbo says,is_multiword,0,0,0|1,1,5.312528491020203,1,1.0,,,,,,,,,,,,,,,,,,,,,,,,,,,,,,,<mask> <mask> <mask> <mask> i need to mow the lawn,▁s w mbo ▁says,4.0,2.3091307992364985e-14,31.399320125579838,7.8498300313949585,i i i why,3.910711408954235e-05,21.25011396408081,5.312528491020203,0.0,1.0,0.0,7.0,0.0,2.0
1436,"You’re the best, T4BU!",4 BU,4 bu,is_multiword,0,4,,1,,0,1.0,,,,,,,,,,,,,,,,,,,,,,,,,,,,,,,,,,,,,,,,,,,,,,
1437,Having a rough day? T:)T!,T T,t t,is_multiword,1,4,4|5,1,6.763650894165039,1,1.0,,,,,,,,,,,,,,,,,,,,,,,,,,,,,,,having a rough day <mask> <mask>,▁t ▁t,2.0,2.983441213168409e-08,17.327603340148926,8.663801670074463,with </s>,0.0223640269262473,13.527301788330078,6.763650894165039,4.0,5.0,0.0,5.0,0.0,2.0
1439,"Got to sign off, TAFN!",sign off,sign off,is_multiword,0,2,2|3,1,4.635005831718445,1,1.0,,,,,,,,,,,,,,,,,,,,,,,,,,,,,,,got to <mask> <mask> tafn,▁sign ▁off,2.0,3.018308354149333e-07,15.013399124145508,7.506699562072754,the the,0.003203896797834,9.27001166343689,4.635005831718445,2.0,3.0,0.0,4.0,0.0,2.0
1442,I totally TANKED that boss in the game.,totally TANKED,totally tanked,is_multiword,0,1,1|2,1,6.872907002766927,1,1.0,,,,,,,,,,,,,,,,,,,,,,,,,,,,,,,i <mask> <mask> <mask> that boss in the game,▁totally ▁tanke d,3.0,6.001417062896413e-12,25.839025497436523,8.613008499145508,want to like,0.0054056829041097,20.61872100830078,6.872907002766927,1.0,2.0,0.0,7.0,0.0,2.0
1444,The project is TARFU right now.,right now,right now,is_multiword,0,4,4|5,1,7.839282989501953,1,1.0,,,,,,,,,,,,,,,,,,,,,,,,,,,,,,,the project is tarfu <mask> <mask>,▁right ▁now,2.0,1.4178069851840033e-08,18.071569442749023,9.035784721374512,. .,0.091354890316822,15.678565979003906,7.839282989501953,4.0,5.0,0.0,5.0,0.0,2.0
1454,I’ve got to TCB before the deadline.,I’ve got,i've got,is_multiword,0,0,0|1,1,4.24232017993927,1,1.0,,,,,,,,,,,,,,,,,,,,,,,,,,,,,,,<mask> <mask> <mask> <mask> to tcb before the deadline,▁i ' ve ▁got,4.0,2.0140309330644159e-13,29.233468055725098,7.308367013931274,Please : to apply,4.717708630086276e-06,16.96928071975708,4.24232017993927,0.0,1.0,0.0,6.0,0.0,2.0
1457,He sent me a flirty message saying TD2M.,2 M,2 m,is_multiword,0,8,,1,,0,1.0,,,,,,,,,,,,,,,,,,,,,,,,,,,,,,,,,,,,,,,,,,,,,,
1463,"TFTI, but I can’t make it to the party.",can’t make,can't make,is_multiword,0,3,3|4,1,0.7174434959888458,0,1.0,,,,,,,,,,,,,,,,,,,,,,,,,,,,,,,tfti but i <mask> <mask> <mask> <mask> it to the party,▁can ' t ▁make,4.0,4.49464197990556e-05,10.010039448738098,2.5025098621845245,don ' to make,0.0007925416766341,2.8697739839553837,0.7174434959888458,3.0,4.0,0.0,8.0,0.0,2.0
1463,"TFTI, but I can’t make it to the party.",can’t make it,can't make it,is_multiword,0,3,3|4|5,1,1.797071099281311,1,1.0,,,,,,,,,,,,,,,,,,,,,,,,,,,,,,,tfti but i <mask> <mask> <mask> <mask> <mask> to the party,▁can ' t ▁make ▁it,5.0,1.1293487528488662e-08,18.299039602279663,3.6598079204559326,don ' to to go,9.01816935149795e-05,8.985355496406555,1.797071099281311,3.0,5.0,0.0,8.0,0.0,3.0
1463,"TFTI, but I can’t make it to the party.",make it,make it,is_multiword,0,4,4|5,1,1.1225624084472656,0,1.0,,,,,,,,,,,,,,,,,,,,,,,,,,,,,,,tfti but i can't <mask> <mask> to the party,▁make ▁it,2.0,0.0054795011466529,5.206741213798523,2.603370606899261,get it,0.0517352248936322,2.2451248168945312,1.1225624084472656,4.0,5.0,0.0,8.0,0.0,2.0
1477,"I’ve got to go, TLK2UL8R!",I’ve got,i've got,is_multiword,0,0,0|1,1,2.9998054206371307,1,1.0,,,,,,,,,,,,,,,,,,,,,,,,,,,,,,,<mask> <mask> <mask> <mask> to go tlk2ul8r,▁i ' ve ▁got,4.0,9.625128610980207e-11,23.06405878067017,5.7660146951675415,</s> you : where,1.565317011673515e-05,11.999221682548525,2.9998054206371307,0.0,1.0,0.0,4.0,0.0,2.0
1477,"I’ve got to go, TLK2UL8R!",TLK 2,tlk 2,is_multiword,0,4,,1,,0,1.0,,,,,,,,,,,,,,,,,,,,,,,,,,,,,,,,,,,,,,,,,,,,,,
1477,"I’ve got to go, TLK2UL8R!",TLK 2 UL,tlk 2 ul,is_multiword,0,4,,1,,0,1.0,,,,,,,,,,,,,,,,,,,,,,,,,,,,,,,,,,,,,,,,,,,,,,
1477,"I’ve got to go, TLK2UL8R!",TLK 2 UL 8,tlk 2 ul 8,is_multiword,0,4,,1,,0,1.0,,,,,,,,,,,,,,,,,,,,,,,,,,,,,,,,,,,,,,,,,,,,,,
1477,"I’ve got to go, TLK2UL8R!",TLK 2 UL 8 R,tlk 2 ul 8 r,is_multiword,0,4,,1,,0,1.0,,,,,,,,,,,,,,,,,,,,,,,,,,,,,,,,,,,,,,,,,,,,,,
1477,"I’ve got to go, TLK2UL8R!",2 UL,2 ul,is_multiword,0,5,,1,,0,1.0,,,,,,,,,,,,,,,,,,,,,,,,,,,,,,,,,,,,,,,,,,,,,,
1477,"I’ve got to go, TLK2UL8R!",2 UL 8,2 ul 8,is_multiword,0,5,,1,,0,1.0,,,,,,,,,,,,,,,,,,,,,,,,,,,,,,,,,,,,,,,,,,,,,,
1477,"I’ve got to go, TLK2UL8R!",2 UL 8 R,2 ul 8 r,is_multiword,0,5,,1,,0,1.0,,,,,,,,,,,,,,,,,,,,,,,,,,,,,,,,,,,,,,,,,,,,,,
1477,"I’ve got to go, TLK2UL8R!",UL 8,ul 8,is_multiword,0,6,,1,,0,1.0,,,,,,,,,,,,,,,,,,,,,,,,,,,,,,,,,,,,,,,,,,,,,,
1477,"I’ve got to go, TLK2UL8R!",UL 8 R,ul 8 r,is_multiword,0,6,,1,,0,1.0,,,,,,,,,,,,,,,,,,,,,,,,,,,,,,,,,,,,,,,,,,,,,,
1477,"I’ve got to go, TLK2UL8R!",8 R,8 r,is_multiword,0,7,,1,,0,1.0,,,,,,,,,,,,,,,,,,,,,,,,,,,,,,,,,,,,,,,,,,,,,,
1479,Here’s the summary of the report: TL;DR.,TL DR,tl dr,is_multiword,1,6,6|7,1,15.364238381385803,0,1.0,,,,,,,,,,,,,,,,,,,,,,,,,,,,,,,here's the summary of the report <mask> <mask>,▁tl ▁dr,2.0,6.8551041913487886e-15,32.61378288269043,16.306891441345215,: </s>,0.1517825886432626,30.728476762771606,15.364238381385803,6.0,7.0,0.0,7.0,0.0,2.0
1505,"Don’t worry, TTTT—it’ll get better.",TTTT it’ll,tttt it'll,is_multiword,0,2,2|3,1,3.837518960237503,1,1.0,,,,,,,,,,,,,,,,,,,,,,,,,,,,,,,don't worry <mask> <mask> <mask> <mask> <mask> <mask> <mask> <mask> better,▁ tt tt - it ' ll ▁get,8.0,1.688873823288255e-22,50.13281011581421,6.266601264476776,", , , , , , , s",3.634993791595216e-09,30.700151681900024,3.837518960237503,2.0,3.0,0.0,4.0,0.0,2.0
1506,"I’ve got to run, TTUL!",I’ve got,i've got,is_multiword,0,0,0|1,1,2.693402200937271,1,1.0,,,,,,,,,,,,,,,,,,,,,,,,,,,,,,,<mask> <mask> <mask> <mask> to run ttul,▁i ' ve ▁got,4.0,9.64929601479209e-10,20.758965969085693,5.189741492271423,</s> you the how,4.606960442992846e-05,10.773608803749084,2.693402200937271,0.0,1.0,0.0,4.0,0.0,2.0
1513,"I’ve got to head out, TTYL!",I’ve got,i've got,is_multiword,0,0,0|1,1,2.9953545928001404,1,1.0,,,,,,,,,,,,,,,,,,,,,,,,,,,,,,,<mask> <mask> <mask> <mask> to head out ttyl,▁i ' ve ▁got,4.0,1.8851207465526123e-10,22.39185905456543,5.597964763641357,</s> the the places,3.01164000217855e-05,11.981418371200562,2.9953545928001404,0.0,1.0,0.0,5.0,0.0,2.0
1513,"I’ve got to head out, TTYL!",head out,head out,is_multiword,0,3,3|4,1,3.962497770786285,0,1.0,,,,,,,,,,,,,,,,,,,,,,,,,,,,,,,i've got to <mask> <mask> ttyl,▁head ▁out,2.0,3.4151363189367557e-06,12.587293148040771,6.293646574020386,do a,0.0094447371640457,7.924995541572571,3.962497770786285,3.0,4.0,0.0,5.0,0.0,2.0
1514,"Let’s catch up later, TTYS!",catch up,catch up,is_multiword,0,1,1|2,1,2.800731837749481,1,1.0,,,,,,,,,,,,,,,,,,,,,,,,,,,,,,,let's <mask> <mask> later ttys,▁catch ▁up,2.0,0.0001190837379703,9.035683631896973,4.517841815948486,see it,0.0322505572636052,5.601463675498962,2.800731837749481,1.0,2.0,0.0,4.0,0.0,2.0
1526,"Woke up with a bruise, total UDI from last night.",total UDI,total udi,is_multiword,0,5,5|6,1,8.343089938163757,0,1.0,,,,,,,,,,,,,,,,,,,,,,,,,,,,,,,woke up with a bruise <mask> <mask> <mask> from last night,▁total ▁ udi,3.0,8.964900118056632e-14,30.04287433624268,10.014291445414225,in my eyes,0.0066469011742772,25.029269814491272,8.343089938163757,5.0,6.0,0.0,9.0,0.0,2.0
1535,I’ll UL the files to the server.,I’ll UL,i'll ul,is_multiword,0,0,0|1,1,6.087821960449219,0,1.0,,,,,,,,,,,,,,,,,,,,,,,,,,,,,,,<mask> <mask> <mask> <mask> the files to the server,▁i ' ll ▁ul,4.0,6.099000981874048e-16,35.033236503601074,8.758309125900269, . to ing,2.2955599557053527e-05,24.351287841796875,6.087821960449219,0.0,1.0,0.0,6.0,0.0,2.0
1538,That accident was really UN4TUN8.,UN 4,un 4,is_multiword,0,4,,1,,0,1.0,,,,,,,,,,,,,,,,,,,,,,,,,,,,,,,,,,,,,,,,,,,,,,
1538,That accident was really UN4TUN8.,UN 4 TUN,un 4 tun,is_multiword,0,4,,1,,0,1.0,,,,,,,,,,,,,,,,,,,,,,,,,,,,,,,,,,,,,,,,,,,,,,
1538,That accident was really UN4TUN8.,UN 4 TUN 8,un 4 tun 8,is_multiword,0,4,,1,,0,1.0,,,,,,,,,,,,,,,,,,,,,,,,,,,,,,,,,,,,,,,,,,,,,,
1538,That accident was really UN4TUN8.,4 TUN,4 tun,is_multiword,0,5,,1,,0,1.0,,,,,,,,,,,,,,,,,,,,,,,,,,,,,,,,,,,,,,,,,,,,,,
1538,That accident was really UN4TUN8.,4 TUN 8,4 tun 8,is_multiword,0,5,,1,,0,1.0,,,,,,,,,,,,,,,,,,,,,,,,,,,,,,,,,,,,,,,,,,,,,,
1538,That accident was really UN4TUN8.,TUN 8,tun 8,is_multiword,0,6,,1,,0,1.0,,,,,,,,,,,,,,,,,,,,,,,,,,,,,,,,,,,,,,,,,,,,,,
1544,"You solved that puzzle so quickly, UR2YS4ME!",UR 2,ur 2,is_multiword,0,6,,1,,0,1.0,,,,,,,,,,,,,,,,,,,,,,,,,,,,,,,,,,,,,,,,,,,,,,
1544,"You solved that puzzle so quickly, UR2YS4ME!",UR 2 YS,ur 2 ys,is_multiword,0,6,,1,,0,1.0,,,,,,,,,,,,,,,,,,,,,,,,,,,,,,,,,,,,,,,,,,,,,,
1544,"You solved that puzzle so quickly, UR2YS4ME!",UR 2 YS 4,ur 2 ys 4,is_multiword,0,6,,1,,0,1.0,,,,,,,,,,,,,,,,,,,,,,,,,,,,,,,,,,,,,,,,,,,,,,
1544,"You solved that puzzle so quickly, UR2YS4ME!",UR 2 YS 4 ME,ur 2 ys 4 me,is_multiword,0,6,,1,,0,1.0,,,,,,,,,,,,,,,,,,,,,,,,,,,,,,,,,,,,,,,,,,,,,,
1544,"You solved that puzzle so quickly, UR2YS4ME!",2 YS,2 ys,is_multiword,0,7,,1,,0,1.0,,,,,,,,,,,,,,,,,,,,,,,,,,,,,,,,,,,,,,,,,,,,,,
1544,"You solved that puzzle so quickly, UR2YS4ME!",2 YS 4,2 ys 4,is_multiword,0,7,,1,,0,1.0,,,,,,,,,,,,,,,,,,,,,,,,,,,,,,,,,,,,,,,,,,,,,,
1544,"You solved that puzzle so quickly, UR2YS4ME!",2 YS 4 ME,2 ys 4 me,is_multiword,0,7,,1,,0,1.0,,,,,,,,,,,,,,,,,,,,,,,,,,,,,,,,,,,,,,,,,,,,,,
1544,"You solved that puzzle so quickly, UR2YS4ME!",YS 4,ys 4,is_multiword,0,8,,1,,0,1.0,,,,,,,,,,,,,,,,,,,,,,,,,,,,,,,,,,,,,,,,,,,,,,
1544,"You solved that puzzle so quickly, UR2YS4ME!",YS 4 ME,ys 4 me,is_multiword,0,8,,1,,0,1.0,,,,,,,,,,,,,,,,,,,,,,,,,,,,,,,,,,,,,,,,,,,,,,
1544,"You solved that puzzle so quickly, UR2YS4ME!",4 ME,4 me,is_multiword,0,9,,1,,0,1.0,,,,,,,,,,,,,,,,,,,,,,,,,,,,,,,,,,,,,,,,,,,,,,
1550,I’ll keep this job USBCA.,I’ll keep,i'll keep,is_multiword,0,0,0|1,1,5.04611998796463,1,1.0,,,,,,,,,,,,,,,,,,,,,,,,,,,,,,,<mask> <mask> <mask> <mask> this job usbca,▁i ' ll ▁keep,4.0,1.2594087287227451e-14,32.00554895401001,8.001387238502502," : , for",7.348098379061957e-06,20.18447995185852,5.04611998796463,0.0,1.0,0.0,4.0,0.0,2.0
1553,"Hurry up, UT2L!",UT 2,ut 2,is_multiword,0,2,,1,,0,1.0,,,,,,,,,,,,,,,,,,,,,,,,,,,,,,,,,,,,,,,,,,,,,,
1553,"Hurry up, UT2L!",UT 2 L,ut 2 l,is_multiword,0,2,,1,,0,1.0,,,,,,,,,,,,,,,,,,,,,,,,,,,,,,,,,,,,,,,,,,,,,,
1553,"Hurry up, UT2L!",2 L,2 l,is_multiword,0,3,,1,,0,1.0,,,,,,,,,,,,,,,,,,,,,,,,,,,,,,,,,,,,,,,,,,,,,,
1565,This laptop is great VFM.,great VFM,great vfm,is_multiword,0,3,3|4,1,4.863907217979431,0,1.0,,,,,,,,,,,,,,,,,,,,,,,,,,,,,,,this laptop is <mask> <mask> <mask> <mask>,▁great ▁v f m,4.0,1.0808197160341635e-13,29.855886459350582,7.4639716148376465,available for . </s>,3.042464499276041e-05,19.455628871917725,4.863907217979431,3.0,4.0,0.0,4.0,0.0,2.0
1569,He’s got VIP access to the event.,He’s got,he's got,is_multiword,0,0,0|1,1,3.674605280160904,1,1.0,,,,,,,,,,,,,,,,,,,,,,,,,,,,,,,<mask> <mask> <mask> <mask> vip access to the event,▁he ' s ▁got,4.0,8.819204848964964e-12,25.454089403152462,6.3635223507881165,VIP : to for,2.132419354805581e-05,14.698421120643616,3.674605280160904,0.0,1.0,0.0,6.0,0.0,2.0
1581,"You’ve been gone for a while, W/B!",W B,w b,is_multiword,1,6,6|7,1,6.755252659320831,0,1.0,,,,,,,,,,,,,,,,,,,,,,,,,,,,,,,you've been gone for a while <mask> <mask>,▁w ▁b,2.0,3.4438700435043446e-08,17.18408489227295,8.592042446136475,. </s>,0.0253854380714935,13.510505318641664,6.755252659320831,6.0,7.0,0.0,7.0,0.0,2.0
1583,"W8, I need to check something first.",W 8,w 8,is_multiword,0,0,0|1,1,4.592482050259908,0,1.0,,,,,,,,,,,,,,,,,,,,,,,,,,,,,,,<mask> <mask> <mask> need to check something first,▁w 8 ▁i,3.0,9.78349738529402e-10,20.74515390396118,6.915051301320394,You : you,0.0009418092927613,13.777446150779724,4.592482050259908,0.0,1.0,0.0,6.0,0.0,2.0
1595,"Let me know your thoughts, W/B when you can.",W B,w b,is_multiword,1,5,5|6,1,8.54850971698761,1,1.0,,,,,,,,,,,,,,,,,,,,,,,,,,,,,,,let me know your thoughts <mask> <mask> when you can,▁w ▁b,2.0,1.0729888914629676e-09,20.65281772613525,10.326408863067629,and me,0.0285585677333713,17.09701943397522,8.54850971698761,5.0,6.0,0.0,9.0,0.0,2.0
1595,"Let me know your thoughts, W/B when you can.",W B when,w b when,is_multiword,0,5,5|6|7,1,5.364210565884908,0,1.0,,,,,,,,,,,,,,,,,,,,,,,,,,,,,,,let me know your thoughts <mask> <mask> <mask> you can,▁w ▁b ▁when,3.0,2.8058552587810266e-10,21.994142532348636,7.331380844116211,", tips if",0.0027353090954779,16.092631697654724,5.364210565884908,5.0,7.0,0.0,9.0,0.0,3.0
1595,"Let me know your thoughts, W/B when you can.",B when,b when,is_multiword,0,6,6|7,1,4.277546763420105,0,1.0,,,,,,,,,,,,,,,,,,,,,,,,,,,,,,,let me know your thoughts w <mask> <mask> you can,▁b ▁when,2.0,3.8991331767919553e-07,14.757341384887695,7.378670692443848,/ way,0.0020248738876888,8.55509352684021,4.277546763420105,6.0,7.0,0.0,9.0,0.0,2.0
1598,"I’m doing well, WBU?",doing well,doing well,is_multiword,0,1,1|2,1,9.48572552204132,1,1.0,,,,,,,,,,,,,,,,,,,,,,,,,,,,,,,i'm <mask> <mask> wbu,▁doing ▁well,2.0,2.916238221120428e-11,24.25814151763916,12.12907075881958,w na,0.0050584737401897,18.97145104408264,9.48572552204132,1.0,2.0,0.0,3.0,0.0,2.0
1602,You don’t agree? W/E.,W E,w e,is_multiword,1,3,3|4,1,5.412904620170593,0,1.0,,,,,,,,,,,,,,,,,,,,,,,,,,,,,,,you don't agree <mask> <mask>,▁w ▁e,2.0,8.10133892746665e-07,14.026066303253174,7.013033151626587,with .,0.0407517268742076,10.825809240341188,5.412904620170593,3.0,4.0,0.0,4.0,0.0,2.0
1603,I’m planning to relax this W/END.,W END,w end,is_multiword,1,5,5|6,1,7.445631265640259,0,1.0,,,,,,,,,,,,,,,,,,,,,,,,,,,,,,,i'm planning to relax this <mask> <mask>,▁w ▁end,2.0,2.87201364096039e-08,17.36566734313965,8.682833671569824,weekend .,0.0842130979812939,14.891262531280518,7.445631265640259,5.0,6.0,0.0,6.0,0.0,2.0
1612,"I just found out the news, WDYK?",found out,found out,is_multiword,0,2,2|3,1,1.4975473880767822,1,1.0,,,,,,,,,,,,,,,,,,,,,,,,,,,,,,,i just <mask> <mask> the news wdyk,▁found ▁out,2.0,0.0001004428977939,9.205921173095703,4.602960586547852,got of,0.0020075777222709,2.9950947761535645,1.4975473880767822,2.0,3.0,0.0,6.0,0.0,2.0
1617,"I don’t get it, WITP of this task?",get it,get it,is_multiword,0,2,2|3,1,3.2569369673728943,0,1.0,,,,,,,,,,,,,,,,,,,,,,,,,,,,,,,i don't <mask> <mask> witp of this task,▁get ▁it,2.0,0.0001344291777889,8.914473056793213,4.4572365283966064,like the,0.0906636184417274,6.513873934745789,3.2569369673728943,2.0,3.0,0.0,7.0,0.0,2.0
1618,WITW is happening over there?,WITW is,witw is,is_multiword,0,0,0|1,1,4.588237841924031,0,1.0,,,,,,,,,,,,,,,,,,,,,,,,,,,,,,,<mask> <mask> <mask> happening over there,▁wit w ▁is,3.0,2.2525515877153678e-10,22.213787317276,7.404595772425334,Se se is,0.0002140986235265,13.764713525772097,4.588237841924031,0.0,1.0,0.0,4.0,0.0,2.0
1620,I’ve got a busy WK ahead.,I’ve got,i've got,is_multiword,0,0,0|1,1,2.489625930786133,1,1.0,,,,,,,,,,,,,,,,,,,,,,,,,,,,,,,<mask> <mask> <mask> <mask> a busy wk ahead,▁i ' ve ▁got,4.0,7.72392126481479e-10,20.98152875900269,5.245382189750671,I you s have,1.6321536968714005e-05,9.958503723144531,2.489625930786133,0.0,1.0,0.0,5.0,0.0,2.0
1624,I can’t finish this W/O more information.,W O,w o,is_multiword,1,4,4|5,1,7.030088558793068,1,1.0,,,,,,,,,,,,,,,,,,,,,,,,,,,,,,,i can't finish this <mask> <mask> more information,▁w ▁o,2.0,3.6982549465284316e-08,17.11281967163086,8.55640983581543,post for,0.0472339410842397,14.060177117586136,7.030088558793068,4.0,5.0,0.0,7.0,0.0,2.0
1632,WRUD later tonight?,WRUD later,wrud later,is_multiword,0,0,0|1,1,5.503640492757161,0,1.0,,,,,,,,,,,,,,,,,,,,,,,,,,,,,,,<mask> <mask> <mask> tonight,▁w rud ▁later,3.0,1.7150719448933096e-12,27.09156608581543,9.030522028605144," , s",2.540296629364745e-05,16.510921478271484,5.503640492757161,0.0,1.0,0.0,2.0,0.0,2.0
1646,"Long time no chat, WUP?",no chat,no chat,is_multiword,0,2,2|3,1,2.779868125915528,1,1.0,,,,,,,,,,,,,,,,,,,,,,,,,,,,,,,long time <mask> <mask> wup,▁no ▁chat,2.0,5.568834478753636e-06,12.0983247756958,6.0491623878479, with,0.0014465287996436,5.559736251831055,2.779868125915528,2.0,3.0,0.0,4.0,0.0,2.0
1649,"Hey, WUU2 this weekend?",WUU 2,wuu 2,is_multiword,0,1,1|2,1,9.755616267522177,0,1.0,,,,,,,,,,,,,,,,,,,,,,,,,,,,,,,hey <mask> <mask> <mask> weekend,▁wuu 2 ▁this,3.0,6.028161240919157e-15,32.74233436584473,10.914111455281576,"guys , happy",0.030946803543018,29.26684880256653,9.755616267522177,1.0,2.0,0.0,3.0,0.0,2.0
1655,"I’ve got some news, WYCM later?",I’ve got,i've got,is_multiword,0,0,0|1,1,2.195887506008148,1,1.0,,,,,,,,,,,,,,,,,,,,,,,,,,,,,,,<mask> <mask> <mask> <mask> some news wycm later,▁i ' ve ▁got,4.0,7.074090874110382e-10,21.069411993026733,5.267352998256683,"i : , ,",4.616554229141815e-06,8.783550024032593,2.195887506008148,0.0,1.0,0.0,5.0,0.0,2.0
1666,"I’ve got a plan, XD.",I’ve got,i've got,is_multiword,0,0,0|1,1,3.036203771829605,1,1.0,,,,,,,,,,,,,,,,,,,,,,,,,,,,,,,<mask> <mask> <mask> <mask> a plan xd,▁i ' ve ▁got,4.0,8.428944476441676e-11,23.19676446914673,5.799191117286682, : to on,1.5856209277563458e-05,12.14481508731842,3.036203771829605,0.0,1.0,0.0,4.0,0.0,2.0
1670,Let’s XLR8 and finish this project.,XLR 8,xlr 8,is_multiword,0,1,1|2,1,6.821252489089966,0,1.0,,,,,,,,,,,,,,,,,,,,,,,,,,,,,,,let's <mask> <mask> <mask> <mask> <mask> finish this project,▁x l r 8 ▁and,5.0,8.312395973049696e-19,41.63136887550354,8.326273775100708,see how how how to,0.000539371260026,34.10626244544983,6.821252489089966,1.0,2.0,0.0,5.0,0.0,2.0
1671,I’ll XPOST this to another group.,I’ll XPOST,i'll xpost,is_multiword,0,0,0|1,1,4.59956283569336,0,1.0,,,,,,,,,,,,,,,,,,,,,,,,,,,,,,,<mask> <mask> <mask> <mask> <mask> this to another group,▁i ' ll ▁x post,5.0,3.14195872934167e-16,35.69651508331299,7.1393030166625975, : : : Share,3.055091836191085e-06,22.9978141784668,4.59956283569336,0.0,1.0,0.0,5.0,0.0,2.0
1672,Ran into my XYL today.,Ran into,ran into,is_multiword,0,0,0|1,1,7.066982448101044,1,1.0,,,,,,,,,,,,,,,,,,,,,,,,,,,,,,,<mask> <mask> my xyl today,▁ran ▁into,2.0,7.140040569987097e-09,18.75754737854004,9.37877368927002,I to,0.0098175617441614,14.133964896202087,7.066982448101044,0.0,1.0,0.0,4.0,0.0,2.0
1693,"You’re killing it at work, YGG!",killing it,killing it,is_multiword,0,1,1|2,1,3.7885935306549072,0,1.0,,,,,,,,,,,,,,,,,,,,,,,,,,,,,,,you're <mask> <mask> <mask> at work ygg,▁ki lling ▁it,3.0,3.198043326639414e-10,21.863311767578125,7.287770589192708,looking at best,2.7604515995146423e-05,11.365780591964722,3.7885935306549072,1.0,2.0,0.0,5.0,0.0,2.0
1708,You think you can pull that off? YRYOCC.,off YRYOCC,off yryocc,is_multiword,0,6,6|7,1,6.8056460320949554,0,1.0,,,,,,,,,,,,,,,,,,,,,,,,,,,,,,,you think you can pull that <mask> <mask> <mask> <mask>,▁off ▁yr yo cc,4.0,2.3275847954928092e-17,38.29911541938782,9.574778854846954,from from back ?,1.5471185084073615e-05,27.222584128379825,6.8056460320949554,6.0,7.0,0.0,7.0,0.0,2.0
1721,You’re going to finish on time? YYSSW.,You’re going,you're going,is_multiword,0,0,0|1,1,2.5509347915649414,0,1.0,,,,,,,,,,,,,,,,,,,,,,,,,,,,,,,<mask> <mask> <mask> <mask> to finish on time yyssw,▁you ' re ▁going,4.0,1.2163601639686669e-10,22.8299880027771,5.707497000694275, s the start,3.284655321425515e-06,10.203739166259766,2.5509347915649414,0.0,1.0,0.0,6.0,0.0,2.0
1721,You’re going to finish on time? YYSSW.,You’re going to,you're going to,is_multiword,0,0,0|1|2,1,2.760824513435364,1,1.0,,,,,,,,,,,,,,,,,,,,,,,,,,,,,,,<mask> <mask> <mask> <mask> <mask> finish on time yyssw,▁you ' re ▁going ▁to,5.0,3.3688969135203023e-13,28.71902084350586,5.743804168701172,   s the,3.330749569570852e-07,13.80412256717682,2.760824513435364,0.0,2.0,0.0,6.0,0.0,3.0
1721,You’re going to finish on time? YYSSW.,going to,going to,is_multiword,0,1,1|2,1,0.0,0,1.0,,,,,,,,,,,,,,,,,,,,,,,,,,,,,,,you're <mask> <mask> finish on time yyssw,▁going ▁to,2.0,0.2994143094600687,1.2059270143508911,0.6029635071754456,going to,0.2994143094600687,0.0,0.0,1.0,2.0,0.0,6.0,0.0,2.0
