sentence_id,sentence,candidate,cand_norm,cand_type,is_gold,token_pos,component_token_positions,mt_pred,lg_score,lg_pred,mt_score,is_named_entity,gold_terms,source_dataset,term_type,spanish_sentence,spanish_back_to_english_sentence,spanish_best_back_translation_word,spanish_fuzz_ratio,spanish_specialized,spanish_term_failed_to_translate,arabic_sentence,arabic_back_to_english_sentence,arabic_best_back_translation_word,arabic_fuzz_ratio,arabic_specialized,arabic_term_failed_to_translate,chinese_sentence,chinese_back_to_english_sentence,chinese_best_back_translation_word,chinese_fuzz_ratio,chinese_specialized,chinese_term_failed_to_translate,japanese_sentence,japanese_back_to_english_sentence,japanese_best_back_translation_word,japanese_fuzz_ratio,japanese_specialized,japanese_term_failed_to_translate,specialized_votes,normal_votes,masked sentence,subwords,number of subwords,candidate probability,candidate surprise,candidate avg surprise,top token,top token probability,gap,average gap,start word index,end word index,window start word index,window end word index,windowed_context,number of words
3334,"""jeremiah, did you practice your fli-flops today? if you don't make it into the circus, we're sending you to college",make it,make it,is_multiword,0,10,10|11,1,1.38026624917984,1,1.0,,,,,,,,,,,,,,,,,,,,,,,,,,,,,,,jeremiah did you practice your fli-flops today if you don't <mask> <mask> into the circus we're sending you to college,▁make ▁it,2.0,0.0031383147757006,5.764069318771362,2.882034659385681,get get,0.0496112914771044,2.76053249835968,1.38026624917984,10.0,11.0,0.0,19.0,0.0,2.0
3335,guy #1: man soja unit goes hard guy #2: you need help ryan: im in soja unit nigga,goes hard,goes hard,is_multiword,0,5,5|6,1,10.947448961436749,1,1.0,,,,,,,,,,,,,,,,,,,,,,,,,,,,,,,guy 1 man soja unit <mask> <mask> guy 2 you need help ryan im in soja unit nigga,▁goes ▁hard,2.0,6.979012690948706e-11,23.385528564453125,11.692764282226562,ni gga,0.2252305709788692,21.894897922873497,10.947448961436749,5.0,6.0,0.0,17.0,0.0,2.0
3335,guy #1: man soja unit goes hard guy #2: you need help ryan: im in soja unit nigga,goes hard guy,goes hard guy,is_multiword,0,5,5|6|7,1,5.8279842933019,0,1.0,,,,,,,,,,,,,,,,,,,,,,,,,,,,,,,guy 1 man soja unit <mask> <mask> <mask> 2 you need help ryan im in soja unit nigga,▁goes ▁hard ▁guy,3.0,1.5885971382843272e-10,22.562999606132507,7.5209998687108355,ni gga guy,0.006225841119089,17.4839528799057,5.8279842933019,5.0,7.0,0.0,17.0,0.0,3.0
3335,guy #1: man soja unit goes hard guy #2: you need help ryan: im in soja unit nigga,hard guy,hard guy,is_multiword,0,6,6|7,1,2.803022503852844,0,1.0,,,,,,,,,,,,,,,,,,,,,,,,,,,,,,,guy 1 man soja unit goes <mask> <mask> 2 you need help ryan im in soja unit nigga,▁hard ▁guy,2.0,0.0001299425329309,8.948418259620667,4.474209129810333,to guy,0.0353529566111497,5.6060450077056885,2.803022503852844,6.0,7.0,0.0,17.0,0.0,2.0
3338,"when i told her i wasn't interested in a serious relationship, and all i wanted was to see her bound and gagged, she offered to be my bondage buddy",bondage buddy,bondage buddy,is_multiword,1,27,27|28,1,8.083685755729675,0,1.0,,,,,,,,,,,,,,,,,,,,,,,,,,,,,,,when i told her i wasn't interested in a serious relationship and all i wanted was to see her bound and gagged she offered to be my <mask> <mask> <mask>,▁bondage ▁bu ddy,3.0,6.581838340634707e-14,30.35187721252441,10.117292404174805,first . .,0.0022410294443068,24.251057267189022,8.083685755729675,27.0,28.0,0.0,28.0,0.0,2.0
3339,so i walked in on tom and he was wearing kim's flesh giving her the ed gein,in on,in on,is_multiword,0,3,3|4,1,2.8580779880285263,0,1.0,,,,,,,,,,,,,,,,,,,,,,,,,,,,,,,so i walked <mask> <mask> tom and he was wearing kim's flesh giving her the ed gein,▁in ▁on,2.0,0.0005648366494044,7.478973984718323,3.739486992359162,in to,0.1715607223844413,5.716155976057053,2.8580779880285263,3.0,4.0,0.0,16.0,0.0,2.0
3342,"yeah man, that hemi tore some shit, but then i bought a lt1 and now im twice as fast",hemi tore,hemi tore,is_multiword,0,3,3|4,1,5.70579805970192,0,1.0,,,,,,,,,,,,,,,,,,,,,,,,,,,,,,,yeah man that <mask> <mask> <mask> <mask> some shit but then i bought a lt1 and now im twice as fast,▁hem i ▁to re,4.0,2.5324008583981624e-13,29.004438400268555,7.251109600067139,i i i me,0.0020678493741754,22.82319223880768,5.70579805970192,3.0,4.0,0.0,18.0,0.0,2.0
3342,"yeah man, that hemi tore some shit, but then i bought a lt1 and now im twice as fast",hemi tore some,hemi tore some,is_multiword,0,3,3|4|5,1,4.709937381744385,0,1.0,,,,,,,,,,,,,,,,,,,,,,,,,,,,,,,yeah man that <mask> <mask> <mask> <mask> <mask> shit but then i bought a lt1 and now im twice as fast,▁hem i ▁to re ▁some,5.0,9.424447197960334e-16,34.5980544090271,6.91961088180542,i s i like a,1.5913106178749558e-05,23.549686908721924,4.709937381744385,3.0,5.0,0.0,18.0,0.0,3.0
3342,"yeah man, that hemi tore some shit, but then i bought a lt1 and now im twice as fast",hemi tore some shit,hemi tore some shit,is_multiword,0,3,3|4|5|6,1,5.22613912820816,0,1.0,,,,,,,,,,,,,,,,,,,,,,,,,,,,,,,yeah man that <mask> <mask> <mask> <mask> <mask> <mask> but then i bought a lt1 and now im twice as fast,▁hem i ▁to re ▁some ▁shit,6.0,3.3420608202682456e-20,44.84511423110962,7.474185705184936,"i i i i i ,",1.387121998632372e-06,31.35683476924896,5.22613912820816,3.0,6.0,0.0,18.0,0.0,4.0
3342,"yeah man, that hemi tore some shit, but then i bought a lt1 and now im twice as fast",tore some,tore some,is_multiword,0,4,4|5,1,4.803926944732666,0,1.0,,,,,,,,,,,,,,,,,,,,,,,,,,,,,,,yeah man that hemi <mask> <mask> <mask> shit but then i bought a lt1 and now im twice as fast,▁to re ▁some,3.0,6.6421766624792124e-09,18.82982611656189,6.27660870552063,roid is like,0.0120577788167209,14.411780834197998,4.803926944732666,4.0,5.0,0.0,18.0,0.0,2.0
3342,"yeah man, that hemi tore some shit, but then i bought a lt1 and now im twice as fast",tore some shit,tore some shit,is_multiword,0,4,4|5|6,1,4.632041096687317,0,1.0,,,,,,,,,,,,,,,,,,,,,,,,,,,,,,,yeah man that hemi <mask> <mask> <mask> <mask> but then i bought a lt1 and now im twice as fast,▁to re ▁some ▁shit,4.0,1.664273247140468e-12,27.12163257598877,6.780408143997192,roid is i slow,0.0001853122738322,18.528164386749268,4.632041096687317,4.0,6.0,0.0,18.0,0.0,3.0
3342,"yeah man, that hemi tore some shit, but then i bought a lt1 and now im twice as fast",some shit,some shit,is_multiword,0,5,5|6,1,3.759456515312195,0,1.0,,,,,,,,,,,,,,,,,,,,,,,,,,,,,,,yeah man that hemi tore <mask> <mask> but then i bought a lt1 and now im twice as fast,▁some ▁shit,2.0,1.1307776380706591e-05,11.39001989364624,5.69500994682312,me fast,0.0208352948399602,7.51891303062439,3.759456515312195,5.0,6.0,0.0,18.0,0.0,2.0
3347,jim bob covered his truck in camo? he's such a camosexual,in camo,in camo,is_multiword,0,5,5|6,1,4.843306104342143,0,1.0,,,,,,,,,,,,,,,,,,,,,,,,,,,,,,,jim bob covered his truck <mask> <mask> <mask> he's such a camosexual,▁in ▁ca mo,3.0,4.813275893751399e-10,21.45447301864624,7.151491006215413,", , why",0.0009833408968464,14.529918313026428,4.843306104342143,5.0,6.0,0.0,10.0,0.0,2.0
3348,"person 1: did you hear that girl singing? person 2: yea i know, that was some [bad ass] break singing",bad ass,bad ass,is_multiword,0,16,16|17,1,5.753656387329102,1,1.0,,,,,,,,,,,,,,,,,,,,,,,,,,,,,,,person 1 did you hear that girl singing person 2 yea i know that was some <mask> <mask> break singing,▁bad ▁ass,2.0,1.5962564306260413e-07,15.650434494018556,7.825217247009277,girl the,0.0158732223351709,11.507312774658203,5.753656387329102,16.0,17.0,0.0,19.0,0.0,2.0
3349,ah she's my becar,ah she's,ah she's,is_multiword,0,0,0|1,1,4.093828797340393,0,1.0,,,,,,,,,,,,,,,,,,,,,,,,,,,,,,,<mask> <mask> <mask> <mask> my becar,▁ah ▁she ' s,4.0,6.610763247954296e-13,28.044907093048096,7.011226773262024,</s> : : of,8.549892025545439e-06,16.375315189361572,4.093828797340393,0.0,1.0,0.0,3.0,0.0,2.0
3350,sam: do you guys want to hang at a baseball game? whelan: fuck you skelly,hang at,hang at,is_multiword,0,6,6|7,1,4.1802902817726135,0,1.0,,,,,,,,,,,,,,,,,,,,,,,,,,,,,,,sam do you guys want to <mask> <mask> a baseball game whelan fuck you skelly,▁hang ▁at,2.0,2.0943477228402083e-05,10.773683309555054,5.386841654777527,go in,0.0895370524059982,8.360580563545227,4.1802902817726135,6.0,7.0,0.0,14.0,0.0,2.0
3350,sam: do you guys want to hang at a baseball game? whelan: fuck you skelly,whelan fuck,whelan fuck,is_multiword,0,11,11|12,1,5.079548865556717,0,1.0,,,,,,,,,,,,,,,,,,,,,,,,,,,,,,,sam do you guys want to hang at a baseball game <mask> <mask> <mask> <mask> you skelly,▁w hel an ▁fuck,4.0,2.4369949346998983e-14,31.34542560577393,7.8363564014434814,? how guys do,1.6253047252353457e-05,20.318195462226868,5.079548865556717,11.0,12.0,0.0,14.0,0.0,2.0
3351,girl 1: did you get drunkadie last night? girl 2: a lil bit,lil bit,lil bit,is_multiword,0,11,11|12,1,5.079651594161987,0,1.0,,,,,,,,,,,,,,,,,,,,,,,,,,,,,,,girl 1 did you get drunkadie last night girl 2 a <mask> <mask> <mask>,▁l il ▁bit,3.0,9.741084911607208e-12,25.35466861724853,8.451556205749512,w last </s>,4.04390831971514e-05,15.238954782485962,5.079651594161987,11.0,12.0,0.0,12.0,0.0,2.0
3352,"jose had a bent wang and when i gave him head , it kept hitting me in the side of the mouth",bent wang,bent wang,is_multiword,1,3,3|4,1,7.477867364883423,0,1.0,,,,,,,,,,,,,,,,,,,,,,,,,,,,,,,jose had a <mask> <mask> and when i gave him head it kept hitting me in the side of the mouth,▁bent ▁wang,2.0,1.6754815151645162e-09,20.20716524124145,10.103582620620728,big mouth,0.0052400171305027,14.955734729766846,7.477867364883423,3.0,4.0,0.0,20.0,0.0,2.0
3353,"dude, did you see that kook trying to drop in on me the other day?",drop in,drop in,is_multiword,0,8,8|9,1,3.690347790718079,0,1.0,,,,,,,,,,,,,,,,,,,,,,,,,,,,,,,dude did you see that kook trying to <mask> <mask> on me the other day,▁drop ▁in,2.0,3.639884467059422e-06,12.523558616638184,6.261779308319092,get up,0.0058409429262436,7.380695581436157,3.690347790718079,8.0,9.0,0.0,14.0,0.0,2.0
3354,disagree? put down that dube and search doobie and look at the vote results oh and dont forget to stock up on axe you noob stoners,noob stoners,noob stoners,is_multiword,0,24,24|25,1,8.744688808918,0,1.0,,,,,,,,,,,,,,,,,,,,,,,,,,,,,,,disagree put down that dube and search doobie and look at the vote results oh and dont forget to stock up on axe you <mask> <mask> <mask> <mask>,▁no ob ▁sto ners,4.0,7.755513843673794e-20,44.00329780578613,11.000824451446531,want to like .,0.0001204178753058,34.978755235672,8.744688808918,24.0,25.0,0.0,25.0,0.0,2.0
3355,"i got the new cannibal corpse cd, some wicked fast blast beats on that motherfucker",blast beats,blast beats,is_multiword,1,10,10|11,1,4.294771283864975,0,1.0,,,,,,,,,,,,,,,,,,,,,,,,,,,,,,,i got the new cannibal corpse cd some wicked fast <mask> <mask> <mask> <mask> on that motherfucker,▁blas t ▁beat s,4.0,2.3317792903545688e-12,26.78438949584961,6.696097373962402,and i i s,6.737042999726874e-05,17.1790851354599,4.294771283864975,10.0,11.0,0.0,14.0,0.0,2.0
3361,"omg its ben jorman he must of smelt our bumholes , quick run hes a fuckin blancophile",omg its,omg its,is_multiword,0,0,0|1,1,4.818550268809001,0,1.0,,,,,,,,,,,,,,,,,,,,,,,,,,,,,,,<mask> <mask> <mask> ben jorman he must of smelt our bumholes quick run hes a fuckin blancophile,▁om g ▁its,3.0,3.9136245177984127e-11,23.963972091674805,7.987990697224935,he fuck is,7.423155079870344e-05,14.455650806427002,4.818550268809001,0.0,1.0,0.0,15.0,0.0,2.0
3361,"omg its ben jorman he must of smelt our bumholes , quick run hes a fuckin blancophile",fuckin blancophile,fuckin blancophile,is_multiword,0,14,14|15,1,6.000170373916626,0,1.0,,,,,,,,,,,,,,,,,,,,,,,,,,,,,,,omg its ben jorman he must of smelt our bumholes quick run hes a <mask> <mask> <mask> <mask> <mask>,▁fuck in ▁blanco phil e,5.0,1.103024196330374e-20,45.95364618301392,9.190729236602785,bit of of he .,1.1797485676701389e-07,30.00085186958313,6.000170373916626,14.0,15.0,0.0,15.0,0.0,2.0
3363,"at 3am, bomnae wandered into an infamous korean barbeque in korean town in nyc",an infamous,an infamous,is_multiword,0,6,6|7,1,4.151687598228454,1,1.0,,,,,,,,,,,,,,,,,,,,,,,,,,,,,,,at 3am bomnae wandered into an <mask> <mask> <mask> <mask> <mask> barbeque in korean town in nyc,▁in fam ous ▁kore an,5.0,5.311699426199144e-16,35.17144966125488,7.034289932250976,apartment bar to a a,5.501847697632986e-07,20.758437991142277,4.151687598228454,6.0,7.0,0.0,13.0,0.0,2.0
3367,"yo i was getting it on with my girl last nite, then i took a pi to the face and she won't even answer my calls any more",getting it,getting it,is_multiword,0,3,3|4,1,1.753122329711914,1,1.0,,,,,,,,,,,,,,,,,,,,,,,,,,,,,,,yo i was <mask> <mask> on with my girl last nite then i took a pi to the face and she won't even answer my calls any more,▁getting ▁it,2.0,0.0004202345533584,7.774697542190552,3.887348771095276,so going,0.0140034313528399,3.506244659423828,1.753122329711914,3.0,4.0,0.0,27.0,0.0,2.0
3367,"yo i was getting it on with my girl last nite, then i took a pi to the face and she won't even answer my calls any more",any more,any more,is_multiword,0,26,26|27,1,4.738069355487824,1,1.0,,,,,,,,,,,,,,,,,,,,,,,,,,,,,,,yo i was getting it on with my girl last nite then i took a pi to the face and she won't even answer my calls <mask> <mask>,▁any ▁more,2.0,1.689440920927398e-06,13.291112899780272,6.645556449890137,. </s>,0.0220382832807392,9.476138710975649,4.738069355487824,26.0,27.0,0.0,27.0,0.0,2.0
3369,"""person:""hey funto"" funto:shmur person:""hahahaha classic funto",funto funto,funto funto,is_multiword,0,2,2|3,1,3.313204348087311,0,1.0,,,,,,,,,,,,,,,,,,,,,,,,,,,,,,,person hey <mask> <mask> <mask> <mask> shmur person hahahaha classic funto,▁fun to ▁fun to,4.0,8.710281524819551e-13,27.769102096557617,6.942275524139404,"hey ,  mur",4.962010229075973e-07,13.252817392349243,3.313204348087311,2.0,3.0,0.0,8.0,0.0,2.0
3369,"""person:""hey funto"" funto:shmur person:""hahahaha classic funto",funto funto shmur,funto funto shmur,is_multiword,0,2,2|3|4,1,5.464916467666626,0,1.0,,,,,,,,,,,,,,,,,,,,,,,,,,,,,,,person hey <mask> <mask> <mask> <mask> <mask> <mask> person hahahaha classic funto,▁fun to ▁fun to ▁sh mur,6.0,8.646942583470898e-23,50.80225133895874,8.467041889826456,"hey ,   </s> </s>",1.5036992082228293e-08,32.78949880599976,5.464916467666626,2.0,4.0,0.0,8.0,0.0,3.0
3369,"""person:""hey funto"" funto:shmur person:""hahahaha classic funto",funto shmur,funto shmur,is_multiword,0,3,3|4,1,5.733906686306,0,1.0,,,,,,,,,,,,,,,,,,,,,,,,,,,,,,,person hey funto <mask> <mask> <mask> <mask> person hahahaha classic funto,▁fun to ▁sh mur,4.0,1.8033797605586573e-15,33.949113845825195,8.487278461456299,classic to fun </s>,1.6477955500721464e-05,22.935626745224,5.733906686306,3.0,4.0,0.0,8.0,0.0,2.0
3371,what do you think of roy's new girlfriend? pretty but a bit of joy clamp,joy clamp,joy clamp,is_multiword,1,13,13|14,1,7.554543852806091,0,1.0,,,,,,,,,,,,,,,,,,,,,,,,,,,,,,,what do you think of roy's new girlfriend pretty but a bit of <mask> <mask> <mask>,▁joy ▁c lamp,3.0,3.2244229918926425e-13,28.76285219192505,9.58761739730835,a girl </s>,0.0022446164167846,22.663631558418277,7.554543852806091,13.0,14.0,0.0,14.0,0.0,2.0
3372,"john: hey did you and that hot girl have fun last night? caleb: yeah man, i gave her a giant candy apple",caleb yeah,caleb yeah,is_multiword,0,12,12|13,1,8.449211200078329,0,1.0,,,,,,,,,,,,,,,,,,,,,,,,,,,,,,,john hey did you and that hot girl have fun last night <mask> <mask> <mask> man i gave her a giant candy apple,▁ca leb ▁yeah,3.0,1.4351009152216046e-14,31.874956130981445,10.624985376993816,with a a,0.0014629175274518,25.347633600234985,8.449211200078329,12.0,13.0,0.0,21.0,0.0,2.0
3373,no puedo evitar sentir impotencia por no poder ir,no puedo,no puedo,is_multiword,0,0,0|1,1,5.370643317699432,0,1.0,,,,,,,,,,,,,,,,,,,,,,,,,,,,,,,<mask> <mask> evitar sentir impotencia por no poder ir,▁no ▁puedo,2.0,2.275502775385867e-07,15.295894622802734,7.647947311401367,5 Cómo,0.0105186228566535,10.741286635398865,5.370643317699432,0.0,1.0,0.0,8.0,0.0,2.0
3373,no puedo evitar sentir impotencia por no poder ir,no puedo evitar,no puedo evitar,is_multiword,0,0,0|1|2,1,4.549397627512614,0,1.0,,,,,,,,,,,,,,,,,,,,,,,,,,,,,,,<mask> <mask> <mask> sentir impotencia por no poder ir,▁no ▁puedo ▁evitar,3.0,5.159227055895756e-11,23.68764925003052,7.895883083343506,"- , a",4.364349262742838e-05,13.648192882537842,4.549397627512614,0.0,2.0,0.0,8.0,0.0,3.0
3373,no puedo evitar sentir impotencia por no poder ir,no puedo evitar sentir,no puedo evitar sentir,is_multiword,0,0,0|1|2|3,1,4.654124736785889,0,1.0,,,,,,,,,,,,,,,,,,,,,,,,,,,,,,,<mask> <mask> <mask> <mask> impotencia por no poder ir,▁no ▁puedo ▁evitar ▁sentir,4.0,3.664261802566691e-15,33.24014949798584,8.31003737449646,"  a ,",4.45686275393093e-07,18.616498947143555,4.654124736785889,0.0,3.0,0.0,8.0,0.0,4.0
3373,no puedo evitar sentir impotencia por no poder ir,no puedo evitar sentir impotencia,no puedo evitar sentir impotencia,is_multiword,0,0,0|1|2|3|4,1,6.919346968332927,0,1.0,,,,,,,,,,,,,,,,,,,,,,,,,,,,,,,<mask> <mask> <mask> <mask> <mask> <mask> por no poder ir,▁no ▁puedo ▁evitar ▁sentir ▁impoten cia,6.0,1.9689508690389783e-26,59.18971157073975,9.864951928456623,  i   i,2.1107661444343324e-08,41.51608180999756,6.919346968332927,0.0,4.0,0.0,8.0,0.0,5.0
3373,no puedo evitar sentir impotencia por no poder ir,no puedo evitar sentir impotencia por,no puedo evitar sentir impotencia por,is_multiword,0,0,0|1|2|3|4|5,1,6.708776303700039,0,1.0,,,,,,,,,,,,,,,,,,,,,,,,,,,,,,,<mask> <mask> <mask> <mask> <mask> <mask> <mask> no poder ir,▁no ▁puedo ▁evitar ▁sentir ▁impoten cia ▁por,7.0,3.4107998542734656e-30,67.85060596466064,9.692943709237236,i i i i i i i,8.471258587411244e-10,46.96143412590027,6.708776303700039,0.0,5.0,0.0,8.0,0.0,6.0
3373,no puedo evitar sentir impotencia por no poder ir,no puedo evitar sentir impotencia por no,no puedo evitar sentir impotencia por no,is_multiword,0,0,0|1|2|3|4|5|6,1,7.086317270994186,0,1.0,,,,,,,,,,,,,,,,,,,,,,,,,,,,,,,<mask> <mask> <mask> <mask> <mask> <mask> <mask> <mask> poder ir,▁no ▁puedo ▁evitar ▁sentir ▁impoten cia ▁por ▁no,8.0,2.5591280182089807e-35,79.6508116722107,9.956351459026337,</s> i i i i i i i,1.0677754073535415e-10,56.69053816795349,7.086317270994186,0.0,6.0,0.0,8.0,0.0,7.0
3373,no puedo evitar sentir impotencia por no poder ir,no puedo evitar sentir impotencia por no poder,no puedo evitar sentir impotencia por no poder,is_multiword,0,0,0|1|2|3|4|5|6|7,1,7.038354184892443,0,1.0,,,,,,,,,,,,,,,,,,,,,,,,,,,,,,,<mask> <mask> <mask> <mask> <mask> <mask> <mask> <mask> <mask> ir,▁no ▁puedo ▁evitar ▁sentir ▁impoten cia ▁por ▁no ▁poder,9.0,1.3878305082873034e-41,94.0782470703125,10.453138563368055,i  i i i i i i i,4.49574725567344e-14,63.34518766403198,7.038354184892443,0.0,7.0,0.0,8.0,0.0,8.0
3373,no puedo evitar sentir impotencia por no poder ir,no puedo evitar sentir impotencia por no poder ir,no puedo evitar sentir impotencia por no poder ir,is_multiword,0,0,0|1|2|3|4|5|6|7|8,1,9.375899255275726,1,1.0,,,,,,,,,,,,,,,,,,,,,,,,,,,,,,,<mask> <mask> <mask> <mask> <mask> <mask> <mask> <mask> <mask> <mask>,▁no ▁puedo ▁evitar ▁sentir ▁impoten cia ▁por ▁no ▁poder ▁ir,10.0,4.4682275781793423e-54,122.84260320663452,12.284260320663453,"</s> : , , , , , . . </s>",2.339636452324916e-13,93.75899255275726,9.375899255275726,0.0,8.0,0.0,8.0,0.0,9.0
3373,no puedo evitar sentir impotencia por no poder ir,puedo evitar,puedo evitar,is_multiword,0,1,1|2,1,5.530462026596069,0,1.0,,,,,,,,,,,,,,,,,,,,,,,,,,,,,,,no <mask> <mask> sentir impotencia por no poder ir,▁puedo ▁evitar,2.0,1.153245152946819e-06,13.672930717468262,6.836465358734131,"poder ,",0.0733871325728764,11.06092405319214,5.530462026596069,1.0,2.0,0.0,8.0,0.0,2.0
3373,no puedo evitar sentir impotencia por no poder ir,puedo evitar sentir,puedo evitar sentir,is_multiword,0,1,1|2|3,1,7.181133975585301,0,1.0,,,,,,,,,,,,,,,,,,,,,,,,,,,,,,,no <mask> <mask> <mask> impotencia por no poder ir,▁puedo ▁evitar ▁sentir,3.0,2.714564595348527e-12,26.632389545440677,8.877463181813559,poder cia no,0.006164257308233,21.543401926755905,7.181133975585301,1.0,3.0,0.0,8.0,0.0,3.0
3373,no puedo evitar sentir impotencia por no poder ir,puedo evitar sentir impotencia,puedo evitar sentir impotencia,is_multiword,0,1,1|2|3|4,1,8.840598654747009,0,1.0,,,,,,,,,,,,,,,,,,,,,,,,,,,,,,,no <mask> <mask> <mask> <mask> <mask> por no poder ir,▁puedo ▁evitar ▁sentir ▁impoten cia,5.0,5.6125670364355205e-24,53.53703403472901,10.7074068069458,poder i no no i,8.836445508375803e-05,44.202993273735046,8.840598654747009,1.0,4.0,0.0,8.0,0.0,4.0
3373,no puedo evitar sentir impotencia por no poder ir,puedo evitar sentir impotencia por,puedo evitar sentir impotencia por,is_multiword,0,1,1|2|3|4|5,1,9.017955839633942,0,1.0,,,,,,,,,,,,,,,,,,,,,,,,,,,,,,,no <mask> <mask> <mask> <mask> <mask> <mask> no poder ir,▁puedo ▁evitar ▁sentir ▁impoten cia ▁por,6.0,6.220390743078986e-29,64.94713497161865,10.824522495269775,poder i no no i i,1.961139204448916e-05,54.10773503780365,9.017955839633942,1.0,5.0,0.0,8.0,0.0,5.0
3373,no puedo evitar sentir impotencia por no poder ir,puedo evitar sentir impotencia por no,puedo evitar sentir impotencia por no,is_multiword,0,1,1|2|3|4|5|6,1,6.021001202719552,0,1.0,,,,,,,,,,,,,,,,,,,,,,,,,,,,,,,no <mask> <mask> <mask> <mask> <mask> <mask> <mask> poder ir,▁puedo ▁evitar ▁sentir ▁impoten cia ▁por ▁no,7.0,3.10290293944045e-28,63.3400444984436,9.048577785491943,", i i i i i i",6.251458837638893e-10,42.14700841903687,6.021001202719552,1.0,6.0,0.0,8.0,0.0,6.0
3373,no puedo evitar sentir impotencia por no poder ir,puedo evitar sentir impotencia por no poder,puedo evitar sentir impotencia por no poder,is_multiword,0,1,1|2|3|4|5|6|7,1,7.201036870479584,0,1.0,,,,,,,,,,,,,,,,,,,,,,,,,,,,,,,no <mask> <mask> <mask> <mask> <mask> <mask> <mask> <mask> ir,▁puedo ▁evitar ▁sentir ▁impoten cia ▁por ▁no ▁poder,8.0,8.357212001671387e-36,80.7699384689331,10.096242308616638,i i i i i i i i,8.730237005139725e-11,57.60829496383667,7.201036870479584,1.0,7.0,0.0,8.0,0.0,7.0
3373,no puedo evitar sentir impotencia por no poder ir,puedo evitar sentir impotencia por no poder ir,puedo evitar sentir impotencia por no poder ir,is_multiword,0,1,1|2|3|4|5|6|7|8,1,8.504632923338148,0,1.0,,,,,,,,,,,,,,,,,,,,,,,,,,,,,,,no <mask> <mask> <mask> <mask> <mask> <mask> <mask> <mask> <mask>,▁puedo ▁evitar ▁sentir ▁impoten cia ▁por ▁no ▁poder ▁ir,9.0,4.6206910536624404e-45,102.08578491210938,11.342864990234377,". s , , , , , . </s>",8.060152797640723e-12,76.54169631004333,8.504632923338148,1.0,8.0,0.0,8.0,0.0,8.0
3373,no puedo evitar sentir impotencia por no poder ir,evitar sentir,evitar sentir,is_multiword,0,2,2|3,1,1.9276580214500427,0,1.0,,,,,,,,,,,,,,,,,,,,,,,,,,,,,,,no puedo <mask> <mask> impotencia por no poder ir,▁evitar ▁sentir,2.0,0.0020649596233104,6.182644605636597,3.0913223028182983,ir sentir,0.0975560140625472,3.855316042900085,1.9276580214500427,2.0,3.0,0.0,8.0,0.0,2.0
3373,no puedo evitar sentir impotencia por no poder ir,evitar sentir impotencia,evitar sentir impotencia,is_multiword,0,2,2|3|4,1,7.895341537892818,0,1.0,,,,,,,,,,,,,,,,,,,,,,,,,,,,,,,no puedo <mask> <mask> <mask> <mask> por no poder ir,▁evitar ▁sentir ▁impoten cia,4.0,2.8336667670183845e-17,38.10237503051758,9.525593757629396,"ir , , ,",0.0014721830983479,31.581366151571277,7.895341537892818,2.0,4.0,0.0,8.0,0.0,3.0
3373,no puedo evitar sentir impotencia por no poder ir,evitar sentir impotencia por,evitar sentir impotencia por,is_multiword,0,2,2|3|4|5,1,8.229032111167907,0,1.0,,,,,,,,,,,,,,,,,,,,,,,,,,,,,,,no puedo <mask> <mask> <mask> <mask> <mask> no poder ir,▁evitar ▁sentir ▁impoten cia ▁por,5.0,3.087068189541664e-22,49.52965021133423,9.905930042266846,"ir </s> </s> , ,",0.0002283822824859,41.14516055583954,8.229032111167907,2.0,5.0,0.0,8.0,0.0,4.0
3373,no puedo evitar sentir impotencia por no poder ir,evitar sentir impotencia por no,evitar sentir impotencia por no,is_multiword,0,2,2|3|4|5|6,1,7.097261652350426,0,1.0,,,,,,,,,,,,,,,,,,,,,,,,,,,,,,,no puedo <mask> <mask> <mask> <mask> <mask> <mask> poder ir,▁evitar ▁sentir ▁impoten cia ▁por ▁no,6.0,7.080026392282476e-23,51.00217950344086,8.500363250573477,"ir </s> </s> </s> , no",0.0002207213328696,42.58356991410256,7.097261652350426,2.0,6.0,0.0,8.0,0.0,5.0
3373,no puedo evitar sentir impotencia por no poder ir,evitar sentir impotencia por no poder,evitar sentir impotencia por no poder,is_multiword,0,2,2|3|4|5|6|7,1,6.354589189801898,0,1.0,,,,,,,,,,,,,,,,,,,,,,,,,,,,,,,no puedo <mask> <mask> <mask> <mask> <mask> <mask> <mask> ir,▁evitar ▁sentir ▁impoten cia ▁por ▁no ▁poder,7.0,4.584945359918531e-25,56.04184913635254,8.005978448050362,ir </s> </s> </s> </s> no puedo,9.542788613343255e-06,44.48212432861328,6.354589189801898,2.0,7.0,0.0,8.0,0.0,6.0
3373,no puedo evitar sentir impotencia por no poder ir,evitar sentir impotencia por no poder ir,evitar sentir impotencia por no poder ir,is_multiword,0,2,2|3|4|5|6|7|8,1,6.8544153571128845,0,1.0,,,,,,,,,,,,,,,,,,,,,,,,,,,,,,,no puedo <mask> <mask> <mask> <mask> <mask> <mask> <mask> <mask>,▁evitar ▁sentir ▁impoten cia ▁por ▁no ▁poder ▁ir,8.0,5.110561985629476e-34,76.65658378601074,9.582072973251345,", , </s> </s>   . </s>",3.3353912900393663e-10,54.83532285690308,6.8544153571128845,2.0,8.0,0.0,8.0,0.0,7.0
3373,no puedo evitar sentir impotencia por no poder ir,sentir impotencia,sentir impotencia,is_multiword,0,3,3|4,1,6.154696702957153,0,1.0,,,,,,,,,,,,,,,,,,,,,,,,,,,,,,,no puedo evitar <mask> <mask> <mask> por no poder ir,▁sentir ▁impoten cia,3.0,8.693219812664029e-12,25.468477725982662,8.489492575327555,"</s> </s> ,",0.0009078897412195,18.46409010887146,6.154696702957153,3.0,4.0,0.0,8.0,0.0,2.0
3373,no puedo evitar sentir impotencia por no poder ir,sentir impotencia por,sentir impotencia por,is_multiword,0,3,3|4|5,1,7.990320473909378,0,1.0,,,,,,,,,,,,,,,,,,,,,,,,,,,,,,,no puedo evitar <mask> <mask> <mask> <mask> no poder ir,▁sentir ▁impoten cia ▁por,4.0,6.143940657667207e-17,37.32848024368286,9.332120060920715,</s> </s> </s> </s>,0.0046671888491646,31.961281895637512,7.990320473909378,3.0,5.0,0.0,8.0,0.0,3.0
3373,no puedo evitar sentir impotencia por no poder ir,sentir impotencia por no,sentir impotencia por no,is_multiword,0,3,3|4|5|6,1,7.259472042322159,0,1.0,,,,,,,,,,,,,,,,,,,,,,,,,,,,,,,no puedo evitar <mask> <mask> <mask> <mask> <mask> poder ir,▁sentir ▁impoten cia ▁por ▁no,5.0,1.3649743949323671e-18,41.135396003723145,8.22707920074463,</s> </s> </s> </s> no,0.0079226004126738,36.2973602116108,7.259472042322159,3.0,6.0,0.0,8.0,0.0,4.0
3373,no puedo evitar sentir impotencia por no poder ir,sentir impotencia por no poder,sentir impotencia por no poder,is_multiword,0,3,3|4|5|6|7,1,5.895021220048268,0,1.0,,,,,,,,,,,,,,,,,,,,,,,,,,,,,,,no puedo evitar <mask> <mask> <mask> <mask> <mask> <mask> ir,▁sentir ▁impoten cia ▁por ▁no ▁poder,6.0,1.0320077093181126e-20,46.02019572257996,7.670032620429993,"ir </s> </s> </s> , ,",2.369922046134896e-05,35.37012732028961,5.895021220048268,3.0,7.0,0.0,8.0,0.0,5.0
3373,no puedo evitar sentir impotencia por no poder ir,sentir impotencia por no poder ir,sentir impotencia por no poder ir,is_multiword,0,3,3|4|5|6|7|8,1,5.677035536084857,0,1.0,,,,,,,,,,,,,,,,,,,,,,,,,,,,,,,no puedo evitar <mask> <mask> <mask> <mask> <mask> <mask> <mask>,▁sentir ▁impoten cia ▁por ▁no ▁poder ▁ir,7.0,4.609551914175257e-26,58.33908176422119,8.334154537745885,", </s> </s>    </s>",8.359785971880728e-09,39.739248752594,5.677035536084857,3.0,8.0,0.0,8.0,0.0,6.0
3373,no puedo evitar sentir impotencia por no poder ir,impotencia por,impotencia por,is_multiword,0,4,4|5,1,5.216504534085591,0,1.0,,,,,,,,,,,,,,,,,,,,,,,,,,,,,,,no puedo evitar sentir <mask> <mask> <mask> no poder ir,▁impoten cia ▁por,3.0,2.2820167032806629e-10,22.200791358947757,7.400263786315918,"que , ,",0.0014282894254839,15.649513602256777,5.216504534085591,4.0,5.0,0.0,8.0,0.0,2.0
3373,no puedo evitar sentir impotencia por no poder ir,impotencia por no,impotencia por no,is_multiword,0,4,4|5|6,1,4.1416738629341125,0,1.0,,,,,,,,,,,,,,,,,,,,,,,,,,,,,,,no puedo evitar sentir <mask> <mask> <mask> <mask> poder ir,▁impoten cia ▁por ▁no,4.0,1.2848825835473875e-11,25.077768683433533,6.269442170858383,"que , , no",0.0002012277449867,16.56669545173645,4.1416738629341125,4.0,6.0,0.0,8.0,0.0,3.0
3373,no puedo evitar sentir impotencia por no poder ir,impotencia por no poder,impotencia por no poder,is_multiword,0,4,4|5|6|7,1,4.1896095991134645,0,1.0,,,,,,,,,,,,,,,,,,,,,,,,,,,,,,,no puedo evitar sentir <mask> <mask> <mask> <mask> <mask> ir,▁impoten cia ▁por ▁no ▁poder,5.0,1.1027845948826312e-14,32.13835287094116,6.427670574188232,"</s> </s> , , ,",1.380741383866906e-05,20.94804799556732,4.1896095991134645,4.0,7.0,0.0,8.0,0.0,4.0
3373,no puedo evitar sentir impotencia por no poder ir,impotencia por no poder ir,impotencia por no poder ir,is_multiword,0,4,4|5|6|7|8,1,5.648909946282704,0,1.0,,,,,,,,,,,,,,,,,,,,,,,,,,,,,,,no puedo evitar sentir <mask> <mask> <mask> <mask> <mask> <mask>,▁impoten cia ▁por ▁no ▁poder ▁ir,6.0,5.689296917951991e-22,48.91828536987305,8.153047561645508,     .,2.9840157449384585e-07,33.89345967769623,5.648909946282704,4.0,8.0,0.0,8.0,0.0,5.0
3373,no puedo evitar sentir impotencia por no poder ir,por no,por no,is_multiword,0,5,5|6,1,2.291141450405121,0,1.0,,,,,,,,,,,,,,,,,,,,,,,,,,,,,,,no puedo evitar sentir impotencia <mask> <mask> poder ir,▁por ▁no,2.0,0.0008380147954102,7.084474802017212,3.542237401008606,", no",0.0819052734582011,4.582282900810242,2.291141450405121,5.0,6.0,0.0,8.0,0.0,2.0
3373,no puedo evitar sentir impotencia por no poder ir,por no poder,por no poder,is_multiword,0,5,5|6|7,1,1.8682225942611692,0,1.0,,,,,,,,,,,,,,,,,,,,,,,,,,,,,,,no puedo evitar sentir impotencia <mask> <mask> <mask> ir,▁por ▁no ▁poder,3.0,3.849118536032134e-06,12.467666387557983,4.155888795852661,", no puedo",0.0010457733653147,5.604667782783508,1.8682225942611692,5.0,7.0,0.0,8.0,0.0,3.0
3373,no puedo evitar sentir impotencia por no poder ir,por no poder ir,por no poder ir,is_multiword,0,5,5|6|7|8,1,4.798606216907501,0,1.0,,,,,,,,,,,,,,,,,,,,,,,,,,,,,,,no puedo evitar sentir impotencia <mask> <mask> <mask> <mask>,▁por ▁no ▁poder ▁ir,4.0,6.635560956438818e-14,30.343748092651367,7.585937023162842,</s>   </s>,1.4385019217501114e-05,19.194424867630005,4.798606216907501,5.0,8.0,0.0,8.0,0.0,4.0
3373,no puedo evitar sentir impotencia por no poder ir,no poder,no poder,is_multiword,0,6,6|7,1,1.2699108123779297,0,1.0,,,,,,,,,,,,,,,,,,,,,,,,,,,,,,,no puedo evitar sentir impotencia por <mask> <mask> ir,▁no ▁poder,2.0,0.0004003876159241,7.823077440261841,3.91153872013092,que que,0.0050758777390279,2.53982162475586,1.2699108123779297,6.0,7.0,0.0,8.0,0.0,2.0
3373,no puedo evitar sentir impotencia por no poder ir,no poder ir,no poder ir,is_multiword,0,6,6|7|8,1,6.5615954001744585,0,1.0,,,,,,,,,,,,,,,,,,,,,,,,,,,,,,,no puedo evitar sentir impotencia por <mask> <mask> <mask>,▁no ▁poder ▁ir,3.0,3.856936282324399e-12,26.281147956848145,8.760382652282715, . </s>,0.0013653264023567,19.684786200523376,6.5615954001744585,6.0,8.0,0.0,8.0,0.0,3.0
3373,no puedo evitar sentir impotencia por no poder ir,poder ir,poder ir,is_multiword,0,7,7|8,1,3.451143264770508,0,1.0,,,,,,,,,,,,,,,,,,,,,,,,,,,,,,,no puedo evitar sentir impotencia por no <mask> <mask>,▁poder ▁ir,2.0,1.8684630385319604e-05,10.88780927658081,5.443904638290405,tener </s>,0.0185827277173901,6.902286529541016,3.451143264770508,7.0,8.0,0.0,8.0,0.0,2.0
3377,"""boy christendom would make a nice setting for an episode of ""buffy""""",boy christendom,boy christendom,is_multiword,0,0,0|1,1,6.037414312362671,0,1.0,,,,,,,,,,,,,,,,,,,,,,,,,,,,,,,<mask> <mask> <mask> <mask> would make a nice setting for an episode of buffy,▁boy ▁christ en dom,4.0,1.974298094071845e-16,36.16114854812622,9.040287137031555,"I ffy , it",6.074011496059182e-06,24.149657249450684,6.037414312362671,0.0,1.0,0.0,11.0,0.0,2.0
3379,"""ay yo, we dippin after 3rd period today?? ""hell yeah, lets go get some dubbies",ay yo,ay yo,is_multiword,0,0,0|1,1,4.503685116767883,0,1.0,,,,,,,,,,,,,,,,,,,,,,,,,,,,,,,<mask> <mask> we dippin after 3rd period today hell yeah lets go get some dubbies,▁ay ▁yo,2.0,3.341114140426506e-07,14.91179132461548,7.455895662307739, s,0.0027273602169632,9.007370233535768,4.503685116767883,0.0,1.0,0.0,14.0,0.0,2.0
3379,"""ay yo, we dippin after 3rd period today?? ""hell yeah, lets go get some dubbies",hell yeah,hell yeah,is_multiword,0,9,9|10,1,2.2056476746996245,0,1.0,,,,,,,,,,,,,,,,,,,,,,,,,,,,,,,ay yo we dippin after 3rd period today hell <mask> <mask> <mask> go get some dubbies,▁yeah ▁let s,3.0,1.9751316492403104e-05,10.832290410995483,3.610763470331828,o we we,0.0147671909473145,6.616943024098873,2.2056476746996245,9.0,10.0,0.0,14.0,0.0,2.0
3380,adriana was doing the five finger waltz tonight because her boyfriend was out of town,five finger,five finger,is_multiword,0,4,4|5,1,7.79693067073822,1,1.0,,,,,,,,,,,,,,,,,,,,,,,,,,,,,,,adriana was doing the <mask> <mask> waltz tonight because her boyfriend was out of town,▁five ▁finger,2.0,1.7179245470517815e-09,20.182148933410645,10.091074466705322,dance of,0.010170259104263,15.59386134147644,7.79693067073822,4.0,5.0,0.0,14.0,0.0,2.0
3382,there are some fishermen fuck fuck fuck,fuck fuck,fuck fuck,is_multiword,0,4,4|5,1,2.4639472365379333,0,1.0,,,,,,,,,,,,,,,,,,,,,,,,,,,,,,,there are some fishermen <mask> <mask> fuck,▁fuck ▁fuck,2.0,0.0002864841410853,8.157827377319336,4.078913688659668,who the,0.0395601530177491,4.927894473075867,2.4639472365379333,4.0,5.0,0.0,6.0,0.0,2.0
3382,there are some fishermen fuck fuck fuck,fuck fuck fuck,fuck fuck fuck,is_multiword,1,4,4|5|6,1,9.257565200328829,1,1.0,,,,,,,,,,,,,,,,,,,,,,,,,,,,,,,there are some fishermen <mask> <mask> <mask>,▁fuck ▁fuck ▁fuck,3.0,9.178362533642242e-16,34.62451267242432,11.54150422414144,in  .,0.0010575323341976,27.77269560098648,9.257565200328829,4.0,6.0,0.0,6.0,0.0,3.0
3383,"claire: hey, how are you? john: your being an asswaffle 70% of the day claire: i hate you",claire hey,claire hey,is_multiword,0,0,0|1,1,3.3585828145345054,1,1.0,,,,,,,,,,,,,,,,,,,,,,,,,,,,,,,<mask> <mask> <mask> how are you john your being an asswaffle 70 of the day claire i hate you,▁clair e ▁hey,3.0,2.1780333536163264e-08,17.642258405685425,5.880752801895142,i you you,0.00051749537913,10.075748443603516,3.3585828145345054,0.0,1.0,0.0,17.0,0.0,2.0
3384,if it smells like borrie it must be the black eyed peas,eyed peas,eyed peas,is_multiword,0,10,10|11,1,4.617524117231369,0,1.0,,,,,,,,,,,,,,,,,,,,,,,,,,,,,,,if it smells like borrie it must be the black <mask> <mask> <mask> <mask>,▁eye d ▁pe as,4.0,2.443858428967585e-13,29.04002809524536,7.26000702381134,pepper of . .,2.567657073747436e-05,18.47009646892548,4.617524117231369,10.0,11.0,0.0,11.0,0.0,2.0
3390,a: dude your so bad b: na b im a bawss,dude your,dude your,is_multiword,0,1,1|2,1,5.884045680363973,0,1.0,,,,,,,,,,,,,,,,,,,,,,,,,,,,,,,a <mask> <mask> <mask> so bad b na b im a bawss,▁du de ▁your,3.0,3.4713139668740834e-11,24.083902835845947,8.027967611948648,b a a,0.0016096060896189,17.65213704109192,5.884045680363973,1.0,2.0,0.0,10.0,0.0,2.0
3390,a: dude your so bad b: na b im a bawss,dude your so,dude your so,is_multiword,0,1,1|2|3,1,7.221888512372971,0,1.0,,,,,,,,,,,,,,,,,,,,,,,,,,,,,,,a <mask> <mask> <mask> <mask> bad b na b im a bawss,▁du de ▁your ▁so,4.0,2.7691631093529803e-15,33.52023124694824,8.38005781173706,b b b a,0.009728678612974,28.88755404949188,7.221888512372971,1.0,3.0,0.0,10.0,0.0,3.0
3390,a: dude your so bad b: na b im a bawss,your so,your so,is_multiword,0,2,2|3,1,7.640770196914673,0,1.0,,,,,,,,,,,,,,,,,,,,,,,,,,,,,,,a dude <mask> <mask> bad b na b im a bawss,▁your ▁so,2.0,1.5710913836332902e-08,17.968910217285156,8.984455108642578,b a,0.0680597132266339,15.281540393829346,7.640770196914673,2.0,3.0,0.0,10.0,0.0,2.0
3391,"aquacadet : danng, that sure was a rad aquabats show last nite, yo",aquacadet danng,aquacadet danng,is_multiword,0,0,0|1,1,7.12039098739624,0,1.0,,,,,,,,,,,,,,,,,,,,,,,,,,,,,,,<mask> <mask> <mask> <mask> <mask> that sure was a rad aquabats show last nite yo,▁aqua cade t ▁dan ng,5.0,4.558683278802368e-22,49.139838218688965,9.827967643737791,I you a a but,1.3199941123619953e-06,35.6019549369812,7.12039098739624,0.0,1.0,0.0,11.0,0.0,2.0
3391,"aquacadet : danng, that sure was a rad aquabats show last nite, yo",rad aquabats,rad aquabats,is_multiword,0,6,6|7,1,8.201502859592438,0,1.0,,,,,,,,,,,,,,,,,,,,,,,,,,,,,,,aquacadet danng that sure was a <mask> <mask> <mask> <mask> show last nite yo,▁rad ▁aqua bat s,4.0,2.693101411222557e-18,40.455838203430176,10.113959550857544,good of the the,0.0004761266036417,32.80601143836975,8.201502859592438,6.0,7.0,0.0,11.0,0.0,2.0
3392,"ben, you sneaky bast",sneaky bast,sneaky bast,is_multiword,0,2,2|3,1,5.981428146362305,0,1.0,,,,,,,,,,,,,,,,,,,,,,,,,,,,,,,ben you <mask> <mask> <mask> <mask> <mask>,▁sne a ky ▁bas t,5.0,3.053900510568577e-20,44.9352822303772,8.987056446075439,' me you ? </s>,2.974137712339142e-07,29.907140731811523,5.981428146362305,2.0,3.0,0.0,3.0,0.0,2.0
3396,"cmoan ya bastart, gie us a square go",cmoan ya,cmoan ya,is_multiword,0,0,0|1,1,6.9767372608184814,0,1.0,,,,,,,,,,,,,,,,,,,,,,,,,,,,,,,<mask> <mask> <mask> bastart gie us a square go,▁cm oan ▁ya,3.0,7.610022902318895e-14,30.206725120544437,10.06890837351481, you a,9.359689593773796e-05,20.930211782455444,6.9767372608184814,0.0,1.0,0.0,7.0,0.0,2.0
3396,"cmoan ya bastart, gie us a square go",cmoan ya bastart,cmoan ya bastart,is_multiword,0,0,0|1|2,1,7.984946966171265,1,1.0,,,,,,,,,,,,,,,,,,,,,,,,,,,,,,,<mask> <mask> <mask> <mask> <mask> gie us a square go,▁cm oan ▁ya ▁ba start,5.0,1.9642397625515314e-24,54.5869369506836,10.91738739013672,I you you you to,4.2883134958298957e-07,39.92473483085632,7.984946966171265,0.0,2.0,0.0,7.0,0.0,3.0
3396,"cmoan ya bastart, gie us a square go",ya bastart,ya bastart,is_multiword,0,1,1|2,1,6.440885225931804,0,1.0,,,,,,,,,,,,,,,,,,,,,,,,,,,,,,,cmoan <mask> <mask> <mask> gie us a square go,▁ya ▁ba start,3.0,2.7120234867148265e-13,28.935911178588867,9.645303726196287,a you you,6.683688221688933e-05,19.32265567779541,6.440885225931804,1.0,2.0,0.0,7.0,0.0,2.0
3396,"cmoan ya bastart, gie us a square go",square go,square go,is_multiword,1,6,6|7,1,5.505481123924255,0,1.0,,,,,,,,,,,,,,,,,,,,,,,,,,,,,,,cmoan ya bastart gie us a <mask> <mask> <mask>,▁ square ▁go,3.0,1.6683434737184968e-10,22.51401972770691,7.50467324256897, . </s>,0.0024847670757129,16.516443371772766,5.505481123924255,6.0,7.0,0.0,7.0,0.0,2.0
3398,"im'a hit you up tonite cuz, fo shizzy",im'a hit,im'a hit,is_multiword,0,0,0|1,1,2.566076397895813,0,1.0,,,,,,,,,,,,,,,,,,,,,,,,,,,,,,,<mask> <mask> <mask> <mask> you up tonite cuz fo shizzy,▁im ' a ▁hit,4.0,2.138617691022513e-09,19.963106155395508,4.990776538848877,i you to keep,6.135704479519375e-05,10.264305591583252,2.566076397895813,0.0,1.0,0.0,7.0,0.0,2.0
3398,"im'a hit you up tonite cuz, fo shizzy",up tonite,up tonite,is_multiword,0,3,3|4,1,3.95410148302714,0,1.0,,,,,,,,,,,,,,,,,,,,,,,,,,,,,,,im'a hit you <mask> <mask> <mask> cuz fo shizzy,▁up ▁to nite,3.0,1.5904497931612663e-09,20.259248971939087,6.753082990646362,in the my,0.0002255554518918,11.86230444908142,3.95410148302714,3.0,4.0,0.0,7.0,0.0,2.0
3398,"im'a hit you up tonite cuz, fo shizzy",up tonite cuz,up tonite cuz,is_multiword,0,3,3|4|5,1,4.277505493164062,0,1.0,,,,,,,,,,,,,,,,,,,,,,,,,,,,,,,im'a hit you <mask> <mask> <mask> <mask> <mask> fo shizzy,▁up ▁to nite ▁cu z,5.0,5.179273159019499e-16,35.196696758270264,7.039339351654053,in the you ' fo,1.0063614139047338e-06,21.387527465820312,4.277505493164062,3.0,5.0,0.0,7.0,0.0,3.0
3398,"im'a hit you up tonite cuz, fo shizzy",tonite cuz,tonite cuz,is_multiword,0,4,4|5,1,4.737994223833084,0,1.0,,,,,,,,,,,,,,,,,,,,,,,,,,,,,,,im'a hit you up <mask> <mask> <mask> <mask> fo shizzy,▁to nite ▁cu z,4.0,2.616349155709021e-13,28.971826314926147,7.242956578731537,with you you fo,4.450765239721588e-05,18.951976895332336,4.737994223833084,4.0,5.0,0.0,7.0,0.0,2.0
3398,"im'a hit you up tonite cuz, fo shizzy",fo shizzy,fo shizzy,is_multiword,1,6,6|7,1,6.763865311940511,0,1.0,,,,,,,,,,,,,,,,,,,,,,,,,,,,,,,im'a hit you up tonite cuz <mask> <mask> <mask>,▁fo ▁shi zzy,3.0,2.0506805007645025e-12,26.91284942626953,8.97094980875651,' . </s>,0.0013317605497912,20.291595935821533,6.763865311940511,6.0,7.0,0.0,7.0,0.0,2.0
3408,"this bonger crashed the party, he was pretty fukkin kewl",fukkin kewl,fukkin kewl,is_multiword,0,8,8|9,1,6.629611206054688,0,1.0,,,,,,,,,,,,,,,,,,,,,,,,,,,,,,,this bonger crashed the party he was pretty <mask> <mask> <mask> <mask> <mask>,▁fu k kin ▁ke wl,5.0,1.3505612643268139e-20,45.75118160247803,9.150236320495605,good and the the .,3.361492210851246e-06,33.14805603027344,6.629611206054688,8.0,9.0,0.0,9.0,0.0,2.0
3409,"what up, my bazignot? or you are such a bazignot",what up,what up,is_multiword,0,0,0|1,1,6.434845209121704,0,1.0,,,,,,,,,,,,,,,,,,,,,,,,,,,,,,,<mask> <mask> my bazignot or you are such a bazignot,▁what ▁up,2.0,4.86900600198739e-07,14.535205841064451,7.267602920532227,You are,0.1890931699252724,12.869690418243408,6.434845209121704,0.0,1.0,0.0,9.0,0.0,2.0
3412,"alexis, i have a droner boner for you",droner boner,droner boner,is_multiword,1,4,4|5,1,6.961101472377777,0,1.0,,,,,,,,,,,,,,,,,,,,,,,,,,,,,,,alexis i have a <mask> <mask> <mask> <mask> for you,▁drone r ▁bon er,4.0,1.3970214645965326e-16,36.50701904296875,9.126754760742188,lot of to waiting,0.0001729318185706,27.84440588951111,6.961101472377777,4.0,5.0,0.0,7.0,0.0,2.0
3412,"alexis, i have a droner boner for you",droner boner for,droner boner for,is_multiword,0,4,4|5|6,1,5.938270711898804,0,1.0,,,,,,,,,,,,,,,,,,,,,,,,,,,,,,,alexis i have a <mask> <mask> <mask> <mask> <mask> you,▁drone r ▁bon er ▁for,5.0,1.388104866722985e-18,41.11859226226807,8.223718452453614,very to to to with,1.089465013223446e-05,29.69135355949402,5.938270711898804,4.0,6.0,0.0,7.0,0.0,3.0
3412,"alexis, i have a droner boner for you",boner for,boner for,is_multiword,0,5,5|6,1,4.937243024508159,0,1.0,,,,,,,,,,,,,,,,,,,,,,,,,,,,,,,alexis i have a droner <mask> <mask> <mask> you,▁bon er ▁for,3.0,2.7172170928154957e-09,19.723657608032227,6.574552536010742,i i for,0.0073582839344502,14.811729073524477,4.937243024508159,5.0,6.0,0.0,7.0,0.0,2.0
3414,yeeeeee hah look at that nobjockey go,yeeeeee hah,yeeeeee hah,is_multiword,0,0,0|1,1,7.425241440534592,0,1.0,,,,,,,,,,,,,,,,,,,,,,,,,,,,,,,<mask> <mask> <mask> <mask> look at that nobjockey go,▁ye eeeee ▁ha h,4.0,5.1839229981657707e-17,37.49838447570801,9.374596118927002,I you have a,0.0004107939885365,29.700965762138367,7.425241440534592,0.0,1.0,0.0,6.0,0.0,2.0
3414,yeeeeee hah look at that nobjockey go,nobjockey go,nobjockey go,is_multiword,0,5,5|6,1,5.019190549850464,0,1.0,,,,,,,,,,,,,,,,,,,,,,,,,,,,,,,yeeeeee hah look at that <mask> <mask> <mask> <mask> <mask> <mask>,▁no b jo cke y ▁go,6.0,9.030338700342994e-23,50.758867263793945,8.459811210632324,"girl , you  . .",1.0827908974770714e-09,30.115143299102783,5.019190549850464,5.0,6.0,0.0,6.0,0.0,2.0
3415,"if you type fratz instead of frats, your cool factor will go up 1029387 points",go up,go up,is_multiword,0,11,11|12,1,1.4437122344970703,1,1.0,,,,,,,,,,,,,,,,,,,,,,,,,,,,,,,if you type fratz instead of frats your cool factor will <mask> <mask> 1029387 points,▁go ▁up,2.0,0.0027488973159435,5.896555423736572,2.948277711868286,be at,0.049334534079035,2.8874244689941406,1.4437122344970703,11.0,12.0,0.0,14.0,0.0,2.0
3418,my 3 nickle days gat me catchin birds off the roof,gat me,gat me,is_multiword,0,4,4|5,1,7.599142074584961,0,1.0,,,,,,,,,,,,,,,,,,,,,,,,,,,,,,,my 3 nickle days <mask> <mask> catchin birds off the roof,▁gat ▁me,2.0,4.139631615924648e-09,19.302659034729004,9.651329517364502,i to,0.0165003302098267,15.198284149169922,7.599142074584961,4.0,5.0,0.0,10.0,0.0,2.0
3418,my 3 nickle days gat me catchin birds off the roof,gat me catchin,gat me catchin,is_multiword,0,4,4|5|6,1,6.946332886815071,0,1.0,,,,,,,,,,,,,,,,,,,,,,,,,,,,,,,my 3 nickle days <mask> <mask> <mask> <mask> birds off the roof,▁gat ▁me ▁catch in,4.0,3.122476823899758e-16,35.70273494720459,8.925683736801147,and the ing the,0.0003643471631468,27.785331547260284,6.946332886815071,4.0,6.0,0.0,10.0,0.0,3.0
3418,my 3 nickle days gat me catchin birds off the roof,me catchin,me catchin,is_multiword,0,5,5|6,1,6.225596110026042,0,1.0,,,,,,,,,,,,,,,,,,,,,,,,,,,,,,,my 3 nickle days gat <mask> <mask> <mask> birds off the roof,▁me ▁catch in,3.0,9.575674442492147e-11,23.069210052490234,7.689736684163411,ts and the,0.0123707344307502,18.676788330078125,6.225596110026042,5.0,6.0,0.0,10.0,0.0,2.0
3420,sledgeback sbck,sledgeback sbck,sledgeback sbck,is_multiword,0,0,0|1,1,8.349968671798706,1,1.0,,,,,,,,,,,,,,,,,,,,,,,,,,,,,,,<mask> <mask> <mask> <mask> <mask> <mask>,▁sled ge back ▁s b ck,6.0,5.097364532111152e-29,65.14624404907227,10.857707341512045,"</s> : ,  . </s>",2.920233657230533e-07,50.09981203079224,8.349968671798706,0.0,1.0,0.0,1.0,0.0,2.0
3422,man that nigga catin off,nigga catin,nigga catin,is_multiword,0,2,2|3,1,6.705944001674652,0,1.0,,,,,,,,,,,,,,,,,,,,,,,,,,,,,,,man that <mask> <mask> <mask> <mask> off,▁ni gga ▁cat in,4.0,1.1491459079215289e-16,36.70234251022339,9.175585627555847,love s to him,5.126170870387132e-05,26.82377600669861,6.705944001674652,2.0,3.0,0.0,4.0,0.0,2.0
3422,man that nigga catin off,nigga catin off,nigga catin off,is_multiword,0,2,2|3|4,1,5.97470862865448,0,1.0,,,,,,,,,,,,,,,,,,,,,,,,,,,,,,,man that <mask> <mask> <mask> <mask> <mask>,▁ni gga ▁cat in ▁off,5.0,2.0699770107389328e-19,43.02157926559448,8.604315853118896,is s the the </s>,1.9493079957959357e-06,29.8735431432724,5.97470862865448,2.0,4.0,0.0,4.0,0.0,3.0
3422,man that nigga catin off,catin off,catin off,is_multiword,0,3,3|4,1,4.877577384312947,0,1.0,,,,,,,,,,,,,,,,,,,,,,,,,,,,,,,man that nigga <mask> <mask> <mask>,▁cat in ▁off,3.0,1.8434339104864005e-11,24.71680593490601,8.238935311635336,", . .",4.173903474644897e-05,14.632732152938845,4.877577384312947,3.0,4.0,0.0,4.0,0.0,2.0
3423,"dustin: hey tuck, did you hook up with that skinny bitch the other night? tuck: yeah, i took her little ass home and split it like firewood",hook up,hook up,is_multiword,0,5,5|6,1,1.8079242706298828,1,1.0,,,,,,,,,,,,,,,,,,,,,,,,,,,,,,,dustin hey tuck did you <mask> <mask> with that skinny bitch the other night tuck yeah i took her little ass home and split it like firewood,▁hook ▁up,2.0,0.0007545962523689,7.189327716827393,3.5946638584136963,fuck sex,0.0280580647331895,3.6158485412597656,1.8079242706298828,5.0,6.0,0.0,26.0,0.0,2.0
3423,"dustin: hey tuck, did you hook up with that skinny bitch the other night? tuck: yeah, i took her little ass home and split it like firewood",bitch the,bitch the,is_multiword,0,10,10|11,1,2.313954750696818,0,1.0,,,,,,,,,,,,,,,,,,,,,,,,,,,,,,,dustin hey tuck did you hook up with that skinny <mask> <mask> <mask> other night tuck yeah i took her little ass home and split it like firewood,▁bit ch ▁the,3.0,5.860283262096169e-06,12.04731261730194,4.01577087243398,girl girl the,0.0060636195895036,6.941864252090454,2.313954750696818,10.0,11.0,0.0,26.0,0.0,2.0
3423,"dustin: hey tuck, did you hook up with that skinny bitch the other night? tuck: yeah, i took her little ass home and split it like firewood",bitch the other,bitch the other,is_multiword,0,10,10|11|12,1,2.8229065239429474,0,1.0,,,,,,,,,,,,,,,,,,,,,,,,,,,,,,,dustin hey tuck did you hook up with that skinny <mask> <mask> <mask> <mask> night tuck yeah i took her little ass home and split it like firewood,▁bit ch ▁the ▁other,4.0,1.4901493938256802e-09,20.32438945770264,5.081097364425659,girl in the last,0.0001194320029,11.29162609577179,2.8229065239429474,10.0,12.0,0.0,26.0,0.0,3.0
3423,"dustin: hey tuck, did you hook up with that skinny bitch the other night? tuck: yeah, i took her little ass home and split it like firewood",the other,the other,is_multiword,0,11,11|12,1,2.3800373673439026,1,1.0,,,,,,,,,,,,,,,,,,,,,,,,,,,,,,,dustin hey tuck did you hook up with that skinny bitch <mask> <mask> night tuck yeah i took her little ass home and split it like firewood,▁the ▁other,2.0,0.0003584701103588,7.93366527557373,3.966832637786865,on the,0.0418530526989087,4.760074734687805,2.3800373673439026,11.0,12.0,0.0,26.0,0.0,2.0
3423,"dustin: hey tuck, did you hook up with that skinny bitch the other night? tuck: yeah, i took her little ass home and split it like firewood",tuck yeah,tuck yeah,is_multiword,0,14,14|15,1,5.378680030504863,0,1.0,,,,,,,,,,,,,,,,,,,,,,,,,,,,,,,dustin hey tuck did you hook up with that skinny bitch the other night <mask> <mask> <mask> i took her little ass home and split it like firewood,▁tu ck ▁yeah,3.0,4.3660928614903925e-10,21.551982402801517,7.183994134267171,? </s> thought,0.0044451471262867,16.136040091514587,5.378680030504863,14.0,15.0,0.0,26.0,0.0,2.0
3423,"dustin: hey tuck, did you hook up with that skinny bitch the other night? tuck: yeah, i took her little ass home and split it like firewood",little ass,little ass,is_multiword,0,19,19|20,1,6.795126020908356,1,1.0,,,,,,,,,,,,,,,,,,,,,,,,,,,,,,,dustin hey tuck did you hook up with that skinny bitch the other night tuck yeah i took her <mask> <mask> home and split it like firewood,▁little ▁ass,2.0,3.2847255931775346e-08,17.23139762878418,8.61569881439209,back me,0.0262222868423869,13.590252041816711,6.795126020908356,19.0,20.0,0.0,26.0,0.0,2.0
3424,"i don't think he's [gay], he's just a beard sniffer",beard sniffer,beard sniffer,is_multiword,1,8,8|9,1,5.641990804672242,1,1.0,,,,,,,,,,,,,,,,,,,,,,,,,,,,,,,i don't think he's gay he's just a <mask> <mask> <mask> <mask> <mask>,▁be ard ▁s ni ffer,5.0,8.96599309955416e-19,41.55567789077759,8.311135578155518,guy of of . .,1.5996529357306472e-06,28.20995402336121,5.641990804672242,8.0,9.0,0.0,9.0,0.0,2.0
3428,he around his friends he acting so dido,acting so,acting so,is_multiword,0,5,5|6,1,7.066091616948445,1,1.0,,,,,,,,,,,,,,,,,,,,,,,,,,,,,,,he around his friends he <mask> <mask> <mask> dido,▁ac ting ▁so,3.0,9.693885941188168e-14,29.96469593048096,9.988231976826986,around his de,0.0001558804673068,21.198274850845337,7.066091616948445,5.0,6.0,0.0,7.0,0.0,2.0
3428,he around his friends he acting so dido,acting so dido,acting so dido,is_multiword,0,5,5|6|7,1,5.833548426628113,0,1.0,,,,,,,,,,,,,,,,,,,,,,,,,,,,,,,he around his friends he <mask> <mask> <mask> <mask> <mask>,▁ac ting ▁so ▁di do,5.0,2.337820748807965e-19,42.89989757537842,8.579979515075683,    .,1.0869277251503382e-06,29.167742133140564,5.833548426628113,5.0,7.0,0.0,7.0,0.0,3.0
3428,he around his friends he acting so dido,so dido,so dido,is_multiword,0,6,6|7,1,4.28948974609375,0,1.0,,,,,,,,,,,,,,,,,,,,,,,,,,,,,,,he around his friends he acting <mask> <mask> <mask>,▁so ▁di do,3.0,1.0661364578097223e-09,20.65922451019287,6.88640817006429,he  .,0.0004135404305284,12.86846923828125,4.28948974609375,6.0,7.0,0.0,7.0,0.0,2.0
3433,she got fucked hard by the spinning drilldo,fucked hard,fucked hard,is_multiword,0,2,2|3,1,3.173402547836304,1,1.0,,,,,,,,,,,,,,,,,,,,,,,,,,,,,,,she got <mask> <mask> by the spinning drilldo,▁fucked ▁hard,2.0,4.2154056043628136e-05,10.074179649353027,5.037089824676514,distract ed,0.0240559105025966,6.346805095672607,3.173402547836304,2.0,3.0,0.0,7.0,0.0,2.0
3433,she got fucked hard by the spinning drilldo,spinning drilldo,spinning drilldo,is_multiword,0,6,6|7,1,6.584369957447052,1,1.0,,,,,,,,,,,,,,,,,,,,,,,,,,,,,,,she got fucked hard by the <mask> <mask> <mask> <mask>,▁spin ning ▁drill do,4.0,2.3646002680824904e-17,38.28333759307861,9.570834398269652,fuck of her </s>,6.486044019261159e-06,26.337479829788208,6.584369957447052,6.0,7.0,0.0,7.0,0.0,2.0
3434,(bartender) so how do you make a deezy again??? (scott deezy) fill up that glass with belvedere and splash sum tonic,splash sum,splash sum,is_multiword,0,18,18|19,1,7.984916806221008,0,1.0,,,,,,,,,,,,,,,,,,,,,,,,,,,,,,,bartender so how do you make a deezy again scott deezy fill up that glass with belvedere and <mask> <mask> <mask> tonic,▁s plash ▁sum,3.0,2.77875701781283e-13,28.91160249710083,9.637200832366943,a a a,0.0070350387628018,23.954750418663025,7.984916806221008,18.0,19.0,0.0,20.0,0.0,2.0
3436,yo merr,yo merr,yo merr,is_multiword,0,0,0|1,1,12.49556005001068,1,1.0,,,,,,,,,,,,,,,,,,,,,,,,,,,,,,,<mask> <mask>,▁yo ▁merr,2.0,2.4535941508919862e-14,31.338637351989743,15.669318675994871, :,0.0017510892572411,24.99112010002136,12.49556005001068,0.0,1.0,0.0,1.0,0.0,2.0
3441,that david beckham is of ecuadorian decent jessica alba is a ecuatoriana but the us government said she's american,a ecuatoriana,a ecuatoriana,is_multiword,0,10,10|11,1,4.924849665164947,0,1.0,,,,,,,,,,,,,,,,,,,,,,,,,,,,,,,that david beckham is of ecuadorian decent jessica alba is <mask> <mask> <mask> <mask> <mask> but the us government said she's american,▁a ▁e cu atori ana,5.0,2.2251775718995713e-16,36.04152476787567,7.2083049535751345,"a a in in ,",1.1003727905816608e-05,24.624248325824738,4.924849665164947,10.0,11.0,0.0,18.0,0.0,2.0
3446,[fun fact]: burnie burns is a [closeted] [wow] player,closeted wow,closeted wow,is_multiword,0,6,6|7,1,6.545405467351277,0,1.0,,,,,,,,,,,,,,,,,,,,,,,,,,,,,,,fun fact burnie burns is a <mask> <mask> <mask> player,▁close ted ▁wow,3.0,2.3009523328402795e-12,26.79769802093506,8.932566006978353,fun for flash,0.0007759041069916,19.636216402053837,6.545405467351277,6.0,7.0,0.0,8.0,0.0,2.0
3447,"""chin: ""dis sheet down to deh roach"" ling:""emprory deh asian roach clip",ling emprory,ling emprory,is_multiword,0,7,7|8,1,9.712573286145926,0,1.0,,,,,,,,,,,,,,,,,,,,,,,,,,,,,,,chin dis sheet down to deh roach <mask> <mask> <mask> <mask> deh asian roach clip,▁ling ▁em pro ry,4.0,5.388524941743419e-19,42.06484508514404,10.51621127128601,clip </s> down to,0.0401733298313358,38.8502931445837,9.712573286145926,7.0,8.0,0.0,12.0,0.0,2.0
3447,"""chin: ""dis sheet down to deh roach"" ling:""emprory deh asian roach clip",ling emprory deh,ling emprory deh,is_multiword,0,7,7|8|9,1,4.555895169576009,0,1.0,,,,,,,,,,,,,,,,,,,,,,,,,,,,,,,chin dis sheet down to deh roach <mask> <mask> <mask> <mask> <mask> <mask> asian roach clip,▁ling ▁em pro ry ▁de h,6.0,4.4575238695222844e-21,46.85969352722168,7.809948921203613,video </s>   on the,3.3166104983256243e-09,27.33537101745605,4.555895169576009,7.0,9.0,0.0,12.0,0.0,3.0
3447,"""chin: ""dis sheet down to deh roach"" ling:""emprory deh asian roach clip",emprory deh,emprory deh,is_multiword,0,8,8|9,1,5.145916986465454,0,1.0,,,,,,,,,,,,,,,,,,,,,,,,,,,,,,,chin dis sheet down to deh roach ling <mask> <mask> <mask> <mask> <mask> asian roach clip,▁em pro ry ▁de h,5.0,1.2786589590991265e-18,41.20071983337402,8.240143966674804,o sex sex  sex,1.9097278593886946e-07,25.72958493232727,5.145916986465454,8.0,9.0,0.0,12.0,0.0,2.0
3448,"dude, this spicy chicken sandwich from wendy's is fuckin bonce",fuckin bonce,fuckin bonce,is_multiword,0,8,8|9,1,6.535731315612793,0,1.0,,,,,,,,,,,,,,,,,,,,,,,,,,,,,,,dude this spicy chicken sandwich from wendy's is <mask> <mask> <mask> <mask>,▁fuck in ▁bon ce,4.0,1.8991320473003842e-16,36.19996452331543,9.049991130828856,a good . !,4.288282075364475e-05,26.14292526245117,6.535731315612793,8.0,9.0,0.0,9.0,0.0,2.0
3449,i ate that clam rabbit like no tomorrow,like no,like no,is_multiword,0,5,5|6,1,5.307777464389801,1,1.0,,,,,,,,,,,,,,,,,,,,,,,,,,,,,,,i ate that clam rabbit <mask> <mask> tomorrow,▁like ▁no,2.0,3.102937573931188e-07,14.985746383666992,7.492873191833496,for for,0.0126488186580176,10.615554928779602,5.307777464389801,5.0,6.0,0.0,7.0,0.0,2.0
3450,"damn, i just drank a creamy boddingtons and i'm feeling fly-ass",i'm feeling,i'm feeling,is_multiword,0,8,8|9,1,1.7629890441894531,1,1.0,,,,,,,,,,,,,,,,,,,,,,,,,,,,,,,damn i just drank a creamy boddingtons and <mask> <mask> <mask> <mask> fly-ass,▁i ' m ▁feeling,4.0,1.9853671769830852e-08,17.73487687110901,4.433719217777252,i a a a,2.2933296808403087e-05,7.0519561767578125,1.7629890441894531,8.0,9.0,0.0,10.0,0.0,2.0
3450,"damn, i just drank a creamy boddingtons and i'm feeling fly-ass",i'm feeling fly-ass,i'm feeling fly-ass,is_multiword,0,8,8|9|10,1,3.4323056638240814,0,1.0,,,,,,,,,,,,,,,,,,,,,,,,,,,,,,,damn i just drank a creamy boddingtons and <mask> <mask> <mask> <mask> <mask> <mask> <mask> <mask>,▁i ' m ▁feeling ▁fly - as s,8.0,2.328811717766025e-22,49.81151390075684,6.2264392375946045,a a a a a the . .,1.9596822441664623e-10,27.45844531059265,3.4323056638240814,8.0,10.0,0.0,10.0,0.0,3.0
3450,"damn, i just drank a creamy boddingtons and i'm feeling fly-ass",feeling fly-ass,feeling fly-ass,is_multiword,0,9,9|10,1,4.08598952293396,0,1.0,,,,,,,,,,,,,,,,,,,,,,,,,,,,,,,damn i just drank a creamy boddingtons and i'm <mask> <mask> <mask> <mask> <mask>,▁feeling ▁fly - as s,5.0,1.9716442003793903e-15,33.85990858078003,6.771981716156006,gonna a to it .,1.470422231490851e-06,20.4299476146698,4.08598952293396,9.0,10.0,0.0,10.0,0.0,2.0
3453,"chris cyber shanked chastity so hard for being such a trifling ass hoe, no one has seen her in days",a trifling,a trifling,is_multiword,0,9,9|10,1,2.744381844997406,0,1.0,,,,,,,,,,,,,,,,,,,,,,,,,,,,,,,chris cyber shanked chastity so hard for being such <mask> <mask> <mask> <mask> ass hoe no one has seen her in days,▁a ▁tri f ling,4.0,1.584762944751145e-09,20.26283100247383,5.065707750618458,a big ck her,9.277775810568372e-05,10.977527379989624,2.744381844997406,9.0,10.0,0.0,19.0,0.0,2.0
3453,"chris cyber shanked chastity so hard for being such a trifling ass hoe, no one has seen her in days",a trifling ass,a trifling ass,is_multiword,0,9,9|10|11,1,3.5646292209625243,0,1.0,,,,,,,,,,,,,,,,,,,,,,,,,,,,,,,chris cyber shanked chastity so hard for being such <mask> <mask> <mask> <mask> <mask> hoe no one has seen her in days,▁a ▁tri f ling ▁ass,5.0,5.40789870228896e-14,30.548330694437027,6.109666138887405,a sexy and and girl,2.975243749778265e-06,17.823146104812622,3.5646292209625243,9.0,11.0,0.0,19.0,0.0,3.0
3453,"chris cyber shanked chastity so hard for being such a trifling ass hoe, no one has seen her in days",a trifling ass hoe,a trifling ass hoe,is_multiword,0,9,9|10|11|12,1,4.06737079222997,0,1.0,,,,,,,,,,,,,,,,,,,,,,,,,,,,,,,chris cyber shanked chastity so hard for being such <mask> <mask> <mask> <mask> <mask> <mask> no one has seen her in days,▁a ▁tri f ling ▁ass ▁hoe,6.0,6.962157846033725e-18,39.50604221224785,6.584340368707975,"a  and , girl like",2.76289264889524e-07,24.404224753379825,4.06737079222997,9.0,12.0,0.0,19.0,0.0,4.0
3453,"chris cyber shanked chastity so hard for being such a trifling ass hoe, no one has seen her in days",trifling ass,trifling ass,is_multiword,0,10,10|11,1,4.842251777648926,1,1.0,,,,,,,,,,,,,,,,,,,,,,,,,,,,,,,chris cyber shanked chastity so hard for being such a <mask> <mask> <mask> <mask> hoe no one has seen her in days,▁tri f ling ▁ass,4.0,5.357701260432506e-14,30.557656288146973,7.639414072036743,sexy and she girl,1.3830293679521644e-05,19.369007110595703,4.842251777648926,10.0,11.0,0.0,19.0,0.0,2.0
3453,"chris cyber shanked chastity so hard for being such a trifling ass hoe, no one has seen her in days",trifling ass hoe,trifling ass hoe,is_multiword,0,10,10|11|12,1,5.056452298164368,0,1.0,,,,,,,,,,,,,,,,,,,,,,,,,,,,,,,chris cyber shanked chastity so hard for being such a <mask> <mask> <mask> <mask> <mask> no one has seen her in days,▁tri f ling ▁ass ▁hoe,5.0,5.538320416226927e-18,39.734840393066406,7.946968078613281,sexy and she girl like,5.288405320450102e-07,25.28226149082184,5.056452298164368,10.0,12.0,0.0,19.0,0.0,3.0
3453,"chris cyber shanked chastity so hard for being such a trifling ass hoe, no one has seen her in days",ass hoe,ass hoe,is_multiword,0,11,11|12,1,6.868579983711243,0,1.0,,,,,,,,,,,,,,,,,,,,,,,,,,,,,,,chris cyber shanked chastity so hard for being such a trifling <mask> <mask> no one has seen her in days,▁ass ▁hoe,2.0,1.1536845779708795e-07,15.97513484954834,7.98756742477417,girl that,0.1066743138453749,13.737159967422484,6.868579983711243,11.0,12.0,0.0,19.0,0.0,2.0
3455,"mike's girlfriend wanted him to take her to olive garden, but he is broke so i told him to corndog dat hoe",corndog dat,corndog dat,is_multiword,0,19,19|20,1,10.329095164934794,0,1.0,,,,,,,,,,,,,,,,,,,,,,,,,,,,,,,mike's girlfriend wanted him to take her to olive garden but he is broke so i told him to <mask> <mask> <mask> hoe,▁corn dog ▁dat,3.0,4.067123183487394e-17,37.74101066589356,12.580336888631184,take her her,0.0011665260078899,30.987285494804382,10.329095164934794,19.0,20.0,0.0,21.0,0.0,2.0
3455,"mike's girlfriend wanted him to take her to olive garden, but he is broke so i told him to corndog dat hoe",corndog dat hoe,corndog dat hoe,is_multiword,1,19,19|20|21,1,9.89316675066948,0,1.0,,,,,,,,,,,,,,,,,,,,,,,,,,,,,,,mike's girlfriend wanted him to take her to olive garden but he is broke so i told him to <mask> <mask> <mask> <mask>,▁corn dog ▁dat ▁hoe,4.0,2.325455060151446e-21,47.51037120819092,11.87759280204773,take her . .,0.0003570251946187,39.57266700267792,9.89316675066948,19.0,21.0,0.0,21.0,0.0,3.0
3455,"mike's girlfriend wanted him to take her to olive garden, but he is broke so i told him to corndog dat hoe",dat hoe,dat hoe,is_multiword,0,20,20|21,1,9.116241693496704,1,1.0,,,,,,,,,,,,,,,,,,,,,,,,,,,,,,,mike's girlfriend wanted him to take her to olive garden but he is broke so i told him to corndog <mask> <mask>,▁dat ▁hoe,2.0,3.8876169056727854e-10,21.66805458068848,10.834027290344238,. </s>,0.0322070085367377,18.232483386993408,9.116241693496704,20.0,21.0,0.0,21.0,0.0,2.0
3459,"hey elliot, do you want to hit up the bulletproof chinese on the way back home?",hit up,hit up,is_multiword,0,6,6|7,1,2.4270859956741333,0,1.0,,,,,,,,,,,,,,,,,,,,,,,,,,,,,,,hey elliot do you want to <mask> <mask> the bulletproof chinese on the way back home,▁hit ▁up,2.0,7.62417399652476e-05,9.481601476669312,4.740800738334656,go in,0.009779866108945,4.854171991348267,2.4270859956741333,6.0,7.0,0.0,15.0,0.0,2.0
3460,"""man, susan just had a horrible dinglequeef",horrible dinglequeef,horrible dinglequeef,is_multiword,0,5,5|6,1,7.287229800224304,0,1.0,,,,,,,,,,,,,,,,,,,,,,,,,,,,,,,man susan just had a <mask> <mask> <mask> <mask> <mask>,▁horrible ▁din gle que ef,5.0,2.5786693359138783e-22,49.709598541259766,9.941919708251952,chance to the him .,1.719547230044816e-06,36.43614900112152,7.287229800224304,5.0,6.0,0.0,6.0,0.0,2.0
3462,"""after muck chucking till his balls ached, bob rolled over and farted ""oooh i've chucked my muck",muck chucking,muck chucking,is_multiword,1,1,1|2,1,5.904672503471375,0,1.0,,,,,,,,,,,,,,,,,,,,,,,,,,,,,,,after <mask> <mask> <mask> <mask> till his balls ached bob rolled over and farted oooh i've chucked my muck,▁mu ck ▁chu cking,4.0,1.6895483869795621e-15,34.014315128326416,8.503578782081604,a he he him,3.056591329714874e-05,23.618690013885494,5.904672503471375,1.0,2.0,0.0,16.0,0.0,2.0
3462,"""after muck chucking till his balls ached, bob rolled over and farted ""oooh i've chucked my muck",muck chucking till,muck chucking till,is_multiword,0,1,1|2|3,1,5.6137122631073,0,1.0,,,,,,,,,,,,,,,,,,,,,,,,,,,,,,,after <mask> <mask> <mask> <mask> <mask> his balls ached bob rolled over and farted oooh i've chucked my muck,▁mu ck ▁chu cking ▁till,5.0,2.152887235778536e-18,40.67972183227539,8.135944366455078,a he he he and,3.3345910268741127e-06,28.0685613155365,5.6137122631073,1.0,3.0,0.0,16.0,0.0,3.0
3462,"""after muck chucking till his balls ached, bob rolled over and farted ""oooh i've chucked my muck",chucking till,chucking till,is_multiword,0,2,2|3,1,4.924634178479512,0,1.0,,,,,,,,,,,,,,,,,,,,,,,,,,,,,,,after muck <mask> <mask> <mask> his balls ached bob rolled over and farted oooh i've chucked my muck,▁chu cking ▁till,3.0,3.2096830202188357e-10,21.859678745269772,7.286559581756592,he ck on,0.0008369249057565,14.773902535438538,4.924634178479512,2.0,3.0,0.0,16.0,0.0,2.0
3466,"""loggin' onto the fayboo real quick",loggin onto,loggin onto,is_multiword,0,0,0|1,1,5.449371242523194,0,1.0,,,,,,,,,,,,,,,,,,,,,,,,,,,,,,,<mask> <mask> <mask> <mask> <mask> the fayboo real quick,▁log gin ' ▁on to,5.0,1.4202790188017756e-18,41.09567832946777,8.219135665893555,</s> the the s of,9.672371613058569e-07,27.246856212615967,5.449371242523194,0.0,1.0,0.0,5.0,0.0,2.0
3466,"""loggin' onto the fayboo real quick",loggin onto the,loggin onto the,is_multiword,0,0,0|1|2,1,4.845857302347819,0,1.0,,,,,,,,,,,,,,,,,,,,,,,,,,,,,,,<mask> <mask> <mask> <mask> <mask> <mask> fayboo real quick,▁log gin ' ▁on to ▁the,6.0,6.1242225517950745e-22,48.84462022781372,8.140770037968954," : ,   ,",2.595526596054649e-09,29.075143814086918,4.845857302347819,0.0,2.0,0.0,5.0,0.0,3.0
3466,"""loggin' onto the fayboo real quick",loggin onto the fayboo,loggin onto the fayboo,is_multiword,0,0,0|1|2|3,1,4.339630815717909,0,1.0,,,,,,,,,,,,,,,,,,,,,,,,,,,,,,,<mask> <mask> <mask> <mask> <mask> <mask> <mask> <mask> <mask> real quick,▁log gin ' ▁on to ▁the ▁fa y boo,9.0,3.722858098249513e-32,72.3682312965393,8.040914588504368,"</s> : : , , , , sex sex",3.411740050315954e-15,39.05667734146118,4.339630815717909,0.0,3.0,0.0,5.0,0.0,4.0
3466,"""loggin' onto the fayboo real quick",loggin onto the fayboo real,loggin onto the fayboo real,is_multiword,0,0,0|1|2|3|4,1,4.178264212608338,0,1.0,,,,,,,,,,,,,,,,,,,,,,,,,,,,,,,<mask> <mask> <mask> <mask> <mask> <mask> <mask> <mask> <mask> <mask> quick,▁log gin ' ▁on to ▁the ▁fa y boo ▁real,10.0,3.7749733604042636e-34,76.95949983596802,7.695949983596802,"</s> : : , , , , , , a",5.283051033170156e-16,41.782642126083374,4.178264212608338,0.0,4.0,0.0,5.0,0.0,5.0
3466,"""loggin' onto the fayboo real quick",onto the,onto the,is_multiword,0,1,1|2,1,2.118018627166748,0,1.0,,,,,,,,,,,,,,,,,,,,,,,,,,,,,,,loggin' <mask> <mask> <mask> fayboo real quick,▁on to ▁the,3.0,3.716004478714926e-07,14.80544662475586,4.93514887491862,on on with,0.0002136031415712,6.354055881500244,2.118018627166748,1.0,2.0,0.0,5.0,0.0,2.0
3466,"""loggin' onto the fayboo real quick",onto the fayboo,onto the fayboo,is_multiword,0,1,1|2|3,1,4.118569453557332,0,1.0,,,,,,,,,,,,,,,,,,,,,,,,,,,,,,,loggin' <mask> <mask> <mask> <mask> <mask> <mask> real quick,▁on to ▁the ▁fa y boo,6.0,7.367630654924619e-19,41.752020597457886,6.958670099576314,to ' ' ' ' it,3.9752071813344816e-08,24.711416721343998,4.118569453557332,1.0,3.0,0.0,5.0,0.0,3.0
3466,"""loggin' onto the fayboo real quick",onto the fayboo real,onto the fayboo real,is_multiword,0,1,1|2|3|4,1,4.291423065321786,0,1.0,,,,,,,,,,,,,,,,,,,,,,,,,,,,,,,loggin' <mask> <mask> <mask> <mask> <mask> <mask> <mask> quick,▁on to ▁the ▁fa y boo ▁real,7.0,1.5185466713736633e-21,47.93653321266174,6.848076173237392,to ' ' ' ' ' a,1.6889533010073926e-08,30.039961457252502,4.291423065321786,1.0,4.0,0.0,5.0,0.0,4.0
3466,"""loggin' onto the fayboo real quick",the fayboo,the fayboo,is_multiword,0,2,2|3,1,4.833523392677307,0,1.0,,,,,,,,,,,,,,,,,,,,,,,,,,,,,,,loggin' onto <mask> <mask> <mask> <mask> real quick,▁the ▁fa y boo,4.0,7.790239827925567e-13,27.88073456287384,6.97018364071846,the . ' ',0.0001941963121658,19.33409357070923,4.833523392677307,2.0,3.0,0.0,5.0,0.0,2.0
3466,"""loggin' onto the fayboo real quick",the fayboo real,the fayboo real,is_multiword,0,2,2|3|4,1,4.595791625976562,0,1.0,,,,,,,,,,,,,,,,,,,,,,,,,,,,,,,loggin' onto <mask> <mask> <mask> <mask> <mask> quick,▁the ▁fa y boo ▁real,5.0,1.5770129945910565e-15,34.08324384689331,6.816648769378662,the . ' ' ',1.5047695265361151e-05,22.97895812988281,4.595791625976562,2.0,4.0,0.0,5.0,0.0,3.0
3466,"""loggin' onto the fayboo real quick",fayboo real,fayboo real,is_multiword,0,3,3|4,1,4.840194672346115,0,1.0,,,,,,,,,,,,,,,,,,,,,,,,,,,,,,,loggin' onto the <mask> <mask> <mask> <mask> quick,▁fa y boo ▁real,4.0,2.1104950781024026e-13,29.18668365478516,7.296670913696289,web ' ' ',5.403357391674838e-05,19.36077868938446,4.840194672346115,3.0,4.0,0.0,5.0,0.0,2.0
3469,"adrian, kim and dave drove all around the city today on a gear run in search of great deals at all the pond shops, music stores and cool second hand stores",second hand,second hand,is_multiword,0,28,28|29,1,5.195787072181702,1,1.0,,,,,,,,,,,,,,,,,,,,,,,,,,,,,,,adrian kim and dave drove all around the city today on a gear run in search of great deals at all the pond shops music stores and cool <mask> <mask> stores,▁second ▁hand,2.0,6.319421529858843e-08,16.57705307006836,8.28852653503418,e s,0.0020591151532716,10.391574144363403,5.195787072181702,28.0,29.0,0.0,30.0,0.0,2.0
3472,yo that [bro] got totally cashtrate by his [boss],yo that,yo that,is_multiword,0,0,0|1,1,7.7689454555511475,0,1.0,,,,,,,,,,,,,,,,,,,,,,,,,,,,,,,<mask> <mask> bro got totally cashtrate by his boss,▁yo ▁that,2.0,1.0035977059602183e-09,20.71967458724976,10.359837293624878,How s,0.0056179768210372,15.537890911102297,7.7689454555511475,0.0,1.0,0.0,8.0,0.0,2.0
3472,yo that [bro] got totally cashtrate by his [boss],yo that bro,yo that bro,is_multiword,0,0,0|1|2,1,6.791062672932942,0,1.0,,,,,,,,,,,,,,,,,,,,,,,,,,,,,,,<mask> <mask> <mask> got totally cashtrate by his boss,▁yo ▁that ▁bro,3.0,6.167808744325883e-13,28.114262580871586,9.371420860290527,How : guy,0.0004346043147602,20.373188018798828,6.791062672932942,0.0,2.0,0.0,8.0,0.0,3.0
3472,yo that [bro] got totally cashtrate by his [boss],yo that bro got,yo that bro got,is_multiword,0,0,0|1|2|3,1,5.37262824177742,0,1.0,,,,,,,,,,,,,,,,,,,,,,,,,,,,,,,<mask> <mask> <mask> <mask> totally cashtrate by his boss,▁yo ▁that ▁bro ▁got,4.0,4.61543270006225e-14,30.706785678863525,7.676696419715881,How : man is,9.940852218057022e-05,21.49051296710968,5.37262824177742,0.0,3.0,0.0,8.0,0.0,4.0
3472,yo that [bro] got totally cashtrate by his [boss],yo that bro got totally,yo that bro got totally,is_multiword,0,0,0|1|2|3|4,1,5.618572139739991,0,1.0,,,,,,,,,,,,,,,,,,,,,,,,,,,,,,,<mask> <mask> <mask> <mask> <mask> cashtrate by his boss,▁yo ▁that ▁bro ▁got ▁totally,5.0,1.5915983248957662e-18,40.98179292678833,8.196358585357666,How man man man was,2.5258517431745665e-06,28.09286069869995,5.618572139739991,0.0,4.0,0.0,8.0,0.0,5.0
3472,yo that [bro] got totally cashtrate by his [boss],yo that bro got totally cashtrate,yo that bro got totally cashtrate,is_multiword,0,0,0|1|2|3|4|5,1,5.905028402805328,0,1.0,,,,,,,,,,,,,,,,,,,,,,,,,,,,,,,<mask> <mask> <mask> <mask> <mask> <mask> <mask> <mask> by his boss,▁yo ▁that ▁bro ▁got ▁totally ▁cash tra te,8.0,1.2174345331123491e-32,73.48597717285156,9.185747146606444,The : : the the was was ed,3.995909310743401e-12,47.24022722244263,5.905028402805328,0.0,5.0,0.0,8.0,0.0,6.0
3472,yo that [bro] got totally cashtrate by his [boss],that bro,that bro,is_multiword,0,1,1|2,1,5.012800455093384,0,1.0,,,,,,,,,,,,,,,,,,,,,,,,,,,,,,,yo <mask> <mask> got totally cashtrate by his boss,▁that ▁bro,2.0,8.061662496706274e-08,16.333560943603516,8.166780471801758,o he,0.0018217457516787,10.025600910186768,5.012800455093384,1.0,2.0,0.0,8.0,0.0,2.0
3472,yo that [bro] got totally cashtrate by his [boss],that bro got,that bro got,is_multiword,0,1,1|2|3,1,4.8416634400685625,0,1.0,,,,,,,,,,,,,,,,,,,,,,,,,,,,,,,yo <mask> <mask> <mask> totally cashtrate by his boss,▁that ▁bro ▁got,3.0,1.1122610848671387e-09,20.616870880126957,6.872290293375651,o ki is,0.0022611526809096,14.524990320205688,4.8416634400685625,1.0,3.0,0.0,8.0,0.0,3.0
3472,yo that [bro] got totally cashtrate by his [boss],that bro got totally,that bro got totally,is_multiword,0,1,1|2|3|4,1,4.33253401517868,0,1.0,,,,,,,,,,,,,,,,,,,,,,,,,,,,,,,yo <mask> <mask> <mask> <mask> cashtrate by his boss,▁that ▁bro ▁got ▁totally,4.0,1.2376356282634665e-12,27.417818307876587,6.854454576969147,o ki got a,4.158869230816816e-05,17.33013606071472,4.33253401517868,1.0,4.0,0.0,8.0,0.0,4.0
3472,yo that [bro] got totally cashtrate by his [boss],that bro got totally cashtrate,that bro got totally cashtrate,is_multiword,0,1,1|2|3|4|5,1,4.8599584102630615,0,1.0,,,,,,,,,,,,,,,,,,,,,,,,,,,,,,,yo <mask> <mask> <mask> <mask> <mask> <mask> <mask> by his boss,▁that ▁bro ▁got ▁totally ▁cash tra te,7.0,1.4615941492618084e-25,57.185099601745605,8.169299943106514,o to to to was was ed,8.69758406162516e-11,34.01970887184143,4.8599584102630615,1.0,5.0,0.0,8.0,0.0,5.0
3472,yo that [bro] got totally cashtrate by his [boss],bro got,bro got,is_multiword,0,2,2|3,1,4.3130722641944885,0,1.0,,,,,,,,,,,,,,,,,,,,,,,,,,,,,,,yo that <mask> <mask> totally cashtrate by his boss,▁bro ▁got,2.0,4.140844316113532e-05,10.092025756835938,5.046012878417969,guy was,0.2308744486747997,8.626144528388977,4.3130722641944885,2.0,3.0,0.0,8.0,0.0,2.0
3472,yo that [bro] got totally cashtrate by his [boss],bro got totally,bro got totally,is_multiword,0,2,2|3|4,1,3.717150251070658,0,1.0,,,,,,,,,,,,,,,,,,,,,,,,,,,,,,,yo that <mask> <mask> <mask> cashtrate by his boss,▁bro ▁got ▁totally,3.0,1.9667026462138705e-07,15.441737294197084,5.147245764732361,he got a,0.0137009988371421,11.151450753211977,3.717150251070658,2.0,4.0,0.0,8.0,0.0,3.0
3472,yo that [bro] got totally cashtrate by his [boss],bro got totally cashtrate,bro got totally cashtrate,is_multiword,0,2,2|3|4|5,1,4.874188641707103,0,1.0,,,,,,,,,,,,,,,,,,,,,,,,,,,,,,,yo that <mask> <mask> <mask> <mask> <mask> <mask> by his boss,▁bro ▁got ▁totally ▁cash tra te,6.0,7.906676920947024e-21,46.28657937049866,7.71442989508311,he was to him his ed,3.97185493533229e-08,29.24513185024261,4.874188641707103,2.0,5.0,0.0,8.0,0.0,4.0
3472,yo that [bro] got totally cashtrate by his [boss],got totally,got totally,is_multiword,0,3,3|4,1,2.5132044553756714,0,1.0,,,,,,,,,,,,,,,,,,,,,,,,,,,,,,,yo that bro <mask> <mask> cashtrate by his boss,▁got ▁totally,2.0,0.0003816257026254,7.8710702657699585,3.9355351328849792,was a,0.0581539569513068,5.026408910751343,2.5132044553756714,3.0,4.0,0.0,8.0,0.0,2.0
3472,yo that [bro] got totally cashtrate by his [boss],got totally cashtrate,got totally cashtrate,is_multiword,0,3,3|4|5,1,4.83685827255249,0,1.0,,,,,,,,,,,,,,,,,,,,,,,,,,,,,,,yo that bro <mask> <mask> <mask> <mask> <mask> by his boss,▁got ▁totally ▁cash tra te,5.0,1.1743211557722788e-17,38.983256340026855,7.7966512680053714,was his him  ed,3.74016853667765e-07,24.18429136276245,4.83685827255249,3.0,5.0,0.0,8.0,0.0,3.0
3472,yo that [bro] got totally cashtrate by his [boss],totally cashtrate,totally cashtrate,is_multiword,0,4,4|5,1,5.197436332702637,0,1.0,,,,,,,,,,,,,,,,,,,,,,,,,,,,,,,yo that bro got <mask> <mask> <mask> <mask> by his boss,▁totally ▁cash tra te,4.0,1.2980954378549924e-14,31.975293159484863,7.993823289871216,a to  ed,1.3873252826510637e-05,20.789745330810547,5.197436332702637,4.0,5.0,0.0,8.0,0.0,2.0
3473,g1: did you hear that he didn't talk to you because his buddy called dibbs on you first,g 1,g 1,is_multiword,0,0,0|1,1,4.036553859710693,0,1.0,,,,,,,,,,,,,,,,,,,,,,,,,,,,,,,<mask> <mask> <mask> you hear that he didn't talk to you because his buddy called dibbs on you first,▁g 1 ▁did,3.0,1.6170037765429481e-09,20.242690920829773,6.747563640276591,I is did,0.0002936772033215,12.10966157913208,4.036553859710693,0.0,1.0,0.0,17.0,0.0,2.0
3473,g1: did you hear that he didn't talk to you because his buddy called dibbs on you first,dibbs on,dibbs on,is_multiword,0,15,15|16,1,0.4700546264648437,0,1.0,,,,,,,,,,,,,,,,,,,,,,,,,,,,,,,g1 did you hear that he didn't talk to you because his buddy called dibbs <mask> <mask> first,▁on ▁you,2.0,0.0065842671371989,5.023072242736816,2.511536121368408,on the,0.0168574431489931,0.9401092529296876,0.4700546264648437,15.0,16.0,0.0,17.0,0.0,2.0
3474,"""my toyota 4runner is soo fast, i often drag off skylines and xr6 turbos at the lights ""my 4runner is nearly as nice as my penis""""",drag off,drag off,is_multiword,0,9,9|10,1,8.525341113408407,0,1.0,,,,,,,,,,,,,,,,,,,,,,,,,,,,,,,my toyota 4runner is soo fast i often drag <mask> <mask> <mask> and xr6 turbos at the lights my 4runner is nearly as nice as my penis,▁off ▁sky lines,3.0,7.488911591037474e-14,30.22276782989502,10.07425594329834,the r 6,0.0095927805480204,25.57602334022522,8.525341113408407,9.0,10.0,0.0,25.0,0.0,2.0
3475,brad pitt is bisexy because he has a woman�s ass,woman s,woman s,is_multiword,0,8,8|9,1,9.104682832956314,1,1.0,,,,,,,,,,,,,,,,,,,,,,,,,,,,,,,brad pitt is bisexy because he has a <mask> <mask> ass,▁woman ▁s,2.0,1.286829243939494e-09,20.47108459472656,10.23554229736328,big big,0.1041712677745156,18.209365665912628,9.104682832956314,8.0,9.0,0.0,10.0,0.0,2.0
3475,brad pitt is bisexy because he has a woman�s ass,woman s ass,woman s ass,is_multiword,0,8,8|9|10,1,3.379675547281901,0,1.0,,,,,,,,,,,,,,,,,,,,,,,,,,,,,,,brad pitt is bisexy because he has a <mask> <mask> <mask>,▁woman ▁s ▁ass,3.0,7.75225576469952e-08,16.37269687652588,5.457565625508626,big cock .,0.0019622367946458,10.139026641845703,3.379675547281901,8.0,10.0,0.0,10.0,0.0,3.0
3475,brad pitt is bisexy because he has a woman�s ass,s ass,s ass,is_multiword,0,9,9|10,1,5.286794781684876,0,1.0,,,,,,,,,,,,,,,,,,,,,,,,,,,,,,,brad pitt is bisexy because he has a woman <mask> <mask>,▁s ▁ass,2.0,1.542441550943083e-06,13.3821439743042,6.6910719871521,in </s>,0.0602920870074121,10.573589563369753,5.286794781684876,9.0,10.0,0.0,10.0,0.0,2.0
3479,wtf are you doing? finish your beer you geed pussy,wtf are,wtf are,is_multiword,0,0,0|1,1,3.849544495344162,0,1.0,,,,,,,,,,,,,,,,,,,,,,,,,,,,,,,<mask> <mask> <mask> <mask> you doing finish your beer you geed pussy,▁w t f ▁are,4.0,1.6339997086966206e-11,24.83740520477295,6.209351301193237,</s> you fuck what,7.954185288905283e-05,15.398177981376648,3.849544495344162,0.0,1.0,0.0,9.0,0.0,2.0
3479,wtf are you doing? finish your beer you geed pussy,doing finish,doing finish,is_multiword,0,3,3|4,1,5.163608551025391,0,1.0,,,,,,,,,,,,,,,,,,,,,,,,,,,,,,,wtf are you <mask> <mask> your beer you geed pussy,▁doing ▁finish,2.0,2.2254931715897264e-06,13.01553201675415,6.507766008377075,gonna with,0.0679954209731605,10.32721710205078,5.163608551025391,3.0,4.0,0.0,9.0,0.0,2.0
3479,wtf are you doing? finish your beer you geed pussy,doing finish your,doing finish your,is_multiword,0,3,3|4|5,1,3.7625248034795127,0,1.0,,,,,,,,,,,,,,,,,,,,,,,,,,,,,,,wtf are you <mask> <mask> <mask> beer you geed pussy,▁doing ▁finish ▁your,3.0,4.386104429452688e-08,16.94223928451538,5.64741309483846,gonna to a,0.0035011462150807,11.287574410438538,3.7625248034795127,3.0,5.0,0.0,9.0,0.0,3.0
3479,wtf are you doing? finish your beer you geed pussy,doing finish your beer,doing finish your beer,is_multiword,0,3,3|4|5|6,1,7.596186518669128,0,1.0,,,,,,,,,,,,,,,,,,,,,,,,,,,,,,,wtf are you <mask> <mask> <mask> <mask> you geed pussy,▁doing ▁finish ▁your ▁beer,4.0,9.849588826888409e-18,39.15910196304321,9.789775490760803,guys fuck what are,0.0001546484798701,30.384746074676517,7.596186518669128,3.0,6.0,0.0,9.0,0.0,4.0
3479,wtf are you doing? finish your beer you geed pussy,finish your,finish your,is_multiword,0,4,4|5,1,6.641630262136459,0,1.0,,,,,,,,,,,,,,,,,,,,,,,,,,,,,,,wtf are you doing <mask> <mask> beer you geed pussy,▁finish ▁your,2.0,2.978761021409324e-07,15.026588201522827,7.513294100761414,with a,0.1749372961028626,13.28326052427292,6.641630262136459,4.0,5.0,0.0,9.0,0.0,2.0
3479,wtf are you doing? finish your beer you geed pussy,finish your beer,finish your beer,is_multiword,0,4,4|5|6,1,9.55870040257772,0,1.0,,,,,,,,,,,,,,,,,,,,,,,,,,,,,,,wtf are you doing <mask> <mask> <mask> you geed pussy,▁finish ▁your ▁beer,3.0,8.941785640803343e-16,34.65062618255615,11.550208727518717,? fuck fuck,0.0025427096510364,28.676101207733154,9.55870040257772,4.0,6.0,0.0,9.0,0.0,3.0
3479,wtf are you doing? finish your beer you geed pussy,your beer,your beer,is_multiword,0,5,5|6,1,8.236709594726562,0,1.0,,,,,,,,,,,,,,,,,,,,,,,,,,,,,,,wtf are you doing finish <mask> <mask> you geed pussy,▁your ▁beer,2.0,3.3082439527983253e-09,19.526848316192627,9.763424158096312,ing with,0.0471968027638252,16.473419189453125,8.236709594726562,5.0,6.0,0.0,9.0,0.0,2.0
3479,wtf are you doing? finish your beer you geed pussy,geed pussy,geed pussy,is_multiword,1,8,8|9,1,4.322963873545329,0,1.0,,,,,,,,,,,,,,,,,,,,,,,,,,,,,,,wtf are you doing finish your beer you <mask> <mask> <mask>,▁ge ed ▁pussy,3.0,3.509324970620709e-10,21.770427227020264,7.256809075673421,got . </s>,0.0001505017860529,12.968891620635986,4.322963873545329,8.0,9.0,0.0,9.0,0.0,2.0
3482,"shiiiiit dude, this g-13 is fucking dank",shiiiiit dude,shiiiiit dude,is_multiword,0,0,0|1,1,5.1338008642196655,0,1.0,,,,,,,,,,,,,,,,,,,,,,,,,,,,,,,<mask> <mask> <mask> <mask> <mask> this g-13 is fucking dank,▁shi iiii t ▁du de,5.0,1.5280807898109358e-18,41.0225191116333,8.20450382232666,"</s> , fucking , ,",2.148093834801927e-07,25.669004321098328,5.1338008642196655,0.0,1.0,0.0,6.0,0.0,2.0
3482,"shiiiiit dude, this g-13 is fucking dank",fucking dank,fucking dank,is_multiword,0,6,,1,,0,1.0,,,,,,,,,,,,,,,,,,,,,,,,,,,,,,,,,,,,,,,,,,,,,,
3486,aye bro that bro hoe is a total brommie hopper,aye bro,aye bro,is_multiword,0,0,0|1,1,6.2776466608047485,1,1.0,,,,,,,,,,,,,,,,,,,,,,,,,,,,,,,<mask> <mask> <mask> that bro hoe is a total brommie hopper,▁ay e ▁bro,3.0,5.713837862588857e-12,25.88813018798828,8.629376729329428,I you know,0.0008629185895479,18.83293998241425,6.2776466608047485,0.0,1.0,0.0,9.0,0.0,2.0
3486,aye bro that bro hoe is a total brommie hopper,bro hoe,bro hoe,is_multiword,0,3,3|4,1,5.932668626308441,0,1.0,,,,,,,,,,,,,,,,,,,,,,,,,,,,,,,aye bro that <mask> <mask> is a total brommie hopper,▁bro ▁hoe,2.0,1.5409719507689598e-07,15.68568229675293,7.842841148376465,is guy,0.0219202361403086,11.865337252616882,5.932668626308441,3.0,4.0,0.0,9.0,0.0,2.0
3486,aye bro that bro hoe is a total brommie hopper,total brommie,total brommie,is_multiword,0,7,7|8,1,6.680586417516072,0,1.0,,,,,,,,,,,,,,,,,,,,,,,,,,,,,,,aye bro that bro hoe is a <mask> <mask> <mask> hopper,▁total ▁brom mie,3.0,2.4804681853668734e-13,29.025158882141117,9.675052960713703, of a,0.0001254755511916,20.041759252548218,6.680586417516072,7.0,8.0,0.0,9.0,0.0,2.0
3486,aye bro that bro hoe is a total brommie hopper,total brommie hopper,total brommie hopper,is_multiword,0,7,7|8|9,1,6.8126537799835205,0,1.0,,,,,,,,,,,,,,,,,,,,,,,,,,,,,,,aye bro that bro hoe is a <mask> <mask> <mask> <mask> <mask>,▁total ▁brom mie ▁ho pper,5.0,7.208239488645031e-22,48.681647300720215,9.736329460144043,man in the . </s>,4.480422052584237e-07,34.0632688999176,6.8126537799835205,7.0,9.0,0.0,9.0,0.0,3.0
3486,aye bro that bro hoe is a total brommie hopper,brommie hopper,brommie hopper,is_multiword,1,8,8|9,1,6.683195173740387,0,1.0,,,,,,,,,,,,,,,,,,,,,,,,,,,,,,,aye bro that bro hoe is a total <mask> <mask> <mask> <mask>,▁brom mie ▁ho pper,4.0,2.3425857721946718e-17,38.292691230773926,9.57317280769348, of . .,9.541016414180567e-06,26.732780694961548,6.683195173740387,8.0,9.0,0.0,9.0,0.0,2.0
3487,"""lester's free-form sax playing was driving bart nuts, so the frazzled bart opened the window and yelled out, ""yo, man, shut your jazz-hole",yelled out,yelled out,is_multiword,0,16,16|17,1,4.3210687935352325,0,1.0,,,,,,,,,,,,,,,,,,,,,,,,,,,,,,,lester's free-form sax playing was driving bart nuts so the frazzled bart opened the window and <mask> <mask> <mask> <mask> yo man shut your jazz-hole,▁y elle d ▁out,4.0,2.717695624388617e-12,26.63123679161072,6.657809197902679,"said the out ,",8.723005513368304e-05,17.28427517414093,4.3210687935352325,16.0,17.0,0.0,22.0,0.0,2.0
3488,hey man watch out that bitch got the hair piece,watch out,watch out,is_multiword,0,2,2|3,1,6.891389846801758,1,1.0,,,,,,,,,,,,,,,,,,,,,,,,,,,,,,,hey man <mask> <mask> that bitch got the hair piece,▁watch ▁out,2.0,2.581757417703472e-08,17.47221040725708,8.73610520362854,", ,",0.0249862223093998,13.782779693603516,6.891389846801758,2.0,3.0,0.0,9.0,0.0,2.0
3492,hey fuckinopolous,hey fuckinopolous,hey fuckinopolous,is_multiword,0,0,0|1,1,10.71692934036255,1,1.0,,,,,,,,,,,,,,,,,,,,,,,,,,,,,,,<mask> <mask> <mask> <mask> <mask>,▁hey ▁fuck ino polo us,5.0,3.635380613440132e-29,65.48425388336182,13.096850776672364,   . </s>,6.793072727646927e-06,53.58464670181274,10.71692934036255,0.0,1.0,0.0,1.0,0.0,2.0
3493,"polo: say bruh, is there gon be alot of broads at the jazz fest this year?? big scooby: hell yeah, it's gon be boocoo massive amounts of broads outchea",say bruh,say bruh,is_multiword,0,1,1|2,1,5.224934816360474,0,1.0,,,,,,,,,,,,,,,,,,,,,,,,,,,,,,,polo <mask> <mask> <mask> is there gon be alot of broads at the jazz fest this year big scooby hell yeah it's gon be boocoo massive amounts of broads outchea,▁say ▁bru h,3.0,1.4040927387237131e-11,24.989044666290283,8.329681555430094,o the what,9.013155639514074e-05,15.67480444908142,5.224934816360474,1.0,2.0,0.0,28.0,0.0,2.0
3493,"polo: say bruh, is there gon be alot of broads at the jazz fest this year?? big scooby: hell yeah, it's gon be boocoo massive amounts of broads outchea",scooby hell,scooby hell,is_multiword,0,17,17|18,1,6.60815183321635,0,1.0,,,,,,,,,,,,,,,,,,,,,,,,,,,,,,,polo say bruh is there gon be alot of broads at the jazz fest this year big <mask> <mask> <mask> yeah it's gon be boocoo massive amounts of broads outchea,▁sco oby ▁hell,3.0,7.474169238519422e-13,27.92215323448181,9.307384411493937,bang big h,0.0003042387707242,19.824455499649048,6.60815183321635,17.0,18.0,0.0,28.0,0.0,2.0
3493,"polo: say bruh, is there gon be alot of broads at the jazz fest this year?? big scooby: hell yeah, it's gon be boocoo massive amounts of broads outchea",scooby hell yeah,scooby hell yeah,is_multiword,0,17,17|18|19,1,6.092455685138702,0,1.0,,,,,,,,,,,,,,,,,,,,,,,,,,,,,,,polo say bruh is there gon be alot of broads at the jazz fest this year big <mask> <mask> <mask> <mask> it's gon be boocoo massive amounts of broads outchea,▁sco oby ▁hell ▁yeah,4.0,8.585914851399796e-17,36.9938235282898,9.248455882072449,band the s but,3.292047692913893e-06,24.36982274055481,6.092455685138702,17.0,19.0,0.0,28.0,0.0,3.0
3493,"polo: say bruh, is there gon be alot of broads at the jazz fest this year?? big scooby: hell yeah, it's gon be boocoo massive amounts of broads outchea",hell yeah,hell yeah,is_multiword,0,18,18|19,1,3.755922555923462,1,1.0,,,,,,,,,,,,,,,,,,,,,,,,,,,,,,,polo say bruh is there gon be alot of broads at the jazz fest this year big scooby <mask> <mask> it's gon be boocoo massive amounts of broads outchea,▁hell ▁yeah,2.0,1.1647668538860858e-06,13.662989616394045,6.8314948081970215,- and,0.0021310413872317,7.511845111846924,3.755922555923462,18.0,19.0,0.0,28.0,0.0,2.0
3493,"polo: say bruh, is there gon be alot of broads at the jazz fest this year?? big scooby: hell yeah, it's gon be boocoo massive amounts of broads outchea",it's gon,it's gon,is_multiword,0,20,20|21,1,1.1333252906799316,0,1.0,,,,,,,,,,,,,,,,,,,,,,,,,,,,,,,polo say bruh is there gon be alot of broads at the jazz fest this year big scooby hell yeah <mask> <mask> <mask> <mask> <mask> be boocoo massive amounts of broads outchea,▁it ' s ▁ gon,5.0,1.8182315848247587e-08,17.822816371917725,3.564563274383545,it it there  gonna,5.255739089511128e-06,5.666626453399658,1.1333252906799316,20.0,21.0,0.0,28.0,0.0,2.0
3493,"polo: say bruh, is there gon be alot of broads at the jazz fest this year?? big scooby: hell yeah, it's gon be boocoo massive amounts of broads outchea",boocoo massive,boocoo massive,is_multiword,0,23,23|24,1,3.437582993507385,0,1.0,,,,,,,,,,,,,,,,,,,,,,,,,,,,,,,polo say bruh is there gon be alot of broads at the jazz fest this year big scooby hell yeah it's gon be <mask> <mask> <mask> <mask> <mask> amounts of broads outchea,▁bo o co o ▁massive,5.0,2.2441167196139625e-13,29.12529420852661,5.825058841705323,a lot of a huge,6.541269874115847e-06,17.187914967536926,3.437582993507385,23.0,24.0,0.0,28.0,0.0,2.0
3493,"polo: say bruh, is there gon be alot of broads at the jazz fest this year?? big scooby: hell yeah, it's gon be boocoo massive amounts of broads outchea",boocoo massive amounts,boocoo massive amounts,is_multiword,1,23,23|24|25,1,4.282365015574864,0,1.0,,,,,,,,,,,,,,,,,,,,,,,,,,,,,,,polo say bruh is there gon be alot of broads at the jazz fest this year big scooby hell yeah it's gon be <mask> <mask> <mask> <mask> <mask> <mask> <mask> of broads outchea,▁bo o co o ▁massive ▁amount s,7.0,1.550917038132851e-21,47.91544055938721,6.845062937055316,a  and there a a ot,1.6189783361338573e-08,29.976555109024048,4.282365015574864,23.0,25.0,0.0,28.0,0.0,3.0
3493,"polo: say bruh, is there gon be alot of broads at the jazz fest this year?? big scooby: hell yeah, it's gon be boocoo massive amounts of broads outchea",massive amounts,massive amounts,is_multiword,0,24,24|25,1,5.952434619267781,1,1.0,,,,,,,,,,,,,,,,,,,,,,,,,,,,,,,polo say bruh is there gon be alot of broads at the jazz fest this year big scooby hell yeah it's gon be boocoo <mask> <mask> <mask> of broads outchea,▁massive ▁amount s,3.0,1.735730695886006e-10,22.474422454833984,7.491474151611328,oooo a ot,0.0098812268776634,17.857303857803345,5.952434619267781,24.0,25.0,0.0,28.0,0.0,2.0
3493,"polo: say bruh, is there gon be alot of broads at the jazz fest this year?? big scooby: hell yeah, it's gon be boocoo massive amounts of broads outchea",broads outchea,broads outchea,is_multiword,0,27,27|28,1,2.821017360687256,0,1.0,,,,,,,,,,,,,,,,,,,,,,,,,,,,,,,polo say bruh is there gon be alot of broads at the jazz fest this year big scooby hell yeah it's gon be boocoo massive amounts of <mask> <mask> <mask> <mask> <mask>,▁broad s ▁out che a,5.0,9.758416228918738e-13,27.65547609329224,5.531095218658447,jazz s the s .,1.3035890499716087e-06,14.10508680343628,2.821017360687256,27.0,28.0,0.0,28.0,0.0,2.0
3495,"hey rob, how was gaming last night? did you completely pwn those nubs? yea, i definitely fufilled my daily pwnage last night in that complete and utter wreckage",nubs yea,nubs yea,is_multiword,0,12,12|13,1,5.462963044643402,0,1.0,,,,,,,,,,,,,,,,,,,,,,,,,,,,,,,hey rob how was gaming last night did you completely pwn those <mask> <mask> <mask> <mask> i definitely fufilled my daily pwnage last night in that complete and utter wreckage,▁nu bs ▁ye a,4.0,1.6970397229269435e-14,31.707305908203125,7.926826477050781,two s s ?,5.246030709628458e-05,21.85185217857361,5.462963044643402,12.0,13.0,0.0,27.0,0.0,2.0
3495,"hey rob, how was gaming last night? did you completely pwn those nubs? yea, i definitely fufilled my daily pwnage last night in that complete and utter wreckage",utter wreckage,utter wreckage,is_multiword,0,26,26|27,1,4.765707302093506,0,1.0,,,,,,,,,,,,,,,,,,,,,,,,,,,,,,,hey rob how was gaming last night did you completely pwn those nubs yea i definitely fufilled my daily pwnage last night in that complete and <mask> <mask> <mask> <mask> <mask>,▁u tter ▁w reck age,5.0,2.2874339109837543e-18,40.61910104751587,8.123820209503174,full e ny . .,5.104467858479113e-08,23.82853651046753,4.765707302093506,26.0,27.0,0.0,27.0,0.0,2.0
3497,"""me: ""so this girl showed me her bongo boobs last night it really freaked me out"" friend: did you bang on them? me: heavens no one was bigger than the other",bongo boobs,bongo boobs,is_multiword,1,7,7|8,1,4.923206289609273,0,1.0,,,,,,,,,,,,,,,,,,,,,,,,,,,,,,,me so this girl showed me her <mask> <mask> <mask> last night it really freaked me out friend did you bang on them me heavens no one was bigger than the other,▁bon go ▁boobs,3.0,1.5767226338038682e-10,22.570502519607544,7.523500839869182,big big s,0.0004093730762674,14.76961886882782,4.923206289609273,7.0,8.0,0.0,30.0,0.0,2.0
3497,"""me: ""so this girl showed me her bongo boobs last night it really freaked me out"" friend: did you bang on them? me: heavens no one was bigger than the other",bang on,bang on,is_multiword,0,19,19|20,1,5.536771774291992,1,1.0,,,,,,,,,,,,,,,,,,,,,,,,,,,,,,,me so this girl showed me her bongo boobs last night it really freaked me out friend did you <mask> <mask> them me heavens no one was bigger than the other,▁bang ▁on,2.0,4.085297945751857e-07,14.710700988769531,7.355350494384766,ever show,0.0263270739856367,11.073543548583984,5.536771774291992,19.0,20.0,0.0,30.0,0.0,2.0
3499,yo watupp nbh,yo watupp,yo watupp,is_multiword,0,0,0|1,1,7.30613096555074,0,1.0,,,,,,,,,,,,,,,,,,,,,,,,,,,,,,,<mask> <mask> <mask> nbh,▁yo ▁wat upp,3.0,3.8208801492765205e-15,33.19829559326172,11.06609853108724,</s>  r,1.262410222011374e-05,21.91839289665222,7.30613096555074,0.0,1.0,0.0,2.0,0.0,2.0
3499,yo watupp nbh,yo watupp nbh,yo watupp nbh,is_multiword,0,0,0|1|2,1,10.601676654815671,1,1.0,,,,,,,,,,,,,,,,,,,,,,,,,,,,,,,<mask> <mask> <mask> <mask> <mask>,▁yo ▁wat upp ▁n bh,5.0,6.468713456415342e-29,64.90799045562744,12.981598091125488,   . </s>,6.793072727646927e-06,53.00838327407837,10.601676654815671,0.0,2.0,0.0,2.0,0.0,3.0
3499,yo watupp nbh,watupp nbh,watupp nbh,is_multiword,0,1,1|2,1,8.164258182048798,0,1.0,,,,,,,,,,,,,,,,,,,,,,,,,,,,,,,yo <mask> <mask> <mask> <mask>,▁wat upp ▁n bh,4.0,1.5193670326576974e-19,43.33082294464111,10.832705736160278,-  . </s>,2.31436476085403e-05,32.65703272819519,8.164258182048798,1.0,2.0,0.0,2.0,0.0,2.0
3500,"""that girl is always dressing up like a supermodel,she is so fancylicious",dressing up,dressing up,is_multiword,0,4,4|5,1,1.7384222745895386,1,1.0,,,,,,,,,,,,,,,,,,,,,,,,,,,,,,,that girl is always <mask> <mask> like a supermodel she is so fancylicious,▁dressing ▁up,2.0,0.000658156740432,7.3260674476623535,3.6630337238311768,dress ing,0.0212962793807792,3.476844549179077,1.7384222745895386,4.0,5.0,0.0,12.0,0.0,2.0
3502,<me> im friend irl with ayuko,me im,me im,is_multiword,0,0,0|1,1,6.700422644615173,0,1.0,,,,,,,,,,,,,,,,,,,,,,,,,,,,,,,<mask> <mask> friend irl with ayuko,▁me ▁im,2.0,3.2124377694913885e-08,17.253650665283203,8.626825332641602,my my,0.021220122434309,13.400845289230348,6.700422644615173,0.0,1.0,0.0,5.0,0.0,2.0
3509,"""fucking fuck look at alexandria what the fuck do i do ""just stay cool man",fucking fuck,fucking fuck,is_multiword,0,0,0|1,1,4.087034285068512,1,1.0,,,,,,,,,,,,,,,,,,,,,,,,,,,,,,,<mask> <mask> look at alexandria what the fuck do i do just stay cool man,▁fucking ▁fuck,2.0,4.253620079123336e-06,12.367740154266356,6.183870077133179,i a,0.0150907759790333,8.174068570137024,4.087034285068512,0.0,1.0,0.0,14.0,0.0,2.0
3511,"""got any flippers' mate, any flippers",flippers mate,flippers mate,is_multiword,0,2,2|3,1,4.656720101833344,0,1.0,,,,,,,,,,,,,,,,,,,,,,,,,,,,,,,got any <mask> <mask> <mask> <mask> any flippers,▁flip pers ' ▁mate,4.0,1.3727974374202582e-09,20.40641525387764,5.10160381346941,flip pers </s> got,0.1687166081323223,18.62688040733337,4.656720101833344,2.0,3.0,0.0,5.0,0.0,2.0
3514,"dude, i gave this chick a chin omelotte with all the topppings",chin omelotte,chin omelotte,is_multiword,1,6,6|7,1,4.724733686447143,0,1.0,,,,,,,,,,,,,,,,,,,,,,,,,,,,,,,dude i gave this chick a <mask> <mask> <mask> <mask> <mask> with all the topppings,▁chi n ▁om e lotte,5.0,1.819944135191219e-18,40.8477258682251,8.16954517364502,pretty of and this her,3.308924817142913e-08,23.62366843223572,4.724733686447143,6.0,7.0,0.0,11.0,0.0,2.0
3515,"so, did you get to see some apolojiggle after the fight?",get to,get to,is_multiword,0,3,3|4,1,0.3200874328613281,1,1.0,,,,,,,,,,,,,,,,,,,,,,,,,,,,,,,so did you <mask> <mask> see some apolojiggle after the fight,▁get ▁to,2.0,0.1324567742928188,2.021498918533325,1.0107494592666626,want to,0.2512456701953517,0.6401748657226562,0.3200874328613281,3.0,4.0,0.0,10.0,0.0,2.0
3516,man i am teh 1337 campinator,teh 1337,teh 1337,is_multiword,0,3,3|4,1,8.331417083740234,0,1.0,,,,,,,,,,,,,,,,,,,,,,,,,,,,,,,man i am <mask> <mask> <mask> campinator,▁teh ▁13 37,3.0,2.117800734947212e-14,31.48581314086914,10.49527104695638,a a a,0.0015161790533771,24.994251251220703,8.331417083740234,3.0,4.0,0.0,5.0,0.0,2.0
3516,man i am teh 1337 campinator,teh 1337 campinator,teh 1337 campinator,is_multiword,0,3,3|4|5,1,8.024783849716187,0,1.0,,,,,,,,,,,,,,,,,,,,,,,,,,,,,,,man i am <mask> <mask> <mask> <mask> <mask> <mask>,▁teh ▁13 37 ▁camp in ator,6.0,8.010173143646167e-28,62.39167022705078,10.398611704508465,a i i i . .,6.521657244237244e-07,48.14870309829712,8.024783849716187,3.0,5.0,0.0,5.0,0.0,3.0
3516,man i am teh 1337 campinator,1337 campinator,1337 campinator,is_multiword,0,4,4|5,1,7.707335805892944,0,1.0,,,,,,,,,,,,,,,,,,,,,,,,,,,,,,,man i am teh <mask> <mask> <mask> <mask> <mask>,▁13 37 ▁camp in ator,5.0,8.77486122020395e-23,50.78756618499756,10.157513236999511,and i i . .,4.780874131253792e-06,38.53667902946472,7.707335805892944,4.0,5.0,0.0,5.0,0.0,2.0
3520,em yeu anh,em yeu,em yeu,is_multiword,0,0,0|1,1,4.257786353429158,0,1.0,,,,,,,,,,,,,,,,,,,,,,,,,,,,,,,<mask> <mask> <mask> anh,▁em ▁ye u,3.0,5.598042789798285e-10,21.303433895111084,7.101144631703694,"</s> , ,",0.0001974401939698,12.773359060287476,4.257786353429158,0.0,1.0,0.0,2.0,0.0,2.0
3520,em yeu anh,em yeu anh,em yeu anh,is_multiword,1,0,0|1|2,1,9.113915741443634,1,1.0,,,,,,,,,,,,,,,,,,,,,,,,,,,,,,,<mask> <mask> <mask> <mask>,▁em ▁ye u ▁anh,4.0,2.7353366293591646e-20,45.04544734954834,11.261361837387083,</s>  : </s>,0.0001859961871278,36.455662965774536,9.113915741443634,0.0,2.0,0.0,2.0,0.0,3.0
3520,em yeu anh,yeu anh,yeu anh,is_multiword,0,1,1|2,1,9.02413046360016,0,1.0,,,,,,,,,,,,,,,,,,,,,,,,,,,,,,,em <mask> <mask> <mask>,▁ye u ▁anh,3.0,1.1215608098779077e-15,34.424055099487305,11.474685033162435,todos de </s>,0.0006415241626947,27.07239139080048,9.02413046360016,1.0,2.0,0.0,2.0,0.0,2.0
3522,man jasmine has some bresmallows man i couldn't even feel that her breast where on my shoulder,breast where,breast where,is_multiword,0,12,12|13,1,5.5283050537109375,0,1.0,,,,,,,,,,,,,,,,,,,,,,,,,,,,,,,man jasmine has some bresmallows man i couldn't even feel that her <mask> <mask> on my shoulder,▁breast ▁where,2.0,5.120540635067418e-07,14.484835624694824,7.242417812347412,hand was,0.0324444618598847,11.056610107421877,5.5283050537109375,12.0,13.0,0.0,16.0,0.0,2.0
3523,"""tom: did you bang that chic from last night? bob:nah she was a he, had an ace in the hole",chic from,chic from,is_multiword,0,5,5|6,1,5.610742807388306,0,1.0,,,,,,,,,,,,,,,,,,,,,,,,,,,,,,,tom did you bang that <mask> <mask> last night bob nah she was a he had an ace in the hole,▁chic ▁from,2.0,3.83125277389889e-08,17.077488899230957,8.538744449615479,a up,0.0028626620955051,11.221485614776611,5.610742807388306,5.0,6.0,0.0,20.0,0.0,2.0
3528,"harry and sally had so much sex on their first date, that harry got tired and began canoodling",began canoodling,began canoodling,is_multiword,0,16,16|17,1,5.578071713447571,0,1.0,,,,,,,,,,,,,,,,,,,,,,,,,,,,,,,harry and sally had so much sex on their first date that harry got tired and <mask> <mask> <mask> <mask>,▁began ▁can ood ling,4.0,5.574877249207757e-15,32.82050609588623,8.205126523971558,started to . .,2.7311048188366705e-05,22.312286853790283,5.578071713447571,16.0,17.0,0.0,17.0,0.0,2.0
3529,"holy fucking shit the anal cream and onion was so good i want more, 10 gallons was not enough",holy fucking,holy fucking,is_multiword,0,0,0|1,1,3.3835156758626304,0,1.0,,,,,,,,,,,,,,,,,,,,,,,,,,,,,,,<mask> <mask> <mask> shit the anal cream and onion was so good i want more 10 gallons was not enough,▁ho ly ▁fucking,3.0,1.8165668396643657e-08,17.823732376098633,5.941244125366211,I was a,0.0004651338480578,10.15054702758789,3.3835156758626304,0.0,1.0,0.0,18.0,0.0,2.0
3529,"holy fucking shit the anal cream and onion was so good i want more, 10 gallons was not enough",holy fucking shit,holy fucking shit,is_multiword,0,0,0|1|2,1,5.777878820896149,1,1.0,,,,,,,,,,,,,,,,,,,,,,,,,,,,,,,<mask> <mask> <mask> <mask> the anal cream and onion was so good i want more 10 gallons was not enough,▁ho ly ▁fucking ▁shit,4.0,7.544991776167105e-16,34.82047748565674,8.705119371414185,I a i love,8.219820368856387e-06,23.111515283584595,5.777878820896149,0.0,2.0,0.0,18.0,0.0,3.0
3529,"holy fucking shit the anal cream and onion was so good i want more, 10 gallons was not enough",fucking shit,fucking shit,is_multiword,0,1,1|2,1,4.552270889282227,0,1.0,,,,,,,,,,,,,,,,,,,,,,,,,,,,,,,holy <mask> <mask> the anal cream and onion was so good i want more 10 gallons was not enough,▁fucking ▁shit,2.0,2.381126069585785e-07,15.250522136688232,7.625261068344116,ho all,0.002142074861708,9.104541778564451,4.552270889282227,1.0,2.0,0.0,18.0,0.0,2.0
3533,ohhhhh mayun i shot dat boi straight up in the domepiece,ohhhhh mayun,ohhhhh mayun,is_multiword,0,0,0|1,1,6.380975812673569,0,1.0,,,,,,,,,,,,,,,,,,,,,,,,,,,,,,,<mask> <mask> <mask> <mask> i shot dat boi straight up in the domepiece,▁o hhhhh ▁may un,4.0,8.86258918050474e-16,34.65952253341675,8.664880633354187,"i i , ,",0.0001077583559332,25.523903250694275,6.380975812673569,0.0,1.0,0.0,10.0,0.0,2.0
3533,ohhhhh mayun i shot dat boi straight up in the domepiece,dat boi,dat boi,is_multiword,0,4,4|5,1,5.922215819358826,0,1.0,,,,,,,,,,,,,,,,,,,,,,,,,,,,,,,ohhhhh mayun i shot <mask> <mask> <mask> straight up in the domepiece,▁dat ▁bo i,3.0,1.030588537432442e-11,25.298305988311768,8.43276866277059,the the s,0.0005358487978593,17.766647458076477,5.922215819358826,4.0,5.0,0.0,10.0,0.0,2.0
3540,let's go play some capture the flag,some capture,some capture,is_multiword,0,3,3|4,1,4.896989822387695,0,1.0,,,,,,,,,,,,,,,,,,,,,,,,,,,,,,,let's go play <mask> <mask> the flag,▁some ▁capture,2.0,3.243148036964483e-06,12.638966083526611,6.319483041763306,and with,0.058135055118421,9.79397964477539,4.896989822387695,3.0,4.0,0.0,6.0,0.0,2.0
3542,"bismillah al rahman al raheem in the name of god, most gracious, most merciful",al rahman,al rahman,is_multiword,0,1,1|2,1,2.4664255380630493,0,1.0,,,,,,,,,,,,,,,,,,,,,,,,,,,,,,,bismillah <mask> <mask> <mask> al raheem in the name of god most gracious most merciful,▁al ▁ rahman,3.0,3.594645669789177e-07,14.838650226593018,4.946216742197673,and  m,0.0005876531809472,7.399276614189148,2.4664255380630493,1.0,2.0,0.0,13.0,0.0,2.0
3542,"bismillah al rahman al raheem in the name of god, most gracious, most merciful",al rahman al,al rahman al,is_multiword,0,1,1|2|3,1,3.726709306240082,0,1.0,,,,,,,,,,,,,,,,,,,,,,,,,,,,,,,bismillah <mask> <mask> <mask> <mask> raheem in the name of god most gracious most merciful,▁al ▁ rahman ▁al,4.0,4.783533374419953e-11,23.763256549835205,5.940814137458801,and m m and,0.0001424642702368,14.906837224960327,3.726709306240082,1.0,3.0,0.0,13.0,0.0,3.0
3542,"bismillah al rahman al raheem in the name of god, most gracious, most merciful",al rahman al raheem,al rahman al raheem,is_multiword,0,1,1|2|3|4,1,5.713226397832234,1,1.0,,,,,,,,,,,,,,,,,,,,,,,,,,,,,,,bismillah <mask> <mask> <mask> <mask> <mask> <mask> in the name of god most gracious most merciful,▁al ▁ rahman ▁al ▁rahe em,6.0,6.950651264315637e-23,51.02062177658081,8.503436962763468,and you you you you you,5.36243066391757e-08,34.27935838699341,5.713226397832234,1.0,4.0,0.0,13.0,0.0,4.0
3542,"bismillah al rahman al raheem in the name of god, most gracious, most merciful",rahman al,rahman al,is_multiword,0,2,2|3,1,2.1687991619110107,0,1.0,,,,,,,,,,,,,,,,,,,,,,,,,,,,,,,bismillah al <mask> <mask> <mask> raheem in the name of god most gracious most merciful,▁ rahman ▁al,3.0,1.056009109537341e-06,13.761013746261597,4.587004582087199,- quran and,0.0007069035940716,6.506397485733032,2.1687991619110107,2.0,3.0,0.0,13.0,0.0,2.0
3542,"bismillah al rahman al raheem in the name of god, most gracious, most merciful",rahman al raheem,rahman al raheem,is_multiword,0,2,2|3|4,1,4.334269019961357,0,1.0,,,,,,,,,,,,,,,,,,,,,,,,,,,,,,,bismillah al <mask> <mask> <mask> <mask> <mask> in the name of god most gracious most merciful,▁ rahman ▁al ▁rahe em,5.0,5.149414809990224e-16,35.20247840881348,7.040495681762695,- al m you you,1.3289341752321744e-06,21.671345099806786,4.334269019961357,2.0,4.0,0.0,13.0,0.0,3.0
3542,"bismillah al rahman al raheem in the name of god, most gracious, most merciful",al raheem,al raheem,is_multiword,0,3,3|4,1,3.380130966504415,0,1.0,,,,,,,,,,,,,,,,,,,,,,,,,,,,,,,bismillah al rahman <mask> <mask> <mask> in the name of god most gracious most merciful,▁al ▁rahe em,3.0,7.219769838857615e-08,16.443857669830322,5.4812858899434405,al  allah,0.0018299534121084,10.140392899513245,3.380130966504415,3.0,4.0,0.0,13.0,0.0,2.0
3543,"man, i annihilated that bitch's gowl",bitch's gowl,bitch's gowl,is_multiword,0,4,4|5,1,4.845054050286611,0,1.0,,,,,,,,,,,,,,,,,,,,,,,,,,,,,,,man i annihilated that <mask> <mask> <mask> <mask> <mask> <mask>,▁bit ch ' s ▁go wl,6.0,5.665592926016158e-20,44.31729030609131,7.386215051015218,i i the the . .,2.3896087427664505e-07,29.070324301719666,4.845054050286611,4.0,5.0,0.0,5.0,0.0,2.0
3545,darnell was such an all-star that all the team mates considered him a black dolphin,an all-star,an all-star,is_multiword,0,3,3|4,1,4.070892304182053,1,1.0,,,,,,,,,,,,,,,,,,,,,,,,,,,,,,,darnell was such <mask> <mask> <mask> <mask> that all the team mates considered him a black dolphin,▁an ▁all - star,4.0,8.646834576067366e-11,23.171242713928223,5.792810678482056,a  phi n,0.0010202847773222,16.28356921672821,4.070892304182053,3.0,4.0,0.0,14.0,0.0,2.0
3546,"hey, your cat is so furry",so furry,so furry,is_multiword,0,4,4|5,1,3.7921180725097656,0,1.0,,,,,,,,,,,,,,,,,,,,,,,,,,,,,,,hey your cat is <mask> <mask> <mask>,▁so ▁fur ry,3.0,4.417761348222715e-09,19.237632751464844,6.412544250488281,in cute ?,0.0003853808337824,11.376354217529297,3.7921180725097656,4.0,5.0,0.0,5.0,0.0,2.0
3547,male: i'm a brony female: i'm a pegasister eunuch: i'm a eunichorn pre-op tranny: i'm a hermaphralicorn,pre-op tranny,pre-op tranny,is_multiword,0,12,12|13,1,4.792694759368897,0,1.0,,,,,,,,,,,,,,,,,,,,,,,,,,,,,,,male i'm a brony female i'm a pegasister eunuch i'm a eunichorn <mask> <mask> <mask> <mask> <mask> i'm a hermaphralicorn,▁pre - op ▁tran ny,5.0,4.005051687347131e-17,37.75639009475708,7.551278018951416,i ' a r male,1.0228514436505288e-06,23.96347379684448,4.792694759368897,12.0,13.0,0.0,16.0,0.0,2.0
3549,your guts empty them selves like passing water through your bottom = bum piss,them selves,them selves,is_multiword,0,3,3|4,1,6.279154340426127,0,1.0,,,,,,,,,,,,,,,,,,,,,,,,,,,,,,,your guts empty <mask> <mask> <mask> like passing water through your bottom bum piss,▁them ▁selv es,3.0,8.196454515610404e-12,25.52731943130493,8.509106477101644,", you feel",0.0012434613087192,18.83746302127838,6.279154340426127,3.0,4.0,0.0,12.0,0.0,2.0
3549,your guts empty them selves like passing water through your bottom = bum piss,bottom bum,bottom bum,is_multiword,0,10,10|11,1,6.983892997105916,0,1.0,,,,,,,,,,,,,,,,,,,,,,,,,,,,,,,your guts empty them selves like passing water through your <mask> <mask> <mask> piss,▁bottom ▁bu m,3.0,3.655248679042696e-12,26.33485698699951,8.77828566233317,gut s your,0.0045932015358766,20.95167899131775,6.983892997105916,10.0,11.0,0.0,12.0,0.0,2.0
3549,your guts empty them selves like passing water through your bottom = bum piss,bottom bum piss,bottom bum piss,is_multiword,0,10,10|11|12,1,4.99712438583374,0,1.0,,,,,,,,,,,,,,,,,,,,,,,,,,,,,,,your guts empty them selves like passing water through your <mask> <mask> <mask> <mask> <mask>,▁bottom ▁bu m ▁pis s,5.0,2.2963468537902187e-16,36.01004195213318,7.202008390426636,gut s s s .,1.6298784508471276e-05,24.9856219291687,4.99712438583374,10.0,12.0,0.0,12.0,0.0,3.0
3549,your guts empty them selves like passing water through your bottom = bum piss,bum piss,bum piss,is_multiword,1,11,11|12,1,5.472967892885208,0,1.0,,,,,,,,,,,,,,,,,,,,,,,,,,,,,,,your guts empty them selves like passing water through your bottom <mask> <mask> <mask> <mask>,▁bu m ▁pis s,4.0,7.319087760783886e-14,30.245705604553223,7.561426401138306,s your s .,0.0002354919016464,21.891871571540836,5.472967892885208,11.0,12.0,0.0,12.0,0.0,2.0
3552,"""god damn dalayla needs five innervates per fight to keep up with her fucking fol spam",damn dalayla,damn dalayla,is_multiword,0,1,1|2,1,7.14724846680959,0,1.0,,,,,,,,,,,,,,,,,,,,,,,,,,,,,,,god <mask> <mask> <mask> needs five innervates per fight to keep up with her fucking fol spam,▁damn ▁dala yla,3.0,1.0843542901713628e-12,27.550036430358887,9.183345476786297,fuck s she,0.0022243489121707,21.44174540042877,7.14724846680959,1.0,2.0,0.0,15.0,0.0,2.0
3552,"""god damn dalayla needs five innervates per fight to keep up with her fucking fol spam",fucking fol,fucking fol,is_multiword,0,13,13|14,1,9.217845797538756,0,1.0,,,,,,,,,,,,,,,,,,,,,,,,,,,,,,,god damn dalayla needs five innervates per fight to keep up with her <mask> <mask> spam,▁fucking ▁fol,2.0,1.0819557874982275e-10,22.947080612182617,11.473540306091309,friends of,0.0109831937316234,18.435691595077515,9.217845797538756,13.0,14.0,0.0,15.0,0.0,2.0
3552,"""god damn dalayla needs five innervates per fight to keep up with her fucking fol spam",fucking fol spam,fucking fol spam,is_multiword,0,13,13|14|15,1,7.590156634648641,0,1.0,,,,,,,,,,,,,,,,,,,,,,,,,,,,,,,god damn dalayla needs five innervates per fight to keep up with her <mask> <mask> <mask>,▁fucking ▁fol ▁spam,3.0,5.69543547750585e-14,30.49652624130249,10.16550874710083, s </s>,0.0004411805581687,22.770469903945923,7.590156634648641,13.0,15.0,0.0,15.0,0.0,3.0
3552,"""god damn dalayla needs five innervates per fight to keep up with her fucking fol spam",fol spam,fol spam,is_multiword,0,14,14|15,1,10.316608130931854,0,1.0,,,,,,,,,,,,,,,,,,,,,,,,,,,,,,,god damn dalayla needs five innervates per fight to keep up with her fucking <mask> <mask>,▁fol ▁spam,2.0,7.518445114368896e-12,25.61366176605225,12.806830883026125,ass .,0.0068710008158946,20.63321626186371,10.316608130931854,14.0,15.0,0.0,15.0,0.0,2.0
3554,'ey pass me dat cigowette foo,dat cigowette,dat cigowette,is_multiword,0,3,3|4,1,5.449250650405884,0,1.0,,,,,,,,,,,,,,,,,,,,,,,,,,,,,,,ey pass me <mask> <mask> <mask> <mask> <mask> foo,▁dat ▁ci go wet te,5.0,1.5176726699775376e-19,43.33193874359131,8.666387748718261,fo o o me me,1.0329410889243605e-07,27.24625325202942,5.449250650405884,3.0,4.0,0.0,5.0,0.0,2.0
3554,'ey pass me dat cigowette foo,dat cigowette foo,dat cigowette foo,is_multiword,0,3,3|4|5,1,5.652889966964722,0,1.0,,,,,,,,,,,,,,,,,,,,,,,,,,,,,,,ey pass me <mask> <mask> <mask> <mask> <mask> <mask> <mask>,▁dat ▁ci go wet te ▁fo o,7.0,5.027158444735448e-27,60.55494260787964,8.650706086839948,", me me me me . </s>",7.69936679308479e-10,39.57022976875305,5.652889966964722,3.0,5.0,0.0,5.0,0.0,3.0
3554,'ey pass me dat cigowette foo,cigowette foo,cigowette foo,is_multiword,0,4,4|5,1,4.706273019313812,0,1.0,,,,,,,,,,,,,,,,,,,,,,,,,,,,,,,ey pass me dat <mask> <mask> <mask> <mask> <mask> <mask>,▁ci go wet te ▁fo o,6.0,5.431191138504184e-22,48.96471357345581,8.160785595575968,"you , ,  . </s>",9.961976267719323e-10,28.237638115882877,4.706273019313812,4.0,5.0,0.0,5.0,0.0,2.0
3560,eddie: we were at the beach and this chick flashed he moonbeam at us,chick flashed,chick flashed,is_multiword,0,8,8|9,1,5.434701904654503,0,1.0,,,,,,,,,,,,,,,,,,,,,,,,,,,,,,,eddie we were at the beach and this <mask> <mask> <mask> <mask> he moonbeam at us,▁ chick ▁flash ed,4.0,2.2115657662731241e-13,29.13990545272827,7.284976363182068,is the sun as,0.0006105820752167,21.73880761861801,5.434701904654503,8.0,9.0,0.0,13.0,0.0,2.0
3560,eddie: we were at the beach and this chick flashed he moonbeam at us,chick flashed he,chick flashed he,is_multiword,0,8,8|9|10,1,5.230112552642822,0,1.0,,,,,,,,,,,,,,,,,,,,,,,,,,,,,,,eddie we were at the beach and this <mask> <mask> <mask> <mask> <mask> moonbeam at us,▁ chick ▁flash ed ▁he,5.0,6.138314091916374e-16,35.026811361312866,7.005362272262573,is the moon with the,0.0001396671315635,26.15056276321411,5.230112552642822,8.0,10.0,0.0,13.0,0.0,3.0
3560,eddie: we were at the beach and this chick flashed he moonbeam at us,chick flashed he moonbeam,chick flashed he moonbeam,is_multiword,0,8,8|9|10|11,1,5.256634400950538,0,1.0,,,,,,,,,,,,,,,,,,,,,,,,,,,,,,,eddie we were at the beach and this <mask> <mask> <mask> <mask> <mask> <mask> <mask> <mask> <mask> at us,▁ chick ▁flash ed ▁he ▁ moon be am,9.0,1.4094482190885111e-30,68.7343544960022,7.637150499555799,is the the the and and the smile looked,4.959009595605368e-10,47.30970960855484,5.256634400950538,8.0,11.0,0.0,13.0,0.0,4.0
3560,eddie: we were at the beach and this chick flashed he moonbeam at us,flashed he,flashed he,is_multiword,0,9,9|10,1,3.381188670794169,0,1.0,,,,,,,,,,,,,,,,,,,,,,,,,,,,,,,eddie we were at the beach and this chick <mask> <mask> <mask> moonbeam at us,▁flash ed ▁he,3.0,1.8136278568161688e-07,15.52276647090912,5.17425549030304,was ed a,0.0046115075479336,10.143566012382507,3.381188670794169,9.0,10.0,0.0,13.0,0.0,2.0
3560,eddie: we were at the beach and this chick flashed he moonbeam at us,flashed he moonbeam,flashed he moonbeam,is_multiword,0,9,9|10|11,1,4.330446532794407,0,1.0,,,,,,,,,,,,,,,,,,,,,,,,,,,,,,,eddie we were at the beach and this chick <mask> <mask> <mask> <mask> <mask> <mask> <mask> at us,▁flash ed ▁he ▁ moon be am,7.0,9.215540548708513e-22,48.435980796813965,6.919425828116281,was the the and and laugh looked,1.3469269666580502e-08,30.31312572956085,4.330446532794407,9.0,11.0,0.0,13.0,0.0,3.0
3560,eddie: we were at the beach and this chick flashed he moonbeam at us,he moonbeam,he moonbeam,is_multiword,0,10,10|11,1,5.01285707950592,0,1.0,,,,,,,,,,,,,,,,,,,,,,,,,,,,,,,eddie we were at the beach and this chick flashed <mask> <mask> <mask> <mask> <mask> at us,▁he ▁ moon be am,5.0,2.299328785833773e-16,36.00874423980713,7.201748847961426,her and and and ed,1.7655577086170804e-05,25.0642853975296,5.01285707950592,10.0,11.0,0.0,13.0,0.0,2.0
3564,dnt mek me tek dis cutlass n beat yuh tail,dnt mek,dnt mek,is_multiword,0,0,0|1,1,2.860843598842621,0,1.0,,,,,,,,,,,,,,,,,,,,,,,,,,,,,,,<mask> <mask> <mask> <mask> me tek dis cutlass n beat yuh tail,▁d nt ▁ mek,4.0,5.027797336107344e-12,26.0160391330719,6.504009783267975,   da,4.6899921714525116e-07,11.443374395370483,2.860843598842621,0.0,1.0,0.0,9.0,0.0,2.0
3564,dnt mek me tek dis cutlass n beat yuh tail,tek dis,tek dis,is_multiword,0,3,3|4,1,6.110044360160828,0,1.0,,,,,,,,,,,,,,,,,,,,,,,,,,,,,,,dnt mek me <mask> <mask> cutlass n beat yuh tail,▁tek ▁dis,2.0,4.2785143759455536e-09,19.269659996032715,9.634829998016356,s a,0.0008677809163236,12.220088720321655,6.110044360160828,3.0,4.0,0.0,9.0,0.0,2.0
3564,dnt mek me tek dis cutlass n beat yuh tail,tek dis cutlass,tek dis cutlass,is_multiword,0,3,3|4|5,1,5.3653465747833256,0,1.0,,,,,,,,,,,,,,,,,,,,,,,,,,,,,,,dnt mek me <mask> <mask> <mask> <mask> <mask> n beat yuh tail,▁tek ▁dis ▁cut las s,5.0,3.125154737568103e-19,42.60963296890259,8.521926593780517,n    me,1.398213787545655e-07,26.826732873916622,5.3653465747833256,3.0,5.0,0.0,9.0,0.0,3.0
3564,dnt mek me tek dis cutlass n beat yuh tail,tek dis cutlass n,tek dis cutlass n,is_multiword,0,3,3|4|5|6,1,5.37461793422699,0,1.0,,,,,,,,,,,,,,,,,,,,,,,,,,,,,,,dnt mek me <mask> <mask> <mask> <mask> <mask> <mask> beat yuh tail,▁tek ▁dis ▁cut las s ▁n,6.0,1.759949260228068e-22,50.09158706665039,8.348597844441732,     me,1.7803345261114716e-08,32.24770760536194,5.37461793422699,3.0,6.0,0.0,9.0,0.0,4.0
3564,dnt mek me tek dis cutlass n beat yuh tail,dis cutlass,dis cutlass,is_multiword,0,4,4|5,1,5.240030229091644,0,1.0,,,,,,,,,,,,,,,,,,,,,,,,,,,,,,,dnt mek me tek <mask> <mask> <mask> <mask> n beat yuh tail,▁dis ▁cut las s,4.0,2.400543633789139e-15,33.66308116912842,8.415770292282104,   s,3.0421068106484634e-06,20.960120916366577,5.240030229091644,4.0,5.0,0.0,9.0,0.0,2.0
3564,dnt mek me tek dis cutlass n beat yuh tail,dis cutlass n,dis cutlass n,is_multiword,0,4,4|5|6,1,5.261717748641968,0,1.0,,,,,,,,,,,,,,,,,,,,,,,,,,,,,,,dnt mek me tek <mask> <mask> <mask> <mask> <mask> beat yuh tail,▁dis ▁cut las s ▁n,5.0,1.2441028711606472e-18,41.22811698913574,8.24562339782715,    me,3.315363945299914e-07,26.30858874320984,5.261717748641968,4.0,6.0,0.0,9.0,0.0,3.0
3564,dnt mek me tek dis cutlass n beat yuh tail,cutlass n,cutlass n,is_multiword,0,5,5|6,1,4.110835373401642,0,1.0,,,,,,,,,,,,,,,,,,,,,,,,,,,,,,,dnt mek me tek dis <mask> <mask> <mask> <mask> beat yuh tail,▁cut las s ▁n,4.0,5.087416046480671e-14,30.609421253204346,7.652355313301086,   y,7.042870942414015e-07,16.443341493606567,4.110835373401642,5.0,6.0,0.0,9.0,0.0,2.0
3567,"dude, after i saw your mom i went home and had a big chillin for two hours",big chillin,big chillin,is_multiword,1,12,12|13,1,3.3979466756184897,0,1.0,,,,,,,,,,,,,,,,,,,,,,,,,,,,,,,dude after i saw your mom i went home and had a <mask> <mask> <mask> for two hours,▁big ▁chill in,3.0,7.062714057654297e-09,18.76843643188477,6.256145477294922,nice of her,0.000188842654591,10.193840026855469,3.3979466756184897,12.0,13.0,0.0,16.0,0.0,2.0
3569,dekay: whats a really cool looing keyboard? dj biscuit: i reccomend the razer,dekay whats,dekay whats,is_multiword,0,0,0|1,1,6.038661003112793,0,1.0,,,,,,,,,,,,,,,,,,,,,,,,,,,,,,,<mask> <mask> <mask> <mask> a really cool looing keyboard dj biscuit i reccomend the razer,▁de kay ▁what s,4.0,4.9054371862461475e-14,30.64584708213806,7.661461770534515,i i i is,0.0015167231863038,24.15464401245117,6.038661003112793,0.0,1.0,0.0,12.0,0.0,2.0
3572,why can't the cane player get into a huddle on the field anymore? it's a parole violation for him to associate with known felons,get into,get into,is_multiword,0,5,5|6,1,1.7453269958496094,1,1.0,,,,,,,,,,,,,,,,,,,,,,,,,,,,,,,why can't the cane player <mask> <mask> a huddle on the field anymore it's a parole violation for him to associate with known felons,▁get ▁into,2.0,0.000505378307582,7.590203285217285,3.7951016426086426,go in,0.0165801464974969,3.4906539916992188,1.7453269958496094,5.0,6.0,0.0,23.0,0.0,2.0
3573,i wouldnt touch that clitwhoreass with a ten foot pole,wouldnt touch,wouldnt touch,is_multiword,0,1,1|2,1,4.008712848027547,1,1.0,,,,,,,,,,,,,,,,,,,,,,,,,,,,,,,i <mask> <mask> <mask> that clitwhoreass with a ten foot pole,▁wouldn t ▁touch,3.0,7.20124439364004e-09,18.749011993408203,6.249670664469401,' to like,0.001203076263792,12.026138544082642,4.008712848027547,1.0,2.0,0.0,9.0,0.0,2.0
3573,i wouldnt touch that clitwhoreass with a ten foot pole,ten foot,ten foot,is_multiword,0,7,7|8,1,4.035787582397461,0,1.0,,,,,,,,,,,,,,,,,,,,,,,,,,,,,,,i wouldnt touch that clitwhoreass with a <mask> <mask> pole,▁ten ▁foot,2.0,6.783484803850561e-07,14.203604698181152,7.101802349090576, ing,0.0021721679966312,8.071575164794922,4.035787582397461,7.0,8.0,0.0,9.0,0.0,2.0
3573,i wouldnt touch that clitwhoreass with a ten foot pole,ten foot pole,ten foot pole,is_multiword,0,7,7|8|9,1,5.196881532669067,0,1.0,,,,,,,,,,,,,,,,,,,,,,,,,,,,,,,i wouldnt touch that clitwhoreass with a <mask> <mask> <mask>,▁ten ▁foot ▁pole,3.0,4.117456607736156e-11,23.91320037841797,7.971066792805989,big . .,0.000242974081596,15.590644598007202,5.196881532669067,7.0,9.0,0.0,9.0,0.0,3.0
3573,i wouldnt touch that clitwhoreass with a ten foot pole,foot pole,foot pole,is_multiword,0,8,8|9,1,6.136497467756271,1,1.0,,,,,,,,,,,,,,,,,,,,,,,,,,,,,,,i wouldnt touch that clitwhoreass with a ten <mask> <mask>,▁foot ▁pole,2.0,5.251570372455892e-07,14.4595685005188,7.229784250259399,se .,0.1123008818090576,12.272994935512545,6.136497467756271,8.0,9.0,0.0,9.0,0.0,2.0
3578,he owes me a buck fifty,a buck,a buck,is_multiword,0,3,3|4,1,2.5873794555664062,0,1.0,,,,,,,,,,,,,,,,,,,,,,,,,,,,,,,he owes me <mask> <mask> <mask> fifty,▁a ▁ buck,3.0,2.616453748397568e-08,17.458860874176025,5.819620291392009,  i,6.148468076228882e-05,7.762138366699219,2.5873794555664062,3.0,4.0,0.0,5.0,0.0,2.0
3578,he owes me a buck fifty,a buck fifty,a buck fifty,is_multiword,0,3,3|4|5,1,4.329323410987854,0,1.0,,,,,,,,,,,,,,,,,,,,,,,,,,,,,,,he owes me <mask> <mask> <mask> <mask> <mask> <mask>,▁a ▁ buck ▁fi ft y,6.0,4.874182003486891e-19,42.16516447067261,7.027527411778768,a    . </s>,9.313423431385859e-08,25.975940465927124,4.329323410987854,3.0,5.0,0.0,5.0,0.0,3.0
3578,he owes me a buck fifty,buck fifty,buck fifty,is_multiword,1,4,4|5,1,4.776964712142944,0,1.0,,,,,,,,,,,,,,,,,,,,,,,,,,,,,,,he owes me a <mask> <mask> <mask> <mask> <mask>,▁ buck ▁fi ft y,5.0,3.279730452874279e-17,37.95618534088135,7.591237068176269, of  . </s>,7.742571524976088e-07,23.88482356071472,4.776964712142944,4.0,5.0,0.0,5.0,0.0,2.0
3581,"wow, you're really gonna dyi wearing that",gonna dyi,gonna dyi,is_multiword,0,3,3|4,1,6.314989805221558,0,1.0,,,,,,,,,,,,,,,,,,,,,,,,,,,,,,,wow you're really <mask> <mask> <mask> wearing that,▁gonna ▁dy i,3.0,1.1195551026720135e-11,25.21550464630127,8.405168215433756,pretty to for,0.0018912160754875,18.944969415664676,6.314989805221558,3.0,4.0,0.0,6.0,0.0,2.0
3581,"wow, you're really gonna dyi wearing that",gonna dyi wearing,gonna dyi wearing,is_multiword,0,3,3|4|5,1,5.408863008022308,0,1.0,,,,,,,,,,,,,,,,,,,,,,,,,,,,,,,wow you're really <mask> <mask> <mask> <mask> that,▁gonna ▁dy i ▁wearing,4.0,1.3690009677009506e-13,29.61952495574951,7.404881238937378,good to to like,0.0003408483422784,21.635452032089237,5.408863008022308,3.0,5.0,0.0,6.0,0.0,3.0
3581,"wow, you're really gonna dyi wearing that",dyi wearing,dyi wearing,is_multiword,0,4,4|5,1,5.403818845748901,0,1.0,,,,,,,,,,,,,,,,,,,,,,,,,,,,,,,wow you're really gonna <mask> <mask> <mask> that,▁dy i ▁wearing,3.0,5.024740651705072e-10,21.411477088928223,7.137159029642741,be to like,0.0055164510472507,16.211456537246704,5.403818845748901,4.0,5.0,0.0,6.0,0.0,2.0
3584,"look at him pulling up in his bmw, he must be a highroller",pulling up,pulling up,is_multiword,0,3,3|4,1,4.363642454147339,1,1.0,,,,,,,,,,,,,,,,,,,,,,,,,,,,,,,look at him <mask> <mask> <mask> in his bmw he must be a highroller,▁pull ing ▁up,3.0,2.6534363599271194e-09,19.7474102973938,6.582470099131267,like he is,0.0012856601785306,13.090927362442017,4.363642454147339,3.0,4.0,0.0,12.0,0.0,2.0
3586,"check out dat swole manmore homie, he be intimidating as fawk cuz",check out,check out,is_multiword,0,0,0|1,1,7.946597933769226,1,1.0,,,,,,,,,,,,,,,,,,,,,,,,,,,,,,,<mask> <mask> dat swole manmore homie he be intimidating as fawk cuz,▁check ▁out,2.0,1.9562255604614973e-09,20.05224895477295,10.026124477386476,cum a,0.0156223439152346,15.893195867538452,7.946597933769226,0.0,1.0,0.0,11.0,0.0,2.0
3586,"check out dat swole manmore homie, he be intimidating as fawk cuz",check out dat,check out dat,is_multiword,0,0,0|1|2,1,4.434269030888875,0,1.0,,,,,,,,,,,,,,,,,,,,,,,,,,,,,,,<mask> <mask> <mask> swole manmore homie he be intimidating as fawk cuz,▁check ▁out ▁dat,3.0,1.6222930163684782e-11,24.84459543228149,8.281531810760498,she s s,9.715496794278634e-06,13.302807092666626,4.434269030888875,0.0,2.0,0.0,11.0,0.0,3.0
3586,"check out dat swole manmore homie, he be intimidating as fawk cuz",check out dat swole,check out dat swole,is_multiword,0,0,0|1|2|3,1,4.76018533706665,0,1.0,,,,,,,,,,,,,,,,,,,,,,,,,,,,,,,<mask> <mask> <mask> <mask> <mask> manmore homie he be intimidating as fawk cuz,▁check ▁out ▁dat ▁swo le,5.0,5.942365120223253e-19,41.96700954437256,8.393401908874512,the the s s a,1.2899428111036271e-08,23.80092668533325,4.76018533706665,0.0,3.0,0.0,11.0,0.0,4.0
3586,"check out dat swole manmore homie, he be intimidating as fawk cuz",check out dat swole manmore,check out dat swole manmore,is_multiword,0,0,0|1|2|3|4,1,4.958821262632098,0,1.0,,,,,,,,,,,,,,,,,,,,,,,,,,,,,,,<mask> <mask> <mask> <mask> <mask> <mask> <mask> homie he be intimidating as fawk cuz,▁check ▁out ▁dat ▁swo le ▁man more,7.0,1.414165521517834e-26,59.52067279815674,8.502953256879534,How the the a the a a,1.6812071267120548e-11,34.71174883842468,4.958821262632098,0.0,4.0,0.0,11.0,0.0,5.0
3586,"check out dat swole manmore homie, he be intimidating as fawk cuz",check out dat swole manmore homie,check out dat swole manmore homie,is_multiword,0,0,0|1|2|3|4|5,1,6.780174665980869,0,1.0,,,,,,,,,,,,,,,,,,,,,,,,,,,,,,,<mask> <mask> <mask> <mask> <mask> <mask> <mask> <mask> <mask> he be intimidating as fawk cuz,▁check ▁out ▁dat ▁swo le ▁man more ▁hom ie,9.0,1.834497736363367e-38,86.89146280288696,9.65460697809855,"I he the the the , , , would",5.819010946683258e-12,61.02157199382782,6.780174665980869,0.0,5.0,0.0,11.0,0.0,6.0
3586,"check out dat swole manmore homie, he be intimidating as fawk cuz",out dat,out dat,is_multiword,0,1,1|2,1,4.028749346733093,0,1.0,,,,,,,,,,,,,,,,,,,,,,,,,,,,,,,check <mask> <mask> swole manmore homie he be intimidating as fawk cuz,▁out ▁dat,2.0,1.025298431633584e-05,11.48794174194336,5.74397087097168,out out,0.0323725949662958,8.057498693466187,4.028749346733093,1.0,2.0,0.0,11.0,0.0,2.0
3586,"check out dat swole manmore homie, he be intimidating as fawk cuz",out dat swole,out dat swole,is_multiword,0,1,1|2|3,1,4.55949205160141,0,1.0,,,,,,,,,,,,,,,,,,,,,,,,,,,,,,,check <mask> <mask> <mask> <mask> manmore homie he be intimidating as fawk cuz,▁out ▁dat ▁swo le,4.0,3.52178448945282e-13,28.67463839054108,7.168659597635269,out the the the,2.9336731738728517e-05,18.23796820640564,4.55949205160141,1.0,3.0,0.0,11.0,0.0,3.0
3586,"check out dat swole manmore homie, he be intimidating as fawk cuz",out dat swole manmore,out dat swole manmore,is_multiword,0,1,1|2|3|4,1,4.7651418050130205,0,1.0,,,,,,,,,,,,,,,,,,,,,,,,,,,,,,,check <mask> <mask> <mask> <mask> <mask> <mask> homie he be intimidating as fawk cuz,▁out ▁dat ▁swo le ▁man more,6.0,1.2586736494631288e-20,45.82164335250855,7.636940558751424,out the the the s a,3.2867138029828513e-08,28.590850830078125,4.7651418050130205,1.0,4.0,0.0,11.0,0.0,4.0
3586,"check out dat swole manmore homie, he be intimidating as fawk cuz",out dat swole manmore homie,out dat swole manmore homie,is_multiword,0,1,1|2|3|4|5,1,6.557848364114761,0,1.0,,,,,,,,,,,,,,,,,,,,,,,,,,,,,,,check <mask> <mask> <mask> <mask> <mask> <mask> <mask> <mask> he be intimidating as fawk cuz,▁out ▁dat ▁swo le ▁man more ▁hom ie,8.0,2.4542831146869878e-32,72.78488826751709,9.098111033439636,"out the the you , , ' will",1.4935629130312547e-09,52.46278691291809,6.557848364114761,1.0,5.0,0.0,11.0,0.0,5.0
3586,"check out dat swole manmore homie, he be intimidating as fawk cuz",dat swole,dat swole,is_multiword,0,2,2|3,1,6.976976792017619,0,1.0,,,,,,,,,,,,,,,,,,,,,,,,,,,,,,,check out <mask> <mask> <mask> manmore homie he be intimidating as fawk cuz,▁dat ▁swo le,3.0,2.077077506537353e-13,29.20264434814453,9.734214782714844,this video of,0.0002556467441509,20.930930376052856,6.976976792017619,2.0,3.0,0.0,11.0,0.0,2.0
3586,"check out dat swole manmore homie, he be intimidating as fawk cuz",dat swole manmore,dat swole manmore,is_multiword,0,2,2|3|4,1,6.382106828689575,0,1.0,,,,,,,,,,,,,,,,,,,,,,,,,,,,,,,check out <mask> <mask> <mask> <mask> <mask> homie he be intimidating as fawk cuz,▁dat ▁swo le ▁man more,5.0,5.741114123671517e-21,46.60663366317749,9.321326732635498,the video the the a,4.14538692330674e-07,31.91053414344788,6.382106828689575,2.0,4.0,0.0,11.0,0.0,3.0
3586,"check out dat swole manmore homie, he be intimidating as fawk cuz",dat swole manmore homie,dat swole manmore homie,is_multiword,0,2,2|3|4|5,1,7.904010108539036,0,1.0,,,,,,,,,,,,,,,,,,,,,,,,,,,,,,,check out <mask> <mask> <mask> <mask> <mask> <mask> <mask> he be intimidating as fawk cuz,▁dat ▁swo le ▁man more ▁hom ie,7.0,8.096354294393455e-33,73.89389419555664,10.556270599365234,"the video of , , how will",8.648988703017863e-09,55.32807075977325,7.904010108539036,2.0,5.0,0.0,11.0,0.0,4.0
3586,"check out dat swole manmore homie, he be intimidating as fawk cuz",swole manmore,swole manmore,is_multiword,0,3,3|4,1,5.119165539741516,0,1.0,,,,,,,,,,,,,,,,,,,,,,,,,,,,,,,check out dat <mask> <mask> <mask> <mask> homie he be intimidating as fawk cuz,▁swo le ▁man more,4.0,3.746434520483975e-15,33.21797180175781,8.304492950439453,s the the the,2.9276525228669555e-06,20.476662158966064,5.119165539741516,3.0,4.0,0.0,11.0,0.0,2.0
3586,"check out dat swole manmore homie, he be intimidating as fawk cuz",swole manmore homie,swole manmore homie,is_multiword,0,3,3|4|5,1,6.980110287666321,0,1.0,,,,,,,,,,,,,,,,,,,,,,,,,,,,,,,check out dat <mask> <mask> <mask> <mask> <mask> <mask> he be intimidating as fawk cuz,▁swo le ▁man more ▁hom ie,6.0,1.3114770867705882e-26,59.59605836868286,9.932676394780476,"he he you , how can",2.0244217440142565e-08,41.880661725997925,6.980110287666321,3.0,5.0,0.0,11.0,0.0,3.0
3586,"check out dat swole manmore homie, he be intimidating as fawk cuz",manmore homie,manmore homie,is_multiword,0,4,4|5,1,5.718496918678284,0,1.0,,,,,,,,,,,,,,,,,,,,,,,,,,,,,,,check out dat swole <mask> <mask> <mask> <mask> he be intimidating as fawk cuz,▁man more ▁hom ie,4.0,1.472058107558621e-16,36.454699993133545,9.113674998283386,is s how can,1.264653585906509e-06,22.87398767471313,5.718496918678284,4.0,5.0,0.0,11.0,0.0,2.0
3586,"check out dat swole manmore homie, he be intimidating as fawk cuz",as fawk,as fawk,is_multiword,0,9,9|10,1,2.877267301082611,0,1.0,,,,,,,,,,,,,,,,,,,,,,,,,,,,,,,check out dat swole manmore homie he be intimidating <mask> <mask> <mask> <mask> cuz,▁as ▁fa w k,4.0,2.1443879901806585e-12,26.86816692352295,6.717041730880737,and the sex the,2.1361345950269798e-07,11.509069204330444,2.877267301082611,9.0,10.0,0.0,11.0,0.0,2.0
3586,"check out dat swole manmore homie, he be intimidating as fawk cuz",as fawk cuz,as fawk cuz,is_multiword,0,9,9|10|11,1,4.649309396743774,0,1.0,,,,,,,,,,,,,,,,,,,,,,,,,,,,,,,check out dat swole manmore homie he be intimidating <mask> <mask> <mask> <mask> <mask> <mask>,▁as ▁fa w k ▁cu z,6.0,1.1379494929323523e-20,45.9224739074707,7.653745651245117,and the sex sex sex .,1.4829942960793352e-08,27.895856380462646,4.649309396743774,9.0,11.0,0.0,11.0,0.0,3.0
3586,"check out dat swole manmore homie, he be intimidating as fawk cuz",fawk cuz,fawk cuz,is_multiword,0,10,10|11,1,5.84489872455597,0,1.0,,,,,,,,,,,,,,,,,,,,,,,,,,,,,,,check out dat swole manmore homie he be intimidating as <mask> <mask> <mask> <mask> <mask>,▁fa w k ▁cu z,5.0,4.0807444426574994e-19,42.3428373336792,8.46856746673584,well as the . .,2.008055512400083e-06,29.22449362277985,5.84489872455597,10.0,11.0,0.0,11.0,0.0,2.0
3587,me and my bro slept with that chick hannah haha now were insestamos,were insestamos,were insestamos,is_multiword,0,11,11|12,1,4.810442352294922,0,1.0,,,,,,,,,,,,,,,,,,,,,,,,,,,,,,,me and my bro slept with that chick hannah haha now <mask> <mask> <mask> <mask> <mask>,▁were ▁in s est amos,5.0,7.923894153210132e-18,39.376648902893066,7.875329780578613,we is a it haha,2.2114723369919329e-07,24.05221176147461,4.810442352294922,11.0,12.0,0.0,12.0,0.0,2.0
3600,"damn, that fatty should not be wearing boots, she's got boot fat all over the place",she's got,she's got,is_multiword,0,8,8|9,1,2.253870964050293,0,1.0,,,,,,,,,,,,,,,,,,,,,,,,,,,,,,,damn that fatty should not be wearing boots <mask> <mask> <mask> <mask> boot fat all over the place,▁she ' s ▁got,4.0,6.7635448224244965e-09,18.811718702316284,4.702929675579071,", they is wearing",5.566077678254416e-05,9.015483856201172,2.253870964050293,8.0,9.0,0.0,15.0,0.0,2.0
3602,"i say, i certainly do love this broccoli salad but i fear i shall catch the vapors",shall catch,shall catch,is_multiword,0,13,13|14,1,2.714321166276932,0,1.0,,,,,,,,,,,,,,,,,,,,,,,,,,,,,,,i say i certainly do love this broccoli salad but i fear i <mask> <mask> the vapors,▁shall ▁catch,2.0,0.0001329364780438,8.925639152526855,4.462819576263428,will smell,0.0302882079139671,5.428642332553864,2.714321166276932,13.0,14.0,0.0,16.0,0.0,2.0
3602,"i say, i certainly do love this broccoli salad but i fear i shall catch the vapors",shall catch the,shall catch the,is_multiword,0,13,13|14|15,1,2.340806325276693,0,1.0,,,,,,,,,,,,,,,,,,,,,,,,,,,,,,,i say i certainly do love this broccoli salad but i fear i <mask> <mask> <mask> vapors,▁shall ▁catch ▁the,3.0,3.4219043986436263e-06,12.585313320159912,4.195104440053304,will have the,0.0038376528189661,7.022418975830078,2.340806325276693,13.0,15.0,0.0,16.0,0.0,3.0
3602,"i say, i certainly do love this broccoli salad but i fear i shall catch the vapors",shall catch the vapors,shall catch the vapors,is_multiword,0,13,13|14|15|16,1,5.109425973892212,0,1.0,,,,,,,,,,,,,,,,,,,,,,,,,,,,,,,i say i certainly do love this broccoli salad but i fear i <mask> <mask> <mask> <mask> <mask>,▁shall ▁catch ▁the ▁vapor s,5.0,1.78640533099641e-16,36.26115608215332,7.252231216430664,will i it it .,2.223092517173948e-05,25.54712986946106,5.109425973892212,13.0,16.0,0.0,16.0,0.0,4.0
3602,"i say, i certainly do love this broccoli salad but i fear i shall catch the vapors",catch the,catch the,is_multiword,0,14,14|15,1,1.2631341218948364,0,1.0,,,,,,,,,,,,,,,,,,,,,,,,,,,,,,,i say i certainly do love this broccoli salad but i fear i shall <mask> <mask> vapors,▁catch ▁the,2.0,0.0018647664705887,6.284619450569153,3.1423097252845764,have the,0.0233221621142229,2.526268243789673,1.2631341218948364,14.0,15.0,0.0,16.0,0.0,2.0
3602,"i say, i certainly do love this broccoli salad but i fear i shall catch the vapors",catch the vapors,catch the vapors,is_multiword,1,14,14|15|16,1,5.525092214345932,0,1.0,,,,,,,,,,,,,,,,,,,,,,,,,,,,,,,i say i certainly do love this broccoli salad but i fear i shall <mask> <mask> <mask> <mask>,▁catch ▁the ▁vapor s,4.0,1.0489789803139069e-13,29.885788917541504,7.471447229385376,not it it .,0.0004157526523826,22.100368857383728,5.525092214345932,14.0,16.0,0.0,16.0,0.0,3.0
3602,"i say, i certainly do love this broccoli salad but i fear i shall catch the vapors",the vapors,the vapors,is_multiword,0,15,15|16,1,5.945379853248596,1,1.0,,,,,,,,,,,,,,,,,,,,,,,,,,,,,,,i say i certainly do love this broccoli salad but i fear i shall catch <mask> <mask> <mask>,▁the ▁vapor s,3.0,1.1672397638218022e-10,22.871209144592285,7.623736381530762,it mistake .,0.0065057453997274,17.83613955974579,5.945379853248596,15.0,16.0,0.0,16.0,0.0,2.0
3604,hey guys meet my best friend futher mucker,futher mucker,futher mucker,is_multiword,1,6,6|7,1,7.926412045955658,0,1.0,,,,,,,,,,,,,,,,,,,,,,,,,,,,,,,hey guys meet my best friend <mask> <mask> <mask> <mask>,▁fu ther ▁mu cker,4.0,3.403430068316083e-19,42.52433300018311,10.631083250045776,in in in .,2.002188132207924e-05,31.705648183822632,7.926412045955658,6.0,7.0,0.0,7.0,0.0,2.0
3606,wait here while i go drop a dingo,drop a,drop a,is_multiword,0,5,5|6,1,4.239502131938934,0,1.0,,,,,,,,,,,,,,,,,,,,,,,,,,,,,,,wait here while i go <mask> <mask> dingo,▁drop ▁a,2.0,1.306220447367737e-06,13.548372745513916,6.774186372756958,i go,0.0062863888575169,8.479004263877869,4.239502131938934,5.0,6.0,0.0,7.0,0.0,2.0
3606,wait here while i go drop a dingo,drop a dingo,drop a dingo,is_multiword,1,5,5|6|7,1,4.356905877590179,0,1.0,,,,,,,,,,,,,,,,,,,,,,,,,,,,,,,wait here while i go <mask> <mask> <mask> <mask>,▁drop ▁a ▁din go,4.0,8.924283795043913e-13,27.74483013153076,6.93620753288269,i i i </s>,3.3059333662623935e-05,17.427623510360718,4.356905877590179,5.0,7.0,0.0,7.0,0.0,3.0
3606,wait here while i go drop a dingo,a dingo,a dingo,is_multiword,0,6,6|7,1,3.7554714679718018,0,1.0,,,,,,,,,,,,,,,,,,,,,,,,,,,,,,,wait here while i go drop <mask> <mask> <mask>,▁a ▁din go,3.0,1.0672267475670389e-08,18.35561728477478,6.118539094924927,off i </s>,0.0008340619474388,11.266414403915403,3.7554714679718018,6.0,7.0,0.0,7.0,0.0,2.0
3613,"grab a 5th of heem, a monster and you off that dirty loko",5 th,5 th,is_multiword,0,2,2|3,1,5.21658194065094,1,1.0,,,,,,,,,,,,,,,,,,,,,,,,,,,,,,,grab a <mask> <mask> <mask> heem a monster and you off that dirty loko,▁5 th ▁of,3.0,2.740427741264881e-10,22.01773691177368,7.339245637257894,little and you,0.0017156022568744,15.64974582195282,5.21658194065094,2.0,3.0,0.0,12.0,0.0,2.0
3617,"although it took me many times, i finally beat through the fire and flames, but there is no doubt i will be suffering from severe guitarthritis",beat through,beat through,is_multiword,0,8,8|9,1,3.366580903530121,0,1.0,,,,,,,,,,,,,,,,,,,,,,,,,,,,,,,although it took me many times i finally <mask> <mask> the fire and flames but there is no doubt i will be suffering from severe guitarthritis,▁beat ▁through,2.0,4.373559439226252e-05,10.03734827041626,5.01867413520813,escape d,0.0367290801378522,6.733161807060242,3.366580903530121,8.0,9.0,0.0,25.0,0.0,2.0
3617,"although it took me many times, i finally beat through the fire and flames, but there is no doubt i will be suffering from severe guitarthritis",there is,there is,is_multiword,0,15,15|16,1,0.2096405029296875,1,1.0,,,,,,,,,,,,,,,,,,,,,,,,,,,,,,,although it took me many times i finally beat through the fire and flames but <mask> <mask> no doubt i will be suffering from severe guitarthritis,▁there ▁is,2.0,0.1292341497642464,2.0461294054985046,1.0230647027492523,i is,0.1965480399100119,0.419281005859375,0.2096405029296875,15.0,16.0,0.0,25.0,0.0,2.0
3617,"although it took me many times, i finally beat through the fire and flames, but there is no doubt i will be suffering from severe guitarthritis",be suffering,be suffering,is_multiword,0,21,21|22,1,0.2616386413574219,1,1.0,,,,,,,,,,,,,,,,,,,,,,,,,,,,,,,although it took me many times i finally beat through the fire and flames but there is no doubt i will <mask> <mask> from severe guitarthritis,▁be ▁suffering,2.0,0.0425834762913058,3.156288981437683,1.5781444907188416,be recover,0.0718617101858721,0.5232772827148438,0.2616386413574219,21.0,22.0,0.0,25.0,0.0,2.0
3620,"i had more than just a shower this morning, i had a blowkin bitch",blowkin bitch,blowkin bitch,is_multiword,0,12,12|13,1,5.3519067466259,0,1.0,,,,,,,,,,,,,,,,,,,,,,,,,,,,,,,i had more than just a shower this morning i had a <mask> <mask> <mask> <mask>,▁blow kin ▁bit ch,4.0,8.57427154143787e-15,32.39001035690308,8.097502589225769,nice shower this .,1.6998535402739097e-05,21.4076269865036,5.3519067466259,12.0,13.0,0.0,13.0,0.0,2.0
3621,barvaz barvaz barvaz,barvaz barvaz,barvaz barvaz,is_multiword,0,0,0|1,1,2.631975531578064,0,1.0,,,,,,,,,,,,,,,,,,,,,,,,,,,,,,,<mask> <mask> <mask> <mask> barvaz,▁barva z ▁barva z,4.0,1.7836134475659643e-10,22.44720959663391,5.611802399158478," : : ,",6.660556819857144e-06,10.527902126312256,2.631975531578064,0.0,1.0,0.0,2.0,0.0,2.0
3621,barvaz barvaz barvaz,barvaz barvaz barvaz,barvaz barvaz barvaz,is_multiword,0,0,0|1|2,1,11.173091967900596,1,1.0,,,,,,,,,,,,,,,,,,,,,,,,,,,,,,,<mask> <mask> <mask> <mask> <mask> <mask>,▁barva z ▁barva z ▁barva z,6.0,2.2435950718258463e-36,82.0849838256836,13.680830637613932,"</s> : ,  . </s>",2.920233657230533e-07,67.03855180740356,11.173091967900596,0.0,2.0,0.0,2.0,0.0,3.0
3622,jill managed to get teabagged but managed to escape shes an assmacgyver,shes an,shes an,is_multiword,0,9,9|10,1,5.141700466473897,0,1.0,,,,,,,,,,,,,,,,,,,,,,,,,,,,,,,jill managed to get teabagged but managed to escape <mask> <mask> <mask> assmacgyver,▁she s ▁an,3.0,9.631262603431599e-10,20.760836601257324,6.920278867085774,from from my,0.0048163678078225,15.425101399421692,5.141700466473897,9.0,10.0,0.0,11.0,0.0,2.0
3622,jill managed to get teabagged but managed to escape shes an assmacgyver,shes an assmacgyver,shes an assmacgyver,is_multiword,0,9,9|10|11,1,6.600380028997149,1,1.0,,,,,,,,,,,,,,,,,,,,,,,,,,,,,,,jill managed to get teabagged but managed to escape <mask> <mask> <mask> <mask> <mask> <mask> <mask>,▁she s ▁an ▁ass mac gy ver,7.0,1.3257826764278088e-28,64.19037961959839,9.170054231371198,the the the the the . .,1.541816593389545e-08,46.20266020298004,6.600380028997149,9.0,11.0,0.0,11.0,0.0,3.0
3622,jill managed to get teabagged but managed to escape shes an assmacgyver,an assmacgyver,an assmacgyver,is_multiword,0,10,10|11,1,5.823475432395935,0,1.0,,,,,,,,,,,,,,,,,,,,,,,,,,,,,,,jill managed to get teabagged but managed to escape shes <mask> <mask> <mask> <mask> <mask>,▁an ▁ass mac gy ver,5.0,1.4816628151500705e-19,43.35595178604126,8.671190357208252,s  the . .,6.550366661246963e-07,29.117377161979675,5.823475432395935,10.0,11.0,0.0,11.0,0.0,2.0
3625,"he spelt color with a u in it, what a f0",f 0,f 0,is_multiword,0,10,,1,,0,1.0,,,,,,,,,,,,,,,,,,,,,,,,,,,,,,,,,,,,,,,,,,,,,,
3629,pussylicker in a girls crotch,pussylicker in,pussylicker in,is_multiword,0,0,0|1,1,4.055559307336807,0,1.0,,,,,,,,,,,,,,,,,,,,,,,,,,,,,,,<mask> <mask> <mask> <mask> a girls crotch,▁pussy li cker ▁in,4.0,1.2726500221409842e-12,27.389919757843018,6.847479939460754, sex sex with,1.4123329851905648e-05,16.22223722934723,4.055559307336807,0.0,1.0,0.0,4.0,0.0,2.0
3629,pussylicker in a girls crotch,pussylicker in a,pussylicker in a,is_multiword,0,0,0|1|2,1,4.5185871601104735,0,1.0,,,,,,,,,,,,,,,,,,,,,,,,,,,,,,,<mask> <mask> <mask> <mask> <mask> girls crotch,▁pussy li cker ▁in ▁a,5.0,4.634875433711488e-17,37.61033725738525,7.522067451477051," sex sex sex ,",3.006252222381656e-07,22.592935800552368,4.5185871601104735,0.0,2.0,0.0,4.0,0.0,3.0
3629,pussylicker in a girls crotch,pussylicker in a girls,pussylicker in a girls,is_multiword,0,0,0|1|2|3,1,4.500272870063782,0,1.0,,,,,,,,,,,,,,,,,,,,,,,,,,,,,,,<mask> <mask> <mask> <mask> <mask> <mask> crotch,▁pussy li cker ▁in ▁a ▁girls,6.0,1.9517572024622608e-20,45.38297176361084,7.563828627268474,"    , ,",1.0401305152626224e-08,27.00163722038269,4.500272870063782,0.0,3.0,0.0,4.0,0.0,4.0
3629,pussylicker in a girls crotch,pussylicker in a girls crotch,pussylicker in a girls crotch,is_multiword,0,0,0|1|2|3|4,1,6.451660593350728,1,1.0,,,,,,,,,,,,,,,,,,,,,,,,,,,,,,,<mask> <mask> <mask> <mask> <mask> <mask> <mask> <mask> <mask>,▁pussy li cker ▁in ▁a ▁girls ▁cro t ch,9.0,5.264537758805019e-37,83.53465509414673,9.28162834379408,"</s> : , , </s> , . . </s>",8.68251611735953e-12,58.06494534015656,6.451660593350728,0.0,4.0,0.0,4.0,0.0,5.0
3629,pussylicker in a girls crotch,in a,in a,is_multiword,0,1,1|2,1,3.064638137817383,0,1.0,,,,,,,,,,,,,,,,,,,,,,,,,,,,,,,pussylicker <mask> <mask> girls crotch,▁in ▁a,2.0,2.5027203135654364e-05,10.595547199249268,5.297773599624634,s hot,0.0114900834579981,6.129276275634766,3.064638137817383,1.0,2.0,0.0,4.0,0.0,2.0
3629,pussylicker in a girls crotch,in a girls,in a girls,is_multiword,0,1,1|2|3,1,2.663076957066854,0,1.0,,,,,,,,,,,,,,,,,,,,,,,,,,,,,,,pussylicker <mask> <mask> <mask> crotch,▁in ▁a ▁girls,3.0,1.3284496301451912e-07,15.834083080291748,5.278027693430583,", big big",0.0003917635029294,7.9892308712005615,2.663076957066854,1.0,3.0,0.0,4.0,0.0,3.0
3629,pussylicker in a girls crotch,in a girls crotch,in a girls crotch,is_multiword,0,1,1|2|3|4,1,5.490238507588704,0,1.0,,,,,,,,,,,,,,,,,,,,,,,,,,,,,,,pussylicker <mask> <mask> <mask> <mask> <mask> <mask>,▁in ▁a ▁girls ▁cro t ch,6.0,7.138894192744793e-20,44.0861439704895,7.34769066174825,. . . . . </s>,1.4451491583559802e-05,32.94143104553223,5.490238507588704,1.0,4.0,0.0,4.0,0.0,4.0
3629,pussylicker in a girls crotch,a girls,a girls,is_multiword,0,2,2|3,1,2.8781738877296448,0,1.0,,,,,,,,,,,,,,,,,,,,,,,,,,,,,,,pussylicker in <mask> <mask> crotch,▁a ▁girls,2.0,0.0001423327801376,8.857342720031738,4.428671360015869,the big,0.045004403224184,5.7563477754592896,2.8781738877296448,2.0,3.0,0.0,4.0,0.0,2.0
3629,pussylicker in a girls crotch,a girls crotch,a girls crotch,is_multiword,0,2,2|3|4,1,4.065587282180786,0,1.0,,,,,,,,,,,,,,,,,,,,,,,,,,,,,,,pussylicker in <mask> <mask> <mask> <mask> <mask>,▁a ▁girls ▁cro t ch,5.0,3.920982669345723e-15,33.17243409156799,6.634486818313599,the  s . </s>,2.64061772703378e-06,20.32793641090393,4.065587282180786,2.0,4.0,0.0,4.0,0.0,3.0
3629,pussylicker in a girls crotch,girls crotch,girls crotch,is_multiword,0,3,3|4,1,4.48333939909935,0,1.0,,,,,,,,,,,,,,,,,,,,,,,,,,,,,,,pussylicker in a <mask> <mask> <mask> <mask>,▁girls ▁cro t ch,4.0,6.842655182926159e-14,30.313015460968018,7.578253865242004,big of s </s>,4.203227545528257e-06,17.9333575963974,4.48333939909935,3.0,4.0,0.0,4.0,0.0,2.0
3630,arsenefail arsenal 1-3 man united arsenal 1-2 stoke arsenal 1-2 hull city arsenal 1-4 chelsea,3 man,3 man,is_multiword,0,3,3|4,1,4.162010113398234,0,1.0,,,,,,,,,,,,,,,,,,,,,,,,,,,,,,,arsenefail arsenal 1-3 <mask> <mask> <mask> arsenal 1-2 stoke arsenal 1-2 hull city arsenal 1-4 chelsea,▁man ▁unit ed,3.0,1.3592558851938075e-09,20.41632843017578,6.805442810058594, s ham,0.0003596791801887,12.486030340194702,4.162010113398234,3.0,4.0,0.0,14.0,0.0,2.0
3632,what the dubz who the dubz are you lets play some basketdubz in dubz we trust where the fuck did i put my dubz,fuck did,fuck did,is_multiword,0,18,18|19,1,5.745628513395786,1,1.0,,,,,,,,,,,,,,,,,,,,,,,,,,,,,,,what the dubz who the dubz are you lets play some basketdubz in dubz we trust where the <mask> <mask> i put my dubz,▁fuck ▁did,2.0,2.6625938625310474e-06,12.836209774017334,6.418104887008667,dub z,0.2605520193748456,11.491257026791573,5.745628513395786,18.0,19.0,0.0,23.0,0.0,2.0
3633,"dude, i told you listening to avendge sevenfold would make you a n1ckless",n 1,n 1,is_multiword,0,12,,1,,0,1.0,,,,,,,,,,,,,,,,,,,,,,,,,,,,,,,,,,,,,,,,,,,,,,
3633,"dude, i told you listening to avendge sevenfold would make you a n1ckless",n 1 ckless,n 1 ckless,is_multiword,0,12,,1,,0,1.0,,,,,,,,,,,,,,,,,,,,,,,,,,,,,,,,,,,,,,,,,,,,,,
3633,"dude, i told you listening to avendge sevenfold would make you a n1ckless",1 ckless,1 ckless,is_multiword,0,13,,1,,0,1.0,,,,,,,,,,,,,,,,,,,,,,,,,,,,,,,,,,,,,,,,,,,,,,
3635,"i just finished my food, but man do i gotta drop a coleman",gotta drop,gotta drop,is_multiword,0,9,9|10,1,5.617026090621948,0,1.0,,,,,,,,,,,,,,,,,,,,,,,,,,,,,,,i just finished my food but man do i <mask> <mask> <mask> a coleman,▁gott a ▁drop,3.0,2.6151863038277637e-10,22.064515590667725,7.354838530222575,want to like,0.0054429324023233,16.851078271865845,5.617026090621948,9.0,10.0,0.0,12.0,0.0,2.0
3635,"i just finished my food, but man do i gotta drop a coleman",gotta drop a,gotta drop a,is_multiword,0,9,9|10|11,1,3.919082760810852,0,1.0,,,,,,,,,,,,,,,,,,,,,,,,,,,,,,,i just finished my food but man do i <mask> <mask> <mask> <mask> coleman,▁gott a ▁drop ▁a,4.0,2.510976085272455e-12,26.710349559783936,6.677587389945984,have to i the,1.6143089145901328e-05,15.676331043243408,3.919082760810852,9.0,11.0,0.0,12.0,0.0,3.0
3635,"i just finished my food, but man do i gotta drop a coleman",drop a,drop a,is_multiword,0,10,10|11,1,4.002647399902344,0,1.0,,,,,,,,,,,,,,,,,,,,,,,,,,,,,,,i just finished my food but man do i gotta <mask> <mask> coleman,▁drop ▁a,2.0,1.3688247493999568e-05,11.198972940444946,5.599486470222473,eat the,0.0410207131675167,8.005294799804688,4.002647399902344,10.0,11.0,0.0,12.0,0.0,2.0
3636,tim:go get me a drink tab:why ? tim:because your a fuckin taab,fuckin taab,fuckin taab,is_multiword,0,12,12|13,1,3.518677651882172,0,1.0,,,,,,,,,,,,,,,,,,,,,,,,,,,,,,,tim go get me a drink tab why tim because your a <mask> <mask> <mask> <mask>,▁fuck in ▁ta ab,4.0,2.66213505708716e-12,26.65189266204834,6.662973165512085,w a you </s>,3.4498422433916088e-06,14.074710607528688,3.518677651882172,12.0,13.0,0.0,13.0,0.0,2.0
3637,"""she's got a ""broken heart"" after only three weeks? that's lameouze",she's got,she's got,is_multiword,0,0,0|1,1,2.0992766320705414,1,1.0,,,,,,,,,,,,,,,,,,,,,,,,,,,,,,,<mask> <mask> <mask> <mask> a broken heart after only three weeks that's lameouze,▁she ' s ▁got,4.0,2.4353667526545658e-08,17.530583381652832,4.382645845413208,How to to have,0.0001079894680802,8.397106528282166,2.0992766320705414,0.0,1.0,0.0,10.0,0.0,2.0
3652,i banzor j00 ass punk beeesh,banzor j,banzor j,is_multiword,0,1,1|2,1,9.04871454834938,1,1.0,,,,,,,,,,,,,,,,,,,,,,,,,,,,,,,i <mask> <mask> <mask> <mask> ass punk beeesh,▁ban zor ▁j 00,4.0,6.971736241709256e-21,46.41242265701294,11.603105664253237,love i i big,3.652314226565485e-05,36.19485819339752,9.04871454834938,1.0,2.0,0.0,5.0,0.0,2.0
3652,i banzor j00 ass punk beeesh,banzor j 00,banzor j 00,is_multiword,0,1,1|2|3,1,6.828551006317139,0,1.0,,,,,,,,,,,,,,,,,,,,,,,,,,,,,,,i <mask> <mask> <mask> <mask> <mask> punk beeesh,▁ban zor ▁j 00 ▁ass,5.0,4.531808315194459e-22,49.14575099945069,9.829150199890137,"i i i i ,",3.049872184723958e-07,34.14275503158569,6.828551006317139,1.0,3.0,0.0,5.0,0.0,3.0
3652,i banzor j00 ass punk beeesh,banzor j 00 ass,banzor j 00 ass,is_multiword,0,1,1|2|3|4,1,7.57997206846873,0,1.0,,,,,,,,,,,,,,,,,,,,,,,,,,,,,,,i <mask> <mask> <mask> <mask> <mask> <mask> beeesh,▁ban zor ▁j 00 ▁ass ▁punk,6.0,3.011237870934704e-28,63.37003135681152,10.56167189280192,"i i i i i ,",1.6997510479451304e-08,45.47983241081238,7.57997206846873,1.0,4.0,0.0,5.0,0.0,4.0
3652,i banzor j00 ass punk beeesh,banzor j 00 ass punk,banzor j 00 ass punk,is_multiword,0,1,1|2|3|4|5,1,7.18870731194814,0,1.0,,,,,,,,,,,,,,,,,,,,,,,,,,,,,,,i <mask> <mask> <mask> <mask> <mask> <mask> <mask> <mask> <mask>,▁ban zor ▁j 00 ▁ass ▁punk ▁be e esh,9.0,7.943625308048515e-39,87.72844886779785,9.747605429755318,i . . . . . . . </s>,9.95776812519202e-11,64.69836580753326,7.18870731194814,1.0,5.0,0.0,5.0,0.0,5.0
3652,i banzor j00 ass punk beeesh,banzor j 00 ass punk beeesh,banzor j 00 ass punk beeesh,is_multiword,0,1,,1,,0,1.0,,,,,,,,,,,,,,,,,,,,,,,,,,,,,,,,,,,,,,,,,,,,,,
3652,i banzor j00 ass punk beeesh,j 00,j 00,is_multiword,0,2,2|3,1,6.384323835372925,0,1.0,,,,,,,,,,,,,,,,,,,,,,,,,,,,,,,i banzor <mask> <mask> <mask> punk beeesh,▁j 00 ▁ass,3.0,1.091604339122449e-12,27.543372631073,9.181124210357666,i e i,0.0002270361902095,19.15297150611877,6.384323835372925,2.0,3.0,0.0,5.0,0.0,2.0
3652,i banzor j00 ass punk beeesh,j 00 ass,j 00 ass,is_multiword,0,2,2|3|4,1,7.613697171211243,0,1.0,,,,,,,,,,,,,,,,,,,,,,,,,,,,,,,i banzor <mask> <mask> <mask> <mask> beeesh,▁j 00 ▁ass ▁punk,4.0,2.4096113026577e-19,42.86965131759644,10.717412829399109,i e e i,4.057828284530875e-06,30.45478868484497,7.613697171211243,2.0,4.0,0.0,5.0,0.0,3.0
3652,i banzor j00 ass punk beeesh,j 00 ass punk,j 00 ass punk,is_multiword,0,2,2|3|4|5,1,6.364256637437003,0,1.0,,,,,,,,,,,,,,,,,,,,,,,,,,,,,,,i banzor <mask> <mask> <mask> <mask> <mask> <mask> <mask>,▁j 00 ▁ass ▁punk ▁be e esh,7.0,5.0050238998305886e-29,65.16452550888062,9.309217929840088,_ i i i i . </s>,1.1146459157463735e-09,44.54979646205902,6.364256637437003,2.0,5.0,0.0,5.0,0.0,4.0
3652,i banzor j00 ass punk beeesh,j 00 ass punk beeesh,j 00 ass punk beeesh,is_multiword,0,2,,1,,0,1.0,,,,,,,,,,,,,,,,,,,,,,,,,,,,,,,,,,,,,,,,,,,,,,
3652,i banzor j00 ass punk beeesh,00 ass,00 ass,is_multiword,0,3,3|4,1,7.947244763374329,0,1.0,,,,,,,,,,,,,,,,,,,,,,,,,,,,,,,i banzor j00 <mask> <mask> beeesh,▁ass ▁punk,2.0,1.2187933984656446e-10,22.82798957824707,11.413994789123535,r i,0.0009745837984392,15.894489526748655,7.947244763374329,3.0,4.0,0.0,5.0,0.0,2.0
3652,i banzor j00 ass punk beeesh,00 ass punk,00 ass punk,is_multiword,0,3,3|4|5,1,7.867311620712281,0,1.0,,,,,,,,,,,,,,,,,,,,,,,,,,,,,,,i banzor j00 <mask> <mask> <mask> <mask> <mask>,▁ass ▁punk ▁be e esh,5.0,1.3338105254826213e-23,52.671417236328125,10.534283447265626,d i i . </s>,1.617127496748522e-06,39.3365581035614,7.867311620712281,3.0,5.0,0.0,5.0,0.0,3.0
3652,i banzor j00 ass punk beeesh,00 ass punk beeesh,00 ass punk beeesh,is_multiword,0,3,,1,,0,1.0,,,,,,,,,,,,,,,,,,,,,,,,,,,,,,,,,,,,,,,,,,,,,,
3652,i banzor j00 ass punk beeesh,ass punk,ass punk,is_multiword,0,4,4|5,1,6.6232762932777405,0,1.0,,,,,,,,,,,,,,,,,,,,,,,,,,,,,,,i banzor j00 ass <mask> <mask> <mask> <mask>,▁punk ▁be e esh,4.0,3.922458801034545e-17,37.77722787857056,9.44430696964264,i i . </s>,1.2570940647068544e-05,26.49310517311096,6.6232762932777405,4.0,5.0,0.0,5.0,0.0,2.0
3652,i banzor j00 ass punk beeesh,ass punk beeesh,ass punk beeesh,is_multiword,0,4,,1,,0,1.0,,,,,,,,,,,,,,,,,,,,,,,,,,,,,,,,,,,,,,,,,,,,,,
3652,i banzor j00 ass punk beeesh,punk beeesh,punk beeesh,is_multiword,0,5,,1,,0,1.0,,,,,,,,,,,,,,,,,,,,,,,,,,,,,,,,,,,,,,,,,,,,,,
3654,guy1: did you see anal holocaust play last nite guy2: yea they sucked,guy 1,guy 1,is_multiword,0,0,0|1,1,2.4240302244822183,0,1.0,,,,,,,,,,,,,,,,,,,,,,,,,,,,,,,<mask> <mask> <mask> you see anal holocaust play last nite guy2 yea they sucked,▁guy 1 ▁did,3.0,2.880942918118796e-07,15.059978008270264,5.019992669423421,i : did,0.0004147281407916,7.272090673446655,2.4240302244822183,0.0,1.0,0.0,12.0,0.0,2.0
3654,guy1: did you see anal holocaust play last nite guy2: yea they sucked,nite guy,nite guy,is_multiword,0,9,9|10,1,4.993640035390854,0,1.0,,,,,,,,,,,,,,,,,,,,,,,,,,,,,,,guy1 did you see anal holocaust play last nite <mask> <mask> <mask> <mask> they sucked,▁guy 2 ▁ye a,4.0,9.892941360774813e-14,29.944369792938232,7.486092448234558,? you you what,4.6791469309142526e-05,19.974560141563416,4.993640035390854,9.0,10.0,0.0,12.0,0.0,2.0
3654,guy1: did you see anal holocaust play last nite guy2: yea they sucked,nite guy 2,nite guy 2,is_multiword,0,9,9|10|11,1,4.150403547286987,0,1.0,,,,,,,,,,,,,,,,,,,,,,,,,,,,,,,guy1 did you see anal holocaust play last nite <mask> <mask> <mask> <mask> <mask> sucked,▁guy 2 ▁ye a ▁they,5.0,2.3592562651397137e-16,35.983015060424805,7.196603012084961,? </s> anal anal and,2.428073942882387e-07,20.752017736434937,4.150403547286987,9.0,11.0,0.0,12.0,0.0,3.0
3654,guy1: did you see anal holocaust play last nite guy2: yea they sucked,nite guy 2 yea,nite guy 2 yea,is_multiword,0,9,9|10|11|12,1,5.121513775416783,0,1.0,,,,,,,,,,,,,,,,,,,,,,,,,,,,,,,guy1 did you see anal holocaust play last nite <mask> <mask> <mask> <mask> <mask> <mask> <mask>,▁guy 2 ▁ye a ▁they ▁su cked,7.0,1.5448114570226146e-25,57.12972545623779,8.161389350891113,? the the the the ? ?,5.735769407814851e-10,35.85059642791748,5.121513775416783,9.0,12.0,0.0,12.0,0.0,4.0
3654,guy1: did you see anal holocaust play last nite guy2: yea they sucked,guy 2,guy 2,is_multiword,0,10,10|11,1,6.106321970621745,1,1.0,,,,,,,,,,,,,,,,,,,,,,,,,,,,,,,guy1 did you see anal holocaust play last nite guy2 <mask> <mask> <mask> sucked,▁ye a ▁they,3.0,2.3470877125670926e-11,24.475260734558105,8.158420244852701,anal you anal,0.0021200940614099,18.318965911865234,6.106321970621745,10.0,11.0,0.0,12.0,0.0,2.0
3654,guy1: did you see anal holocaust play last nite guy2: yea they sucked,guy 2 yea,guy 2 yea,is_multiword,0,10,10|11|12,1,5.688909959793091,0,1.0,,,,,,,,,,,,,,,,,,,,,,,,,,,,,,,guy1 did you see anal holocaust play last nite guy2 <mask> <mask> <mask> <mask> <mask>,▁ye a ▁they ▁su cked,5.0,2.5168757655355512e-18,40.52351331710816,8.10470266342163,did you anal last </s>,5.677704648176477e-06,28.44454979896545,5.688909959793091,10.0,12.0,0.0,12.0,0.0,3.0
3654,guy1: did you see anal holocaust play last nite guy2: yea they sucked,2 yea,2 yea,is_multiword,0,11,11|12,1,5.416617075602214,0,1.0,,,,,,,,,,,,,,,,,,,,,,,,,,,,,,,guy1 did you see anal holocaust play last nite guy2 yea <mask> <mask> <mask>,▁they ▁su cked,3.0,1.5662255319182535e-11,24.879767417907715,8.293255805969238,a . </s>,0.0001786796194797,16.24985122680664,5.416617075602214,11.0,12.0,0.0,12.0,0.0,2.0
3659,that bwitch at that counter startling giggling when she would not sell me a pack of smokes because i didn't have anything smaller than a c-note,startling giggling,startling giggling,is_multiword,0,5,5|6,1,6.166819715499878,0,1.0,,,,,,,,,,,,,,,,,,,,,,,,,,,,,,,that bwitch at that counter <mask> <mask> <mask> <mask> <mask> when she would not sell me a pack of smokes because i didn't have anything smaller than a c-note,▁start ling ▁gig g ling,5.0,5.017683044068301e-20,44.43873357772827,8.887746715545655,told i i to me,1.2347586893327925e-06,30.83409857749939,6.166819715499878,5.0,6.0,0.0,25.0,0.0,2.0
3659,that bwitch at that counter startling giggling when she would not sell me a pack of smokes because i didn't have anything smaller than a c-note,would not,would not,is_multiword,0,9,9|10,1,5.768707364797592,1,1.0,,,,,,,,,,,,,,,,,,,,,,,,,,,,,,,that bwitch at that counter startling giggling when she <mask> <mask> sell me a pack of smokes because i didn't have anything smaller than a c-note,▁would ▁not,2.0,2.2812510657692477e-06,12.9907865524292,6.4953932762146,tried to,0.2337806905797754,11.537414729595184,5.768707364797592,9.0,10.0,0.0,25.0,0.0,2.0
3660,guy 1: dirty spam sand-which golf? whoever gets the most in out of ten wins,whoever gets,whoever gets,is_multiword,0,6,6|7,1,4.698473731676738,1,1.0,,,,,,,,,,,,,,,,,,,,,,,,,,,,,,,guy 1 dirty spam sand-which golf <mask> <mask> <mask> the most in out of ten wins,▁who ever ▁gets,3.0,4.584843858797137e-09,19.200509786605835,6.400169928868611,er s s,0.0060658015124454,14.095421195030212,4.698473731676738,6.0,7.0,0.0,14.0,0.0,2.0
3661,an author cam limn out a character in a story,cam limn,cam limn,is_multiword,0,2,2|3,1,9.72226577003797,0,1.0,,,,,,,,,,,,,,,,,,,,,,,,,,,,,,,an author <mask> <mask> <mask> out a character in a story,▁cam ▁lim n,3.0,7.946840334416652e-15,32.466001987457275,10.822000662485758,who to s,0.0369125130880204,29.166797310113907,9.72226577003797,2.0,3.0,0.0,9.0,0.0,2.0
3661,an author cam limn out a character in a story,cam limn out,cam limn out,is_multiword,0,2,2|3|4,1,8.909852415323257,0,1.0,,,,,,,,,,,,,,,,,,,,,,,,,,,,,,,an author <mask> <mask> <mask> <mask> a character in a story,▁cam ▁lim n ▁out,4.0,1.3565825890634422e-18,41.141562938690186,10.285390734672546,in a story of,0.0040779809534711,35.63940966129303,8.909852415323257,2.0,4.0,0.0,9.0,0.0,3.0
3661,an author cam limn out a character in a story,limn out,limn out,is_multiword,0,3,3|4,1,6.1079100370407104,0,1.0,,,,,,,,,,,,,,,,,,,,,,,,,,,,,,,an author cam <mask> <mask> <mask> a character in a story,▁lim n ▁out,3.0,4.049427038239228e-12,26.23244571685791,8.74414857228597,s s of,0.0003675263262819,18.32373011112213,6.1079100370407104,3.0,4.0,0.0,9.0,0.0,2.0
3663,yo dawg where my dollo at?,yo dawg,yo dawg,is_multiword,0,0,0|1,1,6.633413712183635,0,1.0,,,,,,,,,,,,,,,,,,,,,,,,,,,,,,,<mask> <mask> <mask> where my dollo at,▁yo ▁daw g,3.0,1.96564407851776e-12,26.955201148986816,8.985067049662272,"I , ,",0.0008631172503502,19.900241136550903,6.633413712183635,0.0,1.0,0.0,5.0,0.0,2.0
3663,yo dawg where my dollo at?,dollo at,dollo at,is_multiword,0,4,4|5,1,5.406057198842366,0,1.0,,,,,,,,,,,,,,,,,,,,,,,,,,,,,,,yo dawg where my <mask> <mask> <mask>,▁do llo ▁at,3.0,9.937782393549768e-12,25.33467721939087,8.444892406463623,  </s>,0.0001098378222942,16.2181715965271,5.406057198842366,4.0,5.0,0.0,5.0,0.0,2.0
3665,you get biscuit arsed every weekend,biscuit arsed,biscuit arsed,is_multiword,1,2,2|3,1,6.907344388961792,0,1.0,,,,,,,,,,,,,,,,,,,,,,,,,,,,,,,you get <mask> <mask> <mask> <mask> <mask> every weekend,▁bis cu it ▁ar sed,5.0,8.251949969494465e-23,50.84900760650635,10.16980152130127,the best  free s,8.235014152892119e-08,34.53672194480896,6.907344388961792,2.0,3.0,0.0,5.0,0.0,2.0
3668,"dave: oh man, did you see michelle last night? she was chunderstruck after that triple jager",triple jager,triple jager,is_multiword,0,14,14|15,1,6.227788329124451,0,1.0,,,,,,,,,,,,,,,,,,,,,,,,,,,,,,,dave oh man did you see michelle last night she was chunderstruck after that <mask> <mask> <mask>,▁triple ▁jag er,3.0,4.000706169086057e-12,26.244550228118896,8.748183409372965,was . </s>,0.0005202582470397,18.683364987373352,6.227788329124451,14.0,15.0,0.0,15.0,0.0,2.0
3672,gosh gabby you beatuful,gosh gabby,gosh gabby,is_multiword,0,0,0|1,1,7.091942250728607,0,1.0,,,,,,,,,,,,,,,,,,,,,,,,,,,,,,,<mask> <mask> <mask> <mask> you beatuful,▁go sh ▁gab by,4.0,3.3477838327074185e-18,40.23823308944702,10.059558272361755,"I you to ,",6.993956866669744e-06,28.36776900291443,7.091942250728607,0.0,1.0,0.0,3.0,0.0,2.0
3676,"""they cheer les dennis as it comes towards ""quick there is a fire call les dennis""""",cheer les,cheer les,is_multiword,0,1,1|2,1,4.876108825206757,0,1.0,,,,,,,,,,,,,,,,,,,,,,,,,,,,,,,they <mask> <mask> <mask> dennis as it comes towards quick there is a fire call les dennis,▁che er ▁les,3.0,4.78568655215437e-08,16.85505124926567,5.61835041642189,call call les,0.1078811874487296,14.62832647562027,4.876108825206757,1.0,2.0,0.0,15.0,0.0,2.0
3676,"""they cheer les dennis as it comes towards ""quick there is a fire call les dennis""""",it comes,it comes,is_multiword,0,5,5|6,1,3.439647525548935,1,1.0,,,,,,,,,,,,,,,,,,,,,,,,,,,,,,,they cheer les dennis as <mask> <mask> towards quick there is a fire call les dennis,▁it ▁comes,2.0,9.551618416861452e-05,9.25621485710144,4.62810742855072,they walk,0.0928360907358822,6.87929505109787,3.439647525548935,5.0,6.0,0.0,15.0,0.0,2.0
3676,"""they cheer les dennis as it comes towards ""quick there is a fire call les dennis""""",it comes towards,it comes towards,is_multiword,0,5,5|6|7,1,6.057093381881714,0,1.0,,,,,,,,,,,,,,,,,,,,,,,,,,,,,,,they cheer les dennis as <mask> <mask> <mask> quick there is a fire call les dennis,▁it ▁comes ▁towards,3.0,1.4021307777062926e-10,22.68785786628723,7.56261928876241,they they so,0.010926352788388,18.17128014564514,6.057093381881714,5.0,7.0,0.0,15.0,0.0,3.0
3676,"""they cheer les dennis as it comes towards ""quick there is a fire call les dennis""""",comes towards,comes towards,is_multiword,0,6,6|7,1,8.171201586723328,0,1.0,,,,,,,,,,,,,,,,,,,,,,,,,,,,,,,they cheer les dennis as it <mask> <mask> quick there is a fire call les dennis,▁comes ▁towards,2.0,1.6484378515509352e-08,17.920852661132812,8.960426330566406,is so,0.2062947128501849,16.342403173446655,8.171201586723328,6.0,7.0,0.0,15.0,0.0,2.0
3679,"""i had black doubt about whether or not i actually danced on the bar last night",or not,or not,is_multiword,0,6,6|7,1,0.0,0,1.0,,,,,,,,,,,,,,,,,,,,,,,,,,,,,,,i had black doubt about whether <mask> <mask> i actually danced on the bar last night,▁or ▁not,2.0,0.796946374943135,0.2269678860902786,0.1134839430451393,or not,0.796946374943135,0.0,0.0,6.0,7.0,0.0,15.0,0.0,2.0
3681,"man #1: how's it goin with your, bro? man #2: man, everything is everything",it goin,it goin,is_multiword,0,3,3|4,1,2.474160472551981,0,1.0,,,,,,,,,,,,,,,,,,,,,,,,,,,,,,,man 1 how's <mask> <mask> <mask> with your bro man 2 man everything is everything,▁it ▁go in,3.0,1.452753724639091e-06,13.44204968214035,4.4806832273801165,it to ing,0.0024307187961523,7.422481417655945,2.474160472551981,3.0,4.0,0.0,13.0,0.0,2.0
3682,"""extract from the hit film ""training day"" getting your shit pushed in",shit pushed,shit pushed,is_multiword,0,9,9|10,1,4.014134883880615,0,1.0,,,,,,,,,,,,,,,,,,,,,,,,,,,,,,,extract from the hit film training day getting your <mask> <mask> <mask> in,▁shit ▁push ed,3.0,1.8552107699644326e-09,20.10526752471924,6.701755841573079,hair to ed,0.0003150236403963,12.042404651641846,4.014134883880615,9.0,10.0,0.0,11.0,0.0,2.0
3682,"""extract from the hit film ""training day"" getting your shit pushed in",shit pushed in,shit pushed in,is_multiword,0,9,9|10|11,1,4.7882126569747925,0,1.0,,,,,,,,,,,,,,,,,,,,,,,,,,,,,,,extract from the hit film training day getting your <mask> <mask> <mask> <mask>,▁shit ▁push ed ▁in,4.0,1.857915056879736e-13,29.314151287078857,7.328537821769714,hair in . </s>,3.863698192584528e-05,19.15285062789917,4.7882126569747925,9.0,11.0,0.0,11.0,0.0,3.0
3682,"""extract from the hit film ""training day"" getting your shit pushed in",pushed in,pushed in,is_multiword,0,10,10|11,1,5.984911680221558,1,1.0,,,,,,,,,,,,,,,,,,,,,,,,,,,,,,,extract from the hit film training day getting your shit <mask> <mask> <mask>,▁push ed ▁in,3.0,5.163829515447889e-11,23.68675756454468,7.895585854848226,out the </s>,0.0032405165791419,17.954735040664673,5.984911680221558,10.0,11.0,0.0,11.0,0.0,2.0
3683,that fat girl must be over 400 pounds---get a look at that flank steak,get a,get a,is_multiword,0,8,8|9,1,0.0,0,1.0,,,,,,,,,,,,,,,,,,,,,,,,,,,,,,,that fat girl must be over 400 pounds---get <mask> <mask> at that flank steak,▁a ▁look,2.0,0.02776620905595,3.583935499191284,1.791967749595642,a look,0.02776620905595,0.0,0.0,8.0,9.0,0.0,13.0,0.0,2.0
3685,"""person 1: dude, are you excited? person 2: hell yeah, i'm hyped",hell yeah,hell yeah,is_multiword,0,8,8|9,1,4.436103790998459,1,1.0,,,,,,,,,,,,,,,,,,,,,,,,,,,,,,,person 1 dude are you excited person 2 <mask> <mask> i'm hyped,▁hell ▁yeah,2.0,3.3005016460040945e-05,10.318850994110107,5.159425497055054,du de,0.2353589667755913,8.872207581996918,4.436103790998459,8.0,9.0,0.0,11.0,0.0,2.0
3687,how did it go last night? bro totally went chowabunga,it go,it go,is_multiword,0,2,2|3,1,1.6656056642532349,0,1.0,,,,,,,,,,,,,,,,,,,,,,,,,,,,,,,how did <mask> <mask> last night bro totally went chowabunga,▁it ▁go,2.0,0.0018028233112161,6.318401336669922,3.159200668334961,you feel,0.0504289427325194,3.3312113285064697,1.6656056642532349,2.0,3.0,0.0,9.0,0.0,2.0
3687,how did it go last night? bro totally went chowabunga,bro totally,bro totally,is_multiword,0,6,6|7,1,5.819944620132446,0,1.0,,,,,,,,,,,,,,,,,,,,,,,,,,,,,,,how did it go last night <mask> <mask> went chowabunga,▁bro ▁totally,2.0,1.073710104487913e-07,16.04697561264038,8.02348780632019,when i,0.0121906456374505,11.639889240264893,5.819944620132446,6.0,7.0,0.0,9.0,0.0,2.0
3688,"""omg it's teh cillian",teh cillian,teh cillian,is_multiword,0,2,2|3,1,8.455496350924173,0,1.0,,,,,,,,,,,,,,,,,,,,,,,,,,,,,,,omg it's <mask> <mask> <mask>,▁teh ▁c illian,3.0,4.9100062383951526e-15,32.94750118255615,10.982500394185385,a good .,0.0005100447302172,25.36648905277252,8.455496350924173,2.0,3.0,0.0,3.0,0.0,2.0
3689,thats a fine fine cockdapuss you have there,fine fine,fine fine,is_multiword,0,2,2|3,1,7.743358507752418,1,1.0,,,,,,,,,,,,,,,,,,,,,,,,,,,,,,,thats a <mask> <mask> cockdapuss you have there,▁fine ▁fine,2.0,6.783390783686366e-08,16.506203651428223,8.253101825714111,lot of,0.3607801041857817,15.486717015504835,7.743358507752418,2.0,3.0,0.0,7.0,0.0,2.0
3689,thats a fine fine cockdapuss you have there,fine fine cockdapuss,fine fine cockdapuss,is_multiword,0,2,2|3|4,1,5.724917848904927,0,1.0,,,,,,,,,,,,,,,,,,,,,,,,,,,,,,,thats a <mask> <mask> <mask> <mask> <mask> <mask> you have there,▁fine ▁fine ▁cock da pus s,6.0,1.5580796524473445e-21,47.91083288192749,7.985138813654582,good of of the the that,1.289410025861472e-06,34.349507093429565,5.724917848904927,2.0,4.0,0.0,7.0,0.0,3.0
3689,thats a fine fine cockdapuss you have there,fine fine cockdapuss you,fine fine cockdapuss you,is_multiword,0,2,2|3|4|5,1,4.953219158308847,0,1.0,,,,,,,,,,,,,,,,,,,,,,,,,,,,,,,thats a <mask> <mask> <mask> <mask> <mask> <mask> <mask> have there,▁fine ▁fine ▁cock da pus s ▁you,7.0,1.6044628520857074e-23,52.4866681098938,7.498095444270542,good of the the that you I,1.8340868756778916e-08,34.672534108161926,4.953219158308847,2.0,5.0,0.0,7.0,0.0,4.0
3689,thats a fine fine cockdapuss you have there,fine fine cockdapuss you have,fine fine cockdapuss you have,is_multiword,0,2,2|3|4|5|6,1,4.369215041399002,0,1.0,,,,,,,,,,,,,,,,,,,,,,,,,,,,,,,thats a <mask> <mask> <mask> <mask> <mask> <mask> <mask> <mask> there,▁fine ▁fine ▁cock da pus s ▁you ▁have,8.0,7.970704513857258e-26,57.79143953323364,7.223929941654205,"good of , , ' ' s out",1.2069924994639128e-10,34.95372033119202,4.369215041399002,2.0,6.0,0.0,7.0,0.0,5.0
3689,thats a fine fine cockdapuss you have there,fine fine cockdapuss you have there,fine fine cockdapuss you have there,is_multiword,0,2,2|3|4|5|6|7,1,4.527965784072876,0,1.0,,,,,,,,,,,,,,,,,,,,,,,,,,,,,,,thats a <mask> <mask> <mask> <mask> <mask> <mask> <mask> <mask> <mask>,▁fine ▁fine ▁cock da pus s ▁you ▁have ▁there,9.0,2.236745235255583e-29,65.96994590759277,7.329993989732531,good of to the the the the . .,1.1164814435887404e-11,40.75169205665589,4.527965784072876,2.0,7.0,0.0,7.0,0.0,6.0
3689,thats a fine fine cockdapuss you have there,fine cockdapuss,fine cockdapuss,is_multiword,0,3,3|4,1,6.754016733169555,0,1.0,,,,,,,,,,,,,,,,,,,,,,,,,,,,,,,thats a fine <mask> <mask> <mask> <mask> <mask> you have there,▁fine ▁cock da pus s,5.0,5.880582806234674e-20,44.28004598617554,8.856009197235107,"place , the the what",2.726348436056089e-05,33.77008366584778,6.754016733169555,3.0,4.0,0.0,7.0,0.0,2.0
3689,thats a fine fine cockdapuss you have there,fine cockdapuss you,fine cockdapuss you,is_multiword,0,3,3|4|5,1,5.451864739259084,0,1.0,,,,,,,,,,,,,,,,,,,,,,,,,,,,,,,thats a fine <mask> <mask> <mask> <mask> <mask> <mask> have there,▁fine ▁cock da pus s ▁you,6.0,3.0509930119067938e-21,47.23881983757019,7.873136639595032,"place , , , you I",4.906026017108671e-07,32.711188435554504,5.451864739259084,3.0,5.0,0.0,7.0,0.0,3.0
3689,thats a fine fine cockdapuss you have there,fine cockdapuss you have,fine cockdapuss you have,is_multiword,0,3,3|4|5|6,1,5.136559537478855,0,1.0,,,,,,,,,,,,,,,,,,,,,,,,,,,,,,,thats a fine <mask> <mask> <mask> <mask> <mask> <mask> <mask> there,▁fine ▁cock da pus s ▁you ▁have,7.0,2.410367072785509e-24,54.38226318359375,7.768894740513393,"place , , you a s out",9.943503423917856e-09,35.95591676235199,5.136559537478855,3.0,6.0,0.0,7.0,0.0,4.0
3689,thats a fine fine cockdapuss you have there,fine cockdapuss you have there,fine cockdapuss you have there,is_multiword,0,3,3|4|5|6|7,1,4.93113286793232,0,1.0,,,,,,,,,,,,,,,,,,,,,,,,,,,,,,,thats a fine <mask> <mask> <mask> <mask> <mask> <mask> <mask> <mask>,▁fine ▁cock da pus s ▁you ▁have ▁there,8.0,5.468692460533772e-27,60.47075796127319,7.558844745159149,"thing , , you a the . .",7.41982826569067e-10,39.44906294345856,4.93113286793232,3.0,7.0,0.0,7.0,0.0,5.0
3689,thats a fine fine cockdapuss you have there,cockdapuss you,cockdapuss you,is_multiword,0,4,4|5,1,4.6060034990310665,0,1.0,,,,,,,,,,,,,,,,,,,,,,,,,,,,,,,thats a fine fine <mask> <mask> <mask> <mask> <mask> have there,▁cock da pus s ▁you,5.0,2.545472073891662e-16,35.90704536437988,7.181409072875977,", , , you I",2.5561000750447296e-06,23.03001749515533,4.6060034990310665,4.0,5.0,0.0,7.0,0.0,2.0
3689,thats a fine fine cockdapuss you have there,cockdapuss you have,cockdapuss you have,is_multiword,0,4,4|5|6,1,3.994956930478414,0,1.0,,,,,,,,,,,,,,,,,,,,,,,,,,,,,,,thats a fine fine <mask> <mask> <mask> <mask> <mask> <mask> there,▁cock da pus s ▁you ▁have,6.0,8.498412101078753e-19,41.60923743247986,6.93487290541331,"fine , , a s in",2.184058611615825e-08,23.969741582870483,3.994956930478414,4.0,6.0,0.0,7.0,0.0,3.0
3689,thats a fine fine cockdapuss you have there,cockdapuss you have there,cockdapuss you have there,is_multiword,0,4,4|5|6|7,1,4.21035441330501,0,1.0,,,,,,,,,,,,,,,,,,,,,,,,,,,,,,,thats a fine fine <mask> <mask> <mask> <mask> <mask> <mask> <mask>,▁cock da pus s ▁you ▁have ▁there,7.0,2.4684689050542973e-22,49.75327396392822,7.1076105662754605,"thing , , the the . .",1.5565514513528003e-09,29.47248089313507,4.21035441330501,4.0,7.0,0.0,7.0,0.0,4.0
3689,thats a fine fine cockdapuss you have there,you have,you have,is_multiword,0,5,5|6,1,1.1085548400878906,1,1.0,,,,,,,,,,,,,,,,,,,,,,,,,,,,,,,thats a fine fine cockdapuss <mask> <mask> there,▁you ▁have,2.0,0.0012133067748874,6.71440577507019,3.357202887535095,you in,0.0111390748568341,2.217109680175781,1.1085548400878906,5.0,6.0,0.0,7.0,0.0,2.0
3689,thats a fine fine cockdapuss you have there,you have there,you have there,is_multiword,0,5,5|6|7,1,3.207744518915812,0,1.0,,,,,,,,,,,,,,,,,,,,,,,,,,,,,,,thats a fine fine cockdapuss <mask> <mask> <mask>,▁you ▁have ▁there,3.0,3.6841916652123916e-08,17.116629600524902,5.705543200174968,in . .,0.0005567490023323,9.623233556747437,3.207744518915812,5.0,7.0,0.0,7.0,0.0,3.0
3689,thats a fine fine cockdapuss you have there,have there,have there,is_multiword,0,6,6|7,1,2.401786744594574,0,1.0,,,,,,,,,,,,,,,,,,,,,,,,,,,,,,,thats a fine fine cockdapuss you <mask> <mask>,▁have ▁there,2.0,0.0002983471469837,8.117252826690674,4.058626413345337,can .,0.0363820652926724,4.803573489189148,2.401786744594574,6.0,7.0,0.0,7.0,0.0,2.0
3692,ay homie you got bitches on deck ? naw bro these bitches be acting up,ay homie,ay homie,is_multiword,0,0,0|1,1,6.243816216786702,0,1.0,,,,,,,,,,,,,,,,,,,,,,,,,,,,,,,<mask> <mask> <mask> you got bitches on deck naw bro these bitches be acting up,▁ay ▁hom ie,3.0,9.192181930732125e-13,27.71525287628174,9.238417625427246,</s> you have,0.0001254247945129,18.731448650360107,6.243816216786702,0.0,1.0,0.0,13.0,0.0,2.0
3692,ay homie you got bitches on deck ? naw bro these bitches be acting up,got bitches,got bitches,is_multiword,0,3,3|4,1,3.807051499684652,0,1.0,,,,,,,,,,,,,,,,,,,,,,,,,,,,,,,ay homie you <mask> <mask> <mask> on deck naw bro these bitches be acting up,▁got ▁bit ches,3.0,5.409401377323844e-09,19.03512740135193,6.34504246711731,are to be,0.0004935073022712,11.421154499053957,3.807051499684652,3.0,4.0,0.0,13.0,0.0,2.0
3692,ay homie you got bitches on deck ? naw bro these bitches be acting up,deck naw,deck naw,is_multiword,0,6,6|7,1,4.258405774831772,0,1.0,,,,,,,,,,,,,,,,,,,,,,,,,,,,,,,ay homie you got bitches on <mask> <mask> <mask> <mask> bro these bitches be acting up,▁de ck ▁na w,4.0,1.148875396741992e-12,27.49223756790161,6.873059391975403,the  you you,2.8699970342129138e-05,17.033623099327087,4.258405774831772,6.0,7.0,0.0,13.0,0.0,2.0
3692,ay homie you got bitches on deck ? naw bro these bitches be acting up,deck naw bro,deck naw bro,is_multiword,0,6,6|7|8,1,5.339939999580383,0,1.0,,,,,,,,,,,,,,,,,,,,,,,,,,,,,,,ay homie you got bitches on <mask> <mask> <mask> <mask> <mask> these bitches be acting up,▁de ck ▁na w ▁bro,5.0,6.476570610485367e-18,39.57834053039551,7.915668106079101,the  you you let,2.5519812683584767e-06,26.69969999790192,5.339939999580383,6.0,8.0,0.0,13.0,0.0,3.0
3692,ay homie you got bitches on deck ? naw bro these bitches be acting up,naw bro,naw bro,is_multiword,0,7,7|8,1,6.032231489817302,0,1.0,,,,,,,,,,,,,,,,,,,,,,,,,,,,,,,ay homie you got bitches on deck <mask> <mask> <mask> these bitches be acting up,▁na w ▁bro,3.0,1.5090604333858573e-11,24.916948795318604,8.305649598439535,you you will,0.0010914433047139,18.096694469451904,6.032231489817302,7.0,8.0,0.0,13.0,0.0,2.0
3692,ay homie you got bitches on deck ? naw bro these bitches be acting up,bitches be,bitches be,is_multiword,0,10,10|11,1,1.8524385690689087,0,1.0,,,,,,,,,,,,,,,,,,,,,,,,,,,,,,,ay homie you got bitches on deck naw bro these <mask> <mask> <mask> acting up,▁bit ches ▁be,3.0,3.782832216632297e-06,12.485037565231323,4.161679188410441,guys are are,0.0009802314330324,5.557315707206726,1.8524385690689087,10.0,11.0,0.0,13.0,0.0,2.0
3696,guy 1: look at that loser in the passenger seat messing with his ankle bracelet guy 2: he's such a brockmofo,ankle bracelet,ankle bracelet,is_multiword,0,13,13|14,1,9.251634001731873,0,1.0,,,,,,,,,,,,,,,,,,,,,,,,,,,,,,,guy 1 look at that loser in the passenger seat messing with his <mask> <mask> <mask> guy 2 he's such a brockmofo,▁an kle ▁bracelet,3.0,3.434457772150089e-15,33.304917335510254,11.101639111836752,wife . </s>,0.0038873976479902,27.754902005195618,9.251634001731873,13.0,14.0,0.0,20.0,0.0,2.0
3696,guy 1: look at that loser in the passenger seat messing with his ankle bracelet guy 2: he's such a brockmofo,ankle bracelet guy,ankle bracelet guy,is_multiword,0,13,13|14|15,1,6.048606812953949,0,1.0,,,,,,,,,,,,,,,,,,,,,,,,,,,,,,,guy 1 look at that loser in the passenger seat messing with his <mask> <mask> <mask> <mask> 2 he's such a brockmofo,▁an kle ▁bracelet ▁guy,4.0,2.6196088246315364e-14,31.273166298866272,7.818291574716568,wife </s> </s> guy,0.0008428352542048,24.1944272518158,6.048606812953949,13.0,15.0,0.0,20.0,0.0,3.0
3696,guy 1: look at that loser in the passenger seat messing with his ankle bracelet guy 2: he's such a brockmofo,bracelet guy,bracelet guy,is_multiword,0,14,14|15,1,5.590116441249847,0,1.0,,,,,,,,,,,,,,,,,,,,,,,,,,,,,,,guy 1 look at that loser in the passenger seat messing with his ankle <mask> <mask> 2 he's such a brockmofo,▁bracelet ▁guy,2.0,6.085658138236102e-06,12.009575679898262,6.004787839949131,s guy,0.4363359532356619,11.180232882499697,5.590116441249847,14.0,15.0,0.0,20.0,0.0,2.0
3697,"i snort it, i can't even think of how done my life will be once i start banging the dope",snort it,snort it,is_multiword,0,1,1|2,1,5.322986721992493,0,1.0,,,,,,,,,,,,,,,,,,,,,,,,,,,,,,,i <mask> <mask> <mask> i can't even think of how done my life will be once i start banging the dope,▁snor t ▁it,3.0,4.4258852151605455e-10,21.53838062286377,7.179460207621257,love so and,0.0038126894103237,15.968960165977478,5.322986721992493,1.0,2.0,0.0,19.0,0.0,2.0
3697,"i snort it, i can't even think of how done my life will be once i start banging the dope",banging the,banging the,is_multiword,0,17,17|18,1,2.980770250161489,0,1.0,,,,,,,,,,,,,,,,,,,,,,,,,,,,,,,i snort it i can't even think of how done my life will be once i start <mask> <mask> <mask> dope,▁bang ing ▁the,3.0,5.945529056764195e-07,14.335456132888794,4.778485377629598,to do the,0.004547646728217,8.942310750484467,2.980770250161489,17.0,18.0,0.0,19.0,0.0,2.0
3697,"i snort it, i can't even think of how done my life will be once i start banging the dope",banging the dope,banging the dope,is_multiword,0,17,17|18|19,1,3.670690894126892,0,1.0,,,,,,,,,,,,,,,,,,,,,,,,,,,,,,,i snort it i can't even think of how done my life will be once i start <mask> <mask> <mask> <mask> <mask>,▁bang ing ▁the ▁do pe,5.0,1.2732742764548571e-13,29.692014455795288,5.938402891159058,to to my it .,1.1904905865925472e-05,18.35345447063446,3.670690894126892,17.0,19.0,0.0,19.0,0.0,3.0
3697,"i snort it, i can't even think of how done my life will be once i start banging the dope",the dope,the dope,is_multiword,0,18,18|19,1,3.6788443326950073,0,1.0,,,,,,,,,,,,,,,,,,,,,,,,,,,,,,,i snort it i can't even think of how done my life will be once i start banging <mask> <mask> <mask>,▁the ▁do pe,3.0,2.5444205987561717e-08,17.486777782440186,5.8289259274800616,my my .,0.0015801353289844,11.036532998085022,3.6788443326950073,18.0,19.0,0.0,19.0,0.0,2.0
3698,"""did that chav over there get the shit beat out of him? ""nope, that's one bad inbred puffa puffa face motherfucker""",get the,get the,is_multiword,0,5,5|6,1,0.0,0,1.0,,,,,,,,,,,,,,,,,,,,,,,,,,,,,,,did that chav over there <mask> <mask> shit beat out of him nope that's one bad inbred puffa puffa face motherfucker,▁get ▁the,2.0,0.2507589771687246,1.3832630515098572,0.6916315257549286,get the,0.2507589771687246,0.0,0.0,5.0,6.0,0.0,20.0,0.0,2.0
3698,"""did that chav over there get the shit beat out of him? ""nope, that's one bad inbred puffa puffa face motherfucker""",get the shit,get the shit,is_multiword,0,5,5|6|7,1,1.037297526995341,0,1.0,,,,,,,,,,,,,,,,,,,,,,,,,,,,,,,did that chav over there <mask> <mask> <mask> beat out of him nope that's one bad inbred puffa puffa face motherfucker,▁get ▁the ▁shit,3.0,0.0001461060150743,8.831178069114685,2.9437260230382285,get get a,0.0032820551321081,3.111892580986023,1.037297526995341,5.0,7.0,0.0,20.0,0.0,3.0
3698,"""did that chav over there get the shit beat out of him? ""nope, that's one bad inbred puffa puffa face motherfucker""",get the shit beat,get the shit beat,is_multiword,0,5,5|6|7|8,1,2.268561363220215,0,1.0,,,,,,,,,,,,,,,,,,,,,,,,,,,,,,,did that chav over there <mask> <mask> <mask> <mask> out of him nope that's one bad inbred puffa puffa face motherfucker,▁get ▁the ▁shit ▁beat,4.0,2.460035528882929e-08,17.52050495147705,4.380126237869263,get get the shit,0.0002147020084169,9.07424545288086,2.268561363220215,5.0,8.0,0.0,20.0,0.0,4.0
3698,"""did that chav over there get the shit beat out of him? ""nope, that's one bad inbred puffa puffa face motherfucker""",get the shit beat out,get the shit beat out,is_multiword,0,5,5|6|7|8|9,1,2.278826904296875,0,1.0,,,,,,,,,,,,,,,,,,,,,,,,,,,,,,,did that chav over there <mask> <mask> <mask> <mask> <mask> of him nope that's one bad inbred puffa puffa face motherfucker,▁get ▁the ▁shit ▁beat ▁out,5.0,1.4396774688952831e-11,24.96401691436768,4.992803382873535,you you a a out,1.2784241224225093e-06,11.394134521484377,2.278826904296875,5.0,9.0,0.0,20.0,0.0,5.0
3698,"""did that chav over there get the shit beat out of him? ""nope, that's one bad inbred puffa puffa face motherfucker""",get the shit beat out of,get the shit beat out of,is_multiword,0,5,5|6|7|8|9|10,1,2.173480272293091,0,1.0,,,,,,,,,,,,,,,,,,,,,,,,,,,,,,,did that chav over there <mask> <mask> <mask> <mask> <mask> <mask> him nope that's one bad inbred puffa puffa face motherfucker,▁get ▁the ▁shit ▁beat ▁out ▁of,6.0,5.3727827045343424e-14,30.554845333099365,5.092474222183228,? you you ' to to,2.4761799864595576e-08,13.040881633758543,2.173480272293091,5.0,10.0,0.0,20.0,0.0,6.0
3698,"""did that chav over there get the shit beat out of him? ""nope, that's one bad inbred puffa puffa face motherfucker""",get the shit beat out of him,get the shit beat out of him,is_multiword,0,5,5|6|7|8|9|10|11,1,2.665016157286508,0,1.0,,,,,,,,,,,,,,,,,,,,,,,,,,,,,,,did that chav over there <mask> <mask> <mask> <mask> <mask> <mask> <mask> nope that's one bad inbred puffa puffa face motherfucker,▁get ▁the ▁shit ▁beat ▁out ▁of ▁him,7.0,6.533809905174773e-18,39.56954145431519,5.652791636330741,? you you a fuck ? </s>,8.259983389965675e-10,18.655113101005558,2.665016157286508,5.0,11.0,0.0,20.0,0.0,7.0
3698,"""did that chav over there get the shit beat out of him? ""nope, that's one bad inbred puffa puffa face motherfucker""",get the shit beat out of him nope,get the shit beat out of him nope,is_multiword,0,5,5|6|7|8|9|10|11|12,1,2.8771782981024847,0,1.0,,,,,,,,,,,,,,,,,,,,,,,,,,,,,,,did that chav over there <mask> <mask> <mask> <mask> <mask> <mask> <mask> <mask> <mask> that's one bad inbred puffa puffa face motherfucker,▁get ▁the ▁shit ▁beat ▁out ▁of ▁him ▁no pe,9.0,8.155498521555461e-24,53.163349866867065,5.90703887409634,? </s> </s> s a fuck fuck </s> </s>,1.4365952898636214e-12,25.894604682922363,2.8771782981024847,5.0,12.0,0.0,20.0,0.0,8.0
3698,"""did that chav over there get the shit beat out of him? ""nope, that's one bad inbred puffa puffa face motherfucker""",the shit,the shit,is_multiword,0,6,6|7,1,1.6963577270507812,1,1.0,,,,,,,,,,,,,,,,,,,,,,,,,,,,,,,did that chav over there get <mask> <mask> beat out of him nope that's one bad inbred puffa puffa face motherfucker,▁the ▁shit,2.0,0.0059999494871856,5.116004228591919,2.5580021142959595,a fucking,0.1784782070645176,3.3927154541015625,1.6963577270507812,6.0,7.0,0.0,20.0,0.0,2.0
3698,"""did that chav over there get the shit beat out of him? ""nope, that's one bad inbred puffa puffa face motherfucker""",the shit beat,the shit beat,is_multiword,0,6,6|7|8,1,2.1165515581766763,0,1.0,,,,,,,,,,,,,,,,,,,,,,,,,,,,,,,did that chav over there get <mask> <mask> <mask> out of him nope that's one bad inbred puffa puffa face motherfucker,▁the ▁shit ▁beat,3.0,3.720292923473806e-06,12.501708149909971,4.167236049969991,the fuck shit,0.0021291052128634,6.349654674530029,2.1165515581766763,6.0,8.0,0.0,20.0,0.0,3.0
3698,"""did that chav over there get the shit beat out of him? ""nope, that's one bad inbred puffa puffa face motherfucker""",the shit beat out,the shit beat out,is_multiword,0,6,6|7|8|9,1,2.1098450422286987,0,1.0,,,,,,,,,,,,,,,,,,,,,,,,,,,,,,,did that chav over there get <mask> <mask> <mask> <mask> of him nope that's one bad inbred puffa puffa face motherfucker,▁the ▁shit ▁beat ▁out,4.0,9.482456379284689e-08,16.171237349510193,4.042809337377548,a fuck the out,0.0004386287473935,8.439380168914795,2.1098450422286987,6.0,9.0,0.0,20.0,0.0,4.0
3698,"""did that chav over there get the shit beat out of him? ""nope, that's one bad inbred puffa puffa face motherfucker""",the shit beat out of,the shit beat out of,is_multiword,0,6,6|7|8|9|10,1,1.7213463068008423,0,1.0,,,,,,,,,,,,,,,,,,,,,,,,,,,,,,,did that chav over there get <mask> <mask> <mask> <mask> <mask> him nope that's one bad inbred puffa puffa face motherfucker,▁the ▁shit ▁beat ▁out ▁of,5.0,6.41476855891352e-10,21.167248010635376,4.233449602127076,a fuck fuck fuck of,3.50781761267718e-06,8.606731534004211,1.7213463068008423,6.0,10.0,0.0,20.0,0.0,5.0
3698,"""did that chav over there get the shit beat out of him? ""nope, that's one bad inbred puffa puffa face motherfucker""",the shit beat out of him,the shit beat out of him,is_multiword,0,6,6|7|8|9|10|11,1,3.3218294580777488,0,1.0,,,,,,,,,,,,,,,,,,,,,,,,,,,,,,,did that chav over there get <mask> <mask> <mask> <mask> <mask> <mask> nope that's one bad inbred puffa puffa face motherfucker,▁the ▁shit ▁beat ▁out ▁of ▁him,6.0,1.3268811510708262e-15,34.25594520568848,5.709324200948079,a fuck fuck fuck ? ?,6.008211961620108e-07,19.93097674846649,3.3218294580777488,6.0,11.0,0.0,20.0,0.0,6.0
3698,"""did that chav over there get the shit beat out of him? ""nope, that's one bad inbred puffa puffa face motherfucker""",the shit beat out of him nope,the shit beat out of him nope,is_multiword,0,6,6|7|8|9|10|11|12,1,2.9740251898765564,0,1.0,,,,,,,,,,,,,,,,,,,,,,,,,,,,,,,did that chav over there get <mask> <mask> <mask> <mask> <mask> <mask> <mask> <mask> that's one bad inbred puffa puffa face motherfucker,▁the ▁shit ▁beat ▁out ▁of ▁him ▁no pe,8.0,1.4024666693871042e-20,45.71346926689148,5.714183658361435,a fuck fuck fuck fuck fuck fuck </s>,3.017966264126753e-10,23.79220151901245,2.9740251898765564,6.0,12.0,0.0,20.0,0.0,7.0
3698,"""did that chav over there get the shit beat out of him? ""nope, that's one bad inbred puffa puffa face motherfucker""",shit beat,shit beat,is_multiword,0,7,7|8,1,3.7661247849464417,0,1.0,,,,,,,,,,,,,,,,,,,,,,,,,,,,,,,did that chav over there get the <mask> <mask> out of him nope that's one bad inbred puffa puffa face motherfucker,▁shit ▁beat,2.0,1.0194931032226764e-05,11.493619918823242,5.746809959411621,fuck shit,0.0190370090640533,7.532249569892883,3.7661247849464417,7.0,8.0,0.0,20.0,0.0,2.0
3698,"""did that chav over there get the shit beat out of him? ""nope, that's one bad inbred puffa puffa face motherfucker""",shit beat out,shit beat out,is_multiword,0,7,7|8|9,1,2.5753823121388755,0,1.0,,,,,,,,,,,,,,,,,,,,,,,,,,,,,,,did that chav over there get the <mask> <mask> <mask> of him nope that's one bad inbred puffa puffa face motherfucker,▁shit ▁beat ▁out,3.0,4.950668890313985e-06,12.215987861156464,4.0719959537188215,fuck fuck out,0.0112224288783986,7.726146936416626,2.5753823121388755,7.0,9.0,0.0,20.0,0.0,3.0
3698,"""did that chav over there get the shit beat out of him? ""nope, that's one bad inbred puffa puffa face motherfucker""",shit beat out of,shit beat out of,is_multiword,0,7,7|8|9|10,1,2.542762905359268,0,1.0,,,,,,,,,,,,,,,,,,,,,,,,,,,,,,,did that chav over there get the <mask> <mask> <mask> <mask> him nope that's one bad inbred puffa puffa face motherfucker,▁shit ▁beat ▁out ▁of,4.0,4.053261146004377e-09,19.32374405860901,4.830936014652252,fuck to to of,0.000105934197261,10.171051621437073,2.542762905359268,7.0,10.0,0.0,20.0,0.0,4.0
3698,"""did that chav over there get the shit beat out of him? ""nope, that's one bad inbred puffa puffa face motherfucker""",shit beat out of him,shit beat out of him,is_multiword,0,7,7|8|9|10|11,1,3.981765604019165,0,1.0,,,,,,,,,,,,,,,,,,,,,,,,,,,,,,,did that chav over there get the <mask> <mask> <mask> <mask> <mask> nope that's one bad inbred puffa puffa face motherfucker,▁shit ▁beat ▁out ▁of ▁him,5.0,7.123817769393048e-14,30.27274751663208,6.054549503326416,fuck of the ? ?,3.155055126032306e-05,19.908828020095825,3.981765604019165,7.0,11.0,0.0,20.0,0.0,5.0
3698,"""did that chav over there get the shit beat out of him? ""nope, that's one bad inbred puffa puffa face motherfucker""",shit beat out of him nope,shit beat out of him nope,is_multiword,0,7,7|8|9|10|11|12,1,3.336006130490984,0,1.0,,,,,,,,,,,,,,,,,,,,,,,,,,,,,,,did that chav over there get the <mask> <mask> <mask> <mask> <mask> <mask> <mask> that's one bad inbred puffa puffa face motherfucker,▁shit ▁beat ▁out ▁of ▁him ▁no pe,7.0,1.2593908520491081e-18,41.215903520584106,5.887986217226301,fuck of the the fuck ? </s>,1.7451144428606792e-08,23.35204291343689,3.336006130490984,7.0,12.0,0.0,20.0,0.0,6.0
3698,"""did that chav over there get the shit beat out of him? ""nope, that's one bad inbred puffa puffa face motherfucker""",beat out,beat out,is_multiword,0,8,8|9,1,3.9847315549850464,0,1.0,,,,,,,,,,,,,,,,,,,,,,,,,,,,,,,did that chav over there get the shit <mask> <mask> of him nope that's one bad inbred puffa puffa face motherfucker,▁beat ▁out,2.0,0.0001176345419522,9.047927841544151,4.523963920772076,out out,0.3401172963596181,7.969463109970093,3.9847315549850464,8.0,9.0,0.0,20.0,0.0,2.0
3698,"""did that chav over there get the shit beat out of him? ""nope, that's one bad inbred puffa puffa face motherfucker""",beat out of,beat out of,is_multiword,0,8,8|9|10,1,2.5637881755828857,0,1.0,,,,,,,,,,,,,,,,,,,,,,,,,,,,,,,did that chav over there get the shit <mask> <mask> <mask> him nope that's one bad inbred puffa puffa face motherfucker,▁beat ▁out ▁of,3.0,9.00927497858213e-07,13.919841051101685,4.639947017033895,he you of,0.0019724545953305,7.691364526748657,2.5637881755828857,8.0,10.0,0.0,20.0,0.0,3.0
3698,"""did that chav over there get the shit beat out of him? ""nope, that's one bad inbred puffa puffa face motherfucker""",beat out of him,beat out of him,is_multiword,0,8,8|9|10|11,1,4.683751076459885,0,1.0,,,,,,,,,,,,,,,,,,,,,,,,,,,,,,,did that chav over there get the shit <mask> <mask> <mask> <mask> nope that's one bad inbred puffa puffa face motherfucker,▁beat ▁out ▁of ▁him,4.0,2.6558842409647597e-12,26.65424346923828,6.66356086730957,out the ? ?,0.0003636789214944,18.73500430583954,4.683751076459885,8.0,11.0,0.0,20.0,0.0,4.0
3698,"""did that chav over there get the shit beat out of him? ""nope, that's one bad inbred puffa puffa face motherfucker""",beat out of him nope,beat out of him nope,is_multiword,0,8,8|9|10|11|12,1,4.075958987077077,0,1.0,,,,,,,,,,,,,,,,,,,,,,,,,,,,,,,did that chav over there get the shit <mask> <mask> <mask> <mask> <mask> <mask> that's one bad inbred puffa puffa face motherfucker,▁beat ▁out ▁of ▁him ▁no pe,6.0,9.18893310350289e-18,39.22853183746338,6.5380886395772295,out the fuck fuck ? </s>,3.839406264239886e-07,24.455753922462463,4.075958987077077,8.0,12.0,0.0,20.0,0.0,5.0
3698,"""did that chav over there get the shit beat out of him? ""nope, that's one bad inbred puffa puffa face motherfucker""",out of,out of,is_multiword,0,9,9|10,1,1.4864864349365234,0,1.0,,,,,,,,,,,,,,,,,,,,,,,,,,,,,,,did that chav over there get the shit beat <mask> <mask> him nope that's one bad inbred puffa puffa face motherfucker,▁out ▁of,2.0,0.0056915687856671,5.168769359588623,2.5843846797943115,en on,0.1112699008692619,2.972972869873047,1.4864864349365234,9.0,10.0,0.0,20.0,0.0,2.0
3698,"""did that chav over there get the shit beat out of him? ""nope, that's one bad inbred puffa puffa face motherfucker""",out of him,out of him,is_multiword,0,9,9|10|11,1,4.362248659133911,1,1.0,,,,,,,,,,,,,,,,,,,,,,,,,,,,,,,did that chav over there get the shit beat <mask> <mask> <mask> nope that's one bad inbred puffa puffa face motherfucker,▁out ▁of ▁him,3.0,4.744208277782246e-08,16.86375617980957,5.621252059936523,en ? </s>,0.0228910287594562,13.086745977401732,4.362248659133911,9.0,11.0,0.0,20.0,0.0,3.0
3698,"""did that chav over there get the shit beat out of him? ""nope, that's one bad inbred puffa puffa face motherfucker""",out of him nope,out of him nope,is_multiword,0,9,9|10|11|12,1,2.7479583263397216,0,1.0,,,,,,,,,,,,,,,,,,,,,,,,,,,,,,,did that chav over there get the shit beat <mask> <mask> <mask> <mask> <mask> that's one bad inbred puffa puffa face motherfucker,▁out ▁of ▁him ▁no pe,5.0,3.841176872357351e-12,26.285242319107056,5.257048463821411,en ? </s> </s> </s>,3.561065758959682e-06,13.739791631698608,2.7479583263397216,9.0,12.0,0.0,20.0,0.0,4.0
3698,"""did that chav over there get the shit beat out of him? ""nope, that's one bad inbred puffa puffa face motherfucker""",of him,of him,is_multiword,0,10,10|11,1,1.5351907014846802,0,1.0,,,,,,,,,,,,,,,,,,,,,,,,,,,,,,,did that chav over there get the shit beat out <mask> <mask> nope that's one bad inbred puffa puffa face motherfucker,▁of ▁him,2.0,0.0056216597860796,5.181128323078156,2.5905641615390778,of </s>,0.121147445168588,3.0703814029693604,1.5351907014846802,10.0,11.0,0.0,20.0,0.0,2.0
3698,"""did that chav over there get the shit beat out of him? ""nope, that's one bad inbred puffa puffa face motherfucker""",of him nope,of him nope,is_multiword,0,10,10|11|12,1,2.4669456779956818,0,1.0,,,,,,,,,,,,,,,,,,,,,,,,,,,,,,,did that chav over there get the shit beat out <mask> <mask> <mask> <mask> that's one bad inbred puffa puffa face motherfucker,▁of ▁him ▁no pe,4.0,3.315060618948378e-08,17.222204834222794,4.305551208555698,of the ? </s>,0.0006397570121362,9.867782711982729,2.4669456779956818,10.0,12.0,0.0,20.0,0.0,3.0
3698,"""did that chav over there get the shit beat out of him? ""nope, that's one bad inbred puffa puffa face motherfucker""",him nope,him nope,is_multiword,0,11,11|12,1,4.962409814198812,0,1.0,,,,,,,,,,,,,,,,,,,,,,,,,,,,,,,did that chav over there get the shit beat out of <mask> <mask> <mask> that's one bad inbred puffa puffa face motherfucker,▁him ▁no pe,3.0,1.401268442086191e-09,20.38588798046112,6.7952959934870405,him face ?,0.004092257366364,14.887229442596436,4.962409814198812,11.0,12.0,0.0,20.0,0.0,2.0
3698,"""did that chav over there get the shit beat out of him? ""nope, that's one bad inbred puffa puffa face motherfucker""",inbred puffa,inbred puffa,is_multiword,0,16,16|17,1,6.363969594240189,0,1.0,,,,,,,,,,,,,,,,,,,,,,,,,,,,,,,did that chav over there get the shit beat out of him nope that's one bad <mask> <mask> <mask> <mask> puffa face motherfucker,▁in bred ▁puff a,4.0,1.2952403998570397e-15,34.28008008003235,8.570020020008087,thing fuck fuck a,0.0001471288678659,25.455878376960754,6.363969594240189,16.0,17.0,0.0,20.0,0.0,2.0
3698,"""did that chav over there get the shit beat out of him? ""nope, that's one bad inbred puffa puffa face motherfucker""",inbred puffa puffa,inbred puffa puffa,is_multiword,0,16,16|17|18,1,6.567154725392659,0,1.0,,,,,,,,,,,,,,,,,,,,,,,,,,,,,,,did that chav over there get the shit beat out of him nope that's one bad <mask> <mask> <mask> <mask> <mask> <mask> face motherfucker,▁in bred ▁puff a ▁puff a,6.0,1.4659391079146452e-24,54.87954616546631,9.14659102757772,thing to you a in the,1.899285642508477e-07,39.40292835235596,6.567154725392659,16.0,18.0,0.0,20.0,0.0,3.0
3698,"""did that chav over there get the shit beat out of him? ""nope, that's one bad inbred puffa puffa face motherfucker""",puffa puffa,puffa puffa,is_multiword,0,17,17|18,1,6.263242602348328,0,1.0,,,,,,,,,,,,,,,,,,,,,,,,,,,,,,,did that chav over there get the shit beat out of him nope that's one bad inbred <mask> <mask> <mask> <mask> face motherfucker,▁puff a ▁puff a,4.0,7.649277434403633e-16,34.80675029754639,8.701687574386597,who you in the,5.807473234192746e-05,25.05297040939331,6.263242602348328,17.0,18.0,0.0,20.0,0.0,2.0
3699,"honey, next time you act like a raging psycho cunt and blame it on your time of the month, i'll have to give you a charles manson for proof",raging psycho,raging psycho,is_multiword,0,7,7|8,1,5.161024808883667,0,1.0,,,,,,,,,,,,,,,,,,,,,,,,,,,,,,,honey next time you act like a <mask> <mask> <mask> cunt and blame it on your time of the month i'll have to give you a charles manson for proof,▁rag ing ▁psycho,3.0,1.274244640771123e-11,25.086082458496094,8.362027486165365, ' y,6.752531240111755e-05,15.483074426651,5.161024808883667,7.0,8.0,0.0,28.0,0.0,2.0
3699,"honey, next time you act like a raging psycho cunt and blame it on your time of the month, i'll have to give you a charles manson for proof",raging psycho cunt,raging psycho cunt,is_multiword,0,7,7|8|9,1,4.704049730300904,0,1.0,,,,,,,,,,,,,,,,,,,,,,,,,,,,,,,honey next time you act like a <mask> <mask> <mask> <mask> <mask> and blame it on your time of the month i'll have to give you a charles manson for proof,▁rag ing ▁psycho ▁cu nt,5.0,5.823912744047562e-18,39.68455934524536,7.936911869049072, you you your you,9.548366093903472e-08,23.52024865150452,4.704049730300904,7.0,9.0,0.0,28.0,0.0,3.0
3699,"honey, next time you act like a raging psycho cunt and blame it on your time of the month, i'll have to give you a charles manson for proof",psycho cunt,psycho cunt,is_multiword,0,8,8|9,1,3.984106699625651,0,1.0,,,,,,,,,,,,,,,,,,,,,,,,,,,,,,,honey next time you act like a raging <mask> <mask> <mask> and blame it on your time of the month i'll have to give you a charles manson for proof,▁psycho ▁cu nt,3.0,3.751417236018953e-10,21.70371723175049,7.234572410583496, of girl,5.821327520834797e-05,11.952320098876951,3.984106699625651,8.0,9.0,0.0,28.0,0.0,2.0
3701,he's out of prison after doing yet another year for assault and he's probably going to rantle around town all week,doing yet,doing yet,is_multiword,0,5,5|6,1,6.581060290336609,1,1.0,,,,,,,,,,,,,,,,,,,,,,,,,,,,,,,he's out of prison after <mask> <mask> another year for assault and he's probably going to rantle around town all week,▁doing ▁yet,2.0,7.867377750847134e-08,16.357955932617188,8.178977966308594,prison for,0.0409323181989774,13.162120580673218,6.581060290336609,5.0,6.0,0.0,20.0,0.0,2.0
3701,he's out of prison after doing yet another year for assault and he's probably going to rantle around town all week,he's probably,he's probably,is_multiword,0,12,12|13,1,1.0849933326244354,0,1.0,,,,,,,,,,,,,,,,,,,,,,,,,,,,,,,he's out of prison after doing yet another year for assault and <mask> <mask> <mask> <mask> going to rantle around town all week,▁he ' s ▁probably,4.0,0.0003224570756807,8.039540529251099,2.0098851323127747,he ' s s,0.0247342291593186,4.339973330497742,1.0849933326244354,12.0,13.0,0.0,20.0,0.0,2.0
3701,he's out of prison after doing yet another year for assault and he's probably going to rantle around town all week,he's probably going,he's probably going,is_multiword,0,12,12|13|14,1,1.2672935009002686,0,1.0,,,,,,,,,,,,,,,,,,,,,,,,,,,,,,,he's out of prison after doing yet another year for assault and <mask> <mask> <mask> <mask> <mask> to rantle around town all week,▁he ' s ▁probably ▁going,5.0,6.9097949081364276e-09,18.79032588005066,3.758065176010132,the ' he he had,3.902635844516091e-06,6.336467504501343,1.2672935009002686,12.0,14.0,0.0,20.0,0.0,3.0
3701,he's out of prison after doing yet another year for assault and he's probably going to rantle around town all week,probably going,probably going,is_multiword,0,13,13|14,1,1.8879584670066836,1,1.0,,,,,,,,,,,,,,,,,,,,,,,,,,,,,,,he's out of prison after doing yet another year for assault and he's <mask> <mask> to rantle around town all week,▁probably ▁going,2.0,0.0011861881366306,6.737010359764099,3.3685051798820496,been going,0.051762287999854,3.775916934013367,1.8879584670066836,13.0,14.0,0.0,20.0,0.0,2.0
3703,we went to a bar and smoked a fatty boom batty,boom batty,boom batty,is_multiword,0,9,9|10,1,7.982792059580485,0,1.0,,,,,,,,,,,,,,,,,,,,,,,,,,,,,,,we went to a bar and smoked a fatty <mask> <mask> <mask>,▁boom ▁bat ty,3.0,9.935322675142725e-14,29.94009494781494,9.980031649271648, . .,0.0024993645258654,23.94837617874145,7.982792059580485,9.0,10.0,0.0,10.0,0.0,2.0
3704,im bergin hard,im bergin,im bergin,is_multiword,0,0,0|1,1,6.99939505259196,0,1.0,,,,,,,,,,,,,,,,,,,,,,,,,,,,,,,<mask> <mask> <mask> hard,▁im ▁berg in,3.0,6.26593226690655e-14,30.401063919067383,10.13368797302246, hard the,8.248626516833471e-05,20.99818515777588,6.99939505259196,0.0,1.0,0.0,2.0,0.0,2.0
3707,quit being a lamazoid brian and let me bang your sister,a lamazoid,a lamazoid,is_multiword,0,2,2|3,1,6.351833492517471,0,1.0,,,,,,,,,,,,,,,,,,,,,,,,,,,,,,,quit being <mask> <mask> <mask> <mask> brian and let me bang your sister,▁a ▁lama zo id,4.0,1.79468422856564e-15,33.95394730567932,8.48848682641983,a with with your,0.0001942016830411,25.407333970069885,6.351833492517471,2.0,3.0,0.0,10.0,0.0,2.0
3716,"yo, we're gonna cop mad georgia o if we use this grinder everyday",gonna cop,gonna cop,is_multiword,0,2,2|3,1,4.726316392421722,0,1.0,,,,,,,,,,,,,,,,,,,,,,,,,,,,,,,yo we're <mask> <mask> mad georgia o if we use this grinder everyday,▁gonna ▁cop,2.0,5.653649590037325e-06,12.08320927619934,6.04160463809967,gonna a,0.0720369216033982,9.452632784843445,4.726316392421722,2.0,3.0,0.0,12.0,0.0,2.0
3716,"yo, we're gonna cop mad georgia o if we use this grinder everyday",gonna cop mad,gonna cop mad,is_multiword,0,2,2|3|4,1,5.329304933547974,0,1.0,,,,,,,,,,,,,,,,,,,,,,,,,,,,,,,yo we're <mask> <mask> <mask> georgia o if we use this grinder everyday,▁gonna ▁cop ▁mad,3.0,9.680602253951526e-10,20.75572681427002,6.918575604756673,going ing in,0.0084989554299971,15.98791480064392,5.329304933547974,2.0,4.0,0.0,12.0,0.0,3.0
3716,"yo, we're gonna cop mad georgia o if we use this grinder everyday",cop mad,cop mad,is_multiword,0,3,3|4,1,6.075109481811523,0,1.0,,,,,,,,,,,,,,,,,,,,,,,,,,,,,,,yo we're gonna <mask> <mask> georgia o if we use this grinder everyday,▁cop ▁mad,2.0,1.377080413380193e-07,15.79813003540039,7.899065017700195,be in,0.0260454791284259,12.150218963623049,6.075109481811523,3.0,4.0,0.0,12.0,0.0,2.0
3717,my co-peeps are the coolest people to work with,to work,to work,is_multiword,0,6,6|7,1,0.1287002563476562,1,1.0,,,,,,,,,,,,,,,,,,,,,,,,,,,,,,,my co-peeps are the coolest people <mask> <mask> with,▁to ▁work,2.0,0.0509401032235278,2.9771047830581665,1.4885523915290833,I work,0.0658942384244824,0.2574005126953125,0.1287002563476562,6.0,7.0,0.0,8.0,0.0,2.0
3718,"although far more subdued and tasteful that emo kids, indie nerds still clothe themselves in thrift-shop vestments, dishevel their hair, and slap on an annoyingly knowing smirk for maximum malkmosity",clothe themselves,clothe themselves,is_multiword,0,12,12|13,1,4.828389485677083,0,1.0,,,,,,,,,,,,,,,,,,,,,,,,,,,,,,,although far more subdued and tasteful that emo kids indie nerds still <mask> <mask> <mask> in thrift-shop vestments dishevel their hair and slap on an annoyingly knowing smirk for maximum malkmosity,▁clo the ▁themselves,3.0,4.0121383169489205e-10,21.636526584625244,7.212175528208415,have to s,0.000783798859262,14.48516845703125,4.828389485677083,12.0,13.0,0.0,29.0,0.0,2.0
3718,"although far more subdued and tasteful that emo kids, indie nerds still clothe themselves in thrift-shop vestments, dishevel their hair, and slap on an annoyingly knowing smirk for maximum malkmosity",thrift-shop vestments,thrift-shop vestments,is_multiword,0,15,15|16,1,5.95785357270922,0,1.0,,,,,,,,,,,,,,,,,,,,,,,,,,,,,,,although far more subdued and tasteful that emo kids indie nerds still clothe themselves in <mask> <mask> <mask> <mask> <mask> <mask> <mask> dishevel their hair and slap on an annoyingly knowing smirk for maximum malkmosity,▁ thri ft - shop ▁vest ments,7.0,3.0374585551638476e-26,58.75619125366211,8.393741607666016,"the s of , , s to",3.933243876392344e-08,41.70497500896454,5.95785357270922,15.0,16.0,0.0,29.0,0.0,2.0
3718,"although far more subdued and tasteful that emo kids, indie nerds still clothe themselves in thrift-shop vestments, dishevel their hair, and slap on an annoyingly knowing smirk for maximum malkmosity",annoyingly knowing,annoyingly knowing,is_multiword,0,24,24|25,1,5.572360932826996,0,1.0,,,,,,,,,,,,,,,,,,,,,,,,,,,,,,,although far more subdued and tasteful that emo kids indie nerds still clothe themselves in thrift-shop vestments dishevel their hair and slap on an <mask> <mask> <mask> <mask> smirk for maximum malkmosity,▁anno ying ly ▁knowing,4.0,1.7964399048972182e-14,31.650384426116943,7.912596106529236, - of a,8.60191428837625e-05,22.289443731307983,5.572360932826996,24.0,25.0,0.0,29.0,0.0,2.0
3718,"although far more subdued and tasteful that emo kids, indie nerds still clothe themselves in thrift-shop vestments, dishevel their hair, and slap on an annoyingly knowing smirk for maximum malkmosity",annoyingly knowing smirk,annoyingly knowing smirk,is_multiword,0,24,24|25|26,1,5.587845427649362,0,1.0,,,,,,,,,,,,,,,,,,,,,,,,,,,,,,,although far more subdued and tasteful that emo kids indie nerds still clothe themselves in thrift-shop vestments dishevel their hair and slap on an <mask> <mask> <mask> <mask> <mask> <mask> <mask> for maximum malkmosity,▁anno ying ly ▁knowing ▁s mir k,7.0,6.240688872985098e-26,58.03612184524536,8.290874549320765, - of the the the s,6.062134617970403e-09,39.11491799354553,5.587845427649362,24.0,26.0,0.0,29.0,0.0,3.0
3718,"although far more subdued and tasteful that emo kids, indie nerds still clothe themselves in thrift-shop vestments, dishevel their hair, and slap on an annoyingly knowing smirk for maximum malkmosity",annoyingly knowing smirk for,annoyingly knowing smirk for,is_multiword,0,24,24|25|26|27,1,5.140688940882683,0,1.0,,,,,,,,,,,,,,,,,,,,,,,,,,,,,,,although far more subdued and tasteful that emo kids indie nerds still clothe themselves in thrift-shop vestments dishevel their hair and slap on an <mask> <mask> <mask> <mask> <mask> <mask> <mask> <mask> maximum malkmosity,▁anno ying ly ▁knowing ▁s mir k ▁for,8.0,1.6765032952916694e-27,61.65308725833893,7.706635907292366, - of the the to to for,1.2161499689510182e-09,41.12551152706146,5.140688940882683,24.0,27.0,0.0,29.0,0.0,4.0
3718,"although far more subdued and tasteful that emo kids, indie nerds still clothe themselves in thrift-shop vestments, dishevel their hair, and slap on an annoyingly knowing smirk for maximum malkmosity",knowing smirk,knowing smirk,is_multiword,0,25,25|26,1,5.588919699192047,0,1.0,,,,,,,,,,,,,,,,,,,,,,,,,,,,,,,although far more subdued and tasteful that emo kids indie nerds still clothe themselves in thrift-shop vestments dishevel their hair and slap on an annoyingly <mask> <mask> <mask> <mask> for maximum malkmosity,▁knowing ▁s mir k,4.0,2.6618884634635443e-16,35.86232566833496,8.96558141708374, ed  shirt,1.361876715528808e-06,22.35567879676819,5.588919699192047,25.0,26.0,0.0,29.0,0.0,2.0
3718,"although far more subdued and tasteful that emo kids, indie nerds still clothe themselves in thrift-shop vestments, dishevel their hair, and slap on an annoyingly knowing smirk for maximum malkmosity",knowing smirk for,knowing smirk for,is_multiword,0,25,25|26|27,1,5.560112023353577,0,1.0,,,,,,,,,,,,,,,,,,,,,,,,,,,,,,,although far more subdued and tasteful that emo kids indie nerds still clothe themselves in thrift-shop vestments dishevel their hair and slap on an annoyingly <mask> <mask> <mask> <mask> <mask> maximum malkmosity,▁knowing ▁s mir k ▁for,5.0,1.5314672744548168e-18,41.02030539512634,8.20406107902527,"long ed , to for",1.8144189516058936e-06,27.800560116767883,5.560112023353577,25.0,27.0,0.0,29.0,0.0,3.0
3718,"although far more subdued and tasteful that emo kids, indie nerds still clothe themselves in thrift-shop vestments, dishevel their hair, and slap on an annoyingly knowing smirk for maximum malkmosity",smirk for,smirk for,is_multiword,0,26,26|27,1,4.838368475437164,1,1.0,,,,,,,,,,,,,,,,,,,,,,,,,,,,,,,although far more subdued and tasteful that emo kids indie nerds still clothe themselves in thrift-shop vestments dishevel their hair and slap on an annoyingly knowing <mask> <mask> <mask> <mask> maximum malkmosity,▁s mir k ▁for,4.0,2.374140056076459e-13,29.0689709186554,7.267242729663849,ly to to the,6.034110467420008e-05,19.353473901748657,4.838368475437164,26.0,27.0,0.0,29.0,0.0,2.0
3722,"in preparation for the [playoff] game, maria conditioned and fluffed her abdelkader to bring her team [luck]",in preparation,in preparation,is_multiword,0,0,0|1,1,1.0197162628173828,0,1.0,,,,,,,,,,,,,,,,,,,,,,,,,,,,,,,<mask> <mask> for the playoff game maria conditioned and fluffed her abdelkader to bring her team luck,▁in ▁preparation,2.0,0.002367613748348,6.045872688293457,3.0229363441467285,In ready,0.0181980622079483,2.0394325256347656,1.0197162628173828,0.0,1.0,0.0,16.0,0.0,2.0
3723,comon yoo ghice,comon yoo,comon yoo,is_multiword,0,0,0|1,1,5.405316650867462,0,1.0,,,,,,,,,,,,,,,,,,,,,,,,,,,,,,,<mask> <mask> <mask> <mask> ghice,▁como n ▁yo o,4.0,2.186336940210067e-15,33.75654888153076,8.43913722038269,</s> : : :,5.366780959535339e-06,21.62126660346985,5.405316650867462,0.0,1.0,0.0,2.0,0.0,2.0
3723,comon yoo ghice,comon yoo ghice,comon yoo ghice,is_multiword,0,0,0|1|2,1,7.683835744857788,1,1.0,,,,,,,,,,,,,,,,,,,,,,,,,,,,,,,<mask> <mask> <mask> <mask> <mask> <mask>,▁como n ▁yo o ▁ghi ce,6.0,2.774168391126772e-27,61.14944648742676,10.191574414571129,"</s> : ,  . </s>",2.920233657230533e-07,46.10301446914673,7.683835744857788,0.0,2.0,0.0,2.0,0.0,3.0
3723,comon yoo ghice,yoo ghice,yoo ghice,is_multiword,0,1,1|2,1,7.016115516424179,0,1.0,,,,,,,,,,,,,,,,,,,,,,,,,,,,,,,comon <mask> <mask> <mask> <mask>,▁yo o ▁ghi ce,4.0,7.305231114447846e-16,34.85277080535889,8.713192701339722,. . . </s>,0.00112687299906,28.06446206569672,7.016115516424179,1.0,2.0,0.0,2.0,0.0,2.0
3726,prepare to dance with the bearded clam,bearded clam,bearded clam,is_multiword,1,5,5|6,1,6.909612596035004,1,1.0,,,,,,,,,,,,,,,,,,,,,,,,,,,,,,,prepare to dance with the <mask> <mask> <mask> <mask>,▁bear ded ▁ clam,4.0,7.126372013401588e-17,37.18014430999756,9.29503607749939,best of s .,7.179512896981004e-05,27.63845038414001,6.909612596035004,5.0,6.0,0.0,6.0,0.0,2.0
3730,"""aight, lets biggity biggity bounce",lets biggity,lets biggity,is_multiword,0,1,1|2,1,2.889458441734314,0,1.0,,,,,,,,,,,,,,,,,,,,,,,,,,,,,,,aight <mask> <mask> <mask> <mask> <mask> biggity bounce,▁let s ▁big g ity,5.0,7.889678571023677e-13,27.868050813674927,5.573610162734985,on b  ounce ounce,1.48401603947882e-06,14.44729220867157,2.889458441734314,1.0,2.0,0.0,4.0,0.0,2.0
3730,"""aight, lets biggity biggity bounce",lets biggity biggity,lets biggity biggity,is_multiword,0,1,1|2|3,1,3.786734580993652,0,1.0,,,,,,,,,,,,,,,,,,,,,,,,,,,,,,,aight <mask> <mask> <mask> <mask> <mask> <mask> <mask> <mask> bounce,▁let s ▁big g ity ▁big g ity,8.0,3.5175382856895807e-25,56.30686593055725,7.038358241319656,"en a s a a ounce ounce ,",5.043154773184354e-12,30.29387664794922,3.786734580993652,1.0,3.0,0.0,4.0,0.0,3.0
3730,"""aight, lets biggity biggity bounce",biggity biggity,biggity biggity,is_multiword,0,2,2|3,1,5.465794305006663,0,1.0,,,,,,,,,,,,,,,,,,,,,,,,,,,,,,,aight lets <mask> <mask> <mask> <mask> <mask> <mask> bounce,▁big g ity ▁big g ity,6.0,9.326544950061464e-22,48.42400741577149,8.07066790262858,you a the a a a,1.6304467633803198e-07,32.79476583003998,5.465794305006663,2.0,3.0,0.0,4.0,0.0,2.0
3734,lol bsm12i and suck it hard,lol bsm,lol bsm,is_multiword,0,0,0|1,1,5.784919043382009,0,1.0,,,,,,,,,,,,,,,,,,,,,,,,,,,,,,,<mask> <mask> <mask> <mask> <mask> <mask> and suck it hard,▁lol ▁b s m 12 i,6.0,3.717450643738101e-22,49.34383392333984,8.22397232055664,She to to the the dick,4.40956474765272e-07,34.70951426029205,5.784919043382009,0.0,1.0,0.0,5.0,0.0,2.0
3734,lol bsm12i and suck it hard,lol bsm 12,lol bsm 12,is_multiword,0,0,0|1|2,1,4.310918433325631,0,1.0,,,,,,,,,,,,,,,,,,,,,,,,,,,,,,,<mask> <mask> <mask> <mask> <mask> <mask> <mask> suck it hard,▁lol ▁b s m 12 i ▁and,7.0,5.273396632569526e-22,48.99419736862183,6.999171052660261,"</s> , , , , hard to",6.722751375398623e-09,30.17642903327942,4.310918433325631,0.0,2.0,0.0,5.0,0.0,3.0
3734,lol bsm12i and suck it hard,bsm 12,bsm 12,is_multiword,0,1,1|2,1,4.389612853527069,0,1.0,,,,,,,,,,,,,,,,,,,,,,,,,,,,,,,lol <mask> <mask> <mask> <mask> <mask> <mask> suck it hard,▁b s m 12 i ▁and,6.0,1.8415090150897597e-18,40.83594632148743,6.805991053581238,", hard hard hard hard to",5.052213432033167e-07,26.33767712116241,4.389612853527069,1.0,2.0,0.0,5.0,0.0,2.0
3734,lol bsm12i and suck it hard,and suck,and suck,is_multiword,0,4,4|5,1,1.953466296195984,0,1.0,,,,,,,,,,,,,,,,,,,,,,,,,,,,,,,lol bsm12i and suck <mask> <mask>,▁it ▁hard,2.0,0.0002618176992959,8.247862100601196,4.123931050300598,me .,0.013024416273394,3.906932592391968,1.953466296195984,4.0,5.0,0.0,5.0,0.0,2.0
3735,"the kids saw the [pig]s comming down the street, and all formed a critical mass and pushed the dumpster into the middle of the street and set in on fire",pig s,pig s,is_multiword,0,4,4|5,1,6.759500205516815,0,1.0,,,,,,,,,,,,,,,,,,,,,,,,,,,,,,,the kids saw the <mask> <mask> comming down the street and all formed a critical mass and pushed the dumpster into the middle of the street and set in on fire,▁pig ▁s,2.0,1.4754168430938537e-08,18.031740188598636,9.015870094299316,bus s,0.0109683680830115,13.51900041103363,6.759500205516815,4.0,5.0,0.0,30.0,0.0,2.0
3735,"the kids saw the [pig]s comming down the street, and all formed a critical mass and pushed the dumpster into the middle of the street and set in on fire",pig s comming,pig s comming,is_multiword,0,4,4|5|6,1,8.626134932041168,0,1.0,,,,,,,,,,,,,,,,,,,,,,,,,,,,,,,the kids saw the <mask> <mask> <mask> <mask> down the street and all formed a critical mass and pushed the dumpster into the middle of the street and set in on fire,▁pig ▁s ▁com ming,4.0,6.91361457099194e-17,37.21045398712158,9.302613496780396,du mp ster ing,0.0668092149929806,34.50453972816467,8.626134932041168,4.0,6.0,0.0,30.0,0.0,3.0
3735,"the kids saw the [pig]s comming down the street, and all formed a critical mass and pushed the dumpster into the middle of the street and set in on fire",s comming,s comming,is_multiword,0,5,5|6,1,4.3723322947820025,0,1.0,,,,,,,,,,,,,,,,,,,,,,,,,,,,,,,the kids saw the pig <mask> <mask> <mask> down the street and all formed a critical mass and pushed the dumpster into the middle of the street and set in on fire,▁s ▁com ming,3.0,6.7081254670885e-09,18.8199462890625,6.2733154296875,s s ing,0.0033361113901295,13.116996884346008,4.3723322947820025,5.0,6.0,0.0,30.0,0.0,2.0
3738,i hate that fatfuck biatch,fatfuck biatch,fatfuck biatch,is_multiword,0,3,3|4,1,6.329894208908081,1,1.0,,,,,,,,,,,,,,,,,,,,,,,,,,,,,,,i hate that <mask> <mask> <mask> <mask> <mask>,▁fat fuck ▁bi at ch,5.0,5.430613992495175e-20,44.359649658203125,8.871929931640626,i i i . .,3.0202268495221816e-06,31.649471044540405,6.329894208908081,3.0,4.0,0.0,4.0,0.0,2.0
3739,dailey got anoral from tighty-mcgighty,dailey got,dailey got,is_multiword,0,0,0|1,1,6.724510033925374,0,1.0,,,,,,,,,,,,,,,,,,,,,,,,,,,,,,,<mask> <mask> <mask> anoral from tighty-mcgighty,▁dai ley ▁got,3.0,6.149381101843098e-14,30.41983985900879,10.139946619669596, s s,3.5488219655914656e-05,20.173530101776123,6.724510033925374,0.0,1.0,0.0,4.0,0.0,2.0
3739,dailey got anoral from tighty-mcgighty,dailey got anoral,dailey got anoral,is_multiword,0,0,0|1|2,1,7.45787501335144,1,1.0,,,,,,,,,,,,,,,,,,,,,,,,,,,,,,,<mask> <mask> <mask> <mask> <mask> from tighty-mcgighty,▁dai ley ▁got ▁an oral,5.0,1.4244696390897765e-23,52.60565757751465,10.52113151550293, - - - s,2.2295798066382966e-07,37.2893750667572,7.45787501335144,0.0,2.0,0.0,4.0,0.0,3.0
3739,dailey got anoral from tighty-mcgighty,got anoral,got anoral,is_multiword,0,1,1|2,1,5.597116311391194,0,1.0,,,,,,,,,,,,,,,,,,,,,,,,,,,,,,,dailey <mask> <mask> <mask> from tighty-mcgighty,▁got ▁an oral,3.0,6.007014292281606e-12,25.83809328079224,8.612697760264078,- s s,0.0001177738442512,16.791348934173584,5.597116311391194,1.0,2.0,0.0,4.0,0.0,2.0
3741,"""guy 1: ""ey brah get over here asap jenny just texted me, she said she really wants the b",ey brah,ey brah,is_multiword,0,2,2|3,1,5.661065936088562,0,1.0,,,,,,,,,,,,,,,,,,,,,,,,,,,,,,,guy 1 <mask> <mask> <mask> <mask> get over here asap jenny just texted me she said she really wants the b,▁e y ▁bra h,4.0,2.6295397348396845e-14,31.26938247680664,7.81734561920166,st i ' to,0.0001795388870679,22.644263744354248,5.661065936088562,2.0,3.0,0.0,18.0,0.0,2.0
3741,"""guy 1: ""ey brah get over here asap jenny just texted me, she said she really wants the b",ey brah get,ey brah get,is_multiword,0,2,2|3|4,1,4.432112073898315,0,1.0,,,,,,,,,,,,,,,,,,,,,,,,,,,,,,,guy 1 <mask> <mask> <mask> <mask> <mask> over here asap jenny just texted me she said she really wants the b,▁e y ▁bra h ▁get,5.0,6.54595515849658e-16,34.9625141620636,6.99250283241272,st you you to come,2.7553838610188902e-06,22.160560369491577,4.432112073898315,2.0,4.0,0.0,18.0,0.0,3.0
3741,"""guy 1: ""ey brah get over here asap jenny just texted me, she said she really wants the b",ey brah get over,ey brah get over,is_multiword,0,2,2|3|4|5,1,3.36387308438619,0,1.0,,,,,,,,,,,,,,,,,,,,,,,,,,,,,,,guy 1 <mask> <mask> <mask> <mask> <mask> <mask> here asap jenny just texted me she said she really wants the b,▁e y ▁bra h ▁get ▁over,6.0,2.4663791417843773e-17,38.24119544029236,6.37353257338206,st 2 you you to come,1.4372388533874412e-08,20.18323850631714,3.36387308438619,2.0,5.0,0.0,18.0,0.0,4.0
3741,"""guy 1: ""ey brah get over here asap jenny just texted me, she said she really wants the b",brah get,brah get,is_multiword,0,3,3|4,1,4.96390175819397,0,1.0,,,,,,,,,,,,,,,,,,,,,,,,,,,,,,,guy 1 ey <mask> <mask> <mask> over here asap jenny just texted me she said she really wants the b,▁bra h ▁get,3.0,2.3758644988410446e-10,22.160489559173584,7.386829853057861,i you come,0.0006969587824593,14.89170527458191,4.96390175819397,3.0,4.0,0.0,18.0,0.0,2.0
3741,"""guy 1: ""ey brah get over here asap jenny just texted me, she said she really wants the b",brah get over,brah get over,is_multiword,0,3,3|4|5,1,3.7021923065185542,0,1.0,,,,,,,,,,,,,,,,,,,,,,,,,,,,,,,guy 1 ey <mask> <mask> <mask> <mask> here asap jenny just texted me she said she really wants the b,▁bra h ▁get ▁over,4.0,4.08054688406539e-12,26.22479009628296,6.55619752407074,yy you you be,1.1017552553837536e-05,14.80876922607422,3.7021923065185542,3.0,5.0,0.0,18.0,0.0,3.0
3741,"""guy 1: ""ey brah get over here asap jenny just texted me, she said she really wants the b",get over,get over,is_multiword,0,4,4|5,1,3.1397207975387573,1,1.0,,,,,,,,,,,,,,,,,,,,,,,,,,,,,,,guy 1 ey brah <mask> <mask> here asap jenny just texted me she said she really wants the b,▁get ▁over,2.0,2.1160666342573503e-05,10.763366460800173,5.381683230400085,my is,0.0112890182089467,6.279441595077515,3.1397207975387573,4.0,5.0,0.0,18.0,0.0,2.0
3742,"""nigga1: ""yo you like ma rhymes?"" nigga2: ""damn fool, yo lines is da shiznit",nigga 1,nigga 1,is_multiword,0,0,0|1,1,4.024681121110916,0,1.0,,,,,,,,,,,,,,,,,,,,,,,,,,,,,,,<mask> <mask> <mask> <mask> you like ma rhymes nigga2 damn fool yo lines is da shiznit,▁ni gga 1 ▁yo,4.0,9.310187246194703e-13,27.702497005462646,6.925624251365662,i you i if,9.13157362114661e-06,16.098724484443665,4.024681121110916,0.0,1.0,0.0,13.0,0.0,2.0
3742,"""nigga1: ""yo you like ma rhymes?"" nigga2: ""damn fool, yo lines is da shiznit",nigga 1 yo,nigga 1 yo,is_multiword,0,0,0|1|2,1,2.8021926403045656,0,1.0,,,,,,,,,,,,,,,,,,,,,,,,,,,,,,,<mask> <mask> <mask> <mask> <mask> like ma rhymes nigga2 damn fool yo lines is da shiznit,▁ni gga 1 ▁yo ▁you,5.0,1.2839097811966105e-13,29.683696269989014,5.936739253997803,i i i i i,1.5610561048449718e-07,14.010963201522827,2.8021926403045656,0.0,2.0,0.0,13.0,0.0,3.0
3742,"""nigga1: ""yo you like ma rhymes?"" nigga2: ""damn fool, yo lines is da shiznit",1 yo,1 yo,is_multiword,0,1,1|2,1,2.206207275390625,0,1.0,,,,,,,,,,,,,,,,,,,,,,,,,,,,,,,nigga1 <mask> <mask> like ma rhymes nigga2 damn fool yo lines is da shiznit,▁yo ▁you,2.0,0.0001412357443228,8.865080118179321,4.432540059089661,i i,0.0116474784157494,4.41241455078125,2.206207275390625,1.0,2.0,0.0,13.0,0.0,2.0
3742,"""nigga1: ""yo you like ma rhymes?"" nigga2: ""damn fool, yo lines is da shiznit",nigga 2,nigga 2,is_multiword,0,7,7|8,1,10.093553483486176,0,1.0,,,,,,,,,,,,,,,,,,,,,,,,,,,,,,,nigga1 yo you like ma rhymes nigga2 <mask> <mask> yo lines is da shiznit,▁damn ▁fool,2.0,4.6788788557498936e-11,23.785377502441406,11.892688751220703,yo you,0.0273710187429626,20.18710696697235,10.093553483486176,7.0,8.0,0.0,13.0,0.0,2.0
3742,"""nigga1: ""yo you like ma rhymes?"" nigga2: ""damn fool, yo lines is da shiznit",da shiznit,da shiznit,is_multiword,0,14,,1,,0,1.0,,,,,,,,,,,,,,,,,,,,,,,,,,,,,,,,,,,,,,,,,,,,,,
3746,"i can't believe you let your in-laws stay for a week, you must have huge assholerance",huge assholerance,huge assholerance,is_multiword,0,14,14|15,1,6.909704297780991,1,1.0,,,,,,,,,,,,,,,,,,,,,,,,,,,,,,,i can't believe you let your in-laws stay for a week you must have <mask> <mask> <mask> <mask>,▁huge ▁ass hole rance,4.0,2.5364877385803356e-17,38.21316623687744,9.55329155921936,been a . .,2.5563396707526183e-05,27.63881719112396,6.909704297780991,14.0,15.0,0.0,15.0,0.0,2.0
3748,he was arrested and thrown in the hooscal,in the,in the,is_multiword,0,5,5|6,1,0.1754379272460937,0,1.0,,,,,,,,,,,,,,,,,,,,,,,,,,,,,,,he was arrested and thrown <mask> <mask> hooscal,▁in ▁the,2.0,0.0637797552289938,2.7523194551467896,1.3761597275733948,out a,0.090587087274519,0.3508758544921875,0.1754379272460937,5.0,6.0,0.0,7.0,0.0,2.0
3748,he was arrested and thrown in the hooscal,in the hooscal,in the hooscal,is_multiword,0,5,5|6|7,1,7.094258651137352,0,1.0,,,,,,,,,,,,,,,,,,,,,,,,,,,,,,,he was arrested and thrown <mask> <mask> <mask> <mask>,▁in ▁the ▁hoos cal,4.0,3.239405197469627e-16,35.665971755981445,8.916492938995361,off the prison .,0.0006830536496816,28.377034604549408,7.094258651137352,5.0,7.0,0.0,7.0,0.0,3.0
3748,he was arrested and thrown in the hooscal,the hooscal,the hooscal,is_multiword,0,6,6|7,1,9.65185523033142,0,1.0,,,,,,,,,,,,,,,,,,,,,,,,,,,,,,,he was arrested and thrown in <mask> <mask> <mask>,▁the ▁hoos cal,3.0,1.1254514072611184e-15,34.420592188835144,11.473530729611715,the prison .,0.0042322289006189,28.955565690994263,9.65185523033142,6.0,7.0,0.0,7.0,0.0,2.0
3750,anyone named kevin with glasses aka garbage kevin,aka garbage,aka garbage,is_multiword,0,5,5|6,1,8.525528907775879,1,1.0,,,,,,,,,,,,,,,,,,,,,,,,,,,,,,,anyone named kevin with glasses <mask> <mask> <mask> <mask> kevin,▁aka ▁gar ba ge,4.0,5.443042692408824e-18,39.75219345092773,9.938048362731934,</s> anyone na med,0.0035172430530256,34.10211563110352,8.525528907775879,5.0,6.0,0.0,7.0,0.0,2.0
3751,"being from california gives her baller stats in podunkville, sc",baller stats,baller stats,is_multiword,1,5,5|6,1,7.410359859466553,0,1.0,,,,,,,,,,,,,,,,,,,,,,,,,,,,,,,being from california gives her <mask> <mask> <mask> in podunkville sc,▁ball er ▁stats,3.0,7.446324087940583e-14,30.22847080230713,10.076156934102375,a of sex,0.0003363389173105,22.231079578399655,7.410359859466553,5.0,6.0,0.0,9.0,0.0,2.0
3753,"my girl doesn't like it if i bang a gong too much, 'cause it makes her walk funny",bang a,bang a,is_multiword,0,7,7|8,1,3.099153459072113,0,1.0,,,,,,,,,,,,,,,,,,,,,,,,,,,,,,,my girl doesn't like it if i <mask> <mask> gong too much 'cause it makes her walk funny,▁bang ▁a,2.0,0.0001684393517871,8.688934803009033,4.344467401504517,play her,0.0828579250017863,6.198306918144226,3.099153459072113,7.0,8.0,0.0,17.0,0.0,2.0
3753,"my girl doesn't like it if i bang a gong too much, 'cause it makes her walk funny",bang a gong,bang a gong,is_multiword,1,7,7|8|9,1,5.3895149528980255,0,1.0,,,,,,,,,,,,,,,,,,,,,,,,,,,,,,,my girl doesn't like it if i <mask> <mask> <mask> <mask> too much 'cause it makes her walk funny,▁bang ▁a ▁ gong,4.0,8.777851759347504e-14,30.06395959854126,7.515989899635315,walk her walk her,0.0002022714831401,21.558059811592106,5.3895149528980255,7.0,9.0,0.0,17.0,0.0,3.0
3753,"my girl doesn't like it if i bang a gong too much, 'cause it makes her walk funny",a gong,a gong,is_multiword,0,8,8|9,1,5.523240288098653,1,1.0,,,,,,,,,,,,,,,,,,,,,,,,,,,,,,,my girl doesn't like it if i bang <mask> <mask> <mask> too much 'cause it makes her walk funny,▁a ▁ gong,3.0,3.523512009274073e-10,21.766392707824707,7.255464235941569,her on her,0.0055349549967185,16.56972086429596,5.523240288098653,8.0,9.0,0.0,17.0,0.0,2.0
3758,"look at that kid over there, hes a real declan lycett",hes a,hes a,is_multiword,0,6,6|7,1,0.4661458333333333,1,1.0,,,,,,,,,,,,,,,,,,,,,,,,,,,,,,,look at that kid over there <mask> <mask> <mask> real declan lycett,▁he s ▁a,3.0,0.0032254812447655,5.73667311668396,1.9122243722279864,he is a,0.0130595499399105,1.3984375,0.4661458333333333,6.0,7.0,0.0,10.0,0.0,2.0
3761,"i'm been huntin since wensday, an all peoples got is the musties",peoples got,peoples got,is_multiword,0,7,7|8,1,5.471850156784058,0,1.0,,,,,,,,,,,,,,,,,,,,,,,,,,,,,,,i'm been huntin since wensday an all <mask> <mask> <mask> is the musties,▁people s ▁got,3.0,9.026140484493326e-11,23.12831115722656,7.7094370524088545,day the this,0.0012153044142366,16.415550470352173,5.471850156784058,7.0,8.0,0.0,11.0,0.0,2.0
3761,"i'm been huntin since wensday, an all peoples got is the musties",the musties,the musties,is_multiword,0,10,10|11,1,5.72140383720398,0,1.0,,,,,,,,,,,,,,,,,,,,,,,,,,,,,,,i'm been huntin since wensday an all peoples got is <mask> <mask> <mask>,▁the ▁mus ties,3.0,4.322777210937949e-11,23.864537954330444,7.9548459847768145,a . .,0.0012305101460245,17.16421151161194,5.72140383720398,10.0,11.0,0.0,11.0,0.0,2.0
3765,that centipede shot all of his centijizz on his partner,centijizz on,centijizz on,is_multiword,0,6,6|7,1,8.761163711547852,1,1.0,,,,,,,,,,,,,,,,,,,,,,,,,,,,,,,that centipede shot all of his <mask> <mask> <mask> <mask> his partner,▁centi ji zz ▁on,4.0,1.36342815218025e-18,41.13652944564819,10.284132361412048,friends and shot of,0.00226116615847,35.044654846191406,8.761163711547852,6.0,7.0,0.0,9.0,0.0,2.0
3770,"yo, what you get for christmas? nish mate",nish mate,nish mate,is_multiword,0,6,6|7,1,6.338720917701721,0,1.0,,,,,,,,,,,,,,,,,,,,,,,,,,,,,,,yo what you get for christmas <mask> <mask> <mask>,▁ nish ▁mate,3.0,1.0946969770582484e-11,25.237958431243896,8.412652810414633,gift s </s>,0.0019856763783179,19.016162753105164,6.338720917701721,6.0,7.0,0.0,7.0,0.0,2.0
3773,"yo jared, what's up with that abrun over there, all he does is sleep?",that abrun,that abrun,is_multiword,0,5,5|6,1,5.112295905749003,0,1.0,,,,,,,,,,,,,,,,,,,,,,,,,,,,,,,yo jared what's up with <mask> <mask> <mask> over there all he does is sleep,▁that ▁ab run,3.0,8.279483801270063e-11,23.21465539932251,7.738218466440837,him he s,0.0003790783363302,15.33688771724701,5.112295905749003,5.0,6.0,0.0,13.0,0.0,2.0
3773,"yo jared, what's up with that abrun over there, all he does is sleep?",he does,he does,is_multiword,0,10,10|11,1,4.070274382829666,1,1.0,,,,,,,,,,,,,,,,,,,,,,,,,,,,,,,yo jared what's up with that abrun over there all <mask> <mask> is sleep,▁he ▁does,2.0,7.149054134044561e-05,9.545945405960085,4.7729727029800415,you need,0.2452697532883144,8.140548765659332,4.070274382829666,10.0,11.0,0.0,13.0,0.0,2.0
3775,"bro1: bro i heard na-janine tugonon ka daw? bro2: yes bro, and it hurts so much",bro 1,bro 1,is_multiword,0,0,0|1,1,1.158341646194458,0,1.0,,,,,,,,,,,,,,,,,,,,,,,,,,,,,,,<mask> <mask> <mask> i heard na-janine tugonon ka daw bro2 yes bro and it hurts so much,▁bro 1 ▁bro,3.0,5.519998995186642e-05,9.804547786712646,3.2681825955708823,"bro bro ,",0.0017828842727416,3.475024938583374,1.158341646194458,0.0,1.0,0.0,15.0,0.0,2.0
3775,"bro1: bro i heard na-janine tugonon ka daw? bro2: yes bro, and it hurts so much",bro 1 bro,bro 1 bro,is_multiword,0,0,0|1|2,1,1.184901237487793,0,1.0,,,,,,,,,,,,,,,,,,,,,,,,,,,,,,,<mask> <mask> <mask> <mask> heard na-janine tugonon ka daw bro2 yes bro and it hurts so much,▁bro 1 ▁bro ▁i,4.0,4.890102210315952e-06,12.228297352790833,3.057074338197708,bro bro i never,0.0005593739182232,4.739604949951172,1.184901237487793,0.0,2.0,0.0,15.0,0.0,3.0
3775,"bro1: bro i heard na-janine tugonon ka daw? bro2: yes bro, and it hurts so much",1 bro,1 bro,is_multiword,0,1,1|2,1,1.595619261264801,0,1.0,,,,,,,,,,,,,,,,,,,,,,,,,,,,,,,bro1 <mask> <mask> heard na-janine tugonon ka daw bro2 yes bro and it hurts so much,▁bro ▁i,2.0,0.0017061112631361,6.373538613319397,3.1867693066596985,i i,0.0414901142572928,3.191238522529602,1.595619261264801,1.0,2.0,0.0,15.0,0.0,2.0
3775,"bro1: bro i heard na-janine tugonon ka daw? bro2: yes bro, and it hurts so much",ka daw,ka daw,is_multiword,0,7,7|8,1,3.194906949996948,0,1.0,,,,,,,,,,,,,,,,,,,,,,,,,,,,,,,bro1 bro i heard na-janine tugonon ka <mask> <mask> <mask> yes bro and it hurts so much,▁daw ▁bro 2,3.0,1.027228860345557e-08,18.39381599426269,6.131271998087565,- i </s>,0.000149368351617,9.584720849990845,3.194906949996948,7.0,8.0,0.0,15.0,0.0,2.0
3775,"bro1: bro i heard na-janine tugonon ka daw? bro2: yes bro, and it hurts so much",ka daw bro,ka daw bro,is_multiword,0,7,7|8|9,1,3.8257704973220825,0,1.0,,,,,,,,,,,,,,,,,,,,,,,,,,,,,,,bro1 bro i heard na-janine tugonon ka <mask> <mask> <mask> <mask> bro and it hurts so much,▁daw ▁bro 2 ▁yes,4.0,1.0229063627821593e-12,27.60837316513061,6.902093291282654,- i i 1,4.5277239870619644e-06,15.30308198928833,3.8257704973220825,7.0,9.0,0.0,15.0,0.0,3.0
3775,"bro1: bro i heard na-janine tugonon ka daw? bro2: yes bro, and it hurts so much",ka daw bro 2,ka daw bro 2,is_multiword,0,7,7|8|9|10,1,4.96186900138855,0,1.0,,,,,,,,,,,,,,,,,,,,,,,,,,,,,,,bro1 bro i heard na-janine tugonon ka <mask> <mask> <mask> <mask> <mask> and it hurts so much,▁daw ▁bro 2 ▁yes ▁bro,5.0,6.624201083817233e-19,41.8583869934082,8.37167739868164,- i i  s,3.9418050680175165e-08,24.80934500694275,4.96186900138855,7.0,10.0,0.0,15.0,0.0,4.0
3775,"bro1: bro i heard na-janine tugonon ka daw? bro2: yes bro, and it hurts so much",daw bro,daw bro,is_multiword,0,8,8|9,1,7.303985754648845,0,1.0,,,,,,,,,,,,,,,,,,,,,,,,,,,,,,,bro1 bro i heard na-janine tugonon ka daw <mask> <mask> <mask> bro and it hurts so much,▁bro 2 ▁yes,3.0,8.85598301148532e-13,27.75251293182373,9.250837643941244,n i me,0.0029072267243994,21.911957263946533,7.303985754648845,8.0,9.0,0.0,15.0,0.0,2.0
3775,"bro1: bro i heard na-janine tugonon ka daw? bro2: yes bro, and it hurts so much",daw bro 2,daw bro 2,is_multiword,0,8,8|9|10,1,7.568819940090179,1,1.0,,,,,,,,,,,,,,,,,,,,,,,,,,,,,,,bro1 bro i heard na-janine tugonon ka daw <mask> <mask> <mask> <mask> and it hurts so much,▁bro 2 ▁yes ▁bro,4.0,6.390789561968306e-18,39.591673851013184,9.897918462753296,n i i me,8.99376333472123e-05,30.27527976036072,7.568819940090179,8.0,10.0,0.0,15.0,0.0,3.0
3775,"bro1: bro i heard na-janine tugonon ka daw? bro2: yes bro, and it hurts so much",bro 2,bro 2,is_multiword,0,9,9|10,1,3.1820679306983948,0,1.0,,,,,,,,,,,,,,,,,,,,,,,,,,,,,,,bro1 bro i heard na-janine tugonon ka daw bro2 <mask> <mask> and it hurts so much,▁yes ▁bro,2.0,6.124776374276265e-05,9.700583219528198,4.850291609764099,bro bro,0.0355630764359603,6.3641358613967896,3.1820679306983948,9.0,10.0,0.0,15.0,0.0,2.0
3775,"bro1: bro i heard na-janine tugonon ka daw? bro2: yes bro, and it hurts so much",so much,so much,is_multiword,0,16,,1,,0,1.0,,,,,,,,,,,,,,,,,,,,,,,,,,,,,,,,,,,,,,,,,,,,,,
3776,"""have you ever drivin to malibu in a malibu while sippin malibu??? ""no"" your lame",your lame,your lame,is_multiword,0,13,13|14,1,6.259637316068013,0,1.0,,,,,,,,,,,,,,,,,,,,,,,,,,,,,,,have you ever drivin to malibu in a malibu while sippin malibu no <mask> <mask> <mask>,▁your ▁la me,3.0,7.130061066350389e-12,25.666701316833496,8.555567105611166,one ? </s>,0.0010201665623156,18.77891194820404,6.259637316068013,13.0,14.0,0.0,14.0,0.0,2.0
3777,q) whos that cocksucker sniffing round my ex missus? a) dont worry about him mate he's a fucking dildonian,q whos,q whos,is_multiword,0,0,0|1,1,4.370866258939107,0,1.0,,,,,,,,,,,,,,,,,,,,,,,,,,,,,,,<mask> <mask> <mask> that cocksucker sniffing round my ex missus a dont worry about him mate he's a fucking dildonian,▁q ▁who s,3.0,5.719566965275768e-09,18.97937273979187,6.326457579930623,I i s,0.0028319947329836,13.112598776817322,4.370866258939107,0.0,1.0,0.0,18.0,0.0,2.0
3777,q) whos that cocksucker sniffing round my ex missus? a) dont worry about him mate he's a fucking dildonian,ex missus,ex missus,is_multiword,0,7,7|8,1,5.919199665387471,0,1.0,,,,,,,,,,,,,,,,,,,,,,,,,,,,,,,q whos that cocksucker sniffing round my <mask> <mask> <mask> a dont worry about him mate he's a fucking dildonian,▁ex ▁miss us,3.0,1.6582924881383448e-11,24.82264757156372,8.274215857187906,pussy ? s,0.0008544534139362,17.757598996162415,5.919199665387471,7.0,8.0,0.0,18.0,0.0,2.0
3777,q) whos that cocksucker sniffing round my ex missus? a) dont worry about him mate he's a fucking dildonian,ex missus a,ex missus a,is_multiword,0,7,7|8|9,1,5.4755469262599945,0,1.0,,,,,,,,,,,,,,,,,,,,,,,,,,,,,,,q whos that cocksucker sniffing round my <mask> <mask> <mask> <mask> dont worry about him mate he's a fucking dildonian,▁ex ▁miss us ▁a,4.0,1.8920881048033935e-14,31.598510265350345,7.8996275663375854,pussy ? ? you,6.150927630427015e-05,21.902187705039974,5.4755469262599945,7.0,9.0,0.0,18.0,0.0,3.0
3777,q) whos that cocksucker sniffing round my ex missus? a) dont worry about him mate he's a fucking dildonian,ex missus a dont,ex missus a dont,is_multiword,0,7,7|8|9|10,1,5.791237616539002,0,1.0,,,,,,,,,,,,,,,,,,,,,,,,,,,,,,,q whos that cocksucker sniffing round my <mask> <mask> <mask> <mask> <mask> worry about him mate he's a fucking dildonian,▁ex ▁miss us ▁a ▁dont,5.0,2.3022042608936657e-16,36.00749444961548,7.201498889923096,pussy ? I ' t,0.0008662765427741,28.956188082695007,5.791237616539002,7.0,10.0,0.0,18.0,0.0,4.0
3777,q) whos that cocksucker sniffing round my ex missus? a) dont worry about him mate he's a fucking dildonian,missus a,missus a,is_multiword,0,8,8|9,1,5.318347771962483,0,1.0,,,,,,,,,,,,,,,,,,,,,,,,,,,,,,,q whos that cocksucker sniffing round my ex <mask> <mask> <mask> dont worry about him mate he's a fucking dildonian,▁miss us ▁a,3.0,5.5696647990347154e-11,23.61110115051269,7.870367050170898,? fuck you,0.0004731690495845,15.955043315887451,5.318347771962483,8.0,9.0,0.0,18.0,0.0,2.0
3777,q) whos that cocksucker sniffing round my ex missus? a) dont worry about him mate he's a fucking dildonian,missus a dont,missus a dont,is_multiword,0,8,8|9|10,1,5.842099219560623,0,1.0,,,,,,,,,,,,,,,,,,,,,,,,,,,,,,,q whos that cocksucker sniffing round my ex <mask> <mask> <mask> <mask> worry about him mate he's a fucking dildonian,▁miss us ▁a ▁dont,4.0,3.742098010978828e-13,28.613959789276123,7.153489947319031,? I ' t,0.0052708538375941,23.368396878242493,5.842099219560623,8.0,10.0,0.0,18.0,0.0,3.0
3777,q) whos that cocksucker sniffing round my ex missus? a) dont worry about him mate he's a fucking dildonian,a dont,a dont,is_multiword,0,9,9|10,1,1.9793528318405151,0,1.0,,,,,,,,,,,,,,,,,,,,,,,,,,,,,,,q whos that cocksucker sniffing round my ex missus <mask> <mask> worry about him mate he's a fucking dildonian,▁a ▁dont,2.0,0.0006084643411667,7.404572248458862,3.702286124229431,why dont,0.0318771258377682,3.9587056636810303,1.9793528318405151,9.0,10.0,0.0,18.0,0.0,2.0
3777,q) whos that cocksucker sniffing round my ex missus? a) dont worry about him mate he's a fucking dildonian,a fucking,a fucking,is_multiword,0,16,16|17,1,1.9815597236156464,1,1.0,,,,,,,,,,,,,,,,,,,,,,,,,,,,,,,q whos that cocksucker sniffing round my ex missus a dont worry about him mate he's <mask> <mask> dildonian,▁a ▁fucking,2.0,0.0015238474083051,6.486516952514648,3.243258476257324,got a,0.0801867086593619,3.9631194472312927,1.9815597236156464,16.0,17.0,0.0,18.0,0.0,2.0
3777,q) whos that cocksucker sniffing round my ex missus? a) dont worry about him mate he's a fucking dildonian,a fucking dildonian,a fucking dildonian,is_multiword,0,16,16|17|18,1,4.5854615569114685,0,1.0,,,,,,,,,,,,,,,,,,,,,,,,,,,,,,,q whos that cocksucker sniffing round my ex missus a dont worry about him mate he's <mask> <mask> <mask> <mask>,▁a ▁fucking ▁dildo nian,4.0,2.198855476512169e-13,29.14566922187805,7.286417305469513,a a you .,2.032166510978275e-05,18.341846227645878,4.5854615569114685,16.0,18.0,0.0,18.0,0.0,3.0
3777,q) whos that cocksucker sniffing round my ex missus? a) dont worry about him mate he's a fucking dildonian,fucking dildonian,fucking dildonian,is_multiword,0,17,17|18,1,5.424953460693359,0,1.0,,,,,,,,,,,,,,,,,,,,,,,,,,,,,,,q whos that cocksucker sniffing round my ex missus a dont worry about him mate he's a <mask> <mask> <mask>,▁fucking ▁dildo nian,3.0,2.766411054622517e-11,24.310885190963745,8.103628396987915,good cock .,0.0003235927397582,16.274860382080078,5.424953460693359,17.0,18.0,0.0,18.0,0.0,2.0
3778,"i hooked up with a bitch last night, but i had an odd feeling she was another dick tourist",hooked up,hooked up,is_multiword,0,1,1|2,1,4.40001920859019,1,1.0,,,,,,,,,,,,,,,,,,,,,,,,,,,,,,,i <mask> <mask> <mask> with a bitch last night but i had an odd feeling she was another dick tourist,▁hook ed ▁up,3.0,5.188828561742592e-08,16.77417278289795,5.591390927632649,had a sex,0.0280402259945725,13.200057625770569,4.40001920859019,1.0,2.0,0.0,18.0,0.0,2.0
3778,"i hooked up with a bitch last night, but i had an odd feeling she was another dick tourist",an odd,an odd,is_multiword,0,11,11|12,1,3.3542994260787964,1,1.0,,,,,,,,,,,,,,,,,,,,,,,,,,,,,,,i hooked up with a bitch last night but i had <mask> <mask> feeling she was another dick tourist,▁an ▁odd,2.0,5.7088471851044686e-05,9.77090835571289,4.885454177856445,a the,0.0467795328699206,6.708598852157593,3.3542994260787964,11.0,12.0,0.0,18.0,0.0,2.0
3784,i had a big dip of skoal long cut in last night when i picked up my girlfriend from work so i chew banged her when we got home,big dip,big dip,is_multiword,0,3,3|4,1,1.3260334332784016,0,1.0,,,,,,,,,,,,,,,,,,,,,,,,,,,,,,,i had a <mask> <mask> <mask> of skoal long cut in last night when i picked up my girlfriend from work so i chew banged her when we got home,▁big ▁di p,3.0,4.123620924514538e-06,12.398778915405272,4.132926305135091,big  ck,0.0002202651267559,3.978100299835205,1.3260334332784016,3.0,4.0,0.0,28.0,0.0,2.0
3784,i had a big dip of skoal long cut in last night when i picked up my girlfriend from work so i chew banged her when we got home,chew banged,chew banged,is_multiword,1,22,22|23,1,5.931920945644379,0,1.0,,,,,,,,,,,,,,,,,,,,,,,,,,,,,,,i had a big dip of skoal long cut in last night when i picked up my girlfriend from work so i <mask> <mask> <mask> <mask> her when we got home,▁che w ▁bang ed,4.0,3.2472897056720174e-14,31.05837059020996,7.76459264755249,had to to for,0.0006551234887656,23.727683782577515,5.931920945644379,22.0,23.0,0.0,28.0,0.0,2.0
3786,we pinned sick lines all day in the ak pow after the week long storm,ak pow,ak pow,is_multiword,1,8,8|9,1,11.502196907997131,1,1.0,,,,,,,,,,,,,,,,,,,,,,,,,,,,,,,we pinned sick lines all day in the <mask> <mask> after the week long storm,▁ak ▁pow,2.0,5.903459326858129e-13,28.15806770324707,14.079033851623535,"city ,",0.0057781374584366,23.004393815994263,11.502196907997131,8.0,9.0,0.0,14.0,0.0,2.0
3788,things were kind of dragging until he busted out the nang-nang,kind of,kind of,is_multiword,0,2,2|3,1,2.070676803588867,1,1.0,,,,,,,,,,,,,,,,,,,,,,,,,,,,,,,things were <mask> <mask> dragging until he busted out the nang-nang,▁kind ▁of,2.0,0.000380981470061,7.872759819030762,3.936379909515381,going and,0.0239591205375503,4.141353607177734,2.070676803588867,2.0,3.0,0.0,10.0,0.0,2.0
3789,"""hey you know that girl zooey? ""yeah she is the blade of women",zooey yeah,zooey yeah,is_multiword,0,5,5|6,1,8.186538775761923,0,1.0,,,,,,,,,,,,,,,,,,,,,,,,,,,,,,,hey you know that girl <mask> <mask> <mask> she is the blade of women,▁zoo ey ▁yeah,3.0,1.2141736144451931e-14,32.04212760925293,10.68070920308431,"is s ,",0.0005628421838668,24.559616327285767,8.186538775761923,5.0,6.0,0.0,12.0,0.0,2.0
3791,"man, after losing his job and getting dumped, doug started getting all [emo] over his ex and then went straigh up aspfriends on everyone at the office",aspfriends on,aspfriends on,is_multiword,0,21,21|22,1,4.137567281723023,0,1.0,,,,,,,,,,,,,,,,,,,,,,,,,,,,,,,man after losing his job and getting dumped doug started getting all emo over his ex and then went straigh up <mask> <mask> <mask> <mask> <mask> everyone at the office,▁as p friend s ▁on,5.0,8.3263826710338e-15,32.419347286224365,6.483869457244873,and the and to of,8.036548342328569e-06,20.687836408615112,4.137567281723023,21.0,22.0,0.0,26.0,0.0,2.0
3797,"""as when roger on american dad bends over and looks in the mirror and exclaims ""i'm checking out my pow pow",bends over,bends over,is_multiword,0,6,6|7,1,4.880234082539876,0,1.0,,,,,,,,,,,,,,,,,,,,,,,,,,,,,,,as when roger on american dad <mask> <mask> <mask> and looks in the mirror and exclaims i'm checking out my pow pow,▁ben ds ▁over,3.0,2.950695708099163e-09,19.64122486114502,6.547074953715007,gets s s,0.0067344265768406,14.640702247619627,4.880234082539876,6.0,7.0,0.0,20.0,0.0,2.0
3797,"""as when roger on american dad bends over and looks in the mirror and exclaims ""i'm checking out my pow pow",pow pow,pow pow,is_multiword,1,19,19|20,1,11.478872299194336,1,1.0,,,,,,,,,,,,,,,,,,,,,,,,,,,,,,,as when roger on american dad bends over and looks in the mirror and exclaims i'm checking out my <mask> <mask>,▁pow ▁pow,2.0,2.4151218060158965e-12,26.749271392822266,13.374635696411133,blog .,0.0225611293349113,22.957744598388672,11.478872299194336,19.0,20.0,0.0,20.0,0.0,2.0
3799,i think the reasion that it is switching is a back emf from when you power up the panel?,reasion that,reasion that,is_multiword,0,3,3|4,1,7.048913379510243,0,1.0,,,,,,,,,,,,,,,,,,,,,,,,,,,,,,,i think the <mask> <mask> <mask> it is switching is a back emf from when you power up the panel,▁rea sion ▁that,3.0,8.412076306189222e-12,25.501352787017822,8.500450929005941,only thing when,0.0128474150861528,21.14674013853073,7.048913379510243,3.0,4.0,0.0,18.0,0.0,2.0
3801,"nobody, otherwise known as [nobody] with a capital n, is intangible to anyone but a bunny",anyone but,anyone but,is_multiword,0,12,12|13,1,2.1354962587356567,0,1.0,,,,,,,,,,,,,,,,,,,,,,,,,,,,,,,nobody otherwise known as nobody with a capital n is intangible to <mask> <mask> a bunny,▁anyone ▁but,2.0,0.000817166232839,7.109668016433716,3.554834008216858,anyone as,0.0585031020904872,4.2709925174713135,2.1354962587356567,12.0,13.0,0.0,15.0,0.0,2.0
3802,"dude this bitch said i couldnt shoot it far, so i pulled the darth fader and splattered her",darth fader,darth fader,is_multiword,1,13,13|14,1,6.365961015224457,0,1.0,,,,,,,,,,,,,,,,,,,,,,,,,,,,,,,dude this bitch said i couldnt shoot it far so i pulled the <mask> <mask> <mask> <mask> and splattered her,▁dar th ▁fa der,4.0,8.718853618162739e-15,32.37328863143921,8.093322157859802,camera from her her,0.0009983121344906,25.463844060897827,6.365961015224457,13.0,14.0,0.0,17.0,0.0,2.0
3803,"dude, i just had a deja poo",deja poo,deja poo,is_multiword,1,5,5|6,1,6.326337019602458,0,1.0,,,,,,,,,,,,,,,,,,,,,,,,,,,,,,,dude i just had a <mask> <mask> <mask>,▁deja ▁po o,3.0,1.8417732563721245e-12,27.02029228210449,9.00676409403483,little day .,0.0003218962648107,18.979011058807373,6.326337019602458,5.0,6.0,0.0,6.0,0.0,2.0
3805,"ewww deedles oh my god, it's a deedles",ewww deedles,ewww deedles,is_multiword,0,0,0|1,1,4.203886318206787,0,1.0,,,,,,,,,,,,,,,,,,,,,,,,,,,,,,,<mask> <mask> <mask> <mask> <mask> oh my god it's a deedles,▁e www ▁de ed les,5.0,1.810779882160825e-15,33.94501876831055,6.78900375366211,"I ' s s ,",2.434943080478096e-06,21.019431591033936,4.203886318206787,0.0,1.0,0.0,7.0,0.0,2.0
3813,damn seems like hes makin mexican wage at kfc,hes makin,hes makin,is_multiword,0,3,3|4,1,4.940254131952922,0,1.0,,,,,,,,,,,,,,,,,,,,,,,,,,,,,,,damn seems like <mask> <mask> <mask> mexican wage at kfc,▁he s ▁makin,3.0,9.343324967017473e-11,23.09377384185791,7.697924613952637,a match a,0.0002553152642606,14.820762395858765,4.940254131952922,3.0,4.0,0.0,8.0,0.0,2.0
3814,russ-dude u threw up on my shirt man not chillin catos john- bro im sorry what can i do to make this chillin catos,russ-dude u,russ-dude u,is_multiword,0,0,0|1,1,4.894237404068311,0,1.0,,,,,,,,,,,,,,,,,,,,,,,,,,,,,,,<mask> <mask> <mask> <mask> <mask> <mask> threw up on my shirt man not chillin catos john- bro im sorry what can i do to make this chillin catos,▁rus s - du de ▁u,6.0,1.8976925439582776e-19,43.10847806930542,7.184746344884236,i - this the that i,1.0751464803296317e-06,29.365424424409863,4.894237404068311,0.0,1.0,0.0,23.0,0.0,2.0
3814,russ-dude u threw up on my shirt man not chillin catos john- bro im sorry what can i do to make this chillin catos,chillin catos,chillin catos,is_multiword,1,9,9|10,1,7.689866926521063,1,1.0,,,,,,,,,,,,,,,,,,,,,,,,,,,,,,,russ-dude u threw up on my shirt man not <mask> <mask> <mask> <mask> john- bro im sorry what can i do to make this chillin catos,▁chill in ▁ca tos,4.0,1.3806001306894565e-17,38.8214282989502,9.705357074737549,a it . </s>,0.0003153080082636,30.75946770608425,7.689866926521063,9.0,10.0,0.0,23.0,0.0,2.0
3814,russ-dude u threw up on my shirt man not chillin catos john- bro im sorry what can i do to make this chillin catos,bro im,bro im,is_multiword,0,12,12|13,1,5.871608912944794,0,1.0,,,,,,,,,,,,,,,,,,,,,,,,,,,,,,,russ-dude u threw up on my shirt man not chillin catos john- <mask> <mask> sorry what can i do to make this chillin catos,▁bro ▁im,2.0,1.1226927735782013e-07,16.002365589141846,8.001182794570923,i am,0.0141343430852647,11.743217825889587,5.871608912944794,12.0,13.0,0.0,23.0,0.0,2.0
3815,mariilyn monroe is overheard on the tapes telling her psychiatrist that joan crawford was a real cunt wanger,cunt wanger,cunt wanger,is_multiword,1,16,16|17,1,6.97377872467041,0,1.0,,,,,,,,,,,,,,,,,,,,,,,,,,,,,,,mariilyn monroe is overheard on the tapes telling her psychiatrist that joan crawford was a real <mask> <mask> <mask> <mask>,▁cu nt ▁wang er,4.0,8.133133268598864e-17,37.04800033569336,9.26200008392334,- of . .,0.0001059137539508,27.89511489868164,6.97377872467041,16.0,17.0,0.0,17.0,0.0,2.0
3816,"yo,jenny wats up??? blub blub im bored",wats up,wats up,is_multiword,0,2,2|3,1,5.066926042238872,1,1.0,,,,,,,,,,,,,,,,,,,,,,,,,,,,,,,yo jenny <mask> <mask> <mask> blub blub im bored,▁wat s ▁up,3.0,4.353972150573889e-10,21.55476236343384,7.184920787811279,i blu b,0.0017398015278471,15.200778126716614,5.066926042238872,2.0,3.0,0.0,7.0,0.0,2.0
3816,"yo,jenny wats up??? blub blub im bored",wats up blub,wats up blub,is_multiword,0,2,2|3|4,1,3.95212140083313,0,1.0,,,,,,,,,,,,,,,,,,,,,,,,,,,,,,,yo jenny <mask> <mask> <mask> <mask> <mask> blub im bored,▁wat s ▁up ▁blu b,5.0,1.4616050707897342e-15,34.15924119949341,6.831848239898681,i i i i i,5.581521757610789e-07,19.76060700416565,3.95212140083313,2.0,4.0,0.0,7.0,0.0,3.0
3816,"yo,jenny wats up??? blub blub im bored",wats up blub blub,wats up blub blub,is_multiword,0,2,2|3|4|5,1,5.725742374147687,0,1.0,,,,,,,,,,,,,,,,,,,,,,,,,,,,,,,yo jenny <mask> <mask> <mask> <mask> <mask> <mask> <mask> im bored,▁wat s ▁up ▁blu b ▁blu b,7.0,1.832922805151977e-26,59.261300563812256,8.465900080544609,i i i i i i when,4.674685520650435e-09,40.08019661903381,5.725742374147687,2.0,5.0,0.0,7.0,0.0,4.0
3816,"yo,jenny wats up??? blub blub im bored",wats up blub blub im,wats up blub blub im,is_multiword,0,2,2|3|4|5|6,1,4.580386728048325,0,1.0,,,,,,,,,,,,,,,,,,,,,,,,,,,,,,,yo jenny <mask> <mask> <mask> <mask> <mask> <mask> <mask> <mask> bored,▁wat s ▁up ▁blu b ▁blu b ▁im,8.0,1.6136904963493695e-28,63.9938588142395,7.999232351779938,"and s , , , i ' be",1.3234687437865752e-12,36.6430938243866,4.580386728048325,2.0,6.0,0.0,7.0,0.0,5.0
3816,"yo,jenny wats up??? blub blub im bored",up blub,up blub,is_multiword,0,3,3|4,1,3.610438068707784,0,1.0,,,,,,,,,,,,,,,,,,,,,,,,,,,,,,,yo jenny wats <mask> <mask> <mask> blub im bored,▁up ▁blu b,3.0,2.6989966385366124e-08,17.42780065536499,5.809266885121663,i i i,0.001365156166439,10.831314206123352,3.610438068707784,3.0,4.0,0.0,7.0,0.0,2.0
3816,"yo,jenny wats up??? blub blub im bored",up blub blub,up blub blub,is_multiword,0,3,3|4|5,1,5.882293176651001,0,1.0,,,,,,,,,,,,,,,,,,,,,,,,,,,,,,,yo jenny wats <mask> <mask> <mask> <mask> <mask> im bored,▁up ▁blu b ▁blu b,5.0,3.6310238082408395e-19,42.45960211753845,8.49192042350769,i i i i when,2.154102845070188e-06,29.411465883255005,5.882293176651001,3.0,5.0,0.0,7.0,0.0,3.0
3816,"yo,jenny wats up??? blub blub im bored",up blub blub im,up blub blub im,is_multiword,0,3,3|4|5|6,1,4.307315826416016,0,1.0,,,,,,,,,,,,,,,,,,,,,,,,,,,,,,,yo jenny wats <mask> <mask> <mask> <mask> <mask> <mask> bored,▁up ▁blu b ▁blu b ▁im,6.0,4.6110387426864746e-21,46.825833797454834,7.804305632909139,got i i i i is,7.72075448888199e-10,25.843894958496094,4.307315826416016,3.0,6.0,0.0,7.0,0.0,4.0
3816,"yo,jenny wats up??? blub blub im bored",blub blub,blub blub,is_multiword,1,4,4|5,1,7.24690443277359,1,1.0,,,,,,,,,,,,,,,,,,,,,,,,,,,,,,,yo jenny wats up <mask> <mask> <mask> <mask> im bored,▁blu b ▁blu b,4.0,4.643624402261224e-18,39.91103649139404,9.97775912284851,"with i you ,",1.8030987357935895e-05,28.98761773109436,7.24690443277359,4.0,5.0,0.0,7.0,0.0,2.0
3816,"yo,jenny wats up??? blub blub im bored",blub blub im,blub blub im,is_multiword,0,4,4|5|6,1,5.48386697769165,0,1.0,,,,,,,,,,,,,,,,,,,,,,,,,,,,,,,yo jenny wats up <mask> <mask> <mask> <mask> <mask> bored,▁blu b ▁blu b ▁im,5.0,5.259951399291285e-19,42.0889949798584,8.41779899597168,and you you i be,4.256450340624433e-07,27.41933488845825,5.48386697769165,4.0,6.0,0.0,7.0,0.0,3.0
3816,"yo,jenny wats up??? blub blub im bored",blub im,blub im,is_multiword,0,5,5|6,1,1.870657444000244,0,1.0,,,,,,,,,,,,,,,,,,,,,,,,,,,,,,,yo jenny wats up blub <mask> <mask> <mask> bored,▁blu b ▁im,3.0,3.208774342060676e-07,14.9522066116333,4.984068870544434,and s is,8.781885950646586e-05,5.611972332000732,1.870657444000244,5.0,6.0,0.0,7.0,0.0,2.0
3817,cletus and i went to the round up last night for a look at that honky tonk badonkadonk,round up,round up,is_multiword,0,6,6|7,1,4.978303790092468,0,1.0,,,,,,,,,,,,,,,,,,,,,,,,,,,,,,,cletus and i went to the <mask> <mask> last night for a look at that honky tonk badonkadonk,▁round ▁up,2.0,1.9487012951528025e-07,15.450932502746582,7.725466251373291, park,0.0041100301178301,9.956607580184937,4.978303790092468,6.0,7.0,0.0,17.0,0.0,2.0
3817,cletus and i went to the round up last night for a look at that honky tonk badonkadonk,honky tonk,honky tonk,is_multiword,0,15,15|16,1,4.476117968559265,0,1.0,,,,,,,,,,,,,,,,,,,,,,,,,,,,,,,cletus and i went to the round up last night for a look at that <mask> <mask> <mask> <mask> badonkadonk,▁hon ky ▁to nk,4.0,8.138185007588054e-14,30.13962411880493,7.534906029701233, . . .,4.856695718640994e-06,17.90447187423706,4.476117968559265,15.0,16.0,0.0,17.0,0.0,2.0
3817,cletus and i went to the round up last night for a look at that honky tonk badonkadonk,honky tonk badonkadonk,honky tonk badonkadonk,is_multiword,1,15,15|16|17,1,6.911276176571846,0,1.0,,,,,,,,,,,,,,,,,,,,,,,,,,,,,,,cletus and i went to the round up last night for a look at that <mask> <mask> <mask> <mask> <mask> <mask> <mask> <mask>,▁hon ky ▁to nk ▁bado nka don k,8.0,3.2587552500705374e-35,79.4091329574585,9.926141619682312,. . and the the the . .,3.351850153633937e-11,55.29020941257477,6.911276176571846,15.0,17.0,0.0,17.0,0.0,3.0
3817,cletus and i went to the round up last night for a look at that honky tonk badonkadonk,tonk badonkadonk,tonk badonkadonk,is_multiword,0,16,16|17,1,6.4506263335545855,0,1.0,,,,,,,,,,,,,,,,,,,,,,,,,,,,,,,cletus and i went to the round up last night for a look at that honky <mask> <mask> <mask> <mask> <mask> <mask>,▁to nk ▁bado nka don k,6.0,2.64890419609302e-25,56.59048128128052,9.43174688021342,and s the the . .,1.7056690935668585e-08,38.70375800132752,6.4506263335545855,16.0,17.0,0.0,17.0,0.0,2.0
3819,dont ask him to do it he�s a fucking dimbosh,he s,he s,is_multiword,0,6,6|7,1,2.4961090683937077,0,1.0,,,,,,,,,,,,,,,,,,,,,,,,,,,,,,,dont ask him to do it <mask> <mask> a fucking dimbosh,▁he ▁s,2.0,8.908350965466907e-05,9.325936317443848,4.662968158721924,he is,0.0131186790768038,4.992218136787415,2.4961090683937077,6.0,7.0,0.0,10.0,0.0,2.0
3819,dont ask him to do it he�s a fucking dimbosh,fucking dimbosh,fucking dimbosh,is_multiword,0,9,9|10,1,4.839537501335144,0,1.0,,,,,,,,,,,,,,,,,,,,,,,,,,,,,,,dont ask him to do it he s a <mask> <mask> <mask> <mask>,▁fucking ▁di mbo sh,4.0,1.9733852552937624e-14,31.556440830230716,7.889110207557678,   .,5.039060888497901e-06,19.358150005340576,4.839537501335144,9.0,10.0,0.0,10.0,0.0,2.0
3822,i can find out who was in that movie clickety split by using imdb,split by,split by,is_multiword,0,10,10|11,1,5.047063827514648,0,1.0,,,,,,,,,,,,,,,,,,,,,,,,,,,,,,,i can find out who was in that movie clickety <mask> <mask> using imdb,▁split ▁by,2.0,5.9073180658645044e-08,16.64448881149292,8.32224440574646,. s,0.0014295991960724,10.094127655029297,5.047063827514648,10.0,11.0,0.0,13.0,0.0,2.0
3825,the cardinal was a raging atheiphobe,raging atheiphobe,raging atheiphobe,is_multiword,0,4,4|5,1,6.63421509663264,0,1.0,,,,,,,,,,,,,,,,,,,,,,,,,,,,,,,the cardinal was a <mask> <mask> <mask> <mask> <mask> <mask>,▁rag ing ▁at hei pho be,6.0,3.817894061378033e-24,53.92234325408936,8.987057209014893,man of of the s .,7.396766732323126e-07,39.80529057979584,6.63421509663264,4.0,5.0,0.0,5.0,0.0,2.0
3826,omg it's humiliating to get brwned by my noob ass bro,get brwned,get brwned,is_multiword,0,4,4|5,1,4.014316439628601,1,1.0,,,,,,,,,,,,,,,,,,,,,,,,,,,,,,,omg it's humiliating to <mask> <mask> <mask> <mask> by my noob ass bro,▁get ▁br wn ed,4.0,2.6173943737164818e-11,24.366256713867188,6.091564178466797,be so fucked fucked,0.0002462924380866,16.057265758514404,4.014316439628601,4.0,5.0,0.0,10.0,0.0,2.0
3826,omg it's humiliating to get brwned by my noob ass bro,noob ass,noob ass,is_multiword,0,8,8|9,1,4.805702288945516,0,1.0,,,,,,,,,,,,,,,,,,,,,,,,,,,,,,,omg it's humiliating to get brwned by my <mask> <mask> <mask> bro,▁no ob ▁ass,3.0,4.058708121253016e-11,23.92757129669189,7.975857098897298,friend and my,7.40726322044907e-05,14.417106866836548,4.805702288945516,8.0,9.0,0.0,10.0,0.0,2.0
3826,omg it's humiliating to get brwned by my noob ass bro,noob ass bro,noob ass bro,is_multiword,0,8,8|9|10,1,5.291275978088379,0,1.0,,,,,,,,,,,,,,,,,,,,,,,,,,,,,,,omg it's humiliating to get brwned by my <mask> <mask> <mask> <mask>,▁no ob ▁ass ▁bro,4.0,6.4005675027243385e-15,32.68238973617554,8.170597434043884,friend s . .,9.9564913371086e-06,21.16510391235352,5.291275978088379,8.0,10.0,0.0,10.0,0.0,3.0
3826,omg it's humiliating to get brwned by my noob ass bro,ass bro,ass bro,is_multiword,0,9,9|10,1,5.96721088886261,0,1.0,,,,,,,,,,,,,,,,,,,,,,,,,,,,,,,omg it's humiliating to get brwned by my noob <mask> <mask>,▁ass ▁bro,2.0,1.4500347613179348e-07,15.74650812149048,7.873254060745239,. .,0.0221020184120851,11.93442177772522,5.96721088886261,9.0,10.0,0.0,10.0,0.0,2.0
3827,"well, generally i'm straight, but i'd much rather get down with a fit woman than a fat man, so i guess that makes me a hotosexual",get down,get down,is_multiword,0,8,8|9,1,2.268613815307617,0,1.0,,,,,,,,,,,,,,,,,,,,,,,,,,,,,,,well generally i'm straight but i'd much rather <mask> <mask> with a fit woman than a fat man so i guess that makes me a hotosexual,▁get ▁down,2.0,0.0008113544442162,7.116805553436279,3.55840277671814,have sex,0.0758059932511883,4.537227630615234,2.268613815307617,8.0,9.0,0.0,25.0,0.0,2.0
3830,i got's ta chill with all these girls on my dils,got's ta,got's ta,is_multiword,0,1,1|2,1,3.622552156448364,0,1.0,,,,,,,,,,,,,,,,,,,,,,,,,,,,,,,i <mask> <mask> <mask> <mask> chill with all these girls on my dils,▁got ' s ▁ta,4.0,7.873182642257843e-11,23.26497364044189,5.816243410110474,just to love to,0.0001545852220536,14.490208625793455,3.622552156448364,1.0,2.0,0.0,10.0,0.0,2.0
3830,i got's ta chill with all these girls on my dils,got's ta chill,got's ta chill,is_multiword,0,1,1|2|3,1,3.691154432296753,0,1.0,,,,,,,,,,,,,,,,,,,,,,,,,,,,,,,i <mask> <mask> <mask> <mask> <mask> with all these girls on my dils,▁got ' s ▁ta ▁chill,5.0,8.856409247607383e-14,30.055049896240234,6.011009979248047,love love to to sex,9.172710474237484e-06,18.455772161483765,3.691154432296753,1.0,3.0,0.0,10.0,0.0,3.0
3830,i got's ta chill with all these girls on my dils,ta chill,ta chill,is_multiword,0,2,2|3,1,4.12257194519043,0,1.0,,,,,,,,,,,,,,,,,,,,,,,,,,,,,,,i got's <mask> <mask> with all these girls on my dils,▁ta ▁chill,2.0,9.651202001786283e-07,13.85101318359375,6.925506591796875,to ed,0.0036762234387602,8.24514389038086,4.12257194519043,2.0,3.0,0.0,10.0,0.0,2.0
3831,"befo going out yo dudeh is shirt good enough for tha [club] , yeah man n1b1 how you like my new shoes ? , there a n1b1",yo dudeh,yo dudeh,is_multiword,0,3,3|4,1,4.992814838886261,1,1.0,,,,,,,,,,,,,,,,,,,,,,,,,,,,,,,befo going out <mask> <mask> <mask> <mask> is shirt good enough for tha club yeah man n1b1 how you like my new shoes there a n1b1,▁yo ▁du de h,4.0,2.1864152709333918e-13,29.15134286880493,7.287835717201233,to the club it,0.0001030719249178,19.971259355545044,4.992814838886261,3.0,4.0,0.0,23.0,0.0,2.0
3831,"befo going out yo dudeh is shirt good enough for tha [club] , yeah man n1b1 how you like my new shoes ? , there a n1b1",n 1,n 1,is_multiword,0,14,14|15,1,3.895413231849671,0,1.0,,,,,,,,,,,,,,,,,,,,,,,,,,,,,,,befo going out yo dudeh is shirt good enough for tha club yeah man <mask> <mask> <mask> <mask> <mask> you like my new shoes there a n1b1,▁n 1 b 1 ▁how,5.0,1.2498629461649186e-15,34.31574249267578,6.863148498535156,i you it </s> if,3.594551826194892e-07,19.477066159248352,3.895413231849671,14.0,15.0,0.0,23.0,0.0,2.0
3831,"befo going out yo dudeh is shirt good enough for tha [club] , yeah man n1b1 how you like my new shoes ? , there a n1b1",n 1 b,n 1 b,is_multiword,0,14,14|15|16,1,4.209589680035909,0,1.0,,,,,,,,,,,,,,,,,,,,,,,,,,,,,,,befo going out yo dudeh is shirt good enough for tha club yeah man <mask> <mask> <mask> <mask> <mask> <mask> like my new shoes there a n1b1,▁n 1 b 1 ▁how ▁you,6.0,7.053809680074635e-19,41.79554891586304,6.965924819310506,i i i i i i,6.57102549808593e-08,25.25753808021545,4.209589680035909,14.0,16.0,0.0,23.0,0.0,3.0
3831,"befo going out yo dudeh is shirt good enough for tha [club] , yeah man n1b1 how you like my new shoes ? , there a n1b1",n 1 b 1,n 1 b 1,is_multiword,0,14,14|15|16|17,1,3.788955756596157,0,1.0,,,,,,,,,,,,,,,,,,,,,,,,,,,,,,,befo going out yo dudeh is shirt good enough for tha club yeah man <mask> <mask> <mask> <mask> <mask> <mask> <mask> my new shoes there a n1b1,▁n 1 b 1 ▁how ▁you ▁like,7.0,3.7131245471339246e-21,47.04241323471069,6.720344747815814,i i i i i to in,1.2257377387119903e-09,26.522690296173096,3.788955756596157,14.0,17.0,0.0,23.0,0.0,4.0
3831,"befo going out yo dudeh is shirt good enough for tha [club] , yeah man n1b1 how you like my new shoes ? , there a n1b1",1 b,1 b,is_multiword,0,15,15|16,1,3.363136231899261,0,1.0,,,,,,,,,,,,,,,,,,,,,,,,,,,,,,,befo going out yo dudeh is shirt good enough for tha club yeah man n1b1 <mask> <mask> like my new shoes there a n1b1,▁how ▁you,2.0,8.059620389444473e-05,9.426059007644652,4.713029503822327,</s> i,0.0672198597011871,6.726272463798523,3.363136231899261,15.0,16.0,0.0,23.0,0.0,2.0
3831,"befo going out yo dudeh is shirt good enough for tha [club] , yeah man n1b1 how you like my new shoes ? , there a n1b1",1 b 1,1 b 1,is_multiword,0,15,15|16|17,1,2.837846040725708,0,1.0,,,,,,,,,,,,,,,,,,,,,,,,,,,,,,,befo going out yo dudeh is shirt good enough for tha club yeah man n1b1 <mask> <mask> <mask> my new shoes there a n1b1,▁how ▁you ▁like,3.0,8.636647243934645e-07,13.96208119392395,4.654027064641316,</s> i got,0.0043025686604097,8.513538122177124,2.837846040725708,15.0,17.0,0.0,23.0,0.0,3.0
3831,"befo going out yo dudeh is shirt good enough for tha [club] , yeah man n1b1 how you like my new shoes ? , there a n1b1",b 1,b 1,is_multiword,0,16,16|17,1,2.51566880941391,1,1.0,,,,,,,,,,,,,,,,,,,,,,,,,,,,,,,befo going out yo dudeh is shirt good enough for tha club yeah man n1b1 how <mask> <mask> my new shoes there a n1b1,▁you ▁like,2.0,0.0001292755782043,8.953564167022705,4.4767820835113525,to is,0.0197969667354823,5.03133761882782,2.51566880941391,16.0,17.0,0.0,23.0,0.0,2.0
3844,"dude, that is some nasty kelpdrank",nasty kelpdrank,nasty kelpdrank,is_multiword,0,4,4|5,1,5.524803121884664,0,1.0,,,,,,,,,,,,,,,,,,,,,,,,,,,,,,,dude that is some <mask> <mask> <mask> <mask> <mask> <mask>,▁na sty ▁kel p d rank,6.0,6.123031007094299e-23,51.14739990234375,8.524566650390625,of of the the . .,1.5251603817902223e-08,33.14881873130798,5.524803121884664,4.0,5.0,0.0,5.0,0.0,2.0
3847,that brad pitt's such a spunk,pitt's such,pitt's such,is_multiword,0,2,2|3,1,3.2981582641601563,0,1.0,,,,,,,,,,,,,,,,,,,,,,,,,,,,,,,that brad <mask> <mask> <mask> <mask> <mask> a spunk,▁pit t ' s ▁such,5.0,2.646893232812393e-13,28.960219621658325,5.792043924331665,is s a d of,3.842342693868002e-06,16.49079132080078,3.2981582641601563,2.0,3.0,0.0,5.0,0.0,2.0
3848,"blades of serenity owned our clan so hard, damn",clan so,clan so,is_multiword,0,5,5|6,1,5.508173108100891,0,1.0,,,,,,,,,,,,,,,,,,,,,,,,,,,,,,,blades of serenity owned our <mask> <mask> hard damn,▁clan ▁so,2.0,5.872481435727309e-07,14.347818374633787,7.173909187316895,lives a,0.0357404507135075,11.016346216201782,5.508173108100891,5.0,6.0,0.0,8.0,0.0,2.0
3849,kate immediately grabbed drew's hand and pulled him back to her bedroom from the tv once she noticed that his date balls had come out,come out,come out,is_multiword,0,23,23|24,1,3.5607529282569885,1,1.0,,,,,,,,,,,,,,,,,,,,,,,,,,,,,,,kate immediately grabbed drew's hand and pulled him back to her bedroom from the tv once she noticed that his date balls had <mask> <mask>,▁come ▁out,2.0,0.0001286499984309,8.958415031433105,4.479207515716553,gone .,0.159309062380282,7.121505856513977,3.5607529282569885,23.0,24.0,0.0,24.0,0.0,2.0
3850,hey look its amani ;),its amani,its amani,is_multiword,0,2,2|3,1,9.2816162109375,0,1.0,,,,,,,,,,,,,,,,,,,,,,,,,,,,,,,hey look <mask> <mask>,▁its ▁amani,2.0,6.38903290373633e-11,23.47385311126709,11.736926555633543,at .,0.0073679137259188,18.563232421875,9.2816162109375,2.0,3.0,0.0,3.0,0.0,2.0
3852,look at you you dirty greeb cum gullet,greeb cum,greeb cum,is_multiword,0,5,5|6,1,6.779024759928386,0,1.0,,,,,,,,,,,,,,,,,,,,,,,,,,,,,,,look at you you dirty <mask> <mask> <mask> gullet,▁gre eb ▁cum,3.0,3.156436456300836e-13,28.784162521362305,9.594720840454102,du du i,0.0002145241493444,20.33707427978516,6.779024759928386,5.0,6.0,0.0,7.0,0.0,2.0
3852,look at you you dirty greeb cum gullet,greeb cum gullet,greeb cum gullet,is_multiword,0,5,5|6|7,1,6.463387632369996,0,1.0,,,,,,,,,,,,,,,,,,,,,,,,,,,,,,,look at you you dirty <mask> <mask> <mask> <mask> <mask>,▁gre eb ▁cum ▁gull et,5.0,3.1735270789850756e-21,47.19944334030152,9.439888668060302,fuck you you fuck .,3.440409388216218e-07,32.316938161849976,6.463387632369996,5.0,7.0,0.0,7.0,0.0,3.0
3852,look at you you dirty greeb cum gullet,cum gullet,cum gullet,is_multiword,1,6,6|7,1,5.228895664215088,0,1.0,,,,,,,,,,,,,,,,,,,,,,,,,,,,,,,look at you you dirty greeb <mask> <mask> <mask>,▁cum ▁gull et,3.0,5.0101629535768415e-11,23.71696758270264,7.905655860900879,s fuck .,0.0003254568761439,15.686686992645264,5.228895664215088,6.0,7.0,0.0,7.0,0.0,2.0
3853,oh shit you h4x dude,h 4,h 4,is_multiword,0,3,3|4,1,5.445428514480591,0,1.0,,,,,,,,,,,,,,,,,,,,,,,,,,,,,,,oh shit you <mask> <mask> <mask> <mask> <mask>,▁h 4 x ▁du de,5.0,2.827507774135149e-19,42.709721088409424,8.541944217681884,are re fuck fuck </s>,1.8879982389283068e-07,27.227142572402958,5.445428514480591,3.0,4.0,0.0,4.0,0.0,2.0
3853,oh shit you h4x dude,h 4 x,h 4 x,is_multiword,0,3,,1,,0,1.0,,,,,,,,,,,,,,,,,,,,,,,,,,,,,,,,,,,,,,,,,,,,,,
3853,oh shit you h4x dude,h 4 x dude,h 4 x dude,is_multiword,0,3,,1,,0,1.0,,,,,,,,,,,,,,,,,,,,,,,,,,,,,,,,,,,,,,,,,,,,,,
3853,oh shit you h4x dude,4 x,4 x,is_multiword,0,4,,1,,0,1.0,,,,,,,,,,,,,,,,,,,,,,,,,,,,,,,,,,,,,,,,,,,,,,
3853,oh shit you h4x dude,4 x dude,4 x dude,is_multiword,0,4,,1,,0,1.0,,,,,,,,,,,,,,,,,,,,,,,,,,,,,,,,,,,,,,,,,,,,,,
3853,oh shit you h4x dude,x dude,x dude,is_multiword,0,5,,1,,0,1.0,,,,,,,,,,,,,,,,,,,,,,,,,,,,,,,,,,,,,,,,,,,,,,
3857,1)that video was so acepank 2)i had an acepank time,acepank 2,acepank 2,is_multiword,0,5,5|6,1,5.047956085205078,0,1.0,,,,,,,,,,,,,,,,,,,,,,,,,,,,,,,1 that video was so <mask> <mask> <mask> <mask> <mask> i had an acepank time,▁a ce pan k ▁2,5.0,2.0817420042815835e-16,36.10815644264221,7.221631288528442,good and i i like,1.9051284771030695e-05,25.23978042602539,5.047956085205078,5.0,6.0,0.0,11.0,0.0,2.0
3858,"dude, i bet chamillionaire made a chamillion dollars off that overplayed shit on the radio",overplayed shit,overplayed shit,is_multiword,0,10,10|11,1,4.08445531129837,0,1.0,,,,,,,,,,,,,,,,,,,,,,,,,,,,,,,dude i bet chamillionaire made a chamillion dollars off that <mask> <mask> <mask> <mask> on the radio,▁over play ed ▁shit,4.0,5.248347521063974e-13,28.2756929397583,7.068923234939575,i i was was,6.5380493954136295e-06,16.33782124519348,4.08445531129837,10.0,11.0,0.0,14.0,0.0,2.0
3859,"bro, i was so hung ched after that banger saturday, but it was epic",so hung,so hung,is_multiword,0,3,3|4,1,5.016406893730164,0,1.0,,,,,,,,,,,,,,,,,,,,,,,,,,,,,,,bro i was <mask> <mask> ched after that banger saturday but it was epic,▁so ▁hung,2.0,3.167423849690861e-07,14.965177059173584,7.482588529586792,in in,0.0072094452549007,10.032813787460327,5.016406893730164,3.0,4.0,0.0,13.0,0.0,2.0
3859,"bro, i was so hung ched after that banger saturday, but it was epic",so hung ched,so hung ched,is_multiword,0,3,3|4|5,1,3.859763145446777,0,1.0,,,,,,,,,,,,,,,,,,,,,,,,,,,,,,,bro i was <mask> <mask> <mask> <mask> after that banger saturday but it was epic,▁so ▁hung ▁che d,4.0,1.323826298373049e-12,27.350494861602783,6.837623715400696,a a the day,6.71314992439194e-06,15.43905258178711,3.859763145446777,3.0,5.0,0.0,13.0,0.0,3.0
3859,"bro, i was so hung ched after that banger saturday, but it was epic",hung ched,hung ched,is_multiword,1,4,4|5,1,4.2331124146779375,0,1.0,,,,,,,,,,,,,,,,,,,,,,,,,,,,,,,bro i was so <mask> <mask> <mask> after that banger saturday but it was epic,▁hung ▁che d,3.0,1.4644006904631126e-09,20.341819763183597,6.780606587727864,happy to it,0.0004796362666422,12.699337244033812,4.2331124146779375,4.0,5.0,0.0,13.0,0.0,2.0
3865,teri gand mar doonga,teri gand,teri gand,is_multiword,0,0,0|1,1,5.926605105400085,0,1.0,,,,,,,,,,,,,,,,,,,,,,,,,,,,,,,<mask> <mask> mar doonga,▁teri ▁gand,2.0,3.805792311823835e-09,19.386741638183597,9.693370819091797,mar o,0.0005348461473977,11.853210210800173,5.926605105400085,0.0,1.0,0.0,3.0,0.0,2.0
3865,teri gand mar doonga,teri gand mar,teri gand mar,is_multiword,0,0,0|1|2,1,7.900309403737386,0,1.0,,,,,,,,,,,,,,,,,,,,,,,,,,,,,,,<mask> <mask> <mask> doonga,▁teri ▁gand ▁mar,3.0,2.152191604589275e-14,31.469704627990723,10.489901542663574, : :,0.0004227301960666,23.70092821121216,7.900309403737386,0.0,2.0,0.0,3.0,0.0,3.0
3865,teri gand mar doonga,teri gand mar doonga,teri gand mar doonga,is_multiword,0,0,0|1|2|3,1,10.717595386505128,1,1.0,,,,,,,,,,,,,,,,,,,,,,,,,,,,,,,<mask> <mask> <mask> <mask> <mask>,▁teri ▁gand ▁mar ▁do onga,5.0,3.6232940938879145e-29,65.4875841140747,13.097516822814942,   . </s>,6.793072727646927e-06,53.58797693252564,10.717595386505128,0.0,3.0,0.0,3.0,0.0,4.0
3865,teri gand mar doonga,gand mar,gand mar,is_multiword,0,1,1|2,1,6.018322110176086,0,1.0,,,,,,,,,,,,,,,,,,,,,,,,,,,,,,,teri <mask> <mask> doonga,▁gand ▁mar,2.0,1.3616847897508248e-07,15.809372901916504,7.904686450958252,teri teri,0.0229892472885185,12.036644220352173,6.018322110176086,1.0,2.0,0.0,3.0,0.0,2.0
3865,teri gand mar doonga,gand mar doonga,gand mar doonga,is_multiword,0,1,1|2|3,1,6.363060355186462,0,1.0,,,,,,,,,,,,,,,,,,,,,,,,,,,,,,,teri <mask> <mask> <mask> <mask>,▁gand ▁mar ▁do onga,4.0,4.640554545954427e-16,35.306527614593506,8.826631903648376,teri  . </s>,5.252159215123248e-05,25.45224142074585,6.363060355186462,1.0,3.0,0.0,3.0,0.0,3.0
3865,teri gand mar doonga,mar doonga,mar doonga,is_multiword,0,2,2|3,1,5.03921643892924,0,1.0,,,,,,,,,,,,,,,,,,,,,,,,,,,,,,,teri gand <mask> <mask> <mask>,▁mar ▁do onga,3.0,4.743827937547376e-10,21.469006538391117,7.156335512797038,gand gand gand,0.0017443780213827,15.11764931678772,5.03921643892924,2.0,3.0,0.0,3.0,0.0,2.0
3867,"dude, you need to toke on some of this atomic haze",toke on,toke on,is_multiword,0,4,4|5,1,3.4318312803904214,0,1.0,,,,,,,,,,,,,,,,,,,,,,,,,,,,,,,dude you need to <mask> <mask> <mask> some of this atomic haze,▁to ke ▁on,3.0,3.6688546670954e-08,17.120801210403442,5.706933736801148,get to of,0.0010859421049699,10.295493841171265,3.4318312803904214,4.0,5.0,0.0,10.0,0.0,2.0
3868,movie star : chow yuen fat chow sing chi (steven chow),yuen fat,yuen fat,is_multiword,0,3,3|4,1,6.529657453298569,0,1.0,,,,,,,,,,,,,,,,,,,,,,,,,,,,,,,movie star chow <mask> <mask> <mask> <mask> chow sing chi steven chow,▁y u en ▁fat,4.0,5.894744552896984e-15,32.76471519470215,8.191178798675537,sing chi ste ven,0.0012990976362308,26.118629813194275,6.529657453298569,3.0,4.0,0.0,9.0,0.0,2.0
3868,movie star : chow yuen fat chow sing chi (steven chow),sing chi,sing chi,is_multiword,0,6,6|7,1,6.077139735221863,0,1.0,,,,,,,,,,,,,,,,,,,,,,,,,,,,,,,movie star chow yuen fat chow <mask> <mask> steven chow,▁sing ▁chi,2.0,5.890517084886708e-08,16.647336959838867,8.323668479919434,</s> movie,0.0111863892033672,12.154279470443726,6.077139735221863,6.0,7.0,0.0,9.0,0.0,2.0
3869,that guy is such a douchemeyer for beating praireview a&m 70-3,beating praireview,beating praireview,is_multiword,0,7,7|8,1,6.407012987136841,0,1.0,,,,,,,,,,,,,,,,,,,,,,,,,,,,,,,that guy is such a douchemeyer for <mask> <mask> <mask> <mask> <mask> a m 70-3,▁be ating ▁pra i review,5.0,2.178635419727932e-21,47.57558822631836,9.515117645263672,the . . a is,1.781707831686912e-07,32.035064935684204,6.407012987136841,7.0,8.0,0.0,11.0,0.0,2.0
3871,frankilton half-ass did the work,frankilton half-ass,frankilton half-ass,is_multiword,0,0,0|1,1,5.348800420761108,0,1.0,,,,,,,,,,,,,,,,,,,,,,,,,,,,,,,<mask> <mask> <mask> <mask> <mask> <mask> <mask> did the work,▁frank il ton ▁half - as s,7.0,2.0880806810487066e-25,56.82838201522827,8.118340287889753,"Home : : : : , who",3.805649857149545e-09,37.44160294532776,5.348800420761108,0.0,1.0,0.0,4.0,0.0,2.0
3874,te amo bebuchi,te amo,te amo,is_multiword,0,0,0|1,1,5.403015375137329,1,1.0,,,,,,,,,,,,,,,,,,,,,,,,,,,,,,,<mask> <mask> bebuchi,▁te ▁amo,2.0,3.675812681340023e-08,17.118906497955322,8.559453248977661, :,0.0018128125446372,10.806030750274658,5.403015375137329,0.0,1.0,0.0,2.0,0.0,2.0
3875,"god damn man, youve got a frelmet",youve got,youve got,is_multiword,0,3,3|4,1,2.7715949217478437,1,1.0,,,,,,,,,,,,,,,,,,,,,,,,,,,,,,,god damn man <mask> <mask> <mask> a frelmet,▁you ve ▁got,3.0,3.8657398139073433e-07,14.765942573547363,4.921980857849121,", i is",0.0015786932859969,8.31478476524353,2.7715949217478437,3.0,4.0,0.0,6.0,0.0,2.0
3876,"nigga, if you gone slab that hoe out, you might as well do it big by putting the swaggaz on that hoe",gone slab,gone slab,is_multiword,0,3,3|4,1,11.920629382133484,0,1.0,,,,,,,,,,,,,,,,,,,,,,,,,,,,,,,nigga if you <mask> <mask> that hoe out you might as well do it big by putting the swaggaz on that hoe,▁gone ▁slab,2.0,1.0016995528579454e-12,27.62932300567627,13.814661502838137,can get,0.0226393838435296,23.841258764266968,11.920629382133484,3.0,4.0,0.0,21.0,0.0,2.0
3876,"nigga, if you gone slab that hoe out, you might as well do it big by putting the swaggaz on that hoe",hoe out,hoe out,is_multiword,0,6,6|7,1,4.822290420532227,0,1.0,,,,,,,,,,,,,,,,,,,,,,,,,,,,,,,nigga if you gone slab that <mask> <mask> you might as well do it big by putting the swaggaz on that hoe,▁hoe ▁out,2.0,3.176550498645985e-06,12.659714698791504,6.329857349395752,"way ,",0.0490392707623365,9.644580841064451,4.822290420532227,6.0,7.0,0.0,21.0,0.0,2.0
3876,"nigga, if you gone slab that hoe out, you might as well do it big by putting the swaggaz on that hoe",might as,might as,is_multiword,0,9,9|10,1,0.0,0,1.0,,,,,,,,,,,,,,,,,,,,,,,,,,,,,,,nigga if you gone slab that hoe out you <mask> <mask> well do it big by putting the swaggaz on that hoe,▁might ▁as,2.0,0.2671726208729946,1.3198603093624115,0.6599301546812057,might as,0.2671726208729946,0.0,0.0,9.0,10.0,0.0,21.0,0.0,2.0
3876,"nigga, if you gone slab that hoe out, you might as well do it big by putting the swaggaz on that hoe",might as well,might as well,is_multiword,0,9,9|10|11,1,4.366615215937297,1,1.0,,,,,,,,,,,,,,,,,,,,,,,,,,,,,,,nigga if you gone slab that hoe out you <mask> <mask> <mask> do it big by putting the swaggaz on that hoe,▁might ▁as ▁well,3.0,2.1840908965037952e-08,17.63948106765747,5.87982702255249,can ' to,0.0106772985751662,13.09984564781189,4.366615215937297,9.0,11.0,0.0,21.0,0.0,3.0
3876,"nigga, if you gone slab that hoe out, you might as well do it big by putting the swaggaz on that hoe",as well,as well,is_multiword,0,10,10|11,1,4.195398196578026,0,1.0,,,,,,,,,,,,,,,,,,,,,,,,,,,,,,,nigga if you gone slab that hoe out you might <mask> <mask> do it big by putting the swaggaz on that hoe,▁as ▁well,2.0,7.287184104086732e-05,9.526808261871338,4.763404130935669,want to,0.3210970488384927,8.390796393156052,4.195398196578026,10.0,11.0,0.0,21.0,0.0,2.0
3880,"did you come her straight from home tonight? no, i popped into the lord lucan for a quick bum and coke",popped into,popped into,is_multiword,0,10,10|11,1,5.888905684153239,1,1.0,,,,,,,,,,,,,,,,,,,,,,,,,,,,,,,did you come her straight from home tonight no i <mask> <mask> <mask> the lord lucan for a quick bum and coke,▁po pped ▁into,3.0,1.3356472334338743e-10,22.73643493652344,7.578811645507812,' m to,0.0062841927616717,17.666717052459717,5.888905684153239,10.0,11.0,0.0,20.0,0.0,2.0
3881,lfk bro,lfk bro,lfk bro,is_multiword,0,0,0|1,1,7.24954354763031,1,1.0,,,,,,,,,,,,,,,,,,,,,,,,,,,,,,,<mask> <mask> <mask> <mask>,▁ lf k ▁bro,4.0,4.739767133770885e-17,37.58795857429504,9.39698964357376,</s>  : </s>,0.0001859961871278,28.99817419052124,7.24954354763031,0.0,1.0,0.0,1.0,0.0,2.0
3883,you dont wanna mess with them bird city boys,dont wanna,dont wanna,is_multiword,0,1,1|2,1,4.975954572359721,0,1.0,,,,,,,,,,,,,,,,,,,,,,,,,,,,,,,you <mask> <mask> <mask> mess with them bird city boys,▁dont ▁wan na,3.0,3.997636357791249e-09,19.33756256103516,6.445854187011719,can have to,0.012158839486597,14.927863717079164,4.975954572359721,1.0,2.0,0.0,8.0,0.0,2.0
3884,"forum member: *after 4999 minutes being banned was over, forum member puts in a mature-rated weblink",puts in,puts in,is_multiword,0,11,11|12,1,2.446421225865682,1,1.0,,,,,,,,,,,,,,,,,,,,,,,,,,,,,,,forum member after 4999 minutes being banned was over forum member <mask> <mask> <mask> a mature-rated weblink,▁put s ▁in,3.0,2.71017537020361e-07,15.121082305908203,5.040360768636067,who to with,0.0004172526566855,7.339263677597046,2.446421225865682,11.0,12.0,0.0,15.0,0.0,2.0
3884,"forum member: *after 4999 minutes being banned was over, forum member puts in a mature-rated weblink",mature-rated weblink,mature-rated weblink,is_multiword,0,14,14|15,1,5.169607102870941,0,1.0,,,,,,,,,,,,,,,,,,,,,,,,,,,,,,,forum member after 4999 minutes being banned was over forum member puts in a <mask> <mask> <mask> <mask> <mask> <mask>,▁mature - rat ed ▁web link,6.0,1.5327261997136528e-22,50.22982406616211,8.371637344360352,new for for the . .,4.531642189359547e-09,31.017642617225647,5.169607102870941,14.0,15.0,0.0,15.0,0.0,2.0
3887,"""alex: ""dude did you see peter last night?"" mike: ""yeah dude to be honest he was being way too kippy",yeah dude,yeah dude,is_multiword,0,9,9|10,1,4.496557911237081,0,1.0,,,,,,,,,,,,,,,,,,,,,,,,,,,,,,,alex dude did you see peter last night mike <mask> <mask> <mask> to be honest he was being way too kippy,▁yeah ▁du de,3.0,9.641996763193336e-10,20.75972270965576,6.919907569885254,was you but,0.0006960779018523,13.489673733711244,4.496557911237081,9.0,10.0,0.0,19.0,0.0,2.0
3888,that store was filled with assorted crap-etry,assorted crap-etry,assorted crap-etry,is_multiword,0,5,5|6,1,5.129224249294826,0,1.0,,,,,,,,,,,,,,,,,,,,,,,,,,,,,,,that store was filled with <mask> <mask> <mask> <mask> <mask> <mask> <mask>,▁as sort ed ▁crap - et ry,7.0,4.427654235186622e-24,53.77417230606079,7.682024615151541,"people , , and and s .",1.7351227895254153e-08,35.90456974506378,5.129224249294826,5.0,6.0,0.0,6.0,0.0,2.0
3894,woow this chick is such a hayley larrabee,such a,such a,is_multiword,0,4,4|5,1,1.3414459228515625,1,1.0,,,,,,,,,,,,,,,,,,,,,,,,,,,,,,,woow this chick is <mask> <mask> hayley larrabee,▁such ▁a,2.0,0.0001824032614325,8.609290599822998,4.304645299911499,a cute,0.0026680730956873,2.682891845703125,1.3414459228515625,4.0,5.0,0.0,7.0,0.0,2.0
3894,woow this chick is such a hayley larrabee,such a hayley,such a hayley,is_multiword,0,4,4|5|6,1,3.753321588039398,0,1.0,,,,,,,,,,,,,,,,,,,,,,,,,,,,,,,woow this chick is <mask> <mask> <mask> <mask> larrabee,▁such ▁a ▁hay ley,4.0,2.969768910797997e-12,26.542536973953247,6.635634243488312,a a of the,9.838073763588383e-06,15.013286352157593,3.753321588039398,4.0,6.0,0.0,7.0,0.0,3.0
3894,woow this chick is such a hayley larrabee,such a hayley larrabee,such a hayley larrabee,is_multiword,0,4,4|5|6|7,1,4.506110578775406,0,1.0,,,,,,,,,,,,,,,,,,,,,,,,,,,,,,,woow this chick is <mask> <mask> <mask> <mask> <mask> <mask> <mask> <mask>,▁such ▁a ▁hay ley ▁la rra be e,8.0,1.2161715955401949e-27,61.97408962249756,7.746761202812195,so good and    . .,5.505877310694452e-12,36.04888463020325,4.506110578775406,4.0,7.0,0.0,7.0,0.0,4.0
3894,woow this chick is such a hayley larrabee,a hayley,a hayley,is_multiword,0,5,5|6,1,3.853758573532105,0,1.0,,,,,,,,,,,,,,,,,,,,,,,,,,,,,,,woow this chick is such <mask> <mask> <mask> larrabee,▁a ▁hay ley,3.0,5.2150050321359526e-08,16.76914069056511,5.589713563521703,a cute of,0.0054733469819672,11.561275720596312,3.853758573532105,5.0,6.0,0.0,7.0,0.0,2.0
3894,woow this chick is such a hayley larrabee,a hayley larrabee,a hayley larrabee,is_multiword,1,5,5|6|7,1,4.921230486461094,0,1.0,,,,,,,,,,,,,,,,,,,,,,,,,,,,,,,woow this chick is such <mask> <mask> <mask> <mask> <mask> <mask> <mask>,▁a ▁hay ley ▁la rra be e,7.0,7.327271018540546e-24,53.270439088344574,7.610062726906368,a cute chick    !,6.6955300955099925e-09,34.44861340522766,4.921230486461094,5.0,7.0,0.0,7.0,0.0,3.0
3894,woow this chick is such a hayley larrabee,hayley larrabee,hayley larrabee,is_multiword,1,6,6|7,1,5.297810832659404,0,1.0,,,,,,,,,,,,,,,,,,,,,,,,,,,,,,,woow this chick is such a <mask> <mask> <mask> <mask> <mask> <mask>,▁hay ley ▁la rra be e,6.0,6.137175693292747e-23,51.145092487335205,8.524182081222534,cute and and this  </s>,3.9158732054946624e-09,31.78686499595642,5.297810832659404,6.0,7.0,0.0,7.0,0.0,2.0
3895,"hey rudi did you see that girl walking over on park ave? yeah dude shes gross, her fat ass was hanging out of her pants; what a boulevard tramp",ave yeah,ave yeah,is_multiword,0,11,11|12,1,4.521081248919169,0,1.0,,,,,,,,,,,,,,,,,,,,,,,,,,,,,,,hey rudi did you see that girl walking over on park <mask> <mask> <mask> dude shes gross her fat ass was hanging out of her pants what a boulevard tramp,▁av e ▁yeah,3.0,3.430358498302631e-09,19.490601062774655,6.496867020924886,walk ? oh,0.0026655168078545,13.563243746757507,4.521081248919169,11.0,12.0,0.0,28.0,0.0,2.0
3895,"hey rudi did you see that girl walking over on park ave? yeah dude shes gross, her fat ass was hanging out of her pants; what a boulevard tramp",ave yeah dude,ave yeah dude,is_multiword,0,11,11|12|13,1,4.418309688568115,0,1.0,,,,,,,,,,,,,,,,,,,,,,,,,,,,,,,hey rudi did you see that girl walking over on park <mask> <mask> <mask> <mask> <mask> shes gross her fat ass was hanging out of her pants what a boulevard tramp,▁av e ▁yeah ▁du de,5.0,4.3762072561861616e-16,35.36517906188965,7.073035812377929,walk ? you you oh,1.71923588449519e-06,22.091548442840576,4.418309688568115,11.0,13.0,0.0,28.0,0.0,3.0
3895,"hey rudi did you see that girl walking over on park ave? yeah dude shes gross, her fat ass was hanging out of her pants; what a boulevard tramp",ave yeah dude shes,ave yeah dude shes,is_multiword,0,11,11|12|13|14,1,4.753702368055071,0,1.0,,,,,,,,,,,,,,,,,,,,,,,,,,,,,,,hey rudi did you see that girl walking over on park <mask> <mask> <mask> <mask> <mask> <mask> <mask> gross her fat ass was hanging out of her pants what a boulevard tramp,▁av e ▁yeah ▁du de ▁she s,7.0,4.116830991389173e-21,46.9392032623291,6.705600466047015,walk ? she she was was so,1.164420888511892e-06,33.2759165763855,4.753702368055071,11.0,14.0,0.0,28.0,0.0,4.0
3895,"hey rudi did you see that girl walking over on park ave? yeah dude shes gross, her fat ass was hanging out of her pants; what a boulevard tramp",ave yeah dude shes gross,ave yeah dude shes gross,is_multiword,0,11,11|12|13|14|15,1,4.729947060346603,0,1.0,,,,,,,,,,,,,,,,,,,,,,,,,,,,,,,hey rudi did you see that girl walking over on park <mask> <mask> <mask> <mask> <mask> <mask> <mask> <mask> her fat ass was hanging out of her pants what a boulevard tramp,▁av e ▁yeah ▁du de ▁she s ▁gross,8.0,1.415233046194381e-26,59.51991820335388,7.439989775419235,walk ? she she she she her and,3.840141478803722e-10,37.83957648277283,4.729947060346603,11.0,15.0,0.0,28.0,0.0,5.0
3895,"hey rudi did you see that girl walking over on park ave? yeah dude shes gross, her fat ass was hanging out of her pants; what a boulevard tramp",yeah dude,yeah dude,is_multiword,0,12,12|13,1,4.495161811510722,0,1.0,,,,,,,,,,,,,,,,,,,,,,,,,,,,,,,hey rudi did you see that girl walking over on park ave <mask> <mask> <mask> shes gross her fat ass was hanging out of her pants what a boulevard tramp,▁yeah ▁du de,3.0,1.113967523784075e-09,20.61533784866333,6.871779282887776,? you oh,0.0008008375710796,13.485485434532166,4.495161811510722,12.0,13.0,0.0,28.0,0.0,2.0
3895,"hey rudi did you see that girl walking over on park ave? yeah dude shes gross, her fat ass was hanging out of her pants; what a boulevard tramp",yeah dude shes,yeah dude shes,is_multiword,0,12,12|13|14,1,4.7046217918396,1,1.0,,,,,,,,,,,,,,,,,,,,,,,,,,,,,,,hey rudi did you see that girl walking over on park ave <mask> <mask> <mask> <mask> <mask> gross her fat ass was hanging out of her pants what a boulevard tramp,▁yeah ▁du de ▁she s,5.0,1.934276441715353e-14,31.57645797729492,6.3152915954589846,? she was was so,0.0003180350318831,23.523108959198,4.7046217918396,12.0,14.0,0.0,28.0,0.0,3.0
3895,"hey rudi did you see that girl walking over on park ave? yeah dude shes gross, her fat ass was hanging out of her pants; what a boulevard tramp",yeah dude shes gross,yeah dude shes gross,is_multiword,0,12,12|13|14|15,1,4.718181610107422,0,1.0,,,,,,,,,,,,,,,,,,,,,,,,,,,,,,,hey rudi did you see that girl walking over on park ave <mask> <mask> <mask> <mask> <mask> <mask> her fat ass was hanging out of her pants what a boulevard tramp,▁yeah ▁du de ▁she s ▁gross,6.0,1.3043038544522541e-19,43.48344731330872,7.247241218884786,and she she she you like,2.5695685316475216e-07,28.30908966064453,4.718181610107422,12.0,15.0,0.0,28.0,0.0,4.0
3895,"hey rudi did you see that girl walking over on park ave? yeah dude shes gross, her fat ass was hanging out of her pants; what a boulevard tramp",dude shes,dude shes,is_multiword,0,13,13|14,1,4.358217298984528,0,1.0,,,,,,,,,,,,,,,,,,,,,,,,,,,,,,,hey rudi did you see that girl walking over on park ave yeah <mask> <mask> <mask> <mask> gross her fat ass was hanging out of her pants what a boulevard tramp,▁du de ▁she s,4.0,1.2142050341538202e-10,22.831761360168457,5.707940340042114,she was was so,0.0045215873451613,17.43286919593811,4.358217298984528,13.0,14.0,0.0,28.0,0.0,2.0
3895,"hey rudi did you see that girl walking over on park ave? yeah dude shes gross, her fat ass was hanging out of her pants; what a boulevard tramp",dude shes gross,dude shes gross,is_multiword,0,13,13|14|15,1,4.651492381095887,0,1.0,,,,,,,,,,,,,,,,,,,,,,,,,,,,,,,hey rudi did you see that girl walking over on park ave yeah <mask> <mask> <mask> <mask> <mask> her fat ass was hanging out of her pants what a boulevard tramp,▁du de ▁she s ▁gross,5.0,5.43688882859202e-16,35.148154497146606,7.029630899429321,she she was you like,6.85390091137372e-06,23.25746190547943,4.651492381095887,13.0,15.0,0.0,28.0,0.0,3.0
3895,"hey rudi did you see that girl walking over on park ave? yeah dude shes gross, her fat ass was hanging out of her pants; what a boulevard tramp",shes gross,shes gross,is_multiword,0,14,14|15,1,4.689566493034363,0,1.0,,,,,,,,,,,,,,,,,,,,,,,,,,,,,,,hey rudi did you see that girl walking over on park ave yeah dude <mask> <mask> <mask> her fat ass was hanging out of her pants what a boulevard tramp,▁she s ▁gross,3.0,2.023452248053309e-09,20.018460750579838,6.672820250193278,she you like,0.0026064626811283,14.068699479103088,4.689566493034363,14.0,15.0,0.0,28.0,0.0,2.0
3906,"not only has that bitch sally popped out four kids, but also she's one helluva crack ass ho",popped out,popped out,is_multiword,0,6,6|7,1,5.273450275262197,1,1.0,,,,,,,,,,,,,,,,,,,,,,,,,,,,,,,not only has that bitch sally <mask> <mask> <mask> four kids but also she's one helluva crack ass ho,▁po pped ▁out,3.0,1.2551481257751504e-10,22.79859733581543,7.59953244527181,and s her,0.0009319359115924,15.82035082578659,5.273450275262197,6.0,7.0,0.0,17.0,0.0,2.0
3906,"not only has that bitch sally popped out four kids, but also she's one helluva crack ass ho",she's one,she's one,is_multiword,0,12,12|13,1,2.0324172228574757,0,1.0,,,,,,,,,,,,,,,,,,,,,,,,,,,,,,,not only has that bitch sally popped out four kids but also <mask> <mask> <mask> <mask> helluva crack ass ho,▁she ' s ▁one,4.0,4.207592303649915e-08,16.983790159225464,4.245947539806366,has a is a,0.0001427920377315,8.129668891429901,2.0324172228574757,12.0,13.0,0.0,17.0,0.0,2.0
3906,"not only has that bitch sally popped out four kids, but also she's one helluva crack ass ho",she's one helluva,she's one helluva,is_multiword,0,12,12|13|14,1,3.823008815447489,0,1.0,,,,,,,,,,,,,,,,,,,,,,,,,,,,,,,not only has that bitch sally popped out four kids but also <mask> <mask> <mask> <mask> <mask> <mask> crack ass ho,▁she ' s ▁one ▁hell uva,6.0,2.397206727184506e-18,40.572227478027344,6.762037913004558,has a her her fuck a,2.1957115413251397e-08,22.938052892684937,3.823008815447489,12.0,14.0,0.0,17.0,0.0,3.0
3906,"not only has that bitch sally popped out four kids, but also she's one helluva crack ass ho",she's one helluva crack,she's one helluva crack,is_multiword,0,12,12|13|14|15,1,4.020132405417306,0,1.0,,,,,,,,,,,,,,,,,,,,,,,,,,,,,,,not only has that bitch sally popped out four kids but also <mask> <mask> <mask> <mask> <mask> <mask> <mask> ass ho,▁she ' s ▁one ▁hell uva ▁crack,7.0,1.1593117116081428e-21,48.20646047592163,6.886637210845947,has a her a fuck in her,1.930409581790496e-09,28.140926837921143,4.020132405417306,12.0,15.0,0.0,17.0,0.0,4.0
3906,"not only has that bitch sally popped out four kids, but also she's one helluva crack ass ho",she's one helluva crack ass,she's one helluva crack ass,is_multiword,0,12,12|13|14|15|16,1,3.711426734924317,0,1.0,,,,,,,,,,,,,,,,,,,,,,,,,,,,,,,not only has that bitch sally popped out four kids but also <mask> <mask> <mask> <mask> <mask> <mask> <mask> <mask> ho,▁she ' s ▁one ▁hell uva ▁crack ▁ass,8.0,1.3168663180000484e-24,54.98678731918335,6.873348414897919,has a a  . . . the,1.033615224109345e-11,29.69141387939453,3.711426734924317,12.0,16.0,0.0,17.0,0.0,5.0
3906,"not only has that bitch sally popped out four kids, but also she's one helluva crack ass ho",she's one helluva crack ass ho,she's one helluva crack ass ho,is_multiword,0,12,12|13|14|15|16|17,1,4.335840947098202,0,1.0,,,,,,,,,,,,,,,,,,,,,,,,,,,,,,,not only has that bitch sally popped out four kids but also <mask> <mask> <mask> <mask> <mask> <mask> <mask> <mask> <mask>,▁she ' s ▁one ▁hell uva ▁crack ▁ass ▁ho,9.0,2.942004343248165e-29,65.69587659835815,7.299541844262017,has a a     . .,2.6057304564712265e-12,39.02256852388382,4.335840947098202,12.0,17.0,0.0,17.0,0.0,6.0
3906,"not only has that bitch sally popped out four kids, but also she's one helluva crack ass ho",one helluva,one helluva,is_multiword,0,13,13|14,1,6.334595998128255,0,1.0,,,,,,,,,,,,,,,,,,,,,,,,,,,,,,,not only has that bitch sally popped out four kids but also she's <mask> <mask> <mask> crack ass ho,▁one ▁hell uva,3.0,1.5978805944744308e-11,24.85975790023804,8.286585966746012,got a a,0.0028627576487559,19.00378799438477,6.334595998128255,13.0,14.0,0.0,17.0,0.0,2.0
3906,"not only has that bitch sally popped out four kids, but also she's one helluva crack ass ho",one helluva crack,one helluva crack,is_multiword,0,13,13|14|15,1,6.1825390458107,0,1.0,,,,,,,,,,,,,,,,,,,,,,,,,,,,,,,not only has that bitch sally popped out four kids but also she's <mask> <mask> <mask> <mask> ass ho,▁one ▁hell uva ▁crack,4.0,2.440506774934988e-15,33.646570682525635,8.411642670631409,got a of her,0.0001341684444526,24.7301561832428,6.1825390458107,13.0,15.0,0.0,17.0,0.0,3.0
3906,"not only has that bitch sally popped out four kids, but also she's one helluva crack ass ho",one helluva crack ass,one helluva crack ass,is_multiword,0,13,13|14|15|16,1,5.291980838775634,0,1.0,,,,,,,,,,,,,,,,,,,,,,,,,,,,,,,not only has that bitch sally popped out four kids but also she's <mask> <mask> <mask> <mask> <mask> ho,▁one ▁hell uva ▁crack ▁ass,5.0,4.7344779182532815e-18,39.89166021347046,7.978332042694092,a a a of the,1.4677851125370157e-06,26.45990419387817,5.291980838775634,13.0,16.0,0.0,17.0,0.0,4.0
3906,"not only has that bitch sally popped out four kids, but also she's one helluva crack ass ho",one helluva crack ass ho,one helluva crack ass ho,is_multiword,0,13,13|14|15|16|17,1,5.997964819272359,0,1.0,,,,,,,,,,,,,,,,,,,,,,,,,,,,,,,not only has that bitch sally popped out four kids but also she's <mask> <mask> <mask> <mask> <mask> <mask>,▁one ▁hell uva ▁crack ▁ass ▁ho,6.0,1.8546050084399228e-22,50.03920030593872,8.339866717656454,a a a a . .,7.898589985174885e-07,35.987788915634155,5.997964819272359,13.0,17.0,0.0,17.0,0.0,5.0
3906,"not only has that bitch sally popped out four kids, but also she's one helluva crack ass ho",helluva crack,helluva crack,is_multiword,0,14,14|15,1,8.046577473481497,0,1.0,,,,,,,,,,,,,,,,,,,,,,,,,,,,,,,not only has that bitch sally popped out four kids but also she's one <mask> <mask> <mask> ass ho,▁hell uva ▁crack,3.0,4.2081022744571294e-13,28.496594429016117,9.498864809672035,of the big,0.0128185491006373,24.13973242044449,8.046577473481497,14.0,15.0,0.0,17.0,0.0,2.0
3906,"not only has that bitch sally popped out four kids, but also she's one helluva crack ass ho",helluva crack ass,helluva crack ass,is_multiword,0,14,14|15|16,1,7.801921766251326,0,1.0,,,,,,,,,,,,,,,,,,,,,,,,,,,,,,,not only has that bitch sally popped out four kids but also she's one <mask> <mask> <mask> <mask> ho,▁hell uva ▁crack ▁ass,4.0,2.6390433369621007e-17,38.17353010177612,9.54338252544403,of the best the,0.0009435671384377,31.207687065005302,7.801921766251326,14.0,16.0,0.0,17.0,0.0,3.0
3906,"not only has that bitch sally popped out four kids, but also she's one helluva crack ass ho",helluva crack ass ho,helluva crack ass ho,is_multiword,0,14,14|15|16|17,1,8.041697871685027,0,1.0,,,,,,,,,,,,,,,,,,,,,,,,,,,,,,,not only has that bitch sally popped out four kids but also she's one <mask> <mask> <mask> <mask> <mask>,▁hell uva ▁crack ▁ass ▁ho,5.0,1.0368674945702998e-21,48.31808280944824,9.663616561889649,of the best s .,0.0003006410736703,40.20848935842514,8.041697871685027,14.0,17.0,0.0,17.0,0.0,4.0
3906,"not only has that bitch sally popped out four kids, but also she's one helluva crack ass ho",crack ass,crack ass,is_multiword,0,15,15|16,1,5.460155367851257,0,1.0,,,,,,,,,,,,,,,,,,,,,,,,,,,,,,,not only has that bitch sally popped out four kids but also she's one helluva <mask> <mask> ho,▁crack ▁ass,2.0,1.4901310147117193e-07,15.719231605529783,7.859615802764893,hot ho,0.0082386328109591,10.920310735702516,5.460155367851257,15.0,16.0,0.0,17.0,0.0,2.0
3906,"not only has that bitch sally popped out four kids, but also she's one helluva crack ass ho",crack ass ho,crack ass ho,is_multiword,1,15,15|16|17,1,6.831119616826375,0,1.0,,,,,,,,,,,,,,,,,,,,,,,,,,,,,,,not only has that bitch sally popped out four kids but also she's one helluva <mask> <mask> <mask>,▁crack ▁ass ▁ho,3.0,2.620173970718209e-12,26.66778039932251,8.889260133107504,good girl .,0.0020820099102311,20.49335885047913,6.831119616826375,15.0,17.0,0.0,17.0,0.0,3.0
3906,"not only has that bitch sally popped out four kids, but also she's one helluva crack ass ho",ass ho,ass ho,is_multiword,0,16,16|17,1,8.66375356912613,0,1.0,,,,,,,,,,,,,,,,,,,,,,,,,,,,,,,not only has that bitch sally popped out four kids but also she's one helluva crack <mask> <mask>,▁ass ▁ho,2.0,8.91630106651941e-09,18.53538465499878,9.26769232749939,er .,0.2988308703168768,17.32750713825226,8.66375356912613,16.0,17.0,0.0,17.0,0.0,2.0
3913,megan has made my life soo happity,soo happity,soo happity,is_multiword,0,5,5|6,1,6.006597369909287,0,1.0,,,,,,,,,,,,,,,,,,,,,,,,,,,,,,,megan has made my life <mask> <mask> <mask> <mask>,▁soo ▁ha ppi ty,4.0,4.405960635334731e-15,33.0558180809021,8.263954520225525,a and . .,0.0001198309448638,24.026389479637142,6.006597369909287,5.0,6.0,0.0,6.0,0.0,2.0
3914,"shit, dude, megan must weight a fuckin belinda-gram",fuckin belinda-gram,fuckin belinda-gram,is_multiword,0,6,6|7,1,5.642756621042888,0,1.0,,,,,,,,,,,,,,,,,,,,,,,,,,,,,,,shit dude megan must weight a <mask> <mask> <mask> <mask> <mask> <mask>,▁fuck in ▁be linda - gram,6.0,6.699159353085407e-23,51.057475090026855,8.509579181671143,ton for for a . .,3.386325398288385e-08,33.856539726257324,5.642756621042888,6.0,7.0,0.0,7.0,0.0,2.0
3916,"""why is sarah only a size 6 in yoga pants? ""its cause she has an anorexic ass and she can fit into it",its cause,its cause,is_multiword,0,10,10|11,1,5.55116480588913,1,1.0,,,,,,,,,,,,,,,,,,,,,,,,,,,,,,,why is sarah only a size 6 in yoga pants <mask> <mask> she has an anorexic ass and she can fit into it,▁its ▁cause,2.0,8.885598374160072e-07,13.933663845062256,6.966831922531128,and </s>,0.0589341692592506,11.10232961177826,5.55116480588913,10.0,11.0,0.0,22.0,0.0,2.0
3919,"i was done with comics, so i never expected to geek out when i heard about the xmen movie, but i still reread every issue i had in like 3 days",done with,done with,is_multiword,0,2,2|3,1,3.15689080953598,1,1.0,,,,,,,,,,,,,,,,,,,,,,,,,,,,,,,i was <mask> <mask> comics so i never expected to geek out when i heard about the xmen movie but i still reread every issue i had in like 3 days,▁done ▁with,2.0,0.0001300396782741,8.947670936584473,4.473835468292236,new reading,0.0717986706651351,6.31378161907196,3.15689080953598,2.0,3.0,0.0,30.0,0.0,2.0
3919,"i was done with comics, so i never expected to geek out when i heard about the xmen movie, but i still reread every issue i had in like 3 days",geek out,geek out,is_multiword,1,10,10|11,1,5.7466406027476,0,1.0,,,,,,,,,,,,,,,,,,,,,,,,,,,,,,,i was done with comics so i never expected to <mask> <mask> <mask> when i heard about the xmen movie but i still reread every issue i had in like 3 days,▁ge ek ▁out,3.0,8.676621793256829e-11,23.16780376434326,7.722601254781087,read a book,0.0026641187376682,17.239921808242798,5.7466406027476,10.0,11.0,0.0,30.0,0.0,2.0
3921,if i suck on this go gurt for a while the creamy prize inside just jumps out,go gurt,go gurt,is_multiword,1,5,5|6,1,5.148216168085734,0,1.0,,,,,,,,,,,,,,,,,,,,,,,,,,,,,,,if i suck on this <mask> <mask> <mask> for a while the creamy prize inside just jumps out,▁go ▁gur t,3.0,2.4808373986435868e-11,24.41983985900879,8.139946619669596,i i it,0.0001265097275972,15.444648504257202,5.148216168085734,5.0,6.0,0.0,16.0,0.0,2.0
3923,manny ramirez's 3-run cock shot off of yankee starter mike mussina helped the red sox defeat the yankees 6-4,cock shot,cock shot,is_multiword,1,4,4|5,1,4.544715970754623,1,1.0,,,,,,,,,,,,,,,,,,,,,,,,,,,,,,,manny ramirez's 3-run cock <mask> <mask> of yankee starter mike mussina helped the red sox defeat the yankees 6-4,▁shot ▁off,2.0,4.310805187663009e-06,12.35438585281372,6.17719292640686,pit out,0.03819869557116,9.089431941509249,4.544715970754623,4.0,5.0,0.0,18.0,0.0,2.0
3924,jef: yo so this person from my intermediate jogging class tried to give me a brown brian last week,jef yo,jef yo,is_multiword,0,0,0|1,1,7.40258518854777,0,1.0,,,,,,,,,,,,,,,,,,,,,,,,,,,,,,,<mask> <mask> <mask> so this person from my intermediate jogging class tried to give me a brown brian last week,▁je f ▁yo,3.0,2.9753783073673324e-13,28.84323501586914,9.61441167195638,"I was ,",0.0013129491004876,22.20775556564331,7.40258518854777,0.0,1.0,0.0,18.0,0.0,2.0
3924,jef: yo so this person from my intermediate jogging class tried to give me a brown brian last week,jef yo so,jef yo so,is_multiword,0,0,0|1|2,1,7.265562266111374,0,1.0,,,,,,,,,,,,,,,,,,,,,,,,,,,,,,,<mask> <mask> <mask> <mask> this person from my intermediate jogging class tried to give me a brown brian last week,▁je f ▁yo ▁so,4.0,2.029420437838128e-17,38.43619632720947,9.609049081802368,I was to that,8.490757357764998e-05,29.062249064445496,7.265562266111374,0.0,2.0,0.0,18.0,0.0,3.0
3924,jef: yo so this person from my intermediate jogging class tried to give me a brown brian last week,yo so,yo so,is_multiword,0,1,1|2,1,4.759620726108551,0,1.0,,,,,,,,,,,,,,,,,,,,,,,,,,,,,,,jef <mask> <mask> this person from my intermediate jogging class tried to give me a brown brian last week,▁yo ▁so,2.0,6.872160681423874e-07,14.190617084503174,7.095308542251587,", ,",0.0093593855942596,9.519241452217102,4.759620726108551,1.0,2.0,0.0,18.0,0.0,2.0
3925,dude she has massive burger patties,massive burger,massive burger,is_multiword,0,3,3|4,1,8.381399273872375,0,1.0,,,,,,,,,,,,,,,,,,,,,,,,,,,,,,,dude she has <mask> <mask> patties,▁massive ▁burger,2.0,1.3935115772147275e-09,20.391438961029053,10.195719480514526,got nice,0.0265522599793436,16.76279854774475,8.381399273872375,3.0,4.0,0.0,5.0,0.0,2.0
3925,dude she has massive burger patties,massive burger patties,massive burger patties,is_multiword,0,3,3|4|5,1,7.45639505982399,0,1.0,,,,,,,,,,,,,,,,,,,,,,,,,,,,,,,dude she has <mask> <mask> <mask> <mask>,▁massive ▁burger ▁pat ties,4.0,2.05861298603158e-18,40.724499225616455,10.181124806404114,a nice on .,1.8478198388175955e-05,29.82558023929596,7.45639505982399,3.0,5.0,0.0,5.0,0.0,3.0
3925,dude she has massive burger patties,burger patties,burger patties,is_multiword,1,4,4|5,1,8.360499143600464,0,1.0,,,,,,,,,,,,,,,,,,,,,,,,,,,,,,,dude she has massive <mask> <mask> <mask>,▁burger ▁pat ties,3.0,8.081385793767079e-15,32.4492130279541,10.816404342651367,cum s </s>,0.0006313086964938,25.08149743080139,8.360499143600464,4.0,5.0,0.0,5.0,0.0,2.0
3931,"yo, man i was gopher holing this girl last night",gopher holing,gopher holing,is_multiword,1,4,4|5,1,7.639793276786804,0,1.0,,,,,,,,,,,,,,,,,,,,,,,,,,,,,,,yo man i was <mask> <mask> <mask> <mask> this girl last night,▁go pher ▁ho ling,4.0,5.5196520776129146e-17,37.43563175201416,9.35890793800354,in to to with,0.0010317915230619,30.559173107147217,7.639793276786804,4.0,5.0,0.0,9.0,0.0,2.0
3935,"yeah, she's totally an ayari",she's totally,she's totally,is_multiword,0,1,1|2,1,3.6099434047937393,0,1.0,,,,,,,,,,,,,,,,,,,,,,,,,,,,,,,yeah <mask> <mask> <mask> <mask> an ayari,▁she ' s ▁totally,4.0,2.4690737569094026e-10,22.122007846832275,5.530501961708069,", i ' like",0.0004609438938645,14.439773619174955,3.6099434047937393,1.0,2.0,0.0,4.0,0.0,2.0
3939,did you guys see butt munch mcgee trie to jump that fire hydrant and hit his nuts,butt munch,butt munch,is_multiword,0,4,4|5,1,5.992762595415115,0,1.0,,,,,,,,,,,,,,,,,,,,,,,,,,,,,,,did you guys see <mask> <mask> <mask> <mask> mcgee trie to jump that fire hydrant and hit his nuts,▁but t ▁mun ch,4.0,4.245756390463222e-15,33.09285640716553,8.273214101791382,the video when when,0.0001092571777951,23.97105038166046,5.992762595415115,4.0,5.0,0.0,16.0,0.0,2.0
3940,ben: would you like a cup of bense deano,bense deano,bense deano,is_multiword,0,7,7|8,1,8.16321575641632,0,1.0,,,,,,,,,,,,,,,,,,,,,,,,,,,,,,,ben would you like a cup of <mask> <mask> <mask> <mask>,▁ben se ▁de ano,4.0,3.3022224616900697e-18,40.25193595886231,10.062983989715576,coffee ? ? </s>,0.0005009156004747,32.65286302566528,8.16321575641632,7.0,8.0,0.0,8.0,0.0,2.0
3941,"74m3 ex: d00d, t#4t 83 t34 74m35t 53it1 (my friend, that is the stupidest thing i have ever seen",74 m,74 m,is_multiword,0,0,0|1,1,3.256567060947418,0,1.0,,,,,,,,,,,,,,,,,,,,,,,,,,,,,,,<mask> <mask> <mask> <mask> d00d t 4t 83 t34 74m35t 53it1 my friend that is the stupidest thing i have ever seen,▁74 m 3 ▁ex,4.0,2.3126395205027192e-11,24.490046501159668,6.122511625289917,d d d d,1.0503749625373134e-05,13.026268243789673,3.256567060947418,0.0,1.0,0.0,19.0,0.0,2.0
3941,"74m3 ex: d00d, t#4t 83 t34 74m35t 53it1 (my friend, that is the stupidest thing i have ever seen",74 m 3,74 m 3,is_multiword,0,0,0|1|2,1,3.42563305582319,0,1.0,,,,,,,,,,,,,,,,,,,,,,,,,,,,,,,<mask> <mask> <mask> <mask> <mask> <mask> <mask> t 4t 83 t34 74m35t 53it1 my friend that is the stupidest thing i have ever seen,▁74 m 3 ▁ex ▁d 00 d,7.0,1.0424479619230217e-18,41.40495991706848,5.914994273866926,t t t t t t t,2.7051360793884453e-08,23.97943139076233,3.42563305582319,0.0,2.0,0.0,19.0,0.0,3.0
3941,"74m3 ex: d00d, t#4t 83 t34 74m35t 53it1 (my friend, that is the stupidest thing i have ever seen",74 m 3 ex,74 m 3 ex,is_multiword,0,0,0|1|2|3,1,3.618139714002609,0,1.0,,,,,,,,,,,,,,,,,,,,,,,,,,,,,,,<mask> <mask> <mask> <mask> <mask> <mask> <mask> <mask> 4t 83 t34 74m35t 53it1 my friend that is the stupidest thing i have ever seen,▁74 m 3 ▁ex ▁d 00 d ▁t,8.0,5.4376100213929805e-21,46.66094732284546,5.832618415355682, t t t t t t t,2.0235454236209816e-08,28.945117712020878,3.618139714002609,0.0,3.0,0.0,19.0,0.0,4.0
3941,"74m3 ex: d00d, t#4t 83 t34 74m35t 53it1 (my friend, that is the stupidest thing i have ever seen",74 m 3 ex d,74 m 3 ex d,is_multiword,0,0,0|1|2|3|4,1,2.2693753480911254,0,1.0,,,,,,,,,,,,,,,,,,,,,,,,,,,,,,,<mask> <mask> <mask> <mask> <mask> <mask> <mask> <mask> <mask> <mask> 83 t34 74m35t 53it1 my friend that is the stupidest thing i have ever seen,▁74 m 3 ▁ex ▁d 00 d ▁t ▁4 t,10.0,1.192949455528696e-23,52.78302836418152,5.278302836418152,        t t,8.558427060432892e-14,22.69375348091125,2.2693753480911254,0.0,4.0,0.0,19.0,0.0,5.0
3941,"74m3 ex: d00d, t#4t 83 t34 74m35t 53it1 (my friend, that is the stupidest thing i have ever seen",74 m 3 ex d 00,74 m 3 ex d 00,is_multiword,0,0,0|1|2|3|4|5,1,2.457716031508012,0,1.0,,,,,,,,,,,,,,,,,,,,,,,,,,,,,,,<mask> <mask> <mask> <mask> <mask> <mask> <mask> <mask> <mask> <mask> <mask> t34 74m35t 53it1 my friend that is the stupidest thing i have ever seen,▁74 m 3 ▁ex ▁d 00 d ▁t ▁4 t ▁83,11.0,5.2863011438618064e-27,60.50467872619629,5.500425338745117,        t t </s>,2.912389899127316e-15,27.03487634658813,2.457716031508012,0.0,5.0,0.0,19.0,0.0,6.0
3941,"74m3 ex: d00d, t#4t 83 t34 74m35t 53it1 (my friend, that is the stupidest thing i have ever seen",74 m 3 ex d 00 d,74 m 3 ex d 00 d,is_multiword,0,0,0|1|2|3|4|5|6,1,2.55877186701848,0,1.0,,,,,,,,,,,,,,,,,,,,,,,,,,,,,,,<mask> <mask> <mask> <mask> <mask> <mask> <mask> <mask> <mask> <mask> <mask> <mask> <mask> 74m35t 53it1 my friend that is the stupidest thing i have ever seen,▁74 m 3 ▁ex ▁d 00 d ▁t ▁4 t ▁83 ▁t 34,13.0,1.0008394840529989e-33,75.98446893692017,5.844959148993859, m        t   </s>,2.7973767448737035e-19,33.264034271240234,2.55877186701848,0.0,6.0,0.0,19.0,0.0,7.0
3941,"74m3 ex: d00d, t#4t 83 t34 74m35t 53it1 (my friend, that is the stupidest thing i have ever seen",m 3,m 3,is_multiword,0,1,1|2,1,6.331442043185234,0,1.0,,,,,,,,,,,,,,,,,,,,,,,,,,,,,,,74m3 <mask> <mask> <mask> <mask> t 4t 83 t34 74m35t 53it1 my friend that is the stupidest thing i have ever seen,▁ex ▁d 00 d,4.0,5.332206765021763e-15,32.86501121520996,8.21625280380249,t m t 3,0.0005318000195097,25.325768172740936,6.331442043185234,1.0,2.0,0.0,19.0,0.0,2.0
3941,"74m3 ex: d00d, t#4t 83 t34 74m35t 53it1 (my friend, that is the stupidest thing i have ever seen",m 3 ex,m 3 ex,is_multiword,0,1,1|2|3,1,6.150993728637696,0,1.0,,,,,,,,,,,,,,,,,,,,,,,,,,,,,,,74m3 <mask> <mask> <mask> <mask> <mask> 4t 83 t34 74m35t 53it1 my friend that is the stupidest thing i have ever seen,▁ex ▁d 00 d ▁t,5.0,2.6017934866021405e-17,38.18774557113648,7.637549114227295,t t 74 t t,0.0005915425579435,30.75496864318848,6.150993728637696,1.0,3.0,0.0,19.0,0.0,3.0
3941,"74m3 ex: d00d, t#4t 83 t34 74m35t 53it1 (my friend, that is the stupidest thing i have ever seen",m 3 ex d,m 3 ex d,is_multiword,0,1,1|2|3|4,1,4.134518725531442,0,1.0,,,,,,,,,,,,,,,,,,,,,,,,,,,,,,,74m3 <mask> <mask> <mask> <mask> <mask> <mask> <mask> 83 t34 74m35t 53it1 my friend that is the stupidest thing i have ever seen,▁ex ▁d 00 d ▁t ▁4 t,7.0,6.440493519589324e-20,44.18909668922424,6.312728098460606,t m 3 m m t t,2.388415177765295e-07,28.941631078720093,4.134518725531442,1.0,4.0,0.0,19.0,0.0,4.0
3941,"74m3 ex: d00d, t#4t 83 t34 74m35t 53it1 (my friend, that is the stupidest thing i have ever seen",m 3 ex d 00,m 3 ex d 00,is_multiword,0,1,1|2|3|4|5,1,4.293189853429794,0,1.0,,,,,,,,,,,,,,,,,,,,,,,,,,,,,,,74m3 <mask> <mask> <mask> <mask> <mask> <mask> <mask> <mask> t34 74m35t 53it1 my friend that is the stupidest thing i have ever seen,▁ex ▁d 00 d ▁t ▁4 t ▁83,8.0,9.748627740060564e-23,50.68233060836792,6.33529132604599,t m 3 m m m t 34,8.035497894826337e-08,34.345518827438354,4.293189853429794,1.0,5.0,0.0,19.0,0.0,5.0
3941,"74m3 ex: d00d, t#4t 83 t34 74m35t 53it1 (my friend, that is the stupidest thing i have ever seen",m 3 ex d 00 d,m 3 ex d 00 d,is_multiword,0,1,1|2|3|4|5|6,1,4.30656188428402,0,1.0,,,,,,,,,,,,,,,,,,,,,,,,,,,,,,,74m3 <mask> <mask> <mask> <mask> <mask> <mask> <mask> <mask> <mask> <mask> 74m35t 53it1 my friend that is the stupidest thing i have ever seen,▁ex ▁d 00 d ▁t ▁4 t ▁83 ▁t 34,10.0,1.8720091150961344e-30,68.45054054260254,6.845054054260254,t t t     it 1 </s>,9.450800209420473e-12,43.0656188428402,4.30656188428402,1.0,6.0,0.0,19.0,0.0,6.0
3941,"74m3 ex: d00d, t#4t 83 t34 74m35t 53it1 (my friend, that is the stupidest thing i have ever seen",3 ex,3 ex,is_multiword,0,2,2|3,1,5.691578939557076,0,1.0,,,,,,,,,,,,,,,,,,,,,,,,,,,,,,,74m3 ex <mask> <mask> <mask> <mask> 4t 83 t34 74m35t 53it1 my friend that is the stupidest thing i have ever seen,▁d 00 d ▁t,4.0,1.5479458752398908e-13,29.49667739868164,7.37416934967041,t 74 t t,0.001194101044804,22.766315758228306,5.691578939557076,2.0,3.0,0.0,19.0,0.0,2.0
3941,"74m3 ex: d00d, t#4t 83 t34 74m35t 53it1 (my friend, that is the stupidest thing i have ever seen",3 ex d,3 ex d,is_multiword,0,2,2|3|4,1,3.439038534959157,0,1.0,,,,,,,,,,,,,,,,,,,,,,,,,,,,,,,74m3 ex <mask> <mask> <mask> <mask> <mask> <mask> 83 t34 74m35t 53it1 my friend that is the stupidest thing i have ever seen,▁d 00 d ▁t ▁4 t,6.0,3.744467154664647e-16,35.521082162857056,5.920180360476176,t t m m t t,3.425490584667852e-07,20.634231209754944,3.439038534959157,2.0,4.0,0.0,19.0,0.0,3.0
3941,"74m3 ex: d00d, t#4t 83 t34 74m35t 53it1 (my friend, that is the stupidest thing i have ever seen",3 ex d 00,3 ex d 00,is_multiword,0,2,2|3|4|5,1,3.6599950790405273,0,1.0,,,,,,,,,,,,,,,,,,,,,,,,,,,,,,,74m3 ex <mask> <mask> <mask> <mask> <mask> <mask> <mask> t34 74m35t 53it1 my friend that is the stupidest thing i have ever seen,▁d 00 d ▁t ▁4 t ▁83,7.0,3.93228375217721e-19,42.37989640235901,6.054270914622715,t t m m m m 3,5.26325625384221e-08,25.61996555328369,3.6599950790405273,2.0,5.0,0.0,19.0,0.0,4.0
3941,"74m3 ex: d00d, t#4t 83 t34 74m35t 53it1 (my friend, that is the stupidest thing i have ever seen",3 ex d 00 d,3 ex d 00 d,is_multiword,0,2,2|3|4|5|6,1,3.7767664856380887,0,1.0,,,,,,,,,,,,,,,,,,,,,,,,,,,,,,,74m3 ex <mask> <mask> <mask> <mask> <mask> <mask> <mask> <mask> <mask> 74m35t 53it1 my friend that is the stupidest thing i have ever seen,▁d 00 d ▁t ▁4 t ▁83 ▁t 34,9.0,2.816588491863224e-26,58.83168601989746,6.536854002210829,t t m m m m it 1 </s>,1.6284821322704255e-11,33.9908983707428,3.7767664856380887,2.0,6.0,0.0,19.0,0.0,5.0
3941,"74m3 ex: d00d, t#4t 83 t34 74m35t 53it1 (my friend, that is the stupidest thing i have ever seen",ex d,ex d,is_multiword,0,3,3|4,1,2.9746017456054688,1,1.0,,,,,,,,,,,,,,,,,,,,,,,,,,,,,,,74m3 ex d00d <mask> <mask> <mask> 83 t34 74m35t 53it1 my friend that is the stupidest thing i have ever seen,▁t ▁4 t,3.0,8.560924583580056e-08,16.273472547531128,5.424490849177043,74 it 1,0.0006428061795143,8.923805236816406,2.9746017456054688,3.0,4.0,0.0,19.0,0.0,2.0
3941,"74m3 ex: d00d, t#4t 83 t34 74m35t 53it1 (my friend, that is the stupidest thing i have ever seen",ex d 00,ex d 00,is_multiword,0,3,3|4|5,1,3.552454948425293,0,1.0,,,,,,,,,,,,,,,,,,,,,,,,,,,,,,,74m3 ex d00d <mask> <mask> <mask> <mask> t34 74m35t 53it1 my friend that is the stupidest thing i have ever seen,▁t ▁4 t ▁83,4.0,1.4859416854884302e-10,22.629802227020264,5.657450556755066,74 m t 1,0.000220418524818,14.209819793701172,3.552454948425293,3.0,5.0,0.0,19.0,0.0,3.0
3941,"74m3 ex: d00d, t#4t 83 t34 74m35t 53it1 (my friend, that is the stupidest thing i have ever seen",ex d 00 d,ex d 00 d,is_multiword,0,3,3|4|5|6,1,3.4811368783315024,0,1.0,,,,,,,,,,,,,,,,,,,,,,,,,,,,,,,74m3 ex d00d <mask> <mask> <mask> <mask> <mask> <mask> 74m35t 53it1 my friend that is the stupidest thing i have ever seen,▁t ▁4 t ▁83 ▁t 34,6.0,3.018362080690191e-17,38.03923225402832,6.339872042338054,1 d d d d </s>,3.554696759552569e-08,20.886821269989014,3.4811368783315024,3.0,6.0,0.0,19.0,0.0,4.0
3941,"74m3 ex: d00d, t#4t 83 t34 74m35t 53it1 (my friend, that is the stupidest thing i have ever seen",d 00,d 00,is_multiword,0,4,4|5,1,3.530628045399984,0,1.0,,,,,,,,,,,,,,,,,,,,,,,,,,,,,,,74m3 ex d00d t <mask> <mask> <mask> t34 74m35t 53it1 my friend that is the stupidest thing i have ever seen,▁4 t ▁83,3.0,2.095424357089351e-08,17.680924654006958,5.893641551335652,34 m d,0.0008341973792767,10.591884136199951,3.530628045399984,4.0,5.0,0.0,19.0,0.0,2.0
3941,"74m3 ex: d00d, t#4t 83 t34 74m35t 53it1 (my friend, that is the stupidest thing i have ever seen",d 00 d,d 00 d,is_multiword,0,4,4|5|6,1,3.217779207229614,0,1.0,,,,,,,,,,,,,,,,,,,,,,,,,,,,,,,74m3 ex d00d t <mask> <mask> <mask> <mask> <mask> 74m35t 53it1 my friend that is the stupidest thing i have ever seen,▁4 t ▁83 ▁t 34,5.0,1.8424029931041425e-13,29.322535514831543,5.864507102966309,00 d t t 1,1.7893833786080115e-06,16.08889603614807,3.217779207229614,4.0,6.0,0.0,19.0,0.0,3.0
3941,"74m3 ex: d00d, t#4t 83 t34 74m35t 53it1 (my friend, that is the stupidest thing i have ever seen",00 d,00 d,is_multiword,0,5,5|6,1,4.444838126500447,0,1.0,,,,,,,,,,,,,,,,,,,,,,,,,,,,,,,74m3 ex d00d t 4t <mask> <mask> <mask> 74m35t 53it1 my friend that is the stupidest thing i have ever seen,▁83 ▁t 34,3.0,2.591457941129448e-09,19.77104520797729,6.590348402659099,1 it 1,0.0016019545068257,13.334514379501345,4.444838126500447,5.0,6.0,0.0,19.0,0.0,2.0
3941,"74m3 ex: d00d, t#4t 83 t34 74m35t 53it1 (my friend, that is the stupidest thing i have ever seen",t 4,t 4,is_multiword,0,7,7|8,1,4.581250395093646,1,1.0,,,,,,,,,,,,,,,,,,,,,,,,,,,,,,,74m3 ex d00d t 4t 83 t34 <mask> <mask> <mask> <mask> <mask> <mask> <mask> my friend that is the stupidest thing i have ever seen,▁74 m 35 t ▁53 it 1,7.0,1.7565914908298752e-21,47.79091167449951,6.827273096357073,t </s> </s> </s> </s> </s> to,1.485775327572808e-07,32.06875276565552,4.581250395093646,7.0,8.0,0.0,19.0,0.0,2.0
3941,"74m3 ex: d00d, t#4t 83 t34 74m35t 53it1 (my friend, that is the stupidest thing i have ever seen",t 4 t,t 4 t,is_multiword,0,7,7|8|9,1,3.87905415892601,0,1.0,,,,,,,,,,,,,,,,,,,,,,,,,,,,,,,74m3 ex d00d t 4t 83 t34 <mask> <mask> <mask> <mask> <mask> <mask> <mask> <mask> friend that is the stupidest thing i have ever seen,▁74 m 35 t ▁53 it 1 ▁my,8.0,7.56507977764085e-22,48.63332915306091,6.079166144132614,t </s> </s> </s> </s> </s> to my,2.27001141995885e-08,31.03243327140808,3.87905415892601,7.0,9.0,0.0,19.0,0.0,3.0
3941,"74m3 ex: d00d, t#4t 83 t34 74m35t 53it1 (my friend, that is the stupidest thing i have ever seen",t 4 t 83,t 4 t 83,is_multiword,0,7,7|8|9|10,1,4.094291687011719,0,1.0,,,,,,,,,,,,,,,,,,,,,,,,,,,,,,,74m3 ex d00d t 4t 83 t34 <mask> <mask> <mask> <mask> <mask> <mask> <mask> <mask> <mask> that is the stupidest thing i have ever seen,▁74 m 35 t ▁53 it 1 ▁my ▁friend,9.0,3.030825018562087e-26,58.75837755203247,6.528708616892497,t </s> </s> </s> </s> </s> </s> </s> </s>,3.052920156731025e-10,36.84862518310547,4.094291687011719,7.0,10.0,0.0,19.0,0.0,4.0
3941,"74m3 ex: d00d, t#4t 83 t34 74m35t 53it1 (my friend, that is the stupidest thing i have ever seen",t 4 t 83 t,t 4 t 83 t,is_multiword,0,7,7|8|9|10|11,1,3.856953978538513,0,1.0,,,,,,,,,,,,,,,,,,,,,,,,,,,,,,,74m3 ex d00d t 4t 83 t34 <mask> <mask> <mask> <mask> <mask> <mask> <mask> <mask> <mask> <mask> is the stupidest thing i have ever seen,▁74 m 35 t ▁53 it 1 ▁my ▁friend ▁that,10.0,2.4417792845361414e-27,61.27707052230835,6.127707052230835,t </s> </s> </s> </s> </s> </s> </s> </s> this,1.3748163973699647e-10,38.56953978538513,3.856953978538513,7.0,11.0,0.0,19.0,0.0,5.0
3941,"74m3 ex: d00d, t#4t 83 t34 74m35t 53it1 (my friend, that is the stupidest thing i have ever seen",t 4 t 83 t 34,t 4 t 83 t 34,is_multiword,0,7,7|8|9|10|11|12,1,3.487696051597595,0,1.0,,,,,,,,,,,,,,,,,,,,,,,,,,,,,,,74m3 ex d00d t 4t 83 t34 <mask> <mask> <mask> <mask> <mask> <mask> <mask> <mask> <mask> <mask> <mask> the stupidest thing i have ever seen,▁74 m 35 t ▁53 it 1 ▁my ▁friend ▁that ▁is,11.0,2.5270405140272853e-28,63.5453337430954,5.7768485220995816,t </s> </s> </s> </s> </s> </s> </s> </s> This is,1.1592333105407296e-11,38.36465656757355,3.487696051597595,7.0,12.0,0.0,19.0,0.0,6.0
3941,"74m3 ex: d00d, t#4t 83 t34 74m35t 53it1 (my friend, that is the stupidest thing i have ever seen",t 4 t 83 t 34 74,t 4 t 83 t 34 74,is_multiword,0,7,7|8|9|10|11|12|13,1,3.128735144933065,0,1.0,,,,,,,,,,,,,,,,,,,,,,,,,,,,,,,74m3 ex d00d t 4t 83 t34 <mask> <mask> <mask> <mask> <mask> <mask> <mask> <mask> <mask> <mask> <mask> <mask> stupidest thing i have ever seen,▁74 m 35 t ▁53 it 1 ▁my ▁friend ▁that ▁is ▁the,12.0,1.151886761172289e-28,64.3309813439846,5.360915111998717,t </s> </s> </s> </s> </s> </s> </s> </s> </s> is the,2.3276554379015736e-12,37.54482173919678,3.128735144933065,7.0,13.0,0.0,19.0,0.0,7.0
3941,"74m3 ex: d00d, t#4t 83 t34 74m35t 53it1 (my friend, that is the stupidest thing i have ever seen",t 4 t 83 t 34 74 m,t 4 t 83 t 34 74 m,is_multiword,0,7,7|8|9|10|11|12|13|14,1,3.372589864901134,0,1.0,,,,,,,,,,,,,,,,,,,,,,,,,,,,,,,74m3 ex d00d t 4t 83 t34 <mask> <mask> <mask> <mask> <mask> <mask> <mask> <mask> <mask> <mask> <mask> <mask> <mask> <mask> thing i have ever seen,▁74 m 35 t ▁53 it 1 ▁my ▁friend ▁that ▁is ▁the ▁stupid est,14.0,1.6299305140723807e-35,80.10194087028503,5.721567205020359,t </s> </s> </s> </s> </s> </s> </s> </s> </s> </s> the the best,5.223113255649307e-15,47.21625810861588,3.372589864901134,7.0,14.0,0.0,19.0,0.0,8.0
3941,"74m3 ex: d00d, t#4t 83 t34 74m35t 53it1 (my friend, that is the stupidest thing i have ever seen",t 4 t 83 t 34 74 m 35,t 4 t 83 t 34 74 m 35,is_multiword,0,7,7|8|9|10|11|12|13|14|15,1,3.1881095012029013,0,1.0,,,,,,,,,,,,,,,,,,,,,,,,,,,,,,,74m3 ex d00d t 4t 83 t34 <mask> <mask> <mask> <mask> <mask> <mask> <mask> <mask> <mask> <mask> <mask> <mask> <mask> <mask> <mask> i have ever seen,▁74 m 35 t ▁53 it 1 ▁my ▁friend ▁that ▁is ▁the ▁stupid est ▁thing,15.0,8.639522706963202e-39,87.64447128772736,5.842964752515157,t </s> </s> </s> </s> </s> </s> </s> </s> </s> the the the best est,5.071836111487504e-18,47.82164251804352,3.1881095012029013,7.0,15.0,0.0,19.0,0.0,9.0
3941,"74m3 ex: d00d, t#4t 83 t34 74m35t 53it1 (my friend, that is the stupidest thing i have ever seen",t 4 t 83 t 34 74 m 35 t,t 4 t 83 t 34 74 m 35 t,is_multiword,0,7,7|8|9|10|11|12|13|14|15|16,1,3.284411389380693,0,1.0,,,,,,,,,,,,,,,,,,,,,,,,,,,,,,,74m3 ex d00d t 4t 83 t34 <mask> <mask> <mask> <mask> <mask> <mask> <mask> <mask> <mask> <mask> <mask> <mask> <mask> <mask> <mask> <mask> have ever seen,▁74 m 35 t ▁53 it 1 ▁my ▁friend ▁that ▁is ▁the ▁stupid est ▁thing ▁i,16.0,6.0796315508873465e-43,97.20621490478516,6.075388431549072,d t </s> </s> </s> </s> </s> </s> </s> </s> </s> the the best est I,4.039291014801403e-20,52.550582230091095,3.284411389380693,7.0,16.0,0.0,19.0,0.0,10.0
3941,"74m3 ex: d00d, t#4t 83 t34 74m35t 53it1 (my friend, that is the stupidest thing i have ever seen",t 4 t 83 t 34 74 m 35 t 53,t 4 t 83 t 34 74 m 35 t 53,is_multiword,0,7,7|8|9|10|11|12|13|14|15|16|17,1,3.382685265120338,0,1.0,,,,,,,,,,,,,,,,,,,,,,,,,,,,,,,74m3 ex d00d t 4t 83 t34 <mask> <mask> <mask> <mask> <mask> <mask> <mask> <mask> <mask> <mask> <mask> <mask> <mask> <mask> <mask> <mask> <mask> ever seen,▁74 m 35 t ▁53 it 1 ▁my ▁friend ▁that ▁is ▁the ▁stupid est ▁thing ▁i ▁have,17.0,9.686944591145387e-47,105.95072031021118,6.232395312365363,d       </s> </s> </s> </s> the the I I ' ve,9.132150807422153e-22,57.50564950704575,3.382685265120338,7.0,17.0,0.0,19.0,0.0,11.0
3941,"74m3 ex: d00d, t#4t 83 t34 74m35t 53it1 (my friend, that is the stupidest thing i have ever seen",t 4 t 83 t 34 74 m 35 t 53 it,t 4 t 83 t 34 74 m 35 t 53 it,is_multiword,0,7,7|8|9|10|11|12|13|14|15|16|17|18,1,4.011551062266032,0,1.0,,,,,,,,,,,,,,,,,,,,,,,,,,,,,,,74m3 ex d00d t 4t 83 t34 <mask> <mask> <mask> <mask> <mask> <mask> <mask> <mask> <mask> <mask> <mask> <mask> <mask> <mask> <mask> <mask> <mask> <mask> seen,▁74 m 35 t ▁53 it 1 ▁my ▁friend ▁that ▁is ▁the ▁stupid est ▁thing ▁i ▁have ▁ever,18.0,3.4279994224712547e-57,130.01537346839905,7.223076303799947,d             . . ' ' be,7.844071866277634e-26,72.20791912078857,4.011551062266032,7.0,18.0,0.0,19.0,0.0,12.0
3941,"74m3 ex: d00d, t#4t 83 t34 74m35t 53it1 (my friend, that is the stupidest thing i have ever seen",t 4 t 83 t 34 74 m 35 t 53 it 1,t 4 t 83 t 34 74 m 35 t 53 it 1,is_multiword,0,7,7|8|9|10|11|12|13|14|15|16|17|18|19,1,6.133031694512618,0,1.0,,,,,,,,,,,,,,,,,,,,,,,,,,,,,,,74m3 ex d00d t 4t 83 t34 <mask> <mask> <mask> <mask> <mask> <mask> <mask> <mask> <mask> <mask> <mask> <mask> <mask> <mask> <mask> <mask> <mask> <mask> <mask>,▁74 m 35 t ▁53 it 1 ▁my ▁friend ▁that ▁is ▁the ▁stupid est ▁thing ▁i ▁have ▁ever ▁seen,19.0,7.356087069555211e-77,175.30352401733398,9.22650126407021,d                 . </s>,2.9781151376293465e-26,116.52760219573976,6.133031694512618,7.0,19.0,0.0,19.0,0.0,13.0
3941,"74m3 ex: d00d, t#4t 83 t34 74m35t 53it1 (my friend, that is the stupidest thing i have ever seen",4 t,4 t,is_multiword,0,8,8|9,1,3.29607093334198,0,1.0,,,,,,,,,,,,,,,,,,,,,,,,,,,,,,,74m3 ex d00d t 4t 83 t34 74m35t <mask> <mask> <mask> <mask> friend that is the stupidest thing i have ever seen,▁53 it 1 ▁my,4.0,1.7947414252525848e-10,22.44098997116089,5.610247492790222,</s> </s> </s> my,9.546926088952642e-05,13.18428373336792,3.29607093334198,8.0,9.0,0.0,19.0,0.0,2.0
3941,"74m3 ex: d00d, t#4t 83 t34 74m35t 53it1 (my friend, that is the stupidest thing i have ever seen",4 t 83,4 t 83,is_multiword,0,8,8|9|10,1,4.842506623268127,0,1.0,,,,,,,,,,,,,,,,,,,,,,,,,,,,,,,74m3 ex d00d t 4t 83 t34 74m35t <mask> <mask> <mask> <mask> <mask> that is the stupidest thing i have ever seen,▁53 it 1 ▁my ▁friend,5.0,6.222371842951351e-17,37.31579542160034,7.463159084320068, t </s> </s> </s>,2.038569329396672e-06,24.21253311634064,4.842506623268127,8.0,10.0,0.0,19.0,0.0,3.0
3941,"74m3 ex: d00d, t#4t 83 t34 74m35t 53it1 (my friend, that is the stupidest thing i have ever seen",4 t 83 t,4 t 83 t,is_multiword,0,8,8|9|10|11,1,4.46635115146637,0,1.0,,,,,,,,,,,,,,,,,,,,,,,,,,,,,,,74m3 ex d00d t 4t 83 t34 74m35t <mask> <mask> <mask> <mask> <mask> <mask> is the stupidest thing i have ever seen,▁53 it 1 ▁my ▁friend ▁that,6.0,1.7043819450430258e-18,40.91332912445069,6.818888187408447,</s> t </s> </s> </s> this,7.410318607193499e-07,26.798106908798218,4.46635115146637,8.0,11.0,0.0,19.0,0.0,4.0
3941,"74m3 ex: d00d, t#4t 83 t34 74m35t 53it1 (my friend, that is the stupidest thing i have ever seen",4 t 83 t 34,4 t 83 t 34,is_multiword,0,8,8|9|10|11|12,1,3.7427939006260464,0,1.0,,,,,,,,,,,,,,,,,,,,,,,,,,,,,,,74m3 ex d00d t 4t 83 t34 74m35t <mask> <mask> <mask> <mask> <mask> <mask> <mask> the stupidest thing i have ever seen,▁53 it 1 ▁my ▁friend ▁that ▁is,7.0,1.4418133293849986e-19,43.3832151889801,6.1976021698543,</s> t </s> </s> </s> This is,3.445340916459882e-08,26.199557304382324,3.7427939006260464,8.0,12.0,0.0,19.0,0.0,5.0
3941,"74m3 ex: d00d, t#4t 83 t34 74m35t 53it1 (my friend, that is the stupidest thing i have ever seen",4 t 83 t 34 74,4 t 83 t 34 74,is_multiword,0,8,8|9|10|11|12|13,1,3.806063950061798,0,1.0,,,,,,,,,,,,,,,,,,,,,,,,,,,,,,,74m3 ex d00d t 4t 83 t34 74m35t <mask> <mask> <mask> <mask> <mask> <mask> <mask> <mask> stupidest thing i have ever seen,▁53 it 1 ▁my ▁friend ▁that ▁is ▁the,8.0,1.5017404213394946e-22,50.250247329473495,6.281280916184187,</s> t t t t </s> </s> the,2.51313281406643e-09,30.448511600494385,3.806063950061798,8.0,13.0,0.0,19.0,0.0,6.0
3941,"74m3 ex: d00d, t#4t 83 t34 74m35t 53it1 (my friend, that is the stupidest thing i have ever seen",4 t 83 t 34 74 m,4 t 83 t 34 74 m,is_multiword,0,8,8|9|10|11|12|13|14,1,3.682053565979004,0,1.0,,,,,,,,,,,,,,,,,,,,,,,,,,,,,,,74m3 ex d00d t 4t 83 t34 74m35t <mask> <mask> <mask> <mask> <mask> <mask> <mask> <mask> <mask> <mask> thing i have ever seen,▁53 it 1 ▁my ▁friend ▁that ▁is ▁the ▁stupid est,10.0,3.3941278083230756e-27,60.94775068759918,6.094775068759918, m t t t t i the the best,3.3241732451858607e-11,36.82053565979004,3.682053565979004,8.0,14.0,0.0,19.0,0.0,7.0
3941,"74m3 ex: d00d, t#4t 83 t34 74m35t 53it1 (my friend, that is the stupidest thing i have ever seen",4 t 83 t 34 74 m 35,4 t 83 t 34 74 m 35,is_multiword,0,8,8|9|10|11|12|13|14|15,1,3.7325978495857934,0,1.0,,,,,,,,,,,,,,,,,,,,,,,,,,,,,,,74m3 ex d00d t 4t 83 t34 74m35t <mask> <mask> <mask> <mask> <mask> <mask> <mask> <mask> <mask> <mask> <mask> i have ever seen,▁53 it 1 ▁my ▁friend ▁that ▁is ▁the ▁stupid est ▁thing,11.0,2.5744699230993663e-30,68.13190913200378,6.193809921091253, m t t t t t the the best est,1.7466301961297985e-12,41.058576345443726,3.7325978495857934,8.0,15.0,0.0,19.0,0.0,8.0
3941,"74m3 ex: d00d, t#4t 83 t34 74m35t 53it1 (my friend, that is the stupidest thing i have ever seen",4 t 83 t 34 74 m 35 t,4 t 83 t 34 74 m 35 t,is_multiword,0,8,8|9|10|11|12|13|14|15|16,1,4.006720691919327,0,1.0,,,,,,,,,,,,,,,,,,,,,,,,,,,,,,,74m3 ex d00d t 4t 83 t34 74m35t <mask> <mask> <mask> <mask> <mask> <mask> <mask> <mask> <mask> <mask> <mask> <mask> have ever seen,▁53 it 1 ▁my ▁friend ▁that ▁is ▁the ▁stupid est ▁thing ▁i,12.0,1.3200121280564276e-34,78.01025223731995,6.500854353109996, m t t t t t the the best est I,1.004010294431268e-13,48.08064830303192,4.006720691919327,8.0,16.0,0.0,19.0,0.0,9.0
3941,"74m3 ex: d00d, t#4t 83 t34 74m35t 53it1 (my friend, that is the stupidest thing i have ever seen",4 t 83 t 34 74 m 35 t 53,4 t 83 t 34 74 m 35 t 53,is_multiword,0,8,8|9|10|11|12|13|14|15|16|17,1,4.060906735750345,0,1.0,,,,,,,,,,,,,,,,,,,,,,,,,,,,,,,74m3 ex d00d t 4t 83 t34 74m35t <mask> <mask> <mask> <mask> <mask> <mask> <mask> <mask> <mask> <mask> <mask> <mask> <mask> ever seen,▁53 it 1 ▁my ▁friend ▁that ▁is ▁the ▁stupid est ▁thing ▁i ▁have,13.0,7.567204519190854e-38,85.47440981864929,6.574954601434561, m t t t t t t the the I ' ve,6.399079430374879e-15,52.791787564754486,4.060906735750345,8.0,17.0,0.0,19.0,0.0,10.0
3941,"74m3 ex: d00d, t#4t 83 t34 74m35t 53it1 (my friend, that is the stupidest thing i have ever seen",4 t 83 t 34 74 m 35 t 53 it,4 t 83 t 34 74 m 35 t 53 it,is_multiword,0,8,8|9|10|11|12|13|14|15|16|17|18,1,4.581702317510333,0,1.0,,,,,,,,,,,,,,,,,,,,,,,,,,,,,,,74m3 ex d00d t 4t 83 t34 74m35t <mask> <mask> <mask> <mask> <mask> <mask> <mask> <mask> <mask> <mask> <mask> <mask> <mask> <mask> seen,▁53 it 1 ▁my ▁friend ▁that ▁is ▁the ▁stupid est ▁thing ▁i ▁have ▁ever,14.0,2.7966306944038683e-47,107.19308400154114,7.656648857252938, m t t t t t t t d d s have be,2.0134812930228692e-19,64.14383244514465,4.581702317510333,8.0,18.0,0.0,19.0,0.0,11.0
3941,"74m3 ex: d00d, t#4t 83 t34 74m35t 53it1 (my friend, that is the stupidest thing i have ever seen",4 t 83 t 34 74 m 35 t 53 it 1,4 t 83 t 34 74 m 35 t 53 it 1,is_multiword,0,8,8|9|10|11|12|13|14|15|16|17|18|19,1,7.343290972709656,0,1.0,,,,,,,,,,,,,,,,,,,,,,,,,,,,,,,74m3 ex d00d t 4t 83 t34 74m35t <mask> <mask> <mask> <mask> <mask> <mask> <mask> <mask> <mask> <mask> <mask> <mask> <mask> <mask> <mask>,▁53 it 1 ▁my ▁friend ▁that ▁is ▁the ▁stupid est ▁thing ▁i ▁have ▁ever ▁seen,15.0,3.07494484933522e-67,153.14991426467896,10.20999428431193, m t t t t t t t t t t  t </s>,2.1139687244568981e-19,110.14936459064484,7.343290972709656,8.0,19.0,0.0,19.0,0.0,12.0
3941,"74m3 ex: d00d, t#4t 83 t34 74m35t 53it1 (my friend, that is the stupidest thing i have ever seen",t 83,t 83,is_multiword,0,9,9|10,1,8.061317384243011,1,1.0,,,,,,,,,,,,,,,,,,,,,,,,,,,,,,,74m3 ex d00d t 4t 83 t34 74m35t 53it1 <mask> <mask> that is the stupidest thing i have ever seen,▁my ▁friend,2.0,2.3333500906021912e-08,17.573375701904297,8.786687850952148,</s> </s>,0.2343965514999871,16.122634768486023,8.061317384243011,9.0,10.0,0.0,19.0,0.0,2.0
3941,"74m3 ex: d00d, t#4t 83 t34 74m35t 53it1 (my friend, that is the stupidest thing i have ever seen",t 83 t,t 83 t,is_multiword,0,9,9|10|11,1,6.993253096938133,0,1.0,,,,,,,,,,,,,,,,,,,,,,,,,,,,,,,74m3 ex d00d t 4t 83 t34 74m35t 53it1 <mask> <mask> <mask> is the stupidest thing i have ever seen,▁my ▁friend ▁that,3.0,1.6194372451044562e-10,22.54377222061157,7.514590740203857,</s> </s> This,0.2092944996123952,20.9797592908144,6.993253096938133,9.0,11.0,0.0,19.0,0.0,3.0
3941,"74m3 ex: d00d, t#4t 83 t34 74m35t 53it1 (my friend, that is the stupidest thing i have ever seen",t 83 t 34,t 83 t 34,is_multiword,0,9,9|10|11|12,1,4.989479959011078,0,1.0,,,,,,,,,,,,,,,,,,,,,,,,,,,,,,,74m3 ex d00d t 4t 83 t34 74m35t 53it1 <mask> <mask> <mask> <mask> the stupidest thing i have ever seen,▁my ▁friend ▁that ▁is,4.0,4.482964019988199e-11,23.82815158367157,5.9570378959178925,</s> </s> This is,0.0208535361076685,19.95791983604431,4.989479959011078,9.0,12.0,0.0,19.0,0.0,4.0
3941,"74m3 ex: d00d, t#4t 83 t34 74m35t 53it1 (my friend, that is the stupidest thing i have ever seen",t 83 t 34 74,t 83 t 34 74,is_multiword,0,9,9|10|11|12|13,1,5.210401129722595,0,1.0,,,,,,,,,,,,,,,,,,,,,,,,,,,,,,,74m3 ex d00d t 4t 83 t34 74m35t 53it1 <mask> <mask> <mask> <mask> <mask> stupidest thing i have ever seen,▁my ▁friend ▁that ▁is ▁the,5.0,4.8591089075738926e-15,32.95792132616043,6.591584265232086,</s> </s> </s> </s> the,0.0010018412945394,26.052005648612976,5.210401129722595,9.0,13.0,0.0,19.0,0.0,5.0
3941,"74m3 ex: d00d, t#4t 83 t34 74m35t 53it1 (my friend, that is the stupidest thing i have ever seen",t 83 t 34 74 m,t 83 t 34 74 m,is_multiword,0,9,9|10|11|12|13|14,1,4.416261979511806,0,1.0,,,,,,,,,,,,,,,,,,,,,,,,,,,,,,,74m3 ex d00d t 4t 83 t34 74m35t 53it1 <mask> <mask> <mask> <mask> <mask> <mask> <mask> thing i have ever seen,▁my ▁friend ▁that ▁is ▁the ▁stupid est,7.0,3.936522605294114e-20,44.68140411376953,6.383057730538504,</s> </s> </s> </s> </s> the best,1.04910802252154e-06,30.91383385658264,4.416261979511806,9.0,14.0,0.0,19.0,0.0,6.0
3941,"74m3 ex: d00d, t#4t 83 t34 74m35t 53it1 (my friend, that is the stupidest thing i have ever seen",t 83 t 34 74 m 35,t 83 t 34 74 m 35,is_multiword,0,9,9|10|11|12|13|14|15,1,3.6945517510175705,0,1.0,,,,,,,,,,,,,,,,,,,,,,,,,,,,,,,74m3 ex d00d t 4t 83 t34 74m35t 53it1 <mask> <mask> <mask> <mask> <mask> <mask> <mask> <mask> i have ever seen,▁my ▁friend ▁that ▁is ▁the ▁stupid est ▁thing,8.0,1.3305288656192229e-21,48.06871044635773,6.008588805794716,</s> </s> </s> i the the best est,9.124557441486116e-09,29.556414008140564,3.6945517510175705,9.0,15.0,0.0,19.0,0.0,7.0
3941,"74m3 ex: d00d, t#4t 83 t34 74m35t 53it1 (my friend, that is the stupidest thing i have ever seen",t 83 t 34 74 m 35 t,t 83 t 34 74 m 35 t,is_multiword,0,9,9|10|11|12|13|14|15|16,1,3.9513230323791504,0,1.0,,,,,,,,,,,,,,,,,,,,,,,,,,,,,,,74m3 ex d00d t 4t 83 t34 74m35t 53it1 <mask> <mask> <mask> <mask> <mask> <mask> <mask> <mask> <mask> have ever seen,▁my ▁friend ▁that ▁is ▁the ▁stupid est ▁thing ▁i,9.0,1.2561549057091536e-25,57.33657193183899,6.370730214648777,</s> </s> t t the the best est I,3.494485971633185e-10,35.56190729141235,3.9513230323791504,9.0,16.0,0.0,19.0,0.0,8.0
3941,"74m3 ex: d00d, t#4t 83 t34 74m35t 53it1 (my friend, that is the stupidest thing i have ever seen",t 83 t 34 74 m 35 t 53,t 83 t 34 74 m 35 t 53,is_multiword,0,9,9|10|11|12|13|14|15|16|17,1,3.928538084030152,0,1.0,,,,,,,,,,,,,,,,,,,,,,,,,,,,,,,74m3 ex d00d t 4t 83 t34 74m35t 53it1 <mask> <mask> <mask> <mask> <mask> <mask> <mask> <mask> <mask> <mask> ever seen,▁my ▁friend ▁that ▁is ▁the ▁stupid est ▁thing ▁i ▁have,10.0,1.868262992677393e-28,63.84737348556519,6.384737348556518,t t t t t the the I ' have,2.1520984247697515e-11,39.28538084030152,3.928538084030152,9.0,17.0,0.0,19.0,0.0,9.0
3941,"74m3 ex: d00d, t#4t 83 t34 74m35t 53it1 (my friend, that is the stupidest thing i have ever seen",t 83 t 34 74 m 35 t 53 it,t 83 t 34 74 m 35 t 53 it,is_multiword,0,9,9|10|11|12|13|14|15|16|17|18,1,5.008058526299217,0,1.0,,,,,,,,,,,,,,,,,,,,,,,,,,,,,,,74m3 ex d00d t 4t 83 t34 74m35t 53it1 <mask> <mask> <mask> <mask> <mask> <mask> <mask> <mask> <mask> <mask> <mask> seen,▁my ▁friend ▁that ▁is ▁the ▁stupid est ▁thing ▁i ▁have ▁ever,11.0,4.1862109585370503e-39,88.36902260780334,8.033547509800304,t t t t t t t t t not not,3.5197767925735072e-15,55.08864378929138,5.008058526299217,9.0,18.0,0.0,19.0,0.0,10.0
3941,"74m3 ex: d00d, t#4t 83 t34 74m35t 53it1 (my friend, that is the stupidest thing i have ever seen",t 83 t 34 74 m 35 t 53 it 1,t 83 t 34 74 m 35 t 53 it 1,is_multiword,0,9,9|10|11|12|13|14|15|16|17|18|19,1,7.847357918818791,0,1.0,,,,,,,,,,,,,,,,,,,,,,,,,,,,,,,74m3 ex d00d t 4t 83 t34 74m35t 53it1 <mask> <mask> <mask> <mask> <mask> <mask> <mask> <mask> <mask> <mask> <mask> <mask>,▁my ▁friend ▁that ▁is ▁the ▁stupid est ▁thing ▁i ▁have ▁ever ▁seen,12.0,4.930921356400723e-56,127.34923934936523,10.612436612447103, t t t t t t t t t t </s>,3.887755782066869e-15,94.1682950258255,7.847357918818791,9.0,19.0,0.0,19.0,0.0,11.0
3941,"74m3 ex: d00d, t#4t 83 t34 74m35t 53it1 (my friend, that is the stupidest thing i have ever seen",83 t,83 t,is_multiword,0,10,10|11,1,1.6430740356445312,0,1.0,,,,,,,,,,,,,,,,,,,,,,,,,,,,,,,74m3 ex d00d t 4t 83 t34 74m35t 53it1 my <mask> <mask> is the stupidest thing i have ever seen,▁friend ▁that,2.0,3.629179356668172e-05,10.223918914794922,5.111959457397461, this,0.0009704304291435,3.2861480712890625,1.6430740356445312,10.0,11.0,0.0,19.0,0.0,2.0
3941,"74m3 ex: d00d, t#4t 83 t34 74m35t 53it1 (my friend, that is the stupidest thing i have ever seen",83 t 34,83 t 34,is_multiword,0,10,10|11|12,1,1.3038101196289062,0,1.0,,,,,,,,,,,,,,,,,,,,,,,,,,,,,,,74m3 ex d00d t 4t 83 t34 74m35t 53it1 my <mask> <mask> <mask> the stupidest thing i have ever seen,▁friend ▁that ▁is,3.0,8.423538674189885e-06,11.684480547904968,3.894826849301656,ass is is,0.0004209273986067,3.911430358886719,1.3038101196289062,10.0,12.0,0.0,19.0,0.0,3.0
3941,"74m3 ex: d00d, t#4t 83 t34 74m35t 53it1 (my friend, that is the stupidest thing i have ever seen",83 t 34 74,83 t 34 74,is_multiword,0,10,10|11|12|13,1,1.3844127655029297,0,1.0,,,,,,,,,,,,,,,,,,,,,,,,,,,,,,,74m3 ex d00d t 4t 83 t34 74m35t 53it1 my <mask> <mask> <mask> <mask> stupidest thing i have ever seen,▁friend ▁that ▁is ▁the,4.0,2.805116749959735e-07,15.086650490760803,3.771662622690201,ass </s> </s> the,7.127254065696353e-05,5.537651062011719,1.3844127655029297,10.0,13.0,0.0,19.0,0.0,4.0
3941,"74m3 ex: d00d, t#4t 83 t34 74m35t 53it1 (my friend, that is the stupidest thing i have ever seen",83 t 34 74 m,83 t 34 74 m,is_multiword,0,10,10|11|12|13|14,1,1.828334907690684,0,1.0,,,,,,,,,,,,,,,,,,,,,,,,,,,,,,,74m3 ex d00d t 4t 83 t34 74m35t 53it1 my <mask> <mask> <mask> <mask> <mask> <mask> thing i have ever seen,▁friend ▁that ▁is ▁the ▁stupid est,6.0,5.793667198636936e-12,25.874255657196045,4.312375942866008,life i i the the best,3.36641856839044e-07,10.970009446144104,1.828334907690684,10.0,14.0,0.0,19.0,0.0,5.0
3941,"74m3 ex: d00d, t#4t 83 t34 74m35t 53it1 (my friend, that is the stupidest thing i have ever seen",83 t 34 74 m 35,83 t 34 74 m 35,is_multiword,0,10,10|11|12|13|14|15,1,2.1701321261269704,0,1.0,,,,,,,,,,,,,,,,,,,,,,,,,,,,,,,74m3 ex d00d t 4t 83 t34 74m35t 53it1 my <mask> <mask> <mask> <mask> <mask> <mask> <mask> i have ever seen,▁friend ▁that ▁is ▁the ▁stupid est ▁thing,7.0,3.1067935214638137e-15,33.40518522262573,4.772169317517962,s i i the the best best,1.2292698856219482e-08,15.190924882888794,2.1701321261269704,10.0,15.0,0.0,19.0,0.0,6.0
3941,"74m3 ex: d00d, t#4t 83 t34 74m35t 53it1 (my friend, that is the stupidest thing i have ever seen",83 t 34 74 m 35 t,83 t 34 74 m 35 t,is_multiword,0,10,10|11|12|13|14|15|16,1,2.0699701607227325,0,1.0,,,,,,,,,,,,,,,,,,,,,,,,,,,,,,,74m3 ex d00d t 4t 83 t34 74m35t 53it1 my <mask> <mask> <mask> <mask> <mask> <mask> <mask> <mask> have ever seen,▁friend ▁that ▁is ▁the ▁stupid est ▁thing ▁i,8.0,6.426190427242045e-17,37.28356468677521,4.660445585846901,s s </s> the the best est I,9.99462580414729e-10,16.55976128578186,2.0699701607227325,10.0,16.0,0.0,19.0,0.0,7.0
3941,"74m3 ex: d00d, t#4t 83 t34 74m35t 53it1 (my friend, that is the stupidest thing i have ever seen",83 t 34 74 m 35 t 53,83 t 34 74 m 35 t 53,is_multiword,0,10,10|11|12|13|14|15|16|17,1,2.135377175278134,0,1.0,,,,,,,,,,,,,,,,,,,,,,,,,,,,,,,74m3 ex d00d t 4t 83 t34 74m35t 53it1 my <mask> <mask> <mask> <mask> <mask> <mask> <mask> <mask> <mask> ever seen,▁friend ▁that ▁is ▁the ▁stupid est ▁thing ▁i ▁have,9.0,1.3529181395614396e-19,43.446852922439575,4.827428102493286,d t </s> the the the I ' ve,3.004098965695274e-11,19.218394577503204,2.135377175278134,10.0,17.0,0.0,19.0,0.0,8.0
3941,"74m3 ex: d00d, t#4t 83 t34 74m35t 53it1 (my friend, that is the stupidest thing i have ever seen",83 t 34 74 m 35 t 53 it,83 t 34 74 m 35 t 53 it,is_multiword,0,10,10|11|12|13|14|15|16|17|18,1,3.117342090606689,0,1.0,,,,,,,,,,,,,,,,,,,,,,,,,,,,,,,74m3 ex d00d t 4t 83 t34 74m35t 53it1 my <mask> <mask> <mask> <mask> <mask> <mask> <mask> <mask> <mask> <mask> seen,▁friend ▁that ▁is ▁the ▁stupid est ▁thing ▁i ▁have ▁ever,10.0,5.468164081989585e-29,65.0760247707367,6.50760247707367,d t t t t t t I ' not,1.8892360296566067e-15,31.17342090606689,3.117342090606689,10.0,18.0,0.0,19.0,0.0,9.0
3941,"74m3 ex: d00d, t#4t 83 t34 74m35t 53it1 (my friend, that is the stupidest thing i have ever seen",83 t 34 74 m 35 t 53 it 1,83 t 34 74 m 35 t 53 it 1,is_multiword,0,10,10|11|12|13|14|15|16|17|18|19,1,5.94683762030168,0,1.0,,,,,,,,,,,,,,,,,,,,,,,,,,,,,,,74m3 ex d00d t 4t 83 t34 74m35t 53it1 my <mask> <mask> <mask> <mask> <mask> <mask> <mask> <mask> <mask> <mask> <mask>,▁friend ▁that ▁is ▁the ▁stupid est ▁thing ▁i ▁have ▁ever ▁seen,11.0,3.001936236871e-44,100.2144865989685,9.1104078726335,t t  t t t t   t </s>,7.706689456228011e-16,65.41521382331848,5.94683762030168,10.0,19.0,0.0,19.0,0.0,10.0
3941,"74m3 ex: d00d, t#4t 83 t34 74m35t 53it1 (my friend, that is the stupidest thing i have ever seen",t 34,t 34,is_multiword,0,11,11|12,1,0.6454677581787109,0,1.0,,,,,,,,,,,,,,,,,,,,,,,,,,,,,,,74m3 ex d00d t 4t 83 t34 74m35t 53it1 my friend <mask> <mask> the stupidest thing i have ever seen,▁that ▁is,2.0,0.0052258920552931,5.254129767417908,2.627064883708954,this is,0.0190023190678658,1.290935516357422,0.6454677581787109,11.0,12.0,0.0,19.0,0.0,2.0
3941,"74m3 ex: d00d, t#4t 83 t34 74m35t 53it1 (my friend, that is the stupidest thing i have ever seen",t 34 74,t 34 74,is_multiword,0,11,11|12|13,1,1.7757035096486409,0,1.0,,,,,,,,,,,,,,,,,,,,,,,,,,,,,,,74m3 ex d00d t 4t 83 t34 74m35t 53it1 my friend <mask> <mask> <mask> stupidest thing i have ever seen,▁that ▁is ▁the,3.0,3.5909117238155895e-05,10.234519332647324,3.4115064442157745,</s> </s> the,0.0073916166677781,5.327110528945923,1.7757035096486409,11.0,13.0,0.0,19.0,0.0,3.0
3941,"74m3 ex: d00d, t#4t 83 t34 74m35t 53it1 (my friend, that is the stupidest thing i have ever seen",t 34 74 m,t 34 74 m,is_multiword,0,11,11|12|13|14,1,2.564977240562439,0,1.0,,,,,,,,,,,,,,,,,,,,,,,,,,,,,,,74m3 ex d00d t 4t 83 t34 74m35t 53it1 my friend <mask> <mask> <mask> <mask> <mask> thing i have ever seen,▁that ▁is ▁the ▁stupid est,5.0,1.4931911503033206e-10,22.624935388565063,4.524987077713012,i i the the best,5.544887207058536e-05,12.824886202812197,2.564977240562439,11.0,14.0,0.0,19.0,0.0,4.0
3941,"74m3 ex: d00d, t#4t 83 t34 74m35t 53it1 (my friend, that is the stupidest thing i have ever seen",t 34 74 m 35,t 34 74 m 35,is_multiword,0,11,11|12|13|14|15,1,3.2082188725471497,0,1.0,,,,,,,,,,,,,,,,,,,,,,,,,,,,,,,74m3 ex d00d t 4t 83 t34 74m35t 53it1 my friend <mask> <mask> <mask> <mask> <mask> <mask> i have ever seen,▁that ▁is ▁the ▁stupid est ▁thing,6.0,6.3001746874107344e-15,32.69819903373718,5.449699838956197,i i i i best best,1.4428563993791486e-06,19.249313235282894,3.2082188725471497,11.0,15.0,0.0,19.0,0.0,5.0
3941,"74m3 ex: d00d, t#4t 83 t34 74m35t 53it1 (my friend, that is the stupidest thing i have ever seen",t 34 74 m 35 t,t 34 74 m 35 t,is_multiword,0,11,11|12|13|14|15|16,1,2.3327620455196927,0,1.0,,,,,,,,,,,,,,,,,,,,,,,,,,,,,,,74m3 ex d00d t 4t 83 t34 74m35t 53it1 my friend <mask> <mask> <mask> <mask> <mask> <mask> <mask> have ever seen,▁that ▁is ▁the ▁stupid est ▁thing ▁i,7.0,2.1239195633451186e-15,33.785513162612915,4.826501880373273,</s> s the the best best I,2.6234805752389192e-08,16.329334318637848,2.3327620455196927,11.0,16.0,0.0,19.0,0.0,6.0
3941,"74m3 ex: d00d, t#4t 83 t34 74m35t 53it1 (my friend, that is the stupidest thing i have ever seen",t 34 74 m 35 t 53,t 34 74 m 35 t 53,is_multiword,0,11,11|12|13|14|15|16|17,1,2.054933100938797,0,1.0,,,,,,,,,,,,,,,,,,,,,,,,,,,,,,,74m3 ex d00d t 4t 83 t34 74m35t 53it1 my friend <mask> <mask> <mask> <mask> <mask> <mask> <mask> <mask> ever seen,▁that ▁is ▁the ▁stupid est ▁thing ▁i ▁have,8.0,3.318871651912061e-16,35.64173662662506,4.455217078328133,</s> s the the best i ' have,4.576772328108016e-09,16.439464807510376,2.054933100938797,11.0,17.0,0.0,19.0,0.0,7.0
3941,"74m3 ex: d00d, t#4t 83 t34 74m35t 53it1 (my friend, that is the stupidest thing i have ever seen",t 34 74 m 35 t 53 it,t 34 74 m 35 t 53 it,is_multiword,0,11,11|12|13|14|15|16|17|18,1,2.3438557386398315,0,1.0,,,,,,,,,,,,,,,,,,,,,,,,,,,,,,,74m3 ex d00d t 4t 83 t34 74m35t 53it1 my friend <mask> <mask> <mask> <mask> <mask> <mask> <mask> <mask> <mask> seen,▁that ▁is ▁the ▁stupid est ▁thing ▁i ▁have ▁ever,9.0,2.4560604629192073e-22,49.75831341743469,5.5287014908260765,is s </s> </s> </s> i i ' never,3.5608327613868177e-13,21.094701647758484,2.3438557386398315,11.0,18.0,0.0,19.0,0.0,8.0
3941,"74m3 ex: d00d, t#4t 83 t34 74m35t 53it1 (my friend, that is the stupidest thing i have ever seen",t 34 74 m 35 t 53 it 1,t 34 74 m 35 t 53 it 1,is_multiword,0,11,11|12|13|14|15|16|17|18|19,1,4.1181519508361815,0,1.0,,,,,,,,,,,,,,,,,,,,,,,,,,,,,,,74m3 ex d00d t 4t 83 t34 74m35t 53it1 my friend <mask> <mask> <mask> <mask> <mask> <mask> <mask> <mask> <mask> <mask>,▁that ▁is ▁the ▁stupid est ▁thing ▁i ▁have ▁ever ▁seen,10.0,1.4578017617497064e-33,75.60837841033936,7.560837841033935,is </s> </s>      . </s>,1.1184205792366617e-15,41.181519508361816,4.1181519508361815,11.0,19.0,0.0,19.0,0.0,9.0
3941,"74m3 ex: d00d, t#4t 83 t34 74m35t 53it1 (my friend, that is the stupidest thing i have ever seen",34 74,34 74,is_multiword,0,12,12|13,1,0.0,0,1.0,,,,,,,,,,,,,,,,,,,,,,,,,,,,,,,74m3 ex d00d t 4t 83 t34 74m35t 53it1 my friend that <mask> <mask> stupidest thing i have ever seen,▁is ▁the,2.0,0.6832687381379305,0.3808670295402407,0.1904335147701203,is the,0.6832687381379305,0.0,0.0,12.0,13.0,0.0,19.0,0.0,2.0
3941,"74m3 ex: d00d, t#4t 83 t34 74m35t 53it1 (my friend, that is the stupidest thing i have ever seen",34 74 m,34 74 m,is_multiword,0,12,12|13|14,1,2.0488624796271324,0,1.0,,,,,,,,,,,,,,,,,,,,,,,,,,,,,,,74m3 ex d00d t 4t 83 t34 74m35t 53it1 my friend that <mask> <mask> <mask> <mask> thing i have ever seen,▁is ▁the ▁stupid est,4.0,4.569546086772903e-06,12.296096682548525,3.0740241706371307,' s the best,0.0165619602567236,8.19544991850853,2.0488624796271324,12.0,14.0,0.0,19.0,0.0,3.0
3941,"74m3 ex: d00d, t#4t 83 t34 74m35t 53it1 (my friend, that is the stupidest thing i have ever seen",34 74 m 35,34 74 m 35,is_multiword,0,12,12|13|14|15,1,1.7544097423553466,0,1.0,,,,,,,,,,,,,,,,,,,,,,,,,,,,,,,74m3 ex d00d t 4t 83 t34 74m35t 53it1 my friend that <mask> <mask> <mask> <mask> <mask> i have ever seen,▁is ▁the ▁stupid est ▁thing,5.0,6.460917116750896e-08,16.554909467697144,3.3109818935394286,is the the best best,0.0004168180526677,8.772048711776733,1.7544097423553466,12.0,15.0,0.0,19.0,0.0,4.0
3941,"74m3 ex: d00d, t#4t 83 t34 74m35t 53it1 (my friend, that is the stupidest thing i have ever seen",34 74 m 35 t,34 74 m 35 t,is_multiword,0,12,12|13|14|15|16,1,1.9626814027627308,0,1.0,,,,,,,,,,,,,,,,,,,,,,,,,,,,,,,74m3 ex d00d t 4t 83 t34 74m35t 53it1 my friend that <mask> <mask> <mask> <mask> <mask> <mask> have ever seen,▁is ▁the ▁stupid est ▁thing ▁i,6.0,9.276946249052142e-10,20.79831850528717,3.4663864175478616,is the the best that I,0.0001206966616229,11.776088416576384,1.9626814027627308,12.0,16.0,0.0,19.0,0.0,5.0
3941,"74m3 ex: d00d, t#4t 83 t34 74m35t 53it1 (my friend, that is the stupidest thing i have ever seen",34 74 m 35 t 53,34 74 m 35 t 53,is_multiword,0,12,12|13|14|15|16|17,1,1.830712982586452,0,1.0,,,,,,,,,,,,,,,,,,,,,,,,,,,,,,,74m3 ex d00d t 4t 83 t34 74m35t 53it1 my friend that <mask> <mask> <mask> <mask> <mask> <mask> <mask> ever seen,▁is ▁the ▁stupid est ▁thing ▁i ▁have,7.0,8.90861924392686e-12,25.444001853466037,3.634857407638005,is the the best I ' have,3.2755951658387182e-06,12.814990878105164,1.830712982586452,12.0,17.0,0.0,19.0,0.0,6.0
3941,"74m3 ex: d00d, t#4t 83 t34 74m35t 53it1 (my friend, that is the stupidest thing i have ever seen",34 74 m 35 t 53 it,34 74 m 35 t 53 it,is_multiword,0,12,12|13|14|15|16|17|18,1,2.0182962715625763,0,1.0,,,,,,,,,,,,,,,,,,,,,,,,,,,,,,,74m3 ex d00d t 4t 83 t34 74m35t 53it1 my friend that <mask> <mask> <mask> <mask> <mask> <mask> <mask> <mask> seen,▁is ▁the ▁stupid est ▁thing ▁i ▁have ▁ever,8.0,7.266090323687897e-17,37.16072821617127,4.645091027021408,is s the the that I I never,7.474467552237218e-10,16.14637017250061,2.0182962715625763,12.0,18.0,0.0,19.0,0.0,7.0
3941,"74m3 ex: d00d, t#4t 83 t34 74m35t 53it1 (my friend, that is the stupidest thing i have ever seen",34 74 m 35 t 53 it 1,34 74 m 35 t 53 it 1,is_multiword,0,12,12|13|14|15|16|17|18|19,1,3.633724398083157,0,1.0,,,,,,,,,,,,,,,,,,,,,,,,,,,,,,,74m3 ex d00d t 4t 83 t34 74m35t 53it1 my friend that <mask> <mask> <mask> <mask> <mask> <mask> <mask> <mask> <mask>,▁is ▁the ▁stupid est ▁thing ▁i ▁have ▁ever ▁seen,9.0,2.9007460457127308e-27,61.10482954978943,6.789425505532159,is s the the . .  . </s>,4.628793457852394e-13,32.70351958274841,3.633724398083157,12.0,19.0,0.0,19.0,0.0,8.0
3941,"74m3 ex: d00d, t#4t 83 t34 74m35t 53it1 (my friend, that is the stupidest thing i have ever seen",74 m 35,74 m 35,is_multiword,0,13,13|14|15,1,1.9120454788208008,0,1.0,,,,,,,,,,,,,,,,,,,,,,,,,,,,,,,74m3 ex d00d t 4t 83 t34 74m35t 53it1 my friend that is <mask> <mask> <mask> <mask> i have ever seen,▁the ▁stupid est ▁thing,4.0,7.90394518297762e-07,14.050733625888824,3.512683406472206,the best beautiful man,0.0016573228646483,7.648181915283203,1.9120454788208008,13.0,15.0,0.0,19.0,0.0,3.0
3941,"74m3 ex: d00d, t#4t 83 t34 74m35t 53it1 (my friend, that is the stupidest thing i have ever seen",74 m 35 t,74 m 35 t,is_multiword,0,13,13|14|15|16,1,2.0174766182899475,0,1.0,,,,,,,,,,,,,,,,,,,,,,,,,,,,,,,74m3 ex d00d t 4t 83 t34 74m35t 53it1 my friend that is <mask> <mask> <mask> <mask> <mask> have ever seen,▁the ▁stupid est ▁thing ▁i,5.0,3.9608813154040026e-08,17.044214189052582,3.4088428378105164,the best beautiful that I,0.0009521089393753,10.087383091449738,2.0174766182899475,13.0,16.0,0.0,19.0,0.0,4.0
3941,"74m3 ex: d00d, t#4t 83 t34 74m35t 53it1 (my friend, that is the stupidest thing i have ever seen",74 m 35 t 53,74 m 35 t 53,is_multiword,0,13,13|14|15|16|17,1,2.1663043002287545,0,1.0,,,,,,,,,,,,,,,,,,,,,,,,,,,,,,,74m3 ex d00d t 4t 83 t34 74m35t 53it1 my friend that is <mask> <mask> <mask> <mask> <mask> <mask> ever seen,▁the ▁stupid est ▁thing ▁i ▁have,6.0,1.3321990154400922e-09,20.436434864997864,3.406072477499644,the best best I ' have,0.0005881026422645,12.997825801372528,2.1663043002287545,13.0,17.0,0.0,19.0,0.0,5.0
3941,"74m3 ex: d00d, t#4t 83 t34 74m35t 53it1 (my friend, that is the stupidest thing i have ever seen",74 m 35 t 53 it,74 m 35 t 53 it,is_multiword,0,13,13|14|15|16|17|18,1,1.833392551967076,0,1.0,,,,,,,,,,,,,,,,,,,,,,,,,,,,,,,74m3 ex d00d t 4t 83 t34 74m35t 53it1 my friend that is <mask> <mask> <mask> <mask> <mask> <mask> <mask> seen,▁the ▁stupid est ▁thing ▁i ▁have ▁ever,7.0,6.706011997176823e-14,30.333186864852905,4.333312409264701,the the the that I I never,2.5124082187544596e-08,12.833747863769531,1.833392551967076,13.0,18.0,0.0,19.0,0.0,6.0
3941,"74m3 ex: d00d, t#4t 83 t34 74m35t 53it1 (my friend, that is the stupidest thing i have ever seen",74 m 35 t 53 it 1,74 m 35 t 53 it 1,is_multiword,0,13,13|14|15|16|17|18|19,1,3.863878771662712,0,1.0,,,,,,,,,,,,,,,,,,,,,,,,,,,,,,,74m3 ex d00d t 4t 83 t34 74m35t 53it1 my friend that is <mask> <mask> <mask> <mask> <mask> <mask> <mask> <mask>,▁the ▁stupid est ▁thing ▁i ▁have ▁ever ▁seen,8.0,8.741732068280413e-26,57.69910407066345,7.2123880088329315,a the . . .  . </s>,2.323203886527401e-12,30.911030173301697,3.863878771662712,13.0,19.0,0.0,19.0,0.0,7.0
3941,"74m3 ex: d00d, t#4t 83 t34 74m35t 53it1 (my friend, that is the stupidest thing i have ever seen",m 35,m 35,is_multiword,0,14,14|15,1,2.548924684524536,0,1.0,,,,,,,,,,,,,,,,,,,,,,,,,,,,,,,74m3 ex d00d t 4t 83 t34 74m35t 53it1 my friend that is the <mask> <mask> <mask> i have ever seen,▁stupid est ▁thing,3.0,1.539496141292731e-06,13.384055376052856,4.461351792017619,best est house,0.0032235200848347,7.646774053573608,2.548924684524536,14.0,15.0,0.0,19.0,0.0,2.0
3941,"74m3 ex: d00d, t#4t 83 t34 74m35t 53it1 (my friend, that is the stupidest thing i have ever seen",m 35 t,m 35 t,is_multiword,0,14,14|15|16,1,2.414763480424881,0,1.0,,,,,,,,,,,,,,,,,,,,,,,,,,,,,,,74m3 ex d00d t 4t 83 t34 74m35t 53it1 my friend that is the <mask> <mask> <mask> <mask> have ever seen,▁stupid est ▁thing ▁i,4.0,9.530171388228165e-08,16.166218042373657,4.041554510593414,best beautiful man I,0.0014927068629293,9.659053921699524,2.414763480424881,14.0,16.0,0.0,19.0,0.0,3.0
3941,"74m3 ex: d00d, t#4t 83 t34 74m35t 53it1 (my friend, that is the stupidest thing i have ever seen",m 35 t 53,m 35 t 53,is_multiword,0,14,14|15|16|17,1,2.964878052473068,0,1.0,,,,,,,,,,,,,,,,,,,,,,,,,,,,,,,74m3 ex d00d t 4t 83 t34 74m35t 53it1 my friend that is the <mask> <mask> <mask> <mask> <mask> ever seen,▁stupid est ▁thing ▁i ▁have,5.0,6.956625826032008e-10,21.08615636825561,4.217231273651123,best est you ' ve,0.0019078733131315,14.82439026236534,2.964878052473068,14.0,17.0,0.0,19.0,0.0,4.0
3941,"74m3 ex: d00d, t#4t 83 t34 74m35t 53it1 (my friend, that is the stupidest thing i have ever seen",m 35 t 53 it,m 35 t 53 it,is_multiword,0,14,14|15|16|17|18,1,1.46214097738266,0,1.0,,,,,,,,,,,,,,,,,,,,,,,,,,,,,,,74m3 ex d00d t 4t 83 t34 74m35t 53it1 my friend that is the <mask> <mask> <mask> <mask> <mask> <mask> seen,▁stupid est ▁thing ▁i ▁have ▁ever,6.0,1.0106729259742958e-09,20.71264946460724,3.4521082441012063,best thing I I ' ever,6.525430693212328e-06,8.77284586429596,1.46214097738266,14.0,18.0,0.0,19.0,0.0,5.0
3941,"74m3 ex: d00d, t#4t 83 t34 74m35t 53it1 (my friend, that is the stupidest thing i have ever seen",m 35 t 53 it 1,m 35 t 53 it 1,is_multiword,0,14,14|15|16|17|18|19,1,4.399210401943752,1,1.0,,,,,,,,,,,,,,,,,,,,,,,,,,,,,,,74m3 ex d00d t 4t 83 t34 74m35t 53it1 my friend that is the <mask> <mask> <mask> <mask> <mask> <mask> <mask>,▁stupid est ▁thing ▁i ▁have ▁ever ▁seen,7.0,1.5439566219237998e-22,50.22252368927002,7.174646241324289,best of of the the . </s>,3.6517808812781365e-09,30.794472813606266,4.399210401943752,14.0,19.0,0.0,19.0,0.0,6.0
3941,"74m3 ex: d00d, t#4t 83 t34 74m35t 53it1 (my friend, that is the stupidest thing i have ever seen",35 t,35 t,is_multiword,0,15,15|16,1,0.782863587141037,0,1.0,,,,,,,,,,,,,,,,,,,,,,,,,,,,,,,74m3 ex d00d t 4t 83 t34 74m35t 53it1 my friend that is the stupidest <mask> <mask> have ever seen,▁thing ▁i,2.0,0.0976157938911408,2.326715975999832,1.163357987999916,thing I,0.4672042261936834,1.565727174282074,0.782863587141037,15.0,16.0,0.0,19.0,0.0,2.0
3941,"74m3 ex: d00d, t#4t 83 t34 74m35t 53it1 (my friend, that is the stupidest thing i have ever seen",35 t 53,35 t 53,is_multiword,0,15,15|16|17,1,0.7097968657811483,0,1.0,,,,,,,,,,,,,,,,,,,,,,,,,,,,,,,74m3 ex d00d t 4t 83 t34 74m35t 53it1 my friend that is the stupidest <mask> <mask> <mask> ever seen,▁thing ▁i ▁have,3.0,0.0146387194789957,4.224085241556168,1.4080284138520558,thing you have,0.1231078296033606,2.129390597343445,0.7097968657811483,15.0,17.0,0.0,19.0,0.0,3.0
3941,"74m3 ex: d00d, t#4t 83 t34 74m35t 53it1 (my friend, that is the stupidest thing i have ever seen",35 t 53 it,35 t 53 it,is_multiword,0,15,15|16|17|18,1,0.7830810844898224,0,1.0,,,,,,,,,,,,,,,,,,,,,,,,,,,,,,,74m3 ex d00d t 4t 83 t34 74m35t 53it1 my friend that is the stupidest <mask> <mask> <mask> <mask> seen,▁thing ▁i ▁have ▁ever,4.0,0.0021061869964065,6.1628760769963264,1.5407190192490816,thing you ' ever,0.0482889878550877,3.1323243379592896,0.7830810844898224,15.0,18.0,0.0,19.0,0.0,4.0
3941,"74m3 ex: d00d, t#4t 83 t34 74m35t 53it1 (my friend, that is the stupidest thing i have ever seen",35 t 53 it 1,35 t 53 it 1,is_multiword,0,15,15|16|17|18|19,1,2.084923529624939,0,1.0,,,,,,,,,,,,,,,,,,,,,,,,,,,,,,,74m3 ex d00d t 4t 83 t34 74m35t 53it1 my friend that is the stupidest <mask> <mask> <mask> <mask> <mask>,▁thing ▁i ▁have ▁ever ▁seen,5.0,3.3975863923981074e-10,21.802785634994507,4.360557126998901,thing you ever . </s>,1.144259242772546e-05,10.424617648124697,2.084923529624939,15.0,19.0,0.0,19.0,0.0,5.0
3941,"74m3 ex: d00d, t#4t 83 t34 74m35t 53it1 (my friend, that is the stupidest thing i have ever seen",t 53,t 53,is_multiword,0,16,16|17,1,1.136211395263672,0,1.0,,,,,,,,,,,,,,,,,,,,,,,,,,,,,,,74m3 ex d00d t 4t 83 t34 74m35t 53it1 my friend that is the stupidest thing <mask> <mask> ever seen,▁i ▁have,2.0,0.0611512914271475,2.794404298067093,1.3972021490335464,you have,0.593343667405784,2.272422790527344,1.136211395263672,16.0,17.0,0.0,19.0,0.0,2.0
3941,"74m3 ex: d00d, t#4t 83 t34 74m35t 53it1 (my friend, that is the stupidest thing i have ever seen",t 53 it,t 53 it,is_multiword,0,16,16|17|18,1,1.0474319358666735,0,1.0,,,,,,,,,,,,,,,,,,,,,,,,,,,,,,,74m3 ex d00d t 4t 83 t34 74m35t 53it1 my friend that is the stupidest thing <mask> <mask> <mask> seen,▁i ▁have ▁ever,3.0,0.0113424878445332,4.47919961810112,1.49306653936704,you ' ever,0.262657648763312,3.1422958076000214,1.0474319358666735,16.0,18.0,0.0,19.0,0.0,3.0
3941,"74m3 ex: d00d, t#4t 83 t34 74m35t 53it1 (my friend, that is the stupidest thing i have ever seen",t 53 it 1,t 53 it 1,is_multiword,0,16,16|17|18|19,1,2.2321596443653107,0,1.0,,,,,,,,,,,,,,,,,,,,,,,,,,,,,,,74m3 ex d00d t 4t 83 t34 74m35t 53it1 my friend that is the stupidest thing <mask> <mask> <mask> <mask>,▁i ▁have ▁ever ▁seen,4.0,1.0317419466330284e-07,16.086847066879272,4.021711766719818,you ever . </s>,0.0007784479023996,8.928638577461243,2.2321596443653107,16.0,19.0,0.0,19.0,0.0,4.0
3941,"74m3 ex: d00d, t#4t 83 t34 74m35t 53it1 (my friend, that is the stupidest thing i have ever seen",53 it,53 it,is_multiword,0,17,17|18,1,0.2986717224121094,0,1.0,,,,,,,,,,,,,,,,,,,,,,,,,,,,,,,74m3 ex d00d t 4t 83 t34 74m35t 53it1 my friend that is the stupidest thing i <mask> <mask> seen,▁have ▁ever,2.0,0.2492934549582022,1.3891245424747467,0.6945622712373734,' ever,0.4530371728245075,0.5973434448242188,0.2986717224121094,17.0,18.0,0.0,19.0,0.0,2.0
3941,"74m3 ex: d00d, t#4t 83 t34 74m35t 53it1 (my friend, that is the stupidest thing i have ever seen",53 it 1,53 it 1,is_multiword,0,17,17|18|19,1,1.0422947804133098,0,1.0,,,,,,,,,,,,,,,,,,,,,,,,,,,,,,,74m3 ex d00d t 4t 83 t34 74m35t 53it1 my friend that is the stupidest thing i <mask> <mask> <mask>,▁have ▁ever ▁seen,3.0,0.0009220763380766,6.988882541656494,2.329627513885498,ever ever </s>,0.0210259434698232,3.126884341239929,1.0422947804133098,17.0,19.0,0.0,19.0,0.0,3.0
3941,"74m3 ex: d00d, t#4t 83 t34 74m35t 53it1 (my friend, that is the stupidest thing i have ever seen",it 1,it 1,is_multiword,0,18,18|19,1,0.3637065887451172,0,1.0,,,,,,,,,,,,,,,,,,,,,,,,,,,,,,,74m3 ex d00d t 4t 83 t34 74m35t 53it1 my friend that is the stupidest thing i have <mask> <mask>,▁ever ▁seen,2.0,0.0639811022334653,2.7491675168275838,1.3745837584137917,ever </s>,0.1324229463973885,0.7274131774902344,0.3637065887451172,18.0,19.0,0.0,19.0,0.0,2.0
3943,our kid gave soft lad over there a docker's nod,soft lad,soft lad,is_multiword,0,3,3|4,1,6.126276771227519,0,1.0,,,,,,,,,,,,,,,,,,,,,,,,,,,,,,,our kid gave <mask> <mask> <mask> over there a docker's nod,▁soft ▁la d,3.0,1.3765248732978944e-10,22.70628881454468,7.568762938181559,the ki girl,0.0132010553627522,18.37883031368256,6.126276771227519,3.0,4.0,0.0,9.0,0.0,2.0
3943,our kid gave soft lad over there a docker's nod,soft lad over,soft lad over,is_multiword,0,3,3|4|5,1,6.452729314565659,0,1.0,,,,,,,,,,,,,,,,,,,,,,,,,,,,,,,our kid gave <mask> <mask> <mask> <mask> there a docker's nod,▁soft ▁la d ▁over,4.0,2.1602101895157096e-14,31.465985774993896,7.866496443748474,us a and was,0.0034997332883069,25.810917258262634,6.452729314565659,3.0,5.0,0.0,9.0,0.0,3.0
3943,our kid gave soft lad over there a docker's nod,lad over,lad over,is_multiword,0,4,4|5,1,5.003533621629079,1,1.0,,,,,,,,,,,,,,,,,,,,,,,,,,,,,,,our kid gave soft <mask> <mask> <mask> there a docker's nod,▁la d ▁over,3.0,7.502566408753345e-09,18.70802068710327,6.236006895701091,talk and was,0.0247873999310861,15.010600864887238,5.003533621629079,4.0,5.0,0.0,9.0,0.0,2.0
3946,jenny's looking particularly chipmunk-eresque after having her wisdom teeth taken out,taken out,taken out,is_multiword,0,9,9|10,1,4.286573231220245,1,1.0,,,,,,,,,,,,,,,,,,,,,,,,,,,,,,,jenny's looking particularly chipmunk-eresque after having her wisdom teeth <mask> <mask>,▁taken ▁out,2.0,5.829811066843492e-05,9.749940872192385,4.874970436096191,removed .,0.3082653287861457,8.57314646244049,4.286573231220245,9.0,10.0,0.0,10.0,0.0,2.0
3947,you a dashna sized mofo,dashna sized,dashna sized,is_multiword,0,2,2|3,1,6.917514264583588,0,1.0,,,,,,,,,,,,,,,,,,,,,,,,,,,,,,,you a <mask> <mask> <mask> <mask> mofo,▁das hna ▁size d,4.0,9.773474644757784e-18,39.16685962677002,9.791714906692505,te to to a,1.0162535717740914e-05,27.67005705833435,6.917514264583588,2.0,3.0,0.0,4.0,0.0,2.0
3947,you a dashna sized mofo,dashna sized mofo,dashna sized mofo,is_multiword,0,2,2|3|4,1,7.652290483315785,0,1.0,,,,,,,,,,,,,,,,,,,,,,,,,,,,,,,you a <mask> <mask> <mask> <mask> <mask> <mask>,▁das hna ▁size d ▁mo fo,6.0,4.881493335669116e-28,62.88693141937256,10.481155236562094,te to to the ? ?,4.2524369749582355e-08,45.91374289989472,7.652290483315785,2.0,4.0,0.0,4.0,0.0,3.0
3947,you a dashna sized mofo,sized mofo,sized mofo,is_multiword,0,3,3|4,1,6.585360467433929,0,1.0,,,,,,,,,,,,,,,,,,,,,,,,,,,,,,,you a dashna <mask> <mask> <mask> <mask>,▁size d ▁mo fo,4.0,3.695755896538126e-17,37.836761474609375,9.459190368652344,in the . .,1.0177617568061229e-05,26.34144186973572,6.585360467433929,3.0,4.0,0.0,4.0,0.0,2.0
3953,that drunk asshole totally stole a dfmo from me at the bar last night,asshole totally,asshole totally,is_multiword,0,2,2|3,1,6.693116406599681,1,1.0,,,,,,,,,,,,,,,,,,,,,,,,,,,,,,,that drunk <mask> <mask> <mask> stole a dfmo from me at the bar last night,▁ass hole ▁totally,3.0,2.468368469439288e-12,26.727463722229004,8.909154574076334,en friend friend,0.0012964642826373,20.07934921979904,6.693116406599681,2.0,3.0,0.0,13.0,0.0,2.0
3954,"james got down and brown with that munter lastnight, she gave him his 20 quid's worth",quid's worth,quid's worth,is_multiword,0,14,14|15,1,5.591944724321365,1,1.0,,,,,,,,,,,,,,,,,,,,,,,,,,,,,,,james got down and brown with that munter lastnight she gave him his 20 <mask> <mask> <mask> <mask>,▁quid ' s ▁worth,4.0,1.0999667952128482e-13,29.83832621574402,7.459581553936005,th old . </s>,0.0005696164499483,22.36777889728546,5.591944724321365,14.0,15.0,0.0,15.0,0.0,2.0
3957,look at that bobbiejo over there she is a hottie,a hottie,a hottie,is_multiword,0,8,8|9,1,3.397295594215393,1,1.0,,,,,,,,,,,,,,,,,,,,,,,,,,,,,,,look at that bobbiejo over there she is <mask> <mask> <mask>,▁a ▁hot tie,3.0,6.829431978447743e-08,16.499439239501953,5.499813079833984,so cute .,0.0018224884038807,10.19188678264618,3.397295594215393,8.0,9.0,0.0,9.0,0.0,2.0
3958,"ugh, you are mursofust",you are,you are,is_multiword,0,1,1|2,1,3.5530203580856323,1,1.0,,,,,,,,,,,,,,,,,,,,,,,,,,,,,,,ugh <mask> <mask> mursofust,▁you ▁are,2.0,3.442560065117254e-06,12.57929515838623,6.289647579193115, :,0.0041975492235215,7.106040716171265,3.5530203580856323,1.0,2.0,0.0,3.0,0.0,2.0
3958,"ugh, you are mursofust",you are mursofust,you are mursofust,is_multiword,0,1,1|2|3,1,7.4788982629776,0,1.0,,,,,,,,,,,,,,,,,,,,,,,,,,,,,,,ugh <mask> <mask> <mask> <mask> <mask>,▁you ▁are ▁mur sof ust,5.0,3.958779634713235e-22,49.2809362411499,9.85618724822998,",   . </s>",6.8830759081121045e-06,37.394491314888,7.4788982629776,1.0,3.0,0.0,3.0,0.0,3.0
3958,"ugh, you are mursofust",are mursofust,are mursofust,is_multiword,0,2,2|3,1,7.801406353712082,0,1.0,,,,,,,,,,,,,,,,,,,,,,,,,,,,,,,ugh you <mask> <mask> <mask> <mask>,▁are ▁mur sof ust,4.0,6.751473796674231e-19,41.83935594558716,10.45983898639679,' me me </s>,2.408959554671708e-05,31.205625414848328,7.801406353712082,2.0,3.0,0.0,3.0,0.0,2.0
3959,"relations exists between need for achievement, ascribing and prescription for success and failure, beliefs with regards to abilities and self worth",relations exists,relations exists,is_multiword,0,0,0|1,1,5.306038935979207,1,1.0,,,,,,,,,,,,,,,,,,,,,,,,,,,,,,,<mask> <mask> <mask> between need for achievement ascribing and prescription for success and failure beliefs with regards to abilities and self worth,▁relations ▁exist s,3.0,6.678748867545182e-11,23.429505348205566,7.809835116068522,A Relation lation,0.0005468212779584,15.918116807937622,5.306038935979207,0.0,1.0,0.0,20.0,0.0,2.0
3959,"relations exists between need for achievement, ascribing and prescription for success and failure, beliefs with regards to abilities and self worth",with regards,with regards,is_multiword,0,14,14|15,1,1.888005534807841,1,1.0,,,,,,,,,,,,,,,,,,,,,,,,,,,,,,,relations exists between need for achievement ascribing and prescription for success and failure beliefs <mask> <mask> <mask> to abilities and self worth,▁with ▁regard s,3.0,9.02949644265213e-06,11.61501395702362,3.8716713190078735,relat relat s,0.0026032428721919,5.664016604423523,1.888005534807841,14.0,15.0,0.0,20.0,0.0,2.0
3963,"""when jason used pumice soap to jack off, jill walked in and exclaimed, ""that's about as fucked up as a football bat you bad mamma jamma",jack off,jack off,is_multiword,0,6,6|7,1,6.1416836977005005,0,1.0,,,,,,,,,,,,,,,,,,,,,,,,,,,,,,,when jason used pumice soap to <mask> <mask> jill walked in and exclaimed that's about as fucked up as a football bat you bad mamma jamma,▁jack ▁off,2.0,7.797211994719442e-08,16.36691451072693,8.183457255363464,"make ,",0.0168475991616101,12.283367395401,6.1416836977005005,6.0,7.0,0.0,25.0,0.0,2.0
3963,"""when jason used pumice soap to jack off, jill walked in and exclaimed, ""that's about as fucked up as a football bat you bad mamma jamma",mamma jamma,mamma jamma,is_multiword,0,24,24|25,1,7.735984683036804,0,1.0,,,,,,,,,,,,,,,,,,,,,,,,,,,,,,,when jason used pumice soap to jack off jill walked in and exclaimed that's about as fucked up as a football bat you bad <mask> <mask> <mask>,▁mamma ▁jam ma,3.0,2.048359378227176e-13,29.216567039489743,9.738855679829916,guys . .,0.002457494386004,23.207954049110413,7.735984683036804,24.0,25.0,0.0,25.0,0.0,2.0
3966,"he cut off his arms with a blunt butterknife,he is hardekak",blunt butterknife,blunt butterknife,is_multiword,0,7,7|8,1,7.331561398506165,0,1.0,,,,,,,,,,,,,,,,,,,,,,,,,,,,,,,he cut off his arms with a <mask> <mask> <mask> <mask> <mask> he is hardekak,▁blu nt ▁butter kni fe,5.0,3.0685074630551123e-22,49.53568077087402,9.907136154174804," of his , that",2.5539387609495915e-06,36.65780699253082,7.331561398506165,7.0,8.0,0.0,11.0,0.0,2.0
3967,"yo, you madd grimy fo sayin dat (hey, you are very inconsiderate for saying that)",madd grimy,madd grimy,is_multiword,0,2,2|3,1,5.50802406668663,0,1.0,,,,,,,,,,,,,,,,,,,,,,,,,,,,,,,yo you <mask> <mask> <mask> <mask> fo sayin dat hey you are very inconsiderate for saying that,▁ma dd ▁grim y,4.0,7.253467352133378e-16,34.85988187789917,8.714970469474792,are to to to,2.685118730239429e-06,22.03209626674652,5.50802406668663,2.0,3.0,0.0,14.0,0.0,2.0
3967,"yo, you madd grimy fo sayin dat (hey, you are very inconsiderate for saying that)",madd grimy fo,madd grimy fo,is_multiword,0,2,2|3|4,1,8.838674873113632,0,1.0,,,,,,,,,,,,,,,,,,,,,,,,,,,,,,,yo you <mask> <mask> <mask> <mask> <mask> sayin dat hey you are very inconsiderate for saying that,▁ma dd ▁grim y ▁fo,5.0,1.1704005656028635e-21,48.196940898895264,9.639388179779052,are very consider ate for,0.0182504319027948,44.19337436556816,8.838674873113632,2.0,4.0,0.0,14.0,0.0,3.0
3967,"yo, you madd grimy fo sayin dat (hey, you are very inconsiderate for saying that)",madd grimy fo sayin,madd grimy fo sayin,is_multiword,0,2,2|3|4|5,1,9.558107282434191,1,1.0,,,,,,,,,,,,,,,,,,,,,,,,,,,,,,,yo you <mask> <mask> <mask> <mask> <mask> <mask> <mask> dat hey you are very inconsiderate for saying that,▁ma dd ▁grim y ▁fo ▁say in,7.0,4.9012177780970695e-31,69.79065418243408,9.97009345463344,are very consider ate ate for saying,0.055916084376106,66.90675097703934,9.558107282434191,2.0,5.0,0.0,14.0,0.0,4.0
3967,"yo, you madd grimy fo sayin dat (hey, you are very inconsiderate for saying that)",madd grimy fo sayin dat,madd grimy fo sayin dat,is_multiword,0,2,2|3|4|5|6,1,8.864712607115507,0,1.0,,,,,,,,,,,,,,,,,,,,,,,,,,,,,,,yo you <mask> <mask> <mask> <mask> <mask> <mask> <mask> <mask> hey you are very inconsiderate for saying that,▁ma dd ▁grim y ▁fo ▁say in ▁dat,8.0,1.7416323197357031e-34,77.73307037353516,9.716633796691896,are very consider ate ate for saying that,0.001096787839961,70.91770085692406,8.864712607115507,2.0,6.0,0.0,14.0,0.0,5.0
3967,"yo, you madd grimy fo sayin dat (hey, you are very inconsiderate for saying that)",grimy fo,grimy fo,is_multiword,0,3,3|4,1,6.86926531791687,0,1.0,,,,,,,,,,,,,,,,,,,,,,,,,,,,,,,yo you madd <mask> <mask> <mask> sayin dat hey you are very inconsiderate for saying that,▁grim y ▁fo,3.0,4.59870626365421e-13,28.4078311920166,9.469277064005531,", you to",0.0004097205408839,20.60779595375061,6.86926531791687,3.0,4.0,0.0,14.0,0.0,2.0
3967,"yo, you madd grimy fo sayin dat (hey, you are very inconsiderate for saying that)",grimy fo sayin,grimy fo sayin,is_multiword,0,3,3|4|5,1,5.051557970046997,0,1.0,,,,,,,,,,,,,,,,,,,,,,,,,,,,,,,yo you madd <mask> <mask> <mask> <mask> <mask> dat hey you are very inconsiderate for saying that,▁grim y ▁fo ▁say in,5.0,2.743007754357051e-18,40.43747663497925,8.08749532699585,"d , you to saying",2.5559113842462294e-07,25.257789850234985,5.051557970046997,3.0,5.0,0.0,14.0,0.0,3.0
3967,"yo, you madd grimy fo sayin dat (hey, you are very inconsiderate for saying that)",grimy fo sayin dat,grimy fo sayin dat,is_multiword,0,3,3|4|5|6,1,5.307059129079183,0,1.0,,,,,,,,,,,,,,,,,,,,,,,,,,,,,,,yo you madd <mask> <mask> <mask> <mask> <mask> <mask> hey you are very inconsiderate for saying that,▁grim y ▁fo ▁say in ▁dat,6.0,5.821546240454516e-23,51.19789123535156,8.532981872558594,"d you you you , ,",3.926425131142978e-09,31.842354774475098,5.307059129079183,3.0,6.0,0.0,14.0,0.0,4.0
3967,"yo, you madd grimy fo sayin dat (hey, you are very inconsiderate for saying that)",fo sayin,fo sayin,is_multiword,0,4,4|5,1,5.085004091262817,0,1.0,,,,,,,,,,,,,,,,,,,,,,,,,,,,,,,yo you madd grimy <mask> <mask> <mask> dat hey you are very inconsiderate for saying that,▁fo ▁say in,3.0,3.4124808904140304e-10,21.79841136932373,7.26613712310791,and you say,0.001439586879868,15.255012273788452,5.085004091262817,4.0,5.0,0.0,14.0,0.0,2.0
3967,"yo, you madd grimy fo sayin dat (hey, you are very inconsiderate for saying that)",fo sayin dat,fo sayin dat,is_multiword,0,4,4|5|6,1,4.930954873561859,0,1.0,,,,,,,,,,,,,,,,,,,,,,,,,,,,,,,yo you madd grimy <mask> <mask> <mask> <mask> hey you are very inconsiderate for saying that,▁fo ▁say in ▁dat,4.0,4.60486332696e-14,30.70907831192017,7.6772695779800415,"and you y ,",1.6949727216778227e-05,19.72381949424744,4.930954873561859,4.0,6.0,0.0,14.0,0.0,3.0
3967,"yo, you madd grimy fo sayin dat (hey, you are very inconsiderate for saying that)",sayin dat,sayin dat,is_multiword,0,5,5|6,1,7.283791859944661,0,1.0,,,,,,,,,,,,,,,,,,,,,,,,,,,,,,,yo you madd grimy fo <mask> <mask> <mask> hey you are very inconsiderate for saying that,▁say in ▁dat,3.0,5.272327059700498e-13,28.27113437652588,9.42371145884196,fo fo hey,0.0016290491194405,21.851375579833984,7.283791859944661,5.0,6.0,0.0,14.0,0.0,2.0
3967,"yo, you madd grimy fo sayin dat (hey, you are very inconsiderate for saying that)",inconsiderate for,inconsiderate for,is_multiword,0,11,11|12,1,5.5090160965919495,0,1.0,,,,,,,,,,,,,,,,,,,,,,,,,,,,,,,yo you madd grimy fo sayin dat hey you are very <mask> <mask> <mask> <mask> saying that,▁in consider ate ▁for,4.0,3.4586229030647673e-14,30.995320796966556,7.748830199241638,good y you fo,0.0001285418005266,22.0360643863678,5.5090160965919495,11.0,12.0,0.0,14.0,0.0,2.0
3968,"hey, matt, if i get to the lot before you, i'm going to wet tire your car",i'm going,i'm going,is_multiword,0,10,10|11,1,2.748722165822983,1,1.0,,,,,,,,,,,,,,,,,,,,,,,,,,,,,,,hey matt if i get to the lot before you <mask> <mask> <mask> <mask> to wet tire your car,▁i ' m ▁going,4.0,6.753198529915058e-09,18.81324958801269,4.703312397003174,get i i how,0.000402280510762,10.994888663291931,2.748722165822983,10.0,11.0,0.0,16.0,0.0,2.0
3969,i saw a modded cobra get smoked by a stock mercedes-benz e55 amg,get smoked,get smoked,is_multiword,0,5,5|6,1,4.581044514973958,0,1.0,,,,,,,,,,,,,,,,,,,,,,,,,,,,,,,i saw a modded cobra <mask> <mask> <mask> by a stock mercedes-benz e55 amg,▁get ▁smo ked,3.0,1.2131158861889843e-10,22.832658767700195,7.610886255900065,-  ed,0.0001128416304428,13.743133544921877,4.581044514973958,5.0,6.0,0.0,12.0,0.0,2.0
3972,"- have you heard about tarquin the fresher? - ya, he's becoming quite a bnic",fresher ya,fresher ya,is_multiword,0,6,6|7,1,4.6443584362665815,0,1.0,,,,,,,,,,,,,,,,,,,,,,,,,,,,,,,have you heard about tarquin the <mask> <mask> <mask> ya he's becoming quite a bnic,▁fresh er ▁-,3.0,7.582513424652227e-10,21.000006198883057,7.0000020662943525,other ? ?,0.0008528465764913,13.933075308799744,4.6443584362665815,6.0,7.0,0.0,13.0,0.0,2.0
3973,"i find it absolutely amazing that a self made billionair, such as greg, would voluntarily be a citizen dildo",self made,self made,is_multiword,0,7,7|8,1,2.9296741485595703,0,1.0,,,,,,,,,,,,,,,,,,,,,,,,,,,,,,,i find it absolutely amazing that a <mask> <mask> billionair such as greg would voluntarily be a citizen dildo,▁self ▁made,2.0,4.262665689272378e-06,12.365615844726562,6.182807922363281,very ed,0.0014940457838296,5.859348297119141,2.9296741485595703,7.0,8.0,0.0,18.0,0.0,2.0
3975,"dude, ryan, that chodi bitch rams like my poketpussy -but my poketpussy is at least tight",chodi bitch,chodi bitch,is_multiword,0,3,3|4,1,5.271871328353882,0,1.0,,,,,,,,,,,,,,,,,,,,,,,,,,,,,,,dude ryan that <mask> <mask> <mask> <mask> rams like my poketpussy -but my poketpussy is at least tight,▁cho di ▁bit ch,4.0,1.7664639311000055e-14,31.667211532592773,7.916802883148193,is s s and,2.542630679855476e-05,21.087485313415527,5.271871328353882,3.0,4.0,0.0,15.0,0.0,2.0
3975,"dude, ryan, that chodi bitch rams like my poketpussy -but my poketpussy is at least tight",chodi bitch rams,chodi bitch rams,is_multiword,0,3,3|4|5,1,4.854877352714539,0,1.0,,,,,,,,,,,,,,,,,,,,,,,,,,,,,,,dude ryan that <mask> <mask> <mask> <mask> <mask> <mask> like my poketpussy -but my poketpussy is at least tight,▁cho di ▁bit ch ▁ram s,6.0,7.152107238208611e-21,46.38687992095947,7.731146653493245,is s a - ' t,3.1997252261158766e-08,29.12926411628723,4.854877352714539,3.0,5.0,0.0,15.0,0.0,3.0
3975,"dude, ryan, that chodi bitch rams like my poketpussy -but my poketpussy is at least tight",bitch rams,bitch rams,is_multiword,0,4,4|5,1,4.568432927131653,0,1.0,,,,,,,,,,,,,,,,,,,,,,,,,,,,,,,dude ryan that chodi <mask> <mask> <mask> <mask> like my poketpussy -but my poketpussy is at least tight,▁bit ch ▁ram s,4.0,3.1371280480518723e-13,28.790298461914062,7.197574615478516,ed - ' I,2.708401779293238e-05,18.27373170852661,4.568432927131653,4.0,5.0,0.0,15.0,0.0,2.0
3977,wow alyx is looking mighty fine,mighty fine,mighty fine,is_multiword,0,4,4|5,1,7.83002499739329,1,1.0,,,,,,,,,,,,,,,,,,,,,,,,,,,,,,,wow alyx is looking <mask> <mask> <mask>,▁might y ▁fine,3.0,1.8342437914604213e-13,29.326973915100098,9.775657971700031,for this .,0.0029178771721802,23.49007499217987,7.83002499739329,4.0,5.0,0.0,5.0,0.0,2.0
3979,hey pam-pam go fuck yourself,hey pam-pam,hey pam-pam,is_multiword,0,0,0|1,1,9.760648757219316,0,1.0,,,,,,,,,,,,,,,,,,,,,,,,,,,,,,,<mask> <mask> <mask> <mask> go fuck yourself,▁hey ▁pam - pam,4.0,2.9176949705064453e-21,47.28349304199219,11.820873260498049,You you ' to,0.0002636473843078,39.04259502887726,9.760648757219316,0.0,1.0,0.0,4.0,0.0,2.0
3980,get off of me bonaget stop being such a bonaget,such a,such a,is_multiword,0,7,7|8,1,5.266241103410721,1,1.0,,,,,,,,,,,,,,,,,,,,,,,,,,,,,,,get off of me bonaget stop being <mask> <mask> bonaget,▁such ▁a,2.0,8.557682189850264e-07,13.971266269683838,6.985633134841919,on me,0.0321036976830355,10.532482206821442,5.266241103410721,7.0,8.0,0.0,9.0,0.0,2.0
3980,get off of me bonaget stop being such a bonaget,such a bonaget,such a bonaget,is_multiword,0,7,7|8|9,1,2.7064943313598637,0,1.0,,,,,,,,,,,,,,,,,,,,,,,,,,,,,,,get off of me bonaget stop being <mask> <mask> <mask> <mask>,▁such ▁a ▁bona get,4.0,9.616971726703077e-11,23.06490659713745,5.766226649284363,a with me </s>,4.838386446224808e-06,10.825977325439451,2.7064943313598637,7.0,9.0,0.0,9.0,0.0,3.0
3980,get off of me bonaget stop being such a bonaget,a bonaget,a bonaget,is_multiword,0,8,8|9,1,3.3182093302408853,0,1.0,,,,,,,,,,,,,,,,,,,,,,,,,,,,,,,get off of me bonaget stop being such <mask> <mask> <mask>,▁a ▁bona get,3.0,1.0162208582298629e-07,16.102004945278168,5.367334981759389,a bad .,0.0021390853356662,9.954627990722656,3.3182093302408853,8.0,9.0,0.0,9.0,0.0,2.0
3982,"oh man, i feel a chocolate hail storm coming on",hail storm,hail storm,is_multiword,0,6,6|7,1,5.809122641881307,1,1.0,,,,,,,,,,,,,,,,,,,,,,,,,,,,,,,oh man i feel a chocolate <mask> <mask> <mask> coming on,▁ha il ▁storm,3.0,1.8650907984031245e-11,24.70512628555298,8.235042095184326, i is,0.0006907322025386,17.42736792564392,5.809122641881307,6.0,7.0,0.0,9.0,0.0,2.0
3983,hellen keller's ex boyfriend said she was a total gamp,total gamp,total gamp,is_multiword,0,8,8|9,1,4.885551571846008,0,1.0,,,,,,,,,,,,,,,,,,,,,,,,,,,,,,,hellen keller's ex boyfriend said she was a <mask> <mask> <mask>,▁total ▁ga mp,3.0,6.722717286153788e-11,23.422943592071533,7.807647864023845, of </s>,0.0001559010765504,14.656654715538023,4.885551571846008,8.0,9.0,0.0,9.0,0.0,2.0
3984,that cockeater of a whore gives good head,cockeater of,cockeater of,is_multiword,0,1,1|2,1,5.809044659137726,0,1.0,,,,,,,,,,,,,,,,,,,,,,,,,,,,,,,that <mask> <mask> <mask> <mask> a whore gives good head,▁cock e ater ▁of,4.0,1.2808559715293744e-14,31.98866271972656,7.997165679931641,' s s when,0.0001580681825056,23.236178636550903,5.809044659137726,1.0,2.0,0.0,7.0,0.0,2.0
3984,that cockeater of a whore gives good head,whore gives,whore gives,is_multiword,0,4,4|5,1,8.361583744486174,1,1.0,,,,,,,,,,,,,,,,,,,,,,,,,,,,,,,that cockeater of a <mask> <mask> <mask> good head,▁who re ▁gives,3.0,1.3497111563792197e-12,27.331130504608154,9.110376834869385,man with a,0.1057815382845369,25.08475123345852,8.361583744486174,4.0,5.0,0.0,7.0,0.0,2.0
3985,(situation: friends playing a game of fifa) mervin (screaming): the through-ball is beckoning,situation friends,situation friends,is_multiword,0,0,0|1,1,7.459850549697876,0,1.0,,,,,,,,,,,,,,,,,,,,,,,,,,,,,,,<mask> <mask> playing a game of fifa mervin screaming the through-ball is beckoning,▁situation ▁friends,2.0,1.3980707386532094e-08,18.08558750152588,9.04279375076294,you are,0.042176739687992,14.919701099395752,7.459850549697876,0.0,1.0,0.0,12.0,0.0,2.0
3985,(situation: friends playing a game of fifa) mervin (screaming): the through-ball is beckoning,situation friends playing,situation friends playing,is_multiword,0,0,0|1|2,1,5.071024417877197,0,1.0,,,,,,,,,,,,,,,,,,,,,,,,,,,,,,,<mask> <mask> <mask> a game of fifa mervin screaming the through-ball is beckoning,▁situation ▁friends ▁playing,3.0,1.259427506462564e-10,22.795193672180176,7.598397890726726,I to is,0.0005094797665023,15.213073253631592,5.071024417877197,0.0,2.0,0.0,12.0,0.0,3.0
3985,(situation: friends playing a game of fifa) mervin (screaming): the through-ball is beckoning,friends playing,friends playing,is_multiword,0,1,1|2,1,5.807943344116211,0,1.0,,,,,,,,,,,,,,,,,,,,,,,,,,,,,,,situation <mask> <mask> a game of fifa mervin screaming the through-ball is beckoning,▁friends ▁playing,2.0,4.220177911332338e-07,14.678218364715576,7.339109182357788,is in,0.0467784956422123,11.615886688232422,5.807943344116211,1.0,2.0,0.0,12.0,0.0,2.0
3985,(situation: friends playing a game of fifa) mervin (screaming): the through-ball is beckoning,game of,game of,is_multiword,0,4,4|5,1,0.0,0,1.0,,,,,,,,,,,,,,,,,,,,,,,,,,,,,,,situation friends playing a <mask> <mask> fifa mervin screaming the through-ball is beckoning,▁game ▁of,2.0,0.1974014752896114,1.6225156784057615,0.8112578392028809,game of,0.1974014752896114,0.0,0.0,4.0,5.0,0.0,12.0,0.0,2.0
3985,(situation: friends playing a game of fifa) mervin (screaming): the through-ball is beckoning,game of fifa,game of fifa,is_multiword,0,4,4|5|6,1,5.267955621083577,0,1.0,,,,,,,,,,,,,,,,,,,,,,,,,,,,,,,situation friends playing a <mask> <mask> <mask> mervin screaming the through-ball is beckoning,▁game ▁of ▁fifa,3.0,3.5419694946476486e-10,21.761168003082275,7.253722667694092,"ball , and",0.002586884197986,15.803866863250732,5.267955621083577,4.0,6.0,0.0,12.0,0.0,3.0
3985,(situation: friends playing a game of fifa) mervin (screaming): the through-ball is beckoning,of fifa,of fifa,is_multiword,0,5,5|6,1,7.491296768188477,0,1.0,,,,,,,,,,,,,,,,,,,,,,,,,,,,,,,situation friends playing a game <mask> <mask> mervin screaming the through-ball is beckoning,▁of ▁fifa,2.0,1.0598042615014826e-08,18.36259651184082,9.18129825592041,with a,0.0340473534277787,14.982593536376951,7.491296768188477,5.0,6.0,0.0,12.0,0.0,2.0
3990,"oh my god, your such a basin head",your such,your such,is_multiword,0,3,3|4,1,2.947175979614258,0,1.0,,,,,,,,,,,,,,,,,,,,,,,,,,,,,,,oh my god <mask> <mask> a basin head,▁your ▁such,2.0,7.092279974111454e-05,9.553918600082396,4.776959300041199,you have,0.0257436665627364,5.894351959228516,2.947175979614258,3.0,4.0,0.0,7.0,0.0,2.0
3991,friend 1: yo imma have some sex tonight friend 2: nice what positions you thinking? friend 1: alkida anal friend 2: thats fucked up,yo imma,yo imma,is_multiword,0,2,2|3,1,6.688474257787068,0,1.0,,,,,,,,,,,,,,,,,,,,,,,,,,,,,,,friend 1 <mask> <mask> <mask> have some sex tonight friend 2 nice what positions you thinking friend 1 alkida anal friend 2 thats fucked up,▁yo ▁im ma,3.0,1.2624379714504228e-11,25.09539127349853,8.365130424499512,friend want to,0.0065390165454281,20.06542277336121,6.688474257787068,2.0,3.0,0.0,23.0,0.0,2.0
3991,friend 1: yo imma have some sex tonight friend 2: nice what positions you thinking? friend 1: alkida anal friend 2: thats fucked up,thats fucked,thats fucked,is_multiword,0,21,21|22,1,1.54339337348938,0,1.0,,,,,,,,,,,,,,,,,,,,,,,,,,,,,,,friend 1 yo imma have some sex tonight friend 2 nice what positions you thinking friend 1 alkida anal friend 2 <mask> <mask> <mask> up,▁that s ▁fucked,3.0,9.189172946390968e-07,13.90006971359253,4.63335657119751,friend 2 fucked,9.421891568177536e-05,4.63018012046814,1.54339337348938,21.0,22.0,0.0,23.0,0.0,2.0
3991,friend 1: yo imma have some sex tonight friend 2: nice what positions you thinking? friend 1: alkida anal friend 2: thats fucked up,thats fucked up,thats fucked up,is_multiword,0,21,21|22|23,1,4.8422974944114685,0,1.0,,,,,,,,,,,,,,,,,,,,,,,,,,,,,,,friend 1 yo imma have some sex tonight friend 2 nice what positions you thinking friend 1 alkida anal friend 2 <mask> <mask> <mask> <mask>,▁that s ▁fucked ▁up,4.0,3.813403199084469e-13,28.59508419036865,7.148771047592163,friend friend friend friend,9.845664955294716e-05,19.369189977645878,4.8422974944114685,21.0,23.0,0.0,23.0,0.0,3.0
3991,friend 1: yo imma have some sex tonight friend 2: nice what positions you thinking? friend 1: alkida anal friend 2: thats fucked up,fucked up,fucked up,is_multiword,0,22,22|23,1,5.896941959857941,1,1.0,,,,,,,,,,,,,,,,,,,,,,,,,,,,,,,friend 1 yo imma have some sex tonight friend 2 nice what positions you thinking friend 1 alkida anal friend 2 thats <mask> <mask>,▁fucked ▁up,2.0,1.5524093522169865e-07,15.678287506103516,7.839143753051758,my friend,0.0205600874214608,11.79388391971588,5.896941959857941,22.0,23.0,0.0,23.0,0.0,2.0
3992,that jimmy ruth is one deliciously [orgasmic] [stud muffin] i want to have sex with him until my [pussy] is pounded as wide as a baby elephant,stud muffin,stud muffin,is_multiword,0,7,7|8,1,12.003051221370695,0,1.0,,,,,,,,,,,,,,,,,,,,,,,,,,,,,,,that jimmy ruth is one deliciously orgasmic <mask> <mask> i want to have sex with him until my pussy is pounded as wide as a baby elephant,▁stud ▁muffin,2.0,4.561659396937237e-12,26.11333465576172,13.05666732788086,guy and,0.1215739921075467,24.006102442741398,12.003051221370695,7.0,8.0,0.0,26.0,0.0,2.0
4001,i just whipped up a mess of gut chutney,whipped up,whipped up,is_multiword,0,2,2|3,1,6.008811056613922,1,1.0,,,,,,,,,,,,,,,,,,,,,,,,,,,,,,,i just <mask> <mask> <mask> <mask> a mess of gut chutney,▁w hi pped ▁up,4.0,3.709691968930625e-15,33.22782754898071,8.306956887245178,got to to have,0.0001017915643181,24.03524422645569,6.008811056613922,2.0,3.0,0.0,8.0,0.0,2.0
4001,i just whipped up a mess of gut chutney,gut chutney,gut chutney,is_multiword,1,7,7|8,1,8.473294854164124,0,1.0,,,,,,,,,,,,,,,,,,,,,,,,,,,,,,,i just whipped up a mess of <mask> <mask> <mask>,▁gut ▁chut ney,3.0,5.277362236334951e-15,32.87534999847412,10.958449999491371,the s </s>,0.0005782724486043,25.41988456249237,8.473294854164124,7.0,8.0,0.0,8.0,0.0,2.0
4002,"damn, scott hit that bitch raw dawg, and didnt even think of using a ham sock",bitch raw,bitch raw,is_multiword,0,4,4|5,1,3.954143484433492,0,1.0,,,,,,,,,,,,,,,,,,,,,,,,,,,,,,,damn scott hit that <mask> <mask> <mask> dawg and didnt even think of using a ham sock,▁bit ch ▁raw,3.0,5.29357133172861e-09,19.056772708892822,6.3522575696309405,one with the,0.0007508217717584,11.862430453300476,3.954143484433492,4.0,5.0,0.0,15.0,0.0,2.0
4002,"damn, scott hit that bitch raw dawg, and didnt even think of using a ham sock",bitch raw dawg,bitch raw dawg,is_multiword,0,4,4|5|6,1,4.3528741836547855,0,1.0,,,,,,,,,,,,,,,,,,,,,,,,,,,,,,,damn scott hit that <mask> <mask> <mask> <mask> <mask> and didnt even think of using a ham sock,▁bit ch ▁raw ▁daw g,5.0,1.0930151923913086e-16,36.75242137908936,7.350484275817871,"one in the the ,",3.095796396445234e-07,21.76437091827393,4.3528741836547855,4.0,6.0,0.0,15.0,0.0,3.0
4002,"damn, scott hit that bitch raw dawg, and didnt even think of using a ham sock",raw dawg,raw dawg,is_multiword,0,5,5|6,1,6.642475247383118,0,1.0,,,,,,,,,,,,,,,,,,,,,,,,,,,,,,,damn scott hit that bitch <mask> <mask> <mask> and didnt even think of using a ham sock,▁raw ▁daw g,3.0,7.0896765213260496e-12,25.67238140106201,8.55746046702067,in the ass,0.0031988763901558,19.927425742149357,6.642475247383118,5.0,6.0,0.0,15.0,0.0,2.0
4006,"""everyone is trying to decide what to do and where to go and the fagpile jumps in to suggest that ""we should all go out""""",fagpile jumps,fagpile jumps,is_multiword,0,14,14|15,1,5.542600202560425,0,1.0,,,,,,,,,,,,,,,,,,,,,,,,,,,,,,,everyone is trying to decide what to do and where to go and the <mask> <mask> <mask> <mask> <mask> in to suggest that we should all go out,▁fag pil e ▁jump s,5.0,1.2788620502424736e-17,38.89797592163086,7.779595184326172,people is are all coming,1.388120336567107e-05,27.713001012802124,5.542600202560425,14.0,15.0,0.0,24.0,0.0,2.0
4010,wouldja look at them fire starters on that bitch,fire starters,fire starters,is_multiword,1,4,4|5,1,6.646436095237732,0,1.0,,,,,,,,,,,,,,,,,,,,,,,,,,,,,,,wouldja look at them <mask> <mask> <mask> on that bitch,▁fire ▁starter s,3.0,9.485298237192224e-13,27.683863162994385,9.227954387664797,and and up,0.0004330943837959,19.9393082857132,6.646436095237732,4.0,5.0,0.0,8.0,0.0,2.0
4013,white person: you fuckin nigger black person: you fukin bal head,fuckin nigger,fuckin nigger,is_multiword,0,3,3|4,1,6.590192429721355,0,1.0,,,,,,,,,,,,,,,,,,,,,,,,,,,,,,,white person you <mask> <mask> <mask> <mask> black person you fukin bal head,▁fuck in ▁ni gger,4.0,7.354674407853257e-14,30.24085521697998,7.560213804244995,fu kin bal </s>,0.0206490596509842,26.36076971888542,6.590192429721355,3.0,4.0,0.0,10.0,0.0,2.0
4013,white person: you fuckin nigger black person: you fukin bal head,fukin bal,fukin bal,is_multiword,0,8,8|9,1,7.768082986275355,0,1.0,,,,,,,,,,,,,,,,,,,,,,,,,,,,,,,white person you fuckin nigger black person you <mask> <mask> <mask> head,▁fu kin ▁bal,3.0,2.1901592625651417e-12,26.847046852111816,8.949015617370605,fuck in fucking,0.0289322643444825,23.304248958826065,7.768082986275355,8.0,9.0,0.0,10.0,0.0,2.0
4015,"""harsh: dude, what's up for this weekend? johnny: my buddy powers is having a halloween party on saturday, should be epic",harsh dude,harsh dude,is_multiword,0,0,0|1,1,5.318818092346191,1,1.0,,,,,,,,,,,,,,,,,,,,,,,,,,,,,,,<mask> <mask> <mask> <mask> what's up for this weekend johnny my buddy powers is having a halloween party on saturday should be epic,▁har sh ▁du de,4.0,3.081669886885296e-14,31.110719680786133,7.777679920196533,hi ' s s,5.3520419103002766e-05,21.27527236938477,5.318818092346191,0.0,1.0,0.0,20.0,0.0,2.0
4016,just woke up this morning and realized that its a.l.l. today,its a,its a,is_multiword,0,8,8|9,1,4.697904676198959,1,1.0,,,,,,,,,,,,,,,,,,,,,,,,,,,,,,,just woke up this morning and realized that <mask> <mask> l l today,▁its ▁a,2.0,1.3198890452367906e-05,11.2353777885437,5.617688894271851,i l,0.1588859807592393,9.39580935239792,4.697904676198959,8.0,9.0,0.0,12.0,0.0,2.0
4016,just woke up this morning and realized that its a.l.l. today,its a l,its a l,is_multiword,0,8,8|9|10,1,3.1039962768554688,0,1.0,,,,,,,,,,,,,,,,,,,,,,,,,,,,,,,just woke up this morning and realized that <mask> <mask> <mask> l today,▁its ▁a ▁l,3.0,1.3205165939923257e-07,15.840072631835938,5.28002421061198,i was for,0.0014618042752573,9.311988830566406,3.1039962768554688,8.0,10.0,0.0,12.0,0.0,3.0
4016,just woke up this morning and realized that its a.l.l. today,its a l l,its a l l,is_multiword,0,8,8|9|10|11,1,6.34067639708519,0,1.0,,,,,,,,,,,,,,,,,,,,,,,,,,,,,,,just woke up this morning and realized that <mask> <mask> <mask> <mask> today,▁its ▁a ▁l ▁l,4.0,4.7974920753598525e-15,32.970683097839355,8.242670774459839,I was be late,0.0004964749596442,25.36270558834076,6.34067639708519,8.0,11.0,0.0,12.0,0.0,4.0
4016,just woke up this morning and realized that its a.l.l. today,a l,a l,is_multiword,0,9,9|10,1,1.511766493320465,0,1.0,,,,,,,,,,,,,,,,,,,,,,,,,,,,,,,just woke up this morning and realized that its <mask> <mask> l today,▁a ▁l,2.0,0.0007030922848904,7.260022401809692,3.630011200904846,my for,0.0144582598015377,3.02353298664093,1.511766493320465,9.0,10.0,0.0,12.0,0.0,2.0
4016,just woke up this morning and realized that its a.l.l. today,a l l,a l l,is_multiword,1,9,9|10|11,1,5.536857604980469,0,1.0,,,,,,,,,,,,,,,,,,,,,,,,,,,,,,,just woke up this morning and realized that its <mask> <mask> <mask> today,▁a ▁l ▁l,3.0,1.0173433458093246e-10,23.00865626335144,7.669552087783813,my to for,0.0016647447869492,16.610572814941406,5.536857604980469,9.0,11.0,0.0,12.0,0.0,3.0
4016,just woke up this morning and realized that its a.l.l. today,l l,l l,is_multiword,0,10,10|11,1,9.358121812343596,1,1.0,,,,,,,,,,,,,,,,,,,,,,,,,,,,,,,just woke up this morning and realized that its a <mask> <mask> today,▁l ▁l,2.0,1.3685873361020661e-09,20.409486770629883,10.20474338531494,good day,0.1839220695869895,18.716243624687195,9.358121812343596,10.0,11.0,0.0,12.0,0.0,2.0
4019,guy 1: yo mah boy,yo mah,yo mah,is_multiword,0,2,2|3,1,11.069609105587006,0,1.0,,,,,,,,,,,,,,,,,,,,,,,,,,,,,,,guy 1 <mask> <mask> boy,▁yo ▁mah,2.0,3.6614380465629866e-11,24.030580043792725,12.015290021896362,girl 1,0.150866214343747,22.13921821117401,11.069609105587006,2.0,3.0,0.0,4.0,0.0,2.0
4020,aaron: damn nigga you owned me with a pillow andrew,damn nigga,damn nigga,is_multiword,0,1,1|2,1,9.859357357025146,1,1.0,,,,,,,,,,,,,,,,,,,,,,,,,,,,,,,aaron <mask> <mask> <mask> you owned me with a pillow andrew,▁damn ▁ni gga,3.0,1.1034920176273848e-16,36.74288177490234,12.24762725830078,wrote s wish,0.0007733261244658,29.57807207107544,9.859357357025146,1.0,2.0,0.0,9.0,0.0,2.0
4022,"aye, my nigga lemme get some of the cracklins",nigga lemme,nigga lemme,is_multiword,0,2,2|3,1,7.28685387969017,1,1.0,,,,,,,,,,,,,,,,,,,,,,,,,,,,,,,aye my <mask> <mask> <mask> <mask> get some of the cracklins,▁ni gga ▁ lemme,4.0,1.3388964953018283e-16,36.54951572418213,9.137378931045532,"god , i to",0.0006099703518995,29.14741551876068,7.28685387969017,2.0,3.0,0.0,8.0,0.0,2.0
4022,"aye, my nigga lemme get some of the cracklins",the cracklins,the cracklins,is_multiword,0,7,7|8,1,3.912359267473221,0,1.0,,,,,,,,,,,,,,,,,,,,,,,,,,,,,,,aye my nigga lemme get some of <mask> <mask> <mask> <mask>,▁the ▁crack lin s,4.0,1.3106329685060163e-11,25.057925820350647,6.264481455087662,the  s </s>,8.202481369349436e-05,15.649437069892883,3.912359267473221,7.0,8.0,0.0,8.0,0.0,2.0
4026,"yo, lets take it to the hizzouse",to the,to the,is_multiword,0,4,4|5,1,0.6899433135986328,1,1.0,,,,,,,,,,,,,,,,,,,,,,,,,,,,,,,yo lets take it <mask> <mask> hizzouse,▁to ▁the,2.0,0.0013235404385302,6.627444982528687,3.3137224912643437,off to,0.0052603466291205,1.3798866271972656,0.6899433135986328,4.0,5.0,0.0,6.0,0.0,2.0
4026,"yo, lets take it to the hizzouse",to the hizzouse,to the hizzouse,is_multiword,0,4,4|5|6,1,4.2602252006530765,0,1.0,,,,,,,,,,,,,,,,,,,,,,,,,,,,,,,yo lets take it <mask> <mask> <mask> <mask> <mask>,▁to ▁the ▁hi zzo use,5.0,9.489452559611125e-16,34.59118056297302,6.918236112594604,back the the . .,1.69122987044586e-06,21.30112600326538,4.2602252006530765,4.0,6.0,0.0,6.0,0.0,3.0
4026,"yo, lets take it to the hizzouse",the hizzouse,the hizzouse,is_multiword,0,5,5|6,1,5.176510185003281,0,1.0,,,,,,,,,,,,,,,,,,,,,,,,,,,,,,,yo lets take it to <mask> <mask> <mask> <mask>,▁the ▁hi zzo use,4.0,2.2963699319669963e-13,29.10227662324905,7.275569155812263,the next s .,0.0002257153460689,20.706040740013123,5.176510185003281,5.0,6.0,0.0,6.0,0.0,2.0
4027,person1- hey did you see kathleen shes a braceface now person2- really ? did you see rafaela she got hers in too person1- wow braceface clan,kathleen shes,kathleen shes,is_multiword,0,6,6|7,1,0.7141494750976562,0,1.0,,,,,,,,,,,,,,,,,,,,,,,,,,,,,,,person1- hey did you see kathleen <mask> <mask> <mask> braceface now person2- really did you see rafaela she got hers in too person1- wow braceface clan,▁she s ▁a,3.0,9.992614050265556e-05,9.211079239845276,3.070359746615092,she her her,0.0008513980332835,2.1424484252929688,0.7141494750976562,6.0,7.0,0.0,24.0,0.0,2.0
4027,person1- hey did you see kathleen shes a braceface now person2- really ? did you see rafaela she got hers in too person1- wow braceface clan,hers in,hers in,is_multiword,0,20,20|21,1,4.105583071708679,1,1.0,,,,,,,,,,,,,,,,,,,,,,,,,,,,,,,person1- hey did you see kathleen shes a braceface now person2- really did you see rafaela she got hers in <mask> <mask> <mask> wow braceface clan,▁too ▁person 1-,3.0,1.341691587338202e-09,20.42933464050293,6.809778213500977,the face -,0.0002997429076031,12.316749215126038,4.105583071708679,20.0,21.0,0.0,24.0,0.0,2.0
4027,person1- hey did you see kathleen shes a braceface now person2- really ? did you see rafaela she got hers in too person1- wow braceface clan,braceface clan,braceface clan,is_multiword,0,26,,1,,0,1.0,,,,,,,,,,,,,,,,,,,,,,,,,,,,,,,,,,,,,,,,,,,,,,
4028,kasing pait ng ampalaya ang buhay ko sa dati kong asawa,kasing pait,kasing pait,is_multiword,0,0,0|1,1,2.752677857875824,1,1.0,,,,,,,,,,,,,,,,,,,,,,,,,,,,,,,<mask> <mask> <mask> <mask> ng ampalaya ang buhay ko sa dati kong asawa,▁kas ing ▁pa it,4.0,1.6343169065017544e-10,22.53462600708008,5.63365650177002,na na na ko,9.890710491005273e-06,11.010711431503296,2.752677857875824,0.0,1.0,0.0,10.0,0.0,2.0
4028,kasing pait ng ampalaya ang buhay ko sa dati kong asawa,kasing pait ng,kasing pait ng,is_multiword,0,0,0|1|2,1,2.7425949811935424,0,1.0,,,,,,,,,,,,,,,,,,,,,,,,,,,,,,,<mask> <mask> <mask> <mask> <mask> ampalaya ang buhay ko sa dati kong asawa,▁kas ing ▁pa it ▁ng,5.0,4.776196270151022e-13,28.369961738586422,5.673992347717285, ko ko ko kong,4.310736703259964e-07,13.712974905967712,2.7425949811935424,0.0,2.0,0.0,10.0,0.0,3.0
4028,kasing pait ng ampalaya ang buhay ko sa dati kong asawa,pait ng,pait ng,is_multiword,0,1,1|2,1,2.527578949928284,0,1.0,,,,,,,,,,,,,,,,,,,,,,,,,,,,,,,kasing <mask> <mask> <mask> ampalaya ang buhay ko sa dati kong asawa,▁pa it ▁ng,3.0,8.520921526760644e-07,13.975571155548096,4.658523718516032,ko ko kong,0.0016735062447599,7.582736849784851,2.527578949928284,1.0,2.0,0.0,10.0,0.0,2.0
4028,kasing pait ng ampalaya ang buhay ko sa dati kong asawa,ang buhay,ang buhay,is_multiword,0,4,4|5,1,3.4229088127613068,0,1.0,,,,,,,,,,,,,,,,,,,,,,,,,,,,,,,kasing pait ng ampalaya <mask> <mask> ko sa dati kong asawa,▁ang ▁buhay,2.0,3.373751036587432e-05,10.296900272369385,5.148450136184692,s asawa,0.0317112856631463,6.8458176255226135,3.4229088127613068,4.0,5.0,0.0,10.0,0.0,2.0
4028,kasing pait ng ampalaya ang buhay ko sa dati kong asawa,ang buhay ko,ang buhay ko,is_multiword,0,4,4|5|6,1,3.9124601682027182,0,1.0,,,,,,,,,,,,,,,,,,,,,,,,,,,,,,,kasing pait ng ampalaya <mask> <mask> <mask> sa dati kong asawa,▁ang ▁buhay ▁ko,3.0,1.5373470306759784e-08,17.990622520446777,5.996874173482259,s na para,0.0019242057075675,11.737380504608154,3.9124601682027182,4.0,6.0,0.0,10.0,0.0,3.0
4028,kasing pait ng ampalaya ang buhay ko sa dati kong asawa,ang buhay ko sa,ang buhay ko sa,is_multiword,0,4,4|5|6|7,1,2.7305908501148224,0,1.0,,,,,,,,,,,,,,,,,,,,,,,,,,,,,,,kasing pait ng ampalaya <mask> <mask> <mask> <mask> dati kong asawa,▁ang ▁buhay ▁ko ▁sa,4.0,5.426196097681633e-09,19.03202748298645,4.7580068707466125,s sa sa ng,0.000300619839689,10.92236340045929,2.7305908501148224,4.0,7.0,0.0,10.0,0.0,4.0
4028,kasing pait ng ampalaya ang buhay ko sa dati kong asawa,ang buhay ko sa dati,ang buhay ko sa dati,is_multiword,0,4,4|5|6|7|8,1,2.897125220298767,0,1.0,,,,,,,,,,,,,,,,,,,,,,,,,,,,,,,kasing pait ng ampalaya <mask> <mask> <mask> <mask> <mask> kong asawa,▁ang ▁buhay ▁ko ▁sa ▁dati,5.0,1.741144878586953e-12,27.076478242874146,5.415295648574829,s sa sa ng ng,3.4030034746866337e-06,14.485626101493835,2.897125220298767,4.0,8.0,0.0,10.0,0.0,5.0
4028,kasing pait ng ampalaya ang buhay ko sa dati kong asawa,ang buhay ko sa dati kong,ang buhay ko sa dati kong,is_multiword,0,4,4|5|6|7|8|9,1,3.259207447369893,0,1.0,,,,,,,,,,,,,,,,,,,,,,,,,,,,,,,kasing pait ng ampalaya <mask> <mask> <mask> <mask> <mask> <mask> asawa,▁ang ▁buhay ▁ko ▁sa ▁dati ▁kong,6.0,2.6308766076440362e-15,33.57145929336548,5.595243215560913,s </s> na na ng ng,8.181545275935842e-07,19.55524468421936,3.259207447369893,4.0,9.0,0.0,10.0,0.0,6.0
4028,kasing pait ng ampalaya ang buhay ko sa dati kong asawa,ang buhay ko sa dati kong asawa,ang buhay ko sa dati kong asawa,is_multiword,0,4,4|5|6|7|8|9|10,1,5.491296563829694,1,1.0,,,,,,,,,,,,,,,,,,,,,,,,,,,,,,,kasing pait ng ampalaya <mask> <mask> <mask> <mask> <mask> <mask> <mask>,▁ang ▁buhay ▁ko ▁sa ▁dati ▁kong ▁asawa,7.0,2.0330277499857191e-26,59.15768623352051,8.451098033360072,s </s> </s>   . </s>,1.0046664041448603e-09,38.43907594680786,5.491296563829694,4.0,10.0,0.0,10.0,0.0,7.0
4028,kasing pait ng ampalaya ang buhay ko sa dati kong asawa,buhay ko,buhay ko,is_multiword,0,5,5|6,1,2.1940784454345703,0,1.0,,,,,,,,,,,,,,,,,,,,,,,,,,,,,,,kasing pait ng ampalaya ang <mask> <mask> sa dati kong asawa,▁buhay ▁ko,2.0,0.0009744332124722,6.933654576539993,3.4668272882699966,aking ko,0.0784340067841252,4.388156890869141,2.1940784454345703,5.0,6.0,0.0,10.0,0.0,2.0
4028,kasing pait ng ampalaya ang buhay ko sa dati kong asawa,buhay ko sa,buhay ko sa,is_multiword,0,5,5|6|7,1,1.916273723045985,0,1.0,,,,,,,,,,,,,,,,,,,,,,,,,,,,,,,kasing pait ng ampalaya ang <mask> <mask> <mask> dati kong asawa,▁buhay ▁ko ▁sa,3.0,4.223941788956482e-06,12.374741792678831,4.124913930892944,da ko ng,0.0013255595278109,5.748821169137955,1.916273723045985,5.0,7.0,0.0,10.0,0.0,3.0
4028,kasing pait ng ampalaya ang buhay ko sa dati kong asawa,buhay ko sa dati,buhay ko sa dati,is_multiword,0,5,5|6|7|8,1,1.4871730506420135,0,1.0,,,,,,,,,,,,,,,,,,,,,,,,,,,,,,,kasing pait ng ampalaya ang <mask> <mask> <mask> <mask> kong asawa,▁buhay ▁ko ▁sa ▁dati,4.0,2.7722724685467922e-08,17.401013374328613,4.350253343582153,da ng ng anak,1.0624784010748504e-05,5.948692202568054,1.4871730506420135,5.0,8.0,0.0,10.0,0.0,4.0
4028,kasing pait ng ampalaya ang buhay ko sa dati kong asawa,buhay ko sa dati kong,buhay ko sa dati kong,is_multiword,0,5,5|6|7|8|9,1,3.1603430271148683,0,1.0,,,,,,,,,,,,,,,,,,,,,,,,,,,,,,,kasing pait ng ampalaya ang <mask> <mask> <mask> <mask> <mask> asawa,▁buhay ▁ko ▁sa ▁dati ▁kong,5.0,3.7501479266085373e-13,28.61181092262268,5.7223621845245365, na na ng ng,2.733040623531932e-06,15.80171513557434,3.1603430271148683,5.0,9.0,0.0,10.0,0.0,5.0
4028,kasing pait ng ampalaya ang buhay ko sa dati kong asawa,buhay ko sa dati kong asawa,buhay ko sa dati kong asawa,is_multiword,0,5,5|6|7|8|9|10,1,3.6030579209327698,0,1.0,,,,,,,,,,,,,,,,,,,,,,,,,,,,,,,kasing pait ng ampalaya ang <mask> <mask> <mask> <mask> <mask> <mask>,▁buhay ▁ko ▁sa ▁dati ▁kong ▁asawa,6.0,3.504430465068152e-17,37.88991856575012,6.31498642762502,mga ng ng ng sa </s>,8.577218731646797e-08,21.61834752559662,3.6030579209327698,5.0,10.0,0.0,10.0,0.0,6.0
4028,kasing pait ng ampalaya ang buhay ko sa dati kong asawa,ko sa,ko sa,is_multiword,0,6,6|7,1,1.1986617520451546,0,1.0,,,,,,,,,,,,,,,,,,,,,,,,,,,,,,,kasing pait ng ampalaya ang buhay <mask> <mask> dati kong asawa,▁ko ▁sa,2.0,0.0318705543295716,3.44607275724411,1.723036378622055,ko ng,0.3503757064770253,2.397323504090309,1.1986617520451546,6.0,7.0,0.0,10.0,0.0,2.0
4028,kasing pait ng ampalaya ang buhay ko sa dati kong asawa,ko sa dati,ko sa dati,is_multiword,0,6,6|7|8,1,0.7684186299641927,0,1.0,,,,,,,,,,,,,,,,,,,,,,,,,,,,,,,kasing pait ng ampalaya ang buhay <mask> <mask> <mask> kong asawa,▁ko ▁sa ▁dati,3.0,0.0001296339911201,8.950795531272888,2.983598510424296,ng  t,0.0012998067994323,2.305255889892578,0.7684186299641927,6.0,8.0,0.0,10.0,0.0,3.0
4028,kasing pait ng ampalaya ang buhay ko sa dati kong asawa,ko sa dati kong,ko sa dati kong,is_multiword,0,6,6|7|8|9,1,3.14208222925663,0,1.0,,,,,,,,,,,,,,,,,,,,,,,,,,,,,,,kasing pait ng ampalaya ang buhay <mask> <mask> <mask> <mask> asawa,▁ko ▁sa ▁dati ▁kong,4.0,2.535987707191666e-09,19.79268264770508,4.9481706619262695,ng ng ng ng,0.0007286232738311,12.56832891702652,3.14208222925663,6.0,9.0,0.0,10.0,0.0,4.0
4028,kasing pait ng ampalaya ang buhay ko sa dati kong asawa,ko sa dati kong asawa,ko sa dati kong asawa,is_multiword,0,6,6|7|8|9|10,1,3.3659347534179687,0,1.0,,,,,,,,,,,,,,,,,,,,,,,,,,,,,,,kasing pait ng ampalaya ang buhay <mask> <mask> <mask> <mask> <mask>,▁ko ▁sa ▁dati ▁kong ▁asawa,5.0,2.373461472192979e-13,29.06925678253174,5.813851356506348,ng ng ng na </s>,4.835224415046701e-06,16.829673767089844,3.3659347534179687,6.0,10.0,0.0,10.0,0.0,5.0
4028,kasing pait ng ampalaya ang buhay ko sa dati kong asawa,sa dati,sa dati,is_multiword,0,7,7|8,1,0.2706375122070312,0,1.0,,,,,,,,,,,,,,,,,,,,,,,,,,,,,,,kasing pait ng ampalaya ang buhay ko <mask> <mask> kong asawa,▁sa ▁dati,2.0,0.0258738359713693,3.654523015022278,1.827261507511139,sa mahal,0.0444563268593315,0.5412750244140625,0.2706375122070312,7.0,8.0,0.0,10.0,0.0,2.0
4028,kasing pait ng ampalaya ang buhay ko sa dati kong asawa,sa dati kong,sa dati kong,is_multiword,0,7,7|8|9,1,2.060586253801981,0,1.0,,,,,,,,,,,,,,,,,,,,,,,,,,,,,,,kasing pait ng ampalaya ang buhay ko <mask> <mask> <mask> asawa,▁sa ▁dati ▁kong,3.0,1.8046427095969003e-05,10.922562837600708,3.640854279200236,sa ang aking,0.0087316224722798,6.181758761405945,2.060586253801981,7.0,9.0,0.0,10.0,0.0,3.0
4028,kasing pait ng ampalaya ang buhay ko sa dati kong asawa,sa dati kong asawa,sa dati kong asawa,is_multiword,0,7,7|8|9|10,1,3.380639910697937,0,1.0,,,,,,,,,,,,,,,,,,,,,,,,,,,,,,,kasing pait ng ampalaya ang buhay ko <mask> <mask> <mask> <mask>,▁sa ▁dati ▁kong ▁asawa,4.0,3.099853383431718e-11,24.197081208229065,6.049270302057266,sa sa ko </s>,2.3126727713133e-05,13.522559642791748,3.380639910697937,7.0,10.0,0.0,10.0,0.0,4.0
4028,kasing pait ng ampalaya ang buhay ko sa dati kong asawa,dati kong,dati kong,is_multiword,0,8,8|9,1,2.2581100463867188,0,1.0,,,,,,,,,,,,,,,,,,,,,,,,,,,,,,,kasing pait ng ampalaya ang buhay ko sa <mask> <mask> asawa,▁dati ▁kong,2.0,0.0004722956178595,7.657905459403992,3.828952729701996,buhay ng,0.0432099119557281,4.5162200927734375,2.2581100463867188,8.0,9.0,0.0,10.0,0.0,2.0
4028,kasing pait ng ampalaya ang buhay ko sa dati kong asawa,dati kong asawa,dati kong asawa,is_multiword,0,8,8|9|10,1,5.225926955540975,0,1.0,,,,,,,,,,,,,,,,,,,,,,,,,,,,,,,kasing pait ng ampalaya ang buhay ko sa <mask> <mask> <mask>,▁dati ▁kong ▁asawa,3.0,1.0326073447364703e-10,22.99376392364502,7.66458797454834,pag . </s>,0.0006648274284859,15.677780866622925,5.225926955540975,8.0,10.0,0.0,10.0,0.0,3.0
4028,kasing pait ng ampalaya ang buhay ko sa dati kong asawa,kong asawa,kong asawa,is_multiword,0,9,9|10,1,2.347520768642425,0,1.0,,,,,,,,,,,,,,,,,,,,,,,,,,,,,,,kasing pait ng ampalaya ang buhay ko sa dati <mask> <mask>,▁kong ▁asawa,2.0,0.000488720847167,7.623719096183777,3.811859548091888,na </s>,0.0534676992954226,4.695041537284851,2.347520768642425,9.0,10.0,0.0,10.0,0.0,2.0
4030,i'm getting more famouser everyday,i'm getting,i'm getting,is_multiword,0,0,0|1,1,2.458591997623444,0,1.0,,,,,,,,,,,,,,,,,,,,,,,,,,,,,,,<mask> <mask> <mask> <mask> more famouser everyday,▁i ' m ▁getting,4.0,1.962071684923656e-10,22.3518500328064,5.587962508201599,"</s> , , blir",3.662069832806191e-06,9.834367990493774,2.458591997623444,0.0,1.0,0.0,4.0,0.0,2.0
4030,i'm getting more famouser everyday,famouser everyday,famouser everyday,is_multiword,0,3,3|4,1,3.988145271937052,0,1.0,,,,,,,,,,,,,,,,,,,,,,,,,,,,,,,i'm getting more <mask> <mask> <mask>,▁famous er ▁everyday,3.0,4.6493307940511164e-10,21.48912763595581,7.163042545318604,of i </s>,7.302623336949872e-05,11.964435815811155,3.988145271937052,3.0,4.0,0.0,4.0,0.0,2.0
4031,"too bad you're not intelligent enough to get it, f3",too bad,too bad,is_multiword,0,0,0|1,1,10.037464439868929,1,1.0,,,,,,,,,,,,,,,,,,,,,,,,,,,,,,,<mask> <mask> you're not intelligent enough to get it f3,▁too ▁bad,2.0,1.304208143501317e-10,22.76025485992432,11.380127429962158,So means,0.0681989588630818,20.07492887973785,10.037464439868929,0.0,1.0,0.0,9.0,0.0,2.0
4031,"too bad you're not intelligent enough to get it, f3",get it,get it,is_multiword,0,7,7|8,1,1.4623700380325315,0,1.0,,,,,,,,,,,,,,,,,,,,,,,,,,,,,,,too bad you're not intelligent enough to <mask> <mask> f3,▁get ▁it,2.0,0.0014605621505968,6.528933882713318,3.264466941356659,be it,0.0272093719878962,2.9247400760650635,1.4623700380325315,7.0,8.0,0.0,9.0,0.0,2.0
4031,"too bad you're not intelligent enough to get it, f3",f 3,f 3,is_multiword,0,9,,1,,0,1.0,,,,,,,,,,,,,,,,,,,,,,,,,,,,,,,,,,,,,,,,,,,,,,
4033,more people should cam up on tinychat,cam up,cam up,is_multiword,1,3,3|4,1,5.595971941947937,0,1.0,,,,,,,,,,,,,,,,,,,,,,,,,,,,,,,more people should <mask> <mask> on tinychat,▁cam ▁up,2.0,1.314001766089563e-07,15.84501838684082,7.92250919342041, alkohol,0.00953224990182,11.191943883895874,5.595971941947937,3.0,4.0,0.0,6.0,0.0,2.0
4036,i specialize in ass kickery and guitar playing,ass kickery,ass kickery,is_multiword,1,3,3|4,1,9.348253846168518,1,1.0,,,,,,,,,,,,,,,,,,,,,,,,,,,,,,,i specialize in <mask> <mask> <mask> and guitar playing,▁ass ▁kick ery,3.0,2.3712870846358733e-15,33.67534351348877,11.225114504496256,"piano , s",0.0035864874738642,28.044761538505558,9.348253846168518,3.0,4.0,0.0,7.0,0.0,2.0
4037,"hey dude, check out that backwards frontward standing in line over there",check out,check out,is_multiword,0,2,2|3,1,5.782672941684723,1,1.0,,,,,,,,,,,,,,,,,,,,,,,,,,,,,,,hey dude <mask> <mask> that backwards frontward standing in line over there,▁check ▁out,2.0,2.713586635167607e-07,15.119824409484863,7.559912204742432,you is,0.0285962832436993,11.565345883369446,5.782672941684723,2.0,3.0,0.0,11.0,0.0,2.0
4037,"hey dude, check out that backwards frontward standing in line over there",backwards frontward,backwards frontward,is_multiword,1,5,5|6,1,5.661912631988526,0,1.0,,,,,,,,,,,,,,,,,,,,,,,,,,,,,,,hey dude check out that <mask> <mask> <mask> <mask> <mask> standing in line over there,▁back ward s ▁front ward,5.0,9.768819433231978e-20,43.77250623703003,8.754501247406006,we is a you are,1.925436266230937e-07,28.309563159942627,5.661912631988526,5.0,6.0,0.0,11.0,0.0,2.0
4042,that kid from bay shore is such an asshole,bay shore,bay shore,is_multiword,1,3,3|4,1,5.972914417584737,0,1.0,,,,,,,,,,,,,,,,,,,,,,,,,,,,,,,that kid from <mask> <mask> <mask> is such an asshole,▁bay ▁ shore,3.0,5.430882282348415e-11,23.63633441925049,7.878778139750163,the to school,0.003287620702719,17.91874325275421,5.972914417584737,3.0,4.0,0.0,8.0,0.0,2.0
4042,that kid from bay shore is such an asshole,such an,such an,is_multiword,0,6,6|7,1,1.9612484574317928,1,1.0,,,,,,,,,,,,,,,,,,,,,,,,,,,,,,,that kid from bay shore is <mask> <mask> asshole,▁such ▁an,2.0,0.0014244851537962,6.553944826126099,3.2769724130630493,a fucking,0.0719741745393927,3.9224969148635855,1.9612484574317928,6.0,7.0,0.0,8.0,0.0,2.0
4042,that kid from bay shore is such an asshole,such an asshole,such an asshole,is_multiword,0,6,6|7|8,1,4.367137968540192,0,1.0,,,,,,,,,,,,,,,,,,,,,,,,,,,,,,,that kid from bay shore is <mask> <mask> <mask> <mask>,▁such ▁an ▁ass hole,4.0,7.427246127332071e-13,27.92845106124878,6.982112765312195,a a . .,2.86631226334289e-05,17.468551874160767,4.367137968540192,6.0,8.0,0.0,8.0,0.0,3.0
4042,that kid from bay shore is such an asshole,an asshole,an asshole,is_multiword,0,7,7|8,1,4.362126747767131,0,1.0,,,,,,,,,,,,,,,,,,,,,,,,,,,,,,,that kid from bay shore is such <mask> <mask> <mask>,▁an ▁ass hole,3.0,1.5020330612742996e-08,18.013861179351807,6.004620393117269,a cool .,0.0072447302530892,13.086380243301392,4.362126747767131,7.0,8.0,0.0,8.0,0.0,2.0
4043,"hey, look, there's an albertito squeezing through the door",an albertito,an albertito,is_multiword,0,3,3|4,1,6.9411593824625015,0,1.0,,,,,,,,,,,,,,,,,,,,,,,,,,,,,,,hey look there's <mask> <mask> <mask> <mask> squeezing through the door,▁an ▁al bert ito,4.0,4.2412741428438415e-17,37.69908285140991,9.424770712852478,a  of s,4.847582579202104e-05,27.76463752985001,6.9411593824625015,3.0,4.0,0.0,8.0,0.0,2.0
4045,the gag slut said that funky boo's cock was gagalicious,gag slut,gag slut,is_multiword,0,1,1|2,1,5.293500343958537,0,1.0,,,,,,,,,,,,,,,,,,,,,,,,,,,,,,,the <mask> <mask> <mask> said that funky boo's cock was gagalicious,▁ga g ▁slut,3.0,2.2711859379388238e-11,24.50813388824463,8.169377962748209,actress of who,0.0001790880709991,15.88050103187561,5.293500343958537,1.0,2.0,0.0,9.0,0.0,2.0
4048,never let a man put his dirty how-do-you-do into your [bajingo],how-do you-do,how-do you-do,is_multiword,1,7,7|8,1,4.71449987590313,0,1.0,,,,,,,,,,,,,,,,,,,,,,,,,,,,,,,never let a man put his dirty <mask> <mask> <mask> <mask> <mask> <mask> <mask> <mask> your bajingo,▁how - do - you - do ▁into,8.0,4.286933921359442e-26,58.411640644073486,7.301455080509186,hands on a and and to to with,1.0280092860327483e-09,37.71599900722504,4.71449987590313,7.0,8.0,0.0,10.0,0.0,2.0
4049,alletta is such a boob moocher,boob moocher,boob moocher,is_multiword,1,4,4|5,1,6.588711547851562,1,1.0,,,,,,,,,,,,,,,,,,,,,,,,,,,,,,,alletta is such a <mask> <mask> <mask> <mask> <mask>,▁ boob ▁mo o cher,5.0,1.5867113807456698e-20,45.59003829956055,9.11800765991211,good as the . .,3.218868813438382e-06,32.94355773925781,6.588711547851562,4.0,5.0,0.0,5.0,0.0,2.0
4051,"after everyone found out she hooked up with the sgt and then the ssgt,erika was definitely det property",hooked up,hooked up,is_multiword,0,5,5|6,1,5.171460668245952,1,1.0,,,,,,,,,,,,,,,,,,,,,,,,,,,,,,,after everyone found out she <mask> <mask> <mask> with the sgt and then the ssgt erika was definitely det property,▁hook ed ▁up,3.0,3.636997055443226e-10,21.734692573547363,7.244897524515788,was not problem,0.0019886275156706,15.514382004737854,5.171460668245952,5.0,6.0,0.0,18.0,0.0,2.0
4052,did you see that guy go deep sea diving on that big-hips chick? i did lolololol,big-hips chick,big-hips chick,is_multiword,0,11,11|12,1,5.772094150384267,1,1.0,,,,,,,,,,,,,,,,,,,,,,,,,,,,,,,did you see that guy go deep sea diving on that <mask> <mask> <mask> <mask> <mask> <mask> i did lolololol,▁big - hip s ▁ chick,6.0,2.4183904663524044e-21,47.471184730529785,7.911864121754964,boat ? i i i that,2.656184593436777e-06,34.6325649023056,5.772094150384267,11.0,12.0,0.0,15.0,0.0,2.0
4055,elo babe you've got a class a set of frupers there,elo babe,elo babe,is_multiword,0,0,0|1,1,6.860310912132263,0,1.0,,,,,,,,,,,,,,,,,,,,,,,,,,,,,,,<mask> <mask> <mask> you've got a class a set of frupers there,▁el o ▁babe,3.0,5.175955482562203e-13,28.28958225250244,9.429860750834148,I you if,0.0004489273370785,20.58093273639679,6.860310912132263,0.0,1.0,0.0,10.0,0.0,2.0
4057,"""leia the thai whore really worked the blowjob buffet through the hotel lobby",leia the,leia the,is_multiword,0,0,0|1,1,4.617589473724365,0,1.0,,,,,,,,,,,,,,,,,,,,,,,,,,,,,,,<mask> <mask> <mask> thai whore really worked the blowjob buffet through the hotel lobby,▁le ia ▁the,3.0,1.2215142537032243e-10,22.825759649276733,7.608586549758911,The the a,0.0001267883714335,13.852768421173096,4.617589473724365,0.0,1.0,0.0,12.0,0.0,2.0
4057,"""leia the thai whore really worked the blowjob buffet through the hotel lobby",leia the thai,leia the thai,is_multiword,0,0,0|1|2,1,5.807496935129166,0,1.0,,,,,,,,,,,,,,,,,,,,,,,,,,,,,,,<mask> <mask> <mask> <mask> whore really worked the blowjob buffet through the hotel lobby,▁le ia ▁the ▁thai,4.0,4.743355568666536e-15,32.98203158378601,8.245507895946503,The s and a,5.817564024886786e-05,23.229987740516663,5.807496935129166,0.0,2.0,0.0,12.0,0.0,3.0
4057,"""leia the thai whore really worked the blowjob buffet through the hotel lobby",leia the thai whore,leia the thai whore,is_multiword,0,0,0|1|2|3,1,4.795549988746643,0,1.0,,,,,,,,,,,,,,,,,,,,,,,,,,,,,,,<mask> <mask> <mask> <mask> <mask> <mask> really worked the blowjob buffet through the hotel lobby,▁le ia ▁the ▁thai ▁who re,6.0,4.29956379294785e-20,44.59318828582764,7.4321980476379395,"The the the the , who",1.3474410802465144e-07,28.77329993247986,4.795549988746643,0.0,3.0,0.0,12.0,0.0,4.0
4057,"""leia the thai whore really worked the blowjob buffet through the hotel lobby",leia the thai whore really,leia the thai whore really,is_multiword,0,0,0|1|2|3|4,1,5.1120429039001465,0,1.0,,,,,,,,,,,,,,,,,,,,,,,,,,,,,,,<mask> <mask> <mask> <mask> <mask> <mask> <mask> worked the blowjob buffet through the hotel lobby,▁le ia ▁the ▁thai ▁who re ▁really,7.0,2.915453527871653e-24,54.19201683998108,7.741716691425869,"The s the the the , who",1.013048631251127e-08,35.784300327301025,5.1120429039001465,0.0,4.0,0.0,12.0,0.0,5.0
4057,"""leia the thai whore really worked the blowjob buffet through the hotel lobby",leia the thai whore really worked,leia the thai whore really worked,is_multiword,0,0,0|1|2|3|4|5,1,5.689888685941696,0,1.0,,,,,,,,,,,,,,,,,,,,,,,,,,,,,,,<mask> <mask> <mask> <mask> <mask> <mask> <mask> <mask> the blowjob buffet through the hotel lobby,▁le ia ▁the ▁thai ▁who re ▁really ▁worked,8.0,2.4037400271802534e-29,65.89794182777405,8.237242728471756,The the the the the the s of,1.4111902492563248e-09,45.51910948753357,5.689888685941696,0.0,5.0,0.0,12.0,0.0,6.0
4057,"""leia the thai whore really worked the blowjob buffet through the hotel lobby",leia the thai whore really worked the,leia the thai whore really worked the,is_multiword,0,0,0|1|2|3|4|5|6,1,4.969992465443081,0,1.0,,,,,,,,,,,,,,,,,,,,,,,,,,,,,,,<mask> <mask> <mask> <mask> <mask> <mask> <mask> <mask> <mask> blowjob buffet through the hotel lobby,▁le ia ▁the ▁thai ▁who re ▁really ▁worked ▁the,9.0,3.4381682852458024e-30,67.84261393547058,7.538068215052287,</s> s the the the the the a a,9.168321953534848e-11,44.72993218898773,4.969992465443081,0.0,6.0,0.0,12.0,0.0,7.0
4057,"""leia the thai whore really worked the blowjob buffet through the hotel lobby",leia the thai whore really worked the blowjob,leia the thai whore really worked the blowjob,is_multiword,0,0,0|1|2|3|4|5|6|7,1,6.283157324790954,0,1.0,,,,,,,,,,,,,,,,,,,,,,,,,,,,,,,<mask> <mask> <mask> <mask> <mask> <mask> <mask> <mask> <mask> <mask> buffet through the hotel lobby,▁le ia ▁the ▁thai ▁who re ▁really ▁worked ▁the ▁blowjob,10.0,3.3092677802955556e-40,90.9066767692566,9.090667676925658,</s> : the the the the </s> </s> a breakfast,6.414125627787895e-13,62.831573247909546,6.283157324790954,0.0,7.0,0.0,12.0,0.0,8.0
4057,"""leia the thai whore really worked the blowjob buffet through the hotel lobby",leia the thai whore really worked the blowjob buffet,leia the thai whore really worked the blowjob buffet,is_multiword,0,0,0|1|2|3|4|5|6|7|8,1,6.41774408383803,0,1.0,,,,,,,,,,,,,,,,,,,,,,,,,,,,,,,<mask> <mask> <mask> <mask> <mask> <mask> <mask> <mask> <mask> <mask> <mask> through the hotel lobby,▁le ia ▁the ▁thai ▁who re ▁really ▁worked ▁the ▁blowjob ▁buffet,11.0,9.843518819447064e-45,101.32951593399048,9.211774175817316,The : the the the the the the the the walk,4.4900340720018174e-14,70.59518492221832,6.41774408383803,0.0,8.0,0.0,12.0,0.0,9.0
4057,"""leia the thai whore really worked the blowjob buffet through the hotel lobby",leia the thai whore really worked the blowjob buffet through,leia the thai whore really worked the blowjob buffet through,is_multiword,0,0,0|1|2|3|4|5|6|7|8|9,1,5.586580035587152,0,1.0,,,,,,,,,,,,,,,,,,,,,,,,,,,,,,,<mask> <mask> <mask> <mask> <mask> <mask> <mask> <mask> <mask> <mask> <mask> <mask> the hotel lobby,▁le ia ▁the ▁thai ▁who re ▁really ▁worked ▁the ▁blowjob ▁buffet ▁through,12.0,1.0082916313658146e-43,99.00290155410768,8.250241796175638,</s> : the the the the the the the the s in,1.3129154186527356e-14,67.03896042704582,5.586580035587152,0.0,9.0,0.0,12.0,0.0,10.0
4057,"""leia the thai whore really worked the blowjob buffet through the hotel lobby",leia the thai whore really worked the blowjob buffet through the,leia the thai whore really worked the blowjob buffet through the,is_multiword,0,0,0|1|2|3|4|5|6|7|8|9|10,1,6.1159913173088665,0,1.0,,,,,,,,,,,,,,,,,,,,,,,,,,,,,,,<mask> <mask> <mask> <mask> <mask> <mask> <mask> <mask> <mask> <mask> <mask> <mask> <mask> hotel lobby,▁le ia ▁the ▁thai ▁who re ▁really ▁worked ▁the ▁blowjob ▁buffet ▁through ▁the,13.0,1.6325794010343466e-51,116.94167852401732,8.995513732616718,"</s> : , , , , , , , , , , ,",5.5298195389289586e-17,79.50788712501526,6.1159913173088665,0.0,10.0,0.0,12.0,0.0,11.0
4057,"""leia the thai whore really worked the blowjob buffet through the hotel lobby",leia the thai whore really worked the blowjob buffet through the hotel,leia the thai whore really worked the blowjob buffet through the hotel,is_multiword,0,0,0|1|2|3|4|5|6|7|8|9|10|11,1,5.92330767427172,0,1.0,,,,,,,,,,,,,,,,,,,,,,,,,,,,,,,<mask> <mask> <mask> <mask> <mask> <mask> <mask> <mask> <mask> <mask> <mask> <mask> <mask> <mask> lobby,▁le ia ▁the ▁thai ▁who re ▁really ▁worked ▁the ▁blowjob ▁buffet ▁through ▁the ▁hotel,14.0,1.681221650112106e-54,123.82007431983948,8.844291022845677," : : , , , , , , , , , , the",1.738051735840724e-18,82.92630743980408,5.92330767427172,0.0,11.0,0.0,12.0,0.0,12.0
4057,"""leia the thai whore really worked the blowjob buffet through the hotel lobby",leia the thai whore really worked the blowjob buffet through the hotel lobby,leia the thai whore really worked the blowjob buffet through the hotel lobby,is_multiword,0,0,0|1|2|3|4|5|6|7|8|9|10|11|12,1,6.916540853182474,0,1.0,,,,,,,,,,,,,,,,,,,,,,,,,,,,,,,<mask> <mask> <mask> <mask> <mask> <mask> <mask> <mask> <mask> <mask> <mask> <mask> <mask> <mask> <mask>,▁le ia ▁the ▁thai ▁who re ▁really ▁worked ▁the ▁blowjob ▁buffet ▁through ▁the ▁hotel ▁lobby,15.0,3.434576636932704e-66,150.73672246932983,10.049114831288655,"</s> : , , , , , , , , , , . . </s>",3.918375996215621e-21,103.74811279773712,6.916540853182474,0.0,12.0,0.0,12.0,0.0,13.0
4057,"""leia the thai whore really worked the blowjob buffet through the hotel lobby",the thai,the thai,is_multiword,0,1,1|2,1,4.38252067565918,0,1.0,,,,,,,,,,,,,,,,,,,,,,,,,,,,,,,leia <mask> <mask> whore really worked the blowjob buffet through the hotel lobby,▁the ▁thai,2.0,3.53773154999319e-06,12.552024841308594,6.276012420654297,and the,0.0226638646161773,8.76504135131836,4.38252067565918,1.0,2.0,0.0,12.0,0.0,2.0
4057,"""leia the thai whore really worked the blowjob buffet through the hotel lobby",the thai whore,the thai whore,is_multiword,0,1,1|2|3,1,3.3493432998657227,0,1.0,,,,,,,,,,,,,,,,,,,,,,,,,,,,,,,leia <mask> <mask> <mask> <mask> really worked the blowjob buffet through the hotel lobby,▁the ▁thai ▁who re,4.0,1.539015508977356e-11,24.897293090820312,6.224323272705078,"hotel s , she",1.0130905139183358e-05,13.39737319946289,3.3493432998657227,1.0,3.0,0.0,12.0,0.0,3.0
4057,"""leia the thai whore really worked the blowjob buffet through the hotel lobby",the thai whore really,the thai whore really,is_multiword,0,1,1|2|3|4,1,4.519399976730346,0,1.0,,,,,,,,,,,,,,,,,,,,,,,,,,,,,,,leia <mask> <mask> <mask> <mask> <mask> worked the blowjob buffet through the hotel lobby,▁the ▁thai ▁who re ▁really,5.0,1.3123477140732601e-15,34.266958713531494,6.8533917427062985,". s , , who",8.546755421698161e-06,22.596999883651733,4.519399976730346,1.0,4.0,0.0,12.0,0.0,4.0
4057,"""leia the thai whore really worked the blowjob buffet through the hotel lobby",the thai whore really worked,the thai whore really worked,is_multiword,0,1,1|2|3|4|5,1,5.142261942227681,0,1.0,,,,,,,,,,,,,,,,,,,,,,,,,,,,,,,leia <mask> <mask> <mask> <mask> <mask> <mask> the blowjob buffet through the hotel lobby,▁the ▁thai ▁who re ▁really ▁worked,6.0,7.197465419368634e-21,46.380558013916016,7.730093002319336,. com . the to of,1.805990672781046e-07,30.85357165336609,5.142261942227681,1.0,5.0,0.0,12.0,0.0,5.0
4057,"""leia the thai whore really worked the blowjob buffet through the hotel lobby",the thai whore really worked the,the thai whore really worked the,is_multiword,0,1,1|2|3|4|5|6,1,4.522300652095249,0,1.0,,,,,,,,,,,,,,,,,,,,,,,,,,,,,,,leia <mask> <mask> <mask> <mask> <mask> <mask> <mask> blowjob buffet through the hotel lobby,▁the ▁thai ▁who re ▁really ▁worked ▁the,7.0,5.81129424068565e-22,48.89706873893738,6.985295534133911,. com . s s a a,3.2534519452776534e-08,31.656104564666748,4.522300652095249,1.0,6.0,0.0,12.0,0.0,6.0
4057,"""leia the thai whore really worked the blowjob buffet through the hotel lobby",the thai whore really worked the blowjob,the thai whore really worked the blowjob,is_multiword,0,1,1|2|3|4|5|6|7,1,6.98023422062397,0,1.0,,,,,,,,,,,,,,,,,,,,,,,,,,,,,,,leia <mask> <mask> <mask> <mask> <mask> <mask> <mask> <mask> buffet through the hotel lobby,▁the ▁thai ▁who re ▁really ▁worked ▁the ▁blowjob,8.0,2.043488079857063e-32,72.96806478500366,9.121008098125458,. com . </s> </s> </s> </s> breakfast,3.6491334335475564e-08,55.84187376499176,6.98023422062397,1.0,7.0,0.0,12.0,0.0,7.0
4057,"""leia the thai whore really worked the blowjob buffet through the hotel lobby",the thai whore really worked the blowjob buffet,the thai whore really worked the blowjob buffet,is_multiword,0,1,1|2|3|4|5|6|7|8,1,6.873639504114787,0,1.0,,,,,,,,,,,,,,,,,,,,,,,,,,,,,,,leia <mask> <mask> <mask> <mask> <mask> <mask> <mask> <mask> <mask> through the hotel lobby,▁the ▁thai ▁who re ▁really ▁worked ▁the ▁blowjob ▁buffet,9.0,1.1382951526293468e-36,82.76353168487549,9.195947964986166,. com . . </s> </s> </s> the walk,8.373523654380903e-10,61.86275553703308,6.873639504114787,1.0,8.0,0.0,12.0,0.0,8.0
4057,"""leia the thai whore really worked the blowjob buffet through the hotel lobby",the thai whore really worked the blowjob buffet through,the thai whore really worked the blowjob buffet through,is_multiword,0,1,1|2|3|4|5|6|7|8|9,1,5.918617177009582,0,1.0,,,,,,,,,,,,,,,,,,,,,,,,,,,,,,,leia <mask> <mask> <mask> <mask> <mask> <mask> <mask> <mask> <mask> <mask> the hotel lobby,▁the ▁thai ▁who re ▁really ▁worked ▁the ▁blowjob ▁buffet ▁through,10.0,2.0756611408793472e-36,82.1627836227417,8.21627836227417,. com . . the the the the s in,1.0504714645968136e-10,59.18617177009583,5.918617177009582,1.0,9.0,0.0,12.0,0.0,9.0
4057,"""leia the thai whore really worked the blowjob buffet through the hotel lobby",the thai whore really worked the blowjob buffet through the,the thai whore really worked the blowjob buffet through the,is_multiword,0,1,1|2|3|4|5|6|7|8|9|10,1,6.483143828131936,0,1.0,,,,,,,,,,,,,,,,,,,,,,,,,,,,,,,leia <mask> <mask> <mask> <mask> <mask> <mask> <mask> <mask> <mask> <mask> <mask> hotel lobby,▁the ▁thai ▁who re ▁really ▁worked ▁the ▁blowjob ▁buffet ▁through ▁the,11.0,3.8057236298448187e-44,99.9772379398346,9.088839812712235,". . . . . . , , , , ,",3.564238328837431e-13,71.3145821094513,6.483143828131936,1.0,10.0,0.0,12.0,0.0,10.0
4057,"""leia the thai whore really worked the blowjob buffet through the hotel lobby",the thai whore really worked the blowjob buffet through the hotel,the thai whore really worked the blowjob buffet through the hotel,is_multiword,0,1,1|2|3|4|5|6|7|8|9|10|11,1,6.028839290142059,0,1.0,,,,,,,,,,,,,,,,,,,,,,,,,,,,,,,leia <mask> <mask> <mask> <mask> <mask> <mask> <mask> <mask> <mask> <mask> <mask> <mask> lobby,▁the ▁thai ▁who re ▁really ▁worked ▁the ▁blowjob ▁buffet ▁through ▁the ▁hotel,12.0,1.9444134121696392e-46,105.25395393371582,8.771162827809652,". . . . . . </s> , , , , the",5.108439331049186e-15,72.34607148170471,6.028839290142059,1.0,11.0,0.0,12.0,0.0,11.0
4057,"""leia the thai whore really worked the blowjob buffet through the hotel lobby",the thai whore really worked the blowjob buffet through the hotel lobby,the thai whore really worked the blowjob buffet through the hotel lobby,is_multiword,0,1,1|2|3|4|5|6|7|8|9|10|11|12,1,8.253673168329092,0,1.0,,,,,,,,,,,,,,,,,,,,,,,,,,,,,,,leia <mask> <mask> <mask> <mask> <mask> <mask> <mask> <mask> <mask> <mask> <mask> <mask> <mask>,▁the ▁thai ▁who re ▁really ▁worked ▁the ▁blowjob ▁buffet ▁through ▁the ▁hotel ▁lobby,13.0,2.666498757812937e-60,137.1743392944336,10.551872253417969,. . . . . . . . . . . . </s>,1.058674975168646e-13,107.2977511882782,8.253673168329092,1.0,12.0,0.0,12.0,0.0,12.0
4057,"""leia the thai whore really worked the blowjob buffet through the hotel lobby",thai whore,thai whore,is_multiword,0,2,2|3,1,4.2319449583689375,0,1.0,,,,,,,,,,,,,,,,,,,,,,,,,,,,,,,leia the <mask> <mask> <mask> really worked the blowjob buffet through the hotel lobby,▁thai ▁who re,3.0,6.699503948326531e-10,21.123817443847656,7.041272481282552,hotel hotel has,0.0002186621816291,12.695834875106812,4.2319449583689375,2.0,3.0,0.0,12.0,0.0,2.0
4057,"""leia the thai whore really worked the blowjob buffet through the hotel lobby",thai whore really,thai whore really,is_multiword,0,2,2|3|4,1,4.563614785671234,0,1.0,,,,,,,,,,,,,,,,,,,,,,,,,,,,,,,leia the <mask> <mask> <mask> <mask> worked the blowjob buffet through the hotel lobby,▁thai ▁who re ▁really,4.0,2.6462944165299066e-13,28.960445880889893,7.240111470222473,"hotel hotel , who",2.2410370483983072e-05,18.254459142684937,4.563614785671234,2.0,4.0,0.0,12.0,0.0,3.0
4057,"""leia the thai whore really worked the blowjob buffet through the hotel lobby",thai whore really worked,thai whore really worked,is_multiword,0,2,2|3|4|5,1,5.616749477386475,0,1.0,,,,,,,,,,,,,,,,,,,,,,,,,,,,,,,leia the <mask> <mask> <mask> <mask> <mask> the blowjob buffet through the hotel lobby,▁thai ▁who re ▁really ▁worked,5.0,8.556997469934243e-19,41.60236740112305,8.32047348022461,hotel hotel the </s> at,1.3456679996455765e-06,28.083747386932373,5.616749477386475,2.0,5.0,0.0,12.0,0.0,4.0
4057,"""leia the thai whore really worked the blowjob buffet through the hotel lobby",thai whore really worked the,thai whore really worked the,is_multiword,0,2,2|3|4|5|6,1,5.0876421729723615,0,1.0,,,,,,,,,,,,,,,,,,,,,,,,,,,,,,,leia the <mask> <mask> <mask> <mask> <mask> <mask> blowjob buffet through the hotel lobby,▁thai ▁who re ▁really ▁worked ▁the,6.0,2.945281281758428e-20,44.971497535705566,7.495249589284261,hotel hotel the the a a,5.325204704876431e-07,30.525853037834167,5.0876421729723615,2.0,6.0,0.0,12.0,0.0,5.0
4057,"""leia the thai whore really worked the blowjob buffet through the hotel lobby",thai whore really worked the blowjob,thai whore really worked the blowjob,is_multiword,0,2,2|3|4|5|6|7,1,6.7778264454432895,0,1.0,,,,,,,,,,,,,,,,,,,,,,,,,,,,,,,leia the <mask> <mask> <mask> <mask> <mask> <mask> <mask> buffet through the hotel lobby,▁thai ▁who re ▁really ▁worked ▁the ▁blowjob,7.0,1.6102043471900196e-28,63.99602150917053,9.14228878702436,hotel hotel the </s> </s> </s> breakfast,6.484692197535164e-08,47.44478511810303,6.7778264454432895,2.0,7.0,0.0,12.0,0.0,6.0
4057,"""leia the thai whore really worked the blowjob buffet through the hotel lobby",thai whore really worked the blowjob buffet,thai whore really worked the blowjob buffet,is_multiword,0,2,2|3|4|5|6|7|8,1,6.543826937675476,0,1.0,,,,,,,,,,,,,,,,,,,,,,,,,,,,,,,leia the <mask> <mask> <mask> <mask> <mask> <mask> <mask> <mask> through the hotel lobby,▁thai ▁who re ▁really ▁worked ▁the ▁blowjob ▁buffet,8.0,5.753699383969163e-33,74.23546504974365,9.279433131217957,hotel of the the the the the walk,3.1299010217269664e-10,52.35061550140381,6.543826937675476,2.0,8.0,0.0,12.0,0.0,7.0
4057,"""leia the thai whore really worked the blowjob buffet through the hotel lobby",thai whore really worked the blowjob buffet through,thai whore really worked the blowjob buffet through,is_multiword,0,2,2|3|4|5|6|7|8|9,1,6.834976209534539,0,1.0,,,,,,,,,,,,,,,,,,,,,,,,,,,,,,,leia the <mask> <mask> <mask> <mask> <mask> <mask> <mask> <mask> <mask> the hotel lobby,▁thai ▁who re ▁really ▁worked ▁the ▁blowjob ▁buffet ▁through,9.0,1.4540922948022374e-35,80.2160964012146,8.912899600134956,hotel of the the </s> </s> </s> le in,7.553079202769614e-09,61.51478588581085,6.834976209534539,2.0,9.0,0.0,12.0,0.0,8.0
4057,"""leia the thai whore really worked the blowjob buffet through the hotel lobby",thai whore really worked the blowjob buffet through the,thai whore really worked the blowjob buffet through the,is_multiword,0,2,2|3|4|5|6|7|8|9|10,1,5.499779319763183,0,1.0,,,,,,,,,,,,,,,,,,,,,,,,,,,,,,,leia the <mask> <mask> <mask> <mask> <mask> <mask> <mask> <mask> <mask> <mask> hotel lobby,▁thai ▁who re ▁really ▁worked ▁the ▁blowjob ▁buffet ▁through ▁the,10.0,4.834329892286102e-36,81.31732082366943,8.131732082366943,hotel of the the the the the the the the,3.711712980574527e-12,54.99779319763184,5.499779319763183,2.0,10.0,0.0,12.0,0.0,9.0
4057,"""leia the thai whore really worked the blowjob buffet through the hotel lobby",thai whore really worked the blowjob buffet through the hotel,thai whore really worked the blowjob buffet through the hotel,is_multiword,0,2,2|3|4|5|6|7|8|9|10|11,1,4.947260217233137,0,1.0,,,,,,,,,,,,,,,,,,,,,,,,,,,,,,,leia the <mask> <mask> <mask> <mask> <mask> <mask> <mask> <mask> <mask> <mask> <mask> lobby,▁thai ▁who re ▁really ▁worked ▁the ▁blowjob ▁buffet ▁through ▁the ▁hotel,11.0,8.216853522188438e-37,83.08946108818054,7.553587371652776,hotel of the the the the the the the the the,3.5395779975449253e-13,54.419862389564514,4.947260217233137,2.0,11.0,0.0,12.0,0.0,10.0
4057,"""leia the thai whore really worked the blowjob buffet through the hotel lobby",thai whore really worked the blowjob buffet through the hotel lobby,thai whore really worked the blowjob buffet through the hotel lobby,is_multiword,0,2,2|3|4|5|6|7|8|9|10|11|12,1,5.339309424161911,0,1.0,,,,,,,,,,,,,,,,,,,,,,,,,,,,,,,leia the <mask> <mask> <mask> <mask> <mask> <mask> <mask> <mask> <mask> <mask> <mask> <mask>,▁thai ▁who re ▁really ▁worked ▁the ▁blowjob ▁buffet ▁through ▁the ▁hotel ▁lobby,12.0,1.5711285316115001e-44,100.8619499206543,8.405162493387857,"world of the the , , , , the the . </s>",1.0524540810781767e-16,64.07171308994293,5.339309424161911,2.0,12.0,0.0,12.0,0.0,11.0
4057,"""leia the thai whore really worked the blowjob buffet through the hotel lobby",whore really,whore really,is_multiword,0,3,3|4,1,6.109691619873047,0,1.0,,,,,,,,,,,,,,,,,,,,,,,,,,,,,,,leia the thai <mask> <mask> <mask> worked the blowjob buffet through the hotel lobby,▁who re ▁really,3.0,2.4653043412358087e-11,24.42612075805664,8.142040252685547,"massage , who",0.002249503174599,18.32907485961914,6.109691619873047,3.0,4.0,0.0,12.0,0.0,2.0
4057,"""leia the thai whore really worked the blowjob buffet through the hotel lobby",whore really worked,whore really worked,is_multiword,0,3,3|4|5,1,6.666175007820129,0,1.0,,,,,,,,,,,,,,,,,,,,,,,,,,,,,,,leia the thai <mask> <mask> <mask> <mask> the blowjob buffet through the hotel lobby,▁who re ▁really ▁worked,4.0,1.3651346057709607e-16,36.53010845184326,9.132527112960815,massage massage s at,5.194067164915281e-05,26.66470003128052,6.666175007820129,3.0,5.0,0.0,12.0,0.0,3.0
4057,"""leia the thai whore really worked the blowjob buffet through the hotel lobby",whore really worked the,whore really worked the,is_multiword,0,3,3|4|5|6,1,5.670626878738403,0,1.0,,,,,,,,,,,,,,,,,,,,,,,,,,,,,,,leia the thai <mask> <mask> <mask> <mask> <mask> blowjob buffet through the hotel lobby,▁who re ▁really ▁worked ▁the,5.0,6.122278752554847e-18,39.634597301483154,7.926919460296631,massage massage s a a,1.260442131185068e-05,28.353134393692017,5.670626878738403,3.0,6.0,0.0,12.0,0.0,4.0
4057,"""leia the thai whore really worked the blowjob buffet through the hotel lobby",whore really worked the blowjob,whore really worked the blowjob,is_multiword,0,3,3|4|5|6|7,1,7.393679002920787,0,1.0,,,,,,,,,,,,,,,,,,,,,,,,,,,,,,,leia the thai <mask> <mask> <mask> <mask> <mask> <mask> buffet through the hotel lobby,▁who re ▁really ▁worked ▁the ▁blowjob,6.0,6.170965665511226e-26,58.04735708236694,9.674559513727823,food thai thai </s> Thai Thai,1.1390874884202196e-06,44.36207401752472,7.393679002920787,3.0,7.0,0.0,12.0,0.0,5.0
4057,"""leia the thai whore really worked the blowjob buffet through the hotel lobby",whore really worked the blowjob buffet,whore really worked the blowjob buffet,is_multiword,0,3,3|4|5|6|7|8,1,6.347312893186297,0,1.0,,,,,,,,,,,,,,,,,,,,,,,,,,,,,,,leia the thai <mask> <mask> <mask> <mask> <mask> <mask> <mask> through the hotel lobby,▁who re ▁really ▁worked ▁the ▁blowjob ▁buffet,7.0,1.9294826176680355e-28,63.81513071060181,9.116447244371686,land s thai </s> </s> </s> walk,3.8164679659306296e-09,44.43119025230408,6.347312893186297,3.0,8.0,0.0,12.0,0.0,6.0
4057,"""leia the thai whore really worked the blowjob buffet through the hotel lobby",whore really worked the blowjob buffet through,whore really worked the blowjob buffet through,is_multiword,0,3,3|4|5|6|7|8|9,1,7.137209534645081,0,1.0,,,,,,,,,,,,,,,,,,,,,,,,,,,,,,,leia the thai <mask> <mask> <mask> <mask> <mask> <mask> <mask> <mask> the hotel lobby,▁who re ▁really ▁worked ▁the ▁blowjob ▁buffet ▁through,8.0,1.315369531455135e-32,73.40860533714294,9.176075667142868,land thai thai </s> </s> </s> le in,8.246193368372663e-08,57.097676277160645,7.137209534645081,3.0,9.0,0.0,12.0,0.0,7.0
4057,"""leia the thai whore really worked the blowjob buffet through the hotel lobby",whore really worked the blowjob buffet through the,whore really worked the blowjob buffet through the,is_multiword,0,3,3|4|5|6|7|8|9|10,1,6.147393041186863,0,1.0,,,,,,,,,,,,,,,,,,,,,,,,,,,,,,,leia the thai <mask> <mask> <mask> <mask> <mask> <mask> <mask> <mask> <mask> hotel lobby,▁who re ▁really ▁worked ▁the ▁blowjob ▁buffet ▁through ▁the,9.0,3.37397766982568e-33,74.76921570301056,8.307690633667839,land s thai thai thai thai thai thai the,3.598753388848622e-09,55.32653737068176,6.147393041186863,3.0,10.0,0.0,12.0,0.0,8.0
4057,"""leia the thai whore really worked the blowjob buffet through the hotel lobby",whore really worked the blowjob buffet through the hotel,whore really worked the blowjob buffet through the hotel,is_multiword,0,3,3|4|5|6|7|8|9|10|11,1,5.068136942386627,0,1.0,,,,,,,,,,,,,,,,,,,,,,,,,,,,,,,leia the thai <mask> <mask> <mask> <mask> <mask> <mask> <mask> <mask> <mask> <mask> lobby,▁who re ▁really ▁worked ▁the ▁blowjob ▁buffet ▁through ▁the ▁hotel,10.0,7.546835094328293e-34,76.26676487922668,7.626676487922668,land thai thai thai thai thai thai the in the,7.733995880741453e-12,50.68136942386627,5.068136942386627,3.0,11.0,0.0,12.0,0.0,9.0
4057,"""leia the thai whore really worked the blowjob buffet through the hotel lobby",whore really worked the blowjob buffet through the hotel lobby,whore really worked the blowjob buffet through the hotel lobby,is_multiword,0,3,3|4|5|6|7|8|9|10|11|12,1,5.584369605237788,0,1.0,,,,,,,,,,,,,,,,,,,,,,,,,,,,,,,leia the thai <mask> <mask> <mask> <mask> <mask> <mask> <mask> <mask> <mask> <mask> <mask>,▁who re ▁really ▁worked ▁the ▁blowjob ▁buffet ▁through ▁the ▁hotel ▁lobby,11.0,1.274208177739753e-41,94.16366386413574,8.560333078557795,"land , , thai , , , the the . </s>",6.068904969531382e-15,61.42806565761566,5.584369605237788,3.0,12.0,0.0,12.0,0.0,10.0
4057,"""leia the thai whore really worked the blowjob buffet through the hotel lobby",really worked,really worked,is_multiword,0,4,4|5,1,6.9450643658638,1,1.0,,,,,,,,,,,,,,,,,,,,,,,,,,,,,,,leia the thai whore <mask> <mask> the blowjob buffet through the hotel lobby,▁really ▁worked,2.0,9.487131419276891e-09,18.473329544067383,9.236664772033691,to s,0.0102221247735219,13.8901287317276,6.9450643658638,4.0,5.0,0.0,12.0,0.0,2.0
4057,"""leia the thai whore really worked the blowjob buffet through the hotel lobby",really worked the,really worked the,is_multiword,0,4,4|5|6,1,5.109746476014455,0,1.0,,,,,,,,,,,,,,,,,,,,,,,,,,,,,,,leia the thai whore <mask> <mask> <mask> blowjob buffet through the hotel lobby,▁really ▁worked ▁the,3.0,1.083916273975426e-09,20.642685174942017,6.880895058314006,to a a,0.0049249273935229,15.329239428043364,5.109746476014455,4.0,6.0,0.0,12.0,0.0,3.0
4057,"""leia the thai whore really worked the blowjob buffet through the hotel lobby",really worked the blowjob,really worked the blowjob,is_multiword,0,4,4|5|6|7,1,6.254598498344421,0,1.0,,,,,,,,,,,,,,,,,,,,,,,,,,,,,,,leia the thai whore <mask> <mask> <mask> <mask> buffet through the hotel lobby,▁really ▁worked ▁the ▁blowjob,4.0,9.342971515601059e-16,34.60673713684082,8.651684284210205,and a a breakfast,6.852286015611103e-05,25.01839399337769,6.254598498344421,4.0,7.0,0.0,12.0,0.0,4.0
4057,"""leia the thai whore really worked the blowjob buffet through the hotel lobby",really worked the blowjob buffet,really worked the blowjob buffet,is_multiword,0,4,4|5|6|7|8,1,5.518102312088013,0,1.0,,,,,,,,,,,,,,,,,,,,,,,,,,,,,,,leia the thai whore <mask> <mask> <mask> <mask> <mask> through the hotel lobby,▁really ▁worked ▁the ▁blowjob ▁buffet,5.0,4.689302741075395e-19,42.20383286476135,8.44076657295227,with the the the walk,4.503137367540345e-07,27.590511560440063,5.518102312088013,4.0,8.0,0.0,12.0,0.0,5.0
4057,"""leia the thai whore really worked the blowjob buffet through the hotel lobby",really worked the blowjob buffet through,really worked the blowjob buffet through,is_multiword,0,4,4|5|6|7|8|9,1,5.818103452523549,0,1.0,,,,,,,,,,,,,,,,,,,,,,,,,,,,,,,leia the thai whore <mask> <mask> <mask> <mask> <mask> <mask> the hotel lobby,▁really ▁worked ▁the ▁blowjob ▁buffet ▁through,6.0,3.119432882465607e-22,49.51922082901001,8.253203471501669,</s> the </s> </s> s in,4.5154079496751634e-07,34.908620715141296,5.818103452523549,4.0,9.0,0.0,12.0,0.0,6.0
4057,"""leia the thai whore really worked the blowjob buffet through the hotel lobby",really worked the blowjob buffet through the,really worked the blowjob buffet through the,is_multiword,0,4,4|5|6|7|8|9|10,1,5.061286347252982,0,1.0,,,,,,,,,,,,,,,,,,,,,,,,,,,,,,,leia the thai whore <mask> <mask> <mask> <mask> <mask> <mask> <mask> hotel lobby,▁really ▁worked ▁the ▁blowjob ▁buffet ▁through ▁the,7.0,2.0380460461921242e-23,52.24746561050415,7.46392365864345,in the the the the in the,4.964038207443118e-08,35.429004430770874,5.061286347252982,4.0,10.0,0.0,12.0,0.0,7.0
4057,"""leia the thai whore really worked the blowjob buffet through the hotel lobby",really worked the blowjob buffet through the hotel,really worked the blowjob buffet through the hotel,is_multiword,0,4,4|5|6|7|8|9|10|11,1,4.313658207654953,0,1.0,,,,,,,,,,,,,,,,,,,,,,,,,,,,,,,leia the thai whore <mask> <mask> <mask> <mask> <mask> <mask> <mask> <mask> lobby,▁really ▁worked ▁the ▁blowjob ▁buffet ▁through ▁the ▁hotel,8.0,1.0706399613838154e-24,55.19378566741944,6.899223208427429,in the the the the the in the,1.0395062395661986e-09,34.509265661239624,4.313658207654953,4.0,11.0,0.0,12.0,0.0,8.0
4057,"""leia the thai whore really worked the blowjob buffet through the hotel lobby",really worked the blowjob buffet through the hotel lobby,really worked the blowjob buffet through the hotel lobby,is_multiword,0,4,4|5|6|7|8|9|10|11|12,1,5.282343241903517,0,1.0,,,,,,,,,,,,,,,,,,,,,,,,,,,,,,,leia the thai whore <mask> <mask> <mask> <mask> <mask> <mask> <mask> <mask> <mask>,▁really ▁worked ▁the ▁blowjob ▁buffet ▁through ▁the ▁hotel ▁lobby,9.0,8.623502210381804e-34,76.13340187072754,8.459266874525282,is the the thai the the the . </s>,3.823986693029155e-13,47.54108917713165,5.282343241903517,4.0,12.0,0.0,12.0,0.0,9.0
4057,"""leia the thai whore really worked the blowjob buffet through the hotel lobby",worked the,worked the,is_multiword,0,5,5|6,1,4.453632354736328,0,1.0,,,,,,,,,,,,,,,,,,,,,,,,,,,,,,,leia the thai whore really <mask> <mask> blowjob buffet through the hotel lobby,▁worked ▁the,2.0,1.2893802477620734e-05,11.258763790130615,5.629381895065308,good a,0.0952263032544124,8.907264709472656,4.453632354736328,5.0,6.0,0.0,12.0,0.0,2.0
4057,"""leia the thai whore really worked the blowjob buffet through the hotel lobby",worked the blowjob,worked the blowjob,is_multiword,0,5,5|6|7,1,5.911881685256958,0,1.0,,,,,,,,,,,,,,,,,,,,,,,,,,,,,,,leia the thai whore really <mask> <mask> <mask> buffet through the hotel lobby,▁worked ▁the ▁blowjob,3.0,3.4973686105289705e-10,21.773840069770813,7.257946689923604,good a breakfast,0.0176292642902829,17.735645055770874,5.911881685256958,5.0,7.0,0.0,12.0,0.0,3.0
4057,"""leia the thai whore really worked the blowjob buffet through the hotel lobby",worked the blowjob buffet,worked the blowjob buffet,is_multiword,0,5,5|6|7|8,1,6.2801473736763,0,1.0,,,,,,,,,,,,,,,,,,,,,,,,,,,,,,,leia the thai whore really <mask> <mask> <mask> <mask> through the hotel lobby,▁worked ▁the ▁blowjob ▁buffet,4.0,4.004363535033844e-15,33.15139174461365,8.287847936153412,nice to the walk,0.0003252871426338,25.1205894947052,6.2801473736763,5.0,8.0,0.0,12.0,0.0,4.0
4057,"""leia the thai whore really worked the blowjob buffet through the hotel lobby",worked the blowjob buffet through,worked the blowjob buffet through,is_multiword,0,5,5|6|7|8|9,1,5.5577064037323,0,1.0,,,,,,,,,,,,,,,,,,,,,,,,,,,,,,,leia the thai whore really <mask> <mask> <mask> <mask> <mask> the hotel lobby,▁worked ▁the ▁blowjob ▁buffet ▁through,5.0,2.8260138027154046e-17,38.10507941246033,7.621015882492065,nice the the s in,3.3081134465301893e-05,27.7885320186615,5.5577064037323,5.0,9.0,0.0,12.0,0.0,5.0
4057,"""leia the thai whore really worked the blowjob buffet through the hotel lobby",worked the blowjob buffet through the,worked the blowjob buffet through the,is_multiword,0,5,5|6|7|8|9|10,1,4.594502051671346,0,1.0,,,,,,,,,,,,,,,,,,,,,,,,,,,,,,,leia the thai whore really <mask> <mask> <mask> <mask> <mask> <mask> hotel lobby,▁worked ▁the ▁blowjob ▁buffet ▁through ▁the,6.0,5.982668579833267e-18,39.65766495466232,6.609610825777054,good the the the in the,5.611723621921745e-06,27.56701231002808,4.594502051671346,5.0,10.0,0.0,12.0,0.0,6.0
4057,"""leia the thai whore really worked the blowjob buffet through the hotel lobby",worked the blowjob buffet through the hotel,worked the blowjob buffet through the hotel,is_multiword,0,5,5|6|7|8|9|10|11,1,4.006782489163535,0,1.0,,,,,,,,,,,,,,,,,,,,,,,,,,,,,,,leia the thai whore really <mask> <mask> <mask> <mask> <mask> <mask> <mask> lobby,▁worked ▁the ▁blowjob ▁buffet ▁through ▁the ▁hotel,7.0,1.478078254434552e-19,43.35837399959564,6.194053428513663,nice the the the in in the,2.2416205755319517e-07,28.047477424144745,4.006782489163535,5.0,11.0,0.0,12.0,0.0,7.0
4057,"""leia the thai whore really worked the blowjob buffet through the hotel lobby",worked the blowjob buffet through the hotel lobby,worked the blowjob buffet through the hotel lobby,is_multiword,0,5,5|6|7|8|9|10|11|12,1,5.792167037725449,0,1.0,,,,,,,,,,,,,,,,,,,,,,,,,,,,,,,leia the thai whore really <mask> <mask> <mask> <mask> <mask> <mask> <mask> <mask>,▁worked ▁the ▁blowjob ▁buffet ▁through ▁the ▁hotel ▁lobby,8.0,6.703402753955251e-31,69.47752261161804,8.684690326452255,like to the the the the . .,8.919587606964186e-11,46.33733630180359,5.792167037725449,5.0,12.0,0.0,12.0,0.0,8.0
4057,"""leia the thai whore really worked the blowjob buffet through the hotel lobby",the blowjob,the blowjob,is_multiword,0,6,6|7,1,6.349397659301758,0,1.0,,,,,,,,,,,,,,,,,,,,,,,,,,,,,,,leia the thai whore really worked <mask> <mask> buffet through the hotel lobby,▁the ▁blowjob,2.0,3.6556588816711756e-07,14.821819305419922,7.410909652709961,out the,0.1196692027108911,12.698795318603516,6.349397659301758,6.0,7.0,0.0,12.0,0.0,2.0
4057,"""leia the thai whore really worked the blowjob buffet through the hotel lobby",the blowjob buffet,the blowjob buffet,is_multiword,0,6,6|7|8,1,7.091551582018535,0,1.0,,,,,,,,,,,,,,,,,,,,,,,,,,,,,,,leia the thai whore really worked <mask> <mask> <mask> through the hotel lobby,▁the ▁blowjob ▁buffet,3.0,3.805432644592752e-12,26.294591426849365,8.764863808949789,out the way,0.0066049449159437,21.274654746055603,7.091551582018535,6.0,8.0,0.0,12.0,0.0,3.0
4057,"""leia the thai whore really worked the blowjob buffet through the hotel lobby",the blowjob buffet through,the blowjob buffet through,is_multiword,0,6,6|7|8|9,1,5.504868626594544,0,1.0,,,,,,,,,,,,,,,,,,,,,,,,,,,,,,,leia the thai whore really worked <mask> <mask> <mask> <mask> the hotel lobby,▁the ▁blowjob ▁buffet ▁through,4.0,1.0350002997736057e-13,29.89920449256897,7.474801123142242,out the room in,0.0003783351987203,22.01947450637817,5.504868626594544,6.0,9.0,0.0,12.0,0.0,4.0
4057,"""leia the thai whore really worked the blowjob buffet through the hotel lobby",the blowjob buffet through the,the blowjob buffet through the,is_multiword,0,6,6|7|8|9|10,1,5.11718510389328,0,1.0,,,,,,,,,,,,,,,,,,,,,,,,,,,,,,,leia the thai whore really worked <mask> <mask> <mask> <mask> <mask> hotel lobby,▁the ▁blowjob ▁buffet ▁through ▁the,5.0,5.163537926399361e-15,32.89715440571308,6.579430881142616,out the the in the,0.0006679956567989,25.5859255194664,5.11718510389328,6.0,10.0,0.0,12.0,0.0,5.0
4057,"""leia the thai whore really worked the blowjob buffet through the hotel lobby",the blowjob buffet through the hotel,the blowjob buffet through the hotel,is_multiword,0,6,6|7|8|9|10|11,1,4.625481903553009,0,1.0,,,,,,,,,,,,,,,,,,,,,,,,,,,,,,,leia the thai whore really worked <mask> <mask> <mask> <mask> <mask> <mask> lobby,▁the ▁blowjob ▁buffet ▁through ▁the ▁hotel,6.0,5.684881635885333e-17,37.40613627433777,6.234356045722961,out the the in in the,6.42168543427502e-05,27.75289142131805,4.625481903553009,6.0,11.0,0.0,12.0,0.0,6.0
4057,"""leia the thai whore really worked the blowjob buffet through the hotel lobby",the blowjob buffet through the hotel lobby,the blowjob buffet through the hotel lobby,is_multiword,0,6,6|7|8|9|10|11|12,1,5.750911269869123,0,1.0,,,,,,,,,,,,,,,,,,,,,,,,,,,,,,,leia the thai whore really worked <mask> <mask> <mask> <mask> <mask> <mask> <mask>,▁the ▁blowjob ▁buffet ▁through ▁the ▁hotel ▁lobby,7.0,1.6127017519954102e-26,59.38930153846741,8.484185934066772,out the the the the . .,4.9054321227794245e-09,40.25637888908386,5.750911269869123,6.0,12.0,0.0,12.0,0.0,7.0
4057,"""leia the thai whore really worked the blowjob buffet through the hotel lobby",blowjob buffet,blowjob buffet,is_multiword,1,7,7|8,1,9.0595663189888,0,1.0,,,,,,,,,,,,,,,,,,,,,,,,,,,,,,,leia the thai whore really worked the <mask> <mask> through the hotel lobby,▁blowjob ▁buffet,2.0,5.77965311834881e-10,21.271507263183597,10.635753631591797,way way,0.0427504898491231,18.1191326379776,9.0595663189888,7.0,8.0,0.0,12.0,0.0,2.0
4057,"""leia the thai whore really worked the blowjob buffet through the hotel lobby",blowjob buffet through,blowjob buffet through,is_multiword,0,7,7|8|9,1,6.57532012462616,0,1.0,,,,,,,,,,,,,,,,,,,,,,,,,,,,,,,leia the thai whore really worked the <mask> <mask> <mask> the hotel lobby,▁blowjob ▁buffet ▁through,3.0,4.245598886980359e-12,26.18513822555542,8.728379408518473,best out in,0.0015660827335528,19.72596037387848,6.57532012462616,7.0,9.0,0.0,12.0,0.0,3.0
4057,"""leia the thai whore really worked the blowjob buffet through the hotel lobby",blowjob buffet through the,blowjob buffet through the,is_multiword,0,7,7|8|9|10,1,5.35879123210907,0,1.0,,,,,,,,,,,,,,,,,,,,,,,,,,,,,,,leia the thai whore really worked the <mask> <mask> <mask> <mask> hotel lobby,▁blowjob ▁buffet ▁through ▁the,4.0,1.167402779462581e-12,27.476239681243896,6.869059920310974,best in in the,0.002379000701457,21.43516492843628,5.35879123210907,7.0,10.0,0.0,12.0,0.0,4.0
4057,"""leia the thai whore really worked the blowjob buffet through the hotel lobby",blowjob buffet through the hotel,blowjob buffet through the hotel,is_multiword,0,7,7|8|9|10|11,1,5.03910818696022,0,1.0,,,,,,,,,,,,,,,,,,,,,,,,,,,,,,,leia the thai whore really worked the <mask> <mask> <mask> <mask> <mask> lobby,▁blowjob ▁buffet ▁through ▁the ▁hotel,5.0,4.9745045043626255e-15,32.93445062637329,6.586890125274659,best of the in the,0.0004355461959783,25.1955409348011,5.03910818696022,7.0,11.0,0.0,12.0,0.0,5.0
4057,"""leia the thai whore really worked the blowjob buffet through the hotel lobby",blowjob buffet through the hotel lobby,blowjob buffet through the hotel lobby,is_multiword,0,7,7|8|9|10|11|12,1,6.542921980222066,0,1.0,,,,,,,,,,,,,,,,,,,,,,,,,,,,,,,leia the thai whore really worked the <mask> <mask> <mask> <mask> <mask> <mask>,▁blowjob ▁buffet ▁through ▁the ▁hotel ▁lobby,6.0,6.796057625744471e-24,53.34569954872131,8.890949924786886,best of the the . .,7.61353803920241e-07,39.2575318813324,6.542921980222066,7.0,12.0,0.0,12.0,0.0,6.0
4057,"""leia the thai whore really worked the blowjob buffet through the hotel lobby",buffet through,buffet through,is_multiword,0,8,8|9,1,8.150675162672997,0,1.0,,,,,,,,,,,,,,,,,,,,,,,,,,,,,,,leia the thai whore really worked the blowjob <mask> <mask> the hotel lobby,▁buffet ▁through,2.0,2.6707431562095723e-08,17.438323974609375,8.719161987304688,s in,0.3207883724061575,16.301350325345993,8.150675162672997,8.0,9.0,0.0,12.0,0.0,2.0
4057,"""leia the thai whore really worked the blowjob buffet through the hotel lobby",buffet through the,buffet through the,is_multiword,0,8,8|9|10,1,5.642687400182088,0,1.0,,,,,,,,,,,,,,,,,,,,,,,,,,,,,,,leia the thai whore really worked the blowjob <mask> <mask> <mask> hotel lobby,▁buffet ▁through ▁the,3.0,2.26169855687731e-09,19.907149732112885,6.635716577370961,s in the,0.0508392018738972,16.928062200546265,5.642687400182088,8.0,10.0,0.0,12.0,0.0,3.0
4057,"""leia the thai whore really worked the blowjob buffet through the hotel lobby",buffet through the hotel,buffet through the hotel,is_multiword,0,8,8|9|10|11,1,5.831485696136952,0,1.0,,,,,,,,,,,,,,,,,,,,,,,,,,,,,,,leia the thai whore really worked the blowjob <mask> <mask> <mask> <mask> lobby,▁buffet ▁through ▁the ▁hotel,4.0,2.907252227073549e-12,26.563812732696533,6.640953183174133,in the in the,0.0392474051350245,23.32594278454781,5.831485696136952,8.0,11.0,0.0,12.0,0.0,4.0
4057,"""leia the thai whore really worked the blowjob buffet through the hotel lobby",buffet through the hotel lobby,buffet through the hotel lobby,is_multiword,0,8,8|9|10|11|12,1,6.865847396850586,0,1.0,,,,,,,,,,,,,,,,,,,,,,,,,,,,,,,leia the thai whore really worked the blowjob <mask> <mask> <mask> <mask> <mask>,▁buffet ▁through ▁the ▁hotel ▁lobby,5.0,9.192775710168667e-21,46.13586902618408,9.227173805236816,s the the . .,7.454952048225629e-06,34.32923698425293,6.865847396850586,8.0,12.0,0.0,12.0,0.0,5.0
4057,"""leia the thai whore really worked the blowjob buffet through the hotel lobby",through the,through the,is_multiword,0,9,9|10,1,5.168626576662064,0,1.0,,,,,,,,,,,,,,,,,,,,,,,,,,,,,,,leia the thai whore really worked the blowjob buffet <mask> <mask> hotel lobby,▁through ▁the,2.0,2.503599604871751e-05,10.595195926725864,5.297597963362932,in the,0.7726394463689994,10.337253153324127,5.168626576662064,9.0,10.0,0.0,12.0,0.0,2.0
4057,"""leia the thai whore really worked the blowjob buffet through the hotel lobby",through the hotel,through the hotel,is_multiword,0,9,9|10|11,1,3.1166561444600425,0,1.0,,,,,,,,,,,,,,,,,,,,,,,,,,,,,,,leia the thai whore really worked the blowjob buffet <mask> <mask> <mask> lobby,▁through ▁the ▁hotel,3.0,6.95300861567698e-06,11.876336097717283,3.958778699239095,in the the,0.079948894728073,9.349968433380129,3.1166561444600425,9.0,11.0,0.0,12.0,0.0,3.0
4057,"""leia the thai whore really worked the blowjob buffet through the hotel lobby",through the hotel lobby,through the hotel lobby,is_multiword,0,9,9|10|11|12,1,5.2270506620407104,0,1.0,,,,,,,,,,,,,,,,,,,,,,,,,,,,,,,leia the thai whore really worked the blowjob buffet <mask> <mask> <mask> <mask>,▁through ▁the ▁hotel ▁lobby,4.0,1.6638367781392581e-13,29.424479961395264,7.356119990348816,in the . .,0.0002001832595456,20.90820264816284,5.2270506620407104,9.0,12.0,0.0,12.0,0.0,4.0
4057,"""leia the thai whore really worked the blowjob buffet through the hotel lobby",the hotel,the hotel,is_multiword,0,10,10|11,1,0.0,0,1.0,,,,,,,,,,,,,,,,,,,,,,,,,,,,,,,leia the thai whore really worked the blowjob buffet through <mask> <mask> lobby,▁the ▁hotel,2.0,0.288970870946263,1.2414293885231018,0.6207146942615509,the hotel,0.288970870946263,0.0,0.0,10.0,11.0,0.0,12.0,0.0,2.0
4057,"""leia the thai whore really worked the blowjob buffet through the hotel lobby",the hotel lobby,the hotel lobby,is_multiword,0,10,10|11|12,1,5.180243015289307,0,1.0,,,,,,,,,,,,,,,,,,,,,,,,,,,,,,,leia the thai whore really worked the blowjob buffet through <mask> <mask> <mask>,▁the ▁hotel ▁lobby,3.0,2.8171328372245303e-09,19.6875461935997,6.562515397866567,the night .,0.0158146722294993,15.54072904586792,5.180243015289307,10.0,12.0,0.0,12.0,0.0,3.0
4057,"""leia the thai whore really worked the blowjob buffet through the hotel lobby",hotel lobby,hotel lobby,is_multiword,0,11,11|12,1,7.878211975097656,1,1.0,,,,,,,,,,,,,,,,,,,,,,,,,,,,,,,leia the thai whore really worked the blowjob buffet through the <mask> <mask>,▁hotel ▁lobby,2.0,1.4827043942364652e-08,18.02681303024292,9.01340651512146,night .,0.1032719911940094,15.756423950195312,7.878211975097656,11.0,12.0,0.0,12.0,0.0,2.0
4059,he was a great brawny brute of a man,brawny brute,brawny brute,is_multiword,0,4,4|5,1,6.127597236633301,0,1.0,,,,,,,,,,,,,,,,,,,,,,,,,,,,,,,he was a great <mask> <mask> <mask> <mask> <mask> of a man,▁bra w ny ▁brut e,5.0,2.031156206439601e-18,40.7379264831543,8.14758529663086,man and the the kind,4.108200774845622e-05,30.637986183166504,6.127597236633301,4.0,5.0,0.0,8.0,0.0,2.0
4059,he was a great brawny brute of a man,brawny brute of,brawny brute of,is_multiword,0,4,4|5|6,1,5.786834637324016,0,1.0,,,,,,,,,,,,,,,,,,,,,,,,,,,,,,,he was a great <mask> <mask> <mask> <mask> <mask> <mask> a man,▁bra w ny ▁brut e ▁of,6.0,7.676895518822325e-20,44.01348662376404,7.335581103960673,man and and very very of,9.211444378320092e-05,34.72100782394409,5.786834637324016,4.0,6.0,0.0,8.0,0.0,3.0
4059,he was a great brawny brute of a man,brute of,brute of,is_multiword,0,5,5|6,1,6.999417702356975,0,1.0,,,,,,,,,,,,,,,,,,,,,,,,,,,,,,,he was a great brawny <mask> <mask> <mask> a man,▁brut e ▁of,3.0,6.164595418947287e-11,23.509613513946533,7.836537837982178,and he was,0.0811577565372137,20.998253107070923,6.999417702356975,5.0,6.0,0.0,8.0,0.0,2.0
4061,i will tell my children stories of ess to get them to behave,of ess,of ess,is_multiword,0,6,6|7,1,3.615040977795919,0,1.0,,,,,,,,,,,,,,,,,,,,,,,,,,,,,,,i will tell my children stories <mask> <mask> <mask> to get them to behave,▁of ▁es s,3.0,2.148675967004299e-07,15.353243827819824,5.117747942606608,about i how,0.0110191468737194,10.845122933387756,3.615040977795919,6.0,7.0,0.0,12.0,0.0,2.0
4071,hey you wanna go bust a toot,bust a,bust a,is_multiword,0,4,4|5,1,3.2304585774739585,0,1.0,,,,,,,,,,,,,,,,,,,,,,,,,,,,,,,hey you wanna go <mask> <mask> <mask> toot,▁bu st ▁a,3.0,9.123615514186284e-09,18.512399673461918,6.170799891153972,to to you,0.0001475971520497,9.691375732421877,3.2304585774739585,4.0,5.0,0.0,6.0,0.0,2.0
4071,hey you wanna go bust a toot,bust a toot,bust a toot,is_multiword,1,4,4|5|6,1,4.801107692718506,0,1.0,,,,,,,,,,,,,,,,,,,,,,,,,,,,,,,hey you wanna go <mask> <mask> <mask> <mask> <mask>,▁bu st ▁a ▁to ot,5.0,9.113430048447632e-17,36.934197425842285,7.386839485168457,to my you you ?,2.427474935053832e-06,24.00553846359253,4.801107692718506,4.0,6.0,0.0,6.0,0.0,3.0
4071,hey you wanna go bust a toot,a toot,a toot,is_multiword,0,5,5|6,1,4.090768138567607,0,1.0,,,,,,,,,,,,,,,,,,,,,,,,,,,,,,,hey you wanna go bust <mask> <mask> <mask>,▁a ▁to ot,3.0,1.6348142297449212e-09,20.231736660003666,6.743912220001221,in me ?,0.0003493514074169,12.27230441570282,4.090768138567607,5.0,6.0,0.0,6.0,0.0,2.0
4072,"""damn raggles, look at that ass ""i love you raggles"" ""drunk raggles is coming out tonight",raggles is,raggles is,is_multiword,0,11,11|12,1,3.5532360076904297,0,1.0,,,,,,,,,,,,,,,,,,,,,,,,,,,,,,,damn raggles look at that ass i love you raggles drunk <mask> <mask> <mask> <mask> coming out tonight,▁ra ggle s ▁is,4.0,1.9923436541902349e-10,22.33653926849365,5.584134817123413,i i i s,0.000296460894761,14.21294403076172,3.5532360076904297,11.0,12.0,0.0,15.0,0.0,2.0
4072,"""damn raggles, look at that ass ""i love you raggles"" ""drunk raggles is coming out tonight",raggles is coming,raggles is coming,is_multiword,0,11,11|12|13,1,3.84855043888092,0,1.0,,,,,,,,,,,,,,,,,,,,,,,,,,,,,,,damn raggles look at that ass i love you raggles drunk <mask> <mask> <mask> <mask> <mask> out tonight,▁ra ggle s ▁is ▁coming,5.0,1.172555401188211e-13,29.77442073822021,5.954884147644043,i i i gonna you,2.667807358949194e-05,19.2427521944046,3.84855043888092,11.0,13.0,0.0,15.0,0.0,3.0
4072,"""damn raggles, look at that ass ""i love you raggles"" ""drunk raggles is coming out tonight",is coming,is coming,is_multiword,0,12,12|13,1,3.997869551181793,1,1.0,,,,,,,,,,,,,,,,,,,,,,,,,,,,,,,damn raggles look at that ass i love you raggles drunk raggles <mask> <mask> out tonight,▁is ▁coming,2.0,2.12200748653514e-05,10.760562896728516,5.380281448364258,i me,0.0629871970693067,7.995739102363586,3.997869551181793,12.0,13.0,0.0,15.0,0.0,2.0
4074,have you seen that one hillary cliton porno? she gets fucked by every member of the senate,cliton porno,cliton porno,is_multiword,0,6,6|7,1,6.676291108131409,1,1.0,,,,,,,,,,,,,,,,,,,,,,,,,,,,,,,have you seen that one hillary <mask> <mask> <mask> she gets fucked by every member of the senate,▁cli ton ▁porno,3.0,2.0750323567689066e-12,26.901044368743896,8.967014789581299,girl s when,0.001036224930478,20.028873324394223,6.676291108131409,6.0,7.0,0.0,16.0,0.0,2.0
4074,have you seen that one hillary cliton porno? she gets fucked by every member of the senate,gets fucked,gets fucked,is_multiword,0,9,9|10,1,2.7605209946632385,1,1.0,,,,,,,,,,,,,,,,,,,,,,,,,,,,,,,have you seen that one hillary cliton porno she <mask> <mask> by every member of the senate,▁gets ▁fucked,2.0,8.092150673746825e-05,9.422030925750732,4.711015462875366,is ed,0.0202219033772636,5.521041989326477,2.7605209946632385,9.0,10.0,0.0,16.0,0.0,2.0
4076,manda al pinche achichincle a cogerme un cafecito,al pinche,al pinche,is_multiword,0,1,1|2,1,3.7998414834340415,0,1.0,,,,,,,,,,,,,,,,,,,,,,,,,,,,,,,manda <mask> <mask> <mask> achichincle a cogerme un cafecito,▁al ▁pin che,3.0,3.1500826847860566e-09,19.57583713531494,6.5252790451049805,un a un,0.000281237040139,11.399524450302124,3.7998414834340415,1.0,2.0,0.0,7.0,0.0,2.0
4076,manda al pinche achichincle a cogerme un cafecito,al pinche achichincle,al pinche achichincle,is_multiword,0,1,1|2|3,1,5.493163211005075,0,1.0,,,,,,,,,,,,,,,,,,,,,,,,,,,,,,,manda <mask> <mask> <mask> <mask> <mask> <mask> <mask> a cogerme un cafecito,▁al ▁pin che ▁a chi chin cle,7.0,2.2931985595945743e-26,59.03726482391357,8.433894974844796,"a a un , , , ,",1.1481402851829912e-09,38.45214247703552,5.493163211005075,1.0,3.0,0.0,7.0,0.0,3.0
4076,manda al pinche achichincle a cogerme un cafecito,pinche achichincle,pinche achichincle,is_multiword,0,2,2|3,1,6.0208732684453325,0,1.0,,,,,,,,,,,,,,,,,,,,,,,,,,,,,,,manda al <mask> <mask> <mask> <mask> <mask> <mask> a cogerme un cafecito,▁pin che ▁a chi chin cle,6.0,7.466467077872377e-24,53.25162029266357,8.875270048777262,"meu , , , , va",3.648441397305006e-08,36.125239610672,6.0208732684453325,2.0,3.0,0.0,7.0,0.0,2.0
4076,manda al pinche achichincle a cogerme un cafecito,cogerme un,cogerme un,is_multiword,0,5,5|6,1,3.023661494255066,0,1.0,,,,,,,,,,,,,,,,,,,,,,,,,,,,,,,manda al pinche achichincle a <mask> <mask> <mask> <mask> cafecito,▁co ger me ▁un,4.0,1.1052180208358786e-10,22.925808310508728,5.731452077627182,chi ch a al,1.97736100803556e-05,12.094645977020264,3.023661494255066,5.0,6.0,0.0,7.0,0.0,2.0
4076,manda al pinche achichincle a cogerme un cafecito,cogerme un cafecito,cogerme un cafecito,is_multiword,0,5,5|6|7,1,4.9111586809158325,0,1.0,,,,,,,,,,,,,,,,,,,,,,,,,,,,,,,manda al pinche achichincle a <mask> <mask> <mask> <mask> <mask> <mask>,▁co ger me ▁un ▁cafe cito,6.0,6.814563021273394e-21,46.43522500991821,7.739204168319702,chi ch a a . .,4.273391693383396e-08,29.466952085494995,4.9111586809158325,5.0,7.0,0.0,7.0,0.0,3.0
4076,manda al pinche achichincle a cogerme un cafecito,un cafecito,un cafecito,is_multiword,0,6,6|7,1,4.74632203578949,0,1.0,,,,,,,,,,,,,,,,,,,,,,,,,,,,,,,manda al pinche achichincle a cogerme <mask> <mask> <mask>,▁un ▁cafe cito,3.0,2.052314276281828e-10,22.306882858276367,7.435627619425456,a . </s>,0.0003134355657518,14.23896610736847,4.74632203578949,6.0,7.0,0.0,7.0,0.0,2.0
4077,guy one: aw shit brotha we wonnnn guy two: oh damn,aw shit,aw shit,is_multiword,0,2,2|3,1,3.0095202128092446,0,1.0,,,,,,,,,,,,,,,,,,,,,,,,,,,,,,,guy one <mask> <mask> <mask> brotha we wonnnn guy two oh damn,▁a w ▁shit,3.0,9.765120351547246e-09,18.44444894790649,6.148149649302165,oh bro tha,8.142010628660707e-05,9.028560638427734,3.0095202128092446,2.0,3.0,0.0,10.0,0.0,2.0
4077,guy one: aw shit brotha we wonnnn guy two: oh damn,aw shit brotha,aw shit brotha,is_multiword,1,2,2|3|4,1,5.446222388744355,0,1.0,,,,,,,,,,,,,,,,,,,,,,,,,,,,,,,guy one <mask> <mask> <mask> <mask> <mask> we wonnnn guy two oh damn,▁a w ▁shit ▁bro tha,5.0,4.574911606513396e-17,37.62335920333862,7.524671840667724,oh damn </s> </s> one,3.0669335088393706e-05,27.23111194372177,5.446222388744355,2.0,4.0,0.0,10.0,0.0,3.0
4077,guy one: aw shit brotha we wonnnn guy two: oh damn,shit brotha,shit brotha,is_multiword,0,3,3|4,1,8.01904038588206,1,1.0,,,,,,,,,,,,,,,,,,,,,,,,,,,,,,,guy one aw <mask> <mask> <mask> we wonnnn guy two oh damn,▁shit ▁bro tha,3.0,6.073172965335643e-14,30.43231010437012,10.144103368123371,www w n,0.0017032979328317,24.05712115764618,8.01904038588206,3.0,4.0,0.0,10.0,0.0,2.0
4077,guy one: aw shit brotha we wonnnn guy two: oh damn,wonnnn guy,wonnnn guy,is_multiword,0,6,6|7,1,4.364320516586304,0,1.0,,,,,,,,,,,,,,,,,,,,,,,,,,,,,,,guy one aw shit brotha we <mask> <mask> <mask> <mask> two oh damn,▁won nn n ▁guy,4.0,3.053779700351031e-12,26.514641046524048,6.628660261631012,e a </s> guy,0.0001165303294541,17.457282066345215,4.364320516586304,6.0,7.0,0.0,10.0,0.0,2.0
4082,ik nif boetie,ik nif,ik nif,is_multiword,0,0,0|1,1,6.835890054702759,0,1.0,,,,,,,,,,,,,,,,,,,,,,,,,,,,,,,<mask> <mask> <mask> boetie,▁ik ▁ni f,3.0,4.007801284003905e-13,28.545363426208496,9.515121142069498," : ,",0.0003230532905587,20.50767016410828,6.835890054702759,0.0,1.0,0.0,2.0,0.0,2.0
4082,ik nif boetie,ik nif boetie,ik nif boetie,is_multiword,0,0,0|1|2,1,7.768831650416057,1,1.0,,,,,,,,,,,,,,,,,,,,,,,,,,,,,,,<mask> <mask> <mask> <mask> <mask> <mask>,▁ik ▁ni f ▁bo e tie,6.0,1.6659167792447554e-27,61.65942192077637,10.276570320129396,"</s> : ,  . </s>",2.920233657230533e-07,46.61298990249634,7.768831650416057,0.0,2.0,0.0,2.0,0.0,3.0
4082,ik nif boetie,nif boetie,nif boetie,is_multiword,0,1,1|2,1,4.746133375167847,0,1.0,,,,,,,,,,,,,,,,,,,,,,,,,,,,,,,ik <mask> <mask> <mask> <mask> <mask>,▁ni f ▁bo e tie,5.0,1.1814604208205841e-17,38.977195262908936,7.795439052581787,   . </s>,2.39065470574621e-07,23.730666875839237,4.746133375167847,1.0,2.0,0.0,2.0,0.0,2.0
4083,did you see that movie? it was soo crapulous,soo crapulous,soo crapulous,is_multiword,0,7,7|8,1,6.028700679540634,0,1.0,,,,,,,,,,,,,,,,,,,,,,,,,,,,,,,did you see that movie it was <mask> <mask> <mask> <mask>,▁soo ▁crap ul ous,4.0,2.430416092844929e-15,33.65071392059326,8.412678480148315,a good movie ?,7.221150307188105e-05,24.114802718162537,6.028700679540634,7.0,8.0,0.0,8.0,0.0,2.0
4084,damn that girl gotta boom-de-ay,gotta boom-de,gotta boom-de,is_multiword,0,3,3|4,1,5.5830492462430685,0,1.0,,,,,,,,,,,,,,,,,,,,,,,,,,,,,,,damn that girl <mask> <mask> <mask> <mask> <mask> <mask> <mask>,▁gott a ▁boom - de - ay,7.0,2.0258869464948039e-26,59.16120481491089,8.451600687844413,is s a a the . .,1.9029508222113874e-09,39.08134472370148,5.5830492462430685,3.0,4.0,0.0,4.0,0.0,2.0
4084,damn that girl gotta boom-de-ay,gotta boom-de ay,gotta boom-de ay,is_multiword,0,3,,1,,0,1.0,,,,,,,,,,,,,,,,,,,,,,,,,,,,,,,,,,,,,,,,,,,,,,
4084,damn that girl gotta boom-de-ay,boom-de ay,boom-de ay,is_multiword,0,4,,1,,0,1.0,,,,,,,,,,,,,,,,,,,,,,,,,,,,,,,,,,,,,,,,,,,,,,
4086,the high pitch of that fat fuck's abrasive voice makes me want to set myself on fire,fuck's abrasive,fuck's abrasive,is_multiword,0,6,6|7,1,2.7459023793538413,1,1.0,,,,,,,,,,,,,,,,,,,,,,,,,,,,,,,the high pitch of that fat <mask> <mask> <mask> <mask> <mask> <mask> voice makes me want to set myself on fire,▁fuck ' s ▁a bra sive,6.0,1.974003515128893e-15,33.858712673187256,5.643118778864543,", , the the s the",2.8218207902277185e-08,16.475414276123047,2.7459023793538413,6.0,7.0,0.0,16.0,0.0,2.0
4088,"kodi did not shower for a week and then ran his fingers through his cheesy cooter and zoited bill, then myles threw up",did not,did not,is_multiword,0,1,1|2,1,5.356616914272308,1,1.0,,,,,,,,,,,,,,,,,,,,,,,,,,,,,,,kodi <mask> <mask> shower for a week and then ran his fingers through his cheesy cooter and zoited bill then myles threw up,▁did ▁not,2.0,2.187002802797916e-06,13.032978534698486,6.516489267349243,had a,0.0982986774487639,10.713233828544617,5.356616914272308,1.0,2.0,0.0,22.0,0.0,2.0
4088,"kodi did not shower for a week and then ran his fingers through his cheesy cooter and zoited bill, then myles threw up",cheesy cooter,cheesy cooter,is_multiword,1,14,14|15,1,4.110840539137523,1,1.0,,,,,,,,,,,,,,,,,,,,,,,,,,,,,,,kodi did not shower for a week and then ran his fingers through his <mask> <mask> <mask> <mask> <mask> <mask> and zoited bill then myles threw up,▁che es y ▁co o ter,6.0,8.1045893922564e-18,39.35410118103027,6.559016863505046,hair and and the the s,4.17467998369561e-07,24.66504323482513,4.110840539137523,14.0,15.0,0.0,22.0,0.0,2.0
4091,"hey dave, did you hear tim hasn't found a job jet? yeah, he was telling me a fairy tale that's he's been too busy with his schedule",jet yeah,jet yeah,is_multiword,0,10,10|11,1,6.958743890126546,0,1.0,,,,,,,,,,,,,,,,,,,,,,,,,,,,,,,hey dave did you hear tim hasn't found a job <mask> <mask> <mask> he was telling me a fairy tale that's he's been too busy with his schedule,▁je t ▁yeah,3.0,1.0970202161442388e-11,25.235838413238525,8.411946137746176,? I thought,0.0127834138299567,20.87623167037964,6.958743890126546,10.0,11.0,0.0,26.0,0.0,2.0
4094,sean bragged to his friends for finally making it to home base,making it,making it,is_multiword,0,7,7|8,1,5.175790697336197,1,1.0,,,,,,,,,,,,,,,,,,,,,,,,,,,,,,,sean bragged to his friends for finally <mask> <mask> to home base,▁making ▁it,2.0,1.693160436250996e-05,10.986328601837158,5.493164300918579,return back,0.5300694691461355,10.351581394672394,5.175790697336197,7.0,8.0,0.0,11.0,0.0,2.0
4095,well fuckilydoodah,well fuckilydoodah,well fuckilydoodah,is_multiword,0,0,0|1,1,11.827991771698,1,1.0,,,,,,,,,,,,,,,,,,,,,,,,,,,,,,,<mask> <mask> <mask> <mask> <mask>,▁well ▁fuck ily dood ah,5.0,1.4057512294500594e-31,71.03956604003906,14.207913208007811,   . </s>,6.793072727646927e-06,59.13995885848999,11.827991771698,0.0,1.0,0.0,1.0,0.0,2.0
4097,cldhtewrmbld is a numetal poser queer faggot assbite cumdumpster,cldhtewrmbld is,cldhtewrmbld is,is_multiword,0,0,0|1,1,5.601675459316799,1,1.0,,,,,,,,,,,,,,,,,,,,,,,,,,,,,,,<mask> <mask> <mask> <mask> <mask> <mask> <mask> a numetal poser queer faggot assbite cumdumpster,▁cl dh te wr mb ld ▁is,7.0,1.0810682214484092e-26,59.789262771606445,8.541323253086635,Cum fuck fuck a fuck fuck in,1.1568852687132514e-09,39.21172821521759,5.601675459316799,0.0,1.0,0.0,8.0,0.0,2.0
4097,cldhtewrmbld is a numetal poser queer faggot assbite cumdumpster,numetal poser,numetal poser,is_multiword,0,3,3|4,1,10.37790298461914,0,1.0,,,,,,,,,,,,,,,,,,,,,,,,,,,,,,,cldhtewrmbld is a <mask> <mask> <mask> queer faggot assbite cumdumpster,▁nu metal ▁poser,3.0,2.0986230572611825e-17,38.40266513824463,12.800888379414875,website of a,0.0006968389856839,31.133708953857425,10.37790298461914,3.0,4.0,0.0,8.0,0.0,2.0
4097,cldhtewrmbld is a numetal poser queer faggot assbite cumdumpster,numetal poser queer,numetal poser queer,is_multiword,0,3,3|4|5,1,7.302947187423706,0,1.0,,,,,,,,,,,,,,,,,,,,,,,,,,,,,,,cldhtewrmbld is a <mask> <mask> <mask> <mask> <mask> faggot assbite cumdumpster,▁nu metal ▁poser ▁que er,5.0,3.766746647684927e-23,51.63324546813965,10.32664909362793,big - </s> </s> a,2.717157018589425e-07,36.51473593711853,7.302947187423706,3.0,5.0,0.0,8.0,0.0,3.0
4097,cldhtewrmbld is a numetal poser queer faggot assbite cumdumpster,numetal poser queer faggot,numetal poser queer faggot,is_multiword,0,3,3|4|5|6,1,6.717038665499006,0,1.0,,,,,,,,,,,,,,,,,,,,,,,,,,,,,,,cldhtewrmbld is a <mask> <mask> <mask> <mask> <mask> <mask> <mask> assbite cumdumpster,▁nu metal ▁poser ▁que er ▁fag got,7.0,1.4630819006088766e-31,70.9995927810669,10.142798968723842,very - . . . s a,3.8501568986316336e-11,47.01927065849304,6.717038665499006,3.0,6.0,0.0,8.0,0.0,4.0
4097,cldhtewrmbld is a numetal poser queer faggot assbite cumdumpster,numetal poser queer faggot assbite,numetal poser queer faggot assbite,is_multiword,0,3,3|4|5|6|7,1,7.104770792855157,0,1.0,,,,,,,,,,,,,,,,,,,,,,,,,,,,,,,cldhtewrmbld is a <mask> <mask> <mask> <mask> <mask> <mask> <mask> <mask> <mask> cumdumpster,▁nu metal ▁poser ▁que er ▁fag got ▁ass bite,9.0,2.9817826016941845e-41,93.313467502594,10.368163055843777,"free of for , , , , . the",1.756065582226659e-13,63.94293713569641,7.104770792855157,3.0,7.0,0.0,8.0,0.0,5.0
4097,cldhtewrmbld is a numetal poser queer faggot assbite cumdumpster,numetal poser queer faggot assbite cumdumpster,numetal poser queer faggot assbite cumdumpster,is_multiword,0,3,3|4|5|6|7|8,1,7.74514743914971,0,1.0,,,,,,,,,,,,,,,,,,,,,,,,,,,,,,,cldhtewrmbld is a <mask> <mask> <mask> <mask> <mask> <mask> <mask> <mask> <mask> <mask> <mask> <mask> <mask>,▁nu metal ▁poser ▁que er ▁fag got ▁ass bite ▁cum du mp ster,13.0,8.289041997693349e-61,138.3427562713623,10.641750482412483,function of of the . . . the the the the . .,4.42870412407924e-17,100.68691670894624,7.74514743914971,3.0,8.0,0.0,8.0,0.0,6.0
4097,cldhtewrmbld is a numetal poser queer faggot assbite cumdumpster,poser queer,poser queer,is_multiword,0,4,4|5,1,6.431724468866984,0,1.0,,,,,,,,,,,,,,,,,,,,,,,,,,,,,,,cldhtewrmbld is a numetal <mask> <mask> <mask> faggot assbite cumdumpster,▁poser ▁que er,3.0,5.950410456028762e-13,28.15014600753784,9.383382002512612,cum . a,0.0001426705258684,19.295173406600952,6.431724468866984,4.0,5.0,0.0,8.0,0.0,2.0
4097,cldhtewrmbld is a numetal poser queer faggot assbite cumdumpster,poser queer faggot,poser queer faggot,is_multiword,0,4,4|5|6,1,6.31745138168335,0,1.0,,,,,,,,,,,,,,,,,,,,,,,,,,,,,,,cldhtewrmbld is a numetal <mask> <mask> <mask> <mask> <mask> assbite cumdumpster,▁poser ▁que er ▁fag got,5.0,1.1621322206742025e-21,48.20403051376343,9.640806102752686," , , s a",6.0733305119183e-08,31.587256908416748,6.31745138168335,4.0,6.0,0.0,8.0,0.0,3.0
4097,cldhtewrmbld is a numetal poser queer faggot assbite cumdumpster,poser queer faggot assbite,poser queer faggot assbite,is_multiword,0,4,4|5|6|7,1,7.124520403998239,0,1.0,,,,,,,,,,,,,,,,,,,,,,,,,,,,,,,cldhtewrmbld is a numetal <mask> <mask> <mask> <mask> <mask> <mask> <mask> cumdumpster,▁poser ▁que er ▁fag got ▁ass bite,7.0,6.93558211247222e-32,71.74605798721313,10.249436855316162," , , , . . a",3.16273060734899e-10,49.87164282798767,7.124520403998239,4.0,7.0,0.0,8.0,0.0,4.0
4097,cldhtewrmbld is a numetal poser queer faggot assbite cumdumpster,poser queer faggot assbite cumdumpster,poser queer faggot assbite cumdumpster,is_multiword,0,4,4|5|6|7|8,1,7.633676713163203,0,1.0,,,,,,,,,,,,,,,,,,,,,,,,,,,,,,,cldhtewrmbld is a numetal <mask> <mask> <mask> <mask> <mask> <mask> <mask> <mask> <mask> <mask> <mask>,▁poser ▁que er ▁fag got ▁ass bite ▁cum du mp ster,11.0,7.522835905970745e-51,115.41389656066896,10.492172414606268, . . . the the the the the . .,2.209438887078877e-14,83.97044384479523,7.633676713163203,4.0,8.0,0.0,8.0,0.0,5.0
4097,cldhtewrmbld is a numetal poser queer faggot assbite cumdumpster,queer faggot,queer faggot,is_multiword,0,5,5|6,1,6.1112958788871765,0,1.0,,,,,,,,,,,,,,,,,,,,,,,,,,,,,,,cldhtewrmbld is a numetal poser <mask> <mask> <mask> <mask> assbite cumdumpster,▁que er ▁fag got,4.0,3.5123058462611004e-16,35.5850887298584,8.8962721824646,", a s her",1.452113745797555e-05,24.445183515548703,6.1112958788871765,5.0,6.0,0.0,8.0,0.0,2.0
4097,cldhtewrmbld is a numetal poser queer faggot assbite cumdumpster,queer faggot assbite,queer faggot assbite,is_multiword,0,5,5|6|7,1,6.331052343050639,0,1.0,,,,,,,,,,,,,,,,,,,,,,,,,,,,,,,cldhtewrmbld is a numetal poser <mask> <mask> <mask> <mask> <mask> <mask> cumdumpster,▁que er ▁fag got ▁ass bite,6.0,2.354407407574158e-25,56.70833826065064,9.45138971010844,". a  , , a",7.398236304692697e-09,37.98631405830383,6.331052343050639,5.0,7.0,0.0,8.0,0.0,3.0
4097,cldhtewrmbld is a numetal poser queer faggot assbite cumdumpster,queer faggot assbite cumdumpster,queer faggot assbite cumdumpster,is_multiword,0,5,5|6|7|8,1,7.356353461742401,0,1.0,,,,,,,,,,,,,,,,,,,,,,,,,,,,,,,cldhtewrmbld is a numetal poser <mask> <mask> <mask> <mask> <mask> <mask> <mask> <mask> <mask> <mask>,▁que er ▁fag got ▁ass bite ▁cum du mp ster,10.0,1.2120784131682893e-44,101.1214075088501,10.11214075088501,. the the the the the the the . .,1.075889998356075e-12,73.56353461742401,7.356353461742401,5.0,8.0,0.0,8.0,0.0,4.0
4097,cldhtewrmbld is a numetal poser queer faggot assbite cumdumpster,faggot assbite,faggot assbite,is_multiword,0,6,6|7,1,7.257226824760437,0,1.0,,,,,,,,,,,,,,,,,,,,,,,,,,,,,,,cldhtewrmbld is a numetal poser queer <mask> <mask> <mask> <mask> cumdumpster,▁fag got ▁ass bite,4.0,2.1232211059435864e-19,42.99618244171143,10.749045610427856,", , , .",8.591905235248772e-07,29.028907299041748,7.257226824760437,6.0,7.0,0.0,8.0,0.0,2.0
4097,cldhtewrmbld is a numetal poser queer faggot assbite cumdumpster,faggot assbite cumdumpster,faggot assbite cumdumpster,is_multiword,0,6,6|7|8,1,7.0024672746658325,0,1.0,,,,,,,,,,,,,,,,,,,,,,,,,,,,,,,cldhtewrmbld is a numetal poser queer <mask> <mask> <mask> <mask> <mask> <mask> <mask> <mask>,▁fag got ▁ass bite ▁cum du mp ster,8.0,2.656257175506383e-35,79.61356019973755,9.951695024967194,", . . , the the . .",5.666740136244146e-11,56.01973819732666,7.0024672746658325,6.0,8.0,0.0,8.0,0.0,3.0
4097,cldhtewrmbld is a numetal poser queer faggot assbite cumdumpster,assbite cumdumpster,assbite cumdumpster,is_multiword,0,7,7|8,1,6.250570128361384,0,1.0,,,,,,,,,,,,,,,,,,,,,,,,,,,,,,,cldhtewrmbld is a numetal poser queer faggot <mask> <mask> <mask> <mask> <mask> <mask>,▁ass bite ▁cum du mp ster,6.0,3.377460756049489e-24,54.044918060302734,9.007486343383787,"s the , , . .",6.548155806989294e-08,37.503420770168304,6.250570128361384,7.0,8.0,0.0,8.0,0.0,2.0
4099,"shut up rachel, your negative attitude is giving me an antigasm",an antigasm,an antigasm,is_multiword,0,9,9|10,1,5.3912317752838135,0,1.0,,,,,,,,,,,,,,,,,,,,,,,,,,,,,,,shut up rachel your negative attitude is giving me <mask> <mask> <mask> <mask>,▁an ▁antiga s m,4.0,7.359585586568001e-15,32.54277276992798,8.135693192481995,a to . .,1.707584495533402e-05,21.56492710113525,5.3912317752838135,9.0,10.0,0.0,10.0,0.0,2.0
4102,agim beat that kid up because he messed with his friend,kid up,kid up,is_multiword,0,3,3|4,1,1.8240991433461504,1,1.0,,,,,,,,,,,,,,,,,,,,,,,,,,,,,,,agim beat that <mask> <mask> <mask> because he messed with his friend,▁ki d ▁up,3.0,3.827221259838967e-07,14.775956630706789,4.925318876902263,guy the him,9.10903031971422e-05,5.472297430038452,1.8240991433461504,3.0,4.0,0.0,10.0,0.0,2.0
4106,"did you hear that new finnish d-beat band, they're fucking gnarly?",fucking gnarly,fucking gnarly,is_multiword,0,9,9|10,1,7.106407195329666,1,1.0,,,,,,,,,,,,,,,,,,,,,,,,,,,,,,,did you hear that new finnish d-beat band they're <mask> <mask> <mask> <mask>,▁fucking ▁g nar ly,4.0,5.150030995712717e-17,37.50494384765625,9.376235961914062,doing in with ?,0.0001139996629289,28.425628781318665,7.106407195329666,9.0,10.0,0.0,10.0,0.0,2.0
4109,"i downloaded a kool system the other day oh yeah? thats pretty kool ya i thought so , no ?",yeah thats,yeah thats,is_multiword,0,9,9|10,1,1.0196915070215862,0,1.0,,,,,,,,,,,,,,,,,,,,,,,,,,,,,,,i downloaded a kool system the other day oh <mask> <mask> <mask> pretty kool ya i thought so no,▁yeah ▁that s,3.0,0.0004460049992021,7.715180397033691,2.5717267990112305,it it s,0.0095033978493704,3.0590745210647583,1.0196915070215862,9.0,10.0,0.0,17.0,0.0,2.0
4109,"i downloaded a kool system the other day oh yeah? thats pretty kool ya i thought so , no ?",kool ya,kool ya,is_multiword,0,12,12|13,1,6.719182848930359,0,1.0,,,,,,,,,,,,,,,,,,,,,,,,,,,,,,,i downloaded a kool system the other day oh yeah thats pretty <mask> <mask> i thought so no,▁kool ▁ya,2.0,3.457693542743528e-08,17.180078983306885,8.590039491653442,cool but,0.0237134404154895,13.438365697860718,6.719182848930359,12.0,13.0,0.0,17.0,0.0,2.0
4110,aaaaaaah my labnotebook is due and its 1:04 holy mother fuckin shit kabobs on a bun,fuckin shit,fuckin shit,is_multiword,0,11,11|12,1,5.057896892229716,1,1.0,,,,,,,,,,,,,,,,,,,,,,,,,,,,,,,aaaaaaah my labnotebook is due and its 1 04 holy mother <mask> <mask> <mask> kabobs on a bun,▁fuck in ▁shit,3.0,5.054818439852621e-10,21.405508995056152,7.135169665018718,s and and,0.001965874059892,15.173690676689148,5.057896892229716,11.0,12.0,0.0,16.0,0.0,2.0
4110,aaaaaaah my labnotebook is due and its 1:04 holy mother fuckin shit kabobs on a bun,fuckin shit kabobs,fuckin shit kabobs,is_multiword,0,11,11|12|13,1,5.9998703956604,0,1.0,,,,,,,,,,,,,,,,,,,,,,,,,,,,,,,aaaaaaah my labnotebook is due and its 1 04 holy mother <mask> <mask> <mask> <mask> <mask> on a bun,▁fuck in ▁shit ▁kab obs,5.0,2.861814441801695e-19,42.69766092300415,8.53953218460083,s s a a s,3.0562895451390146e-06,29.999351978302,5.9998703956604,11.0,13.0,0.0,16.0,0.0,3.0
4110,aaaaaaah my labnotebook is due and its 1:04 holy mother fuckin shit kabobs on a bun,shit kabobs,shit kabobs,is_multiword,0,12,12|13,1,6.64215087890625,0,1.0,,,,,,,,,,,,,,,,,,,,,,,,,,,,,,,aaaaaaah my labnotebook is due and its 1 04 holy mother fuckin <mask> <mask> <mask> on a bun,▁shit ▁kab obs,3.0,4.720173756291862e-13,28.381760597229004,9.460586865743002,fuck a s,0.0002127680483481,19.92645263671875,6.64215087890625,12.0,13.0,0.0,16.0,0.0,2.0
4112,these people that consider creed and nickleback butt-rock were obviously born in the late 80's or early 90's,nickleback butt-rock,nickleback butt-rock,is_multiword,0,6,6|7,1,5.864391769681658,0,1.0,,,,,,,,,,,,,,,,,,,,,,,,,,,,,,,these people that consider creed and <mask> <mask> <mask> <mask> <mask> <mask> <mask> were obviously born in the late 80's or early 90's,▁nick le back ▁but t - rock,7.0,4.436777549860253e-27,60.67986917495728,8.66855273927961,religion as the the the </s> they,2.986610253372929e-09,41.050742387771606,5.864391769681658,6.0,7.0,0.0,17.0,0.0,2.0
4113,sarah: it doesn't get any bigger than paul's flablet,doesn't get,doesn't get,is_multiword,0,2,2|3,1,1.1374092549085617,1,1.0,,,,,,,,,,,,,,,,,,,,,,,,,,,,,,,sarah it <mask> <mask> <mask> <mask> any bigger than paul's flablet,▁doesn ' t ▁get,4.0,8.494298185450703e-05,9.373530328273771,2.3433825820684437,' ' ' be,0.0080354417053558,4.549637019634247,1.1374092549085617,2.0,3.0,0.0,8.0,0.0,2.0
4115,"purple drank up in my cup, blowin dank up in my truck",blowin dank,blowin dank,is_multiword,0,6,6|7,1,10.66595142086347,0,1.0,,,,,,,,,,,,,,,,,,,,,,,,,,,,,,,purple drank up in my cup <mask> <mask> <mask> up in my truck,▁blow in ▁dank,3.0,2.2460927382381504e-16,36.032169342041016,12.010723114013672,</s> black drank,0.0176977975481853,31.99785426259041,10.66595142086347,6.0,7.0,0.0,11.0,0.0,2.0
4115,"purple drank up in my cup, blowin dank up in my truck",blowin dank up,blowin dank up,is_multiword,0,6,6|7|8,1,7.1843500435352325,0,1.0,,,,,,,,,,,,,,,,,,,,,,,,,,,,,,,purple drank up in my cup <mask> <mask> <mask> <mask> in my truck,▁blow in ▁dank ▁up,4.0,1.8759930092695757e-15,33.90963827073574,8.477409567683935,</s> ple drank up,0.0056718604317065,28.73740017414093,7.1843500435352325,6.0,8.0,0.0,11.0,0.0,3.0
4115,"purple drank up in my cup, blowin dank up in my truck",dank up,dank up,is_multiword,0,7,7|8,1,6.025014758110046,0,1.0,,,,,,,,,,,,,,,,,,,,,,,,,,,,,,,purple drank up in my cup blowin <mask> <mask> in my truck,▁dank ▁up,2.0,1.1128651125212927e-06,13.708572685718536,6.854286342859268,' up,0.1904161822365031,12.050029516220093,6.025014758110046,7.0,8.0,0.0,11.0,0.0,2.0
4117,dick and jane were bangbors for years until jane moved out of state,out of,out of,is_multiword,0,10,10|11,1,4.562923304736614,1,1.0,,,,,,,,,,,,,,,,,,,,,,,,,,,,,,,dick and jane were bangbors for years until jane moved <mask> <mask> state,▁out ▁of,2.0,4.559211834860111e-05,9.99577569961548,4.997887849807739,to another,0.4189812580957129,9.125846609473228,4.562923304736614,10.0,11.0,0.0,12.0,0.0,2.0
4118,"yo man, lets gleep that shit",yo man,yo man,is_multiword,0,0,0|1,1,7.058164417743683,1,1.0,,,,,,,,,,,,,,,,,,,,,,,,,,,,,,,<mask> <mask> lets gleep that shit,▁yo ▁man,2.0,3.1714392791908024e-08,17.26649522781372,8.63324761390686,"So ,",0.0428449971951393,14.116328835487366,7.058164417743683,0.0,1.0,0.0,5.0,0.0,2.0
4118,"yo man, lets gleep that shit",lets gleep,lets gleep,is_multiword,0,2,2|3,1,6.303666889667511,0,1.0,,,,,,,,,,,,,,,,,,,,,,,,,,,,,,,yo man <mask> <mask> <mask> <mask> that shit,▁let s ▁gle ep,4.0,5.094973058527545e-16,35.213107109069824,8.803276777267456,", man fuck all",4.547082936797652e-05,25.214667558670044,6.303666889667511,2.0,3.0,0.0,5.0,0.0,2.0
4119,"man, that girls an azolie",an azolie,an azolie,is_multiword,0,3,3|4,1,8.67669677734375,0,1.0,,,,,,,,,,,,,,,,,,,,,,,,,,,,,,,man that girls <mask> <mask> <mask>,▁an ▁az olie,3.0,1.3955534165525569e-15,34.205485343933105,11.4018284479777,like sex </s>,0.000281495242263,26.03009033203125,8.67669677734375,3.0,4.0,0.0,4.0,0.0,2.0
4120,nice car; is it chipped yet?,chipped yet,chipped yet,is_multiword,0,4,4|5,1,8.50542696317037,1,1.0,,,,,,,,,,,,,,,,,,,,,,,,,,,,,,,nice car is it <mask> <mask> <mask>,▁chi pped ▁yet,3.0,6.805630986699711e-15,32.621026039123535,10.873675346374512,nice nice .,0.0008211989514983,25.51628088951111,8.50542696317037,4.0,5.0,0.0,5.0,0.0,2.0
4121,francine wallpapered her living room in gianni versace ads and herb ritts photos; she is such an evangelista,ritts photos,ritts photos,is_multiword,0,11,11|12,1,6.535681446393331,0,1.0,,,,,,,,,,,,,,,,,,,,,,,,,,,,,,,francine wallpapered her living room in gianni versace ads and herb <mask> <mask> <mask> she is such an evangelista,▁rit ts ▁photos,3.0,6.545614425578974e-11,23.44964075088501,7.81654691696167,wallpaper s why,0.0214378674922985,19.607044339179996,6.535681446393331,11.0,12.0,0.0,17.0,0.0,2.0
4121,francine wallpapered her living room in gianni versace ads and herb ritts photos; she is such an evangelista,such an,such an,is_multiword,0,15,15|16,1,3.735784634947777,0,1.0,,,,,,,,,,,,,,,,,,,,,,,,,,,,,,,francine wallpapered her living room in gianni versace ads and herb ritts photos she is <mask> <mask> evangelista,▁such ▁an,2.0,0.0001429699361713,8.85287618637085,4.426438093185425,a an,0.251249975662307,7.471569269895554,3.735784634947777,15.0,16.0,0.0,17.0,0.0,2.0
4123,"oh him? no, we're not dating; we have a colorful friendship",oh him,oh him,is_multiword,0,0,0|1,1,4.085748851299286,0,1.0,,,,,,,,,,,,,,,,,,,,,,,,,,,,,,,<mask> <mask> no we're not dating we have a colorful friendship,▁oh ▁him,2.0,7.612721482425302e-06,11.78568983078003,5.892844915390015,yes :,0.0269386794286769,8.171497702598572,4.085748851299286,0.0,1.0,0.0,10.0,0.0,2.0
4126,haha your such a handwhore,haha your,haha your,is_multiword,0,0,0|1,1,8.433963865041733,1,1.0,,,,,,,,,,,,,,,,,,,,,,,,,,,,,,,<mask> <mask> such a handwhore,▁haha ▁your,2.0,2.118557583459277e-09,19.972530364990234,9.986265182495115,I is,0.0448423337976057,16.867927730083466,8.433963865041733,0.0,1.0,0.0,4.0,0.0,2.0
4126,haha your such a handwhore,haha your such,haha your such,is_multiword,0,0,0|1|2,1,6.0678261915842695,0,1.0,,,,,,,,,,,,,,,,,,,,,,,,,,,,,,,<mask> <mask> <mask> a handwhore,▁haha ▁your ▁such,3.0,2.113801621095287e-12,26.882533073425293,8.960844357808432,I to in,0.0001701118325488,18.203478574752808,6.0678261915842695,0.0,2.0,0.0,4.0,0.0,3.0
4126,haha your such a handwhore,haha your such a,haha your such a,is_multiword,0,0,0|1|2|3,1,6.006890773773193,0,1.0,,,,,,,,,,,,,,,,,,,,,,,,,,,,,,,<mask> <mask> <mask> <mask> handwhore,▁haha ▁your ▁such ▁a,4.0,2.34578833073731e-16,35.98873996734619,8.997184991836548," :  ,",6.387440789305787e-06,24.027563095092773,6.006890773773193,0.0,3.0,0.0,4.0,0.0,4.0
4126,haha your such a handwhore,haha your such a handwhore,haha your such a handwhore,is_multiword,0,0,0|1|2|3|4,1,8.275815333638873,0,1.0,,,,,,,,,,,,,,,,,,,,,,,,,,,,,,,<mask> <mask> <mask> <mask> <mask> <mask> <mask>,▁haha ▁your ▁such ▁a ▁hand w hore,7.0,6.610383701177651e-34,76.39925146102905,10.914178780147008,</s> : : </s> . . </s>,9.532640115814444e-09,57.93070733547211,8.275815333638873,0.0,4.0,0.0,4.0,0.0,5.0
4126,haha your such a handwhore,your such,your such,is_multiword,0,1,1|2,1,4.648954212665558,0,1.0,,,,,,,,,,,,,,,,,,,,,,,,,,,,,,,haha <mask> <mask> a handwhore,▁your ▁such,2.0,1.32502710206295e-06,13.534077644348145,6.767038822174072,I is,0.0144628900219367,9.297908425331116,4.648954212665558,1.0,2.0,0.0,4.0,0.0,2.0
4126,haha your such a handwhore,your such a,your such a,is_multiword,0,1,1|2|3,1,3.9179955323537192,0,1.0,,,,,,,,,,,,,,,,,,,,,,,,,,,,,,,haha <mask> <mask> <mask> handwhore,▁your ▁such ▁a,3.0,1.1294033773766155e-09,20.601576328277588,6.867192109425862,", , the",0.0001437277416148,11.753986597061155,3.9179955323537192,1.0,3.0,0.0,4.0,0.0,3.0
4126,haha your such a handwhore,your such a handwhore,your such a handwhore,is_multiword,0,1,1|2|3|4,1,7.316090861956279,0,1.0,,,,,,,,,,,,,,,,,,,,,,,,,,,,,,,haha <mask> <mask> <mask> <mask> <mask> <mask>,▁your ▁such ▁a ▁hand w hore,6.0,4.796648617017312e-26,58.29929494857788,9.716549158096312,", , , , . .",5.558597755011708e-07,43.89654517173767,7.316090861956279,1.0,4.0,0.0,4.0,0.0,4.0
4126,haha your such a handwhore,such a,such a,is_multiword,0,2,2|3,1,3.717002868652344,1,1.0,,,,,,,,,,,,,,,,,,,,,,,,,,,,,,,haha your <mask> <mask> handwhore,▁such ▁a,2.0,1.3410060595054466e-06,13.522090435028076,6.761045217514038,best is,0.0022697520155139,7.434005737304687,3.717002868652344,2.0,3.0,0.0,4.0,0.0,2.0
4126,haha your such a handwhore,such a handwhore,such a handwhore,is_multiword,0,2,2|3|4,1,6.559037804603577,0,1.0,,,,,,,,,,,,,,,,,,,,,,,,,,,,,,,haha your <mask> <mask> <mask> <mask> <mask>,▁such ▁a ▁hand w hore,5.0,9.488733869291563e-21,46.10418176651001,9.220836353302,s is . . </s>,1.6595024266790912e-06,32.79518902301788,6.559037804603577,2.0,4.0,0.0,4.0,0.0,3.0
4126,haha your such a handwhore,a handwhore,a handwhore,is_multiword,0,3,3|4,1,5.435031980276108,0,1.0,,,,,,,,,,,,,,,,,,,,,,,,,,,,,,,haha your such <mask> <mask> <mask> <mask>,▁a ▁hand w hore,4.0,6.123712364626885e-14,30.42402279376984,7.606005698442459,a cute . </s>,0.000169290417241,21.74012792110443,5.435031980276108,3.0,4.0,0.0,4.0,0.0,2.0
4127,"""is that an f.m.w.t. at the bar ""let me get a closer look"" comes back ""yeah, you were right",f m,f m,is_multiword,0,3,3|4,1,2.8399927616119385,0,1.0,,,,,,,,,,,,,,,,,,,,,,,,,,,,,,,is that an <mask> <mask> w t at the bar let me get a closer look comes back yeah you were right,▁f ▁m,2.0,2.605448228856772e-05,10.555320739746094,5.277660369873047, you,0.0076325352380594,5.679985523223877,2.8399927616119385,3.0,4.0,0.0,21.0,0.0,2.0
4127,"""is that an f.m.w.t. at the bar ""let me get a closer look"" comes back ""yeah, you were right",f m w,f m w,is_multiword,0,3,3|4|5,1,3.0276882648468018,0,1.0,,,,,,,,,,,,,,,,,,,,,,,,,,,,,,,is that an <mask> <mask> <mask> t at the bar let me get a closer look comes back yeah you were right,▁f ▁m ▁w,3.0,3.600289239860622e-08,17.13966655731201,5.713222185770671, you i,0.0003170022257647,9.083064794540403,3.0276882648468018,3.0,5.0,0.0,21.0,0.0,3.0
4127,"""is that an f.m.w.t. at the bar ""let me get a closer look"" comes back ""yeah, you were right",f m w t,f m w t,is_multiword,1,3,3|4|5|6,1,5.63379967212677,0,1.0,,,,,,,,,,,,,,,,,,,,,,,,,,,,,,,is that an <mask> <mask> <mask> <mask> at the bar let me get a closer look comes back yeah you were right,▁f ▁m ▁w ▁t,4.0,1.962997822541836e-15,33.86430358886719,8.466075897216797, you you you,1.2018001582679731e-05,22.53519868850708,5.63379967212677,3.0,6.0,0.0,21.0,0.0,4.0
4127,"""is that an f.m.w.t. at the bar ""let me get a closer look"" comes back ""yeah, you were right",m w,m w,is_multiword,0,4,4|5,1,2.492225646972656,0,1.0,,,,,,,,,,,,,,,,,,,,,,,,,,,,,,,is that an f <mask> <mask> t at the bar let me get a closer look comes back yeah you were right,▁m ▁w,2.0,5.9739547525063664e-05,9.725516319274902,4.862758159637451, n,0.0087293442602116,4.9844512939453125,2.492225646972656,4.0,5.0,0.0,21.0,0.0,2.0
4127,"""is that an f.m.w.t. at the bar ""let me get a closer look"" comes back ""yeah, you were right",m w t,m w t,is_multiword,0,4,4|5|6,1,6.570080757141113,1,1.0,,,,,,,,,,,,,,,,,,,,,,,,,,,,,,,is that an f <mask> <mask> <mask> at the bar let me get a closer look comes back yeah you were right,▁m ▁w ▁t,3.0,2.3341732820763825e-12,26.78336334228516,8.927787780761719,law of you,0.0008475836081748,19.71024227142334,6.570080757141113,4.0,6.0,0.0,21.0,0.0,3.0
4127,"""is that an f.m.w.t. at the bar ""let me get a closer look"" comes back ""yeah, you were right",w t,w t,is_multiword,0,5,5|6,1,1.6969947814941406,0,1.0,,,,,,,,,,,,,,,,,,,,,,,,,,,,,,,is that an f m <mask> <mask> at the bar let me get a closer look comes back yeah you were right,▁w ▁t,2.0,8.630700996895149e-05,9.35759973526001,4.678799867630005,a me,0.0025706148375884,3.393989562988281,1.6969947814941406,5.0,6.0,0.0,21.0,0.0,2.0
4129,"'hey joe, how's elly? you actually birding her now?' 'yeah think so we speak pretty much every night now'",speak pretty,speak pretty,is_multiword,0,13,13|14,1,3.086887240409851,0,1.0,,,,,,,,,,,,,,,,,,,,,,,,,,,,,,,hey joe how's elly you actually birding her now ' 'yeah think so <mask> <mask> pretty much every night now,▁we ▁speak,2.0,4.607003829403173e-05,9.985347747802734,4.992673873901367,i am,0.022113361354224,6.173774480819702,3.086887240409851,13.0,14.0,0.0,19.0,0.0,2.0
4129,"'hey joe, how's elly? you actually birding her now?' 'yeah think so we speak pretty much every night now'",speak pretty much,speak pretty much,is_multiword,0,13,13|14|15,1,1.95992910861969,0,1.0,,,,,,,,,,,,,,,,,,,,,,,,,,,,,,,hey joe how's elly you actually birding her now ' 'yeah think so <mask> <mask> <mask> much every night now,▁we ▁speak ▁pretty,3.0,1.5333567991466208e-05,11.085466146469116,3.695155382156372,she sleep pretty,0.0054853256247424,5.87978732585907,1.95992910861969,13.0,15.0,0.0,19.0,0.0,3.0
4129,"'hey joe, how's elly? you actually birding her now?' 'yeah think so we speak pretty much every night now'",pretty much,pretty much,is_multiword,0,14,14|15,1,1.700613021850586,0,1.0,,,,,,,,,,,,,,,,,,,,,,,,,,,,,,,hey joe how's elly you actually birding her now ' 'yeah think so we <mask> <mask> much every night now,▁speak ▁pretty,2.0,0.001979209097947,6.22505795955658,3.11252897977829,talk pretty,0.0593779748078524,3.401226043701172,1.700613021850586,14.0,15.0,0.0,19.0,0.0,2.0
4130,darrell picked up his latest friend with benefits while on a booty safari at the mall,picked up,picked up,is_multiword,0,1,1|2,1,6.372657656669617,1,1.0,,,,,,,,,,,,,,,,,,,,,,,,,,,,,,,darrell <mask> <mask> his latest friend with benefits while on a booty safari at the mall,▁picked ▁up,2.0,5.000978867502206e-08,16.811047077178955,8.405523538589478,star s,0.0171504346127543,12.745315313339232,6.372657656669617,1.0,2.0,0.0,15.0,0.0,2.0
4138,she is one bodacious babe,one bodacious,one bodacious,is_multiword,0,2,2|3,1,5.014814287424088,0,1.0,,,,,,,,,,,,,,,,,,,,,,,,,,,,,,,she is <mask> <mask> <mask> <mask> babe,▁one ▁bo da cious,4.0,5.365721683030665e-13,28.253575325012207,7.063393831253052,a pretty and sexy,0.0002762185451527,20.05925714969635,5.014814287424088,2.0,3.0,0.0,4.0,0.0,2.0
4138,she is one bodacious babe,one bodacious babe,one bodacious babe,is_multiword,0,2,2|3|4,1,5.194104743003845,0,1.0,,,,,,,,,,,,,,,,,,,,,,,,,,,,,,,she is <mask> <mask> <mask> <mask> <mask>,▁one ▁bo da cious ▁babe,5.0,2.163217813933546e-17,38.37234973907471,7.674469947814941,a a and . .,4.11107492774025e-06,25.970523715019223,5.194104743003845,2.0,4.0,0.0,4.0,0.0,3.0
4138,she is one bodacious babe,bodacious babe,bodacious babe,is_multiword,0,3,3|4,1,7.552672281861305,1,1.0,,,,,,,,,,,,,,,,,,,,,,,,,,,,,,,she is one <mask> <mask> <mask> <mask>,▁bo da cious ▁babe,4.0,7.691737962837446e-17,37.10379981994629,9.275949954986572,of my best .,0.0010147523438156,30.21068912744522,7.552672281861305,3.0,4.0,0.0,4.0,0.0,2.0
4140,"man, those kids looks like creatures",kids looks,kids looks,is_multiword,0,2,2|3,1,4.912858992815018,1,1.0,,,,,,,,,,,,,,,,,,,,,,,,,,,,,,,man those <mask> <mask> like creatures,▁kids ▁looks,2.0,7.921505821915644e-06,11.74592924118042,5.87296462059021,who are,0.146575993867099,9.825717985630035,4.912858992815018,2.0,3.0,0.0,5.0,0.0,2.0
4143,jimmy--wow your a complete fangus,complete fangus,complete fangus,is_multiword,0,4,,1,,0,1.0,,,,,,,,,,,,,,,,,,,,,,,,,,,,,,,,,,,,,,,,,,,,,,
4144,"i could live in halstead, but i'd rather live in flagler house",i'd rather,i'd rather,is_multiword,0,6,6|7,1,2.435054689645767,1,1.0,,,,,,,,,,,,,,,,,,,,,,,,,,,,,,,i could live in halstead but <mask> <mask> <mask> <mask> live in flagler house,▁i ' d ▁rather,4.0,6.334914450185895e-07,14.27201934158802,3.568004835397005,i wouldn i to,0.0107612820361507,9.740218758583069,2.435054689645767,6.0,7.0,0.0,11.0,0.0,2.0
4145,- man whats with all them straight lines - oh he must be a cubist - how odd,man whats,man whats,is_multiword,0,0,0|1,1,3.0983415444691977,0,1.0,,,,,,,,,,,,,,,,,,,,,,,,,,,,,,,<mask> <mask> <mask> with all them straight lines - oh he must be a cubist - how odd,▁man ▁what s,3.0,3.9383161973410896e-08,17.049927473068237,5.683309157689412,the the -,0.0004286358475732,9.295024633407593,3.0983415444691977,0.0,1.0,0.0,16.0,0.0,2.0
4150,some little wanksta came up in herre throwin up the rollin 60s gang sign and we blasted his lil ass,herre throwin,herre throwin,is_multiword,0,6,6|7,1,10.487272063891092,0,1.0,,,,,,,,,,,,,,,,,,,,,,,,,,,,,,,some little wanksta came up in <mask> <mask> <mask> up the rollin 60s gang sign and we blasted his lil ass,▁herre ▁throw in,3.0,5.3685259279955665e-17,37.463393211364746,12.487797737121582,the and walked,0.0024748462163711,31.46181619167328,10.487272063891092,6.0,7.0,0.0,19.0,0.0,2.0
4150,some little wanksta came up in herre throwin up the rollin 60s gang sign and we blasted his lil ass,herre throwin up,herre throwin up,is_multiword,0,6,6|7|8,1,8.087317496538162,0,1.0,,,,,,,,,,,,,,,,,,,,,,,,,,,,,,,some little wanksta came up in <mask> <mask> <mask> <mask> the rollin 60s gang sign and we blasted his lil ass,▁herre ▁throw in ▁up,4.0,1.4882217568043709e-18,41.04894971847534,10.262237429618835,the street s on,0.0001666391715827,32.34926998615265,8.087317496538162,6.0,8.0,0.0,19.0,0.0,3.0
4150,some little wanksta came up in herre throwin up the rollin 60s gang sign and we blasted his lil ass,throwin up,throwin up,is_multiword,0,7,7|8,1,5.493607680002849,0,1.0,,,,,,,,,,,,,,,,,,,,,,,,,,,,,,,some little wanksta came up in herre <mask> <mask> <mask> the rollin 60s gang sign and we blasted his lil ass,▁throw in ▁up,3.0,8.430234749278574e-11,23.196611404418945,7.732203801472981,s s on,0.0012116304289901,16.480823040008545,5.493607680002849,7.0,8.0,0.0,19.0,0.0,2.0
4150,some little wanksta came up in herre throwin up the rollin 60s gang sign and we blasted his lil ass,lil ass,lil ass,is_multiword,0,19,,1,,0,1.0,,,,,,,,,,,,,,,,,,,,,,,,,,,,,,,,,,,,,,,,,,,,,,
4151,you're such an esil sometimes,such an,such an,is_multiword,0,1,1|2,1,4.216199845075607,0,1.0,,,,,,,,,,,,,,,,,,,,,,,,,,,,,,,you're <mask> <mask> esil sometimes,▁such ▁an,2.0,1.2895886900848106e-05,11.258602142333984,5.629301071166992,gonna to,0.0592373838653304,8.432399690151215,4.216199845075607,1.0,2.0,0.0,4.0,0.0,2.0
4151,you're such an esil sometimes,such an esil,such an esil,is_multiword,0,1,1|2|3,1,5.517505496740341,1,1.0,,,,,,,,,,,,,,,,,,,,,,,,,,,,,,,you're <mask> <mask> <mask> <mask> sometimes,▁such ▁an ▁es il,4.0,8.726685656147246e-15,32.37239074707031,8.093097686767578,gonna to to you,3.355352073510262e-05,22.070021986961365,5.517505496740341,1.0,3.0,0.0,4.0,0.0,3.0
4151,you're such an esil sometimes,an esil,an esil,is_multiword,0,2,2|3,1,4.706794619560242,0,1.0,,,,,,,,,,,,,,,,,,,,,,,,,,,,,,,you're such <mask> <mask> <mask> sometimes,▁an ▁es il,3.0,2.7429496857905304e-09,19.714231967926025,6.571410655975342,a  person,0.0037206826880358,14.120383858680723,4.706794619560242,2.0,3.0,0.0,4.0,0.0,2.0
4154,the angry snowman on ps3 is angrysnowman the angry snowman on xbox live is the angrysnowman,ps 3,ps 3,is_multiword,0,4,4|5,1,5.480230928088228,1,1.0,,,,,,,,,,,,,,,,,,,,,,,,,,,,,,,the angry snowman on <mask> <mask> <mask> angrysnowman the angry snowman on xbox live is the angrysnowman,▁ps 3 ▁is,3.0,2.7463499082396363e-08,17.41040802001953,5.803469340006511,x is the,0.3791910027701032,16.440692784264684,5.480230928088228,4.0,5.0,0.0,15.0,0.0,2.0
4159,"'dude im wigging out, pack the next bowl with green velvet so i can chill out a bit'",dude im,dude im,is_multiword,0,0,0|1,1,6.974179645379384,0,1.0,,,,,,,,,,,,,,,,,,,,,,,,,,,,,,,<mask> <mask> <mask> wigging out pack the next bowl with green velvet so i can chill out a bit,▁du de ▁im,3.0,1.1578431103755605e-11,25.18187713623047,8.393959045410156,i i after,0.0141316516419144,20.922538936138157,6.974179645379384,0.0,1.0,0.0,17.0,0.0,2.0
4159,"'dude im wigging out, pack the next bowl with green velvet so i can chill out a bit'",dude im wigging,dude im wigging,is_multiword,0,0,0|1|2,1,7.313303196430207,0,1.0,,,,,,,,,,,,,,,,,,,,,,,,,,,,,,,<mask> <mask> <mask> <mask> <mask> out pack the next bowl with green velvet so i can chill out a bit,▁du de ▁im ▁wi gging,5.0,2.4967283991277773e-19,42.83413553237915,8.56682710647583,i i i i chill,0.0018967383037612,36.56651598215103,7.313303196430207,0.0,2.0,0.0,17.0,0.0,3.0
4159,"'dude im wigging out, pack the next bowl with green velvet so i can chill out a bit'",dude im wigging out,dude im wigging out,is_multiword,0,0,0|1|2|3,1,7.874750862518947,0,1.0,,,,,,,,,,,,,,,,,,,,,,,,,,,,,,,<mask> <mask> <mask> <mask> <mask> <mask> pack the next bowl with green velvet so i can chill out a bit,▁du de ▁im ▁wi gging ▁out,6.0,9.03256459967169e-25,55.36379098892212,9.227298498153688,i i i i i i,0.0002989345772172,47.24850517511368,7.874750862518947,0.0,3.0,0.0,17.0,0.0,4.0
4159,"'dude im wigging out, pack the next bowl with green velvet so i can chill out a bit'",im wigging,im wigging,is_multiword,0,1,1|2,1,7.171752671400706,0,1.0,,,,,,,,,,,,,,,,,,,,,,,,,,,,,,,dude <mask> <mask> <mask> out pack the next bowl with green velvet so i can chill out a bit,▁im ▁wi gging,3.0,2.069076566845261e-11,24.601333618164062,8.200444539388021,i i me,0.0456808729381777,21.51525801420212,7.171752671400706,1.0,2.0,0.0,17.0,0.0,2.0
4159,"'dude im wigging out, pack the next bowl with green velvet so i can chill out a bit'",im wigging out,im wigging out,is_multiword,0,1,1|2|3,1,7.607229292392731,0,1.0,,,,,,,,,,,,,,,,,,,,,,,,,,,,,,,dude <mask> <mask> <mask> <mask> pack the next bowl with green velvet so i can chill out a bit,▁im ▁wi gging ▁out,4.0,8.543902415433389e-16,34.69614362716675,8.674035906791687,i i i i,0.0140206160492481,30.428917169570923,7.607229292392731,1.0,3.0,0.0,17.0,0.0,3.0
4159,"'dude im wigging out, pack the next bowl with green velvet so i can chill out a bit'",wigging out,wigging out,is_multiword,0,2,2|3,1,8.394486665725708,1,1.0,,,,,,,,,,,,,,,,,,,,,,,,,,,,,,,dude im <mask> <mask> <mask> pack the next bowl with green velvet so i can chill out a bit,▁wi gging ▁out,3.0,3.83392582425522e-13,28.58971691131592,9.529905637105308,gonna i to,0.0331651081799564,25.183459997177124,8.394486665725708,2.0,3.0,0.0,17.0,0.0,2.0
4159,"'dude im wigging out, pack the next bowl with green velvet so i can chill out a bit'",chill out,chill out,is_multiword,0,14,14|15,1,2.0407389402389526,1,1.0,,,,,,,,,,,,,,,,,,,,,,,,,,,,,,,dude im wigging out pack the next bowl with green velvet so i can <mask> <mask> a bit,▁chill ▁out,2.0,7.662266979379278e-05,9.476617574691772,4.738308787345886,spread it,0.0045385863402636,4.081477880477905,2.0407389402389526,14.0,15.0,0.0,17.0,0.0,2.0
4161,"yo, i was munchin on some nasty ho jam last nizzle",munchin on,munchin on,is_multiword,0,3,3|4,1,5.441150665283203,0,1.0,,,,,,,,,,,,,,,,,,,,,,,,,,,,,,,yo i was <mask> <mask> <mask> some nasty ho jam last nizzle,▁mun chin ▁on,3.0,6.828402120097069e-12,25.709930419921875,8.569976806640625,na i ho,8.385022183576444e-05,16.32345199584961,5.441150665283203,3.0,4.0,0.0,10.0,0.0,2.0
4161,"yo, i was munchin on some nasty ho jam last nizzle",nasty ho,nasty ho,is_multiword,0,6,6|7,1,6.296770612398784,1,1.0,,,,,,,,,,,,,,,,,,,,,,,,,,,,,,,yo i was munchin on some <mask> <mask> <mask> jam last nizzle,▁na sty ▁ho,3.0,1.6114791318526157e-11,24.85128355026245,8.283761183420816,time i i,0.0025774062554704,18.89031183719635,6.296770612398784,6.0,7.0,0.0,10.0,0.0,2.0
4167,"man i was so high, i had bowlcrastination",so high,so high,is_multiword,0,3,3|4,1,4.342967987060547,0,1.0,,,,,,,,,,,,,,,,,,,,,,,,,,,,,,,man i was <mask> <mask> i had bowlcrastination,▁so ▁high,2.0,5.286371492675032e-06,12.150378465652466,6.075189232826233,young when,0.0312904452526704,8.685935974121094,4.342967987060547,3.0,4.0,0.0,7.0,0.0,2.0
4169,"wow, those two kids anthony and kevin really had a lot of hard butt piracy last night",butt piracy,butt piracy,is_multiword,1,13,13|14,1,7.840709567070007,0,1.0,,,,,,,,,,,,,,,,,,,,,,,,,,,,,,,wow those two kids anthony and kevin really had a lot of hard <mask> <mask> <mask> <mask> last night,▁but t ▁pira cy,4.0,9.63611108604862e-18,39.18101406097412,9.79525351524353,work s the them,0.0004023549926625,31.36283826828003,7.840709567070007,13.0,14.0,0.0,16.0,0.0,2.0
4172,damn i so wanna be an ashal o yes yes give me that ashal i wish to be an ashal and take over the world,so wanna,so wanna,is_multiword,0,2,2|3,1,3.9879023879766464,0,1.0,,,,,,,,,,,,,,,,,,,,,,,,,,,,,,,damn i <mask> <mask> <mask> be an ashal o yes yes give me that ashal i wish to be an ashal and take over the world,▁so ▁wan na,3.0,3.020787745938783e-07,15.012578010559082,5.00419267018636,wish want to,0.0474124300826383,11.96370716392994,3.9879023879766464,2.0,3.0,0.0,24.0,0.0,2.0
4172,damn i so wanna be an ashal o yes yes give me that ashal i wish to be an ashal and take over the world,ashal o,ashal o,is_multiword,0,6,6|7,1,1.437702178955078,0,1.0,,,,,,,,,,,,,,,,,,,,,,,,,,,,,,,damn i so wanna be an <mask> <mask> <mask> yes yes give me that ashal i wish to be an ashal and take over the world,▁as hal ▁o,3.0,0.0011802099530503,6.74206293001771,2.2473543100059032,as hal yes,0.0881287563815,4.313106536865234,1.437702178955078,6.0,7.0,0.0,24.0,0.0,2.0
4172,damn i so wanna be an ashal o yes yes give me that ashal i wish to be an ashal and take over the world,take over,take over,is_multiword,0,21,21|22,1,2.613618850708008,1,1.0,,,,,,,,,,,,,,,,,,,,,,,,,,,,,,,damn i so wanna be an ashal o yes yes give me that ashal i wish to be an ashal and <mask> <mask> the world,▁take ▁over,2.0,8.313963505510282e-05,9.394989013671877,4.6974945068359375,be in,0.0154870465290925,5.227237701416016,2.613618850708008,21.0,22.0,0.0,24.0,0.0,2.0
4173,i think they want me to hand bomb these pieces since they dont let me use a fork lift anymore,dont let,dont let,is_multiword,0,12,12|13,1,0.0,0,1.0,,,,,,,,,,,,,,,,,,,,,,,,,,,,,,,i think they want me to hand bomb these pieces since they <mask> <mask> me use a fork lift anymore,▁dont ▁let,2.0,0.3440927157057835,1.0668441355228424,0.5334220677614212,dont let,0.3440927157057835,0.0,0.0,12.0,13.0,0.0,19.0,0.0,2.0
4173,i think they want me to hand bomb these pieces since they dont let me use a fork lift anymore,fork lift,fork lift,is_multiword,0,17,17|18,1,6.002247969309489,0,1.0,,,,,,,,,,,,,,,,,,,,,,,,,,,,,,,i think they want me to hand bomb these pieces since they dont let me use a <mask> <mask> <mask> anymore,▁for k ▁lift,3.0,3.4965885305835426e-11,24.076648235321045,8.025549411773682,hand bomb them,0.002311394337147,18.006743907928467,6.002247969309489,17.0,18.0,0.0,19.0,0.0,2.0
4173,i think they want me to hand bomb these pieces since they dont let me use a fork lift anymore,fork lift anymore,fork lift anymore,is_multiword,0,17,17|18|19,1,5.564229220151901,0,1.0,,,,,,,,,,,,,,,,,,,,,,,,,,,,,,,i think they want me to hand bomb these pieces since they dont let me use a <mask> <mask> <mask> <mask>,▁for k ▁lift ▁anymore,4.0,3.4551959153818577e-14,30.996312141418457,7.749078035354614,weapon bomb . .,0.0001601507080404,22.256916880607605,5.564229220151901,17.0,19.0,0.0,19.0,0.0,3.0
4173,i think they want me to hand bomb these pieces since they dont let me use a fork lift anymore,lift anymore,lift anymore,is_multiword,0,18,18|19,1,7.187515318393707,1,1.0,,,,,,,,,,,,,,,,,,,,,,,,,,,,,,,i think they want me to hand bomb these pieces since they dont let me use a fork <mask> <mask>,▁lift ▁anymore,2.0,4.185307959420834e-08,16.989100456237793,8.494550228118896,. </s>,0.0732358796133999,14.375030636787416,7.187515318393707,18.0,19.0,0.0,19.0,0.0,2.0
4174,doug yancey funnie's awesomasity is very high,funnie's awesomasity,funnie's awesomasity,is_multiword,0,2,2|3,1,4.22651391559177,0,1.0,,,,,,,,,,,,,,,,,,,,,,,,,,,,,,,doug yancey <mask> <mask> <mask> <mask> <mask> <mask> <mask> <mask> <mask> is very high,▁fun nie ' s ▁a we soma s ity,9.0,2.1259669006427649e-29,66.02074098587036,7.335637887318929,",  , , , , , the it",7.039171392953088e-13,38.03862524032593,4.22651391559177,2.0,3.0,0.0,6.0,0.0,2.0
4178,"look at that, she's definately a biddy, poppin out that biddy mobile",she's definately,she's definately,is_multiword,0,3,3|4,1,5.715405702590942,0,1.0,,,,,,,,,,,,,,,,,,,,,,,,,,,,,,,look at that <mask> <mask> <mask> <mask> <mask> <mask> a biddy poppin out that biddy mobile,▁she ' s ▁de fina tely,6.0,1.0128223728339812e-22,50.64413118362427,8.440688530604044,bi ddy </s> you you out,7.91677381204298e-08,34.292434215545654,5.715405702590942,3.0,4.0,0.0,11.0,0.0,2.0
4178,"look at that, she's definately a biddy, poppin out that biddy mobile",biddy mobile,biddy mobile,is_multiword,1,10,10|11,1,5.939201275507609,0,1.0,,,,,,,,,,,,,,,,,,,,,,,,,,,,,,,look at that she's definately a biddy poppin out that <mask> <mask> <mask>,▁bi ddy ▁mobile,3.0,1.5933732970818916e-11,24.862582683563232,8.287527561187744,way s .,0.0008717752945141,17.817603826522827,5.939201275507609,10.0,11.0,0.0,11.0,0.0,2.0
4179,damn that girl is a binto snitch,binto snitch,binto snitch,is_multiword,1,5,5|6,1,5.378969383239746,0,1.0,,,,,,,,,,,,,,,,,,,,,,,,,,,,,,,damn that girl is a <mask> <mask> <mask> <mask> <mask>,▁bin to ▁s nit ch,5.0,4.026519050696897e-19,42.35621452331543,8.471242904663086,pretty of of . .,1.9284721240723754e-07,26.89484691619873,5.378969383239746,5.0,6.0,0.0,6.0,0.0,2.0
4181,"i wanna fuck that girl, shes amaris gray",wanna fuck,wanna fuck,is_multiword,0,1,1|2,1,2.84402596950531,0,1.0,,,,,,,,,,,,,,,,,,,,,,,,,,,,,,,i <mask> <mask> <mask> that girl shes amaris gray,▁wan na ▁fuck,3.0,4.248447923276224e-07,14.671541929244995,4.890513976414998,love love love,0.0021560789222693,8.53207790851593,2.84402596950531,1.0,2.0,0.0,7.0,0.0,2.0
4182,you're such a dozy twonker,you're such,you're such,is_multiword,0,0,0|1,1,3.4767131209373474,1,1.0,,,,,,,,,,,,,,,,,,,,,,,,,,,,,,,<mask> <mask> <mask> <mask> a dozy twonker,▁you ' re ▁such,4.0,3.316450454241416e-12,26.43212604522705,6.608031511306763,The  s of,3.633647615433167e-06,13.90685248374939,3.4767131209373474,0.0,1.0,0.0,4.0,0.0,2.0
4182,you're such a dozy twonker,dozy twonker,dozy twonker,is_multiword,1,3,3|4,1,5.835292547941208,0,1.0,,,,,,,,,,,,,,,,,,,,,,,,,,,,,,,you're such a <mask> <mask> <mask> <mask>,▁do zy ▁two nker,4.0,3.7639914474131005e-16,35.51588153839111,8.878970384597778, e . </s>,5.1592912290001255e-06,23.34117019176483,5.835292547941208,3.0,4.0,0.0,4.0,0.0,2.0
4184,"""urban dictionary's owner says ""how could i affored an advertisement free site and 500 hookers a month? it's impossible",affored an,affored an,is_multiword,0,7,7|8,1,5.991315990686417,0,1.0,,,,,,,,,,,,,,,,,,,,,,,,,,,,,,,urban dictionary's owner says how could i <mask> <mask> <mask> <mask> advertisement free site and 500 hookers a month it's impossible,▁af for ed ▁an,4.0,1.8487735740440253e-14,31.621668815612797,7.905417203903198,get a a an,0.0004730048797794,23.965263962745667,5.991315990686417,7.0,8.0,0.0,18.0,0.0,2.0
4185,she had some gnarly blubes,gnarly blubes,gnarly blubes,is_multiword,0,3,3|4,1,6.991558837890625,0,1.0,,,,,,,,,,,,,,,,,,,,,,,,,,,,,,,she had some <mask> <mask> <mask> <mask> <mask>,▁g nar ly ▁blu bes,5.0,4.2209929749831424e-22,49.21680164337158,9.843360328674317,good of the . .,6.417882258712427e-07,34.957794189453125,6.991558837890625,3.0,4.0,0.0,4.0,0.0,2.0
4187,"""hey, that guy over there looks like a right chazzazor ""that boy over there has been seen with animals late at night, what a chazzazor""""",right chazzazor,right chazzazor,is_multiword,0,8,8|9,1,7.912854079157114,0,1.0,,,,,,,,,,,,,,,,,,,,,,,,,,,,,,,hey that guy over there looks like a <mask> <mask> <mask> <mask> that boy over there has been seen with animals late at night what a chazzazor,▁right ▁cha zza zor,4.0,1.1547464653362186e-16,36.69748067855835,9.174370169639587,cha zza </s> hey,0.0064346079660289,31.651416316628456,7.912854079157114,8.0,9.0,0.0,24.0,0.0,2.0
4189,"yo mang, we finna been done hang out with lawd tonight, y'ain know?",yo mang,yo mang,is_multiword,0,0,0|1,1,8.741849780082703,0,1.0,,,,,,,,,,,,,,,,,,,,,,,,,,,,,,,<mask> <mask> we finna been done hang out with lawd tonight y'ain know,▁yo ▁mang,2.0,8.000073526156462e-11,23.248985290527344,11.624492645263672,i har,0.0031344996141064,17.483699560165405,8.741849780082703,0.0,1.0,0.0,12.0,0.0,2.0
4189,"yo mang, we finna been done hang out with lawd tonight, y'ain know?",finna been,finna been,is_multiword,0,3,3|4,1,10.145683199167252,0,1.0,,,,,,,,,,,,,,,,,,,,,,,,,,,,,,,yo mang we <mask> <mask> done hang out with lawd tonight y'ain know,▁finna ▁been,2.0,4.5282783015558996e-10,21.51550912857056,10.757754564285278,' re,0.2940096378917471,20.291366398334503,10.145683199167252,3.0,4.0,0.0,12.0,0.0,2.0
4189,"yo mang, we finna been done hang out with lawd tonight, y'ain know?",finna been done,finna been done,is_multiword,0,3,3|4|5,1,9.617239594459534,0,1.0,,,,,,,,,,,,,,,,,,,,,,,,,,,,,,,yo mang we <mask> <mask> <mask> hang out with lawd tonight y'ain know,▁finna ▁been ▁done,3.0,9.780510590688751e-15,32.258384704589844,10.752794901529947,' ' to,0.0331515461898163,28.8517187833786,9.617239594459534,3.0,5.0,0.0,12.0,0.0,3.0
4189,"yo mang, we finna been done hang out with lawd tonight, y'ain know?",finna been done hang,finna been done hang,is_multiword,0,3,3|4|5|6,1,6.407211378216744,0,1.0,,,,,,,,,,,,,,,,,,,,,,,,,,,,,,,yo mang we <mask> <mask> <mask> <mask> out with lawd tonight y'ain know,▁finna ▁been ▁done ▁hang,4.0,7.167977687533113e-15,32.56915283203125,8.142288208007812,' ' to go,0.0009679720750774,25.62884551286697,6.407211378216744,3.0,6.0,0.0,12.0,0.0,4.0
4189,"yo mang, we finna been done hang out with lawd tonight, y'ain know?",been done,been done,is_multiword,0,4,4|5,1,8.716259002685547,1,1.0,,,,,,,,,,,,,,,,,,,,,,,,,,,,,,,yo mang we finna <mask> <mask> hang out with lawd tonight y'ain know,▁been ▁done,2.0,1.909562404162544e-10,22.37897682189941,11.189488410949709,en to,0.0071085370450505,17.432518005371094,8.716259002685547,4.0,5.0,0.0,12.0,0.0,2.0
4189,"yo mang, we finna been done hang out with lawd tonight, y'ain know?",been done hang,been done hang,is_multiword,0,4,4|5|6,1,5.404088258743286,0,1.0,,,,,,,,,,,,,,,,,,,,,,,,,,,,,,,yo mang we finna <mask> <mask> <mask> out with lawd tonight y'ain know,▁been ▁done ▁hang,3.0,4.0471522208986926e-11,23.93042254447937,7.976807514826457,en i hang,0.0004446790516539,16.21226477622986,5.404088258743286,4.0,6.0,0.0,12.0,0.0,3.0
4189,"yo mang, we finna been done hang out with lawd tonight, y'ain know?",done hang,done hang,is_multiword,0,5,5|6,1,5.246135741472244,0,1.0,,,,,,,,,,,,,,,,,,,,,,,,,,,,,,,yo mang we finna been <mask> <mask> out with lawd tonight y'ain know,▁done ▁hang,2.0,1.5129218147459477e-06,13.40146780014038,6.70073390007019,hang ing,0.0545195286743427,10.492271482944489,5.246135741472244,5.0,6.0,0.0,12.0,0.0,2.0
4191,"it wasn't until the morning when biff realized exactly what had happened the night before, although his memory was cloudy,there was no denying the fudgeknuckle on his right thumb",when biff,when biff,is_multiword,0,5,5|6,1,5.908179223537445,0,1.0,,,,,,,,,,,,,,,,,,,,,,,,,,,,,,,it wasn't until the morning <mask> <mask> <mask> realized exactly what had happened the night before although his memory was cloudy there was no denying the fudgeknuckle on his right thumb,▁when ▁bi ff,3.0,3.225032218526161e-10,21.854907989501957,7.284969329833984,that that had,0.0160769241313963,17.724537670612335,5.908179223537445,5.0,6.0,0.0,29.0,0.0,2.0
4193,did you hear about geena having that awesome party?,geena having,geena having,is_multiword,0,4,4|5,1,6.324043194452922,0,1.0,,,,,,,,,,,,,,,,,,,,,,,,,,,,,,,did you hear about <mask> <mask> <mask> that awesome party,▁geen a ▁having,3.0,7.221920894898324e-12,25.65390014648437,8.551300048828125,the ? at,0.0012535565055942,18.972129583358765,6.324043194452922,4.0,5.0,0.0,8.0,0.0,2.0
4196,"hey tom, we should get like 10-12 guys together and try a circle fuck it would be awesome",get like,get like,is_multiword,0,4,4|5,1,0.5660668015480042,0,1.0,,,,,,,,,,,,,,,,,,,,,,,,,,,,,,,hey tom we should <mask> <mask> 10-12 guys together and try a circle fuck it would be awesome,▁get ▁like,2.0,0.0049345813807295,5.311487436294556,2.655743718147278,go some,0.0153083961489196,1.1321336030960083,0.5660668015480042,4.0,5.0,0.0,17.0,0.0,2.0
4198,me and my girlfriend totally pulled a bryan merritt last night,pulled a,pulled a,is_multiword,0,5,5|6,1,5.858373567461968,0,1.0,,,,,,,,,,,,,,,,,,,,,,,,,,,,,,,me and my girlfriend totally <mask> <mask> bryan merritt last night,▁pulled ▁a,2.0,9.740710238379165e-07,13.841781616210938,6.920890808105469,fucked with,0.1194288501352628,11.716747134923937,5.858373567461968,5.0,6.0,0.0,10.0,0.0,2.0
4199,"""middle aged woman: ""i hope this selfie doesn't get lost in the blue abyss",middle aged,middle aged,is_multiword,0,0,0|1,1,5.888126373291016,1,1.0,,,,,,,,,,,,,,,,,,,,,,,,,,,,,,,<mask> <mask> <mask> woman i hope this selfie doesn't get lost in the blue abyss,▁middle ▁a ged,3.0,3.8586674158679154e-11,23.978114128112797,7.992704709370931,i love beautiful,0.0018112555353508,17.664379119873047,5.888126373291016,0.0,1.0,0.0,13.0,0.0,2.0
4200,"did you hook up with leslie? yeah, we went to see a chick flick",hook up,hook up,is_multiword,0,2,2|3,1,2.507949709892273,1,1.0,,,,,,,,,,,,,,,,,,,,,,,,,,,,,,,did you <mask> <mask> with leslie yeah we went to see a chick flick,▁hook ▁up,2.0,0.0002255344262172,8.397037744522095,4.198518872261047,have sex,0.0340087197253166,5.015899419784546,2.507949709892273,2.0,3.0,0.0,13.0,0.0,2.0
4201,"""hey you going to the ohio magcon show? ""uhh duh",uhh duh,uhh duh,is_multiword,0,8,8|9,1,5.408989727497101,1,1.0,,,,,,,,,,,,,,,,,,,,,,,,,,,,,,,hey you going to the ohio magcon show <mask> <mask> <mask> <mask>,▁u hh ▁du h,4.0,9.680988463900818e-15,32.26861238479614,8.067153096199036,in you you ?,2.41155553660574e-05,21.635958909988403,5.408989727497101,8.0,9.0,0.0,9.0,0.0,2.0
4202,im so durty atractive,im so,im so,is_multiword,0,0,0|1,1,5.540908575057983,0,1.0,,,,,,,,,,,,,,,,,,,,,,,,,,,,,,,<mask> <mask> durty atractive,▁im ▁so,2.0,1.3248438015803249e-08,18.13938617706299,9.069693088531494, s,0.0008608682999671,11.081817150115969,5.540908575057983,0.0,1.0,0.0,3.0,0.0,2.0
4202,im so durty atractive,im so durty,im so durty,is_multiword,0,0,0|1|2,1,6.846645891666412,0,1.0,,,,,,,,,,,,,,,,,,,,,,,,,,,,,,,<mask> <mask> <mask> <mask> atractive,▁im ▁so ▁dur ty,4.0,6.290083697986108e-18,39.60755729675293,9.901889324188232," s , s",4.926046936031626e-06,27.38658356666565,6.846645891666412,0.0,2.0,0.0,3.0,0.0,3.0
4202,im so durty atractive,so durty,so durty,is_multiword,0,1,1|2,1,7.445780396461487,1,1.0,,,,,,,,,,,,,,,,,,,,,,,,,,,,,,,im <mask> <mask> <mask> atractive,▁so ▁dur ty,3.0,1.9022209442591465e-13,29.290584087371823,9.76352802912394,g s s,0.0009555314329283,22.33734118938446,7.445780396461487,1.0,2.0,0.0,3.0,0.0,2.0
4204,that whore's gash is blown out like a firestone recall,whore's gash,whore's gash,is_multiword,0,1,1|2,1,4.174122492472331,1,1.0,,,,,,,,,,,,,,,,,,,,,,,,,,,,,,,that <mask> <mask> <mask> <mask> <mask> <mask> is blown out like a firestone recall,▁who re ' s ▁gas h,6.0,3.60072943586602e-17,37.862810134887695,6.310468355814616,is s a the the it,2.7113193946583848e-06,25.044734954833984,4.174122492472331,1.0,2.0,0.0,9.0,0.0,2.0
4204,that whore's gash is blown out like a firestone recall,whore's gash is,whore's gash is,is_multiword,0,1,1|2|3,1,3.331298742975508,0,1.0,,,,,,,,,,,,,,,,,,,,,,,,,,,,,,,that <mask> <mask> <mask> <mask> <mask> <mask> <mask> blown out like a firestone recall,▁who re ' s ▁gas h ▁is,7.0,2.1125084253585784e-18,40.69865560531616,5.814093657902309,' s a the the it be,2.8323771445198653e-08,23.319091200828552,3.331298742975508,1.0,3.0,0.0,9.0,0.0,3.0
4204,that whore's gash is blown out like a firestone recall,gash is,gash is,is_multiword,0,2,2|3,1,2.6495298544565835,0,1.0,,,,,,,,,,,,,,,,,,,,,,,,,,,,,,,that whore's <mask> <mask> <mask> blown out like a firestone recall,▁gas h ▁is,3.0,5.2994914669781593e-08,16.75306987762451,5.584356625874837,head is be,0.0001500592541424,7.948589563369751,2.6495298544565835,2.0,3.0,0.0,9.0,0.0,2.0
4206,nou ayiti,nou ayiti,nou ayiti,is_multiword,0,0,0|1,1,10.912514209747314,1,1.0,,,,,,,,,,,,,,,,,,,,,,,,,,,,,,,<mask> <mask> <mask>,▁nou ▁ay iti,3.0,5.0916600098804735e-18,39.81892776489258,13.27297592163086,</s>  </s>,0.0008406079855215,32.73754262924194,10.912514209747314,0.0,1.0,0.0,1.0,0.0,2.0
4208,"""denille needs to wash, her biff whiff is intolerable",biff whiff,biff whiff,is_multiword,1,5,5|6,1,6.801474142074585,0,1.0,,,,,,,,,,,,,,,,,,,,,,,,,,,,,,,denille needs to wash her <mask> <mask> <mask> <mask> <mask> is intolerable,▁bi ff ▁w h iff,5.0,1.0679739435492685e-19,43.683353424072266,8.736670684814452,"hair , , the it",6.277317573612353e-05,34.007370710372925,6.801474142074585,5.0,6.0,0.0,8.0,0.0,2.0
4210,example: person one: i like de bowsheek do you like de bowsheek? person two: yeah its tasty,yeah its,yeah its,is_multiword,0,14,14|15,1,6.757713317871094,0,1.0,,,,,,,,,,,,,,,,,,,,,,,,,,,,,,,example person one i like de bowsheek do you like de bowsheek person two <mask> <mask> tasty,▁yeah ▁its,2.0,5.405566047756085e-08,16.733251571655273,8.366625785827637,i er,0.0400420576532956,13.515426635742188,6.757713317871094,14.0,15.0,0.0,16.0,0.0,2.0
4210,example: person one: i like de bowsheek do you like de bowsheek? person two: yeah its tasty,yeah its tasty,yeah its tasty,is_multiword,0,14,14|15|16,1,7.578371569514275,1,1.0,,,,,,,,,,,,,,,,,,,,,,,,,,,,,,,example person one i like de bowsheek do you like de bowsheek person two <mask> <mask> <mask> <mask>,▁yeah ▁its ▁ta sty,4.0,2.304242562325752e-17,38.309194564819336,9.577298641204834,i   ?,0.0003369054311377,30.3134862780571,7.578371569514275,14.0,16.0,0.0,16.0,0.0,3.0
4210,example: person one: i like de bowsheek do you like de bowsheek? person two: yeah its tasty,its tasty,its tasty,is_multiword,0,15,15|16,1,6.98855463663737,0,1.0,,,,,,,,,,,,,,,,,,,,,,,,,,,,,,,example person one i like de bowsheek do you like de bowsheek person two yeah <mask> <mask> <mask>,▁its ▁ta sty,3.0,3.093560280473005e-12,26.50169849395752,8.83389949798584,i i like,0.0039421280627049,20.96566390991211,6.98855463663737,15.0,16.0,0.0,16.0,0.0,2.0
4211,today's blogpimping session: i've been reading blue witch's blog for a while now and it suddenly occurred to me that she would enjoy reading joan over at walk this way,joan over,joan over,is_multiword,0,24,24|25,1,9.750269412994385,0,1.0,,,,,,,,,,,,,,,,,,,,,,,,,,,,,,,today's blogpimping session i've been reading blue witch's blog for a while now and it suddenly occurred to me that she would enjoy reading <mask> <mask> at walk this way,▁joan ▁over,2.0,6.118993838887157e-11,23.517038345336918,11.758519172668455,my blog,0.0180159190664854,19.50053882598877,9.750269412994385,24.0,25.0,0.0,29.0,0.0,2.0
4211,today's blogpimping session: i've been reading blue witch's blog for a while now and it suddenly occurred to me that she would enjoy reading joan over at walk this way,joan over at,joan over at,is_multiword,0,24,24|25|26,1,9.164504051208496,0,1.0,,,,,,,,,,,,,,,,,,,,,,,,,,,,,,,today's blogpimping session i've been reading blue witch's blog for a while now and it suddenly occurred to me that she would enjoy reading <mask> <mask> <mask> walk this way,▁joan ▁over ▁at,3.0,1.4383118143778354e-15,34.17530632019043,11.39176877339681,and I and,0.0012535269176985,27.49351215362549,9.164504051208496,24.0,26.0,0.0,29.0,0.0,3.0
4211,today's blogpimping session: i've been reading blue witch's blog for a while now and it suddenly occurred to me that she would enjoy reading joan over at walk this way,over at,over at,is_multiword,0,25,25|26,1,6.67889416217804,0,1.0,,,,,,,,,,,,,,,,,,,,,,,,,,,,,,,today's blogpimping session i've been reading blue witch's blog for a while now and it suddenly occurred to me that she would enjoy reading joan <mask> <mask> walk this way,▁over ▁at,2.0,1.0493073590056972e-07,16.069965362548828,8.034982681274414,na and,0.0663921111066562,13.35778832435608,6.67889416217804,25.0,26.0,0.0,29.0,0.0,2.0
4212,person 1: i'm headin up to ballybofey today,headin up,headin up,is_multiword,0,3,3|4,1,3.67760713895162,0,1.0,,,,,,,,,,,,,,,,,,,,,,,,,,,,,,,person 1 i'm <mask> <mask> <mask> to ballybofey today,▁head in ▁up,3.0,3.6290007685887796e-08,17.131723403930664,5.710574467976888,gonna to back,0.002245331769761,11.032821416854858,3.67760713895162,3.0,4.0,0.0,7.0,0.0,2.0
4214,mary couldn't get enough of the crack chicken from ocean's in pine bluff,pine bluff,pine bluff,is_multiword,0,11,11|12,1,6.940140634775162,0,1.0,,,,,,,,,,,,,,,,,,,,,,,,,,,,,,,mary couldn't get enough of the crack chicken from ocean's in <mask> <mask> <mask> <mask>,▁pin e ▁blu ff,4.0,1.8985670514822082e-16,36.20026206970215,9.050065517425535,the of . </s>,0.0002161150764938,27.760562539100647,6.940140634775162,11.0,12.0,0.0,12.0,0.0,2.0
4216,mush sort me out wit a 10 bag,mush sort,mush sort,is_multiword,0,0,0|1,1,8.049924850463867,0,1.0,,,,,,,,,,,,,,,,,,,,,,,,,,,,,,,<mask> <mask> me out wit a 10 bag,▁mush ▁sort,2.0,7.464355907176605e-10,21.015711784362797,10.507855892181396,I help,0.0073293966166593,16.099849700927734,8.049924850463867,0.0,1.0,0.0,7.0,0.0,2.0
4216,mush sort me out wit a 10 bag,out wit,out wit,is_multiword,0,3,3|4,1,5.30614447593689,0,1.0,,,,,,,,,,,,,,,,,,,,,,,,,,,,,,,mush sort me <mask> <mask> a 10 bag,▁out ▁wit,2.0,6.914180314014307e-08,16.487106323242188,8.243553161621094,a in,0.0028093072076096,10.61228895187378,5.30614447593689,3.0,4.0,0.0,7.0,0.0,2.0
4222,i can't figure out why snoop doesn't bite her jums when she chews on a bone,can't figure,can't figure,is_multiword,0,1,1|2,1,1.2146720886230469,0,1.0,,,,,,,,,,,,,,,,,,,,,,,,,,,,,,,i <mask> <mask> <mask> <mask> out why snoop doesn't bite her jums when she chews on a bone,▁can ' t ▁figure,4.0,3.9442635534030505e-05,10.1406632065773,2.5351658016443253,' ' to figure,0.0050823839189399,4.858688354492188,1.2146720886230469,1.0,2.0,0.0,15.0,0.0,2.0
4222,i can't figure out why snoop doesn't bite her jums when she chews on a bone,can't figure out,can't figure out,is_multiword,0,1,1|2|3,1,1.7344215154647826,1,1.0,,,,,,,,,,,,,,,,,,,,,,,,,,,,,,,i <mask> <mask> <mask> <mask> <mask> why snoop doesn't bite her jums when she chews on a bone,▁can ' t ▁figure ▁out,5.0,7.287207262670175e-10,21.039730548858643,4.207946109771728,' ' ' to is,4.254118559149573e-06,8.672107577323914,1.7344215154647826,1.0,3.0,0.0,15.0,0.0,3.0
4222,i can't figure out why snoop doesn't bite her jums when she chews on a bone,figure out,figure out,is_multiword,0,2,2|3,1,0.0,0,1.0,,,,,,,,,,,,,,,,,,,,,,,,,,,,,,,i can't <mask> <mask> why snoop doesn't bite her jums when she chews on a bone,▁figure ▁out,2.0,0.0871063451839888,2.440625548362732,1.220312774181366,figure out,0.0871063451839888,0.0,0.0,2.0,3.0,0.0,15.0,0.0,2.0
4222,i can't figure out why snoop doesn't bite her jums when she chews on a bone,she chews,she chews,is_multiword,0,11,11|12,1,3.806390166282654,0,1.0,,,,,,,,,,,,,,,,,,,,,,,,,,,,,,,i can't figure out why snoop doesn't bite her jums when <mask> <mask> <mask> on a bone,▁she ▁che ws,3.0,3.099316527863435e-07,14.986914038658142,4.995638012886047,she ' s,0.0282194579765338,11.41917049884796,3.806390166282654,11.0,12.0,0.0,15.0,0.0,2.0
4222,i can't figure out why snoop doesn't bite her jums when she chews on a bone,she chews on,she chews on,is_multiword,0,11,11|12|13,1,2.930269062519073,0,1.0,,,,,,,,,,,,,,,,,,,,,,,,,,,,,,,i can't figure out why snoop doesn't bite her jums when <mask> <mask> <mask> <mask> a bone,▁she ▁che ws ▁on,4.0,6.171102539470194e-09,18.90338832139969,4.725847080349922,she ' s on,0.0007599088460208,11.721076250076294,2.930269062519073,11.0,13.0,0.0,15.0,0.0,3.0
4222,i can't figure out why snoop doesn't bite her jums when she chews on a bone,she chews on a,she chews on a,is_multiword,0,11,11|12|13|14,1,2.472673010826111,0,1.0,,,,,,,,,,,,,,,,,,,,,,,,,,,,,,,i can't figure out why snoop doesn't bite her jums when <mask> <mask> <mask> <mask> <mask> bone,▁she ▁che ws ▁on ▁a,5.0,9.53703034990424e-11,23.073253870010376,4.614650774002075,she ' to on her,2.232309386843956e-05,12.363365054130554,2.472673010826111,11.0,14.0,0.0,15.0,0.0,4.0
4222,i can't figure out why snoop doesn't bite her jums when she chews on a bone,she chews on a bone,she chews on a bone,is_multiword,0,11,11|12|13|14|15,1,3.800057192643484,0,1.0,,,,,,,,,,,,,,,,,,,,,,,,,,,,,,,i can't figure out why snoop doesn't bite her jums when <mask> <mask> <mask> <mask> <mask> <mask>,▁she ▁che ws ▁on ▁a ▁bone,6.0,4.120538458299291e-17,37.72796273231506,6.287993788719177,she ' s the . .,3.2886464755016057e-07,22.8003431558609,3.800057192643484,11.0,15.0,0.0,15.0,0.0,5.0
4222,i can't figure out why snoop doesn't bite her jums when she chews on a bone,chews on,chews on,is_multiword,0,12,12|13,1,3.975167671839396,0,1.0,,,,,,,,,,,,,,,,,,,,,,,,,,,,,,,i can't figure out why snoop doesn't bite her jums when she <mask> <mask> <mask> a bone,▁che ws ▁on,3.0,2.849600948205069e-08,17.373501777648926,5.791167259216309,' s on,0.0043049112273884,11.925503015518188,3.975167671839396,12.0,13.0,0.0,15.0,0.0,2.0
4222,i can't figure out why snoop doesn't bite her jums when she chews on a bone,chews on a,chews on a,is_multiword,0,12,12|13|14,1,2.964876174926758,0,1.0,,,,,,,,,,,,,,,,,,,,,,,,,,,,,,,i can't figure out why snoop doesn't bite her jums when she <mask> <mask> <mask> <mask> bone,▁che ws ▁on ▁a,4.0,6.311832082525187e-10,21.183424949646,5.295856237411499,' s in her,8.926328918664775e-05,11.859504699707031,2.964876174926758,12.0,14.0,0.0,15.0,0.0,3.0
4222,i can't figure out why snoop doesn't bite her jums when she chews on a bone,chews on a bone,chews on a bone,is_multiword,0,12,12|13|14|15,1,4.4398428440094,0,1.0,,,,,,,,,,,,,,,,,,,,,,,,,,,,,,,i can't figure out why snoop doesn't bite her jums when she <mask> <mask> <mask> <mask> <mask>,▁che ws ▁on ▁a ▁bone,5.0,5.160436747544587e-16,35.200340270996094,7.040068054199219,' s the . .,2.257785593407691e-06,22.199214220047,4.4398428440094,12.0,15.0,0.0,15.0,0.0,4.0
4222,i can't figure out why snoop doesn't bite her jums when she chews on a bone,on a,on a,is_multiword,0,13,13|14,1,0.5372352600097656,1,1.0,,,,,,,,,,,,,,,,,,,,,,,,,,,,,,,i can't figure out why snoop doesn't bite her jums when she chews <mask> <mask> bone,▁on ▁a,2.0,0.0286283145498322,3.553359031677246,1.776679515838623,on the,0.0838363569588132,1.0744705200195312,0.5372352600097656,13.0,14.0,0.0,15.0,0.0,2.0
4222,i can't figure out why snoop doesn't bite her jums when she chews on a bone,on a bone,on a bone,is_multiword,0,13,13|14|15,1,3.27972420056661,0,1.0,,,,,,,,,,,,,,,,,,,,,,,,,,,,,,,i can't figure out why snoop doesn't bite her jums when she chews <mask> <mask> <mask>,▁on ▁a ▁bone,3.0,3.914853020322e-08,17.05590295791626,5.685300985972087,her . .,0.0007341990680695,9.839172601699827,3.27972420056661,13.0,15.0,0.0,15.0,0.0,3.0
4222,i can't figure out why snoop doesn't bite her jums when she chews on a bone,a bone,a bone,is_multiword,0,14,14|15,1,5.2697277665138245,0,1.0,,,,,,,,,,,,,,,,,,,,,,,,,,,,,,,i can't figure out why snoop doesn't bite her jums when she chews on <mask> <mask>,▁a ▁bone,2.0,8.319689548077358e-07,13.999470710754396,6.999735355377197,me .,0.0314292849896482,10.539455533027647,5.2697277665138245,14.0,15.0,0.0,15.0,0.0,2.0
4225,eh look at that brit-ass over there damn fool looks like a fag fo sure,fag fo,fag fo,is_multiword,0,12,12|13,1,8.272157907485962,0,1.0,,,,,,,,,,,,,,,,,,,,,,,,,,,,,,,eh look at that brit-ass over there damn fool looks like a <mask> <mask> sure,▁fag ▁fo,2.0,1.4217382782894344e-09,20.37138557434082,10.18569278717041,man for,0.0217733233215016,16.544315814971924,8.272157907485962,12.0,13.0,0.0,14.0,0.0,2.0
4225,eh look at that brit-ass over there damn fool looks like a fag fo sure,fag fo sure,fag fo sure,is_multiword,0,12,12|13|14,1,5.6754887501398725,0,1.0,,,,,,,,,,,,,,,,,,,,,,,,,,,,,,,eh look at that brit-ass over there damn fool looks like a <mask> <mask> <mask>,▁fag ▁fo ▁sure,3.0,4.394940799937138e-12,26.15056705474853,8.716855684916178,brit man .,0.0001090067441919,17.026466250419617,5.6754887501398725,12.0,14.0,0.0,14.0,0.0,3.0
4225,eh look at that brit-ass over there damn fool looks like a fag fo sure,fo sure,fo sure,is_multiword,0,13,13|14,1,10.07554441690445,1,1.0,,,,,,,,,,,,,,,,,,,,,,,,,,,,,,,eh look at that brit-ass over there damn fool looks like a fag <mask> <mask>,▁fo ▁sure,2.0,2.7106132394719104e-10,22.02867603302002,11.01433801651001,got .,0.1529587198017312,20.1510888338089,10.07554441690445,13.0,14.0,0.0,14.0,0.0,2.0
4228,"did you hear about the latest celebrity photo scandle? - yeah, those were o.e. i purchased some o.e. fog lamps for my moms car",scandle yeah,scandle yeah,is_multiword,0,8,8|9,1,8.160912950833639,0,1.0,,,,,,,,,,,,,,,,,,,,,,,,,,,,,,,did you hear about the latest celebrity photo <mask> <mask> <mask> yeah those were o e i purchased some o e fog lamps for my moms car,▁scan dle ▁-,3.0,1.2727774256563157e-13,29.69240474700928,9.897468249003092,shoot ? </s>,0.005463498767681,24.48273885250092,8.160912950833639,8.0,9.0,0.0,25.0,0.0,2.0
4230,"after 2 hours of abusing her pussy to pictures of the rock, it appears as if cindy is now suffering from fish knuckle",as if,as if,is_multiword,0,14,14|15,1,4.1833305060863495,1,1.0,,,,,,,,,,,,,,,,,,,,,,,,,,,,,,,after 2 hours of abusing her pussy to pictures of the rock it appears <mask> <mask> cindy is now suffering from fish knuckle,▁as ▁if,2.0,5.045841535970825e-05,9.89436101913452,4.947180509567261,that the,0.2170342710160707,8.366661012172699,4.1833305060863495,14.0,15.0,0.0,22.0,0.0,2.0
4231,last night i got jumped by a rapist,got jumped,got jumped,is_multiword,0,3,3|4,1,2.659014274676641,0,1.0,,,,,,,,,,,,,,,,,,,,,,,,,,,,,,,last night i <mask> <mask> <mask> by a rapist,▁got ▁jump ed,3.0,2.716163206373607e-06,12.816290259361269,4.272096753120422,was rap ed,0.0079130068607617,7.977042824029922,2.659014274676641,3.0,4.0,0.0,7.0,0.0,2.0
4233,dude#1 yo we don't have school today dude#2 ahh yup,dude 1,dude 1,is_multiword,0,0,0|1,1,2.004194974899292,1,1.0,,,,,,,,,,,,,,,,,,,,,,,,,,,,,,,<mask> <mask> <mask> yo we don't have school today dude 2 ahh yup,▁du de ▁1,3.0,1.007570421335534e-07,16.110553741455078,5.370184580485026, h yo,4.116308012797066e-05,6.012584924697876,2.004194974899292,0.0,1.0,0.0,11.0,0.0,2.0
4233,dude#1 yo we don't have school today dude#2 ahh yup,dude 1 yo,dude 1 yo,is_multiword,0,0,0|1|2,1,3.2209375500679016,0,1.0,,,,,,,,,,,,,,,,,,,,,,,,,,,,,,,<mask> <mask> <mask> <mask> we don't have school today dude 2 ahh yup,▁du de ▁1 ▁yo,4.0,2.115417965229331e-12,26.881768703460693,6.720442175865173," h  ,",8.331780241153219e-07,12.883750200271606,3.2209375500679016,0.0,2.0,0.0,11.0,0.0,3.0
4233,dude#1 yo we don't have school today dude#2 ahh yup,1 yo,1 yo,is_multiword,0,1,1|2,1,2.637775659561157,0,1.0,,,,,,,,,,,,,,,,,,,,,,,,,,,,,,,dude <mask> <mask> we don't have school today dude 2 ahh yup,▁1 ▁yo,2.0,3.329348865534942e-05,10.3101487159729,5.15507435798645,2 sorry,0.0065088180599891,5.2755513191223145,2.637775659561157,1.0,2.0,0.0,11.0,0.0,2.0
4233,dude#1 yo we don't have school today dude#2 ahh yup,dude 2,dude 2,is_multiword,0,8,8|9,1,4.049407839775085,1,1.0,,,,,,,,,,,,,,,,,,,,,,,,,,,,,,,dude 1 yo we don't have school today <mask> <mask> <mask> ahh yup,▁du de ▁2,3.0,8.134764348280533e-09,18.62711906433105,6.209039688110352,ah h h,0.001535505640021,12.148223519325256,4.049407839775085,8.0,9.0,0.0,11.0,0.0,2.0
4233,dude#1 yo we don't have school today dude#2 ahh yup,dude 2 ahh,dude 2 ahh,is_multiword,0,8,8|9|10,1,2.420384168624878,0,1.0,,,,,,,,,,,,,,,,,,,,,,,,,,,,,,,dude 1 yo we don't have school today <mask> <mask> <mask> <mask> <mask> yup,▁du de ▁2 ▁ah h,5.0,1.189241921117199e-13,29.760290145874023,5.952058029174805,i we s i .,2.1432244368081332e-08,12.10192084312439,2.420384168624878,8.0,10.0,0.0,11.0,0.0,3.0
4233,dude#1 yo we don't have school today dude#2 ahh yup,dude 2 ahh yup,dude 2 ahh yup,is_multiword,0,8,8|9|10|11,1,4.193619387490409,0,1.0,,,,,,,,,,,,,,,,,,,,,,,,,,,,,,,dude 1 yo we don't have school today <mask> <mask> <mask> <mask> <mask> <mask> <mask>,▁du de ▁2 ▁ah h ▁y up,7.0,4.0086638983063584e-23,51.57099914550781,7.367285592215402,. we ' s s . .,2.2483295018930744e-10,29.35533571243286,4.193619387490409,8.0,11.0,0.0,11.0,0.0,4.0
4233,dude#1 yo we don't have school today dude#2 ahh yup,2 ahh,2 ahh,is_multiword,0,9,9|10,1,1.620774507522583,0,1.0,,,,,,,,,,,,,,,,,,,,,,,,,,,,,,,dude 1 yo we don't have school today dude <mask> <mask> <mask> yup,▁2 ▁ah h,3.0,7.263608850963067e-07,14.135218858718872,4.711739619572957,1 i up,9.39361430168536e-05,4.862323522567749,1.620774507522583,9.0,10.0,0.0,11.0,0.0,2.0
4233,dude#1 yo we don't have school today dude#2 ahh yup,2 ahh yup,2 ahh yup,is_multiword,0,9,9|10|11,1,3.5999764442443847,0,1.0,,,,,,,,,,,,,,,,,,,,,,,,,,,,,,,dude 1 yo we don't have school today dude <mask> <mask> <mask> <mask> <mask>,▁2 ▁ah h ▁y up,5.0,2.9377125442094037e-15,33.4611451625824,6.69222903251648,1 i i  .,1.928673979629099e-07,17.999882221221924,3.5999764442443847,9.0,11.0,0.0,11.0,0.0,3.0
4233,dude#1 yo we don't have school today dude#2 ahh yup,ahh yup,ahh yup,is_multiword,1,10,10|11,1,4.844766616821289,0,1.0,,,,,,,,,,,,,,,,,,,,,,,,,,,,,,,dude 1 yo we don't have school today dude 2 <mask> <mask> <mask> <mask>,▁ah h ▁y up,4.0,1.2872328967113286e-13,29.681111335754395,7.420277833938599,yo i du ...,3.356439020012094e-05,19.37906646728516,4.844766616821289,10.0,11.0,0.0,11.0,0.0,2.0
4237,"after brian found out mary bought a strap-on, he was totally coultered",totally coultered,totally coultered,is_multiword,0,10,10|11,1,5.730561017990112,0,1.0,,,,,,,,,,,,,,,,,,,,,,,,,,,,,,,after brian found out mary bought a strap-on he was <mask> <mask> <mask> <mask> <mask>,▁totally ▁co ul ter ed,5.0,1.178314808644286e-18,41.28244638442993,8.256489276885986,in to her her .,3.2735311461450982e-06,28.65280508995056,5.730561017990112,10.0,11.0,0.0,11.0,0.0,2.0
4240,stop being such a clute,a clute,a clute,is_multiword,0,3,3|4,1,3.5110133588314056,0,1.0,,,,,,,,,,,,,,,,,,,,,,,,,,,,,,,stop being such <mask> <mask> <mask> <mask>,▁a ▁ clu te,4.0,1.0390143650998497e-10,22.98757839202881,5.746894598007202,a  . .,0.0001305799393459,14.044053435325624,3.5110133588314056,3.0,4.0,0.0,4.0,0.0,2.0
4243,man last night when we were drinking i totally pulled a giller,totally pulled,totally pulled,is_multiword,0,8,8|9,1,5.78385716676712,0,1.0,,,,,,,,,,,,,,,,,,,,,,,,,,,,,,,man last night when we were drinking i <mask> <mask> a giller,▁totally ▁pulled,2.0,1.5043310833464334e-07,15.709747314453123,7.854873657226562,got him,0.0158905135336054,11.56771433353424,5.78385716676712,8.0,9.0,0.0,11.0,0.0,2.0
4250,"""hey man i went to pinch a loaf but all that came out was an ebony tear drop ""my ass hole has cried a thousand ebony tear drops""""",ass hole,ass hole,is_multiword,0,19,19|20,1,6.9908469915390015,1,1.0,,,,,,,,,,,,,,,,,,,,,,,,,,,,,,,hey man i went to pinch a loaf but all that came out was an ebony tear drop my <mask> <mask> has cried a thousand ebony tear drops,▁ass ▁hole,2.0,6.129717644268502e-09,18.910117149353027,9.455058574676514,little e,0.0072379072641936,13.981693983078005,6.9908469915390015,19.0,20.0,0.0,27.0,0.0,2.0
4252,"""hey man if you wanna come to the bar, craig and i are boyin' up hard as hell right now",boyin up,boyin up,is_multiword,1,13,13|14,1,4.8917140662670135,0,1.0,,,,,,,,,,,,,,,,,,,,,,,,,,,,,,,hey man if you wanna come to the bar craig and i are <mask> <mask> <mask> <mask> hard as hell right now,▁boy in ' ▁up,4.0,6.027170022237998e-13,28.137328624725345,7.034332156181336,gonna to you you,0.0001896230583709,19.56685626506805,4.8917140662670135,13.0,14.0,0.0,19.0,0.0,2.0
4252,"""hey man if you wanna come to the bar, craig and i are boyin' up hard as hell right now",boyin up hard,boyin up hard,is_multiword,0,13,13|14|15,1,4.129704260826111,0,1.0,,,,,,,,,,,,,,,,,,,,,,,,,,,,,,,hey man if you wanna come to the bar craig and i are <mask> <mask> <mask> <mask> <mask> as hell right now,▁boy in ' ▁up ▁hard,5.0,5.485801542833261e-15,32.836613178253174,6.567322635650635,gonna to to you you,5.090716993685516e-06,20.648521304130558,4.129704260826111,13.0,15.0,0.0,19.0,0.0,3.0
4252,"""hey man if you wanna come to the bar, craig and i are boyin' up hard as hell right now",boyin up hard as,boyin up hard as,is_multiword,0,13,13|14|15|16,1,4.649564037720363,0,1.0,,,,,,,,,,,,,,,,,,,,,,,,,,,,,,,hey man if you wanna come to the bar craig and i are <mask> <mask> <mask> <mask> <mask> <mask> hell right now,▁boy in ' ▁up ▁hard ▁as,6.0,2.454268999588404e-18,40.54870271682739,6.758117119471232,gonna to to you in the,3.2033337598410635e-06,27.89738422632217,4.649564037720363,13.0,16.0,0.0,19.0,0.0,4.0
4252,"""hey man if you wanna come to the bar, craig and i are boyin' up hard as hell right now",up hard,up hard,is_multiword,0,14,14|15,1,1.8466548323631289,0,1.0,,,,,,,,,,,,,,,,,,,,,,,,,,,,,,,hey man if you wanna come to the bar craig and i are boyin' <mask> <mask> as hell right now,▁up ▁hard,2.0,0.0008202679152031,7.105879545211792,3.552939772605896,as hot,0.0329563974531822,3.693309664726257,1.8466548323631289,14.0,15.0,0.0,19.0,0.0,2.0
4252,"""hey man if you wanna come to the bar, craig and i are boyin' up hard as hell right now",up hard as,up hard as,is_multiword,0,14,14|15|16,1,3.333750545978546,0,1.0,,,,,,,,,,,,,,,,,,,,,,,,,,,,,,,hey man if you wanna come to the bar craig and i are boyin' <mask> <mask> <mask> hell right now,▁up ▁hard ▁as,3.0,4.979959687530673e-07,14.51267385482788,4.837557951609294,to out the,0.0109828290979824,10.001251637935638,3.333750545978546,14.0,16.0,0.0,19.0,0.0,3.0
4252,"""hey man if you wanna come to the bar, craig and i are boyin' up hard as hell right now",hard as,hard as,is_multiword,0,15,15|16,1,4.1539116948843,1,1.0,,,,,,,,,,,,,,,,,,,,,,,,,,,,,,,hey man if you wanna come to the bar craig and i are boyin' up <mask> <mask> hell right now,▁hard ▁as,2.0,2.9699557980418375e-05,10.424378395080566,5.212189197540283,all the,0.1204458499196858,8.3078233897686,4.1539116948843,15.0,16.0,0.0,19.0,0.0,2.0
4253,i've passed by that emo chick a couple times in the hallway,passed by,passed by,is_multiword,0,1,1|2,1,5.192621290683746,1,1.0,,,,,,,,,,,,,,,,,,,,,,,,,,,,,,,i've <mask> <mask> that emo chick a couple times in the hallway,▁passed ▁by,2.0,3.258871708333241e-06,12.634129524230955,6.317064762115479,been seen,0.1055166052345274,10.385242581367493,5.192621290683746,1.0,2.0,0.0,11.0,0.0,2.0
4259,"omg look, it's an abouremeleh",an abouremeleh,an abouremeleh,is_multiword,0,3,3|4,1,6.049650430679321,0,1.0,,,,,,,,,,,,,,,,,,,,,,,,,,,,,,,omg look it's <mask> <mask> <mask> <mask> <mask>,▁an ▁a bour eme leh,5.0,2.4080330274227195e-20,45.17289161682129,9.034578323364258,a good the . .,3.298461631585776e-07,30.248252153396606,6.049650430679321,3.0,4.0,0.0,4.0,0.0,2.0
4260,"girl: hey, have you seen that girl on the dance floor? guy: yeah, she's doing a spot of jaegering",guy yeah,guy yeah,is_multiword,0,11,11|12,1,3.260469377040863,0,1.0,,,,,,,,,,,,,,,,,,,,,,,,,,,,,,,girl hey have you seen that girl on the dance floor <mask> <mask> she's doing a spot of jaegering,▁guy ▁yeah,2.0,1.8981381993849543e-05,10.87205195426941,5.436025977134705,? </s>,0.0128924527084819,6.520938754081726,3.260469377040863,11.0,12.0,0.0,18.0,0.0,2.0
4264,mitchell and jeff did a kazakhstan in order to get drunk faster,did a,did a,is_multiword,0,3,3|4,1,7.289758667349815,0,1.0,,,,,,,,,,,,,,,,,,,,,,,,,,,,,,,mitchell and jeff <mask> <mask> kazakhstan in order to get drunk faster,▁did ▁a,2.0,1.410011224671721e-07,15.774497985839844,7.887248992919922,rey in,0.3027098112151726,14.57951733469963,7.289758667349815,3.0,4.0,0.0,11.0,0.0,2.0
4264,mitchell and jeff did a kazakhstan in order to get drunk faster,in order,in order,is_multiword,0,6,6|7,1,3.338910937309265,1,1.0,,,,,,,,,,,,,,,,,,,,,,,,,,,,,,,mitchell and jeff did a kazakhstan <mask> <mask> to get drunk faster,▁in ▁order,2.0,2.398266447347788e-05,10.638179302215576,5.319089651107788,dating how,0.0190563018260323,6.67782187461853,3.338910937309265,6.0,7.0,0.0,11.0,0.0,2.0
4269,"emmit: adam, could you please move to atlanta already? agi: i am trying damnet",i am,i am,is_multiword,0,10,10|11,1,1.1917762756347656,1,1.0,,,,,,,,,,,,,,,,,,,,,,,,,,,,,,,emmit adam could you please move to atlanta already agi <mask> <mask> trying damnet,▁i ▁am,2.0,0.0008442335008309,7.0770814418792725,3.538540720939636,you for,0.0091543244797249,2.3835525512695312,1.1917762756347656,10.0,11.0,0.0,13.0,0.0,2.0
4273,yo hand me that charlestown suitcase will ya?,yo hand,yo hand,is_multiword,0,0,0|1,1,9.946962237358091,0,1.0,,,,,,,,,,,,,,,,,,,,,,,,,,,,,,,<mask> <mask> me that charlestown suitcase will ya,▁yo ▁hand,2.0,7.495353575892815e-11,23.31415271759033,11.657076358795166,Please told,0.0327049694108582,19.893924474716187,9.946962237358091,0.0,1.0,0.0,7.0,0.0,2.0
4277,alex who sits in his office all day surfing the net for kiddie porn is a waistoid,kiddie porn,kiddie porn,is_multiword,0,12,12|13,1,8.151335775852203,1,1.0,,,,,,,,,,,,,,,,,,,,,,,,,,,,,,,alex who sits in his office all day surfing the net for <mask> <mask> <mask> <mask> is a waistoid,▁ki ddi e ▁porn,4.0,6.26759291861477e-18,39.61113929748535,9.902784824371338,a hours . he,0.0009066118088873,32.60534310340881,8.151335775852203,12.0,13.0,0.0,16.0,0.0,2.0
4278,psy has so much swag that others are copying him and making parodies of gangnam style,so much,so much,is_multiword,0,2,2|3,1,2.007162153720856,1,1.0,,,,,,,,,,,,,,,,,,,,,,,,,,,,,,,psy has <mask> <mask> swag that others are copying him and making parodies of gangnam style,▁so ▁much,2.0,0.0026852633527919,5.919976472854614,2.959988236427307,become so,0.1487256172836892,4.014324307441711,2.007162153720856,2.0,3.0,0.0,15.0,0.0,2.0
4279,chris daughtry often sports a douche beard,douche beard,douche beard,is_multiword,1,5,5|6,1,6.68075704574585,0,1.0,,,,,,,,,,,,,,,,,,,,,,,,,,,,,,,chris daughtry often sports a <mask> <mask> <mask>,▁douche ▁be ard,3.0,1.6275943707412677e-12,27.14391803741455,9.047972679138184, . .,0.0008237471761655,20.04227113723755,6.68075704574585,5.0,6.0,0.0,6.0,0.0,2.0
4281,the gaymers ate loads of potatochips while they shouted unfine references to the female genital as they died in playing multiplayer games,shouted unfine,shouted unfine,is_multiword,0,8,8|9,1,6.840370082855225,0,1.0,,,,,,,,,,,,,,,,,,,,,,,,,,,,,,,the gaymers ate loads of potatochips while they <mask> <mask> <mask> <mask> <mask> references to the female genital as they died in playing multiplayer games,▁sho u ted ▁un fine,5.0,1.865517195809517e-20,45.42816352844238,9.085632705688475,played d the </s> with,1.3319078004005728e-05,34.20185041427612,6.840370082855225,8.0,9.0,0.0,21.0,0.0,2.0
4282,last night joe firm fucked me,firm fucked,firm fucked,is_multiword,1,3,3|4,1,7.314117312431335,0,1.0,,,,,,,,,,,,,,,,,,,,,,,,,,,,,,,last night joe <mask> <mask> me,▁firm ▁fucked,2.0,6.170959994985794e-10,21.2059965133667,10.60299825668335,ley with,0.0013909589348598,14.628234624862673,7.314117312431335,3.0,4.0,0.0,5.0,0.0,2.0
4284,a: who's that blond kid who plays austin in that disney sitcom? b: ross lynch,blond kid,blond kid,is_multiword,0,3,3|4,1,2.199778318405152,0,1.0,,,,,,,,,,,,,,,,,,,,,,,,,,,,,,,a who's that <mask> <mask> <mask> who plays austin in that disney sitcom b ross lynch,▁blond ▁ki d,3.0,8.212237120528842e-08,16.31505537033081,5.438351790110271,guy  guy,6.032762608511221e-05,6.599334955215454,2.199778318405152,3.0,4.0,0.0,14.0,0.0,2.0
4284,a: who's that blond kid who plays austin in that disney sitcom? b: ross lynch,sitcom b,sitcom b,is_multiword,0,11,11|12,1,6.848003427187602,0,1.0,,,,,,,,,,,,,,,,,,,,,,,,,,,,,,,a who's that blond kid who plays austin in that disney <mask> <mask> <mask> ross lynch,▁sit com ▁b,3.0,2.424678379177817e-12,26.745322227478027,8.915107409159342,movie movie with,0.0020267698788288,20.544010281562805,6.848003427187602,11.0,12.0,0.0,14.0,0.0,2.0
4285,i was playin wi mah boabby last night,playin wi,playin wi,is_multiword,0,2,2|3,1,5.721265355745952,0,1.0,,,,,,,,,,,,,,,,,,,,,,,,,,,,,,,i was <mask> <mask> <mask> mah boabby last night,▁play in ▁wi,3.0,3.517720174032773e-11,24.07062292098999,8.02354097366333,in to with,0.0010009288563501,17.163796067237854,5.721265355745952,2.0,3.0,0.0,7.0,0.0,2.0
4285,i was playin wi mah boabby last night,playin wi mah,playin wi mah,is_multiword,0,2,2|3|4,1,7.175110787153244,0,1.0,,,,,,,,,,,,,,,,,,,,,,,,,,,,,,,i was <mask> <mask> <mask> <mask> boabby last night,▁play in ▁wi ▁mah,4.0,5.600647432852007e-17,37.421064376831055,9.355266094207764,in to to with,0.0001631857838128,28.700443148612976,7.175110787153244,2.0,4.0,0.0,7.0,0.0,3.0
4285,i was playin wi mah boabby last night,playin wi mah boabby,playin wi mah boabby,is_multiword,0,2,2|3|4|5,1,6.509522795677185,0,1.0,,,,,,,,,,,,,,,,,,,,,,,,,,,,,,,i was <mask> <mask> <mask> <mask> <mask> <mask> last night,▁play in ▁wi ▁mah ▁boa bby,6.0,6.25847687980837e-25,55.73069047927856,9.288448413213096,in to in the the s,5.738093651682113e-08,39.05713677406311,6.509522795677185,2.0,5.0,0.0,7.0,0.0,4.0
4285,i was playin wi mah boabby last night,wi mah,wi mah,is_multiword,0,3,3|4,1,13.231984920799732,1,1.0,,,,,,,,,,,,,,,,,,,,,,,,,,,,,,,i was playin <mask> <mask> boabby last night,▁wi ▁mah,2.0,1.1078438566661717e-12,27.528605461120605,13.764302730560305,' with,0.3448534897560948,26.463969841599464,13.231984920799732,3.0,4.0,0.0,7.0,0.0,2.0
4285,i was playin wi mah boabby last night,wi mah boabby,wi mah boabby,is_multiword,0,3,3|4|5,1,8.85082520544529,0,1.0,,,,,,,,,,,,,,,,,,,,,,,,,,,,,,,i was playin <mask> <mask> <mask> <mask> last night,▁wi ▁mah ▁boa bby,4.0,4.941189142941898e-20,44.4540958404541,11.113523960113524,' the the s,0.0001172977459416,35.40330082178116,8.85082520544529,3.0,5.0,0.0,7.0,0.0,3.0
4285,i was playin wi mah boabby last night,mah boabby,mah boabby,is_multiword,0,4,4|5,1,8.919557332992554,0,1.0,,,,,,,,,,,,,,,,,,,,,,,,,,,,,,,i was playin wi <mask> <mask> <mask> last night,▁mah ▁boa bby,3.0,5.822966216638211e-16,35.079551696777344,11.69318389892578,ggle on s,0.0002433816677077,26.75867199897766,8.919557332992554,4.0,5.0,0.0,7.0,0.0,2.0
4286,"person 1: oi wot apend ere, everyones bin banged up person 2: yehh bruce, was air-man dat dun it init",oi wot,oi wot,is_multiword,0,2,2|3,1,1.6643704771995544,0,1.0,,,,,,,,,,,,,,,,,,,,,,,,,,,,,,,person 1 <mask> <mask> <mask> <mask> apend ere everyones bin banged up person 2 yehh bruce was air-man dat dun it init,▁o i ▁wo t,4.0,6.983257216347012e-10,21.082335472106934,5.270583868026733,yeh h e e,5.437079649837818e-07,6.657481908798218,1.6643704771995544,2.0,3.0,0.0,19.0,0.0,2.0
4286,"person 1: oi wot apend ere, everyones bin banged up person 2: yehh bruce, was air-man dat dun it init",oi wot apend,oi wot apend,is_multiword,0,2,2|3|4,1,2.9911513328552246,0,1.0,,,,,,,,,,,,,,,,,,,,,,,,,,,,,,,person 1 <mask> <mask> <mask> <mask> <mask> <mask> ere everyones bin banged up person 2 yehh bruce was air-man dat dun it init,▁o i ▁wo t ▁ap end,6.0,3.8825084536195575e-18,40.0900502204895,6.68167503674825,yeh e e e e e,2.4174389788080684e-10,17.946907997131348,2.9911513328552246,2.0,4.0,0.0,19.0,0.0,3.0
4286,"person 1: oi wot apend ere, everyones bin banged up person 2: yehh bruce, was air-man dat dun it init",oi wot apend ere,oi wot apend ere,is_multiword,0,2,2|3|4|5,1,3.964409351348877,0,1.0,,,,,,,,,,,,,,,,,,,,,,,,,,,,,,,person 1 <mask> <mask> <mask> <mask> <mask> <mask> <mask> everyones bin banged up person 2 yehh bruce was air-man dat dun it init,▁o i ▁wo t ▁ap end ▁ere,7.0,6.720653581043586e-24,53.35685682296753,7.62240811756679,yeh e s s the e and,7.576336355497277e-12,27.75086545944214,3.964409351348877,2.0,5.0,0.0,19.0,0.0,4.0
4286,"person 1: oi wot apend ere, everyones bin banged up person 2: yehh bruce, was air-man dat dun it init",wot apend,wot apend,is_multiword,0,3,3|4,1,3.797282457351685,0,1.0,,,,,,,,,,,,,,,,,,,,,,,,,,,,,,,person 1 oi <mask> <mask> <mask> <mask> ere everyones bin banged up person 2 yehh bruce was air-man dat dun it init,▁wo t ▁ap end,4.0,5.28759931195251e-13,28.26824188232422,7.067060470581055,", i e i",2.08840058995749e-06,15.189129829406738,3.797282457351685,3.0,4.0,0.0,19.0,0.0,2.0
4286,"person 1: oi wot apend ere, everyones bin banged up person 2: yehh bruce, was air-man dat dun it init",wot apend ere,wot apend ere,is_multiword,0,3,3|4|5,1,4.63501353263855,0,1.0,,,,,,,,,,,,,,,,,,,,,,,,,,,,,,,person 1 oi <mask> <mask> <mask> <mask> <mask> everyones bin banged up person 2 yehh bruce was air-man dat dun it init,▁wo t ▁ap end ▁ere,5.0,3.2146678309108864e-18,40.27880764007568,8.055761528015136,", i e e i",3.731986878625799e-08,23.17506766319275,4.63501353263855,3.0,5.0,0.0,19.0,0.0,3.0
4286,"person 1: oi wot apend ere, everyones bin banged up person 2: yehh bruce, was air-man dat dun it init",apend ere,apend ere,is_multiword,0,4,4|5,1,7.291998704274495,0,1.0,,,,,,,,,,,,,,,,,,,,,,,,,,,,,,,person 1 oi wot <mask> <mask> <mask> everyones bin banged up person 2 yehh bruce was air-man dat dun it init,▁ap end ▁ere,3.0,9.784060631526283e-14,29.95543670654297,9.985145568847656,wo t t,0.0003098443158032,21.875996112823486,7.291998704274495,4.0,5.0,0.0,19.0,0.0,2.0
4286,"person 1: oi wot apend ere, everyones bin banged up person 2: yehh bruce, was air-man dat dun it init",bin banged,bin banged,is_multiword,0,7,7|8,1,3.104270855585734,0,1.0,,,,,,,,,,,,,,,,,,,,,,,,,,,,,,,person 1 oi wot apend ere everyones <mask> <mask> <mask> up person 2 yehh bruce was air-man dat dun it init,▁bin ▁bang ed,3.0,4.9073704436117994e-09,19.132527589797974,6.377509196599324,gonna s ed,5.43690759225926e-05,9.312812566757202,3.104270855585734,7.0,8.0,0.0,19.0,0.0,2.0
4286,"person 1: oi wot apend ere, everyones bin banged up person 2: yehh bruce, was air-man dat dun it init",bin banged up,bin banged up,is_multiword,0,7,7|8|9,1,5.1219261437654495,0,1.0,,,,,,,,,,,,,,,,,,,,,,,,,,,,,,,person 1 oi wot apend ere everyones <mask> <mask> <mask> <mask> person 2 yehh bruce was air-man dat dun it init,▁bin ▁bang ed ▁up,4.0,4.8559094657697396e-14,30.65599489212036,7.66399872303009,a - . </s>,3.83678642565815e-05,20.4877045750618,5.1219261437654495,7.0,9.0,0.0,19.0,0.0,3.0
4286,"person 1: oi wot apend ere, everyones bin banged up person 2: yehh bruce, was air-man dat dun it init",banged up,banged up,is_multiword,0,8,8|9,1,5.597768098115921,1,1.0,,,,,,,,,,,,,,,,,,,,,,,,,,,,,,,person 1 oi wot apend ere everyones bin <mask> <mask> <mask> person 2 yehh bruce was air-man dat dun it init,▁bang ed ▁up,3.0,1.4951579453872108e-10,22.623619079589844,7.541206359863281,- . </s>,0.0029371522625014,16.793304294347763,5.597768098115921,8.0,9.0,0.0,19.0,0.0,2.0
4286,"person 1: oi wot apend ere, everyones bin banged up person 2: yehh bruce, was air-man dat dun it init",air-man dat,air-man dat,is_multiword,0,15,15|16,1,5.07026469707489,0,1.0,,,,,,,,,,,,,,,,,,,,,,,,,,,,,,,person 1 oi wot apend ere everyones bin banged up person 2 yehh bruce was <mask> <mask> <mask> <mask> dun it init,▁air - man ▁dat,4.0,2.4788292361894384e-15,33.63099002838135,8.407747507095337,a e but i,1.592936738374803e-06,20.28105878829956,5.07026469707489,15.0,16.0,0.0,19.0,0.0,2.0
4286,"person 1: oi wot apend ere, everyones bin banged up person 2: yehh bruce, was air-man dat dun it init",air-man dat dun,air-man dat dun,is_multiword,0,15,15|16|17,1,4.675632667541504,0,1.0,,,,,,,,,,,,,,,,,,,,,,,,,,,,,,,person 1 oi wot apend ere everyones bin banged up person 2 yehh bruce was <mask> <mask> <mask> <mask> <mask> it init,▁air - man ▁dat ▁dun,5.0,1.667185557724782e-18,40.93539476394653,8.187078952789307,a in i i in,2.3713260601217804e-08,23.37816333770752,4.675632667541504,15.0,17.0,0.0,19.0,0.0,3.0
4286,"person 1: oi wot apend ere, everyones bin banged up person 2: yehh bruce, was air-man dat dun it init",dat dun,dat dun,is_multiword,0,16,16|17,1,6.676057934761047,0,1.0,,,,,,,,,,,,,,,,,,,,,,,,,,,,,,,person 1 oi wot apend ere everyones bin banged up person 2 yehh bruce was air-man <mask> <mask> it init,▁dat ▁dun,2.0,4.028379321885495e-09,19.329901695251465,9.664950847625732,- in,0.0025344317577891,13.352115869522097,6.676057934761047,16.0,17.0,0.0,19.0,0.0,2.0
4290,"""this game is such a fucking baby puncher",fucking baby,fucking baby,is_multiword,0,5,5|6,1,4.159168601036072,0,1.0,,,,,,,,,,,,,,,,,,,,,,,,,,,,,,,this game is such a <mask> <mask> puncher,▁fucking ▁baby,2.0,3.8435620747674793e-07,14.771696090698242,7.385848045349121,fun e,0.0015752222766568,8.318337202072144,4.159168601036072,5.0,6.0,0.0,7.0,0.0,2.0
4293,jim and jenny wanted to have a baby so jim went to the doctor to check on his cock stock levels,cock stock,cock stock,is_multiword,1,18,18|19,1,12.21350485086441,1,1.0,,,,,,,,,,,,,,,,,,,,,,,,,,,,,,,jim and jenny wanted to have a baby so jim went to the doctor to check on his <mask> <mask> levels,▁cock ▁stock,2.0,1.7006624870868085e-12,27.10000324249268,13.550001621246338,blood e,0.069045225935009,24.42700970172882,12.21350485086441,18.0,19.0,0.0,20.0,0.0,2.0
4299,'foocha foocha radical foocha trans psycho pleasure',foocha foocha,foocha foocha,is_multiword,0,0,0|1,1,6.104032476743062,1,1.0,,,,,,,,,,,,,,,,,,,,,,,,,,,,,,,<mask> <mask> <mask> <mask> <mask> <mask> radical foocha trans psycho pleasure,▁fo och a ▁fo och a,6.0,1.0628521615636816e-22,50.59591603279114,8.432652672131857,Tags : : trans trans trans,8.553790162867246e-07,36.62419486045837,6.104032476743062,0.0,1.0,0.0,6.0,0.0,2.0
4299,'foocha foocha radical foocha trans psycho pleasure',foocha foocha radical,foocha foocha radical,is_multiword,0,0,0|1|2,1,5.537397640092032,0,1.0,,,,,,,,,,,,,,,,,,,,,,,,,,,,,,,<mask> <mask> <mask> <mask> <mask> <mask> <mask> foocha trans psycho pleasure,▁fo och a ▁fo och a ▁radical,7.0,1.600550000276189e-25,57.09428000450134,8.156325714928764," : : , </s> a a",1.09218930671461e-08,38.76178348064423,5.537397640092032,0.0,2.0,0.0,6.0,0.0,3.0
4299,'foocha foocha radical foocha trans psycho pleasure',foocha foocha radical foocha,foocha foocha radical foocha,is_multiword,0,0,0|1|2|3,1,6.855591034889221,0,1.0,,,,,,,,,,,,,,,,,,,,,,,,,,,,,,,<mask> <mask> <mask> <mask> <mask> <mask> <mask> <mask> <mask> <mask> trans psycho pleasure,▁fo och a ▁fo och a ▁radical ▁fo och a,10.0,2.2237126125578106e-44,100.51456594467165,10.051456594467163,"</s> : : , , , , , sex ,",1.3198732458776282e-14,68.55591034889221,6.855591034889221,0.0,3.0,0.0,6.0,0.0,4.0
4299,'foocha foocha radical foocha trans psycho pleasure',foocha foocha radical foocha trans,foocha foocha radical foocha trans,is_multiword,0,0,0|1|2|3|4,1,6.452019236304543,0,1.0,,,,,,,,,,,,,,,,,,,,,,,,,,,,,,,<mask> <mask> <mask> <mask> <mask> <mask> <mask> <mask> <mask> <mask> <mask> psycho pleasure,▁fo och a ▁fo och a ▁radical ▁fo och a ▁trans,11.0,1.260455804982464e-46,105.68744087219238,9.607949170199308," : : , , , , , , , the",8.382382777459066e-16,70.97221159934998,6.452019236304543,0.0,4.0,0.0,6.0,0.0,5.0
4299,'foocha foocha radical foocha trans psycho pleasure',foocha foocha radical foocha trans psycho,foocha foocha radical foocha trans psycho,is_multiword,0,0,0|1|2|3|4|5,1,7.195085108280182,0,1.0,,,,,,,,,,,,,,,,,,,,,,,,,,,,,,,<mask> <mask> <mask> <mask> <mask> <mask> <mask> <mask> <mask> <mask> <mask> <mask> pleasure,▁fo och a ▁fo och a ▁radical ▁fo och a ▁trans ▁psycho,12.0,4.811490866523516e-53,120.4660029411316,10.038833578427631," : , , , , , , , , , ,",1.5125466495747396e-15,86.34102129936218,7.195085108280182,0.0,5.0,0.0,6.0,0.0,6.0
4299,'foocha foocha radical foocha trans psycho pleasure',foocha radical,foocha radical,is_multiword,0,1,1|2,1,8.782171539962292,0,1.0,,,,,,,,,,,,,,,,,,,,,,,,,,,,,,,foocha <mask> <mask> <mask> <mask> foocha trans psycho pleasure,▁fo och a ▁radical,4.0,2.2451267419138072e-18,40.63776969909668,10.15944242477417,trans  sex </s>,0.0040498171815218,35.12868615984917,8.782171539962292,1.0,2.0,0.0,6.0,0.0,2.0
4299,'foocha foocha radical foocha trans psycho pleasure',foocha radical foocha,foocha radical foocha,is_multiword,0,1,1|2|3,1,3.5479846000671387,0,1.0,,,,,,,,,,,,,,,,,,,,,,,,,,,,,,,foocha <mask> <mask> <mask> <mask> <mask> <mask> <mask> trans psycho pleasure,▁fo och a ▁radical ▁fo och a,7.0,1.7195994974649993e-21,47.81219553947449,6.830313648496356,". . , </s> , sex ,",1.0507955993709271e-10,24.83589220046997,3.5479846000671387,1.0,3.0,0.0,6.0,0.0,3.0
4299,'foocha foocha radical foocha trans psycho pleasure',foocha radical foocha trans,foocha radical foocha trans,is_multiword,0,1,1|2|3|4,1,3.955871611833573,0,1.0,,,,,,,,,,,,,,,,,,,,,,,,,,,,,,,foocha <mask> <mask> <mask> <mask> <mask> <mask> <mask> <mask> psycho pleasure,▁fo och a ▁radical ▁fo och a ▁trans,8.0,3.2370016527546265e-25,56.38997983932495,7.048747479915619,". . , , , , , ,",1.7957613425411655e-11,31.64697289466858,3.955871611833573,1.0,4.0,0.0,6.0,0.0,4.0
4299,'foocha foocha radical foocha trans psycho pleasure',foocha radical foocha trans psycho,foocha radical foocha trans psycho,is_multiword,0,1,1|2|3|4|5,1,6.077588902579413,0,1.0,,,,,,,,,,,,,,,,,,,,,,,,,,,,,,,foocha <mask> <mask> <mask> <mask> <mask> <mask> <mask> <mask> <mask> pleasure,▁fo och a ▁radical ▁fo och a ▁trans ▁psycho,9.0,4.3823354077396814e-36,81.41548156738281,9.046164618598093,". s , , , , , , ,",2.4938798532036053e-12,54.69830012321472,6.077588902579413,1.0,5.0,0.0,6.0,0.0,5.0
4299,'foocha foocha radical foocha trans psycho pleasure',radical foocha,radical foocha,is_multiword,0,2,2|3,1,4.745220243930817,0,1.0,,,,,,,,,,,,,,,,,,,,,,,,,,,,,,,foocha foocha <mask> <mask> <mask> <mask> trans psycho pleasure,▁radical ▁fo och a,4.0,2.7504398291906152e-11,24.316675186157227,6.079168796539307,fo och a trans,0.0048160836090943,18.980880975723267,4.745220243930817,2.0,3.0,0.0,6.0,0.0,2.0
4299,'foocha foocha radical foocha trans psycho pleasure',radical foocha trans,radical foocha trans,is_multiword,0,2,2|3|4,1,6.910247790813446,0,1.0,,,,,,,,,,,,,,,,,,,,,,,,,,,,,,,foocha foocha <mask> <mask> <mask> <mask> <mask> psycho pleasure,▁radical ▁fo och a ▁trans,5.0,2.955342321722504e-18,40.36291718482971,8.072583436965942,fo och a och a,0.0029924039116784,34.55123895406723,6.910247790813446,2.0,4.0,0.0,6.0,0.0,3.0
4299,'foocha foocha radical foocha trans psycho pleasure',radical foocha trans psycho,radical foocha trans psycho,is_multiword,0,2,2|3|4|5,1,7.669648786385854,0,1.0,,,,,,,,,,,,,,,,,,,,,,,,,,,,,,,foocha foocha <mask> <mask> <mask> <mask> <mask> <mask> pleasure,▁radical ▁fo och a ▁trans ▁psycho,6.0,7.174046318463059e-26,57.89674258232117,9.649457097053528,fo och a a sex a,6.935552326721024e-06,46.017892718315125,7.669648786385854,2.0,5.0,0.0,6.0,0.0,4.0
4299,'foocha foocha radical foocha trans psycho pleasure',foocha trans,foocha trans,is_multiword,0,3,3|4,1,3.452011585235596,0,1.0,,,,,,,,,,,,,,,,,,,,,,,,,,,,,,,foocha foocha radical <mask> <mask> <mask> <mask> psycho pleasure,▁fo och a ▁trans,4.0,2.6337406430591063e-11,24.36003088951111,6.090007722377777,e o sex a,2.6141550179317506e-05,13.808046340942385,3.452011585235596,3.0,4.0,0.0,6.0,0.0,2.0
4299,'foocha foocha radical foocha trans psycho pleasure',foocha trans psycho,foocha trans psycho,is_multiword,0,3,3|4|5,1,4.77745509147644,0,1.0,,,,,,,,,,,,,,,,,,,,,,,,,,,,,,,foocha foocha radical <mask> <mask> <mask> <mask> <mask> pleasure,▁fo och a ▁trans ▁psycho,5.0,4.513497635960797e-17,37.63687419891357,7.527374839782714,sex sex sex sex a,1.06813252127693e-06,23.8872754573822,4.77745509147644,3.0,5.0,0.0,6.0,0.0,3.0
4299,'foocha foocha radical foocha trans psycho pleasure',trans psycho,trans psycho,is_multiword,0,4,4|5,1,8.868652284145355,0,1.0,,,,,,,,,,,,,,,,,,,,,,,,,,,,,,,foocha foocha radical foocha <mask> <mask> pleasure,▁trans ▁psycho,2.0,3.130408496919913e-10,21.88468742370605,10.942343711853027,sex och,0.0158057282779756,17.73730456829071,8.868652284145355,4.0,5.0,0.0,6.0,0.0,2.0
4301,going through the 20 item express checkout line with more than 20 items will result in a ass mash beat down,ass mash,ass mash,is_multiword,1,17,17|18,1,12.947595715522766,0,1.0,,,,,,,,,,,,,,,,,,,,,,,,,,,,,,,going through the 20 item express checkout line with more than 20 items will result in a <mask> <mask> beat down,▁ass ▁mash,2.0,4.32454262654417e-14,30.77188491821289,15.385942459106444,very of,0.0076221752269397,25.89519143104553,12.947595715522766,17.0,18.0,0.0,20.0,0.0,2.0
4301,going through the 20 item express checkout line with more than 20 items will result in a ass mash beat down,ass mash beat,ass mash beat,is_multiword,0,17,17|18|19,1,11.918814500172934,0,1.0,,,,,,,,,,,,,,,,,,,,,,,,,,,,,,,going through the 20 item express checkout line with more than 20 items will result in a <mask> <mask> <mask> down,▁ass ▁mash ▁beat,3.0,1.1648324646527255e-19,43.59653949737549,14.532179832458496,20% of pping,0.0003936312514784,35.7564435005188,11.918814500172934,17.0,19.0,0.0,20.0,0.0,3.0
4301,going through the 20 item express checkout line with more than 20 items will result in a ass mash beat down,ass mash beat down,ass mash beat down,is_multiword,0,17,17|18|19|20,1,10.600557297468184,0,1.0,,,,,,,,,,,,,,,,,,,,,,,,,,,,,,,going through the 20 item express checkout line with more than 20 items will result in a <mask> <mask> <mask> <mask>,▁ass ▁mash ▁beat ▁down,4.0,2.4350044555116266e-23,52.06950855255127,13.017377138137816,free of out .,6.332189711290111e-05,42.40222918987274,10.600557297468184,17.0,20.0,0.0,20.0,0.0,4.0
4301,going through the 20 item express checkout line with more than 20 items will result in a ass mash beat down,mash beat,mash beat,is_multiword,0,18,18|19,1,9.613927841186523,0,1.0,,,,,,,,,,,,,,,,,,,,,,,,,,,,,,,going through the 20 item express checkout line with more than 20 items will result in a ass <mask> <mask> down,▁mash ▁beat,2.0,3.682556131862842e-11,24.02482891082764,12.012414455413818,hole t,0.0082546943490569,19.227855682373047,9.613927841186523,18.0,19.0,0.0,20.0,0.0,2.0
4301,going through the 20 item express checkout line with more than 20 items will result in a ass mash beat down,mash beat down,mash beat down,is_multiword,0,18,18|19|20,1,9.128612319628395,0,1.0,,,,,,,,,,,,,,,,,,,,,,,,,,,,,,,going through the 20 item express checkout line with more than 20 items will result in a ass <mask> <mask> <mask>,▁mash ▁beat ▁down,3.0,1.065184495004088e-15,34.47562837600708,11.491876125335692,hole ticket .,0.0008335712161583,27.385836958885196,9.128612319628395,18.0,20.0,0.0,20.0,0.0,3.0
4301,going through the 20 item express checkout line with more than 20 items will result in a ass mash beat down,beat down,beat down,is_multiword,0,19,19|20,1,7.750888764858246,1,1.0,,,,,,,,,,,,,,,,,,,,,,,,,,,,,,,going through the 20 item express checkout line with more than 20 items will result in a ass mash <mask> <mask>,▁beat ▁down,2.0,1.567101964192832e-08,17.971452713012695,8.985726356506348,up .,0.0846123380392403,15.501777529716492,7.750888764858246,19.0,20.0,0.0,20.0,0.0,2.0
4304,he got all excited and then bam - it was bazooka joe all over the place,bam it,bam it,is_multiword,0,6,6|7,1,8.825402796268463,0,1.0,,,,,,,,,,,,,,,,,,,,,,,,,,,,,,,he got all excited and then <mask> <mask> it was bazooka joe all over the place,▁bam ▁-,2.0,2.215911924151993e-09,19.92760181427002,9.96380090713501,he that,0.1026124281276299,17.650805592536926,8.825402796268463,6.0,7.0,0.0,15.0,0.0,2.0
4305,"""whoa bizzle, that basketbazizzle game was off the hizzle for shizzle",whoa bizzle,whoa bizzle,is_multiword,0,0,0|1,1,7.342946112155914,0,1.0,,,,,,,,,,,,,,,,,,,,,,,,,,,,,,,<mask> <mask> <mask> <mask> that basketbazizzle game was off the hizzle for shizzle,▁who a ▁biz zle,4.0,4.664896589109553e-18,39.906466007232666,9.976616501808168,I was to say,2.659781313279792e-05,29.371784448623657,7.342946112155914,0.0,1.0,0.0,10.0,0.0,2.0
4307,the decoronation of the king passed off in a bloodless fashion,decoronation of,decoronation of,is_multiword,0,1,1|2,1,4.583955645561218,0,1.0,,,,,,,,,,,,,,,,,,,,,,,,,,,,,,,the <mask> <mask> <mask> <mask> the king passed off in a bloodless fashion,▁decor on ation ▁of,4.0,5.727413968760367e-13,28.188342094421387,7.047085523605347,king of s when,5.261446309796952e-05,18.335822582244877,4.583955645561218,1.0,2.0,0.0,10.0,0.0,2.0
4307,the decoronation of the king passed off in a bloodless fashion,king passed,king passed,is_multiword,0,4,4|5,1,2.926530957221985,0,1.0,,,,,,,,,,,,,,,,,,,,,,,,,,,,,,,the decoronation of the <mask> <mask> off in a bloodless fashion,▁king ▁passed,2.0,5.393377915775236e-06,12.130338668823242,6.065169334411621,world s,0.0018785092771284,5.85306191444397,2.926530957221985,4.0,5.0,0.0,10.0,0.0,2.0
4307,the decoronation of the king passed off in a bloodless fashion,king passed off,king passed off,is_multiword,0,4,4|5|6,1,5.99413553873698,0,1.0,,,,,,,,,,,,,,,,,,,,,,,,,,,,,,,the decoronation of the <mask> <mask> <mask> in a bloodless fashion,▁king ▁passed ▁off,3.0,4.996213579214034e-12,26.022340774536133,8.674113591512045,human of s,0.0003223301721787,17.982406616210938,5.99413553873698,4.0,6.0,0.0,10.0,0.0,3.0
4307,the decoronation of the king passed off in a bloodless fashion,passed off,passed off,is_multiword,0,5,5|6,1,8.449540972709656,1,1.0,,,,,,,,,,,,,,,,,,,,,,,,,,,,,,,the decoronation of the king <mask> <mask> in a bloodless fashion,▁passed ▁off,2.0,2.270999817243814e-09,19.903045654296875,9.951522827148438,dom s,0.0495901175087783,16.89908194541931,8.449540972709656,5.0,6.0,0.0,10.0,0.0,2.0
4313,that ho i fucked last night shit on my dick and i made a yodel in her loose ass,loose ass,loose ass,is_multiword,0,17,17|18,1,4.428825338681539,1,1.0,,,,,,,,,,,,,,,,,,,,,,,,,,,,,,,that ho i fucked last night shit on my dick and i made a yodel in her <mask> <mask> <mask>,▁loo se ▁ass,3.0,2.9096600948423627e-09,19.655229568481445,6.551743189493815,pussy . </s>,0.001714294672845,13.286476016044617,4.428825338681539,17.0,18.0,0.0,18.0,0.0,2.0
4316,ally kayy loves to be kool,ally kayy,ally kayy,is_multiword,1,0,0|1,1,6.215799391269684,1,1.0,,,,,,,,,,,,,,,,,,,,,,,,,,,,,,,<mask> <mask> <mask> <mask> loves to be kool,▁ ally ▁kay y,4.0,9.570364083098256e-16,34.58269023895264,8.64567255973816,The the girl who,6.010048335915129e-05,24.863197565078732,6.215799391269684,0.0,1.0,0.0,5.0,0.0,2.0
4318,that's an arentious looking dress she's wearing,arentious looking,arentious looking,is_multiword,0,2,2|3,1,7.191387131810188,1,1.0,,,,,,,,,,,,,,,,,,,,,,,,,,,,,,,that's an <mask> <mask> <mask> <mask> dress she's wearing,▁are nti ous ▁looking,4.0,7.532758379733432e-17,37.12468528747559,9.281171321868896,amazing of of the,0.0002342464573728,28.765548527240757,7.191387131810188,2.0,3.0,0.0,6.0,0.0,2.0
4319,"ottawa is [brill] and has some cute [snotty] [lux] [poon]s who need a good [emeril]ing, [good times]",emeril ing,emeril ing,is_multiword,0,15,15|16,1,10.807655175526936,0,1.0,,,,,,,,,,,,,,,,,,,,,,,,,,,,,,,ottawa is brill and has some cute snotty lux poon s who need a good <mask> <mask> <mask> good times,▁emer il ▁ing,3.0,1.128160854797047e-16,36.7207727432251,12.240257581075031,time and have,0.0135983445672637,32.42296552658081,10.807655175526936,15.0,16.0,0.0,18.0,0.0,2.0
4324,go fuck a cow you goter,go fuck,go fuck,is_multiword,0,0,0|1,1,4.660268694162369,0,1.0,,,,,,,,,,,,,,,,,,,,,,,,,,,,,,,<mask> <mask> a cow you goter,▁go ▁fuck,2.0,6.242436923049076e-06,11.984139919281006,5.992069959640503,What what,0.0696966844679396,9.320537388324738,4.660268694162369,0.0,1.0,0.0,5.0,0.0,2.0
4324,go fuck a cow you goter,go fuck a,go fuck a,is_multiword,0,0,0|1|2,1,2.4103318055470786,0,1.0,,,,,,,,,,,,,,,,,,,,,,,,,,,,,,,<mask> <mask> <mask> cow you goter,▁go ▁fuck ▁a,3.0,7.830098332694024e-07,14.060120582580566,4.6867068608601885,You is the,0.001081804102829,7.230995416641235,2.4103318055470786,0.0,2.0,0.0,5.0,0.0,3.0
4324,go fuck a cow you goter,go fuck a cow,go fuck a cow,is_multiword,0,0,0|1|2|3,1,4.449389982223511,0,1.0,,,,,,,,,,,,,,,,,,,,,,,,,,,,,,,<mask> <mask> <mask> <mask> <mask> you goter,▁go ▁fuck ▁a ▁co w,5.0,1.009914552746703e-16,36.83149576187134,7.366299152374268,"</s> you you , what",4.634599558799506e-07,22.246949911117557,4.449389982223511,0.0,3.0,0.0,5.0,0.0,4.0
4324,go fuck a cow you goter,go fuck a cow you,go fuck a cow you,is_multiword,0,0,0|1|2|3|4,1,4.268919269243876,0,1.0,,,,,,,,,,,,,,,,,,,,,,,,,,,,,,,<mask> <mask> <mask> <mask> <mask> <mask> goter,▁go ▁fuck ▁a ▁co w ▁you,6.0,2.2027562945055385e-19,42.959407329559326,7.159901221593221,"</s> : : : , the",2.92937482471049e-08,25.613515615463257,4.268919269243876,0.0,4.0,0.0,5.0,0.0,5.0
4324,go fuck a cow you goter,go fuck a cow you goter,go fuck a cow you goter,is_multiword,0,0,0|1|2|3|4|5,1,6.785939320921898,1,1.0,,,,,,,,,,,,,,,,,,,,,,,,,,,,,,,<mask> <mask> <mask> <mask> <mask> <mask> <mask> <mask>,▁go ▁fuck ▁a ▁co w ▁you ▁got er,8.0,7.818704673282025e-34,76.23137426376343,9.528921782970428,"</s> : , </s> </s> . . </s>",2.9505489375083777e-10,54.28751456737518,6.785939320921898,0.0,5.0,0.0,5.0,0.0,6.0
4324,go fuck a cow you goter,fuck a,fuck a,is_multiword,0,1,1|2,1,0.8319035172462463,0,1.0,,,,,,,,,,,,,,,,,,,,,,,,,,,,,,,go <mask> <mask> cow you goter,▁fuck ▁a,2.0,0.0027430332675171,5.898690938949585,2.9493454694747925,fuck the,0.0144814913367702,1.663807034492493,0.8319035172462463,1.0,2.0,0.0,5.0,0.0,2.0
4324,go fuck a cow you goter,fuck a cow,fuck a cow,is_multiword,0,1,1|2|3,1,3.7235031127929688,0,1.0,,,,,,,,,,,,,,,,,,,,,,,,,,,,,,,go <mask> <mask> <mask> <mask> you goter,▁fuck ▁a ▁co w,4.0,6.628420727963351e-12,25.739654541015625,6.434913635253906,"to , , what",1.9489355955815963e-05,14.894012451171877,3.7235031127929688,1.0,3.0,0.0,5.0,0.0,3.0
4324,go fuck a cow you goter,fuck a cow you,fuck a cow you,is_multiword,0,1,1|2|3|4,1,3.42379469871521,0,1.0,,,,,,,,,,,,,,,,,,,,,,,,,,,,,,,go <mask> <mask> <mask> <mask> <mask> goter,▁fuck ▁a ▁co w ▁you,5.0,1.423738695083609e-14,31.88290500640869,6.376581001281738,"er go go got ,",3.873521873855158e-07,17.11897349357605,3.42379469871521,1.0,4.0,0.0,5.0,0.0,4.0
4324,go fuck a cow you goter,fuck a cow you goter,fuck a cow you goter,is_multiword,0,1,1|2|3|4|5,1,6.1387675149100165,0,1.0,,,,,,,,,,,,,,,,,,,,,,,,,,,,,,,go <mask> <mask> <mask> <mask> <mask> <mask> <mask>,▁fuck ▁a ▁co w ▁you ▁got er,7.0,4.914347307220233e-25,55.97246837615967,7.996066910879953,to . . . . . </s>,2.2578539582929045e-06,42.97137260437012,6.1387675149100165,1.0,5.0,0.0,5.0,0.0,5.0
4324,go fuck a cow you goter,a cow,a cow,is_multiword,0,2,2|3,1,5.097583889961243,0,1.0,,,,,,,,,,,,,,,,,,,,,,,,,,,,,,,go fuck <mask> <mask> <mask> you goter,▁a ▁co w,3.0,2.298338363373464e-09,19.891079425811768,6.630359808603923,me fuck fuck,0.0100686589296852,15.292751669883728,5.097583889961243,2.0,3.0,0.0,5.0,0.0,2.0
4324,go fuck a cow you goter,a cow you,a cow you,is_multiword,0,2,2|3|4,1,3.5143480598926544,0,1.0,,,,,,,,,,,,,,,,,,,,,,,,,,,,,,,go fuck <mask> <mask> <mask> <mask> goter,▁a ▁co w ▁you,4.0,2.7727336805797615e-10,22.006017208099365,5.501504302024841,me fuck fuck fuck,0.0003531474197474,14.057392239570618,3.5143480598926544,2.0,4.0,0.0,5.0,0.0,3.0
4324,go fuck a cow you goter,a cow you goter,a cow you goter,is_multiword,0,2,2|3|4|5,1,4.08999502658844,0,1.0,,,,,,,,,,,,,,,,,,,,,,,,,,,,,,,go fuck <mask> <mask> <mask> <mask> <mask> <mask>,▁a ▁co w ▁you ▁got er,6.0,5.1024307551587234e-17,37.51422953605652,6.252371589342753,me fuck fuck fuck fuck </s>,2.3192669859874773e-06,24.53997015953064,4.08999502658844,2.0,5.0,0.0,5.0,0.0,4.0
4324,go fuck a cow you goter,cow you,cow you,is_multiword,0,3,3|4,1,4.251600941022237,0,1.0,,,,,,,,,,,,,,,,,,,,,,,,,,,,,,,go fuck a <mask> <mask> <mask> goter,▁co w ▁you,3.0,1.2718142245674764e-08,18.18023633956909,6.060078779856364,guy with a,0.0044031569068098,12.754802823066711,4.251600941022237,3.0,4.0,0.0,5.0,0.0,2.0
4324,go fuck a cow you goter,cow you goter,cow you goter,is_multiword,0,3,3|4|5,1,3.864206695556641,0,1.0,,,,,,,,,,,,,,,,,,,,,,,,,,,,,,,go fuck a <mask> <mask> <mask> <mask> <mask>,▁co w ▁you ▁got er,5.0,1.6465270030912895e-14,31.737523078918457,6.347504615783691,girl with fuck fuck </s>,4.0512316938824245e-06,19.321033477783203,3.864206695556641,3.0,5.0,0.0,5.0,0.0,3.0
4324,go fuck a cow you goter,you goter,you goter,is_multiword,0,4,4|5,1,3.613802433013916,0,1.0,,,,,,,,,,,,,,,,,,,,,,,,,,,,,,,go fuck a cow <mask> <mask> <mask>,▁you ▁got er,3.0,2.862703953870204e-08,17.368914127349854,5.789638042449951,with a fuck,0.0014626479401615,10.841407299041748,3.613802433013916,4.0,5.0,0.0,5.0,0.0,2.0
4325,jennifer has an aila she probably is a slut,an aila,an aila,is_multiword,0,2,2|3,1,5.795014659563701,0,1.0,,,,,,,,,,,,,,,,,,,,,,,,,,,,,,,jennifer has <mask> <mask> <mask> she probably is a slut,▁an ▁a ila,3.0,2.4268461779534223e-10,22.13925838470459,7.37975279490153,a idea that,0.0086153101713316,17.3850439786911,5.795014659563701,2.0,3.0,0.0,8.0,0.0,2.0
4326,hey wanna go crawfish hunting at elkhorn lake?,hey wanna,hey wanna,is_multiword,0,0,0|1,1,7.949087580045064,1,1.0,,,,,,,,,,,,,,,,,,,,,,,,,,,,,,,<mask> <mask> <mask> go crawfish hunting at elkhorn lake,▁hey ▁wan na,3.0,7.277761204697028e-13,27.9487829208374,9.316260973612469,How you to,0.0165475010800385,23.847262740135196,7.949087580045064,0.0,1.0,0.0,7.0,0.0,2.0
4326,hey wanna go crawfish hunting at elkhorn lake?,crawfish hunting,crawfish hunting,is_multiword,0,3,3|4,1,6.901740193367004,1,1.0,,,,,,,,,,,,,,,,,,,,,,,,,,,,,,,hey wanna go <mask> <mask> <mask> <mask> <mask> at elkhorn lake,▁c raw fish ▁hun ting,5.0,5.6299472531214e-22,48.92877197265625,9.78575439453125,to the the the night,5.46314507584383e-07,34.50870096683502,6.901740193367004,3.0,4.0,0.0,7.0,0.0,2.0
4327,will is an adimanic because his testicles r shaped weird and hes only a tadpole,r shaped,r shaped,is_multiword,0,7,7|8,1,5.980456173419952,0,1.0,,,,,,,,,,,,,,,,,,,,,,,,,,,,,,,will is an adimanic because his testicles <mask> <mask> <mask> weird and hes only a tadpole,▁r ▁shape d,3.0,2.1037583948104767e-10,22.28212547302246,7.427375157674153,are a so,0.0130266639012757,17.941368520259857,5.980456173419952,7.0,8.0,0.0,14.0,0.0,2.0
4327,will is an adimanic because his testicles r shaped weird and hes only a tadpole,r shaped weird,r shaped weird,is_multiword,0,7,7|8|9,1,5.550208210945129,0,1.0,,,,,,,,,,,,,,,,,,,,,,,,,,,,,,,will is an adimanic because his testicles <mask> <mask> <mask> <mask> and hes only a tadpole,▁r ▁shape d ▁weird,4.0,5.43826467722436e-14,30.54273128509521,7.635682821273804,"are not  ,",0.0002383194776614,22.20083284378052,5.550208210945129,7.0,9.0,0.0,14.0,0.0,3.0
4327,will is an adimanic because his testicles r shaped weird and hes only a tadpole,shaped weird,shaped weird,is_multiword,0,8,8|9,1,4.9072416226069135,0,1.0,,,,,,,,,,,,,,,,,,,,,,,,,,,,,,,will is an adimanic because his testicles r <mask> <mask> <mask> and hes only a tadpole,▁shape d ▁weird,3.0,6.499567900997486e-11,23.456700325012207,7.818900108337402,"a in ,",0.0001608601092717,14.72172486782074,4.9072416226069135,8.0,9.0,0.0,14.0,0.0,2.0
4333,"you see that dude over there with like 30 bracelets, anklets and necklaces on? with the rolled up skinny jeans and no shoes? yeah, he's a total melt",total melt,total melt,is_multiword,0,26,26|27,1,4.053741534550984,0,1.0,,,,,,,,,,,,,,,,,,,,,,,,,,,,,,,you see that dude over there with like 30 bracelets anklets and necklaces on with the rolled up skinny jeans and no shoes yeah he's a <mask> <mask> <mask>,▁total ▁ melt,3.0,7.183982464923652e-10,21.05399703979492,7.017999013264974,big guy guy,0.000137378257076,12.161224603652954,4.053741534550984,26.0,27.0,0.0,27.0,0.0,2.0
4338,that person is an aleia,an aleia,an aleia,is_multiword,0,3,3|4,1,6.314082702000936,0,1.0,,,,,,,,,,,,,,,,,,,,,,,,,,,,,,,that person is <mask> <mask> <mask>,▁an ▁ale ia,3.0,6.364297198958243e-12,25.780317306518555,8.593439102172852,not of .,0.0010721715506817,18.942248106002808,6.314082702000936,3.0,4.0,0.0,4.0,0.0,2.0
4354,"i told april she looked nice today, she took it wrong so i called her a deefeeshee",a deefeeshee,a deefeeshee,is_multiword,0,15,15|16,1,5.424166182676951,0,1.0,,,,,,,,,,,,,,,,,,,,,,,,,,,,,,,i told april she looked nice today she took it wrong so i called her <mask> <mask> <mask> <mask> <mask> <mask>,▁a ▁de e fe es hee,6.0,1.3382299632505035e-20,45.76035404205322,7.626725673675537,i i i i . .,1.8223987211530765e-06,32.54499709606171,5.424166182676951,15.0,16.0,0.0,16.0,0.0,2.0
4364,i'm thinking of pulling a burda to get out of tomorrow's meeting,get out,get out,is_multiword,0,7,7|8,1,2.416505813598633,1,1.0,,,,,,,,,,,,,,,,,,,,,,,,,,,,,,,i'm thinking of pulling a burda to <mask> <mask> of tomorrow's meeting,▁get ▁out,2.0,0.0004275593535913,7.757417440414429,3.8787087202072144,the ahead,0.0536965882386188,4.833011627197266,2.416505813598633,7.0,8.0,0.0,11.0,0.0,2.0
4365,priya - what are you guys upto? mild - we are working on our noc list,guys upto,guys upto,is_multiword,0,4,4|5,1,2.202325701713562,0,1.0,,,,,,,,,,,,,,,,,,,,,,,,,,,,,,,priya - what are <mask> <mask> upto mild - we are working on our noc list,▁you ▁guys,2.0,0.000579723496025,7.452959299087524,3.726479649543762,you doing,0.0474391284703203,4.404651403427124,2.202325701713562,4.0,5.0,0.0,15.0,0.0,2.0
4368,i was beluptuously [chilly dog]in my mom last night when my dad walked in,beluptuously chilly,beluptuously chilly,is_multiword,0,2,2|3,1,7.728661338488261,0,1.0,,,,,,,,,,,,,,,,,,,,,,,,,,,,,,,i was <mask> <mask> <mask> <mask> <mask> <mask> dog in my mom last night when my dad walked in,▁be lup tu ously ▁chill y,6.0,1.2227138007124055e-26,59.66613960266113,9.944356600443522,in and and i with my,1.684281370078424e-06,46.371968030929565,7.728661338488261,2.0,3.0,0.0,14.0,0.0,2.0
4370,dude1:-your mum's your dad's grandma dude2:-woah youre blagging my head,dude 1,dude 1,is_multiword,0,0,0|1,1,3.427944266796112,1,1.0,,,,,,,,,,,,,,,,,,,,,,,,,,,,,,,<mask> <mask> <mask> <mask> <mask> mum's your dad's grandma dude2 -woah youre blagging my head,▁du de 1 ▁- your,5.0,1.6372574165626729e-12,27.137998580932617,5.427599716186523,- ' ' s your,4.547821003929178e-05,17.13972133398056,3.427944266796112,0.0,1.0,0.0,11.0,0.0,2.0
4370,dude1:-your mum's your dad's grandma dude2:-woah youre blagging my head,grandma dude,grandma dude,is_multiword,0,6,6|7,1,4.996959129969279,0,1.0,,,,,,,,,,,,,,,,,,,,,,,,,,,,,,,dude1 -your mum's your dad's grandma <mask> <mask> <mask> <mask> <mask> <mask> youre blagging my head,▁du de 2 ▁- wo ah,6.0,7.883157914847442e-20,43.98697328567505,7.331162214279175,' s ' ' ' and,8.272006843700344e-07,29.981754779815677,4.996959129969279,6.0,7.0,0.0,11.0,0.0,2.0
4370,dude1:-your mum's your dad's grandma dude2:-woah youre blagging my head,grandma dude 2,grandma dude 2,is_multiword,0,6,6|7|8,1,5.101964890956879,1,1.0,,,,,,,,,,,,,,,,,,,,,,,,,,,,,,,dude1 -your mum's your dad's grandma <mask> <mask> <mask> <mask> <mask> <mask> <mask> <mask> blagging my head,▁du de 2 ▁- wo ah ▁your e,8.0,2.5117593323411592e-26,58.94622898101807,7.368278622627258,' s ' ' ' ' ' s,1.3366558904218497e-08,40.81571912765503,5.101964890956879,6.0,8.0,0.0,11.0,0.0,3.0
4370,dude1:-your mum's your dad's grandma dude2:-woah youre blagging my head,grandma dude 2 woah,grandma dude 2 woah,is_multiword,0,6,6|7|8|9,1,5.225270545482635,0,1.0,,,,,,,,,,,,,,,,,,,,,,,,,,,,,,,dude1 -your mum's your dad's grandma <mask> <mask> <mask> <mask> <mask> <mask> <mask> <mask> <mask> <mask> my head,▁du de 2 ▁- wo ah ▁your e ▁bla gging,10.0,2.9843978245132445e-33,74.89191007614136,7.489191007614136,' s ' ' ' ' ' ' ' in,1.4720357528394158e-10,52.25270545482636,5.225270545482635,6.0,9.0,0.0,11.0,0.0,4.0
4370,dude1:-your mum's your dad's grandma dude2:-woah youre blagging my head,grandma dude 2 woah youre,grandma dude 2 woah youre,is_multiword,0,6,6|7|8|9|10,1,5.18993091583252,0,1.0,,,,,,,,,,,,,,,,,,,,,,,,,,,,,,,dude1 -your mum's your dad's grandma <mask> <mask> <mask> <mask> <mask> <mask> <mask> <mask> <mask> <mask> <mask> head,▁du de 2 ▁- wo ah ▁your e ▁bla gging ▁my,11.0,8.659274307764991e-35,78.43184733390808,7.130167939446189,' s ' ' ' ' ' ' ' ' s,5.382988322193134e-10,57.08924007415772,5.18993091583252,6.0,10.0,0.0,11.0,0.0,5.0
4370,dude1:-your mum's your dad's grandma dude2:-woah youre blagging my head,grandma dude 2 woah youre blagging,grandma dude 2 woah youre blagging,is_multiword,0,6,6|7|8|9|10|11,1,5.589102605978648,0,1.0,,,,,,,,,,,,,,,,,,,,,,,,,,,,,,,dude1 -your mum's your dad's grandma <mask> <mask> <mask> <mask> <mask> <mask> <mask> <mask> <mask> <mask> <mask> <mask>,▁du de 2 ▁- wo ah ▁your e ▁bla gging ▁my ▁head,12.0,6.529136333880535e-42,94.83229923248292,7.902691602706909,' s ' ' ' ' ' ' ' s mother .,8.762999440129709e-13,67.06923127174377,5.589102605978648,6.0,11.0,0.0,11.0,0.0,6.0
4370,dude1:-your mum's your dad's grandma dude2:-woah youre blagging my head,dude 2,dude 2,is_multiword,0,7,7|8,1,3.447449517250061,0,1.0,,,,,,,,,,,,,,,,,,,,,,,,,,,,,,,dude1 -your mum's your dad's grandma dude2 <mask> <mask> <mask> <mask> <mask> blagging my head,▁- wo ah ▁your e,5.0,1.863521321248283e-11,24.705968141555783,4.941193628311157,- you mum ' s,0.0005706579552926,17.237247586250305,3.447449517250061,7.0,8.0,0.0,11.0,0.0,2.0
4370,dude1:-your mum's your dad's grandma dude2:-woah youre blagging my head,dude 2 woah,dude 2 woah,is_multiword,0,7,7|8|9,1,3.7811290706907,0,1.0,,,,,,,,,,,,,,,,,,,,,,,,,,,,,,,dude1 -your mum's your dad's grandma dude2 <mask> <mask> <mask> <mask> <mask> <mask> <mask> my head,▁- wo ah ▁your e ▁bla gging,7.0,5.583805460025876e-19,42.02924624085426,6.004178034407752,- you ' ' ' s in,1.744997119503945e-07,26.4679034948349,3.7811290706907,7.0,9.0,0.0,11.0,0.0,3.0
4370,dude1:-your mum's your dad's grandma dude2:-woah youre blagging my head,dude 2 woah youre,dude 2 woah youre,is_multiword,0,7,7|8|9|10,1,4.235607177019119,0,1.0,,,,,,,,,,,,,,,,,,,,,,,,,,,,,,,dude1 -your mum's your dad's grandma dude2 <mask> <mask> <mask> <mask> <mask> <mask> <mask> <mask> head,▁- wo ah ▁your e ▁bla gging ▁my,8.0,5.118653268286737e-21,46.72139558196068,5.840174447745085,- your ' ' ' ' ' your,2.661719632118351e-06,33.884857416152954,4.235607177019119,7.0,10.0,0.0,11.0,0.0,4.0
4370,dude1:-your mum's your dad's grandma dude2:-woah youre blagging my head,dude 2 woah youre blagging,dude 2 woah youre blagging,is_multiword,0,7,7|8|9|10|11,1,5.411269346872966,0,1.0,,,,,,,,,,,,,,,,,,,,,,,,,,,,,,,dude1 -your mum's your dad's grandma dude2 <mask> <mask> <mask> <mask> <mask> <mask> <mask> <mask> <mask>,▁- wo ah ▁your e ▁bla gging ▁my ▁head,9.0,9.098244749315844e-29,64.56688618659973,7.174098465177748,- your dad ' ' ' ' de 3,1.287411465093327e-07,48.70142412185669,5.411269346872966,7.0,11.0,0.0,11.0,0.0,5.0
4370,dude1:-your mum's your dad's grandma dude2:-woah youre blagging my head,2 woah,2 woah,is_multiword,0,8,8|9,1,4.365651249885559,0,1.0,,,,,,,,,,,,,,,,,,,,,,,,,,,,,,,dude1 -your mum's your dad's grandma dude2 -woah <mask> <mask> <mask> <mask> my head,▁your e ▁bla gging,4.0,3.1167471937591727e-12,26.49423122406006,6.623557806015015,you you ' in,0.0001195678907458,17.462604999542236,4.365651249885559,8.0,9.0,0.0,11.0,0.0,2.0
4370,dude1:-your mum's your dad's grandma dude2:-woah youre blagging my head,2 woah youre,2 woah youre,is_multiword,0,8,8|9|10,1,4.182024312019348,0,1.0,,,,,,,,,,,,,,,,,,,,,,,,,,,,,,,dude1 -your mum's your dad's grandma dude2 -woah <mask> <mask> <mask> <mask> <mask> head,▁your e ▁bla gging ▁my,5.0,8.383265704738295e-14,30.10995376110077,6.0219907522201535,you ' ' ' your,0.0001010563575698,20.91012156009674,4.182024312019348,8.0,10.0,0.0,11.0,0.0,3.0
4370,dude1:-your mum's your dad's grandma dude2:-woah youre blagging my head,2 woah youre blagging,2 woah youre blagging,is_multiword,0,8,8|9|10|11,1,4.990646302700043,0,1.0,,,,,,,,,,,,,,,,,,,,,,,,,,,,,,,dude1 -your mum's your dad's grandma dude2 -woah <mask> <mask> <mask> <mask> <mask> <mask>,▁your e ▁bla gging ▁my ▁head,6.0,1.0765246840255049e-19,43.67537879943848,7.279229799906413,you ' ' ' ' 3,1.0876393076073871e-06,29.943877816200256,4.990646302700043,8.0,11.0,0.0,11.0,0.0,4.0
4370,dude1:-your mum's your dad's grandma dude2:-woah youre blagging my head,woah youre,woah youre,is_multiword,0,9,9|10,1,4.208572228749593,0,1.0,,,,,,,,,,,,,,,,,,,,,,,,,,,,,,,dude1 -your mum's your dad's grandma dude2 -woah youre <mask> <mask> <mask> head,▁bla gging ▁my,3.0,3.4549028016182893e-09,19.48347151279449,6.494490504264832,got in my,0.0010512715720094,12.62571668624878,4.208572228749593,9.0,10.0,0.0,11.0,0.0,2.0
4370,dude1:-your mum's your dad's grandma dude2:-woah youre blagging my head,woah youre blagging,woah youre blagging,is_multiword,0,9,9|10|11,1,5.68867689371109,1,1.0,,,,,,,,,,,,,,,,,,,,,,,,,,,,,,,dude1 -your mum's your dad's grandma dude2 -woah youre <mask> <mask> <mask> <mask>,▁bla gging ▁my ▁head,4.0,1.3456278297909504e-15,34.241915702819824,8.560478925704956,my my du de,1.0260508808541742e-05,22.75470757484436,5.68867689371109,9.0,11.0,0.0,11.0,0.0,3.0
4370,dude1:-your mum's your dad's grandma dude2:-woah youre blagging my head,youre blagging,youre blagging,is_multiword,0,10,10|11,1,4.692436218261719,0,1.0,,,,,,,,,,,,,,,,,,,,,,,,,,,,,,,dude1 -your mum's your dad's grandma dude2 -woah youre blagging <mask> <mask>,▁my ▁head,2.0,9.51303450824356e-07,13.865432739257812,6.932716369628906,du de,0.0113270647909558,9.384872436523438,4.692436218261719,10.0,11.0,0.0,11.0,0.0,2.0
4371,"if i find one more concrete sock in this laundry basket, there'll be no dessert for a month",one more,one more,is_multiword,0,3,3|4,1,2.981967866420746,1,1.0,,,,,,,,,,,,,,,,,,,,,,,,,,,,,,,if i find <mask> <mask> concrete sock in this laundry basket there'll be no dessert for a month,▁one ▁more,2.0,4.58304662837909e-05,9.990561485290527,4.995280742645264,a a,0.0178344062421101,5.963935732841492,2.981967866420746,3.0,4.0,0.0,17.0,0.0,2.0
4372,"woah bro, don't beav right now",woah bro,woah bro,is_multiword,0,0,0|1,1,6.7346921761830645,0,1.0,,,,,,,,,,,,,,,,,,,,,,,,,,,,,,,<mask> <mask> <mask> don't beav right now,▁wo ah ▁bro,3.0,1.2528990595452288e-13,29.70814609527588,9.90271536509196,"The , you",7.454783435595718e-05,20.204076528549194,6.7346921761830645,0.0,1.0,0.0,5.0,0.0,2.0
4372,"woah bro, don't beav right now",beav right,beav right,is_multiword,0,3,3|4,1,3.7143325805664062,0,1.0,,,,,,,,,,,,,,,,,,,,,,,,,,,,,,,woah bro don't <mask> <mask> <mask> now,▁be av ▁right,3.0,3.860714236384187e-09,19.372413635253903,6.457471211751302,worry me right,0.0002666920613183,11.14299774169922,3.7143325805664062,3.0,4.0,0.0,5.0,0.0,2.0
4373,"""dude, i think you just got creud ""man, i just got crued",got creud,got creud,is_multiword,0,5,5|6,1,3.699489514033,0,1.0,,,,,,,,,,,,,,,,,,,,,,,,,,,,,,,dude i think you just <mask> <mask> <mask> man i just got crued,▁got ▁creu d,3.0,1.8484125227816826e-08,17.80635356903076,5.935451189676921,got a ed,0.001221244293937,11.098468542099,3.699489514033,5.0,6.0,0.0,11.0,0.0,2.0
4373,"""dude, i think you just got creud ""man, i just got crued",got crued,got crued,is_multiword,0,10,10|11,1,3.03387180964152,0,1.0,,,,,,,,,,,,,,,,,,,,,,,,,,,,,,,dude i think you just got creud man i just <mask> <mask> <mask>,▁got ▁cru ed,3.0,9.975546569606792e-09,18.423129081726078,6.141043027242024,got you .,8.947836866390447e-05,9.10161542892456,3.03387180964152,10.0,11.0,0.0,11.0,0.0,2.0
4376,"hey dumbshit aka andrew, do you wanna take the boat out this weekend?",hey dumbshit,hey dumbshit,is_multiword,0,0,0|1,1,5.046326279640198,0,1.0,,,,,,,,,,,,,,,,,,,,,,,,,,,,,,,<mask> <mask> <mask> <mask> aka andrew do you wanna take the boat out this weekend,▁hey ▁du mb shit,4.0,2.1075865488592904e-15,33.793232917785645,8.448308229446411,</s> you  w,1.2306995637701756e-06,20.18530511856079,5.046326279640198,0.0,1.0,0.0,12.0,0.0,2.0
4380,give it up for my man dj mike,up for,up for,is_multiword,0,2,2|3,1,1.755939483642578,0,1.0,,,,,,,,,,,,,,,,,,,,,,,,,,,,,,,give it <mask> <mask> my man dj mike,▁up ▁for,2.0,0.0022893904387844,6.079469680786133,3.0397348403930664,back to,0.0767201637901614,3.511878967285156,1.755939483642578,2.0,3.0,0.0,7.0,0.0,2.0
4381,just because he's a super hotty doesn't mean you have to cockstalk him,super hotty,super hotty,is_multiword,0,4,4|5,1,4.036455631256104,1,1.0,,,,,,,,,,,,,,,,,,,,,,,,,,,,,,,just because he's a <mask> <mask> <mask> doesn't mean you have to cockstalk him,▁super ▁hot ty,3.0,4.078911222291563e-09,19.31743574142456,6.4391452471415205,cock cock guy,0.0007405859597112,12.10936689376831,4.036455631256104,4.0,5.0,0.0,12.0,0.0,2.0
4384,"amrit was driving a trans-am, not aware that his life was a parody of itself",not aware,not aware,is_multiword,0,5,5|6,1,6.620565451681614,1,1.0,,,,,,,,,,,,,,,,,,,,,,,,,,,,,,,amrit was driving a trans-am <mask> <mask> that his life was a parody of itself,▁not ▁aware,2.0,2.572009807361599e-07,15.173408031463625,7.5867040157318115,rit and,0.1448180534760306,13.241130903363228,6.620565451681614,5.0,6.0,0.0,14.0,0.0,2.0
4387,teh n00b got so pwnzorz by dis a71 pr0,teh n,teh n,is_multiword,0,0,0|1,1,5.53078830242157,0,1.0,,,,,,,,,,,,,,,,,,,,,,,,,,,,,,,<mask> <mask> <mask> <mask> got so pwnzorz by dis a71 pr0,▁teh ▁n 00 b,4.0,1.025172496908702e-14,32.21133041381836,8.05283260345459,i i ' ve,4.1568112788436616e-05,22.12315320968628,5.53078830242157,0.0,1.0,0.0,8.0,0.0,2.0
4387,teh n00b got so pwnzorz by dis a71 pr0,teh n 00,teh n 00,is_multiword,0,0,0|1|2,1,4.367707538604736,0,1.0,,,,,,,,,,,,,,,,,,,,,,,,,,,,,,,<mask> <mask> <mask> <mask> <mask> so pwnzorz by dis a71 pr0,▁teh ▁n 00 b ▁got,5.0,2.577646919268932e-17,38.19706964492798,7.639413928985595,"</s> , , , ,",7.862847294464067e-08,21.83853769302368,4.367707538604736,0.0,2.0,0.0,8.0,0.0,3.0
4387,teh n00b got so pwnzorz by dis a71 pr0,teh n 00 b,teh n 00 b,is_multiword,0,0,0|1|2|3,1,4.929171800613403,0,1.0,,,,,,,,,,,,,,,,,,,,,,,,,,,,,,,<mask> <mask> <mask> <mask> <mask> <mask> pwnzorz by dis a71 pr0,▁teh ▁n 00 b ▁got ▁so,6.0,1.25628890568264e-22,50.42870998382568,8.404784997304281,"</s> n   . ,",8.777325511483564e-10,29.57503080368042,4.929171800613403,0.0,3.0,0.0,8.0,0.0,4.0
4387,teh n00b got so pwnzorz by dis a71 pr0,teh n 00 b got,teh n 00 b got,is_multiword,0,0,0|1|2|3|4,1,6.060542702674866,0,1.0,,,,,,,,,,,,,,,,,,,,,,,,,,,,,,,<mask> <mask> <mask> <mask> <mask> <mask> <mask> <mask> <mask> <mask> by dis a71 pr0,▁teh ▁n 00 b ▁got ▁so ▁pw n zor z,10.0,3.6566939736612505e-41,93.10942935943604,9.310942935943604,"</s>  , , , , , , , ,",7.650523387947631e-15,60.60542702674866,6.060542702674866,0.0,4.0,0.0,8.0,0.0,5.0
4387,teh n00b got so pwnzorz by dis a71 pr0,teh n 00 b got so,teh n 00 b got so,is_multiword,0,0,0|1|2|3|4|5,1,5.1408992247148,0,1.0,,,,,,,,,,,,,,,,,,,,,,,,,,,,,,,<mask> <mask> <mask> <mask> <mask> <mask> <mask> <mask> <mask> <mask> <mask> dis a71 pr0,▁teh ▁n 00 b ▁got ▁so ▁pw n zor z ▁by,11.0,1.9593967170903863e-41,93.73335218429564,8.521213834935969,"</s>         a ,",7.102777242405101e-17,56.54989147186279,5.1408992247148,0.0,5.0,0.0,8.0,0.0,6.0
4387,teh n00b got so pwnzorz by dis a71 pr0,teh n 00 b got so pwnzorz,teh n 00 b got so pwnzorz,is_multiword,0,0,0|1|2|3|4|5|6,1,5.76208108663559,0,1.0,,,,,,,,,,,,,,,,,,,,,,,,,,,,,,,<mask> <mask> <mask> <mask> <mask> <mask> <mask> <mask> <mask> <mask> <mask> <mask> a71 pr0,▁teh ▁n 00 b ▁got ▁so ▁pw n zor z ▁by ▁dis,12.0,1.6248102434061428e-48,110.03869342803956,9.169891119003296,"</s>      , , , , a ,",1.738132542565054e-18,69.14497303962708,5.76208108663559,0.0,6.0,0.0,8.0,0.0,7.0
4387,teh n00b got so pwnzorz by dis a71 pr0,n 00,n 00,is_multiword,0,1,1|2,1,3.585161179304123,0,1.0,,,,,,,,,,,,,,,,,,,,,,,,,,,,,,,teh <mask> <mask> <mask> <mask> so pwnzorz by dis a71 pr0,▁n 00 b ▁got,4.0,2.225265659915395e-12,26.8311448097229,6.707786202430725,"n  . ,",3.762224728198254e-06,14.340644717216492,3.585161179304123,1.0,2.0,0.0,8.0,0.0,2.0
4387,teh n00b got so pwnzorz by dis a71 pr0,n 00 b,n 00 b,is_multiword,0,1,1|2|3,1,4.5136878967285154,0,1.0,,,,,,,,,,,,,,,,,,,,,,,,,,,,,,,teh <mask> <mask> <mask> <mask> <mask> pwnzorz by dis a71 pr0,▁n 00 b ▁got ▁so,5.0,2.6661845711876625e-17,38.1632981300354,7.63265962600708,"n . . . ,",1.6874812027062966e-07,22.568439483642575,4.5136878967285154,1.0,3.0,0.0,8.0,0.0,3.0
4387,teh n00b got so pwnzorz by dis a71 pr0,n 00 b got,n 00 b got,is_multiword,0,1,1|2|3|4,1,5.311202896965875,0,1.0,,,,,,,,,,,,,,,,,,,,,,,,,,,,,,,teh <mask> <mask> <mask> <mask> <mask> <mask> <mask> <mask> <mask> by dis a71 pr0,▁n 00 b ▁got ▁so ▁pw n zor z,9.0,5.503871930072372e-34,76.58244132995605,8.509160147772896,"n  . . . . . , ,",3.164486982622444e-13,47.80082607269287,5.311202896965875,1.0,4.0,0.0,8.0,0.0,4.0
4387,teh n00b got so pwnzorz by dis a71 pr0,n 00 b got so,n 00 b got so,is_multiword,0,1,1|2|3|4|5,1,4.584903883934021,0,1.0,,,,,,,,,,,,,,,,,,,,,,,,,,,,,,,teh <mask> <mask> <mask> <mask> <mask> <mask> <mask> <mask> <mask> <mask> dis a71 pr0,▁n 00 b ▁got ▁so ▁pw n zor z ▁by,10.0,1.5834432462120843e-34,77.82829141616821,7.782829141616821,"n         ,",1.2929658979612164e-14,45.84903883934021,4.584903883934021,1.0,5.0,0.0,8.0,0.0,5.0
4387,teh n00b got so pwnzorz by dis a71 pr0,n 00 b got so pwnzorz,n 00 b got so pwnzorz,is_multiword,0,1,1|2|3|4|5|6,1,5.20434418591586,0,1.0,,,,,,,,,,,,,,,,,,,,,,,,,,,,,,,teh <mask> <mask> <mask> <mask> <mask> <mask> <mask> <mask> <mask> <mask> <mask> a71 pr0,▁n 00 b ▁got ▁so ▁pw n zor z ▁by ▁dis,11.0,6.833063277754626e-41,92.48421573638916,8.407655976035379,"n         a ,",4.977520107317949e-16,57.24778604507446,5.20434418591586,1.0,6.0,0.0,8.0,0.0,6.0
4387,teh n00b got so pwnzorz by dis a71 pr0,00 b,00 b,is_multiword,0,2,2|3,1,5.002348303794861,0,1.0,,,,,,,,,,,,,,,,,,,,,,,,,,,,,,,teh n00b <mask> <mask> pwnzorz by dis a71 pr0,▁got ▁so,2.0,3.163906597963833e-08,17.26887321472168,8.63443660736084,r 0,0.0007001775535664,10.004696607589722,5.002348303794861,2.0,3.0,0.0,8.0,0.0,2.0
4387,teh n00b got so pwnzorz by dis a71 pr0,00 b got,00 b got,is_multiword,0,2,2|3|4,1,5.467334071795146,0,1.0,,,,,,,,,,,,,,,,,,,,,,,,,,,,,,,teh n00b <mask> <mask> <mask> <mask> <mask> <mask> by dis a71 pr0,▁got ▁so ▁pw n zor z,6.0,5.4027441522720365e-24,53.57513523101807,8.929189205169678,"a a a  . ,",9.532625038085712e-10,32.804004430770874,5.467334071795146,2.0,4.0,0.0,8.0,0.0,3.0
4387,teh n00b got so pwnzorz by dis a71 pr0,00 b got so,00 b got so,is_multiword,0,2,2|3|4|5,1,5.391541991915021,0,1.0,,,,,,,,,,,,,,,,,,,,,,,,,,,,,,,teh n00b <mask> <mask> <mask> <mask> <mask> <mask> <mask> dis a71 pr0,▁got ▁so ▁pw n zor z ▁by,7.0,4.523318757622668e-27,60.66055154800415,8.665793078286308,"a a a a a a ,",1.1119256425047193e-10,37.74079394340515,5.391541991915021,2.0,5.0,0.0,8.0,0.0,4.0
4387,teh n00b got so pwnzorz by dis a71 pr0,00 b got so pwnzorz,00 b got so pwnzorz,is_multiword,0,2,2|3|4|5|6,1,5.685441195964813,0,1.0,,,,,,,,,,,,,,,,,,,,,,,,,,,,,,,teh n00b <mask> <mask> <mask> <mask> <mask> <mask> <mask> <mask> a71 pr0,▁got ▁so ▁pw n zor z ▁by ▁dis,8.0,4.20711059105525e-32,72.24594688415527,9.03074336051941,"a  a a a a a ,",2.3835805727883373e-12,45.483529567718506,5.685441195964813,2.0,6.0,0.0,8.0,0.0,5.0
4387,teh n00b got so pwnzorz by dis a71 pr0,b got,b got,is_multiword,0,3,3|4,1,5.341653299331665,0,1.0,,,,,,,,,,,,,,,,,,,,,,,,,,,,,,,teh n00b got <mask> <mask> <mask> <mask> <mask> by dis a71 pr0,▁so ▁pw n zor z,5.0,1.5434959676179746e-19,43.31506681442261,8.663013362884522,a a . . .,6.13420463669598e-08,26.708266496658325,5.341653299331665,3.0,4.0,0.0,8.0,0.0,2.0
4387,teh n00b got so pwnzorz by dis a71 pr0,b got so,b got so,is_multiword,0,3,3|4|5,1,4.717266043027242,0,1.0,,,,,,,,,,,,,,,,,,,,,,,,,,,,,,,teh n00b got <mask> <mask> <mask> <mask> <mask> <mask> dis a71 pr0,▁so ▁pw n zor z ▁by,6.0,8.65861521760984e-22,48.4983172416687,8.08305287361145,"a a a a a ,",1.6964619109472132e-09,28.30359625816345,4.717266043027242,3.0,5.0,0.0,8.0,0.0,3.0
4387,teh n00b got so pwnzorz by dis a71 pr0,b got so pwnzorz,b got so pwnzorz,is_multiword,0,3,3|4|5|6,1,5.071605886731829,0,1.0,,,,,,,,,,,,,,,,,,,,,,,,,,,,,,,teh n00b got <mask> <mask> <mask> <mask> <mask> <mask> <mask> a71 pr0,▁so ▁pw n zor z ▁by ▁dis,7.0,1.1537339390155043e-26,59.72420883178711,8.532029833112444,"a   a a a ,",3.020638999581113e-11,35.5012412071228,5.071605886731829,3.0,6.0,0.0,8.0,0.0,4.0
4387,teh n00b got so pwnzorz by dis a71 pr0,got so,got so,is_multiword,0,4,4|5,1,5.287370300292968,0,1.0,,,,,,,,,,,,,,,,,,,,,,,,,,,,,,,teh n00b got so <mask> <mask> <mask> <mask> <mask> dis a71 pr0,▁pw n zor z ▁by,5.0,8.618470331683751e-20,43.897794246673584,8.779558849334716,much a a a s,2.611012295297489e-08,26.436851501464844,5.287370300292968,4.0,5.0,0.0,8.0,0.0,2.0
4387,teh n00b got so pwnzorz by dis a71 pr0,got so pwnzorz,got so pwnzorz,is_multiword,0,4,4|5|6,1,5.591914733250936,0,1.0,,,,,,,,,,,,,,,,,,,,,,,,,,,,,,,teh n00b got so <mask> <mask> <mask> <mask> <mask> <mask> a71 pr0,▁pw n zor z ▁by ▁dis,6.0,1.7698755078227833e-24,54.69113302230835,9.115188837051392,"much , a a a .",6.594304402473012e-10,33.551488399505615,5.591914733250936,4.0,6.0,0.0,8.0,0.0,3.0
4387,teh n00b got so pwnzorz by dis a71 pr0,so pwnzorz,so pwnzorz,is_multiword,0,5,5|6,1,5.162676930427551,0,1.0,,,,,,,,,,,,,,,,,,,,,,,,,,,,,,,teh n00b got so pwnzorz <mask> <mask> a71 pr0,▁by ▁dis,2.0,2.4666956443003123e-08,17.51780128479004,8.75890064239502,a 1,0.0007522458013427,10.325353860855104,5.162676930427551,5.0,6.0,0.0,8.0,0.0,2.0
4387,teh n00b got so pwnzorz by dis a71 pr0,pr 0,pr 0,is_multiword,0,11,,1,,0,1.0,,,,,,,,,,,,,,,,,,,,,,,,,,,,,,,,,,,,,,,,,,,,,,
4391,"a : you see that new girl? b : ya, i fell in like with her as soon as i saw her",as soon,as soon,is_multiword,0,14,14|15,1,2.372499406337738,0,1.0,,,,,,,,,,,,,,,,,,,,,,,,,,,,,,,a you see that new girl b ya i fell in like with her <mask> <mask> as i saw her,▁as ▁soon,2.0,4.910480768551361e-05,9.921553611755373,4.9607768058776855,a a,0.0056474294662276,4.744998812675476,2.372499406337738,14.0,15.0,0.0,19.0,0.0,2.0
4391,"a : you see that new girl? b : ya, i fell in like with her as soon as i saw her",as soon as,as soon as,is_multiword,0,14,14|15|16,1,3.7431016763051352,1,1.0,,,,,,,,,,,,,,,,,,,,,,,,,,,,,,,a you see that new girl b ya i fell in like with her <mask> <mask> <mask> i saw her,▁as ▁soon ▁as,3.0,2.6520854942188764e-08,17.445334434509277,5.815111478169759,a a when,0.0019971594048139,11.229305028915403,3.7431016763051352,14.0,16.0,0.0,19.0,0.0,3.0
4391,"a : you see that new girl? b : ya, i fell in like with her as soon as i saw her",soon as,soon as,is_multiword,0,15,15|16,1,0.4116992950439453,0,1.0,,,,,,,,,,,,,,,,,,,,,,,,,,,,,,,a you see that new girl b ya i fell in like with her as <mask> <mask> i saw her,▁soon ▁as,2.0,0.0252495944758031,3.6789451837539673,1.839472591876984,a as,0.0575243700698752,0.8233985900878906,0.4116992950439453,15.0,16.0,0.0,19.0,0.0,2.0
4394,"man, that dude is giving us another quiz> yeah he's such a biznizzlemcnizatch",quiz yeah,quiz yeah,is_multiword,0,7,7|8,1,6.515739440917969,0,1.0,,,,,,,,,,,,,,,,,,,,,,,,,,,,,,,man that dude is giving us another <mask> <mask> he's such a biznizzlemcnizatch,▁quiz ▁yeah,2.0,3.633402220209173e-08,17.13051128387451,8.565255641937256,"chance ,",0.0165887188492471,13.031478881835938,6.515739440917969,7.0,8.0,0.0,12.0,0.0,2.0
4397,the duckket woman was way to bored for her own good,way to,way to,is_multiword,0,4,4|5,1,2.6941757798194885,0,1.0,,,,,,,,,,,,,,,,,,,,,,,,,,,,,,,the duckket woman was <mask> <mask> bored for her own good,▁way ▁to,2.0,7.0838793336631e-05,9.555103778839111,4.777551889419556,too too,0.0155025272617919,5.388351559638977,2.6941757798194885,4.0,5.0,0.0,10.0,0.0,2.0
4400,j�vlar vilken [fet] bonge,j vlar,j vlar,is_multiword,0,0,0|1,1,4.591585636138916,0,1.0,,,,,,,,,,,,,,,,,,,,,,,,,,,,,,,<mask> <mask> <mask> vilken fet bonge,▁j ▁v lar,3.0,2.7327287359158783e-11,24.32313537597656,8.107711791992188,"Jag : ,",2.6235988901465204e-05,13.774756908416748,4.591585636138916,0.0,1.0,0.0,4.0,0.0,2.0
4400,j�vlar vilken [fet] bonge,j vlar vilken,j vlar vilken,is_multiword,0,0,0|1|2,1,6.566298484802246,0,1.0,,,,,,,,,,,,,,,,,,,,,,,,,,,,,,,<mask> <mask> <mask> <mask> fet bonge,▁j ▁v lar ▁vilken,4.0,1.9430304552342503e-18,40.78228282928467,10.195570707321169, bon de de,4.958021454649283e-07,26.265193939208984,6.566298484802246,0.0,2.0,0.0,4.0,0.0,3.0
4400,j�vlar vilken [fet] bonge,j vlar vilken fet,j vlar vilken fet,is_multiword,0,0,0|1|2|3,1,7.017237329483033,0,1.0,,,,,,,,,,,,,,,,,,,,,,,,,,,,,,,<mask> <mask> <mask> <mask> <mask> bonge,▁j ▁v lar ▁vilken ▁fet,5.0,4.945075633735971e-22,49.05847978591919,9.811695957183838, : : : de,8.548899083157398e-07,35.08618664741516,7.017237329483033,0.0,3.0,0.0,4.0,0.0,4.0
4400,j�vlar vilken [fet] bonge,j vlar vilken fet bonge,j vlar vilken fet bonge,is_multiword,0,0,0|1|2|3|4,1,8.476917386054993,0,1.0,,,,,,,,,,,,,,,,,,,,,,,,,,,,,,,<mask> <mask> <mask> <mask> <mask> <mask> <mask>,▁j ▁v lar ▁vilken ▁fet ▁bon ge,7.0,1.6175737377841916e-34,77.8069658279419,11.115280832563128,</s> : : </s> . . </s>,9.532640115814444e-09,59.33842170238495,8.476917386054993,0.0,4.0,0.0,4.0,0.0,5.0
4400,j�vlar vilken [fet] bonge,vlar vilken,vlar vilken,is_multiword,0,1,1|2,1,8.350071231524149,0,1.0,,,,,,,,,,,,,,,,,,,,,,,,,,,,,,,j <mask> <mask> <mask> fet bonge,▁v lar ▁vilken,3.0,6.9752456862104825e-15,32.59640884399414,10.865469614664711,- - a,0.0005281157105906,25.05021369457245,8.350071231524149,1.0,2.0,0.0,4.0,0.0,2.0
4400,j�vlar vilken [fet] bonge,vlar vilken fet,vlar vilken fet,is_multiword,0,1,1|2|3,1,6.899702250957489,0,1.0,,,,,,,,,,,,,,,,,,,,,,,,,,,,,,,j <mask> <mask> <mask> <mask> bonge,▁v lar ▁vilken ▁fet,4.0,1.6816906229557334e-18,40.92673206329346,10.231683015823364,. e de de,1.628383000983522e-06,27.59880900382996,6.899702250957489,1.0,3.0,0.0,4.0,0.0,3.0
4400,j�vlar vilken [fet] bonge,vlar vilken fet bonge,vlar vilken fet bonge,is_multiword,0,1,1|2|3|4,1,7.347623427708943,0,1.0,,,,,,,,,,,,,,,,,,,,,,,,,,,,,,,j <mask> <mask> <mask> <mask> <mask> <mask>,▁v lar ▁vilken ▁fet ▁bon ge,6.0,9.155031179335524e-27,59.95549392700195,9.992582321166992,. . . . . </s>,1.2818986384615022e-07,44.08574056625366,7.347623427708943,1.0,4.0,0.0,4.0,0.0,4.0
4400,j�vlar vilken [fet] bonge,vilken fet,vilken fet,is_multiword,0,2,2|3,1,8.433514595031738,0,1.0,,,,,,,,,,,,,,,,,,,,,,,,,,,,,,,j vlar <mask> <mask> bonge,▁vilken ▁fet,2.0,4.0507075683040406e-11,23.92954444885254,11.96477222442627,a a,0.0008566207590907,16.867029190063477,8.433514595031738,2.0,3.0,0.0,4.0,0.0,2.0
4400,j�vlar vilken [fet] bonge,vilken fet bonge,vilken fet bonge,is_multiword,0,2,2|3|4,1,7.037975698709488,0,1.0,,,,,,,,,,,,,,,,,,,,,,,,,,,,,,,j vlar <mask> <mask> <mask> <mask>,▁vilken ▁fet ▁bon ge,4.0,6.671989728848e-18,39.54861354827881,9.887153387069702,  . </s>,1.1232370181819304e-05,28.15190279483795,7.037975698709488,2.0,4.0,0.0,4.0,0.0,3.0
4400,j�vlar vilken [fet] bonge,fet bonge,fet bonge,is_multiword,0,3,3|4,1,6.895304361979167,0,1.0,,,,,,,,,,,,,,,,,,,,,,,,,,,,,,,j vlar vilken <mask> <mask> <mask>,▁fet ▁bon ge,3.0,1.789581368389287e-13,29.351624488830566,9.78387482961019,  ?,0.000172396861804,20.6859130859375,6.895304361979167,3.0,4.0,0.0,4.0,0.0,2.0
4403,beausiph sure is a cool cat,beausiph sure,beausiph sure,is_multiword,0,0,0|1,1,8.224497973918915,0,1.0,,,,,,,,,,,,,,,,,,,,,,,,,,,,,,,<mask> <mask> <mask> <mask> is a cool cat,▁beau si ph ▁sure,4.0,1.3196058966643685e-19,43.47178363800049,10.867945909500122,The : : he,2.5577647246727568e-05,32.89799189567566,8.224497973918915,0.0,1.0,0.0,5.0,0.0,2.0
4410,sungjin lingling the cockroach killer and paid 300rmb for it,sungjin lingling,sungjin lingling,is_multiword,0,0,0|1,1,10.436099767684937,0,1.0,,,,,,,,,,,,,,,,,,,,,,,,,,,,,,,<mask> <mask> <mask> <mask> the cockroach killer and paid 300rmb for it,▁sung jin ▁ling ling,4.0,8.736684369125464e-23,50.79192638397217,12.697981595993042,I I to got,0.0001176816673536,41.74439907073975,10.436099767684937,0.0,1.0,0.0,9.0,0.0,2.0
4414,"man, i sure do love hanging out with asyana",hanging out,hanging out,is_multiword,0,5,5|6,1,4.579301079114278,0,1.0,,,,,,,,,,,,,,,,,,,,,,,,,,,,,,,man i sure do love <mask> <mask> <mask> with asyana,▁hang ing ▁out,3.0,3.82998226449793e-09,19.38040566444397,6.460135221481323,to i sex,0.0035439887270435,13.737903237342834,4.579301079114278,5.0,6.0,0.0,8.0,0.0,2.0
4415,that's brusly man,that's brusly,that's brusly,is_multiword,0,0,0|1,1,4.530751752853393,0,1.0,,,,,,,,,,,,,,,,,,,,,,,,,,,,,,,<mask> <mask> <mask> <mask> <mask> man,▁that ' s ▁brus ly,5.0,1.9673710774433075e-16,36.164663314819336,7.232932662963867,</s> man : a the,1.3560906080909472e-06,22.653758764266968,4.530751752853393,0.0,1.0,0.0,2.0,0.0,2.0
4416,dude by the time i was done i had bitch batter running down my leg,bitch batter,bitch batter,is_multiword,1,9,9|10,1,5.317436307668686,0,1.0,,,,,,,,,,,,,,,,,,,,,,,,,,,,,,,dude by the time i was done i had <mask> <mask> <mask> <mask> running down my leg,▁bit ch ▁bat ter,4.0,1.0846143333923227e-14,32.154966831207275,8.038741707801819,a a a was,1.8733042766604004e-05,21.269745230674744,5.317436307668686,9.0,10.0,0.0,14.0,0.0,2.0
4417,lolz anarchism is lyk kaos an stuf but it wont werk cuz i dont no wut it is and evry1 noz ur supoz3d 2 put opinonz in an definition,lyk kaos,lyk kaos,is_multiword,0,3,3|4,1,5.900065024693807,0,1.0,,,,,,,,,,,,,,,,,,,,,,,,,,,,,,,lolz anarchism is <mask> <mask> <mask> an stuf but it wont werk cuz i dont no wut it is and evry1 noz ur supoz3d 2 put opinonz in an definition,▁lyk ▁kao s,3.0,4.8629214708006186e-12,26.049381732940677,8.683127244313559,a to in,0.0002365888676547,17.70019507408142,5.900065024693807,3.0,4.0,0.0,28.0,0.0,2.0
4417,lolz anarchism is lyk kaos an stuf but it wont werk cuz i dont no wut it is and evry1 noz ur supoz3d 2 put opinonz in an definition,lyk kaos an,lyk kaos an,is_multiword,0,3,3|4|5,1,5.116845339536667,0,1.0,,,,,,,,,,,,,,,,,,,,,,,,,,,,,,,lolz anarchism is <mask> <mask> <mask> <mask> stuf but it wont werk cuz i dont no wut it is and evry1 noz ur supoz3d 2 put opinonz in an definition,▁lyk ▁kao s ▁an,4.0,3.3011538883861616e-14,31.041919231414795,7.760479807853699,a a in a,2.5558570090573312e-05,20.467381358146667,5.116845339536667,3.0,5.0,0.0,28.0,0.0,3.0
4417,lolz anarchism is lyk kaos an stuf but it wont werk cuz i dont no wut it is and evry1 noz ur supoz3d 2 put opinonz in an definition,lyk kaos an stuf,lyk kaos an stuf,is_multiword,0,3,3|4|5|6,1,5.796626349290212,0,1.0,,,,,,,,,,,,,,,,,,,,,,,,,,,,,,,lolz anarchism is <mask> <mask> <mask> <mask> <mask> <mask> but it wont werk cuz i dont no wut it is and evry1 noz ur supoz3d 2 put opinonz in an definition,▁lyk ▁kao s ▁an ▁stu f,6.0,6.867263220555629e-23,51.03269147872925,8.505448579788208,"a a i i i ,",8.73857699299164e-08,34.77975809574127,5.796626349290212,3.0,6.0,0.0,28.0,0.0,4.0
4417,lolz anarchism is lyk kaos an stuf but it wont werk cuz i dont no wut it is and evry1 noz ur supoz3d 2 put opinonz in an definition,kaos an,kaos an,is_multiword,0,4,4|5,1,3.8192952473958335,0,1.0,,,,,,,,,,,,,,,,,,,,,,,,,,,,,,,lolz anarchism is lyk <mask> <mask> <mask> stuf but it wont werk cuz i dont no wut it is and evry1 noz ur supoz3d 2 put opinonz in an definition,▁kao s ▁an,3.0,3.741982507242526e-09,19.40365028381348,6.467883427937825,t i i,0.0003541590182395,11.4578857421875,3.8192952473958335,4.0,5.0,0.0,28.0,0.0,2.0
4417,lolz anarchism is lyk kaos an stuf but it wont werk cuz i dont no wut it is and evry1 noz ur supoz3d 2 put opinonz in an definition,kaos an stuf,kaos an stuf,is_multiword,0,4,4|5|6,1,4.578265380859375,0,1.0,,,,,,,,,,,,,,,,,,,,,,,,,,,,,,,lolz anarchism is lyk <mask> <mask> <mask> <mask> <mask> but it wont werk cuz i dont no wut it is and evry1 noz ur supoz3d 2 put opinonz in an definition,▁kao s ▁an ▁stu f,5.0,1.1936419204995006e-16,36.66435241699219,7.332870483398437,"t i i i ,",1.0434004524838703e-06,22.891326904296875,4.578265380859375,4.0,6.0,0.0,28.0,0.0,3.0
4417,lolz anarchism is lyk kaos an stuf but it wont werk cuz i dont no wut it is and evry1 noz ur supoz3d 2 put opinonz in an definition,an stuf,an stuf,is_multiword,0,5,5|6,1,4.656397342681885,0,1.0,,,,,,,,,,,,,,,,,,,,,,,,,,,,,,,lolz anarchism is lyk kaos <mask> <mask> <mask> but it wont werk cuz i dont no wut it is and evry1 noz ur supoz3d 2 put opinonz in an definition,▁an ▁stu f,3.0,7.676043263971926e-10,20.98774671554565,6.995915571848552,"i i ,",0.0008951182840251,13.969192028045654,4.656397342681885,5.0,6.0,0.0,28.0,0.0,2.0
4417,lolz anarchism is lyk kaos an stuf but it wont werk cuz i dont no wut it is and evry1 noz ur supoz3d 2 put opinonz in an definition,wont werk,wont werk,is_multiword,0,9,9|10,1,4.612143238385518,0,1.0,,,,,,,,,,,,,,,,,,,,,,,,,,,,,,,lolz anarchism is lyk kaos an stuf but it <mask> <mask> <mask> cuz i dont no wut it is and evry1 noz ur supoz3d 2 put opinonz in an definition,▁won t ▁werk,3.0,8.841072550507168e-11,23.149027824401852,7.716342608133952,"is s ,",9.027968372891698e-05,13.836429715156555,4.612143238385518,9.0,10.0,0.0,28.0,0.0,2.0
4417,lolz anarchism is lyk kaos an stuf but it wont werk cuz i dont no wut it is and evry1 noz ur supoz3d 2 put opinonz in an definition,wont werk cuz,wont werk cuz,is_multiword,0,9,9|10|11,1,4.047048282623291,0,1.0,,,,,,,,,,,,,,,,,,,,,,,,,,,,,,,lolz anarchism is lyk kaos an stuf but it <mask> <mask> <mask> <mask> <mask> i dont no wut it is and evry1 noz ur supoz3d 2 put opinonz in an definition,▁won t ▁werk ▁cu z,5.0,5.84420963178401e-17,37.37849521636963,7.475699043273925,is s a  f,3.587397254084608e-08,20.23524141311645,4.047048282623291,9.0,11.0,0.0,28.0,0.0,3.0
4417,lolz anarchism is lyk kaos an stuf but it wont werk cuz i dont no wut it is and evry1 noz ur supoz3d 2 put opinonz in an definition,werk cuz,werk cuz,is_multiword,0,10,10|11,1,4.462659279505412,0,1.0,,,,,,,,,,,,,,,,,,,,,,,,,,,,,,,lolz anarchism is lyk kaos an stuf but it wont <mask> <mask> <mask> i dont no wut it is and evry1 noz ur supoz3d 2 put opinonz in an definition,▁werk ▁cu z,3.0,9.746604941084956e-11,23.051517009735107,7.683839003245036,"be a ,",6.355917659042054e-05,13.387977838516235,4.462659279505412,10.0,11.0,0.0,28.0,0.0,2.0
4417,lolz anarchism is lyk kaos an stuf but it wont werk cuz i dont no wut it is and evry1 noz ur supoz3d 2 put opinonz in an definition,dont no,dont no,is_multiword,0,13,13|14,1,0.9886398315429688,0,1.0,,,,,,,,,,,,,,,,,,,,,,,,,,,,,,,lolz anarchism is lyk kaos an stuf but it wont werk cuz i <mask> <mask> wut it is and evry1 noz ur supoz3d 2 put opinonz in an definition,▁dont ▁no,2.0,0.0002972205646977,8.121036052703857,4.060518026351929,dont s,0.0021468440700565,1.9772796630859373,0.9886398315429688,13.0,14.0,0.0,28.0,0.0,2.0
4417,lolz anarchism is lyk kaos an stuf but it wont werk cuz i dont no wut it is and evry1 noz ur supoz3d 2 put opinonz in an definition,dont no wut,dont no wut,is_multiword,0,13,13|14|15,1,3.182776555418968,0,1.0,,,,,,,,,,,,,,,,,,,,,,,,,,,,,,,lolz anarchism is lyk kaos an stuf but it wont werk cuz i <mask> <mask> <mask> <mask> it is and evry1 noz ur supoz3d 2 put opinonz in an definition,▁dont ▁no ▁w ut,4.0,7.083862774265634e-11,23.370616674423218,5.842654168605804,dont t s what,2.395076117566765e-05,12.731106221675873,3.182776555418968,13.0,15.0,0.0,28.0,0.0,3.0
4417,lolz anarchism is lyk kaos an stuf but it wont werk cuz i dont no wut it is and evry1 noz ur supoz3d 2 put opinonz in an definition,no wut,no wut,is_multiword,0,14,14|15,1,5.690975069999695,0,1.0,,,,,,,,,,,,,,,,,,,,,,,,,,,,,,,lolz anarchism is lyk kaos an stuf but it wont werk cuz i dont <mask> <mask> <mask> it is and evry1 noz ur supoz3d 2 put opinonz in an definition,▁no ▁w ut,3.0,3.592042609834502e-10,21.747129917144772,7.249043305714925,know know what,0.009332944611169,17.072925209999084,5.690975069999695,14.0,15.0,0.0,28.0,0.0,2.0
4417,lolz anarchism is lyk kaos an stuf but it wont werk cuz i dont no wut it is and evry1 noz ur supoz3d 2 put opinonz in an definition,evry 1,evry 1,is_multiword,0,19,19|20,1,4.836733984947204,0,1.0,,,,,,,,,,,,,,,,,,,,,,,,,,,,,,,lolz anarchism is lyk kaos an stuf but it wont werk cuz i dont no wut it is and <mask> <mask> <mask> <mask> <mask> ur supoz3d 2 put opinonz in an definition,▁ev ry 1 ▁no z,5.0,9.473156178149453e-17,36.89548444747925,7.37909688949585,i i i i i,3.0152900721543075e-06,24.183669924736023,4.836733984947204,19.0,20.0,0.0,28.0,0.0,2.0
4417,lolz anarchism is lyk kaos an stuf but it wont werk cuz i dont no wut it is and evry1 noz ur supoz3d 2 put opinonz in an definition,evry 1 noz,evry 1 noz,is_multiword,0,19,19|20|21,1,4.506706257661183,0,1.0,,,,,,,,,,,,,,,,,,,,,,,,,,,,,,,lolz anarchism is lyk kaos an stuf but it wont werk cuz i dont no wut it is and <mask> <mask> <mask> <mask> <mask> <mask> supoz3d 2 put opinonz in an definition,▁ev ry 1 ▁no z ▁ur,6.0,1.0813448033115196e-19,43.67091131210327,7.278485218683879,i i i i i i,5.989494259827351e-08,27.040237545967106,4.506706257661183,19.0,21.0,0.0,28.0,0.0,3.0
4417,lolz anarchism is lyk kaos an stuf but it wont werk cuz i dont no wut it is and evry1 noz ur supoz3d 2 put opinonz in an definition,evry 1 noz ur,evry 1 noz ur,is_multiword,0,19,19|20|21|22,1,5.639272914992438,0,1.0,,,,,,,,,,,,,,,,,,,,,,,,,,,,,,,lolz anarchism is lyk kaos an stuf but it wont werk cuz i dont no wut it is and <mask> <mask> <mask> <mask> <mask> <mask> <mask> <mask> <mask> 2 put opinonz in an definition,▁ev ry 1 ▁no z ▁ur ▁supoz 3 d,9.0,2.9488480366556135e-33,74.90389347076416,8.322654830084907,i i i i i i i i i,3.247868019561222e-11,50.753456234931946,5.639272914992438,19.0,22.0,0.0,28.0,0.0,4.0
4417,lolz anarchism is lyk kaos an stuf but it wont werk cuz i dont no wut it is and evry1 noz ur supoz3d 2 put opinonz in an definition,evry 1 noz ur supoz,evry 1 noz ur supoz,is_multiword,0,19,19|20|21|22|23,1,6.326443612575531,0,1.0,,,,,,,,,,,,,,,,,,,,,,,,,,,,,,,lolz anarchism is lyk kaos an stuf but it wont werk cuz i dont no wut it is and <mask> <mask> <mask> <mask> <mask> <mask> <mask> <mask> <mask> <mask> put opinonz in an definition,▁ev ry 1 ▁no z ▁ur ▁supoz 3 d ▁2,10.0,3.1622292848037984e-39,88.64954137802124,8.864954137802124,i i i i i i i i i to,9.449065650577324e-12,63.26443612575531,6.326443612575531,19.0,23.0,0.0,28.0,0.0,5.0
4417,lolz anarchism is lyk kaos an stuf but it wont werk cuz i dont no wut it is and evry1 noz ur supoz3d 2 put opinonz in an definition,evry 1 noz ur supoz 3,evry 1 noz ur supoz 3,is_multiword,0,19,19|20|21|22|23|24,1,5.52266771143133,0,1.0,,,,,,,,,,,,,,,,,,,,,,,,,,,,,,,lolz anarchism is lyk kaos an stuf but it wont werk cuz i dont no wut it is and <mask> <mask> <mask> <mask> <mask> <mask> <mask> <mask> <mask> <mask> <mask> opinonz in an definition,▁ev ry 1 ▁no z ▁ur ▁supoz 3 d ▁2 ▁put,11.0,2.8006446331536362e-42,95.67872428894044,8.69806584444913,i is is i i i i i i i to,6.766486860650558e-16,60.74934482574463,5.52266771143133,19.0,24.0,0.0,28.0,0.0,6.0
4417,lolz anarchism is lyk kaos an stuf but it wont werk cuz i dont no wut it is and evry1 noz ur supoz3d 2 put opinonz in an definition,evry 1 noz ur supoz 3 d,evry 1 noz ur supoz 3 d,is_multiword,0,19,19|20|21|22|23|24|25,1,6.178120962211064,0,1.0,,,,,,,,,,,,,,,,,,,,,,,,,,,,,,,lolz anarchism is lyk kaos an stuf but it wont werk cuz i dont no wut it is and <mask> <mask> <mask> <mask> <mask> <mask> <mask> <mask> <mask> <mask> <mask> <mask> <mask> <mask> in an definition,▁ev ry 1 ▁no z ▁ur ▁supoz 3 d ▁2 ▁put ▁op ino nz,14.0,8.601188369314818e-57,129.095449924469,9.2211035660335,i is is it it it it it it it is is is is,3.149867263482708e-19,86.4936934709549,6.178120962211064,19.0,25.0,0.0,28.0,0.0,7.0
4417,lolz anarchism is lyk kaos an stuf but it wont werk cuz i dont no wut it is and evry1 noz ur supoz3d 2 put opinonz in an definition,1 noz,1 noz,is_multiword,0,20,20|21,1,4.107264359792073,0,1.0,,,,,,,,,,,,,,,,,,,,,,,,,,,,,,,lolz anarchism is lyk kaos an stuf but it wont werk cuz i dont no wut it is and evry1 <mask> <mask> <mask> supoz3d 2 put opinonz in an definition,▁no z ▁ur,3.0,1.562240373779991e-09,20.27714490890503,6.759048302968343,"d , ev",0.000350779818333,12.32179307937622,4.107264359792073,20.0,21.0,0.0,28.0,0.0,2.0
4417,lolz anarchism is lyk kaos an stuf but it wont werk cuz i dont no wut it is and evry1 noz ur supoz3d 2 put opinonz in an definition,1 noz ur,1 noz ur,is_multiword,0,20,20|21|22,1,4.652925531069438,0,1.0,,,,,,,,,,,,,,,,,,,,,,,,,,,,,,,lolz anarchism is lyk kaos an stuf but it wont werk cuz i dont no wut it is and evry1 <mask> <mask> <mask> <mask> <mask> <mask> 2 put opinonz in an definition,▁no z ▁ur ▁supoz 3 d,6.0,1.4698996114943197e-21,47.96909284591675,7.994848807652791,put i i i i ry,1.957613594208811e-09,27.917553186416622,4.652925531069438,20.0,22.0,0.0,28.0,0.0,3.0
4417,lolz anarchism is lyk kaos an stuf but it wont werk cuz i dont no wut it is and evry1 noz ur supoz3d 2 put opinonz in an definition,1 noz ur supoz,1 noz ur supoz,is_multiword,0,20,20|21|22|23,1,5.3011033194405695,0,1.0,,,,,,,,,,,,,,,,,,,,,,,,,,,,,,,lolz anarchism is lyk kaos an stuf but it wont werk cuz i dont no wut it is and evry1 <mask> <mask> <mask> <mask> <mask> <mask> <mask> put opinonz in an definition,▁no z ▁ur ▁supoz 3 d ▁2,7.0,5.0770711801710845e-25,55.93989276885986,7.991413252694266,is i i i i i to,6.626629501841235e-09,37.107723236083984,5.3011033194405695,20.0,23.0,0.0,28.0,0.0,4.0
4417,lolz anarchism is lyk kaos an stuf but it wont werk cuz i dont no wut it is and evry1 noz ur supoz3d 2 put opinonz in an definition,1 noz ur supoz 3,1 noz ur supoz 3,is_multiword,0,20,20|21|22|23|24,1,4.7004751563072205,0,1.0,,,,,,,,,,,,,,,,,,,,,,,,,,,,,,,lolz anarchism is lyk kaos an stuf but it wont werk cuz i dont no wut it is and evry1 <mask> <mask> <mask> <mask> <mask> <mask> <mask> <mask> opinonz in an definition,▁no z ▁ur ▁supoz 3 d ▁2 ▁put,8.0,5.199606562773788e-29,65.12638473510742,8.140798091888428,is i is i i i is an,1.1145353942234349e-12,37.60380125045776,4.7004751563072205,20.0,24.0,0.0,28.0,0.0,5.0
4417,lolz anarchism is lyk kaos an stuf but it wont werk cuz i dont no wut it is and evry1 noz ur supoz3d 2 put opinonz in an definition,1 noz ur supoz 3 d,1 noz ur supoz 3 d,is_multiword,0,20,20|21|22|23|24|25,1,5.660078395496715,0,1.0,,,,,,,,,,,,,,,,,,,,,,,,,,,,,,,lolz anarchism is lyk kaos an stuf but it wont werk cuz i dont no wut it is and evry1 <mask> <mask> <mask> <mask> <mask> <mask> <mask> <mask> <mask> <mask> <mask> in an definition,▁no z ▁ur ▁supoz 3 d ▁2 ▁put ▁op ino nz,11.0,3.0461770116231746e-43,97.8972716331482,8.899751966649836,is is is is is is is is is is is,3.3365996022138034e-16,62.26086235046387,5.660078395496715,20.0,25.0,0.0,28.0,0.0,6.0
4417,lolz anarchism is lyk kaos an stuf but it wont werk cuz i dont no wut it is and evry1 noz ur supoz3d 2 put opinonz in an definition,noz ur,noz ur,is_multiword,0,21,21|22,1,6.236734867095947,0,1.0,,,,,,,,,,,,,,,,,,,,,,,,,,,,,,,lolz anarchism is lyk kaos an stuf but it wont werk cuz i dont no wut it is and evry1 noz <mask> <mask> <mask> <mask> 2 put opinonz in an definition,▁ur ▁supoz 3 d,4.0,2.999081707398312e-16,35.74305534362793,8.935763835906982,i i i i,2.0478891704589297e-05,24.94693946838379,6.236734867095947,21.0,22.0,0.0,28.0,0.0,2.0
4417,lolz anarchism is lyk kaos an stuf but it wont werk cuz i dont no wut it is and evry1 noz ur supoz3d 2 put opinonz in an definition,noz ur supoz,noz ur supoz,is_multiword,0,21,21|22|23,1,6.55157163143158,1,1.0,,,,,,,,,,,,,,,,,,,,,,,,,,,,,,,lolz anarchism is lyk kaos an stuf but it wont werk cuz i dont no wut it is and evry1 noz <mask> <mask> <mask> <mask> <mask> put opinonz in an definition,▁ur ▁supoz 3 d ▁2,5.0,5.718151022711707e-20,44.30805635452271,8.861611270904541,i i i i to,9.634133454863444e-06,32.7578581571579,6.55157163143158,21.0,23.0,0.0,28.0,0.0,3.0
4417,lolz anarchism is lyk kaos an stuf but it wont werk cuz i dont no wut it is and evry1 noz ur supoz3d 2 put opinonz in an definition,noz ur supoz 3,noz ur supoz 3,is_multiword,0,21,21|22|23|24,1,6.005068719387054,0,1.0,,,,,,,,,,,,,,,,,,,,,,,,,,,,,,,lolz anarchism is lyk kaos an stuf but it wont werk cuz i dont no wut it is and evry1 noz <mask> <mask> <mask> <mask> <mask> <mask> opinonz in an definition,▁ur ▁supoz 3 d ▁2 ▁put,6.0,3.1102729827828207e-24,54.12733173370361,9.02122195561727,i is i i i an,1.3823173453238236e-08,36.03041231632233,6.005068719387054,21.0,24.0,0.0,28.0,0.0,4.0
4417,lolz anarchism is lyk kaos an stuf but it wont werk cuz i dont no wut it is and evry1 noz ur supoz3d 2 put opinonz in an definition,noz ur supoz 3 d,noz ur supoz 3 d,is_multiword,0,21,21|22|23|24|25,1,6.623280750380622,0,1.0,,,,,,,,,,,,,,,,,,,,,,,,,,,,,,,lolz anarchism is lyk kaos an stuf but it wont werk cuz i dont no wut it is and evry1 noz <mask> <mask> <mask> <mask> <mask> <mask> <mask> <mask> <mask> in an definition,▁ur ▁supoz 3 d ▁2 ▁put ▁op ino nz,9.0,7.051928802102509e-38,85.54493236541748,9.504992485046388,it is is is is is is is is,5.449999429175277e-12,59.6095267534256,6.623280750380622,21.0,25.0,0.0,28.0,0.0,5.0
4417,lolz anarchism is lyk kaos an stuf but it wont werk cuz i dont no wut it is and evry1 noz ur supoz3d 2 put opinonz in an definition,ur supoz,ur supoz,is_multiword,0,22,22|23,1,6.182263255119324,0,1.0,,,,,,,,,,,,,,,,,,,,,,,,,,,,,,,lolz anarchism is lyk kaos an stuf but it wont werk cuz i dont no wut it is and evry1 noz ur <mask> <mask> <mask> <mask> put opinonz in an definition,▁supoz 3 d ▁2,4.0,1.0328307138241912e-16,36.80905818939209,9.202264547348022, t t to,5.671793541934649e-06,24.72905302047729,6.182263255119324,22.0,23.0,0.0,28.0,0.0,2.0
4417,lolz anarchism is lyk kaos an stuf but it wont werk cuz i dont no wut it is and evry1 noz ur supoz3d 2 put opinonz in an definition,ur supoz 3,ur supoz 3,is_multiword,0,22,22|23|24,1,5.77684850692749,0,1.0,,,,,,,,,,,,,,,,,,,,,,,,,,,,,,,lolz anarchism is lyk kaos an stuf but it wont werk cuz i dont no wut it is and evry1 noz ur <mask> <mask> <mask> <mask> <mask> opinonz in an definition,▁supoz 3 d ▁2 ▁put,5.0,7.251968720351415e-21,46.37301397323608,9.274602794647215,can t t i i,2.5393529522106693e-08,28.88424253463745,5.77684850692749,22.0,24.0,0.0,28.0,0.0,3.0
4417,lolz anarchism is lyk kaos an stuf but it wont werk cuz i dont no wut it is and evry1 noz ur supoz3d 2 put opinonz in an definition,ur supoz 3 d,ur supoz 3 d,is_multiword,0,22,22|23|24|25,1,6.285886317491531,0,1.0,,,,,,,,,,,,,,,,,,,,,,,,,,,,,,,lolz anarchism is lyk kaos an stuf but it wont werk cuz i dont no wut it is and evry1 noz ur <mask> <mask> <mask> <mask> <mask> <mask> <mask> <mask> in an definition,▁supoz 3 d ▁2 ▁put ▁op ino nz,8.0,2.869864708564169e-34,77.23362827301025,9.654203534126282,a is is i i is is is,1.98274724966842e-12,50.28709053993225,6.285886317491531,22.0,25.0,0.0,28.0,0.0,4.0
4417,lolz anarchism is lyk kaos an stuf but it wont werk cuz i dont no wut it is and evry1 noz ur supoz3d 2 put opinonz in an definition,supoz 3,supoz 3,is_multiword,0,23,23|24,1,4.417768359184265,0,1.0,,,,,,,,,,,,,,,,,,,,,,,,,,,,,,,lolz anarchism is lyk kaos an stuf but it wont werk cuz i dont no wut it is and evry1 noz ur supoz3d <mask> <mask> opinonz in an definition,▁2 ▁put,2.0,2.927258779924208e-07,15.044029235839844,7.522014617919922,is an,0.0020122686385904,8.83553671836853,4.417768359184265,23.0,24.0,0.0,28.0,0.0,2.0
4417,lolz anarchism is lyk kaos an stuf but it wont werk cuz i dont no wut it is and evry1 noz ur supoz3d 2 put opinonz in an definition,supoz 3 d,supoz 3 d,is_multiword,0,23,23|24|25,1,5.716351938247681,0,1.0,,,,,,,,,,,,,,,,,,,,,,,,,,,,,,,lolz anarchism is lyk kaos an stuf but it wont werk cuz i dont no wut it is and evry1 noz ur supoz3d <mask> <mask> <mask> <mask> <mask> in an definition,▁2 ▁put ▁op ino nz,5.0,4.205082514390977e-20,44.61540794372559,8.923081588745116,is is is t is,1.088115606182148e-07,28.581759691238403,5.716351938247681,23.0,25.0,0.0,28.0,0.0,3.0
4417,lolz anarchism is lyk kaos an stuf but it wont werk cuz i dont no wut it is and evry1 noz ur supoz3d 2 put opinonz in an definition,3 d,3 d,is_multiword,0,24,24|25,1,6.210545718669891,0,1.0,,,,,,,,,,,,,,,,,,,,,,,,,,,,,,,lolz anarchism is lyk kaos an stuf but it wont werk cuz i dont no wut it is and evry1 noz ur supoz3d 2 <mask> <mask> <mask> <mask> in an definition,▁put ▁op ino nz,4.0,1.9952267134645904e-17,38.4531888961792,9.6132972240448,d is is s,1.2269170216988198e-06,24.842182874679565,6.210545718669891,24.0,25.0,0.0,28.0,0.0,2.0
4418,"he shit himself, he's a right bottler",right bottler,right bottler,is_multiword,0,5,5|6,1,4.728102405865987,0,1.0,,,,,,,,,,,,,,,,,,,,,,,,,,,,,,,he shit himself he's a <mask> <mask> <mask>,▁right ▁bottle r,3.0,1.0489815819025957e-10,22.978031158447266,7.659343719482422,shit  .,0.0001516820596172,14.18430721759796,4.728102405865987,5.0,6.0,0.0,6.0,0.0,2.0
4420,"after the show, frank and i sat on the couch in the lobby and started blobbin' out",blobbin out,blobbin out,is_multiword,1,15,15|16,1,7.703473806381226,0,1.0,,,,,,,,,,,,,,,,,,,,,,,,,,,,,,,after the show frank and i sat on the couch in the lobby and started <mask> <mask> <mask> <mask> <mask>,▁blo bbi n ' ▁out,5.0,1.7650481707683618e-21,47.78610897064209,9.557221794128418,to talk the s .,9.43272971603457e-05,38.51736903190613,7.703473806381226,15.0,16.0,0.0,16.0,0.0,2.0
4422,wow i am serisously so unbelieveably ballertastic,unbelieveably ballertastic,unbelieveably ballertastic,is_multiword,0,5,5|6,1,7.352517992258072,0,1.0,,,,,,,,,,,,,,,,,,,,,,,,,,,,,,,wow i am serisously so <mask> <mask> <mask> <mask> <mask> <mask> <mask> <mask>,▁un beli eve ably ▁ball er ta stic,8.0,6.685103162090758e-36,80.99318170547485,10.124147713184357,happy i i i i you . .,2.34623792531728e-10,58.820143938064575,7.352517992258072,5.0,6.0,0.0,6.0,0.0,2.0
4424,"hey i think i want to go somwhere with high temps and totaly licks balls, lets go to bahrain",totaly licks,totaly licks,is_multiword,0,12,12|13,1,6.163366854190826,0,1.0,,,,,,,,,,,,,,,,,,,,,,,,,,,,,,,hey i think i want to go somwhere with high temps and <mask> <mask> <mask> <mask> balls lets go to bahrain,▁total y ▁li cks,4.0,8.794655727136459e-16,34.66721725463867,8.666804313659668,a s of the,4.4779960097379216e-05,24.653467416763306,6.163366854190826,12.0,13.0,0.0,18.0,0.0,2.0
4424,"hey i think i want to go somwhere with high temps and totaly licks balls, lets go to bahrain",totaly licks balls,totaly licks balls,is_multiword,0,12,12|13|14,1,5.622414906819661,0,1.0,,,,,,,,,,,,,,,,,,,,,,,,,,,,,,,hey i think i want to go somwhere with high temps and <mask> <mask> <mask> <mask> <mask> <mask> lets go to bahrain,▁total y ▁li cks ▁ball s,6.0,2.813827633985772e-21,47.31974124908447,7.886623541514079,i i i i i so,1.2589257145637077e-06,33.73448944091797,5.622414906819661,12.0,14.0,0.0,18.0,0.0,3.0
4424,"hey i think i want to go somwhere with high temps and totaly licks balls, lets go to bahrain",licks balls,licks balls,is_multiword,0,13,13|14,1,4.889576017856598,0,1.0,,,,,,,,,,,,,,,,,,,,,,,,,,,,,,,hey i think i want to go somwhere with high temps and totaly <mask> <mask> <mask> <mask> lets go to bahrain,▁li cks ▁ball s,4.0,6.87862095086708e-14,30.30777311325073,7.576943278312683,rain y i so,2.145679795490842e-05,19.55830407142639,4.889576017856598,13.0,14.0,0.0,18.0,0.0,2.0
4425,man u deserve to be n nws look at that nigga swag,u deserve,u deserve,is_multiword,0,1,1|2,1,3.784263670444489,0,1.0,,,,,,,,,,,,,,,,,,,,,,,,,,,,,,,man <mask> <mask> to be n nws look at that nigga swag,▁u ▁deserve,2.0,9.134442449440303e-06,11.603458404541016,5.801729202270508,is going,0.0176868993414017,7.568527340888977,3.784263670444489,1.0,2.0,0.0,11.0,0.0,2.0
4425,man u deserve to be n nws look at that nigga swag,u deserve to,u deserve to,is_multiword,0,1,1|2|3,1,3.1442262331644693,0,1.0,,,,,,,,,,,,,,,,,,,,,,,,,,,,,,,man <mask> <mask> <mask> be n nws look at that nigga swag,▁u ▁deserve ▁to,3.0,9.827620924878013e-08,16.135483860969543,5.378494620323181,", man to",0.0012274638344786,9.432678699493408,3.1442262331644693,1.0,3.0,0.0,11.0,0.0,3.0
4425,man u deserve to be n nws look at that nigga swag,u deserve to be,u deserve to be,is_multiword,0,1,1|2|3|4,1,4.307868897914887,0,1.0,,,,,,,,,,,,,,,,,,,,,,,,,,,,,,,man <mask> <mask> <mask> <mask> n nws look at that nigga swag,▁u ▁deserve ▁to ▁be,4.0,5.065898294024038e-13,28.31107473373413,7.077768683433533,man man n men,1.542379452317229e-05,17.231475591659546,4.307868897914887,1.0,4.0,0.0,11.0,0.0,4.0
4425,man u deserve to be n nws look at that nigga swag,u deserve to be n,u deserve to be n,is_multiword,0,1,1|2|3|4|5,1,4.1642921447753904,0,1.0,,,,,,,,,,,,,,,,,,,,,,,,,,,,,,,man <mask> <mask> <mask> <mask> <mask> nws look at that nigga swag,▁u ▁deserve ▁to ▁be ▁n,5.0,9.72455717397407e-16,34.566707134246826,6.913341426849366,man man man at the,1.072791519130132e-06,20.821460723876957,4.1642921447753904,1.0,5.0,0.0,11.0,0.0,5.0
4425,man u deserve to be n nws look at that nigga swag,u deserve to be n nws,u deserve to be n nws,is_multiword,0,1,1|2|3|4|5|6,1,5.095855133874076,0,1.0,,,,,,,,,,,,,,,,,,,,,,,,,,,,,,,man <mask> <mask> <mask> <mask> <mask> <mask> <mask> look at that nigga swag,▁u ▁deserve ▁to ▁be ▁n ▁n ws,7.0,7.077064945789985e-25,55.607768058776855,7.943966865539551,", s s man you have to",2.1956622628172675e-09,35.67098593711853,5.095855133874076,1.0,6.0,0.0,11.0,0.0,6.0
4425,man u deserve to be n nws look at that nigga swag,u deserve to be n nws look,u deserve to be n nws look,is_multiword,0,1,1|2|3|4|5|6|7,1,3.957087993621826,0,1.0,,,,,,,,,,,,,,,,,,,,,,,,,,,,,,,man <mask> <mask> <mask> <mask> <mask> <mask> <mask> <mask> at that nigga swag,▁u ▁deserve ▁to ▁be ▁n ▁n ws ▁look,8.0,5.3475431960981804e-24,53.58540499210358,6.698175624012947,", s a , and to to look",2.9956160007957363e-10,31.65670394897461,3.957087993621826,1.0,7.0,0.0,11.0,0.0,7.0
4425,man u deserve to be n nws look at that nigga swag,deserve to,deserve to,is_multiword,0,2,2|3,1,2.354406237602234,0,1.0,,,,,,,,,,,,,,,,,,,,,,,,,,,,,,,man u <mask> <mask> be n nws look at that nigga swag,▁deserve ▁to,2.0,0.0001848509274128,8.595960855484009,4.297980427742004,wan to,0.0205037315970322,4.708812475204468,2.354406237602234,2.0,3.0,0.0,11.0,0.0,2.0
4425,man u deserve to be n nws look at that nigga swag,deserve to be,deserve to be,is_multiword,0,2,2|3|4,1,3.519177516301473,0,1.0,,,,,,,,,,,,,,,,,,,,,,,,,,,,,,,man u <mask> <mask> <mask> n nws look at that nigga swag,▁deserve ▁to ▁be,3.0,2.1780504203989994e-09,19.9448356628418,6.648278554280599,got s n,8.378109991362096e-05,10.55753254890442,3.519177516301473,2.0,4.0,0.0,11.0,0.0,3.0
4425,man u deserve to be n nws look at that nigga swag,deserve to be n,deserve to be n,is_multiword,0,2,2|3|4|5,1,2.953741043806076,0,1.0,,,,,,,,,,,,,,,,,,,,,,,,,,,,,,,man u <mask> <mask> <mask> <mask> nws look at that nigga swag,▁deserve ▁to ▁be ▁n,4.0,7.345872599005593e-11,23.33429741859436,5.83357435464859,got to to the,9.936127076321763e-06,11.814964175224304,2.953741043806076,2.0,5.0,0.0,11.0,0.0,4.0
4425,man u deserve to be n nws look at that nigga swag,deserve to be n nws,deserve to be n nws,is_multiword,0,2,2|3|4|5|6,1,4.629894336064656,0,1.0,,,,,,,,,,,,,,,,,,,,,,,,,,,,,,,man u <mask> <mask> <mask> <mask> <mask> <mask> look at that nigga swag,▁deserve ▁to ▁be ▁n ▁n ws,6.0,1.1453738491804442e-19,43.61338567733765,7.268897612889607,got a to you like a,1.328533882218247e-07,27.77936601638794,4.629894336064656,2.0,6.0,0.0,11.0,0.0,5.0
4425,man u deserve to be n nws look at that nigga swag,deserve to be n nws look,deserve to be n nws look,is_multiword,0,2,2|3|4|5|6|7,1,3.358959232057844,0,1.0,,,,,,,,,,,,,,,,,,,,,,,,,,,,,,,man u <mask> <mask> <mask> <mask> <mask> <mask> <mask> at that nigga swag,▁deserve ▁to ▁be ▁n ▁n ws ▁look,7.0,2.7083579488172285e-19,42.752774238586426,6.107539176940918,got a to you you a look,4.4070530469597826e-09,23.512714624404907,3.358959232057844,2.0,7.0,0.0,11.0,0.0,6.0
4425,man u deserve to be n nws look at that nigga swag,to be,to be,is_multiword,0,3,3|4,1,1.6334171295166016,1,1.0,,,,,,,,,,,,,,,,,,,,,,,,,,,,,,,man u deserve <mask> <mask> n nws look at that nigga swag,▁to ▁be,2.0,0.0004811556910192,7.639319658279419,3.8196598291397095,to n,0.012619836226563,3.266834259033203,1.6334171295166016,3.0,4.0,0.0,11.0,0.0,2.0
4425,man u deserve to be n nws look at that nigga swag,to be n,to be n,is_multiword,0,3,3|4|5,1,1.6415685017903645,0,1.0,,,,,,,,,,,,,,,,,,,,,,,,,,,,,,,man u deserve <mask> <mask> <mask> nws look at that nigga swag,▁to ▁be ▁n,3.0,3.1494357591641364e-05,10.365702152252195,3.4552340507507324,to fuck the,0.0043351604927709,4.924705505371094,1.6415685017903645,3.0,5.0,0.0,11.0,0.0,3.0
4425,man u deserve to be n nws look at that nigga swag,to be n nws,to be n nws,is_multiword,0,3,3|4|5|6,1,3.875775933265686,0,1.0,,,,,,,,,,,,,,,,,,,,,,,,,,,,,,,man u deserve <mask> <mask> <mask> <mask> <mask> look at that nigga swag,▁to ▁be ▁n ▁n ws,5.0,2.3615539016777727e-14,31.376871466636658,6.275374293327332,d to fuck have a,6.156563556372526e-06,19.37887966632843,3.875775933265686,3.0,6.0,0.0,11.0,0.0,4.0
4425,man u deserve to be n nws look at that nigga swag,to be n nws look,to be n nws look,is_multiword,0,3,3|4|5|6|7,1,2.70012096563975,0,1.0,,,,,,,,,,,,,,,,,,,,,,,,,,,,,,,man u deserve <mask> <mask> <mask> <mask> <mask> <mask> at that nigga swag,▁to ▁be ▁n ▁n ws ▁look,6.0,1.6243001607147397e-14,31.75111424922943,5.291852374871572,to fuck i u a look,1.7642174051976554e-07,16.2007257938385,2.70012096563975,3.0,7.0,0.0,11.0,0.0,5.0
4425,man u deserve to be n nws look at that nigga swag,be n,be n,is_multiword,0,4,4|5,1,2.4970646500587463,0,1.0,,,,,,,,,,,,,,,,,,,,,,,,,,,,,,,man u deserve to <mask> <mask> nws look at that nigga swag,▁be ▁n,2.0,0.0002638948797716,8.239959716796875,4.1199798583984375,have a,0.0389362176439553,4.994129300117493,2.4970646500587463,4.0,5.0,0.0,11.0,0.0,2.0
4425,man u deserve to be n nws look at that nigga swag,be n nws,be n nws,is_multiword,0,4,4|5|6,1,5.049321115016937,0,1.0,,,,,,,,,,,,,,,,,,,,,,,,,,,,,,,man u deserve to <mask> <mask> <mask> <mask> look at that nigga swag,▁be ▁n ▁n ws,4.0,7.739375320343748e-13,27.887285232543945,6.971821308135986,be a a a,0.0004573778184214,20.19728446006775,5.049321115016937,4.0,6.0,0.0,11.0,0.0,3.0
4425,man u deserve to be n nws look at that nigga swag,be n nws look,be n nws look,is_multiword,0,4,4|5|6|7,1,3.30633397102356,0,1.0,,,,,,,,,,,,,,,,,,,,,,,,,,,,,,,man u deserve to <mask> <mask> <mask> <mask> <mask> at that nigga swag,▁be ▁n ▁n ws ▁look,5.0,7.036453121765499e-13,27.982501983642575,5.596500396728516,be a a a look,1.0640616558259817e-05,16.531669855117798,3.30633397102356,4.0,7.0,0.0,11.0,0.0,4.0
4425,man u deserve to be n nws look at that nigga swag,n nws,n nws,is_multiword,0,5,5|6,1,6.652256011962891,0,1.0,,,,,,,,,,,,,,,,,,,,,,,,,,,,,,,man u deserve to be <mask> <mask> <mask> look at that nigga swag,▁n ▁n ws,3.0,2.070959814041945e-12,26.903008937835693,8.96766964594523,a for a,0.0009622455388782,19.956768035888672,6.652256011962891,5.0,6.0,0.0,11.0,0.0,2.0
4425,man u deserve to be n nws look at that nigga swag,n nws look,n nws look,is_multiword,0,5,5|6|7,1,4.162308663129807,0,1.0,,,,,,,,,,,,,,,,,,,,,,,,,,,,,,,man u deserve to be <mask> <mask> <mask> <mask> at that nigga swag,▁n ▁n ws ▁look,4.0,2.095458311140708e-12,26.89124882221222,6.722812205553055,a a a look,3.564099029498942e-05,16.649234652519226,4.162308663129807,5.0,7.0,0.0,11.0,0.0,3.0
4425,man u deserve to be n nws look at that nigga swag,nws look,nws look,is_multiword,0,6,6|7,1,4.032157818476359,0,1.0,,,,,,,,,,,,,,,,,,,,,,,,,,,,,,,man u deserve to be n <mask> <mask> <mask> at that nigga swag,▁n ws ▁look,3.0,2.284192481326952e-09,19.897253274917603,6.632417758305867,' and look,0.0004094155842093,12.096473455429075,4.032157818476359,6.0,7.0,0.0,11.0,0.0,2.0
4425,man u deserve to be n nws look at that nigga swag,nigga swag,nigga swag,is_multiword,0,10,10|11,1,4.897699296474457,0,1.0,,,,,,,,,,,,,,,,,,,,,,,,,,,,,,,man u deserve to be n nws look at that <mask> <mask> <mask> <mask>,▁ni gga ▁s wag,4.0,2.204554468998424e-15,33.74825096130371,8.437062740325928,s n  .,7.103885412427835e-07,19.590797185897827,4.897699296474457,10.0,11.0,0.0,11.0,0.0,2.0
4429,hey you bitch quit being a codybear,bitch quit,bitch quit,is_multiword,0,2,2|3,1,6.187357842922211,0,1.0,,,,,,,,,,,,,,,,,,,,,,,,,,,,,,,hey you <mask> <mask> <mask> <mask> being a codybear,▁bit ch ▁qui t,4.0,8.692518181812852e-16,34.67889881134033,8.669724702835083,are re you for,4.871773432475402e-05,24.749431371688843,6.187357842922211,2.0,3.0,0.0,6.0,0.0,2.0
4431,"dood, when final fantasy 13 comes out i might as well come",might as,might as,is_multiword,0,8,8|9,1,1.6882915496826172,0,1.0,,,,,,,,,,,,,,,,,,,,,,,,,,,,,,,dood when final fantasy 13 comes out i <mask> <mask> well come,▁might ▁as,2.0,0.0006559064863015,7.3294923305511475,3.6647461652755737,hope it,0.0191987667998451,3.3765830993652344,1.6882915496826172,8.0,9.0,0.0,11.0,0.0,2.0
4431,"dood, when final fantasy 13 comes out i might as well come",might as well,might as well,is_multiword,0,8,8|9|10,1,4.50020972887675,0,1.0,,,,,,,,,,,,,,,,,,,,,,,,,,,,,,,dood when final fantasy 13 comes out i <mask> <mask> <mask> come,▁might ▁as ▁well,3.0,1.7516346685338586e-09,20.162716388702396,6.720905462900798,know i to,0.0012784751476857,13.500629186630247,4.50020972887675,8.0,10.0,0.0,11.0,0.0,3.0
4431,"dood, when final fantasy 13 comes out i might as well come",as well,as well,is_multiword,0,9,9|10,1,4.729648411273956,1,1.0,,,,,,,,,,,,,,,,,,,,,,,,,,,,,,,dood when final fantasy 13 comes out i might <mask> <mask> come,▁as ▁well,2.0,3.3235940806844432e-06,12.614463806152344,6.307231903076172,have to,0.0426312816731894,9.459296822547913,4.729648411273956,9.0,10.0,0.0,11.0,0.0,2.0
4432,me and my boys bout to babin apes,boys bout,boys bout,is_multiword,0,3,3|4,1,6.637475967407227,0,1.0,,,,,,,,,,,,,,,,,,,,,,,,,,,,,,,me and my <mask> <mask> to babin apes,▁boys ▁bout,2.0,9.879437040178378e-09,18.432810306549072,9.216405153274536,sister s,0.0057540094487556,13.274951934814451,6.637475967407227,3.0,4.0,0.0,7.0,0.0,2.0
4432,me and my boys bout to babin apes,babin apes,babin apes,is_multiword,1,6,6|7,1,5.328496038913727,0,1.0,,,,,,,,,,,,,,,,,,,,,,,,,,,,,,,me and my boys bout to <mask> <mask> <mask> <mask>,▁babi n ▁a pes,4.0,3.340238751568829e-15,33.33273410797119,8.333183526992798,get the the .,6.030081977857881e-06,21.313984155654907,5.328496038913727,6.0,7.0,0.0,7.0,0.0,2.0
4434,"hit the club and light the bitch up, cash money motto is to drink til you thrown up",bitch up,bitch up,is_multiword,0,6,6|7,1,7.361518780390422,1,1.0,,,,,,,,,,,,,,,,,,,,,,,,,,,,,,,hit the club and light the <mask> <mask> <mask> cash money motto is to drink til you thrown up,▁bit ch ▁up,3.0,7.566945360909521e-13,27.90981674194336,9.303272247314451,light </s> the,0.0029520353399963,22.084556341171265,7.361518780390422,6.0,7.0,0.0,17.0,0.0,2.0
4434,"hit the club and light the bitch up, cash money motto is to drink til you thrown up",thrown up,thrown up,is_multiword,0,16,16|17,1,4.55501925945282,1,1.0,,,,,,,,,,,,,,,,,,,,,,,,,,,,,,,hit the club and light the bitch up cash money motto is to drink til you <mask> <mask> <mask>,▁throw n ▁up,3.0,1.1529789165480014e-09,20.58091688156128,6.860305627187093,get it </s>,0.0009919289232432,13.66505777835846,4.55501925945282,16.0,17.0,0.0,17.0,0.0,2.0
4438,ludes used to be the one and only college past time,to be,to be,is_multiword,0,2,2|3,1,0.0,0,1.0,,,,,,,,,,,,,,,,,,,,,,,,,,,,,,,ludes used <mask> <mask> the one and only college past time,▁to ▁be,2.0,0.5691001707606731,0.5636988133192062,0.2818494066596031,to be,0.5691001707606731,0.0,0.0,2.0,3.0,0.0,10.0,0.0,2.0
4438,ludes used to be the one and only college past time,one and,one and,is_multiword,0,5,5|6,1,0.5182704925537109,1,1.0,,,,,,,,,,,,,,,,,,,,,,,,,,,,,,,ludes used to be the <mask> <mask> only college past time,▁one ▁and,2.0,0.0048702407770508,5.3246119022369385,2.662305951118469,best of,0.0137313887508881,1.036540985107422,0.5182704925537109,5.0,6.0,0.0,10.0,0.0,2.0
4439,this kid i know is a total cumfacedicklicker,total cumfacedicklicker,total cumfacedicklicker,is_multiword,0,6,6|7,1,6.98779167731603,1,1.0,,,,,,,,,,,,,,,,,,,,,,,,,,,,,,,this kid i know is a <mask> <mask> <mask> <mask> <mask> <mask>,▁total ▁cum face dic klick er,6.0,7.039094398399433e-27,60.21831798553467,10.036386330922443,good of and a . .,1.1378184882390444e-08,41.92675006389618,6.98779167731603,6.0,7.0,0.0,7.0,0.0,2.0
4440,ill deadward his dark ass,ill deadward,ill deadward,is_multiword,0,0,0|1,1,9.08429209391276,1,1.0,,,,,,,,,,,,,,,,,,,,,,,,,,,,,,,<mask> <mask> <mask> his dark ass,▁ill ▁dead ward,3.0,1.3833956449809348e-15,34.21423530578613,11.404745101928713,She cum in,0.0009478076055406,27.25287628173828,9.08429209391276,0.0,1.0,0.0,4.0,0.0,2.0
4453,stop being an al maha,al maha,al maha,is_multiword,1,3,3|4,1,9.137737035751345,0,1.0,,,,,,,,,,,,,,,,,,,,,,,,,,,,,,,stop being an <mask> <mask>,▁al ▁maha,2.0,7.487934161051511e-10,21.01255798339844,10.50627899169922,idiot .,0.0647589145199126,18.27547407150269,9.137737035751345,3.0,4.0,0.0,4.0,0.0,2.0
4459,aj tagz will kill farmingadle,aj tagz,aj tagz,is_multiword,1,0,0|1,1,7.78511913617452,0,1.0,,,,,,,,,,,,,,,,,,,,,,,,,,,,,,,<mask> <mask> <mask> will kill farmingadle,▁aj ▁tag z,3.0,1.0391490007891583e-14,32.19778919219971,10.732596397399902,The : that,0.0001444709969543,23.35535740852356,7.78511913617452,0.0,1.0,0.0,4.0,0.0,2.0
4461,"""if you pick up that anvil, you're gonna drop a nut ""i dropped a nut carrying that sofa""""",you're gonna,you're gonna,is_multiword,0,6,6|7,1,3.282833188772201,1,1.0,,,,,,,,,,,,,,,,,,,,,,,,,,,,,,,if you pick up that anvil <mask> <mask> <mask> <mask> drop a nut i dropped a nut carrying that sofa,▁you ' re ▁gonna,4.0,7.360334287264132e-10,21.02974557876587,5.257436394691467,i i i i,0.0003713324430508,13.131332755088806,3.282833188772201,6.0,7.0,0.0,17.0,0.0,2.0
4468,"i used to get fingerhut catalogs in the mail on a quarterly basis, but all at once they just stopped coming",get fingerhut,get fingerhut,is_multiword,0,3,3|4,1,6.964638789494832,0,1.0,,,,,,,,,,,,,,,,,,,,,,,,,,,,,,,i used to <mask> <mask> <mask> catalogs in the mail on a quarterly basis but all at once they just stopped coming,▁get ▁finger hut,3.0,5.030812421980852e-12,26.01543962955475,8.671813209851583,get my the,0.0059669267816115,20.893916368484497,6.964638789494832,3.0,4.0,0.0,20.0,0.0,2.0
4468,"i used to get fingerhut catalogs in the mail on a quarterly basis, but all at once they just stopped coming",in the,in the,is_multiword,0,6,6|7,1,0.0,0,1.0,,,,,,,,,,,,,,,,,,,,,,,,,,,,,,,i used to get fingerhut catalogs <mask> <mask> mail on a quarterly basis but all at once they just stopped coming,▁in ▁the,2.0,0.388504249812454,0.94545117020607,0.472725585103035,in the,0.388504249812454,0.0,0.0,6.0,7.0,0.0,20.0,0.0,2.0
4468,"i used to get fingerhut catalogs in the mail on a quarterly basis, but all at once they just stopped coming",quarterly basis,quarterly basis,is_multiword,0,11,11|12,1,4.527229368686676,1,1.0,,,,,,,,,,,,,,,,,,,,,,,,,,,,,,,i used to get fingerhut catalogs in the mail on a <mask> <mask> <mask> but all at once they just stopped coming,▁quarter ly ▁basis,3.0,1.0428149548036686e-08,18.37875699996948,6.126252333323161,"few of ,",0.008253904697739,13.581688106060028,4.527229368686676,11.0,12.0,0.0,20.0,0.0,2.0
4473,"fuck josh's party, let's go pick up some bitches & hoes",pick up,pick up,is_multiword,0,5,5|6,1,2.1838589310646057,1,1.0,,,,,,,,,,,,,,,,,,,,,,,,,,,,,,,fuck josh's party let's go <mask> <mask> some bitches hoes,▁pick ▁up,2.0,0.0001814273073978,8.614655494689941,4.307327747344971,and with,0.0143079831884623,4.367717862129211,2.1838589310646057,5.0,6.0,0.0,9.0,0.0,2.0
4476,the hosteria at ralph's was so crazy that i just left without picking up my groceries this weekend,hosteria at,hosteria at,is_multiword,0,1,1|2,1,4.6457839012146,0,1.0,,,,,,,,,,,,,,,,,,,,,,,,,,,,,,,the <mask> <mask> <mask> ralph's was so crazy that i just left without picking up my groceries this weekend,▁hos teria ▁at,3.0,2.8466179947256714e-09,19.67713421583176,6.559044738610585,price at at,0.0032154675242615,13.9373517036438,4.6457839012146,1.0,2.0,0.0,17.0,0.0,2.0
4477,that goateed mutha fucker sure likes to cool hand luke - i saw him at tower records the other day with his arm in a sling,goateed mutha,goateed mutha,is_multiword,0,1,1|2,1,7.23551344871521,1,1.0,,,,,,,,,,,,,,,,,,,,,,,,,,,,,,,that <mask> <mask> <mask> <mask> <mask> fucker sure likes to cool hand luke - i saw him at tower records the other day with his arm in a sling,▁go ate ed ▁mu tha,5.0,3.762492597325318e-20,44.72662019729614,8.945324039459228,' s a - the,0.000193728482547,36.17756724357605,7.23551344871521,1.0,2.0,0.0,25.0,0.0,2.0
4477,that goateed mutha fucker sure likes to cool hand luke - i saw him at tower records the other day with his arm in a sling,goateed mutha fucker,goateed mutha fucker,is_multiword,0,1,1|2|3,1,6.745664009026119,0,1.0,,,,,,,,,,,,,,,,,,,,,,,,,,,,,,,that <mask> <mask> <mask> <mask> <mask> <mask> <mask> sure likes to cool hand luke - i saw him at tower records the other day with his arm in a sling,▁go ate ed ▁mu tha ▁fuck er,7.0,4.258646278123824e-27,60.72084617614746,8.674406596592494,' s a a - - he,1.3693175061243766e-06,47.21964806318283,6.745664009026119,1.0,3.0,0.0,25.0,0.0,3.0
4477,that goateed mutha fucker sure likes to cool hand luke - i saw him at tower records the other day with his arm in a sling,goateed mutha fucker sure,goateed mutha fucker sure,is_multiword,0,1,1|2|3|4,1,6.0921281427145,0,1.0,,,,,,,,,,,,,,,,,,,,,,,,,,,,,,,that <mask> <mask> <mask> <mask> <mask> <mask> <mask> <mask> likes to cool hand luke - i saw him at tower records the other day with his arm in a sling,▁go ate ed ▁mu tha ▁fuck er ▁sure,8.0,1.9122766110931648e-29,66.12667322158813,8.265834152698517,"' s a a a , guy who",2.8039598888086228e-08,48.737025141716,6.0921281427145,1.0,4.0,0.0,25.0,0.0,4.0
4477,that goateed mutha fucker sure likes to cool hand luke - i saw him at tower records the other day with his arm in a sling,goateed mutha fucker sure likes,goateed mutha fucker sure likes,is_multiword,0,1,1|2|3|4|5,1,4.873085767030716,0,1.0,,,,,,,,,,,,,,,,,,,,,,,,,,,,,,,that <mask> <mask> <mask> <mask> <mask> <mask> <mask> <mask> <mask> <mask> to cool hand luke - i saw him at tower records the other day with his arm in a sling,▁go ate ed ▁mu tha ▁fuck er ▁sure ▁like s,10.0,2.5049792924382207e-34,77.36961269378662,7.7369612693786625,' s a a the the i a a back,3.6504526932183125e-13,48.73085767030716,4.873085767030716,1.0,5.0,0.0,25.0,0.0,5.0
4477,that goateed mutha fucker sure likes to cool hand luke - i saw him at tower records the other day with his arm in a sling,mutha fucker,mutha fucker,is_multiword,0,2,2|3,1,3.9650449752807617,0,1.0,,,,,,,,,,,,,,,,,,,,,,,,,,,,,,,that goateed <mask> <mask> <mask> <mask> sure likes to cool hand luke - i saw him at tower records the other day with his arm in a sling,▁mu tha ▁fuck er,4.0,6.998764324259757e-13,27.98787260055542,6.996968150138855," , , he",5.407667525251429e-06,15.860179901123049,3.9650449752807617,2.0,3.0,0.0,25.0,0.0,2.0
4477,that goateed mutha fucker sure likes to cool hand luke - i saw him at tower records the other day with his arm in a sling,mutha fucker sure,mutha fucker sure,is_multiword,0,2,2|3|4,1,4.726279544830322,0,1.0,,,,,,,,,,,,,,,,,,,,,,,,,,,,,,,that goateed <mask> <mask> <mask> <mask> <mask> likes to cool hand luke - i saw him at tower records the other day with his arm in a sling,▁mu tha ▁fuck er ▁sure,5.0,8.303956215989281e-17,37.02721452713013,7.405442905426026,"is a a , who",1.5214955338424231e-06,23.63139772415161,4.726279544830322,2.0,4.0,0.0,25.0,0.0,3.0
4477,that goateed mutha fucker sure likes to cool hand luke - i saw him at tower records the other day with his arm in a sling,mutha fucker sure likes,mutha fucker sure likes,is_multiword,0,2,2|3|4|5,1,3.932230302265712,0,1.0,,,,,,,,,,,,,,,,,,,,,,,,,,,,,,,that goateed <mask> <mask> <mask> <mask> <mask> <mask> <mask> to cool hand luke - i saw him at tower records the other day with his arm in a sling,▁mu tha ▁fuck er ▁sure ▁like s,7.0,1.0898899722393808e-22,50.57079529762268,7.2243993282318115,is the the the a a back,9.808534177625803e-11,27.525612115859985,3.932230302265712,2.0,5.0,0.0,25.0,0.0,4.0
4477,that goateed mutha fucker sure likes to cool hand luke - i saw him at tower records the other day with his arm in a sling,fucker sure,fucker sure,is_multiword,0,3,3|4,1,4.333351055781047,0,1.0,,,,,,,,,,,,,,,,,,,,,,,,,,,,,,,that goateed mutha <mask> <mask> <mask> likes to cool hand luke - i saw him at tower records the other day with his arm in a sling,▁fuck er ▁sure,3.0,2.0769103966346e-09,19.992384433746334,6.664128144582112,", , who",0.0009189018277437,13.00005316734314,4.333351055781047,3.0,4.0,0.0,25.0,0.0,2.0
4477,that goateed mutha fucker sure likes to cool hand luke - i saw him at tower records the other day with his arm in a sling,fucker sure likes,fucker sure likes,is_multiword,0,3,3|4|5,1,3.458932638168335,0,1.0,,,,,,,,,,,,,,,,,,,,,,,,,,,,,,,that goateed mutha <mask> <mask> <mask> <mask> <mask> to cool hand luke - i saw him at tower records the other day with his arm in a sling,▁fuck er ▁sure ▁like s,5.0,8.064913456396691e-15,32.45125341415405,6.49025068283081,is is a a up,2.615631154442709e-07,17.294663190841675,3.458932638168335,3.0,5.0,0.0,25.0,0.0,3.0
4477,that goateed mutha fucker sure likes to cool hand luke - i saw him at tower records the other day with his arm in a sling,sure likes,sure likes,is_multiword,0,4,4|5,1,2.958999514579773,0,1.0,,,,,,,,,,,,,,,,,,,,,,,,,,,,,,,that goateed mutha fucker <mask> <mask> <mask> to cool hand luke - i saw him at tower records the other day with his arm in a sling,▁sure ▁like s,3.0,4.977266239405843e-08,16.815799951553345,5.605266650517781,is a up,0.000356633680578,8.876998543739319,2.958999514579773,4.0,5.0,0.0,25.0,0.0,2.0
4480,bryan es un chino latino,es un,es un,is_multiword,0,1,1|2,1,3.32601261138916,1,1.0,,,,,,,,,,,,,,,,,,,,,,,,,,,,,,,bryan <mask> <mask> chino latino,▁es ▁un,2.0,1.08052317719786e-05,11.435480117797852,5.717740058898926," ,",0.0083670417233974,6.65202522277832,3.32601261138916,1.0,2.0,0.0,4.0,0.0,2.0
4480,bryan es un chino latino,es un chino,es un chino,is_multiword,0,1,1|2|3,1,3.2352933287620544,0,1.0,,,,,,,,,,,,,,,,,,,,,,,,,,,,,,,bryan <mask> <mask> <mask> <mask> latino,▁es ▁un ▁ chino,4.0,1.4385609800281156e-11,24.964792728424072,6.241198182106018,"ez , , ,",6.0007901041796725e-06,12.941173315048218,3.2352933287620544,1.0,3.0,0.0,4.0,0.0,3.0
4480,bryan es un chino latino,es un chino latino,es un chino latino,is_multiword,0,1,1|2|3|4,1,5.976261401176453,0,1.0,,,,,,,,,,,,,,,,,,,,,,,,,,,,,,,bryan <mask> <mask> <mask> <mask> <mask>,▁es ▁un ▁ chino ▁latino,5.0,5.739840290279139e-19,42.00168538093567,8.400337076187133,. . . . </s>,5.4473659663158215e-06,29.881307005882263,5.976261401176453,1.0,4.0,0.0,4.0,0.0,4.0
4480,bryan es un chino latino,un chino,un chino,is_multiword,0,2,2|3,1,3.0938000679016118,0,1.0,,,,,,,,,,,,,,,,,,,,,,,,,,,,,,,bryan es <mask> <mask> <mask> latino,▁un ▁ chino,3.0,1.05824639037847e-08,18.36406755447388,6.121355851491292,"paña , en",0.0001136181434718,9.281400203704834,3.0938000679016118,2.0,3.0,0.0,4.0,0.0,2.0
4480,bryan es un chino latino,un chino latino,un chino latino,is_multiword,0,2,2|3|4,1,5.464941620826721,0,1.0,,,,,,,,,,,,,,,,,,,,,,,,,,,,,,,bryan es <mask> <mask> <mask> <mask>,▁un ▁ chino ▁latino,4.0,6.424325748805736e-15,32.6786847114563,8.169671177864075,"paña , . </s>",2.001720852430616e-05,21.859766483306885,5.464941620826721,2.0,4.0,0.0,4.0,0.0,3.0
4480,bryan es un chino latino,chino latino,chino latino,is_multiword,1,3,3|4,1,5.6167828639348345,0,1.0,,,,,,,,,,,,,,,,,,,,,,,,,,,,,,,bryan es un <mask> <mask> <mask>,▁ chino ▁latino,3.0,3.388238955676842e-12,26.41071081161499,8.80357027053833,  .,7.046726939782763e-05,16.850348591804504,5.6167828639348345,3.0,4.0,0.0,4.0,0.0,2.0
4484,"'wow, she's sparky :3' 'she's a sparky' girls may call each other 'sparky'",sparky 3,sparky 3,is_multiword,0,2,2|3,1,6.239255852997303,1,1.0,,,,,,,,,,,,,,,,,,,,,,,,,,,,,,,wow she's <mask> <mask> <mask> <mask> 'she's a sparky' girls may call each other 'sparky,▁spark y ▁3 ',4.0,6.480904393273817e-13,28.06474614143372,7.016186535358429,a spark y </s>,0.0447026395198678,24.95702341198921,6.239255852997303,2.0,3.0,0.0,12.0,0.0,2.0
4485,"""hey, sup bro, how was harry potter 7? "" aww, man it was cool, s'pecially when he broke his wand"" ""hmm, i dunno dude, it was kind of a dendrite",7 aww,7 aww,is_multiword,0,7,7|8,1,4.349681615829468,0,1.0,,,,,,,,,,,,,,,,,,,,,,,,,,,,,,,hey sup bro how was harry potter <mask> <mask> <mask> man it was cool s'pecially when he broke his wand hmm i dunno dude it was kind of a dendrite,▁7 ▁a ww,3.0,2.0639535868194075e-10,22.30122756958008,7.433742523193359,on on the,9.590209581989044e-05,13.049044847488403,4.349681615829468,7.0,8.0,0.0,28.0,0.0,2.0
4485,"""hey, sup bro, how was harry potter 7? "" aww, man it was cool, s'pecially when he broke his wand"" ""hmm, i dunno dude, it was kind of a dendrite",kind of,kind of,is_multiword,0,25,25|26,1,0.3065433502197265,1,1.0,,,,,,,,,,,,,,,,,,,,,,,,,,,,,,,hey sup bro how was harry potter 7 aww man it was cool s'pecially when he broke his wand hmm i dunno dude it was <mask> <mask> a dendrite,▁kind ▁of,2.0,0.0044987735994537,5.403950452804565,2.7019752264022827,like of,0.0083052805771368,0.6130867004394531,0.3065433502197265,25.0,26.0,0.0,28.0,0.0,2.0
4489,"i love lionel blair, if i ever see him i am gonna bum it blue",am gonna,am gonna,is_multiword,0,10,10|11,1,1.3165703415870669,1,1.0,,,,,,,,,,,,,,,,,,,,,,,,,,,,,,,i love lionel blair if i ever see him i <mask> <mask> bum it blue,▁am ▁gonna,2.0,0.0042794930528145,5.453920722007752,2.726960361003876,will gonna,0.0595594658881311,2.6331406831741333,1.3165703415870669,10.0,11.0,0.0,14.0,0.0,2.0
4489,"i love lionel blair, if i ever see him i am gonna bum it blue",am gonna bum,am gonna bum,is_multiword,0,10,10|11|12,1,4.1096038818359375,0,1.0,,,,,,,,,,,,,,,,,,,,,,,,,,,,,,,i love lionel blair if i ever see him i <mask> <mask> <mask> <mask> it blue,▁am ▁gonna ▁bu m,4.0,7.72296348353413e-11,23.2842378616333,5.821059465408325,will i i make,0.0010638910027978,16.43841552734375,4.1096038818359375,10.0,12.0,0.0,14.0,0.0,3.0
4489,"i love lionel blair, if i ever see him i am gonna bum it blue",am gonna bum it,am gonna bum it,is_multiword,0,10,10|11|12|13,1,3.959407138824463,0,1.0,,,,,,,,,,,,,,,,,,,,,,,,,,,,,,,i love lionel blair if i ever see him i <mask> <mask> <mask> <mask> <mask> blue,▁am ▁gonna ▁bu m ▁it,5.0,1.2981190008213222e-13,29.67268991470337,5.9345379829406735,will him him in in,5.141121490030038e-05,19.797035694122314,3.959407138824463,10.0,13.0,0.0,14.0,0.0,4.0
4489,"i love lionel blair, if i ever see him i am gonna bum it blue",gonna bum,gonna bum,is_multiword,0,11,11|12,1,4.711315234502156,0,1.0,,,,,,,,,,,,,,,,,,,,,,,,,,,,,,,i love lionel blair if i ever see him i am <mask> <mask> <mask> it blue,▁gonna ▁bu m,3.0,6.5252114832939974e-09,18.84759247303009,6.282530824343364,gonna to make,0.0089719990382066,14.13394570350647,4.711315234502156,11.0,12.0,0.0,14.0,0.0,2.0
4489,"i love lionel blair, if i ever see him i am gonna bum it blue",gonna bum it,gonna bum it,is_multiword,0,11,11|12|13,1,3.2644587755203247,0,1.0,,,,,,,,,,,,,,,,,,,,,,,,,,,,,,,i love lionel blair if i ever see him i am <mask> <mask> <mask> <mask> blue,▁gonna ▁bu m ▁it,4.0,5.524643819885926e-10,21.3166321516037,5.329158037900925,gonna  in in,0.0002589703324055,13.0578351020813,3.2644587755203247,11.0,13.0,0.0,14.0,0.0,3.0
4489,"i love lionel blair, if i ever see him i am gonna bum it blue",bum it,bum it,is_multiword,0,12,12|13,1,5.53958402077357,1,1.0,,,,,,,,,,,,,,,,,,,,,,,,,,,,,,,i love lionel blair if i ever see him i am gonna <mask> <mask> <mask> blue,▁bu m ▁it,3.0,2.4147351243893583e-09,19.84167623519897,6.613892078399658,love him in,0.0398383934201511,16.61875206232071,5.53958402077357,12.0,13.0,0.0,14.0,0.0,2.0
4490,he got a big doggy nah,doggy nah,doggy nah,is_multiword,0,4,4|5,1,7.262697339057922,0,1.0,,,,,,,,,,,,,,,,,,,,,,,,,,,,,,,he got a big <mask> <mask>,▁doggy ▁nah,2.0,7.179404140588896e-09,18.75204944610596,9.37602472305298,cock .,0.0146011531867949,14.525394678115845,7.262697339057922,4.0,5.0,0.0,5.0,0.0,2.0
4491,that guy is so bouse,so bouse,so bouse,is_multiword,0,3,3|4,1,5.360703508059184,0,1.0,,,,,,,,,,,,,,,,,,,,,,,,,,,,,,,that guy is <mask> <mask> <mask>,▁so ▁bo use,3.0,1.00060997935134e-10,23.025241136550903,7.675080378850301,a good .,0.0009652430603085,16.08211052417755,5.360703508059184,3.0,4.0,0.0,4.0,0.0,2.0
4494,guy 1: yo were cruise toppin,yo were,yo were,is_multiword,0,2,2|3,1,6.777555584907532,0,1.0,,,,,,,,,,,,,,,,,,,,,,,,,,,,,,,guy 1 <mask> <mask> cruise toppin,▁yo ▁were,2.0,3.741697027524084e-09,19.40372657775879,9.701863288879396,year 1,0.0028838894053802,13.555111169815063,6.777555584907532,2.0,3.0,0.0,5.0,0.0,2.0
4500,tom was prepared to run for his life after giving his girl friend a one-eyed pirate,girl friend,girl friend,is_multiword,0,11,11|12,1,7.769548382610083,1,1.0,,,,,,,,,,,,,,,,,,,,,,,,,,,,,,,tom was prepared to run for his life after giving his <mask> <mask> a one-eyed pirate,▁girl ▁friend,2.0,3.220044537472463e-08,17.251285552978516,8.625642776489258,life to,0.180470348713599,15.539096765220163,7.769548382610083,11.0,12.0,0.0,15.0,0.0,2.0
4503,"steve reveals his beetroot, shiney, jewish nose and begins furiously grunding atilla whilst plundging his throbbing licker into his copper badge",grunding atilla,grunding atilla,is_multiword,0,10,10|11,1,6.244217932224274,0,1.0,,,,,,,,,,,,,,,,,,,,,,,,,,,,,,,steve reveals his beetroot shiney jewish nose and begins furiously <mask> <mask> <mask> <mask> whilst plundging his throbbing licker into his copper badge,▁grund ing ▁at illa,4.0,4.7280542892733155e-15,32.985262632369995,8.246315658092499,to ing his him,0.0003326595699138,24.97687172889709,6.244217932224274,10.0,11.0,0.0,20.0,0.0,2.0
4503,"steve reveals his beetroot, shiney, jewish nose and begins furiously grunding atilla whilst plundging his throbbing licker into his copper badge",grunding atilla whilst,grunding atilla whilst,is_multiword,0,10,10|11|12,1,5.923657941818237,0,1.0,,,,,,,,,,,,,,,,,,,,,,,,,,,,,,,steve reveals his beetroot shiney jewish nose and begins furiously <mask> <mask> <mask> <mask> <mask> plundging his throbbing licker into his copper badge,▁grund ing ▁at illa ▁whilst,5.0,1.194473163952962e-17,38.96624135971069,7.793248271942138,"to ing his , ,",8.714373722329569e-05,29.618289709091187,5.923657941818237,10.0,12.0,0.0,20.0,0.0,3.0
4503,"steve reveals his beetroot, shiney, jewish nose and begins furiously grunding atilla whilst plundging his throbbing licker into his copper badge",grunding atilla whilst plundging,grunding atilla whilst plundging,is_multiword,0,10,10|11|12|13,1,6.539594262838364,0,1.0,,,,,,,,,,,,,,,,,,,,,,,,,,,,,,,steve reveals his beetroot shiney jewish nose and begins furiously <mask> <mask> <mask> <mask> <mask> <mask> <mask> <mask> his throbbing licker into his copper badge,▁grund ing ▁at illa ▁whilst ▁p lund ging,8.0,1.7036060853477763e-31,70.84739065170288,8.85592383146286,"to the his his , and to s",8.958737275219556e-09,52.31675410270691,6.539594262838364,10.0,13.0,0.0,20.0,0.0,4.0
4503,"steve reveals his beetroot, shiney, jewish nose and begins furiously grunding atilla whilst plundging his throbbing licker into his copper badge",atilla whilst,atilla whilst,is_multiword,0,11,11|12,1,6.4446476101875305,1,1.0,,,,,,,,,,,,,,,,,,,,,,,,,,,,,,,steve reveals his beetroot shiney jewish nose and begins furiously grunding <mask> <mask> <mask> plundging his throbbing licker into his copper badge,▁at illa ▁whilst,3.0,6.79986761805024e-11,23.41153287887573,7.803844292958577,his head and,0.0169482609656977,19.33394283056259,6.4446476101875305,11.0,12.0,0.0,20.0,0.0,2.0
4503,"steve reveals his beetroot, shiney, jewish nose and begins furiously grunding atilla whilst plundging his throbbing licker into his copper badge",atilla whilst plundging,atilla whilst plundging,is_multiword,0,11,11|12|13,1,6.488138357798259,0,1.0,,,,,,,,,,,,,,,,,,,,,,,,,,,,,,,steve reveals his beetroot shiney jewish nose and begins furiously grunding <mask> <mask> <mask> <mask> <mask> <mask> his throbbing licker into his copper badge,▁at illa ▁whilst ▁p lund ging,6.0,4.9391438026255965e-24,53.66485023498535,8.944141705830893,"his his , and to ing",3.983160353084247e-07,38.92883014678955,6.488138357798259,11.0,13.0,0.0,20.0,0.0,3.0
4503,"steve reveals his beetroot, shiney, jewish nose and begins furiously grunding atilla whilst plundging his throbbing licker into his copper badge",whilst plundging,whilst plundging,is_multiword,0,12,12|13,1,6.753606915473938,0,1.0,,,,,,,,,,,,,,,,,,,,,,,,,,,,,,,steve reveals his beetroot shiney jewish nose and begins furiously grunding atilla <mask> <mask> <mask> <mask> his throbbing licker into his copper badge,▁whilst ▁p lund ging,4.0,1.4052593086830727e-16,36.501139640808105,9.125284910202026,", the to ing",7.585310029993147e-05,27.014427661895752,6.753606915473938,12.0,13.0,0.0,20.0,0.0,2.0
4503,"steve reveals his beetroot, shiney, jewish nose and begins furiously grunding atilla whilst plundging his throbbing licker into his copper badge",throbbing licker,throbbing licker,is_multiword,0,15,15|16,1,6.197112798690796,1,1.0,,,,,,,,,,,,,,,,,,,,,,,,,,,,,,,steve reveals his beetroot shiney jewish nose and begins furiously grunding atilla whilst plundging his <mask> <mask> <mask> <mask> <mask> into his copper badge,▁th rob bing ▁li cker,5.0,1.3823364244762523e-20,45.72792673110962,9.145585346221925, and and the s,3.95797651378177e-07,30.98556399345398,6.197112798690796,15.0,16.0,0.0,20.0,0.0,2.0
4507,"""fool: ""ima jive turkey"" me: ""i believe you""""",ima jive,ima jive,is_multiword,0,1,1|2,1,6.4996146361033125,0,1.0,,,,,,,,,,,,,,,,,,,,,,,,,,,,,,,fool <mask> <mask> <mask> turkey me i believe you,▁ima ▁ji ve,3.0,2.1308944520291586e-12,26.87447929382324,8.958159764607748,i i the,0.000626328611866,19.498843908309937,6.4996146361033125,1.0,2.0,0.0,7.0,0.0,2.0
4507,"""fool: ""ima jive turkey"" me: ""i believe you""""",ima jive turkey,ima jive turkey,is_multiword,0,1,1|2|3,1,8.29366295337677,0,1.0,,,,,,,,,,,,,,,,,,,,,,,,,,,,,,,fool <mask> <mask> <mask> <mask> <mask> me i believe you,▁ima ▁ji ve ▁tur key,5.0,4.466191483151017e-22,49.16033601760864,9.832067203521728,i i i i believe,0.0004564546294436,41.46831476688385,8.29366295337677,1.0,3.0,0.0,7.0,0.0,3.0
4507,"""fool: ""ima jive turkey"" me: ""i believe you""""",jive turkey,jive turkey,is_multiword,0,2,2|3,1,7.564619153738022,0,1.0,,,,,,,,,,,,,,,,,,,,,,,,,,,,,,,fool ima <mask> <mask> <mask> <mask> me i believe you,▁ji ve ▁tur key,4.0,3.0879255228945006e-17,38.01644706726074,9.504111766815186,i i i i,0.0004273229735498,30.258476614952087,7.564619153738022,2.0,3.0,0.0,7.0,0.0,2.0
4508,bala cynwyd middle school can suk my jawn,bala cynwyd,bala cynwyd,is_multiword,0,0,0|1,1,12.04475470383962,0,1.0,,,,,,,,,,,,,,,,,,,,,,,,,,,,,,,<mask> <mask> <mask> middle school can suk my jawn,▁bala ▁cyn wyd,3.0,1.7716861288283263e-19,43.17718505859375,14.39239501953125,I in in,0.0008735711768286,36.13426411151886,12.04475470383962,0.0,1.0,0.0,7.0,0.0,2.0
4515,guy1- hey are you and audri going to the movies? guy2- yeah i cant wait,guy 1,guy 1,is_multiword,0,0,0|1,1,3.8518880208333335,0,1.0,,,,,,,,,,,,,,,,,,,,,,,,,,,,,,,<mask> <mask> <mask> are you and audri going to the movies guy2- yeah i cant wait,▁guy 1- ▁hey,3.0,9.578976869231244e-09,18.46369504928589,6.15456501642863,a - when,0.0009997243302001,11.5556640625,3.8518880208333335,0.0,1.0,0.0,14.0,0.0,2.0
4515,guy1- hey are you and audri going to the movies? guy2- yeah i cant wait,guy 1 hey,guy 1 hey,is_multiword,0,0,0|1|2,1,7.643233239650726,1,1.0,,,,,,,,,,,,,,,,,,,,,,,,,,,,,,,<mask> <mask> <mask> <mask> you and audri going to the movies guy2- yeah i cant wait,▁guy 1- ▁hey ▁are,4.0,2.0681026786909207e-16,36.11472988128662,9.028682470321655,i i i see,0.0039194775086086,30.572932958602905,7.643233239650726,0.0,2.0,0.0,14.0,0.0,3.0
4515,guy1- hey are you and audri going to the movies? guy2- yeah i cant wait,1 hey,1 hey,is_multiword,0,1,1|2,1,0.8121013045310974,0,1.0,,,,,,,,,,,,,,,,,,,,,,,,,,,,,,,guy1- <mask> <mask> you and audri going to the movies guy2- yeah i cant wait,▁hey ▁are,2.0,0.0117471102588622,4.444148004055023,2.222074002027512,i are,0.0596091975807337,1.6242026090621948,0.8121013045310974,1.0,2.0,0.0,14.0,0.0,2.0
4515,guy1- hey are you and audri going to the movies? guy2- yeah i cant wait,guy 2,guy 2,is_multiword,0,11,11|12,1,0.3373202681541443,0,1.0,,,,,,,,,,,,,,,,,,,,,,,,,,,,,,,guy1- hey are you and audri going to the movies guy2- <mask> <mask> cant wait,▁yeah ▁i,2.0,0.0563324477712666,2.8764845728874207,1.4382422864437103,hey i,0.1105990215609416,0.6746405363082886,0.3373202681541443,11.0,12.0,0.0,14.0,0.0,2.0
4515,guy1- hey are you and audri going to the movies? guy2- yeah i cant wait,guy 2 yeah,guy 2 yeah,is_multiword,0,11,11|12|13,1,3.604747772216797,1,1.0,,,,,,,,,,,,,,,,,,,,,,,,,,,,,,,guy1- hey are you and audri going to the movies guy2- <mask> <mask> <mask> wait,▁yeah ▁i ▁cant,3.0,7.380471205802314e-07,14.119258165359495,4.706419388453166,I can t,0.0366986669045113,10.81424331665039,3.604747772216797,11.0,13.0,0.0,14.0,0.0,3.0
4515,guy1- hey are you and audri going to the movies? guy2- yeah i cant wait,2 yeah,2 yeah,is_multiword,0,12,12|13,1,1.4716510772705078,0,1.0,,,,,,,,,,,,,,,,,,,,,,,,,,,,,,,guy1- hey are you and audri going to the movies guy2- yeah <mask> <mask> wait,▁i ▁cant,2.0,0.0032742284947146,5.721673011779785,2.8608365058898926,", can",0.0621396593356876,2.943302154541016,1.4716510772705078,12.0,13.0,0.0,14.0,0.0,2.0
4516,"""i have elevendy cents ""i paid you elevendy three cents""""",elevendy three,elevendy three,is_multiword,0,7,7|8,1,4.247488717238109,1,1.0,,,,,,,,,,,,,,,,,,,,,,,,,,,,,,,i have elevendy cents i paid you <mask> <mask> <mask> cents,▁eleven dy ▁three,3.0,4.147532893665098e-09,19.30075216293335,6.433584054311116,for  dy,0.0014183146035226,12.742466151714323,4.247488717238109,7.0,8.0,0.0,9.0,0.0,2.0
4517,that dumb kineza boss is a bitch,dumb kineza,dumb kineza,is_multiword,0,1,1|2,1,11.551939323544502,0,1.0,,,,,,,,,,,,,,,,,,,,,,,,,,,,,,,that <mask> <mask> <mask> <mask> boss is a bitch,▁du mb ▁kin eza,4.0,1.6821033794147205e-23,52.4394121170044,13.1098530292511,' s that the,0.0019661954978103,46.20775729417801,11.551939323544502,1.0,2.0,0.0,6.0,0.0,2.0
4518,im gonna drill some open hole appraisal wells tonight,im gonna,im gonna,is_multiword,0,0,0|1,1,6.765144109725952,1,1.0,,,,,,,,,,,,,,,,,,,,,,,,,,,,,,,<mask> <mask> drill some open hole appraisal wells tonight,▁im ▁gonna,2.0,7.120137846199044e-08,16.457753658294678,8.228876829147339,We to,0.0535325478602781,13.530288219451904,6.765144109725952,0.0,1.0,0.0,8.0,0.0,2.0
4518,im gonna drill some open hole appraisal wells tonight,hole appraisal,hole appraisal,is_multiword,0,5,5|6,1,5.864428341388702,0,1.0,,,,,,,,,,,,,,,,,,,,,,,,,,,,,,,im gonna drill some open <mask> <mask> <mask> <mask> wells tonight,▁hole ▁app rais al,4.0,2.383494610132521e-14,31.367623567581177,7.841905891895294,- s in the,0.0003670875428325,23.45771336555481,5.864428341388702,5.0,6.0,0.0,8.0,0.0,2.0
4519,ben franklin is on the only man on us money that wasnt a president,money that,money that,is_multiword,0,9,9|10,1,4.738121211528778,0,1.0,,,,,,,,,,,,,,,,,,,,,,,,,,,,,,,ben franklin is on the only man on us <mask> <mask> wasnt a president,▁money ▁that,2.0,4.719240841994144e-06,12.26386260986328,6.131931304931641,when he,0.0615675589981944,9.476242423057556,4.738121211528778,9.0,10.0,0.0,13.0,0.0,2.0
4519,ben franklin is on the only man on us money that wasnt a president,money that wasnt,money that wasnt,is_multiword,0,9,9|10|11,1,5.181743741035461,0,1.0,,,,,,,,,,,,,,,,,,,,,,,,,,,,,,,ben franklin is on the only man on us <mask> <mask> <mask> <mask> a president,▁money ▁that ▁was nt,4.0,7.712691701276678e-13,27.89073896408081,6.972684741020203,who wants to be,0.0007741352175629,20.72697496414185,5.181743741035461,9.0,11.0,0.0,13.0,0.0,3.0
4519,ben franklin is on the only man on us money that wasnt a president,that wasnt,that wasnt,is_multiword,0,10,10|11,1,3.2516160011291504,0,1.0,,,,,,,,,,,,,,,,,,,,,,,,,,,,,,,ben franklin is on the only man on us money <mask> <mask> <mask> a president,▁that ▁was nt,3.0,2.5179774201034093e-07,15.194639682769775,5.064879894256592,who to for,0.0043403873687421,9.754848003387451,3.2516160011291504,10.0,11.0,0.0,13.0,0.0,2.0
4522,some suckas pulled their straps on me so it was mac-10 to the rescue,straps on,straps on,is_multiword,0,4,4|5,1,2.4252598683039346,1,1.0,,,,,,,,,,,,,,,,,,,,,,,,,,,,,,,some suckas pulled their <mask> <mask> <mask> me so it was mac-10 to the rescue,▁strap s ▁on,3.0,3.3669757381479534e-06,12.601495623588562,4.200498541196187,car out from,0.0048648664316405,7.275779604911804,2.4252598683039346,4.0,5.0,0.0,13.0,0.0,2.0
4523,milly is going to sexify her study time with a little r & r,r r,r r,is_multiword,0,11,11|12,1,8.13542154431343,1,1.0,,,,,,,,,,,,,,,,,,,,,,,,,,,,,,,milly is going to sexify her study time with a little <mask> <mask>,▁r ▁r,2.0,5.966353057377352e-09,18.937129974365234,9.468564987182615,girl .,0.0695098447239649,16.27084308862686,8.13542154431343,11.0,12.0,0.0,12.0,0.0,2.0
4527,"that charles manson, he was such an aadya",an aadya,an aadya,is_multiword,0,6,6|7,1,7.173078964153926,0,1.0,,,,,,,,,,,,,,,,,,,,,,,,,,,,,,,that charles manson he was such <mask> <mask> <mask>,▁an ▁aad ya,3.0,1.0078050181398632e-11,25.320661306381226,8.44022043546041,a man .,0.022338929301218,21.519236892461777,7.173078964153926,6.0,7.0,0.0,7.0,0.0,2.0
4530,hey u know that backflip we did in space the other day,hey u,hey u,is_multiword,0,0,0|1,1,6.920904338359833,0,1.0,,,,,,,,,,,,,,,,,,,,,,,,,,,,,,,<mask> <mask> know that backflip we did in space the other day,▁hey ▁u,2.0,8.087270192593727e-08,16.330389499664307,8.165194749832153,Did you,0.0830277140298771,13.841808676719666,6.920904338359833,0.0,1.0,0.0,11.0,0.0,2.0
4533,huhu mein schatz (hello my darling),huhu mein,huhu mein,is_multiword,0,0,0|1,1,7.5392241726319,0,1.0,,,,,,,,,,,,,,,,,,,,,,,,,,,,,,,<mask> <mask> <mask> schatz hello my darling,▁ huhu ▁mein,3.0,1.3304311141955262e-11,25.04293298721313,8.347644329071045,hell o my,0.0884550762079182,22.6176725178957,7.5392241726319,0.0,1.0,0.0,5.0,0.0,2.0
4533,huhu mein schatz (hello my darling),huhu mein schatz,huhu mein schatz,is_multiword,0,0,0|1|2,1,6.253907084465027,0,1.0,,,,,,,,,,,,,,,,,,,,,,,,,,,,,,,<mask> <mask> <mask> <mask> <mask> <mask> hello my darling,▁ huhu ▁mein ▁sch at z,6.0,1.6201579744036166e-23,52.47693347930908,8.746155579884848,"hell o , ling ling :",3.2046557632418826e-07,37.52344250679016,6.253907084465027,0.0,2.0,0.0,5.0,0.0,3.0
4533,huhu mein schatz (hello my darling),mein schatz,mein schatz,is_multiword,0,1,1|2,1,6.566633939743042,0,1.0,,,,,,,,,,,,,,,,,,,,,,,,,,,,,,,huhu <mask> <mask> <mask> <mask> hello my darling,▁mein ▁sch at z,4.0,5.169697233518929e-16,35.19854736328125,8.799636840820312,"hell hell hell ,",0.0001320920401747,26.266535758972168,6.566633939743042,1.0,2.0,0.0,5.0,0.0,2.0
4535,1-i cant believe she went straight from winning the soccer game to being[ prom queen] in the same day; she's such an ansley,such an,such an,is_multiword,0,21,21|22,1,6.812932461500168,0,1.0,,,,,,,,,,,,,,,,,,,,,,,,,,,,,,,1-i cant believe she went straight from winning the soccer game to being prom queen in the same day she's such <mask> <mask> <mask>,▁an ▁ans ley,3.0,5.810747458473051e-12,25.87131190299988,8.623770634333292,a pretty </s>,0.0043720882723076,20.438797384500504,6.812932461500168,21.0,22.0,0.0,22.0,0.0,2.0
4541,i lay pipe with all the lonely bitches while their husbanz hard at work,lay pipe,lay pipe,is_multiword,1,1,1|2,1,6.47937794526418,0,1.0,,,,,,,,,,,,,,,,,,,,,,,,,,,,,,,i <mask> <mask> <mask> with all the lonely bitches while their husbanz hard at work,▁la y ▁pipe,3.0,1.773924195347884e-11,24.755241870880127,8.251747290293375,love to sex,0.0049069238772532,19.43813383579254,6.47937794526418,1.0,2.0,0.0,13.0,0.0,2.0
4545,the keebler elves must have that boydston disease,that boydston,that boydston,is_multiword,0,5,5|6,1,5.749180614948273,0,1.0,,,,,,,,,,,,,,,,,,,,,,,,,,,,,,,the keebler elves must have <mask> <mask> <mask> <mask> disease,▁that ▁boy d ston,4.0,9.130133108043624e-15,32.32719612121582,8.081799030303955,been immun of heart,8.868022274612146e-05,22.99672245979309,5.749180614948273,5.0,6.0,0.0,7.0,0.0,2.0
4546,he is known to fink on us for his girlfriend,fink on,fink on,is_multiword,0,4,4|5,1,5.240933656692505,0,1.0,,,,,,,,,,,,,,,,,,,,,,,,,,,,,,,he is known to <mask> <mask> <mask> us for his girlfriend,▁fin k ▁on,3.0,6.54283736310562e-10,21.147480010986328,7.049160003662109,be to of,0.0044064802347579,15.722800970077516,5.240933656692505,4.0,5.0,0.0,9.0,0.0,2.0
4551,i bet you joe still tastes the apple charlie that brian gave him after he passed out last night,passed out,passed out,is_multiword,0,15,15|16,1,2.173910081386566,0,1.0,,,,,,,,,,,,,,,,,,,,,,,,,,,,,,,i bet you joe still tastes the apple charlie that brian gave him after he <mask> <mask> last night,▁passed ▁out,2.0,0.0007885840679431,7.14527153968811,3.572635769844055,left him,0.060965242217775,4.347820162773132,2.173910081386566,15.0,16.0,0.0,18.0,0.0,2.0
4552,that kid is such an a-newms he wouldnt tell me what was going on,such an,such an,is_multiword,0,3,3|4,1,2.177835345268249,1,1.0,,,,,,,,,,,,,,,,,,,,,,,,,,,,,,,that kid is <mask> <mask> a-newms he wouldnt tell me what was going on,▁such ▁an,2.0,4.138331529599256e-05,10.09263277053833,5.046316385269165,a in,0.0032245493336538,4.355670690536499,2.177835345268249,3.0,4.0,0.0,13.0,0.0,2.0
4552,that kid is such an a-newms he wouldnt tell me what was going on,such an a-newms,such an a-newms,is_multiword,0,3,3|4|5,1,4.114279945691426,0,1.0,,,,,,,,,,,,,,,,,,,,,,,,,,,,,,,that kid is <mask> <mask> <mask> <mask> <mask> <mask> he wouldnt tell me what was going on,▁such ▁an ▁a - new ms,6.0,3.789119382875241e-19,42.416983127594,7.069497187932332,"a and and and , but",1.9924744141224876e-08,24.68567967414856,4.114279945691426,3.0,5.0,0.0,13.0,0.0,3.0
4552,that kid is such an a-newms he wouldnt tell me what was going on,an a-newms,an a-newms,is_multiword,0,4,4|5,1,4.462601488828659,0,1.0,,,,,,,,,,,,,,,,,,,,,,,,,,,,,,,that kid is such <mask> <mask> <mask> <mask> <mask> he wouldnt tell me what was going on,▁an ▁a - new ms,5.0,2.246909075974651e-15,33.72922086715698,6.745844173431396,"a  and , that",1.1015431297423135e-05,22.31300744414329,4.462601488828659,4.0,5.0,0.0,13.0,0.0,2.0
4553,"crispy person: what a celebration of amazingness kaydub: we have strange names, we must be be very celvration",amazingness kaydub,amazingness kaydub,is_multiword,0,6,6|7,1,7.910062909126282,0,1.0,,,,,,,,,,,,,,,,,,,,,,,,,,,,,,,crispy person what a celebration of <mask> <mask> <mask> <mask> we have strange names we must be be very celvration,▁amazing ness ▁kay dub,4.0,8.312921174494636e-19,41.63130569458008,10.40782642364502,the s </s> if,4.580789700236528e-05,31.640251636505127,7.910062909126282,6.0,7.0,0.0,17.0,0.0,2.0
4558,bro1- yo bro want a panini bro2- hell yell broski bro1- what kind of cheese u want brochacho bro2- how bout some brovalone broham bro1- totes,yo bro,yo bro,is_multiword,0,2,2|3,1,1.8804681897163391,0,1.0,,,,,,,,,,,,,,,,,,,,,,,,,,,,,,,bro1- yo <mask> <mask> a panini bro2- hell yell broski bro1- what kind of cheese u want brochacho bro2- how bout some brovalone broham bro1- totes,▁bro ▁want,2.0,0.0002790647365365,8.184066772460938,4.092033386230469,would like,0.0119966193102909,3.7609363794326782,1.8804681897163391,2.0,3.0,0.0,25.0,0.0,2.0
4558,bro1- yo bro want a panini bro2- hell yell broski bro1- what kind of cheese u want brochacho bro2- how bout some brovalone broham bro1- totes,bro 2,bro 2,is_multiword,0,7,7|8,1,7.938471456368764,0,1.0,,,,,,,,,,,,,,,,,,,,,,,,,,,,,,,bro1- yo bro want a panini bro2- <mask> <mask> <mask> broski bro1- what kind of cheese u want brochacho bro2- how bout some brovalone broham bro1- totes,▁hell ▁y ell,3.0,5.152291418384663e-13,28.294164657592773,9.431388219197592,how bout a,0.0113475855054046,23.815414369106293,7.938471456368764,7.0,8.0,0.0,25.0,0.0,2.0
4558,bro1- yo bro want a panini bro2- hell yell broski bro1- what kind of cheese u want brochacho bro2- how bout some brovalone broham bro1- totes,bro 2 hell,bro 2 hell,is_multiword,0,7,7|8|9,1,4.875544595718384,0,1.0,,,,,,,,,,,,,,,,,,,,,,,,,,,,,,,bro1- yo bro want a panini bro2- <mask> <mask> <mask> <mask> <mask> bro1- what kind of cheese u want brochacho bro2- how bout some brovalone broham bro1- totes,▁hell ▁y ell ▁bro ski,5.0,4.132944340924917e-17,37.72495651245117,7.544991302490234,what bro a bro cheese,1.5972398153350867e-06,24.37772297859192,4.875544595718384,7.0,9.0,0.0,25.0,0.0,3.0
4558,bro1- yo bro want a panini bro2- hell yell broski bro1- what kind of cheese u want brochacho bro2- how bout some brovalone broham bro1- totes,bro 2 hell yell,bro 2 hell yell,is_multiword,0,7,7|8|9|10,1,3.471558673041208,0,1.0,,,,,,,,,,,,,,,,,,,,,,,,,,,,,,,bro1- yo bro want a panini bro2- <mask> <mask> <mask> <mask> <mask> <mask> <mask> what kind of cheese u want brochacho bro2- how bout some brovalone broham bro1- totes,▁hell ▁y ell ▁bro ski ▁bro 1-,7.0,4.945762748639605e-18,39.84800047427416,5.69257149632488,what bro a s bro bro 1-,1.7700466248688495e-07,24.30091071128845,3.471558673041208,7.0,10.0,0.0,25.0,0.0,4.0
4558,bro1- yo bro want a panini bro2- hell yell broski bro1- what kind of cheese u want brochacho bro2- how bout some brovalone broham bro1- totes,bro 2 hell yell broski,bro 2 hell yell broski,is_multiword,0,7,7|8|9|10|11,1,2.9258045852184296,0,1.0,,,,,,,,,,,,,,,,,,,,,,,,,,,,,,,bro1- yo bro want a panini bro2- <mask> <mask> <mask> <mask> <mask> <mask> <mask> <mask> kind of cheese u want brochacho bro2- how bout some brovalone broham bro1- totes,▁hell ▁y ell ▁bro ski ▁bro 1- ▁what,8.0,9.617699141662822e-19,41.48551170527935,5.185688963159919,how bro s s bro bro - what,1.4072053557841791e-08,23.40643668174744,2.9258045852184296,7.0,11.0,0.0,25.0,0.0,5.0
4558,bro1- yo bro want a panini bro2- hell yell broski bro1- what kind of cheese u want brochacho bro2- how bout some brovalone broham bro1- totes,bro 2 hell yell broski bro,bro 2 hell yell broski bro,is_multiword,0,7,7|8|9|10|11|12,1,3.36080703470442,0,1.0,,,,,,,,,,,,,,,,,,,,,,,,,,,,,,,bro1- yo bro want a panini bro2- <mask> <mask> <mask> <mask> <mask> <mask> <mask> <mask> <mask> of cheese u want brochacho bro2- how bout some brovalone broham bro1- totes,▁hell ▁y ell ▁bro ski ▁bro 1- ▁what ▁kind,9.0,5.726889166552148e-23,51.21428465843201,5.690476073159112,u bro a bro bro bro - - lot,7.836792132425082e-10,30.247263312339783,3.36080703470442,7.0,12.0,0.0,25.0,0.0,6.0
4558,bro1- yo bro want a panini bro2- hell yell broski bro1- what kind of cheese u want brochacho bro2- how bout some brovalone broham bro1- totes,2 hell,2 hell,is_multiword,0,8,8|9,1,7.009634904563427,0,1.0,,,,,,,,,,,,,,,,,,,,,,,,,,,,,,,bro1- yo bro want a panini bro2- hell <mask> <mask> <mask> <mask> bro1- what kind of cheese u want brochacho bro2- how bout some brovalone broham bro1- totes,▁y ell ▁bro ski,4.0,4.407332612532443e-16,35.358091831207275,8.839522957801819,o bro bro cheese,0.0006624587852691,28.038539618253708,7.009634904563427,8.0,9.0,0.0,25.0,0.0,2.0
4558,bro1- yo bro want a panini bro2- hell yell broski bro1- what kind of cheese u want brochacho bro2- how bout some brovalone broham bro1- totes,2 hell yell,2 hell yell,is_multiword,0,8,8|9|10,1,4.956070580209295,0,1.0,,,,,,,,,,,,,,,,,,,,,,,,,,,,,,,bro1- yo bro want a panini bro2- hell <mask> <mask> <mask> <mask> <mask> <mask> what kind of cheese u want brochacho bro2- how bout some brovalone broham bro1- totes,▁y ell ▁bro ski ▁bro 1-,6.0,7.783444868598548e-17,37.09194755554199,6.181991259256999,o bro bro bro bro -,0.0006390524188729,29.73642348125577,4.956070580209295,8.0,10.0,0.0,25.0,0.0,3.0
4558,bro1- yo bro want a panini bro2- hell yell broski bro1- what kind of cheese u want brochacho bro2- how bout some brovalone broham bro1- totes,2 hell yell broski,2 hell yell broski,is_multiword,0,8,8|9|10|11,1,4.237267186066934,0,1.0,,,,,,,,,,,,,,,,,,,,,,,,,,,,,,,bro1- yo bro want a panini bro2- hell <mask> <mask> <mask> <mask> <mask> <mask> <mask> kind of cheese u want brochacho bro2- how bout some brovalone broham bro1- totes,▁y ell ▁bro ski ▁bro 1- ▁what,7.0,1.3753612577012113e-17,38.82523015141487,5.546461450202124,o bro bro bro bro - what,0.0001047054017318,29.66087030246854,4.237267186066934,8.0,11.0,0.0,25.0,0.0,4.0
4558,bro1- yo bro want a panini bro2- hell yell broski bro1- what kind of cheese u want brochacho bro2- how bout some brovalone broham bro1- totes,2 hell yell broski bro,2 hell yell broski bro,is_multiword,0,8,8|9|10|11|12,1,4.645359443966299,0,1.0,,,,,,,,,,,,,,,,,,,,,,,,,,,,,,,bro1- yo bro want a panini bro2- hell <mask> <mask> <mask> <mask> <mask> <mask> <mask> <mask> of cheese u want brochacho bro2- how bout some brovalone broham bro1- totes,▁y ell ▁bro ski ▁bro 1- ▁what ▁kind,8.0,5.605579117745246e-23,51.23569476604462,6.404461845755577,o bro bro bro bro - - lot,7.73129545590541e-07,37.1628755517304,4.645359443966299,8.0,12.0,0.0,25.0,0.0,5.0
4558,bro1- yo bro want a panini bro2- hell yell broski bro1- what kind of cheese u want brochacho bro2- how bout some brovalone broham bro1- totes,hell yell,hell yell,is_multiword,0,9,9|10,1,2.237853169441223,0,1.0,,,,,,,,,,,,,,,,,,,,,,,,,,,,,,,bro1- yo bro want a panini bro2- hell yell <mask> <mask> <mask> <mask> what kind of cheese u want brochacho bro2- how bout some brovalone broham bro1- totes,▁bro ski ▁bro 1-,4.0,8.130825770774994e-07,14.022433161735536,3.505608290433884,bro - bro -,0.0062760123018551,8.951412677764893,2.237853169441223,9.0,10.0,0.0,25.0,0.0,2.0
4558,bro1- yo bro want a panini bro2- hell yell broski bro1- what kind of cheese u want brochacho bro2- how bout some brovalone broham bro1- totes,hell yell broski,hell yell broski,is_multiword,0,9,9|10|11,1,1.9075608015060423,0,1.0,,,,,,,,,,,,,,,,,,,,,,,,,,,,,,,bro1- yo bro want a panini bro2- hell yell <mask> <mask> <mask> <mask> <mask> kind of cheese u want brochacho bro2- how bout some brovalone broham bro1- totes,▁bro ski ▁bro 1- ▁what,5.0,8.595400873091499e-08,16.269453465938568,3.2538906931877136,bro bro bro - what,0.0011925642498069,9.537804007530212,1.9075608015060423,9.0,11.0,0.0,25.0,0.0,3.0
4558,bro1- yo bro want a panini bro2- hell yell broski bro1- what kind of cheese u want brochacho bro2- how bout some brovalone broham bro1- totes,hell yell broski bro,hell yell broski bro,is_multiword,0,9,9|10|11|12,1,2.714209238688151,0,1.0,,,,,,,,,,,,,,,,,,,,,,,,,,,,,,,bro1- yo bro want a panini bro2- hell yell <mask> <mask> <mask> <mask> <mask> <mask> of cheese u want brochacho bro2- how bout some brovalone broham bro1- totes,▁bro ski ▁bro 1- ▁what ▁kind,6.0,1.6319725358525422e-13,29.443816781044006,4.907302796840668,bro - bro - a lot,1.928898682178124e-06,16.285255432128906,2.714209238688151,9.0,12.0,0.0,25.0,0.0,4.0
4558,bro1- yo bro want a panini bro2- hell yell broski bro1- what kind of cheese u want brochacho bro2- how bout some brovalone broham bro1- totes,yell broski,yell broski,is_multiword,0,10,10|11,1,0.1042823791503906,0,1.0,,,,,,,,,,,,,,,,,,,,,,,,,,,,,,,bro1- yo bro want a panini bro2- hell yell broski <mask> <mask> <mask> kind of cheese u want brochacho bro2- how bout some brovalone broham bro1- totes,▁bro 1- ▁what,3.0,0.1256925759700397,2.0739162266254425,0.6913054088751475,bro - what,0.1718610308061019,0.3128471374511719,0.1042823791503906,10.0,11.0,0.0,25.0,0.0,2.0
4558,bro1- yo bro want a panini bro2- hell yell broski bro1- what kind of cheese u want brochacho bro2- how bout some brovalone broham bro1- totes,yell broski bro,yell broski bro,is_multiword,0,10,10|11|12,1,1.2871827483177185,1,1.0,,,,,,,,,,,,,,,,,,,,,,,,,,,,,,,bro1- yo bro want a panini bro2- hell yell broski <mask> <mask> <mask> <mask> of cheese u want brochacho bro2- how bout some brovalone broham bro1- totes,▁bro 1- ▁what ▁kind,4.0,1.1058059030127623e-05,11.412351071834564,2.853087767958641,bro - - kind,0.0019043394450043,5.148730993270874,1.2871827483177185,10.0,12.0,0.0,25.0,0.0,3.0
4558,bro1- yo bro want a panini bro2- hell yell broski bro1- what kind of cheese u want brochacho bro2- how bout some brovalone broham bro1- totes,broski bro,broski bro,is_multiword,0,11,11|12,1,0.0,0,1.0,,,,,,,,,,,,,,,,,,,,,,,,,,,,,,,bro1- yo bro want a panini bro2- hell yell broski bro1- <mask> <mask> of cheese u want brochacho bro2- how bout some brovalone broham bro1- totes,▁what ▁kind,2.0,0.1853619752839499,1.6854447424411774,0.8427223712205887,what kind,0.1853619752839499,0.0,0.0,11.0,12.0,0.0,25.0,0.0,2.0
4560,l�onilde torrini accrobate / dancer / performer,l onilde,l onilde,is_multiword,0,0,0|1,1,6.160945971806844,0,1.0,,,,,,,,,,,,,,,,,,,,,,,,,,,,,,,<mask> <mask> <mask> torrini accrobate dancer performer,▁l ▁oni lde,3.0,1.482524587917575e-13,29.53985977172852,9.846619923909506, : di,1.577598270629535e-05,18.48283791542053,6.160945971806844,0.0,1.0,0.0,5.0,0.0,2.0
4560,l�onilde torrini accrobate / dancer / performer,l onilde torrini,l onilde torrini,is_multiword,1,0,0|1|2,1,9.504356861114502,0,1.0,,,,,,,,,,,,,,,,,,,,,,,,,,,,,,,<mask> <mask> <mask> <mask> <mask> accrobate dancer performer,▁l ▁oni lde ▁torr ini,5.0,2.994367882284932e-28,63.37564945220947,12.675129890441896," : :  ,",1.3024283770722558e-07,47.52178430557251,9.504356861114502,0.0,2.0,0.0,5.0,0.0,3.0
4560,l�onilde torrini accrobate / dancer / performer,l onilde torrini accrobate,l onilde torrini accrobate,is_multiword,0,0,0|1|2|3,1,9.197218731045725,0,1.0,,,,,,,,,,,,,,,,,,,,,,,,,,,,,,,<mask> <mask> <mask> <mask> <mask> <mask> <mask> <mask> dancer performer,▁l ▁oni lde ▁torr ini ▁ac cro bate,8.0,1.6675492119591222e-42,96.1972188949585,12.024652361869812," : : , , , , ,",1.5013757934096764e-10,73.57774984836578,9.197218731045725,0.0,3.0,0.0,5.0,0.0,4.0
4560,l�onilde torrini accrobate / dancer / performer,onilde torrini,onilde torrini,is_multiword,1,1,1|2,1,10.500803649425508,1,1.0,,,,,,,,,,,,,,,,,,,,,,,,,,,,,,,l <mask> <mask> <mask> <mask> accrobate dancer performer,▁oni lde ▁torr ini,4.0,2.176196308321163e-24,54.48446369171143,13.621115922927856,".   ,",3.79719054851276e-06,42.003214597702026,10.500803649425508,1.0,2.0,0.0,5.0,0.0,2.0
4560,l�onilde torrini accrobate / dancer / performer,onilde torrini accrobate,onilde torrini accrobate,is_multiword,0,1,1|2|3,1,9.775352307728358,0,1.0,,,,,,,,,,,,,,,,,,,,,,,,,,,,,,,l <mask> <mask> <mask> <mask> <mask> <mask> <mask> dancer performer,▁oni lde ▁torr ini ▁ac cro bate,7.0,5.96901651854963e-39,88.01423645019531,12.5734623500279,".  , , , , ,",3.1158299110552693e-09,68.42746615409851,9.775352307728358,1.0,3.0,0.0,5.0,0.0,3.0
4560,l�onilde torrini accrobate / dancer / performer,torrini accrobate,torrini accrobate,is_multiword,0,2,2|3,1,7.374598407745362,0,1.0,,,,,,,,,,,,,,,,,,,,,,,,,,,,,,,l onilde <mask> <mask> <mask> <mask> <mask> dancer performer,▁torr ini ▁ac cro bate,5.0,9.828638707354834e-24,52.97674179077149,10.595348358154297,"  , , ,",1.0144492951672025e-07,36.87299203872681,7.374598407745362,2.0,3.0,0.0,5.0,0.0,2.0
4562,clearly asoiaf >>>>>>>>>>>>>>>>>>>>>>>>>>>>> lotr,asoiaf lotr,asoiaf lotr,is_multiword,0,1,1|2,1,5.767195534706116,0,1.0,,,,,,,,,,,,,,,,,,,,,,,,,,,,,,,clearly <mask> <mask> <mask> <mask> <mask>,▁as oi af ▁lot r,5.0,3.493847664257143e-19,42.49811315536499,8.499622631072999,", , . . </s>",1.1657621465063055e-06,28.83597767353058,5.767195534706116,1.0,2.0,0.0,2.0,0.0,2.0
4564,my roomie is a total lurf,total lurf,total lurf,is_multiword,0,4,4|5,1,6.727767825126648,1,1.0,,,,,,,,,,,,,,,,,,,,,,,,,,,,,,,my roomie is a <mask> <mask> <mask>,▁total ▁lur f,3.0,1.4200558190283272e-12,27.28032493591309,9.09344164530436,very girl .,0.0008275661945212,20.183303475379944,6.727767825126648,4.0,5.0,0.0,5.0,0.0,2.0
4565,"you hear this guy? don't listen to this idiot, he's a fuckin' durr",fuckin durr,fuckin durr,is_multiword,0,11,11|12,1,2.948827314376831,0,1.0,,,,,,,,,,,,,,,,,,,,,,,,,,,,,,,you hear this guy don't listen to this idiot he's a <mask> <mask> <mask> <mask> <mask>,▁fuck in ' ▁dur r,5.0,2.267654685303548e-14,31.417445182800293,6.283489036560058, of of man .,5.7395001980862964e-08,14.744136571884155,2.948827314376831,11.0,12.0,0.0,12.0,0.0,2.0
4566,"i just wrote 'haircute' instead of 'haircut', that's totally an ackfray",totally an,totally an,is_multiword,0,8,8|9,1,3.0484732389450078,0,1.0,,,,,,,,,,,,,,,,,,,,,,,,,,,,,,,i just wrote 'haircute' instead of 'haircut' that's <mask> <mask> ackfray,▁totally ▁an,2.0,1.6880285639196633e-05,10.98936414718628,5.49468207359314,a to,0.0075032601269336,6.096946477890015,3.0484732389450078,8.0,9.0,0.0,10.0,0.0,2.0
4566,"i just wrote 'haircute' instead of 'haircut', that's totally an ackfray",totally an ackfray,totally an ackfray,is_multiword,0,8,8|9|10,1,5.011413077513377,1,1.0,,,,,,,,,,,,,,,,,,,,,,,,,,,,,,,i just wrote 'haircute' instead of 'haircut' that's <mask> <mask> <mask> <mask> <mask> <mask>,▁totally ▁an ▁a ck fra y,6.0,2.1649832274224173e-20,45.27928924560547,7.546548207600911,why i i i it .,2.477586424662892e-07,30.06847846508026,5.011413077513377,8.0,10.0,0.0,10.0,0.0,3.0
4566,"i just wrote 'haircute' instead of 'haircut', that's totally an ackfray",an ackfray,an ackfray,is_multiword,0,9,9|10,1,4.716227769851685,0,1.0,,,,,,,,,,,,,,,,,,,,,,,,,,,,,,,i just wrote 'haircute' instead of 'haircut' that's totally <mask> <mask> <mask> <mask> <mask>,▁an ▁a ck fra y,5.0,6.817215949612332e-17,37.22449541091919,7.444899082183838,wrong to i . .,1.1878607452935093e-06,23.581138849258423,4.716227769851685,9.0,10.0,0.0,10.0,0.0,2.0
4567,one sip of that 151 shit would make a nigga flip,nigga flip,nigga flip,is_multiword,0,9,9|10,1,8.953587690989176,1,1.0,,,,,,,,,,,,,,,,,,,,,,,,,,,,,,,one sip of that 151 shit would make a <mask> <mask> <mask>,▁ni gga ▁flip,3.0,2.7753867234853552e-15,33.51798629760742,11.172662099202476,good of .,0.0012847087697606,26.86076307296753,8.953587690989176,9.0,10.0,0.0,10.0,0.0,2.0
4569,man i'm chappin my chin,i'm chappin,i'm chappin,is_multiword,0,1,1|2,1,5.40001528263092,0,1.0,,,,,,,,,,,,,,,,,,,,,,,,,,,,,,,man <mask> <mask> <mask> <mask> <mask> my chin,▁i ' m ▁chap pin,5.0,2.11968776448286e-17,38.392677783966064,7.6785355567932125,cum s my cock on,1.127862325943854e-05,27.0000764131546,5.40001528263092,1.0,2.0,0.0,4.0,0.0,2.0
4570,"all my fellow classholes like to complain about everything, kiss the teachers ass, and annoy the hell out of me",fellow classholes,fellow classholes,is_multiword,0,2,2|3,1,5.410295695066452,1,1.0,,,,,,,,,,,,,,,,,,,,,,,,,,,,,,,all my <mask> <mask> <mask> <mask> like to complain about everything kiss the teachers ass and annoy the hell out of me,▁fellow ▁class hole s,4.0,1.0415207452481687e-13,29.892924308776852,7.473231077194214,friends s and i,0.0002608039640338,21.641182780265808,5.410295695066452,2.0,3.0,0.0,19.0,0.0,2.0
4570,"all my fellow classholes like to complain about everything, kiss the teachers ass, and annoy the hell out of me",out of,out of,is_multiword,0,17,17|18,1,0.0,0,1.0,,,,,,,,,,,,,,,,,,,,,,,,,,,,,,,all my fellow classholes like to complain about everything kiss the teachers ass and annoy the hell <mask> <mask> me,▁out ▁of,2.0,0.3781701785442117,0.9724109768867492,0.4862054884433746,out of,0.3781701785442117,0.0,0.0,17.0,18.0,0.0,19.0,0.0,2.0
4574,i aint going near that cumbum its spilling out everywhere,cumbum its,cumbum its,is_multiword,0,5,5|6,1,4.764031807581584,0,1.0,,,,,,,,,,,,,,,,,,,,,,,,,,,,,,,i aint going near that <mask> <mask> <mask> spilling out everywhere,▁cum bum ▁its,3.0,4.446992165700761e-10,21.5336229801178,7.177874326705933,i it s,0.0007162168617143,14.292095422744753,4.764031807581584,5.0,6.0,0.0,9.0,0.0,2.0
4574,i aint going near that cumbum its spilling out everywhere,cumbum its spilling,cumbum its spilling,is_multiword,0,5,5|6|7,1,6.167159175872802,0,1.0,,,,,,,,,,,,,,,,,,,,,,,,,,,,,,,i aint going near that <mask> <mask> <mask> <mask> <mask> out everywhere,▁cum bum ▁its ▁spill ing,5.0,2.2019325146927814e-18,40.65719628334045,8.131439256668092,i i i i me,5.427752049310243e-05,30.835795879364014,6.167159175872802,5.0,7.0,0.0,9.0,0.0,3.0
4574,i aint going near that cumbum its spilling out everywhere,its spilling,its spilling,is_multiword,0,6,6|7,1,3.029160817464193,1,1.0,,,,,,,,,,,,,,,,,,,,,,,,,,,,,,,i aint going near that cumbum <mask> <mask> <mask> out everywhere,▁its ▁spill ing,3.0,1.64487864910773e-07,15.620429039001465,5.206809679667155,s i s,0.0014547130902873,9.087482452392578,3.029160817464193,6.0,7.0,0.0,9.0,0.0,2.0
4577,man get a whiff of the ebo in here,ebo in,ebo in,is_multiword,0,6,6|7,1,3.5798493226369223,0,1.0,,,,,,,,,,,,,,,,,,,,,,,,,,,,,,,man get a whiff of the <mask> <mask> <mask> here,▁e bo ▁in,3.0,2.2928991180607673e-09,19.89344882965088,6.631149609883626, you from,0.0001058062610906,10.739547967910768,3.5798493226369223,6.0,7.0,0.0,8.0,0.0,2.0
4578,retard: omg the black eyed peas my humps song was the bomb fergie is the hottest bitch ever im a lesbian so its all good,retard omg,retard omg,is_multiword,0,0,0|1,1,7.407714923222859,0,1.0,,,,,,,,,,,,,,,,,,,,,,,,,,,,,,,<mask> <mask> <mask> the black eyed peas my humps song was the bomb fergie is the hottest bitch ever im a lesbian so its all good,▁retard ▁om g,3.0,8.419824943773046e-14,30.105602264404297,10.035200754801432,i love was,0.0003773046922294,22.22314476966858,7.407714923222859,0.0,1.0,0.0,24.0,0.0,2.0
4578,retard: omg the black eyed peas my humps song was the bomb fergie is the hottest bitch ever im a lesbian so its all good,its all,its all,is_multiword,0,22,22|23,1,2.405994474887848,0,1.0,,,,,,,,,,,,,,,,,,,,,,,,,,,,,,,retard omg the black eyed peas my humps song was the bomb fergie is the hottest bitch ever im a lesbian so <mask> <mask> good,▁its ▁all,2.0,0.000147765138602,8.819886445999146,4.409943222999573,i is,0.0181715608764094,4.811988949775696,2.405994474887848,22.0,23.0,0.0,24.0,0.0,2.0
4578,retard: omg the black eyed peas my humps song was the bomb fergie is the hottest bitch ever im a lesbian so its all good,its all good,its all good,is_multiword,0,22,22|23|24,1,3.3093172709147134,1,1.0,,,,,,,,,,,,,,,,,,,,,,,,,,,,,,,retard omg the black eyed peas my humps song was the bomb fergie is the hottest bitch ever im a lesbian so <mask> <mask> <mask>,▁its ▁all ▁good,3.0,9.404674331845574e-09,18.482059001922607,6.160686333974202,i it </s>,0.0001927518034434,9.92795181274414,3.3093172709147134,22.0,24.0,0.0,24.0,0.0,3.0
4578,retard: omg the black eyed peas my humps song was the bomb fergie is the hottest bitch ever im a lesbian so its all good,all good,all good,is_multiword,0,23,23|24,1,1.7502042055130005,0,1.0,,,,,,,,,,,,,,,,,,,,,,,,,,,,,,,retard omg the black eyed peas my humps song was the bomb fergie is the hottest bitch ever im a lesbian so its <mask> <mask>,▁all ▁good,2.0,0.0001870805097394,8.583971500396729,4.291985750198364,ok .,0.0061977863601458,3.500408411026001,1.7502042055130005,23.0,24.0,0.0,24.0,0.0,2.0
4579,look at that chicks bodgy ass,chicks bodgy,chicks bodgy,is_multiword,0,3,3|4,1,6.330773234367371,0,1.0,,,,,,,,,,,,,,,,,,,,,,,,,,,,,,,look at that <mask> <mask> <mask> <mask> ass,▁chi cks ▁bod gy,4.0,1.3790836215631465e-15,34.21735715866089,8.554339289665222,big fuck fuck my,0.0001371734710323,25.32309293746948,6.330773234367371,3.0,4.0,0.0,5.0,0.0,2.0
4579,look at that chicks bodgy ass,chicks bodgy ass,chicks bodgy ass,is_multiword,0,3,3|4|5,1,6.115623044967651,0,1.0,,,,,,,,,,,,,,,,,,,,,,,,,,,,,,,look at that <mask> <mask> <mask> <mask> <mask>,▁chi cks ▁bod gy ▁ass,5.0,7.365303082954837e-21,46.35750675201416,9.271501350402833,", , , . .",1.4031281315454836e-07,30.578115224838257,6.115623044967651,3.0,5.0,0.0,5.0,0.0,3.0
4579,look at that chicks bodgy ass,bodgy ass,bodgy ass,is_multiword,0,4,4|5,1,5.76415999730428,0,1.0,,,,,,,,,,,,,,,,,,,,,,,,,,,,,,,look at that chicks <mask> <mask> <mask>,▁bod gy ▁ass,3.0,6.653776645220293e-12,25.735836505889893,8.578612168629965,in s .,0.0002153261906023,17.292479991912842,5.76415999730428,4.0,5.0,0.0,5.0,0.0,2.0
4581,"dude, that chick takes it in the five hole",chick takes,chick takes,is_multiword,0,2,2|3,1,4.995707194010417,1,1.0,,,,,,,,,,,,,,,,,,,,,,,,,,,,,,,dude that <mask> <mask> <mask> it in the five hole,▁ chick ▁takes,3.0,1.1108998993704788e-10,22.9206805229187,7.6402268409729,you to do,0.0003585082301922,14.98712158203125,4.995707194010417,2.0,3.0,0.0,8.0,0.0,2.0
4582,sean just got beaten like a red haired stepchild by gaz,sean just,sean just,is_multiword,0,0,0|1,1,6.358970761299133,0,1.0,,,,,,,,,,,,,,,,,,,,,,,,,,,,,,,<mask> <mask> got beaten like a red haired stepchild by gaz,▁sean ▁just,2.0,1.9967929521686207e-08,17.729138374328613,8.864569187164307,The I,0.0066629240000659,12.717941522598268,6.358970761299133,0.0,1.0,0.0,10.0,0.0,2.0
4582,sean just got beaten like a red haired stepchild by gaz,sean just got,sean just got,is_multiword,0,0,0|1|2,1,6.192606449127197,0,1.0,,,,,,,,,,,,,,,,,,,,,,,,,,,,,,,<mask> <mask> <mask> beaten like a red haired stepchild by gaz,▁sean ▁just ▁got,3.0,2.313765153236157e-11,24.48955988883972,8.163186629613241,I ' be,0.0027074703195486,18.577819347381592,6.192606449127197,0.0,2.0,0.0,10.0,0.0,3.0
4582,sean just got beaten like a red haired stepchild by gaz,just got,just got,is_multiword,0,1,1|2,1,3.7694303393363953,1,1.0,,,,,,,,,,,,,,,,,,,,,,,,,,,,,,,sean <mask> <mask> beaten like a red haired stepchild by gaz,▁just ▁got,2.0,4.0969169862542565e-06,12.405275821685793,6.202637910842896,has is,0.0077009225700072,7.5388606786727905,3.7694303393363953,1.0,2.0,0.0,10.0,0.0,2.0
4582,sean just got beaten like a red haired stepchild by gaz,haired stepchild,haired stepchild,is_multiword,0,7,7|8,1,6.232530093193054,0,1.0,,,,,,,,,,,,,,,,,,,,,,,,,,,,,,,sean just got beaten like a red <mask> <mask> <mask> <mask> <mask> by gaz,▁hai red ▁step ch ild,5.0,4.674286005616154e-20,44.50962543487549,8.901925086975098,bull in the the ed,1.5976528589635375e-06,31.16265046596527,6.232530093193054,7.0,8.0,0.0,10.0,0.0,2.0
4584,ain't it cool news is still around? huh,around huh,around huh,is_multiword,0,6,6|7,1,5.282481114069621,0,1.0,,,,,,,,,,,,,,,,,,,,,,,,,,,,,,,ain't it cool news is still <mask> <mask> <mask>,▁around ▁hu h,3.0,7.507021241562224e-11,23.312597274780277,7.770865758260091,in news .,0.0005726969108605,15.847443342208862,5.282481114069621,6.0,7.0,0.0,7.0,0.0,2.0
4587,i'll have my lunch now and just do an ed in the pub,do an,do an,is_multiword,0,7,7|8,1,0.8191814422607422,0,1.0,,,,,,,,,,,,,,,,,,,,,,,,,,,,,,,i'll have my lunch now and just <mask> <mask> ed in the pub,▁do ▁an,2.0,0.0019455962672691,6.242186784744263,3.121093392372132,watch my,0.0100134719241481,1.6383628845214844,0.8191814422607422,7.0,8.0,0.0,12.0,0.0,2.0
4587,i'll have my lunch now and just do an ed in the pub,do an ed,do an ed,is_multiword,1,7,7|8|9,1,4.9675929347674055,0,1.0,,,,,,,,,,,,,,,,,,,,,,,,,,,,,,,i'll have my lunch now and just <mask> <mask> <mask> in the pub,▁do ▁an ▁ed,3.0,8.451186336088441e-10,20.89154410362244,6.9638480345408125,have a drink,0.0025067572350926,14.902778804302216,4.9675929347674055,7.0,9.0,0.0,12.0,0.0,3.0
4587,i'll have my lunch now and just do an ed in the pub,do an ed in,do an ed in,is_multiword,0,7,7|8|9|10,1,3.910079956054688,0,1.0,,,,,,,,,,,,,,,,,,,,,,,,,,,,,,,i'll have my lunch now and just <mask> <mask> <mask> <mask> the pub,▁do ▁an ▁ed ▁in,4.0,1.1024454842245144e-10,22.928320050239563,5.732080012559891,take a out to,0.0006836939198991,15.64031982421875,3.910079956054688,7.0,10.0,0.0,12.0,0.0,4.0
4587,i'll have my lunch now and just do an ed in the pub,an ed,an ed,is_multiword,0,8,8|9,1,6.950882196426392,0,1.0,,,,,,,,,,,,,,,,,,,,,,,,,,,,,,,i'll have my lunch now and just do <mask> <mask> in the pub,▁an ▁ed,2.0,2.8600719953789326e-08,17.369833946228027,8.684916973114014,some drink,0.0311771584459398,13.901764392852783,6.950882196426392,8.0,9.0,0.0,12.0,0.0,2.0
4587,i'll have my lunch now and just do an ed in the pub,an ed in,an ed in,is_multiword,0,8,8|9|10,1,4.980466326077779,0,1.0,,,,,,,,,,,,,,,,,,,,,,,,,,,,,,,i'll have my lunch now and just do <mask> <mask> <mask> the pub,▁an ▁ed ▁in,3.0,1.1600335495279369e-08,18.272231817245483,6.090743939081828,a walk at,0.0357633075833651,14.941398978233336,4.980466326077779,8.0,10.0,0.0,12.0,0.0,3.0
4587,i'll have my lunch now and just do an ed in the pub,ed in,ed in,is_multiword,0,9,9|10,1,4.797554165124893,0,1.0,,,,,,,,,,,,,,,,,,,,,,,,,,,,,,,i'll have my lunch now and just do an <mask> <mask> the pub,▁ed ▁in,2.0,3.7180118491373137e-06,12.502321481704712,6.251160740852356,appointment at,0.0546277572179218,9.595108330249786,4.797554165124893,9.0,10.0,0.0,12.0,0.0,2.0
4590,"dude, that skatepark is totally fungus",totally fungus,totally fungus,is_multiword,0,4,4|5,1,7.948841333389282,0,1.0,,,,,,,,,,,,,,,,,,,,,,,,,,,,,,,dude that skatepark is <mask> <mask>,▁totally ▁fungus,2.0,6.99780392750935e-10,21.08025455474853,10.540127277374268,a .,0.0056135504099922,15.897682666778564,7.948841333389282,4.0,5.0,0.0,5.0,0.0,2.0
4591,i just took the biggest butternut reduction,butternut reduction,butternut reduction,is_multiword,1,5,5|6,1,7.026919364929199,0,1.0,,,,,,,,,,,,,,,,,,,,,,,,,,,,,,,i just took the biggest <mask> <mask> <mask> <mask>,▁butter nut ▁re duction,4.0,2.8771378766207026e-17,38.08715057373047,9.521787643432615,step of i .,4.634147942563005e-05,28.1076774597168,7.026919364929199,5.0,6.0,0.0,6.0,0.0,2.0
4592,your acting ghey man so just quit whining,your acting,your acting,is_multiword,0,0,0|1,1,6.290785789489746,0,1.0,,,,,,,,,,,,,,,,,,,,,,,,,,,,,,,<mask> <mask> <mask> ghey man so just quit whining,▁your ▁ac ting,3.0,5.260564430375125e-13,28.273367881774902,9.424455960591636,i y y,8.264051400977337e-05,18.87235736846924,6.290785789489746,0.0,1.0,0.0,7.0,0.0,2.0
4592,your acting ghey man so just quit whining,your acting ghey,your acting ghey,is_multiword,0,0,0|1|2,1,6.964962959289551,0,1.0,,,,,,,,,,,,,,,,,,,,,,,,,,,,,,,<mask> <mask> <mask> <mask> <mask> man so just quit whining,▁your ▁ac ting ▁ghe y,5.0,5.916093726988972e-21,46.57661056518555,9.315322113037109,I is is a a,7.875170137391788e-06,34.824814796447754,6.964962959289551,0.0,2.0,0.0,7.0,0.0,3.0
4592,your acting ghey man so just quit whining,your acting ghey man,your acting ghey man,is_multiword,0,0,0|1|2|3,1,5.780263245105743,0,1.0,,,,,,,,,,,,,,,,,,,,,,,,,,,,,,,<mask> <mask> <mask> <mask> <mask> <mask> so just quit whining,▁your ▁ac ting ▁ghe y ▁man,6.0,1.9699306048464805e-22,49.97887372970581,8.329812288284302,"I you to to the ,",2.2723201269667425e-07,34.68157947063446,5.780263245105743,0.0,3.0,0.0,7.0,0.0,4.0
4592,your acting ghey man so just quit whining,acting ghey,acting ghey,is_multiword,0,1,1|2,1,7.357733398675919,0,1.0,,,,,,,,,,,,,,,,,,,,,,,,,,,,,,,your <mask> <mask> <mask> <mask> man so just quit whining,▁ac ting ▁ghe y,4.0,7.341516533700678e-18,39.45298624038696,9.86324656009674,s is a a,4.440969992162127e-05,29.430933594703674,7.357733398675919,1.0,2.0,0.0,7.0,0.0,2.0
4592,your acting ghey man so just quit whining,acting ghey man,acting ghey man,is_multiword,0,1,1|2|3,1,6.50225738286972,0,1.0,,,,,,,,,,,,,,,,,,,,,,,,,,,,,,,your <mask> <mask> <mask> <mask> <mask> so just quit whining,▁ac ting ▁ghe y ▁man,5.0,2.2231555850168755e-20,45.252774238586426,9.050554847717285,"s is   ,",2.9271323795443632e-06,32.5112869143486,6.50225738286972,1.0,3.0,0.0,7.0,0.0,3.0
4592,your acting ghey man so just quit whining,ghey man,ghey man,is_multiword,0,2,2|3,1,8.473393683632215,0,1.0,,,,,,,,,,,,,,,,,,,,,,,,,,,,,,,your acting <mask> <mask> <mask> so just quit whining,▁ghe y ▁man,3.0,5.734871655285655e-14,30.489625930786133,10.163208643595375,"is ok ,",0.0062859086067331,25.420181050896645,8.473393683632215,2.0,3.0,0.0,7.0,0.0,2.0
4592,your acting ghey man so just quit whining,quit whining,quit whining,is_multiword,0,6,6|7,1,5.132993412017822,0,1.0,,,,,,,,,,,,,,,,,,,,,,,,,,,,,,,your acting ghey man so just <mask> <mask> <mask> <mask> <mask>,▁qui t ▁w hi ning,5.0,1.5250155412427934e-18,41.024527072906494,8.2049054145813,to to the . .,2.1351473018490723e-07,25.66496706008911,5.132993412017822,6.0,7.0,0.0,7.0,0.0,2.0
4600,pass that bowl ya damn chief,ya damn,ya damn,is_multiword,0,3,3|4,1,9.096149802207949,1,1.0,,,,,,,,,,,,,,,,,,,,,,,,,,,,,,,pass that bowl <mask> <mask> chief,▁ya ▁damn,2.0,5.82800627822821e-10,21.26317596435547,10.631587982177734,ing the,0.0463804910376392,18.192299604415894,9.096149802207949,3.0,4.0,0.0,5.0,0.0,2.0
4600,pass that bowl ya damn chief,ya damn chief,ya damn chief,is_multiword,0,3,3|4|5,1,9.355408946673077,0,1.0,,,,,,,,,,,,,,,,,,,,,,,,,,,,,,,pass that bowl <mask> <mask> <mask>,▁ya ▁damn ▁chief,3.0,4.337708392988298e-15,33.07143020629883,11.023810068766275,to the .,0.0067029780499009,28.066226840019223,9.355408946673077,3.0,5.0,0.0,5.0,0.0,3.0
4600,pass that bowl ya damn chief,damn chief,damn chief,is_multiword,0,4,4|5,1,8.932544767856598,0,1.0,,,,,,,,,,,,,,,,,,,,,,,,,,,,,,,pass that bowl ya <mask> <mask>,▁damn ▁chief,2.0,2.0657928349535008e-10,22.300336837768555,11.150168418884276,. .,0.0118521344879606,17.865089535713196,8.932544767856598,4.0,5.0,0.0,5.0,0.0,2.0
4604,franklin got caught boobmongering teresa at hooters the other night,boobmongering teresa,boobmongering teresa,is_multiword,0,3,3|4,1,8.330137332280477,0,1.0,,,,,,,,,,,,,,,,,,,,,,,,,,,,,,,franklin got caught <mask> <mask> <mask> <mask> <mask> <mask> at hooters the other night,▁ boob mong ering ▁te resa,6.0,1.8968894694215345e-29,66.13475227355957,11.022458712259928,in the the the the s,9.648017598844348e-08,49.98082399368286,8.330137332280477,3.0,4.0,0.0,9.0,0.0,2.0
4605,person 1:hey don't mess with him he is an esp,mess with,mess with,is_multiword,0,4,4|5,1,3.6075426737467446,1,1.0,,,,,,,,,,,,,,,,,,,,,,,,,,,,,,,person 1 hey don't <mask> <mask> <mask> him he is an esp,▁mes s ▁with,3.0,6.19396825319777e-08,16.597104787826538,5.532368262608846,you to to,0.0031058223035842,10.822628021240234,3.6075426737467446,4.0,5.0,0.0,10.0,0.0,2.0
4605,person 1:hey don't mess with him he is an esp,he is,he is,is_multiword,0,7,7|8,1,0.1090526580810546,1,1.0,,,,,,,,,,,,,,,,,,,,,,,,,,,,,,,person 1 hey don't mess with him <mask> <mask> an esp,▁he ▁is,2.0,0.0126669545767813,4.368758678436279,2.18437933921814,you is,0.0157541199738911,0.2181053161621093,0.1090526580810546,7.0,8.0,0.0,10.0,0.0,2.0
4606,"sally worked hard at camp ucsc spending every waking moment concentrating on her surfing, yoga, and theatre art classes",theatre art,theatre art,is_multiword,0,16,16|17,1,4.03209940592448,0,1.0,,,,,,,,,,,,,,,,,,,,,,,,,,,,,,,sally worked hard at camp ucsc spending every waking moment concentrating on her surfing yoga and <mask> <mask> <mask> classes,▁theatr e ▁art,3.0,2.439085004479965e-09,19.831642866134644,6.610547622044881,taking ing ing,0.0004371017080737,12.096298217773438,4.03209940592448,16.0,17.0,0.0,18.0,0.0,2.0
4610,"""while on facebook chat: ""dude, i'm totally bumperstickering you right now",totally bumperstickering,totally bumperstickering,is_multiword,0,6,6|7,1,7.705124640464783,0,1.0,,,,,,,,,,,,,,,,,,,,,,,,,,,,,,,while on facebook chat dude i'm <mask> <mask> <mask> <mask> <mask> you right now,▁totally ▁bu mper stick ering,5.0,1.0075041190133033e-22,50.64939594268799,10.129879188537595,in and i to with,5.428906962270022e-06,38.52562320232392,7.705124640464783,6.0,7.0,0.0,10.0,0.0,2.0
4612,dude that chick from omegle totally sent me clit pics,clit pics,clit pics,is_multiword,1,8,8|9,1,4.781990091005961,0,1.0,,,,,,,,,,,,,,,,,,,,,,,,,,,,,,,dude that chick from omegle totally sent me <mask> <mask> <mask>,▁cli t ▁pics,3.0,1.2255074762865986e-09,20.51991081237793,6.839970270792644,a message .,0.0020830116176383,14.345970273017883,4.781990091005961,8.0,9.0,0.0,9.0,0.0,2.0
4615,jacob yelled bdurp after he passed retard classes,yelled bdurp,yelled bdurp,is_multiword,0,1,1|2,1,3.775947650273641,0,1.0,,,,,,,,,,,,,,,,,,,,,,,,,,,,,,,jacob <mask> <mask> <mask> <mask> <mask> <mask> after he passed retard classes,▁y elle d ▁b dur p,6.0,1.0845112451877272e-19,43.66798734664917,7.277997891108195,son s s the the years,7.48985535005278e-10,22.65568590164185,3.775947650273641,1.0,2.0,0.0,7.0,0.0,2.0
4616,"sometimes, when jim's day at work goes so badly, he just wants to do some apathasterbate all over his desk",apathasterbate all,apathasterbate all,is_multiword,0,15,15|16,1,7.172960567474365,0,1.0,,,,,,,,,,,,,,,,,,,,,,,,,,,,,,,sometimes when jim's day at work goes so badly he just wants to do some <mask> <mask> <mask> <mask> <mask> over his desk,▁apa tha ster bate ▁all,5.0,1.077033057212069e-21,48.28007686138153,9.656015372276306,work and he his all,4.056159272779143e-06,35.864802837371826,7.172960567474365,15.0,16.0,0.0,19.0,0.0,2.0
4616,"sometimes, when jim's day at work goes so badly, he just wants to do some apathasterbate all over his desk",apathasterbate all over,apathasterbate all over,is_multiword,0,15,15|16|17,1,7.397069533665975,0,1.0,,,,,,,,,,,,,,,,,,,,,,,,,,,,,,,sometimes when jim's day at work goes so badly he just wants to do some <mask> <mask> <mask> <mask> <mask> <mask> his desk,▁apa tha ster bate ▁all ▁over,6.0,1.685403841256152e-26,59.34520721435547,9.890867869059244,work and and his him at,3.174993669862905e-07,44.38241720199585,7.397069533665975,15.0,17.0,0.0,19.0,0.0,3.0
4616,"sometimes, when jim's day at work goes so badly, he just wants to do some apathasterbate all over his desk",all over,all over,is_multiword,0,16,16|17,1,3.4183292984962463,1,1.0,,,,,,,,,,,,,,,,,,,,,,,,,,,,,,,sometimes when jim's day at work goes so badly he just wants to do some apathasterbate <mask> <mask> his desk,▁all ▁over,2.0,5.545476191177148e-05,9.79994297027588,4.89997148513794,work at,0.0516490036879841,6.836658596992493,3.4183292984962463,16.0,17.0,0.0,19.0,0.0,2.0
4620,"you are such a richard ba�uelos, shake my head nigga you a black thot",ba uelos,ba uelos,is_multiword,0,5,5|6,1,6.171306431293488,0,1.0,,,,,,,,,,,,,,,,,,,,,,,,,,,,,,,you are such a richard <mask> <mask> <mask> <mask> shake my head nigga you a black thot,▁ba ▁u e los,4.0,7.973774841288443e-16,34.76520347595215,8.691300868988037,tho you you to,4.191034975084898e-05,24.68522572517395,6.171306431293488,5.0,6.0,0.0,14.0,0.0,2.0
4624,"that sonofabitch is so screwed-up, he belongs on b-shift",belongs on,belongs on,is_multiword,0,6,6|7,1,4.425693511962891,0,1.0,,,,,,,,,,,,,,,,,,,,,,,,,,,,,,,that sonofabitch is so screwed-up he <mask> <mask> <mask> <mask> b-shift,▁be long s ▁on,4.0,4.895868252158491e-12,26.04262948036194,6.510657370090485,' s a a,0.0002388068641504,17.702774047851562,4.425693511962891,6.0,7.0,0.0,8.0,0.0,2.0
4624,"that sonofabitch is so screwed-up, he belongs on b-shift",belongs on b-shift,belongs on b-shift,is_multiword,0,6,6|7|8,1,5.005008332431316,0,1.0,,,,,,,,,,,,,,,,,,,,,,,,,,,,,,,that sonofabitch is so screwed-up he <mask> <mask> <mask> <mask> <mask> <mask> <mask> <mask>,▁be long s ▁on ▁b - shi ft,8.0,1.8873121128797503e-26,59.23205876350403,7.4040073454380035,' s to to to the it .,4.624062893869326e-09,40.04006665945053,5.005008332431316,6.0,8.0,0.0,8.0,0.0,3.0
4624,"that sonofabitch is so screwed-up, he belongs on b-shift",on b-shift,on b-shift,is_multiword,0,7,7|8,1,5.268192899227143,0,1.0,,,,,,,,,,,,,,,,,,,,,,,,,,,,,,,that sonofabitch is so screwed-up he belongs <mask> <mask> <mask> <mask> <mask>,▁on ▁b - shi ft,5.0,2.1566139887779427e-16,36.07282209396362,7.214564418792724,to the - s .,5.9361920996499615e-05,26.34096449613571,5.268192899227143,7.0,8.0,0.0,8.0,0.0,2.0
4625,"dave: yo i was messing around with your girl last night bill: yes, she told me she enjoyed that cat penis of yours",messing around,messing around,is_multiword,0,4,4|5,1,6.481301585833232,1,1.0,,,,,,,,,,,,,,,,,,,,,,,,,,,,,,,dave yo i was <mask> <mask> <mask> with your girl last night bill yes she told me she enjoyed that cat penis of yours,▁me ssing ▁around,3.0,5.094789236505584e-11,23.70021772384644,7.9000725746154785,in a sex,0.0141744679233172,19.44390475749969,6.481301585833232,4.0,5.0,0.0,22.0,0.0,2.0
4625,"dave: yo i was messing around with your girl last night bill: yes, she told me she enjoyed that cat penis of yours",of yours,of yours,is_multiword,0,21,21|22,1,2.007005055745443,0,1.0,,,,,,,,,,,,,,,,,,,,,,,,,,,,,,,dave yo i was messing around with your girl last night bill yes she told me she enjoyed that cat penis <mask> <mask> <mask>,▁of ▁your s,3.0,6.941933664037238e-07,14.18051528930664,4.72683842976888,and . </s>,0.0002860053268208,6.021015167236328,2.007005055745443,21.0,22.0,0.0,22.0,0.0,2.0
4626,bob spent several hours in the bathroom man scaping so that he was ready for his big date,man scaping,man scaping,is_multiword,1,7,7|8,1,6.692217826843262,0,1.0,,,,,,,,,,,,,,,,,,,,,,,,,,,,,,,bob spent several hours in the bathroom <mask> <mask> <mask> <mask> so that he was ready for his big date,▁man ▁ sca ping,4.0,1.6349261214412554e-16,36.34976387023926,9.087440967559814,"and ing the ,",6.903530187207193e-05,26.768871307373047,6.692217826843262,7.0,8.0,0.0,17.0,0.0,2.0
4628,"when whitney houston and davey jones died, there was a lot of tragicrafting items for sale on etsy",was a,was a,is_multiword,0,8,8|9,1,0.216064453125,0,1.0,,,,,,,,,,,,,,,,,,,,,,,,,,,,,,,when whitney houston and davey jones died there <mask> <mask> lot of tragicrafting items for sale on etsy,▁was ▁a,2.0,0.380277750122534,0.9668533718795516,0.4834266859397758,were a,0.5858306843977557,0.43212890625,0.216064453125,8.0,9.0,0.0,17.0,0.0,2.0
4628,"when whitney houston and davey jones died, there was a lot of tragicrafting items for sale on etsy",was a lot,was a lot,is_multiword,0,8,8|9|10,1,0.0,0,1.0,,,,,,,,,,,,,,,,,,,,,,,,,,,,,,,when whitney houston and davey jones died there <mask> <mask> <mask> of tragicrafting items for sale on etsy,▁was ▁a ▁lot,3.0,0.1678192688650746,1.7848676592111588,0.5949558864037195,was a lot,0.1678192688650746,0.0,0.0,8.0,10.0,0.0,17.0,0.0,3.0
4628,"when whitney houston and davey jones died, there was a lot of tragicrafting items for sale on etsy",was a lot of,was a lot of,is_multiword,0,8,8|9|10|11,1,0.0379772186279296,0,1.0,,,,,,,,,,,,,,,,,,,,,,,,,,,,,,,when whitney houston and davey jones died there <mask> <mask> <mask> <mask> tragicrafting items for sale on etsy,▁was ▁a ▁lot ▁of,4.0,0.0030993509154557,5.776562571525574,1.4441406428813934,were a lot of,0.0036078123158843,0.1519088745117187,0.0379772186279296,8.0,11.0,0.0,17.0,0.0,4.0
4628,"when whitney houston and davey jones died, there was a lot of tragicrafting items for sale on etsy",was a lot of tragicrafting,was a lot of tragicrafting,is_multiword,0,8,8|9|10|11|12,1,3.3021812779562816,0,1.0,,,,,,,,,,,,,,,,,,,,,,,,,,,,,,,when whitney houston and davey jones died there <mask> <mask> <mask> <mask> <mask> <mask> <mask> items for sale on etsy,▁was ▁a ▁lot ▁of ▁tragi craft ing,7.0,6.675654177484053e-18,39.54806447029114,5.649723495755877,was a </s> </s> </s> </s> </s>,7.30007936019759e-08,23.11526894569397,3.3021812779562816,8.0,12.0,0.0,17.0,0.0,5.0
4628,"when whitney houston and davey jones died, there was a lot of tragicrafting items for sale on etsy",a lot,a lot,is_multiword,0,9,9|10,1,0.0,0,1.0,,,,,,,,,,,,,,,,,,,,,,,,,,,,,,,when whitney houston and davey jones died there was <mask> <mask> of tragicrafting items for sale on etsy,▁a ▁lot,2.0,0.4474529504494494,0.8041838854551315,0.4020919427275657,a lot,0.4474529504494494,0.0,0.0,9.0,10.0,0.0,17.0,0.0,2.0
4628,"when whitney houston and davey jones died, there was a lot of tragicrafting items for sale on etsy",a lot of,a lot of,is_multiword,0,9,9|10|11,1,0.0,0,1.0,,,,,,,,,,,,,,,,,,,,,,,,,,,,,,,when whitney houston and davey jones died there was <mask> <mask> <mask> tragicrafting items for sale on etsy,▁a ▁lot ▁of,3.0,0.0879414019471885,2.4310845732688904,0.8103615244229635,a lot of,0.0879414019471885,0.0,0.0,9.0,11.0,0.0,17.0,0.0,3.0
4628,"when whitney houston and davey jones died, there was a lot of tragicrafting items for sale on etsy",a lot of tragicrafting,a lot of tragicrafting,is_multiword,0,9,9|10|11|12,1,4.010928491751353,0,1.0,,,,,,,,,,,,,,,,,,,,,,,,,,,,,,,when whitney houston and davey jones died there was <mask> <mask> <mask> <mask> <mask> <mask> items for sale on etsy,▁a ▁lot ▁of ▁tragi craft ing,6.0,6.012834396319092e-17,37.35005033016205,6.225008388360341,a </s> </s> </s> </s> </s>,1.7006851143382426e-06,24.06557095050812,4.010928491751353,9.0,12.0,0.0,17.0,0.0,4.0
4628,"when whitney houston and davey jones died, there was a lot of tragicrafting items for sale on etsy",lot of,lot of,is_multiword,0,10,10|11,1,0.0,0,1.0,,,,,,,,,,,,,,,,,,,,,,,,,,,,,,,when whitney houston and davey jones died there was a <mask> <mask> tragicrafting items for sale on etsy,▁lot ▁of,2.0,0.5371518366270015,0.6214744746685028,0.3107372373342514,lot of,0.5371518366270015,0.0,0.0,10.0,11.0,0.0,17.0,0.0,2.0
4628,"when whitney houston and davey jones died, there was a lot of tragicrafting items for sale on etsy",lot of tragicrafting,lot of tragicrafting,is_multiword,0,10,10|11|12,1,4.5168641090393065,0,1.0,,,,,,,,,,,,,,,,,,,,,,,,,,,,,,,when whitney houston and davey jones died there was a <mask> <mask> <mask> <mask> <mask> items for sale on etsy,▁lot ▁of ▁tragi craft ing,5.0,1.2806793214624446e-14,31.988800644874573,6.397760128974914,lot of </s> </s> </s>,8.235428244826014e-05,22.584320545196533,4.5168641090393065,10.0,12.0,0.0,17.0,0.0,3.0
4628,"when whitney houston and davey jones died, there was a lot of tragicrafting items for sale on etsy",of tragicrafting,of tragicrafting,is_multiword,0,11,11|12,1,3.830649256706238,0,1.0,,,,,,,,,,,,,,,,,,,,,,,,,,,,,,,when whitney houston and davey jones died there was a lot <mask> <mask> <mask> <mask> items for sale on etsy,▁of ▁tragi craft ing,4.0,2.146093187806492e-11,24.564786955714226,6.141196738928556,of  and and,9.6865229815981e-05,15.322597026824951,3.830649256706238,11.0,12.0,0.0,17.0,0.0,2.0
4630,"what's the population of phoenix? i don't know, do a googs",do a,do a,is_multiword,0,8,8|9,1,5.442758858203888,0,1.0,,,,,,,,,,,,,,,,,,,,,,,,,,,,,,,what's the population of phoenix i don't know <mask> <mask> googs,▁do ▁a,2.0,1.422583376039864e-06,13.463036060333252,6.731518030166626,about the,0.0759622825648856,10.885517716407776,5.442758858203888,8.0,9.0,0.0,10.0,0.0,2.0
4630,"what's the population of phoenix? i don't know, do a googs",do a googs,do a googs,is_multiword,1,8,8|9|10,1,4.092808508872986,0,1.0,,,,,,,,,,,,,,,,,,,,,,,,,,,,,,,what's the population of phoenix i don't know <mask> <mask> <mask> <mask> <mask>,▁do ▁a ▁go og s,5.0,3.103408807070836e-15,33.406275272369385,6.681255054473877,what ' s s </s>,2.394747578140151e-06,20.46404254436493,4.092808508872986,8.0,10.0,0.0,10.0,0.0,3.0
4630,"what's the population of phoenix? i don't know, do a googs",a googs,a googs,is_multiword,0,9,9|10,1,4.648827493190765,1,1.0,,,,,,,,,,,,,,,,,,,,,,,,,,,,,,,what's the population of phoenix i don't know do <mask> <mask> <mask> <mask>,▁a ▁go og s,4.0,4.1403320232836826e-12,26.21024513244629,6.552561283111572,you know it ?,0.0004930326496305,18.59530997276306,4.648827493190765,9.0,10.0,0.0,10.0,0.0,2.0
4632,hobo amp is 730,hobo amp,hobo amp,is_multiword,0,0,0|1,1,8.528968652089437,0,1.0,,,,,,,,,,,,,,,,,,,,,,,,,,,,,,,<mask> <mask> <mask> is 730,▁ho bo ▁amp,3.0,2.8733883796273985e-14,31.180699348449707,10.393566449483236,Total total number,0.0037208862784381,25.58690595626831,8.528968652089437,0.0,1.0,0.0,3.0,0.0,2.0
4635,"wow i thought i knew that girl well, but it turns out she's a gouche goober",gouche goober,gouche goober,is_multiword,1,14,14|15,1,8.352733373641968,0,1.0,,,,,,,,,,,,,,,,,,,,,,,,,,,,,,,wow i thought i knew that girl well but it turns out she's a <mask> <mask> <mask> <mask>,▁gou che ▁goob er,4.0,1.3434439876363104e-19,43.453880310058594,10.863470077514648,pretty girl girl .,4.349142283620008e-05,33.41093349456787,8.352733373641968,14.0,15.0,0.0,15.0,0.0,2.0
4639,i'm wicked stoned,wicked stoned,wicked stoned,is_multiword,0,1,1|2,1,6.666212058067321,0,1.0,,,,,,,,,,,,,,,,,,,,,,,,,,,,,,,i'm <mask> <mask> <mask> <mask> <mask>,▁ wick ed ▁sto ned,5.0,1.3698495518620212e-20,45.73700094223023,9.147400188446046,a a a . </s>,4.094194137299255e-06,33.33106029033661,6.666212058067321,1.0,2.0,0.0,2.0,0.0,2.0
4640,"""i'm a bae-bian sooo stfu idc what you think about the word ""bae""""",bae-bian sooo,bae-bian sooo,is_multiword,0,2,2|3,1,3.353143652280172,0,1.0,,,,,,,,,,,,,,,,,,,,,,,,,,,,,,,i'm a <mask> <mask> <mask> <mask> <mask> <mask> stfu idc what you think about the word bae,▁ba e - bian ▁soo o,6.0,2.4197928705234588e-17,38.26026463508606,6.376710772514343,ba e and i i </s>,1.322174887204669e-08,20.11886191368103,3.353143652280172,2.0,3.0,0.0,12.0,0.0,2.0
4640,"""i'm a bae-bian sooo stfu idc what you think about the word ""bae""""",bae-bian sooo stfu,bae-bian sooo stfu,is_multiword,0,2,2|3|4,1,4.816455364227295,0,1.0,,,,,,,,,,,,,,,,,,,,,,,,,,,,,,,i'm a <mask> <mask> <mask> <mask> <mask> <mask> <mask> <mask> idc what you think about the word bae,▁ba e - bian ▁soo o ▁st fu,8.0,1.1098054723665492e-26,59.76302766799927,7.470378458499908,ba e and i i ' </s> </s>,6.016262237813166e-10,38.53164291381836,4.816455364227295,2.0,4.0,0.0,12.0,0.0,3.0
4640,"""i'm a bae-bian sooo stfu idc what you think about the word ""bae""""",bae-bian sooo stfu idc,bae-bian sooo stfu idc,is_multiword,0,2,2|3|4|5,1,5.757995915412903,0,1.0,,,,,,,,,,,,,,,,,,,,,,,,,,,,,,,i'm a <mask> <mask> <mask> <mask> <mask> <mask> <mask> <mask> <mask> <mask> what you think about the word bae,▁ba e - bian ▁soo o ▁st fu ▁id c,10.0,1.5789754433050976e-36,82.43628716468811,8.24362871646881,"ba e and , i </s> </s> </s> tell me",1.603370558236585e-11,57.57995915412903,5.757995915412903,2.0,5.0,0.0,12.0,0.0,4.0
4640,"""i'm a bae-bian sooo stfu idc what you think about the word ""bae""""",sooo stfu,sooo stfu,is_multiword,0,3,3|4,1,7.74438863992691,0,1.0,,,,,,,,,,,,,,,,,,,,,,,,,,,,,,,i'm a bae-bian <mask> <mask> <mask> <mask> idc what you think about the word bae,▁soo o ▁st fu,4.0,2.0726299702339897e-18,40.71771335601807,10.179428339004517,and i i .,5.887118557212515e-05,30.97755455970764,7.74438863992691,3.0,4.0,0.0,12.0,0.0,2.0
4640,"""i'm a bae-bian sooo stfu idc what you think about the word ""bae""""",sooo stfu idc,sooo stfu idc,is_multiword,0,3,3|4|5,1,8.533918172121048,1,1.0,,,,,,,,,,,,,,,,,,,,,,,,,,,,,,,i'm a bae-bian <mask> <mask> <mask> <mask> <mask> <mask> what you think about the word bae,▁soo o ▁st fu ▁id c,6.0,7.354622017926267e-28,62.47705364227295,10.412842273712158,and . . ' tell me,1.2704623069147375e-05,51.20350903272629,8.533918172121048,3.0,5.0,0.0,12.0,0.0,3.0
4640,"""i'm a bae-bian sooo stfu idc what you think about the word ""bae""""",stfu idc,stfu idc,is_multiword,0,4,4|5,1,7.672712162137031,0,1.0,,,,,,,,,,,,,,,,,,,,,,,,,,,,,,,i'm a bae-bian sooo <mask> <mask> <mask> <mask> what you think about the word bae,▁st fu ▁id c,4.0,1.1676698206508821e-17,38.98893642425537,9.747234106063845,cute . tell me,0.0002489925016751,30.69084864854813,7.672712162137031,4.0,5.0,0.0,12.0,0.0,2.0
4642,one blood sees crip and yells brrrraaaaattttttt,yells brrrraaaaattttttt,yells brrrraaaaattttttt,is_multiword,0,5,5|6,1,7.773881647321913,0,1.0,,,,,,,,,,,,,,,,,,,,,,,,,,,,,,,one blood sees crip and <mask> <mask> <mask> <mask> <mask> <mask> <mask> <mask> <mask>,▁y ells ▁br rrr aaaaa t tt tt tt,9.0,4.3221537003580447e-41,92.94223499298096,10.326914999220106,the s s the the the the s .,1.0497486587085668e-10,69.96493482589722,7.773881647321913,5.0,6.0,0.0,6.0,0.0,2.0
4644,"""aaron: ""i shared a cheesy duder with my roommate last night",cheesy duder,cheesy duder,is_multiword,1,4,4|5,1,4.590975093841553,0,1.0,,,,,,,,,,,,,,,,,,,,,,,,,,,,,,,aaron i shared a <mask> <mask> <mask> <mask> <mask> with my roommate last night,▁che es y ▁du der,5.0,1.0529599411541457e-16,36.78975629806519,7.357951259613037,video of i i s,9.80816127335817e-07,22.954875469207764,4.590975093841553,4.0,5.0,0.0,10.0,0.0,2.0
4645,"after dosing on four hits of acid and railing a quarter of k, joey could produce nothing but absynth",dosing on,dosing on,is_multiword,0,1,1|2,1,3.4939587910970054,1,1.0,,,,,,,,,,,,,,,,,,,,,,,,,,,,,,,after <mask> <mask> <mask> four hits of acid and railing a quarter of k joey could produce nothing but absynth,▁dos ing ▁on,3.0,1.1847365067668679e-07,15.948575258255005,5.316191752751668,a ing of,0.0042251568907209,10.481876373291016,3.4939587910970054,1.0,2.0,0.0,18.0,0.0,2.0
4646,leck mich am amoka ( leck mich am arsch ) --- lick/kiss my amoka lick/kiss my ass,leck mich,leck mich,is_multiword,0,0,0|1,1,0.1944936116536458,0,1.0,,,,,,,,,,,,,,,,,,,,,,,,,,,,,,,<mask> <mask> <mask> am amoka leck mich am arsch --- lick kiss my amoka lick kiss my ass,▁le ck ▁mich,3.0,0.0020960651370994,6.167693436145783,2.055897812048594, ck mich,0.0037567066318534,0.5834808349609375,0.1944936116536458,0.0,1.0,0.0,16.0,0.0,2.0
4646,leck mich am amoka ( leck mich am arsch ) --- lick/kiss my amoka lick/kiss my ass,leck mich am,leck mich am,is_multiword,0,0,0|1|2,1,3.1092185378074646,1,1.0,,,,,,,,,,,,,,,,,,,,,,,,,,,,,,,<mask> <mask> <mask> <mask> amoka leck mich am arsch --- lick kiss my amoka lick kiss my ass,▁le ck ▁mich ▁am,4.0,1.063707678187003e-09,20.66150522232056,5.165376305580139, s s my,0.0002679711932535,12.436874151229858,3.1092185378074646,0.0,2.0,0.0,16.0,0.0,3.0
4646,leck mich am amoka ( leck mich am arsch ) --- lick/kiss my amoka lick/kiss my ass,leck mich am amoka,leck mich am amoka,is_multiword,0,0,0|1|2|3,1,2.2976933320363364,0,1.0,,,,,,,,,,,,,,,,,,,,,,,,,,,,,,,<mask> <mask> <mask> <mask> <mask> <mask> leck mich am arsch --- lick kiss my amoka lick kiss my ass,▁le ck ▁mich ▁am ▁amo ka,6.0,7.0932483670052546e-15,32.57963299751282,5.429938832918803, ck mich s - ich,6.888083100957625e-09,13.786159992218018,2.2976933320363364,0.0,3.0,0.0,16.0,0.0,4.0
4646,leck mich am amoka ( leck mich am arsch ) --- lick/kiss my amoka lick/kiss my ass,leck mich am amoka leck,leck mich am amoka leck,is_multiword,0,0,0|1|2|3|4,1,3.252879649400711,0,1.0,,,,,,,,,,,,,,,,,,,,,,,,,,,,,,,<mask> <mask> <mask> <mask> <mask> <mask> <mask> <mask> mich am arsch --- lick kiss my amoka lick kiss my ass,▁le ck ▁mich ▁am ▁amo ka ▁le ck,8.0,2.8284487454605183e-22,49.617143630981445,6.202142953872681,  mich mich    s,5.665128555483895e-11,26.02303719520569,3.252879649400711,0.0,4.0,0.0,16.0,0.0,5.0
4646,leck mich am amoka ( leck mich am arsch ) --- lick/kiss my amoka lick/kiss my ass,leck mich am amoka leck mich,leck mich am amoka leck mich,is_multiword,0,0,0|1|2|3|4|5,1,5.002483659320408,0,1.0,,,,,,,,,,,,,,,,,,,,,,,,,,,,,,,<mask> <mask> <mask> <mask> <mask> <mask> <mask> <mask> <mask> am arsch --- lick kiss my amoka lick kiss my ass,▁le ck ▁mich ▁am ▁amo ka ▁le ck ▁mich,9.0,1.6204519805706527e-30,68.59484767913818,7.621649742126465,I am  s s s s --- i,5.788894135111673e-11,45.02235293388367,5.002483659320408,0.0,5.0,0.0,16.0,0.0,6.0
4646,leck mich am amoka ( leck mich am arsch ) --- lick/kiss my amoka lick/kiss my ass,leck mich am amoka leck mich am,leck mich am amoka leck mich am,is_multiword,0,0,0|1|2|3|4|5|6,1,4.812558507919311,0,1.0,,,,,,,,,,,,,,,,,,,,,,,,,,,,,,,<mask> <mask> <mask> <mask> <mask> <mask> <mask> <mask> <mask> <mask> arsch --- lick kiss my amoka lick kiss my ass,▁le ck ▁mich ▁am ▁amo ka ▁le ck ▁mich ▁am,10.0,3.4807544173788024e-32,72.4354739189148,7.24354739189148,       s s my,2.769168745298985e-11,48.12558507919312,4.812558507919311,0.0,6.0,0.0,16.0,0.0,7.0
4646,leck mich am amoka ( leck mich am arsch ) --- lick/kiss my amoka lick/kiss my ass,leck mich am amoka leck mich am arsch,leck mich am amoka leck mich am arsch,is_multiword,0,0,0|1|2|3|4|5|6|7,1,5.977822939554851,0,1.0,,,,,,,,,,,,,,,,,,,,,,,,,,,,,,,<mask> <mask> <mask> <mask> <mask> <mask> <mask> <mask> <mask> <mask> <mask> <mask> --- lick kiss my amoka lick kiss my ass,▁le ck ▁mich ▁am ▁amo ka ▁le ck ▁mich ▁am ▁ar sch,12.0,5.583957590641392e-44,99.59384632110596,8.299487193425497,   s s s s s s s  </s>,7.953683561887697e-13,71.7338752746582,5.977822939554851,0.0,7.0,0.0,16.0,0.0,8.0
4646,leck mich am amoka ( leck mich am arsch ) --- lick/kiss my amoka lick/kiss my ass,leck mich am amoka leck mich am arsch lick,leck mich am amoka leck mich am arsch lick,is_multiword,0,0,0|1|2|3|4|5|6|7|8,1,6.628214726081262,0,1.0,,,,,,,,,,,,,,,,,,,,,,,,,,,,,,,<mask> <mask> <mask> <mask> <mask> <mask> <mask> <mask> <mask> <mask> <mask> <mask> <mask> lick kiss my amoka lick kiss my ass,▁le ck ▁mich ▁am ▁amo ka ▁le ck ▁mich ▁am ▁ar sch ▁---,13.0,1.8643682434323598e-50,114.50633239746094,8.808179415189302, lick  s s s s s s s s  ass,4.923724471481402e-13,86.1667914390564,6.628214726081262,0.0,8.0,0.0,16.0,0.0,9.0
4646,leck mich am amoka ( leck mich am arsch ) --- lick/kiss my amoka lick/kiss my ass,mich am,mich am,is_multiword,0,1,1|2,1,1.8747634887695312,0,1.0,,,,,,,,,,,,,,,,,,,,,,,,,,,,,,,leck <mask> <mask> amoka leck mich am arsch --- lick kiss my amoka lick kiss my ass,▁mich ▁am,2.0,0.0064052678016366,5.050634533166885,2.5253172665834427,mich my,0.2722301160057607,3.7495269775390634,1.8747634887695312,1.0,2.0,0.0,16.0,0.0,2.0
4646,leck mich am amoka ( leck mich am arsch ) --- lick/kiss my amoka lick/kiss my ass,mich am amoka,mich am amoka,is_multiword,0,1,1|2|3,1,3.194289118051529,0,1.0,,,,,,,,,,,,,,,,,,,,,,,,,,,,,,,leck <mask> <mask> <mask> <mask> leck mich am arsch --- lick kiss my amoka lick kiss my ass,▁mich ▁am ▁amo ka,4.0,6.294341182309977e-08,16.58102973923087,4.145257434807718,mich am ar ---,0.0222842914721429,12.777156472206116,3.194289118051529,1.0,3.0,0.0,16.0,0.0,3.0
4646,leck mich am amoka ( leck mich am arsch ) --- lick/kiss my amoka lick/kiss my ass,mich am amoka leck,mich am amoka leck,is_multiword,0,1,1|2|3|4,1,2.79824560880661,0,1.0,,,,,,,,,,,,,,,,,,,,,,,,,,,,,,,leck <mask> <mask> <mask> <mask> <mask> <mask> mich am arsch --- lick kiss my amoka lick kiss my ass,▁mich ▁am ▁amo ka ▁le ck,6.0,2.8879788158911453e-15,33.47821950912476,5.579703251520793,mich  ck  ck ckt,5.651578505637e-08,16.78947365283966,2.79824560880661,1.0,4.0,0.0,16.0,0.0,4.0
4646,leck mich am amoka ( leck mich am arsch ) --- lick/kiss my amoka lick/kiss my ass,mich am amoka leck mich,mich am amoka leck mich,is_multiword,0,1,1|2|3|4|5,1,5.019914380141667,0,1.0,,,,,,,,,,,,,,,,,,,,,,,,,,,,,,,leck <mask> <mask> <mask> <mask> <mask> <mask> <mask> am arsch --- lick kiss my amoka lick kiss my ass,▁mich ▁am ▁amo ka ▁le ck ▁mich,7.0,2.333348971454136e-23,52.11215257644653,7.444593225206647,my s s s s --- i,4.2542940114142646e-08,35.13940066099167,5.019914380141667,1.0,5.0,0.0,16.0,0.0,5.0
4646,leck mich am amoka ( leck mich am arsch ) --- lick/kiss my amoka lick/kiss my ass,mich am amoka leck mich am,mich am amoka leck mich am,is_multiword,0,1,1|2|3|4|5|6,1,4.139397636055946,0,1.0,,,,,,,,,,,,,,,,,,,,,,,,,,,,,,,leck <mask> <mask> <mask> <mask> <mask> <mask> <mask> <mask> arsch --- lick kiss my amoka lick kiss my ass,▁mich ▁am ▁amo ka ▁le ck ▁mich ▁am,8.0,3.920695491940931e-24,53.89577317237854,6.7369716465473175,my s s    s my,9.442859486642191e-10,33.11518108844757,4.139397636055946,1.0,6.0,0.0,16.0,0.0,6.0
4646,leck mich am amoka ( leck mich am arsch ) --- lick/kiss my amoka lick/kiss my ass,mich am amoka leck mich am arsch,mich am amoka leck mich am arsch,is_multiword,0,1,1|2|3|4|5|6|7,1,5.372480690479279,0,1.0,,,,,,,,,,,,,,,,,,,,,,,,,,,,,,,leck <mask> <mask> <mask> <mask> <mask> <mask> <mask> <mask> <mask> <mask> --- lick kiss my amoka lick kiss my ass,▁mich ▁am ▁amo ka ▁le ck ▁mich ▁am ▁ar sch,10.0,2.472435392674037e-35,79.68527460098267,7.968527460098267, s s       s,5.315108469333196e-12,53.72480690479279,5.372480690479279,1.0,7.0,0.0,16.0,0.0,7.0
4646,leck mich am amoka ( leck mich am arsch ) --- lick/kiss my amoka lick/kiss my ass,mich am amoka leck mich am arsch lick,mich am amoka leck mich am arsch lick,is_multiword,0,1,1|2|3|4|5|6|7|8,1,6.500258012251421,0,1.0,,,,,,,,,,,,,,,,,,,,,,,,,,,,,,,leck <mask> <mask> <mask> <mask> <mask> <mask> <mask> <mask> <mask> <mask> <mask> lick kiss my amoka lick kiss my ass,▁mich ▁am ▁amo ka ▁le ck ▁mich ▁am ▁ar sch ▁---,11.0,1.4269671677859008e-42,96.35302257537842,8.759365688670766, s s s s s s  my my ass,1.6132512978406227e-11,71.50283813476562,6.500258012251421,1.0,8.0,0.0,16.0,0.0,8.0
4646,leck mich am amoka ( leck mich am arsch ) --- lick/kiss my amoka lick/kiss my ass,am amoka,am amoka,is_multiword,0,2,2|3,1,5.4311713129282,0,1.0,,,,,,,,,,,,,,,,,,,,,,,,,,,,,,,leck mich <mask> <mask> <mask> leck mich am arsch --- lick kiss my amoka lick kiss my ass,▁am ▁amo ka,3.0,3.6205131019028666e-08,17.134064987301826,5.711354995767276,am ar sch,0.4314726955186495,16.2935139387846,5.4311713129282,2.0,3.0,0.0,16.0,0.0,2.0
4646,leck mich am amoka ( leck mich am arsch ) --- lick/kiss my amoka lick/kiss my ass,am amoka leck,am amoka leck,is_multiword,0,2,2|3|4,1,3.1692856907844544,0,1.0,,,,,,,,,,,,,,,,,,,,,,,,,,,,,,,leck mich <mask> <mask> <mask> <mask> <mask> mich am arsch --- lick kiss my amoka lick kiss my ass,▁am ▁amo ka ▁le ck,5.0,1.0677952214895378e-08,18.3550847619772,3.6710169523954392,am ar sch le ck,0.0813775121174511,15.846428453922272,3.1692856907844544,2.0,4.0,0.0,16.0,0.0,3.0
4646,leck mich am amoka ( leck mich am arsch ) --- lick/kiss my amoka lick/kiss my ass,am amoka leck mich,am amoka leck mich,is_multiword,0,2,2|3|4|5,1,2.493748386700948,0,1.0,,,,,,,,,,,,,,,,,,,,,,,,,,,,,,,leck mich <mask> <mask> <mask> <mask> <mask> <mask> am arsch --- lick kiss my amoka lick kiss my ass,▁am ▁amo ka ▁le ck ▁mich,6.0,5.452319445031588e-15,32.842735290527344,5.473789215087891,an    ck ich,1.7167548156828862e-08,14.962490320205688,2.493748386700948,2.0,5.0,0.0,16.0,0.0,4.0
4646,leck mich am amoka ( leck mich am arsch ) --- lick/kiss my amoka lick/kiss my ass,am amoka leck mich am,am amoka leck mich am,is_multiword,0,2,2|3|4|5|6,1,3.013668026242937,0,1.0,,,,,,,,,,,,,,,,,,,,,,,,,,,,,,,leck mich <mask> <mask> <mask> <mask> <mask> <mask> <mask> arsch --- lick kiss my amoka lick kiss my ass,▁am ▁amo ka ▁le ck ▁mich ▁am,7.0,6.362314605918118e-18,39.59613943099976,5.656591347285679,mich     s mein,9.233171429379598e-09,21.09567618370056,3.013668026242937,2.0,6.0,0.0,16.0,0.0,5.0
4646,leck mich am amoka ( leck mich am arsch ) --- lick/kiss my amoka lick/kiss my ass,am amoka leck mich am arsch,am amoka leck mich am arsch,is_multiword,0,2,2|3|4|5|6|7,1,4.472995241483052,0,1.0,,,,,,,,,,,,,,,,,,,,,,,,,,,,,,,leck mich <mask> <mask> <mask> <mask> <mask> <mask> <mask> <mask> <mask> --- lick kiss my amoka lick kiss my ass,▁am ▁amo ka ▁le ck ▁mich ▁am ▁ar sch,9.0,2.321096361061728e-28,63.63034296035767,7.070038106706408,a        s,7.064273895116187e-11,40.25695717334747,4.472995241483052,2.0,7.0,0.0,16.0,0.0,6.0
4646,leck mich am amoka ( leck mich am arsch ) --- lick/kiss my amoka lick/kiss my ass,am amoka leck mich am arsch lick,am amoka leck mich am arsch lick,is_multiword,0,2,2|3|4|5|6|7|8,1,6.020643436908722,0,1.0,,,,,,,,,,,,,,,,,,,,,,,,,,,,,,,leck mich <mask> <mask> <mask> <mask> <mask> <mask> <mask> <mask> <mask> <mask> lick kiss my amoka lick kiss my ass,▁am ▁amo ka ▁le ck ▁mich ▁am ▁ar sch ▁---,10.0,1.0249185878936685e-36,82.86845016479492,8.286845016479493,a   s s s  my my ass,1.438836979640068e-10,60.20643436908722,6.020643436908722,2.0,8.0,0.0,16.0,0.0,7.0
4646,leck mich am amoka ( leck mich am arsch ) --- lick/kiss my amoka lick/kiss my ass,amoka leck,amoka leck,is_multiword,0,3,3|4,1,5.728617753833532,0,1.0,,,,,,,,,,,,,,,,,,,,,,,,,,,,,,,leck mich am <mask> <mask> <mask> <mask> mich am arsch --- lick kiss my amoka lick kiss my ass,▁amo ka ▁le ck,4.0,9.15586975535318e-11,23.11404084600508,5.778510211501271,ar sch le ck,0.8190830216988497,22.91447101533413,5.728617753833532,3.0,4.0,0.0,16.0,0.0,2.0
4646,leck mich am amoka ( leck mich am arsch ) --- lick/kiss my amoka lick/kiss my ass,amoka leck mich,amoka leck mich,is_multiword,0,3,3|4|5,1,3.328346127271652,0,1.0,,,,,,,,,,,,,,,,,,,,,,,,,,,,,,,leck mich am <mask> <mask> <mask> <mask> <mask> am arsch --- lick kiss my amoka lick kiss my ass,▁amo ka ▁le ck ▁mich,5.0,1.40905722848918e-08,18.07775989547372,3.615551979094744,ar sch le ck mich,0.2378704076891349,16.64173063635826,3.328346127271652,3.0,5.0,0.0,16.0,0.0,3.0
4646,leck mich am amoka ( leck mich am arsch ) --- lick/kiss my amoka lick/kiss my ass,amoka leck mich am,amoka leck mich am,is_multiword,0,3,3|4|5|6,1,2.826634128888448,0,1.0,,,,,,,,,,,,,,,,,,,,,,,,,,,,,,,leck mich am <mask> <mask> <mask> <mask> <mask> <mask> arsch --- lick kiss my amoka lick kiss my ass,▁amo ka ▁le ck ▁mich ▁am,6.0,3.710983504556309e-15,33.227479457855225,5.537913242975871,    s mein,8.61070381867334e-08,16.95980477333069,2.826634128888448,3.0,6.0,0.0,16.0,0.0,4.0
4646,leck mich am amoka ( leck mich am arsch ) --- lick/kiss my amoka lick/kiss my ass,amoka leck mich am arsch,amoka leck mich am arsch,is_multiword,0,3,3|4|5|6|7,1,3.4578713178634644,0,1.0,,,,,,,,,,,,,,,,,,,,,,,,,,,,,,,leck mich am <mask> <mask> <mask> <mask> <mask> <mask> <mask> <mask> --- lick kiss my amoka lick kiss my ass,▁amo ka ▁le ck ▁mich ▁am ▁ar sch,8.0,4.669491482592409e-23,51.41840696334839,6.427300870418549,     s  s,4.8210878735069615e-11,27.662970542907715,3.4578713178634644,3.0,7.0,0.0,16.0,0.0,5.0
4646,leck mich am amoka ( leck mich am arsch ) --- lick/kiss my amoka lick/kiss my ass,amoka leck mich am arsch lick,amoka leck mich am arsch lick,is_multiword,0,3,3|4|5|6|7|8,1,5.527732928593953,0,1.0,,,,,,,,,,,,,,,,,,,,,,,,,,,,,,,leck mich am <mask> <mask> <mask> <mask> <mask> <mask> <mask> <mask> <mask> lick kiss my amoka lick kiss my ass,▁amo ka ▁le ck ▁mich ▁am ▁ar sch ▁---,9.0,3.1945889414821233e-32,72.52126455307007,8.057918283674452,my      my  ass,1.2894074015918978e-10,49.74959635734558,5.527732928593953,3.0,8.0,0.0,16.0,0.0,6.0
4646,leck mich am amoka ( leck mich am arsch ) --- lick/kiss my amoka lick/kiss my ass,leck mich am arsch,leck mich am arsch,is_multiword,0,4,4|5|6|7,1,3.0446679393450418,0,1.0,,,,,,,,,,,,,,,,,,,,,,,,,,,,,,,leck mich am amoka <mask> <mask> <mask> <mask> <mask> <mask> --- lick kiss my amoka lick kiss my ass,▁le ck ▁mich ▁am ▁ar sch,6.0,7.821382786430209e-16,34.78450012207031,5.797416687011719,  s s s ka,6.71395541512245e-08,18.26800763607025,3.0446679393450418,4.0,7.0,0.0,16.0,0.0,4.0
4646,leck mich am amoka ( leck mich am arsch ) --- lick/kiss my amoka lick/kiss my ass,leck mich am arsch lick,leck mich am arsch lick,is_multiword,0,4,4|5|6|7|8,1,5.834121125085013,0,1.0,,,,,,,,,,,,,,,,,,,,,,,,,,,,,,,leck mich am amoka <mask> <mask> <mask> <mask> <mask> <mask> <mask> lick kiss my amoka lick kiss my ass,▁le ck ▁mich ▁am ▁ar sch ▁---,7.0,4.590344402952066e-24,53.73808717727661,7.676869596753802, lick my s my amo ka,2.4999513114956213e-06,40.83884787559509,5.834121125085013,4.0,8.0,0.0,16.0,0.0,5.0
4646,leck mich am amoka ( leck mich am arsch ) --- lick/kiss my amoka lick/kiss my ass,mich am arsch,mich am arsch,is_multiword,0,5,5|6|7,1,2.7726345360279083,0,1.0,,,,,,,,,,,,,,,,,,,,,,,,,,,,,,,leck mich am amoka leck <mask> <mask> <mask> <mask> --- lick kiss my amoka lick kiss my ass,▁mich ▁am ▁ar sch,4.0,6.706730850718617e-08,16.51756911724806,4.129392279312015,mich am amo ka,0.0043961286697448,11.090538144111632,2.7726345360279083,5.0,7.0,0.0,16.0,0.0,3.0
4646,leck mich am amoka ( leck mich am arsch ) --- lick/kiss my amoka lick/kiss my ass,mich am arsch lick,mich am arsch lick,is_multiword,0,5,5|6|7|8,1,5.3397276401519775,0,1.0,,,,,,,,,,,,,,,,,,,,,,,,,,,,,,,leck mich am amoka leck <mask> <mask> <mask> <mask> <mask> lick kiss my amoka lick kiss my ass,▁mich ▁am ▁ar sch ▁---,5.0,3.800728700641996e-15,33.20358358323574,6.640716716647148,mich am my amo ka,0.0014960224655318,26.698638200759888,5.3397276401519775,5.0,8.0,0.0,16.0,0.0,4.0
4646,leck mich am amoka ( leck mich am arsch ) --- lick/kiss my amoka lick/kiss my ass,am arsch,am arsch,is_multiword,0,6,6|7,1,6.2403627683719,0,1.0,,,,,,,,,,,,,,,,,,,,,,,,,,,,,,,leck mich am amoka leck mich <mask> <mask> <mask> --- lick kiss my amoka lick kiss my ass,▁am ▁ar sch,3.0,4.2908105545523514e-09,19.26679018139839,6.422263393799464,am amo ka,0.5794349489348178,18.7210883051157,6.2403627683719,6.0,7.0,0.0,16.0,0.0,2.0
4646,leck mich am amoka ( leck mich am arsch ) --- lick/kiss my amoka lick/kiss my ass,am arsch lick,am arsch lick,is_multiword,0,6,6|7|8,1,7.540195882320404,0,1.0,,,,,,,,,,,,,,,,,,,,,,,,,,,,,,,leck mich am amoka leck mich <mask> <mask> <mask> <mask> lick kiss my amoka lick kiss my ass,▁am ▁ar sch ▁---,4.0,9.065060404817394e-15,32.334348887205124,8.083587221801281,am my amo ka,0.1137712576782133,30.160783529281616,7.540195882320404,6.0,8.0,0.0,16.0,0.0,3.0
4646,leck mich am amoka ( leck mich am arsch ) --- lick/kiss my amoka lick/kiss my ass,arsch lick,arsch lick,is_multiword,0,7,7|8,1,9.122544209162394,0,1.0,,,,,,,,,,,,,,,,,,,,,,,,,,,,,,,leck mich am amoka leck mich am <mask> <mask> <mask> lick kiss my amoka lick kiss my ass,▁ar sch ▁---,3.0,1.5863682245354123e-14,31.77474403381348,10.591581344604492,my ka my,0.0121903404612472,27.367632627487183,9.122544209162394,7.0,8.0,0.0,16.0,0.0,2.0
4646,leck mich am amoka ( leck mich am arsch ) --- lick/kiss my amoka lick/kiss my ass,amoka lick,amoka lick,is_multiword,0,11,11|12,1,6.98657434930404,0,1.0,,,,,,,,,,,,,,,,,,,,,,,,,,,,,,,leck mich am amoka leck mich am arsch --- lick kiss <mask> <mask> <mask> lick kiss my ass,▁my ▁amo ka,3.0,6.45121887516945e-10,21.161581844091412,7.053860614697139,my ass ---,0.8172103130141559,20.95972304791212,6.98657434930404,11.0,12.0,0.0,16.0,0.0,2.0
4648,"""it's hard to get my dick in her because her damn gate guardians are always in the way",damn gate,damn gate,is_multiword,0,10,10|11,1,7.2018678188323975,0,1.0,,,,,,,,,,,,,,,,,,,,,,,,,,,,,,,it's hard to get my dick in her because her <mask> <mask> guardians are always in the way,▁damn ▁gate,2.0,1.1239927638826993e-08,18.30379343032837,9.151896715164185,friends and,0.0202407416456293,14.403735637664797,7.2018678188323975,10.0,11.0,0.0,17.0,0.0,2.0
4651,that man who just got rear ended in the car accident does not look like a happy camper,got rear,got rear,is_multiword,0,4,4|5,1,5.742017110188802,0,1.0,,,,,,,,,,,,,,,,,,,,,,,,,,,,,,,that man who just <mask> <mask> <mask> ended in the car accident does not look like a happy camper,▁got ▁re ar,3.0,8.030226539196758e-11,23.2452232837677,7.7484077612559,left the and,0.00243168230835,17.226051330566406,5.742017110188802,4.0,5.0,0.0,17.0,0.0,2.0
4651,that man who just got rear ended in the car accident does not look like a happy camper,got rear ended,got rear ended,is_multiword,0,4,4|5|6,1,5.55433851480484,0,1.0,,,,,,,,,,,,,,,,,,,,,,,,,,,,,,,that man who just <mask> <mask> <mask> <mask> in the car accident does not look like a happy camper,▁got ▁re ar ▁ended,4.0,7.427853296818643e-14,30.23095440864563,7.557738602161407,lost ed his killed,0.0003309311039474,22.21735405921936,5.55433851480484,4.0,6.0,0.0,17.0,0.0,3.0
4651,that man who just got rear ended in the car accident does not look like a happy camper,rear ended,rear ended,is_multiword,0,5,5|6,1,6.393699804941813,0,1.0,,,,,,,,,,,,,,,,,,,,,,,,,,,,,,,that man who just got <mask> <mask> <mask> in the car accident does not look like a happy camper,▁re ar ▁ended,3.0,3.94543291879641e-12,26.25846242904663,8.75282080968221,a the runk,0.0008439958214905,19.18109941482544,6.393699804941813,5.0,6.0,0.0,17.0,0.0,2.0
4655,used in a sentence: kayla i'm so done with your attitude jfkd,used in,used in,is_multiword,0,0,0|1,1,4.068775057792664,0,1.0,,,,,,,,,,,,,,,,,,,,,,,,,,,,,,,<mask> <mask> a sentence kayla i'm so done with your attitude jfkd,▁used ▁in,2.0,3.0624421134967152e-06,12.696297883987429,6.348148941993713,I me,0.0104751680703333,8.137550115585327,4.068775057792664,0.0,1.0,0.0,11.0,0.0,2.0
4655,used in a sentence: kayla i'm so done with your attitude jfkd,used in a,used in a,is_multiword,0,0,0|1|2,1,4.474993427594503,0,1.0,,,,,,,,,,,,,,,,,,,,,,,,,,,,,,,<mask> <mask> <mask> sentence kayla i'm so done with your attitude jfkd,▁used ▁in ▁a,3.0,1.1424010159670196e-08,18.287548542022705,6.095849514007568,thanks for your,0.0077306041783302,13.424980282783508,4.474993427594503,0.0,2.0,0.0,11.0,0.0,3.0
4655,used in a sentence: kayla i'm so done with your attitude jfkd,used in a sentence,used in a sentence,is_multiword,0,0,0|1|2|3,1,5.4341564774513245,0,1.0,,,,,,,,,,,,,,,,,,,,,,,,,,,,,,,<mask> <mask> <mask> <mask> kayla i'm so done with your attitude jfkd,▁used ▁in ▁a ▁sentence,4.0,2.310218921947708e-14,31.39884901046753,7.849712252616882,i you you you,6.364288001906299e-05,21.736625909805294,5.4341564774513245,0.0,3.0,0.0,11.0,0.0,4.0
4655,used in a sentence: kayla i'm so done with your attitude jfkd,in a,in a,is_multiword,0,1,1|2,1,2.874959945678711,0,1.0,,,,,,,,,,,,,,,,,,,,,,,,,,,,,,,used <mask> <mask> sentence kayla i'm so done with your attitude jfkd,▁in ▁a,2.0,0.0001670140665919,8.697432518005371,4.3487162590026855,the same,0.0524700563861585,5.749919891357422,2.874959945678711,1.0,2.0,0.0,11.0,0.0,2.0
4655,used in a sentence: kayla i'm so done with your attitude jfkd,in a sentence,in a sentence,is_multiword,0,1,1|2|3,1,6.611359854539235,1,1.0,,,,,,,,,,,,,,,,,,,,,,,,,,,,,,,used <mask> <mask> <mask> kayla i'm so done with your attitude jfkd,▁in ▁a ▁sentence,3.0,4.6848060799529616e-11,23.784111499786377,7.928037166595459,to be you,0.0192540868638023,19.834079563617703,6.611359854539235,1.0,3.0,0.0,11.0,0.0,3.0
4655,used in a sentence: kayla i'm so done with your attitude jfkd,a sentence,a sentence,is_multiword,0,2,2|3,1,2.6451416611671448,0,1.0,,,,,,,,,,,,,,,,,,,,,,,,,,,,,,,used in <mask> <mask> kayla i'm so done with your attitude jfkd,▁a ▁sentence,2.0,9.260344273552722e-05,9.287184238433838,4.643592119216919,the for,0.0183724886359085,5.2902833223342896,2.6451416611671448,2.0,3.0,0.0,11.0,0.0,2.0
4655,used in a sentence: kayla i'm so done with your attitude jfkd,so done,so done,is_multiword,0,6,6|7,1,3.370828688144684,0,1.0,,,,,,,,,,,,,,,,,,,,,,,,,,,,,,,used in a sentence kayla i'm <mask> <mask> with your attitude jfkd,▁so ▁done,2.0,0.0001560892874008,8.765082359313965,4.382541179656982,not happy,0.1322018995346286,6.741657376289368,3.370828688144684,6.0,7.0,0.0,11.0,0.0,2.0
4657,"due to my very unbrolike behavior with regards to adam's girlfreind, i [cuntracted] brosyphilis",cuntracted brosyphilis,cuntracted brosyphilis,is_multiword,0,12,12|13,1,8.14114168712071,0,1.0,,,,,,,,,,,,,,,,,,,,,,,,,,,,,,,due to my very unbrolike behavior with regards to adam's girlfreind i <mask> <mask> <mask> <mask> <mask> <mask> <mask>,▁cun tra cted ▁bros y phil is,7.0,1.5916317647533303e-32,73.21796321868896,10.45970903124128,have to to to her her .,8.941553423497753e-08,56.98799180984497,8.14114168712071,12.0,13.0,0.0,13.0,0.0,2.0
4658,if a man or boy does have a 4skin he should remember to clean under it frequently,does have,does have,is_multiword,0,5,5|6,1,3.5260734260082245,1,1.0,,,,,,,,,,,,,,,,,,,,,,,,,,,,,,,if a man or boy <mask> <mask> a 4skin he should remember to clean under it frequently,▁does ▁have,2.0,9.294773116900624e-05,9.283473253250122,4.641736626625061,is s,0.1073858988411471,7.052146852016449,3.5260734260082245,5.0,6.0,0.0,16.0,0.0,2.0
4663,"julia: hey rayna, are you going to reeds after school today? rayna: yeah, i want to do some shopping",hey rayna,hey rayna,is_multiword,0,1,1|2,1,4.42892336845398,0,1.0,,,,,,,,,,,,,,,,,,,,,,,,,,,,,,,julia <mask> <mask> <mask> are you going to reeds after school today rayna yeah i want to do some shopping,▁hey ▁ray na,3.0,5.32681496024478e-10,21.353097438812256,7.117699146270752,: : what,0.0003139341418296,13.286770105361938,4.42892336845398,1.0,2.0,0.0,18.0,0.0,2.0
4663,"julia: hey rayna, are you going to reeds after school today? rayna: yeah, i want to do some shopping",rayna yeah,rayna yeah,is_multiword,0,11,11|12,1,6.350308656692505,0,1.0,,,,,,,,,,,,,,,,,,,,,,,,,,,,,,,julia hey rayna are you going to reeds after school today <mask> <mask> <mask> i want to do some shopping,▁ray na ▁yeah,3.0,5.4112028717303e-12,25.94254970550537,8.647516568501791,"? i ,",0.0010162623593767,19.050925970077515,6.350308656692505,11.0,12.0,0.0,18.0,0.0,2.0
4664,"yo kid, u been to that dime shop down da block? no doubt son, i was hella scopin' when i went there",down da,down da,is_multiword,0,8,8|9,1,5.012798428535461,0,1.0,,,,,,,,,,,,,,,,,,,,,,,,,,,,,,,yo kid u been to that dime shop <mask> <mask> block no doubt son i was hella scopin' when i went there,▁down ▁da,2.0,1.048057299463544e-05,11.465987205505373,5.7329936027526855,on the,0.2368352923506608,10.025596857070925,5.012798428535461,8.0,9.0,0.0,21.0,0.0,2.0
4664,"yo kid, u been to that dime shop down da block? no doubt son, i was hella scopin' when i went there",hella scopin,hella scopin,is_multiword,0,16,16|17,1,6.791095733642578,0,1.0,,,,,,,,,,,,,,,,,,,,,,,,,,,,,,,yo kid u been to that dime shop down da block no doubt son i was <mask> <mask> <mask> <mask> <mask> when i went there,▁hell a ▁scop in ',5.0,6.828579020949492e-22,48.735755443573,9.7471510887146,in to in the me,3.810722773959136e-07,33.95547866821289,6.791095733642578,16.0,17.0,0.0,21.0,0.0,2.0
4667,yo that shit is fucking flangerstang,fucking flangerstang,fucking flangerstang,is_multiword,0,4,4|5,1,6.629573464393616,0,1.0,,,,,,,,,,,,,,,,,,,,,,,,,,,,,,,yo that shit is <mask> <mask> <mask> <mask> <mask>,▁fucking ▁ flan gers tang,5.0,1.5186013418684521e-21,47.9364972114563,9.58729944229126,a good the . .,3.779023947987164e-07,33.14786732196808,6.629573464393616,4.0,5.0,0.0,5.0,0.0,2.0
4668,dude i dont care if she's 50 i'll bang diane lane,i'll bang,i'll bang,is_multiword,0,7,7|8,1,5.557540893554688,0,1.0,,,,,,,,,,,,,,,,,,,,,,,,,,,,,,,dude i dont care if she's 50 <mask> <mask> <mask> <mask> diane lane,▁i ' ll ▁bang,4.0,8.894769947681164e-14,30.05072784423828,7.51268196105957,or or i or,0.0004013951236548,22.23016357421875,5.557540893554688,7.0,8.0,0.0,10.0,0.0,2.0
4669,when we get home i'm gonna barrnie you all night,gonna barrnie,gonna barrnie,is_multiword,0,5,5|6,1,5.475580275058746,0,1.0,,,,,,,,,,,,,,,,,,,,,,,,,,,,,,,when we get home i'm <mask> <mask> <mask> <mask> you all night,▁gonna ▁bar r nie,4.0,2.0286529701685785e-13,29.226234197616577,7.306558549404144,going and to with,0.0006595761690147,21.902321100234985,5.475580275058746,5.0,6.0,0.0,9.0,0.0,2.0
4671,"hey, did you see that bro car on the high way? they were really jammin out",high way,high way,is_multiword,0,9,9|10,1,5.341306924819946,1,1.0,,,,,,,,,,,,,,,,,,,,,,,,,,,,,,,hey did you see that bro car on the <mask> <mask> they were really jammin out,▁high ▁way,2.0,1.0761663756058192e-06,13.742105484008787,6.8710527420043945,road ?,0.0469115373725119,10.682613849639893,5.341306924819946,9.0,10.0,0.0,15.0,0.0,2.0
4671,"hey, did you see that bro car on the high way? they were really jammin out",jammin out,jammin out,is_multiword,0,14,14|15,1,7.069605429967244,0,1.0,,,,,,,,,,,,,,,,,,,,,,,,,,,,,,,hey did you see that bro car on the high way they were really <mask> <mask> <mask>,▁ja mmin ▁out,3.0,1.431354475457765e-13,29.574985027313232,9.858328342437744,good . .,0.000232605019671,21.208816289901733,7.069605429967244,14.0,15.0,0.0,15.0,0.0,2.0
4674,are you goin to da bussie yet??,da bussie,da bussie,is_multiword,0,4,4|5,1,6.932283838589986,0,1.0,,,,,,,,,,,,,,,,,,,,,,,,,,,,,,,are you goin to <mask> <mask> <mask> yet,▁da ▁bussi e,3.0,6.054064185719228e-13,28.1328763961792,9.377625465393066,make a s,0.0006516357091974,20.79685151576996,6.932283838589986,4.0,5.0,0.0,6.0,0.0,2.0
4674,are you goin to da bussie yet??,da bussie yet,da bussie yet,is_multiword,0,4,4|5|6,1,7.422621876001358,0,1.0,,,,,,,,,,,,,,,,,,,,,,,,,,,,,,,are you goin to <mask> <mask> <mask> <mask>,▁da ▁bussi e ▁yet,4.0,9.10637954107862e-18,39.23755645751953,9.809389114379885,find a me ?,7.141026342406053e-05,29.690487504005432,7.422621876001358,4.0,6.0,0.0,6.0,0.0,3.0
4674,are you goin to da bussie yet??,bussie yet,bussie yet,is_multiword,0,5,5|6,1,8.601517995198568,0,1.0,,,,,,,,,,,,,,,,,,,,,,,,,,,,,,,are you goin to da <mask> <mask> <mask>,▁bussi e ▁yet,3.0,2.3206259573812943e-14,31.394354343414307,10.464784781138102,ddy me </s>,0.003735773608237,25.804553985595703,8.601517995198568,5.0,6.0,0.0,6.0,0.0,2.0
4690,a: what are the layers of the atmosphere? b: blarble blarble w00t,blarble blarble,blarble blarble,is_multiword,0,9,9|10,1,8.096750895182291,1,1.0,,,,,,,,,,,,,,,,,,,,,,,,,,,,,,,a what are the layers of the atmosphere b <mask> <mask> <mask> <mask> <mask> <mask> w00t,▁ blar ble ▁ blar ble,6.0,2.1334677897009644e-26,59.10946369171143,9.851577281951904,00 what the the the s,2.6750475191343227e-05,48.58050537109375,8.096750895182291,9.0,10.0,0.0,11.0,0.0,2.0
4690,a: what are the layers of the atmosphere? b: blarble blarble w00t,blarble blarble w,blarble blarble w,is_multiword,0,9,9|10|11,1,7.949760390652551,0,1.0,,,,,,,,,,,,,,,,,,,,,,,,,,,,,,,a what are the layers of the atmosphere b <mask> <mask> <mask> <mask> <mask> <mask> <mask> <mask> <mask>,▁ blar ble ▁ blar ble ▁w 00 t,9.0,8.863715305358425e-39,87.61885261535645,9.735428068372938,) what are the the the the the ?,1.04821272951128e-07,71.54784351587296,7.949760390652551,9.0,11.0,0.0,11.0,0.0,3.0
4690,a: what are the layers of the atmosphere? b: blarble blarble w00t,blarble blarble w 00,blarble blarble w 00,is_multiword,1,9,,1,,0,1.0,,,,,,,,,,,,,,,,,,,,,,,,,,,,,,,,,,,,,,,,,,,,,,
4690,a: what are the layers of the atmosphere? b: blarble blarble w00t,blarble blarble w 00 t,blarble blarble w 00 t,is_multiword,1,9,,1,,0,1.0,,,,,,,,,,,,,,,,,,,,,,,,,,,,,,,,,,,,,,,,,,,,,,
4690,a: what are the layers of the atmosphere? b: blarble blarble w00t,blarble w,blarble w,is_multiword,0,10,10|11,1,3.6227506001790366,0,1.0,,,,,,,,,,,,,,,,,,,,,,,,,,,,,,,a what are the layers of the atmosphere b blarble <mask> <mask> <mask> <mask> <mask> <mask>,▁ blar ble ▁w 00 t,6.0,9.846797064218409e-18,39.159385442733765,6.526564240455627,a a    ?,2.712305204538536e-08,21.73650360107422,3.6227506001790366,10.0,11.0,0.0,11.0,0.0,2.0
4690,a: what are the layers of the atmosphere? b: blarble blarble w00t,blarble w 00,blarble w 00,is_multiword,0,10,,1,,0,1.0,,,,,,,,,,,,,,,,,,,,,,,,,,,,,,,,,,,,,,,,,,,,,,
4690,a: what are the layers of the atmosphere? b: blarble blarble w00t,blarble w 00 t,blarble w 00 t,is_multiword,0,10,,1,,0,1.0,,,,,,,,,,,,,,,,,,,,,,,,,,,,,,,,,,,,,,,,,,,,,,
4690,a: what are the layers of the atmosphere? b: blarble blarble w00t,w 00,w 00,is_multiword,0,11,,1,,0,1.0,,,,,,,,,,,,,,,,,,,,,,,,,,,,,,,,,,,,,,,,,,,,,,
4690,a: what are the layers of the atmosphere? b: blarble blarble w00t,w 00 t,w 00 t,is_multiword,0,11,,1,,0,1.0,,,,,,,,,,,,,,,,,,,,,,,,,,,,,,,,,,,,,,,,,,,,,,
4690,a: what are the layers of the atmosphere? b: blarble blarble w00t,00 t,00 t,is_multiword,0,12,,1,,0,1.0,,,,,,,,,,,,,,,,,,,,,,,,,,,,,,,,,,,,,,,,,,,,,,
4692,i got pissed on a lot of cwrw last night and ended up a coyotee morning,pissed on,pissed on,is_multiword,0,2,2|3,1,5.047199289004008,1,1.0,,,,,,,,,,,,,,,,,,,,,,,,,,,,,,,i got <mask> <mask> <mask> a lot of cwrw last night and ended up a coyotee morning,▁pis sed ▁on,3.0,5.474114261678116e-10,21.325820446014404,7.108606815338135,to to do,0.0020617037415463,15.141597867012024,5.047199289004008,2.0,3.0,0.0,15.0,0.0,2.0
4694,janza just fkn0wned you,fkn 0,fkn 0,is_multiword,0,2,2|3,1,5.805557827154796,0,1.0,,,,,,,,,,,,,,,,,,,,,,,,,,,,,,,janza just <mask> <mask> <mask> <mask> <mask> <mask>,▁f kn 0 wn ed ▁you,6.0,7.74942074937897e-24,53.21442413330078,8.869070688883463,has s the the . </s>,1.0403982510765818e-08,34.83334696292877,5.805557827154796,2.0,3.0,0.0,3.0,0.0,2.0
4694,janza just fkn0wned you,fkn 0 wned,fkn 0 wned,is_multiword,0,2,,1,,0,1.0,,,,,,,,,,,,,,,,,,,,,,,,,,,,,,,,,,,,,,,,,,,,,,
4694,janza just fkn0wned you,0 wned,0 wned,is_multiword,0,3,,1,,0,1.0,,,,,,,,,,,,,,,,,,,,,,,,,,,,,,,,,,,,,,,,,,,,,,
4698,auuuuuu chupa chupa sinco dolales,auuuuuu chupa,auuuuuu chupa,is_multiword,0,0,0|1,1,4.894748640060425,0,1.0,,,,,,,,,,,,,,,,,,,,,,,,,,,,,,,<mask> <mask> <mask> <mask> <mask> chupa sinco dolales,▁au u uuuu ▁chu pa,5.0,1.1669311588970765e-18,41.29215431213379,8.258430862426758,    de,4.9642867526417e-08,24.473743200302124,4.894748640060425,0.0,1.0,0.0,4.0,0.0,2.0
4698,auuuuuu chupa chupa sinco dolales,auuuuuu chupa chupa,auuuuuu chupa chupa,is_multiword,0,0,0|1|2,1,7.008031572614398,0,1.0,,,,,,,,,,,,,,,,,,,,,,,,,,,,,,,<mask> <mask> <mask> <mask> <mask> <mask> <mask> sinco dolales,▁au u uuuu ▁chu pa ▁chu pa,7.0,4.17759259391079e-31,69.95040273666382,9.99291467666626, : : :  de de,8.42892464981452e-10,49.05622100830078,7.008031572614398,0.0,2.0,0.0,4.0,0.0,3.0
4698,auuuuuu chupa chupa sinco dolales,auuuuuu chupa chupa sinco,auuuuuu chupa chupa sinco,is_multiword,0,0,0|1|2|3,1,6.501654148101807,0,1.0,,,,,,,,,,,,,,,,,,,,,,,,,,,,,,,<mask> <mask> <mask> <mask> <mask> <mask> <mask> <mask> <mask> dolales,▁au u uuuu ▁chu pa ▁chu pa ▁sin co,9.0,2.379499494306648e-38,86.63134336471558,9.625704818301733,"</s> : :  </s> , , s de",6.15429478503505e-13,58.51488733291626,6.501654148101807,0.0,3.0,0.0,4.0,0.0,4.0
4698,auuuuuu chupa chupa sinco dolales,auuuuuu chupa chupa sinco dolales,auuuuuu chupa chupa sinco dolales,is_multiword,0,0,0|1|2|3|4,1,8.16441239010204,0,1.0,,,,,,,,,,,,,,,,,,,,,,,,,,,,,,,<mask> <mask> <mask> <mask> <mask> <mask> <mask> <mask> <mask> <mask> <mask>,▁au u uuuu ▁chu pa ▁chu pa ▁sin co ▁dol ales,11.0,9.065418415893981e-54,122.13512802124023,11.103193456476385,"</s> : , , , , , , . . </s>",9.135652947120656e-15,89.80853629112244,8.16441239010204,0.0,4.0,0.0,4.0,0.0,5.0
4698,auuuuuu chupa chupa sinco dolales,chupa chupa,chupa chupa,is_multiword,0,1,1|2,1,5.930595755577087,1,1.0,,,,,,,,,,,,,,,,,,,,,,,,,,,,,,,auuuuuu <mask> <mask> <mask> <mask> sinco dolales,▁chu pa ▁chu pa,4.0,2.911928875360538e-15,33.46996068954468,8.36749017238617,"uuuu uuuu , de",5.843604397063344e-05,23.72238302230835,5.930595755577087,1.0,2.0,0.0,4.0,0.0,2.0
4698,auuuuuu chupa chupa sinco dolales,chupa chupa sinco,chupa chupa sinco,is_multiword,0,1,1|2|3,1,6.297143906354904,0,1.0,,,,,,,,,,,,,,,,,,,,,,,,,,,,,,,auuuuuu <mask> <mask> <mask> <mask> <mask> <mask> dolales,▁chu pa ▁chu pa ▁sin co,6.0,2.259651415924504e-23,52.14424657821655,8.690707763036093,uuuu uuuu uuuu uuuu s los,5.793360444470679e-07,37.78286343812943,6.297143906354904,1.0,3.0,0.0,4.0,0.0,3.0
4698,auuuuuu chupa chupa sinco dolales,chupa chupa sinco dolales,chupa chupa sinco dolales,is_multiword,1,1,1|2|3|4,1,7.056851804256439,0,1.0,,,,,,,,,,,,,,,,,,,,,,,,,,,,,,,auuuuuu <mask> <mask> <mask> <mask> <mask> <mask> <mask> <mask>,▁chu pa ▁chu pa ▁sin co ▁dol ales,8.0,3.6028192288594893e-35,79.30876159667969,9.91359519958496,"uuuu uuuu uuuu ,   . ...",1.1875635452830794e-10,56.45481443405152,7.056851804256439,1.0,4.0,0.0,4.0,0.0,4.0
4698,auuuuuu chupa chupa sinco dolales,chupa sinco,chupa sinco,is_multiword,0,2,2|3,1,3.136193573474884,0,1.0,,,,,,,,,,,,,,,,,,,,,,,,,,,,,,,auuuuuu chupa <mask> <mask> <mask> <mask> dolales,▁chu pa ▁sin co,4.0,1.760106664887122e-10,22.460476517677307,5.615119129419327,chu pa pa ales,4.93929812522945e-05,12.544774293899536,3.136193573474884,2.0,3.0,0.0,4.0,0.0,2.0
4698,auuuuuu chupa chupa sinco dolales,chupa sinco dolales,chupa sinco dolales,is_multiword,0,2,2|3|4,1,5.562539537747701,0,1.0,,,,,,,,,,,,,,,,,,,,,,,,,,,,,,,auuuuuu chupa <mask> <mask> <mask> <mask> <mask> <mask>,▁chu pa ▁sin co ▁dol ales,6.0,5.076042873463882e-22,49.03234004974365,8.172056674957275,chu pa pa pa . .,1.5856474785017377e-07,33.375237226486206,5.562539537747701,2.0,4.0,0.0,4.0,0.0,3.0
4698,auuuuuu chupa chupa sinco dolales,sinco dolales,sinco dolales,is_multiword,0,3,3|4,1,10.071997258812187,1,1.0,,,,,,,,,,,,,,,,,,,,,,,,,,,,,,,auuuuuu chupa chupa <mask> <mask> <mask> <mask>,▁sin co ▁dol ales,4.0,8.972959725436699e-21,46.16007137298584,11.54001784324646,chu pa . .,0.0028170012742725,40.28798903524876,10.071997258812187,3.0,4.0,0.0,4.0,0.0,2.0
4699,you don't know jack squat about anything,jack squat,jack squat,is_multiword,1,3,3|4,1,6.747992753982544,0,1.0,,,,,,,,,,,,,,,,,,,,,,,,,,,,,,,you don't know <mask> <mask> <mask> about anything,▁jack ▁s quat,3.0,5.001722134784169e-13,28.323823928833008,9.441274642944336,", , ,",0.0003097188316022,20.243978261947632,6.747992753982544,3.0,4.0,0.0,6.0,0.0,2.0
4701,"cool guy: is cooliosos your new contribution to the language, like super mega awesome? it might catch on",catch on,catch on,is_multiword,0,16,16|17,1,5.76606547832489,1,1.0,,,,,,,,,,,,,,,,,,,,,,,,,,,,,,,cool guy is cooliosos your new contribution to the language like super mega awesome it might <mask> <mask>,▁catch ▁on,2.0,3.474773954422039e-07,14.872566223144531,7.436283111572266,be .,0.0354215365576279,11.53213095664978,5.76606547832489,16.0,17.0,0.0,17.0,0.0,2.0
4703,hi my name is ell dude,ell dude,ell dude,is_multiword,1,4,4|5,1,5.747806032498677,0,1.0,,,,,,,,,,,,,,,,,,,,,,,,,,,,,,,hi my name is <mask> <mask> <mask>,▁ell ▁du de,3.0,2.612153901227629e-12,26.6708459854126,8.890281995137533, a .,8.048595281842014e-05,17.243418097496033,5.747806032498677,4.0,5.0,0.0,5.0,0.0,2.0
4705,hey look at that crusties drullet,crusties drullet,crusties drullet,is_multiword,0,4,4|5,1,7.020434188842773,0,1.0,,,,,,,,,,,,,,,,,,,,,,,,,,,,,,,hey look at that <mask> <mask> <mask> <mask> <mask>,▁cru s ties ▁dru llet,5.0,1.4998415758460358e-23,52.5540976524353,10.51081953048706,"little , you . .",2.634659721571904e-08,35.10217094421387,7.020434188842773,4.0,5.0,0.0,5.0,0.0,2.0
4707,sister sharon sure was a kinky chastey hoe,kinky chastey,kinky chastey,is_multiword,0,5,5|6,1,5.030374336242676,1,1.0,,,,,,,,,,,,,,,,,,,,,,,,,,,,,,,sister sharon sure was a <mask> <mask> <mask> <mask> <mask> hoe,▁ki nky ▁cha ste y,5.0,2.659595679025488e-18,40.4683575630188,8.093671512603759,girl girl she she and,2.2291264207608225e-07,25.15187168121338,5.030374336242676,5.0,6.0,0.0,7.0,0.0,2.0
4707,sister sharon sure was a kinky chastey hoe,kinky chastey hoe,kinky chastey hoe,is_multiword,0,5,5|6|7,1,6.166240791479747,0,1.0,,,,,,,,,,,,,,,,,,,,,,,,,,,,,,,sister sharon sure was a <mask> <mask> <mask> <mask> <mask> <mask>,▁ki nky ▁cha ste y ▁hoe,6.0,1.2606701166014117e-23,52.727813720703125,8.787968953450521,good of the the . .,1.473626956243672e-07,36.99744474887848,6.166240791479747,5.0,7.0,0.0,7.0,0.0,3.0
4707,sister sharon sure was a kinky chastey hoe,chastey hoe,chastey hoe,is_multiword,1,6,6|7,1,6.058052033185959,0,1.0,,,,,,,,,,,,,,,,,,,,,,,,,,,,,,,sister sharon sure was a kinky <mask> <mask> <mask> <mask>,▁cha ste y ▁hoe,4.0,1.713710667188029e-15,34.000115394592285,8.500028848648071,girl in . .,5.726005705651811e-05,24.232208132743835,6.058052033185959,6.0,7.0,0.0,7.0,0.0,2.0
4709,you're my ho reply: and you're my dibber,ho reply,ho reply,is_multiword,0,2,2|3,1,9.00709342956543,0,1.0,,,,,,,,,,,,,,,,,,,,,,,,,,,,,,,you're my <mask> <mask> and you're my dibber,▁ho ▁reply,2.0,7.798585418177407e-10,20.971908569335938,10.485954284667969,di bber,0.0519371102708445,18.01418685913086,9.00709342956543,2.0,3.0,0.0,7.0,0.0,2.0
4713,"""as clinton was about to finish up, he shriek out ""ima chagin mah lazah",shriek out,shriek out,is_multiword,0,8,8|9,1,7.032822847366333,0,1.0,,,,,,,,,,,,,,,,,,,,,,,,,,,,,,,as clinton was about to finish up he <mask> <mask> <mask> ima chagin mah lazah,▁shr iek ▁out,3.0,1.0402054915628117e-13,29.894187927246094,9.964729309082031,said s he,0.0001513796882992,21.098468542099,7.032822847366333,8.0,9.0,0.0,13.0,0.0,2.0
4713,"""as clinton was about to finish up, he shriek out ""ima chagin mah lazah",shriek out ima,shriek out ima,is_multiword,0,8,8|9|10,1,8.151867985725403,0,1.0,,,,,,,,,,,,,,,,,,,,,,,,,,,,,,,as clinton was about to finish up he <mask> <mask> <mask> <mask> chagin mah lazah,▁shr iek ▁out ▁ima,4.0,2.8935734896919933e-19,42.68662452697754,10.671656131744385,was to to the,4.194494704824968e-05,32.60747194290161,8.151867985725403,8.0,10.0,0.0,13.0,0.0,3.0
4713,"""as clinton was about to finish up, he shriek out ""ima chagin mah lazah",shriek out ima chagin,shriek out ima chagin,is_multiword,0,8,8|9|10|11,1,7.402816275755565,0,1.0,,,,,,,,,,,,,,,,,,,,,,,,,,,,,,,as clinton was about to finish up he <mask> <mask> <mask> <mask> <mask> <mask> mah lazah,▁shr iek ▁out ▁ima ▁cha gin,6.0,1.99801180874187e-27,61.47764492034912,10.24627415339152,was to to to the of,3.895934128377177e-08,44.416897654533386,7.402816275755565,8.0,11.0,0.0,13.0,0.0,4.0
4713,"""as clinton was about to finish up, he shriek out ""ima chagin mah lazah",shriek out ima chagin mah,shriek out ima chagin mah,is_multiword,0,8,8|9|10|11|12,1,8.289534790175301,0,1.0,,,,,,,,,,,,,,,,,,,,,,,,,,,,,,,as clinton was about to finish up he <mask> <mask> <mask> <mask> <mask> <mask> <mask> lazah,▁shr iek ▁out ▁ima ▁cha gin ▁mah,7.0,1.200581941312242e-33,75.8025016784668,10.828928811209542,was to to to the of the,1.9058395053197618e-08,58.02674353122711,8.289534790175301,8.0,12.0,0.0,13.0,0.0,5.0
4713,"""as clinton was about to finish up, he shriek out ""ima chagin mah lazah",shriek out ima chagin mah lazah,shriek out ima chagin mah lazah,is_multiword,0,8,8|9|10|11|12|13,1,8.886758897039625,0,1.0,,,,,,,,,,,,,,,,,,,,,,,,,,,,,,,as clinton was about to finish up he <mask> <mask> <mask> <mask> <mask> <mask> <mask> <mask> <mask>,▁shr iek ▁out ▁ima ▁cha gin ▁mah ▁la zah,9.0,1.495833772120803e-44,100.91106033325195,11.212340037027994,was to to to to the the . .,8.130485753437292e-10,79.98083007335663,8.886758897039625,8.0,13.0,0.0,13.0,0.0,6.0
4713,"""as clinton was about to finish up, he shriek out ""ima chagin mah lazah",out ima,out ima,is_multiword,0,9,9|10,1,5.32568359375,0,1.0,,,,,,,,,,,,,,,,,,,,,,,,,,,,,,,as clinton was about to finish up he shriek <mask> <mask> chagin mah lazah,▁out ▁ima,2.0,5.4729792658596864e-08,16.720857620239258,8.360428810119629,the the,0.0023123512089133,10.6513671875,5.32568359375,9.0,10.0,0.0,13.0,0.0,2.0
4713,"""as clinton was about to finish up, he shriek out ""ima chagin mah lazah",out ima chagin,out ima chagin,is_multiword,0,9,9|10|11,1,5.518332481384277,0,1.0,,,,,,,,,,,,,,,,,,,,,,,,,,,,,,,as clinton was about to finish up he shriek <mask> <mask> <mask> <mask> mah lazah,▁out ▁ima ▁cha gin,4.0,4.681995940975586e-16,35.29763698577881,8.824409246444702,and the la ah,1.8061608183261176e-06,22.07332992553711,5.518332481384277,9.0,11.0,0.0,13.0,0.0,3.0
4713,"""as clinton was about to finish up, he shriek out ""ima chagin mah lazah",out ima chagin mah,out ima chagin mah,is_multiword,0,9,9|10|11|12,1,6.600689888000488,0,1.0,,,,,,,,,,,,,,,,,,,,,,,,,,,,,,,as clinton was about to finish up he shriek <mask> <mask> <mask> <mask> <mask> lazah,▁out ▁ima ▁cha gin ▁mah,5.0,8.420063686461021e-22,48.52625465393066,9.705250930786132,and the the the the,1.813557592758594e-07,33.00344944000244,6.600689888000488,9.0,12.0,0.0,13.0,0.0,4.0
4713,"""as clinton was about to finish up, he shriek out ""ima chagin mah lazah",out ima chagin mah lazah,out ima chagin mah lazah,is_multiword,0,9,9|10|11|12|13,1,7.607864567211696,0,1.0,,,,,,,,,,,,,,,,,,,,,,,,,,,,,,,as clinton was about to finish up he shriek <mask> <mask> <mask> <mask> <mask> <mask> <mask>,▁out ▁ima ▁cha gin ▁mah ▁la zah,7.0,5.975573518306982e-32,71.89504289627075,10.270720413752963,and and the the the . .,8.030725809886872e-09,53.25505197048187,7.607864567211696,9.0,13.0,0.0,13.0,0.0,5.0
4713,"""as clinton was about to finish up, he shriek out ""ima chagin mah lazah",ima chagin,ima chagin,is_multiword,0,10,10|11,1,9.083908120791117,0,1.0,,,,,,,,,,,,,,,,,,,,,,,,,,,,,,,as clinton was about to finish up he shriek out <mask> <mask> <mask> mah lazah,▁ima ▁cha gin,3.0,4.2256195508049773e-16,35.400195598602295,11.800065199534098,of the .,0.0002891771053618,27.251724362373352,9.083908120791117,10.0,11.0,0.0,13.0,0.0,2.0
4713,"""as clinton was about to finish up, he shriek out ""ima chagin mah lazah",ima chagin mah,ima chagin mah,is_multiword,0,10,10|11|12,1,9.66487592458725,0,1.0,,,,,,,,,,,,,,,,,,,,,,,,,,,,,,,as clinton was about to finish up he shriek out <mask> <mask> <mask> <mask> lazah,▁ima ▁cha gin ▁mah,4.0,6.7606480956699795e-22,48.74575328826904,12.18643832206726,of the of of,4.164831735030714e-05,38.659503698349,9.66487592458725,10.0,12.0,0.0,13.0,0.0,3.0
4713,"""as clinton was about to finish up, he shriek out ""ima chagin mah lazah",ima chagin mah lazah,ima chagin mah lazah,is_multiword,0,10,10|11|12|13,1,9.677340487639109,0,1.0,,,,,,,,,,,,,,,,,,,,,,,,,,,,,,,as clinton was about to finish up he shriek out <mask> <mask> <mask> <mask> <mask> <mask>,▁ima ▁cha gin ▁mah ▁la zah,6.0,2.525219810699645e-32,72.75639486312866,12.126065810521444,and the and the him .,4.1609512486094564e-07,58.064042925834656,9.677340487639109,10.0,13.0,0.0,13.0,0.0,4.0
4713,"""as clinton was about to finish up, he shriek out ""ima chagin mah lazah",chagin mah,chagin mah,is_multiword,0,11,11|12,1,5.509194850921631,1,1.0,,,,,,,,,,,,,,,,,,,,,,,,,,,,,,,as clinton was about to finish up he shriek out ima <mask> <mask> <mask> lazah,▁cha gin ▁mah,3.0,4.405084918101804e-13,28.450846672058105,9.4836155573527,a in the,6.634268670142179e-06,16.527584552764893,5.509194850921631,11.0,12.0,0.0,13.0,0.0,2.0
4713,"""as clinton was about to finish up, he shriek out ""ima chagin mah lazah",chagin mah lazah,chagin mah lazah,is_multiword,1,11,11|12|13,1,7.651094102859497,0,1.0,,,,,,,,,,,,,,,,,,,,,,,,,,,,,,,as clinton was about to finish up he shriek out ima <mask> <mask> <mask> <mask> <mask>,▁cha gin ▁mah ▁la zah,5.0,4.8562946131824085e-24,53.681766510009766,10.736353302001952,ging his the . .,1.9973067643813117e-07,38.255470514297485,7.651094102859497,11.0,13.0,0.0,13.0,0.0,3.0
4713,"""as clinton was about to finish up, he shriek out ""ima chagin mah lazah",mah lazah,mah lazah,is_multiword,0,12,12|13,1,6.677110274632772,0,1.0,,,,,,,,,,,,,,,,,,,,,,,,,,,,,,,as clinton was about to finish up he shriek out ima chagin <mask> <mask> <mask>,▁mah ▁la zah,3.0,4.107128322258441e-13,28.52088212966919,9.50696070988973,and . .,0.00020560549342,20.031330823898315,6.677110274632772,12.0,13.0,0.0,13.0,0.0,2.0
4714,your such a clotpott,your such,your such,is_multiword,0,0,0|1,1,6.085832715034485,0,1.0,,,,,,,,,,,,,,,,,,,,,,,,,,,,,,,<mask> <mask> a clotpott,▁your ▁such,2.0,5.757724732103706e-08,16.670138359069824,8.335069179534912,To is,0.0111259737240703,12.17166543006897,6.085832715034485,0.0,1.0,0.0,3.0,0.0,2.0
4719,british rudeboy: where you go to school mate? asl student: the american school in london british rudeboy: lets mug em mates (the student gets mugged) orrr,rudeboy lets,rudeboy lets,is_multiword,0,16,16|17,1,0.8480596542358398,0,1.0,,,,,,,,,,,,,,,,,,,,,,,,,,,,,,,british rudeboy where you go to school mate asl student the american school in london british <mask> <mask> <mask> <mask> mug em mates the student gets mugged orrr,▁rude boy ▁let s,4.0,1.964115920692157e-05,10.837883234024048,2.709470808506012,rude boy s a,0.0005839795358628,3.39223861694336,0.8480596542358398,16.0,17.0,0.0,25.0,0.0,2.0
4719,british rudeboy: where you go to school mate? asl student: the american school in london british rudeboy: lets mug em mates (the student gets mugged) orrr,rudeboy lets mug,rudeboy lets mug,is_multiword,0,16,16|17|18,1,2.6529331604639688,0,1.0,,,,,,,,,,,,,,,,,,,,,,,,,,,,,,,british rudeboy where you go to school mate asl student the american school in london british <mask> <mask> <mask> <mask> <mask> <mask> em mates the student gets mugged orrr,▁rude boy ▁let s ▁mu g,6.0,2.403549497382216e-12,26.7540745139122,4.459012418985367,rude boy school you you fuck,1.9668827200099632e-05,15.917598962783812,2.6529331604639688,16.0,18.0,0.0,25.0,0.0,3.0
4719,british rudeboy: where you go to school mate? asl student: the american school in london british rudeboy: lets mug em mates (the student gets mugged) orrr,rudeboy lets mug em,rudeboy lets mug em,is_multiword,0,16,16|17|18|19,1,3.561742433479854,0,1.0,,,,,,,,,,,,,,,,,,,,,,,,,,,,,,,british rudeboy where you go to school mate asl student the american school in london british <mask> <mask> <mask> <mask> <mask> <mask> <mask> mates the student gets mugged orrr,▁rude boy ▁let s ▁mu g ▁em,7.0,6.854664307123986e-18,39.52160233259201,5.645943190370288,rude boy school school school school school,4.61213259837492e-07,24.93219703435898,3.561742433479854,16.0,19.0,0.0,25.0,0.0,4.0
4719,british rudeboy: where you go to school mate? asl student: the american school in london british rudeboy: lets mug em mates (the student gets mugged) orrr,rudeboy lets mug em mates,rudeboy lets mug em mates,is_multiword,0,16,16|17|18|19|20,1,3.0906672875086465,0,1.0,,,,,,,,,,,,,,,,,,,,,,,,,,,,,,,british rudeboy where you go to school mate asl student the american school in london british <mask> <mask> <mask> <mask> <mask> <mask> <mask> <mask> <mask> the student gets mugged orrr,▁rude boy ▁let s ▁mu g ▁em ▁mate s,9.0,4.570562511469005e-22,49.13723576068878,5.459692862298754,rude boy in school school school the school and,5.499299699838332e-10,27.81600558757782,3.0906672875086465,16.0,20.0,0.0,25.0,0.0,5.0
4719,british rudeboy: where you go to school mate? asl student: the american school in london british rudeboy: lets mug em mates (the student gets mugged) orrr,lets mug,lets mug,is_multiword,0,17,17|18,1,5.766878992319107,0,1.0,,,,,,,,,,,,,,,,,,,,,,,,,,,,,,,british rudeboy where you go to school mate asl student the american school in london british rudeboy <mask> <mask> <mask> <mask> em mates the student gets mugged orrr,▁let s ▁mu g,4.0,1.0887405712115324e-12,27.54599952697754,6.886499881744385,where you go fuck,0.0113506126594982,23.067515969276428,5.766878992319107,17.0,18.0,0.0,25.0,0.0,2.0
4719,british rudeboy: where you go to school mate? asl student: the american school in london british rudeboy: lets mug em mates (the student gets mugged) orrr,lets mug em,lets mug em,is_multiword,0,17,17|18|19,1,8.850771230459213,0,1.0,,,,,,,,,,,,,,,,,,,,,,,,,,,,,,,british rudeboy where you go to school mate asl student the american school in london british rudeboy <mask> <mask> <mask> <mask> <mask> mates the student gets mugged orrr,▁let s ▁mu g ▁em,5.0,7.492674684800909e-21,46.34036111831665,9.26807222366333,where you go to school,0.1241201828762308,44.25385615229607,8.850771230459213,17.0,19.0,0.0,25.0,0.0,3.0
4719,british rudeboy: where you go to school mate? asl student: the american school in london british rudeboy: lets mug em mates (the student gets mugged) orrr,lets mug em mates,lets mug em mates,is_multiword,0,17,17|18|19|20,1,4.744147726467678,0,1.0,,,,,,,,,,,,,,,,,,,,,,,,,,,,,,,british rudeboy where you go to school mate asl student the american school in london british rudeboy <mask> <mask> <mask> <mask> <mask> <mask> <mask> the student gets mugged orrr,▁let s ▁mu g ▁em ▁mate s,7.0,9.403042991885524e-21,46.11325359344482,6.587607656206403,where you go school school school and,2.4875319888153555e-06,33.20903408527374,4.744147726467678,17.0,20.0,0.0,25.0,0.0,4.0
4719,british rudeboy: where you go to school mate? asl student: the american school in london british rudeboy: lets mug em mates (the student gets mugged) orrr,mug em,mug em,is_multiword,0,18,18|19,1,9.973678390185038,1,1.0,,,,,,,,,,,,,,,,,,,,,,,,,,,,,,,british rudeboy where you go to school mate asl student the american school in london british rudeboy lets <mask> <mask> <mask> mates the student gets mugged orrr,▁mu g ▁em,3.0,6.8111630167350375e-15,32.62021350860596,10.873404502868652,go go school,0.0672607556447301,29.921035170555115,9.973678390185038,18.0,19.0,0.0,25.0,0.0,2.0
4719,british rudeboy: where you go to school mate? asl student: the american school in london british rudeboy: lets mug em mates (the student gets mugged) orrr,mug em mates,mug em mates,is_multiword,0,18,18|19|20,1,5.546455335617066,0,1.0,,,,,,,,,,,,,,,,,,,,,,,,,,,,,,,british rudeboy where you go to school mate asl student the american school in london british rudeboy lets <mask> <mask> <mask> <mask> <mask> the student gets mugged orrr,▁mu g ▁em ▁mate s,5.0,1.6638484660606942e-17,38.63481330871582,7.726962661743164,you go the school when,1.8411471608568296e-05,27.732276678085327,5.546455335617066,18.0,20.0,0.0,25.0,0.0,3.0
4719,british rudeboy: where you go to school mate? asl student: the american school in london british rudeboy: lets mug em mates (the student gets mugged) orrr,em mates,em mates,is_multiword,0,19,19|20,1,3.94024928410848,0,1.0,,,,,,,,,,,,,,,,,,,,,,,,,,,,,,,british rudeboy where you go to school mate asl student the american school in london british rudeboy lets mug <mask> <mask> <mask> the student gets mugged orrr,▁em ▁mate s,3.0,1.1863394010049272e-08,18.2498083114624,6.083269437154134,the school and,0.0016139665098432,11.82074785232544,3.94024928410848,19.0,20.0,0.0,25.0,0.0,2.0
4720,"that country pie hole eats steak for lunch with no utensils, just his hands",pie hole,pie hole,is_multiword,0,2,2|3,1,12.497272416949272,1,1.0,,,,,,,,,,,,,,,,,,,,,,,,,,,,,,,that country <mask> <mask> eats steak for lunch with no utensils just his hands,▁pie ▁hole,2.0,1.5051782373355714e-12,27.2221097946167,13.61105489730835,where only,0.1077905851364174,24.994544833898544,12.497272416949272,2.0,3.0,0.0,13.0,0.0,2.0
4723,"suzy gave me a happypotamus last nihgt, shes such a ho",shes such,shes such,is_multiword,0,7,7|8,1,3.9852574268976846,1,1.0,,,,,,,,,,,,,,,,,,,,,,,,,,,,,,,suzy gave me a happypotamus last nihgt <mask> <mask> <mask> a ho,▁she s ▁such,3.0,1.874655358126898e-09,20.09484100341797,6.698280334472656,", gave me",0.0002919089198352,11.955772280693054,3.9852574268976846,7.0,8.0,0.0,10.0,0.0,2.0
4724,"awww, she's such a [kyoot] dwagon =^-^=",kyoot dwagon,kyoot dwagon,is_multiword,0,4,4|5,1,7.766708755493164,0,1.0,,,,,,,,,,,,,,,,,,,,,,,,,,,,,,,awww she's such a <mask> <mask> <mask> <mask> <mask>,▁ky o ot ▁dwa gon,5.0,4.958172432830603e-24,53.6610050201416,10.73220100402832,beautiful and she . .,3.635091956837923e-07,38.83354377746582,7.766708755493164,4.0,5.0,0.0,5.0,0.0,2.0
4725,i'm busched from watching kyle busch race in an attempt to sweep phoenix by winning all 3 races,busched from,busched from,is_multiword,0,1,1|2,1,6.945227185885112,0,1.0,,,,,,,,,,,,,,,,,,,,,,,,,,,,,,,i'm <mask> <mask> <mask> watching kyle busch race in an attempt to sweep phoenix by winning all 3 races,▁bus ched ▁from,3.0,2.146955037865591e-12,26.866970539093018,8.95565684636434,very interested of,0.0024023953390061,20.83568155765533,6.945227185885112,1.0,2.0,0.0,17.0,0.0,2.0
4725,i'm busched from watching kyle busch race in an attempt to sweep phoenix by winning all 3 races,kyle busch,kyle busch,is_multiword,0,4,4|5,1,5.011877000331879,0,1.0,,,,,,,,,,,,,,,,,,,,,,,,,,,,,,,i'm busched from watching <mask> <mask> <mask> <mask> race in an attempt to sweep phoenix by winning all 3 races,▁kyl e ▁bus ch,4.0,5.4716526389655585e-14,30.53661060333252,7.63415265083313,the en ' s,2.783816597493952e-05,20.047508001327515,5.011877000331879,4.0,5.0,0.0,17.0,0.0,2.0
4728,see megan over there? now that is one fine ham sammich,one fine,one fine,is_multiword,0,7,7|8,1,4.685079574584961,0,1.0,,,,,,,,,,,,,,,,,,,,,,,,,,,,,,,see megan over there now that is <mask> <mask> ham sammich,▁one ▁fine,2.0,2.796061574932253e-07,15.089883804321287,7.544941902160644,a for,0.0032806140781822,9.370159149169922,4.685079574584961,7.0,8.0,0.0,10.0,0.0,2.0
4733,"danny: dude, i was going through his phone today and totally saw him doing a dalman on that chloe slut, no shame, no shame",going through,going through,is_multiword,0,4,4|5,1,3.09610366821289,1,1.0,,,,,,,,,,,,,,,,,,,,,,,,,,,,,,,danny dude i was <mask> <mask> his phone today and totally saw him doing a dalman on that chloe slut no shame no shame,▁going ▁through,2.0,0.0001769977071734,8.639373779296875,4.3196868896484375,looking on,0.0865384510616019,6.192207336425781,3.09610366821289,4.0,5.0,0.0,23.0,0.0,2.0
4736,dag burn it i forgot to do my homework,dag burn,dag burn,is_multiword,0,0,0|1,1,9.051054269075394,0,1.0,,,,,,,,,,,,,,,,,,,,,,,,,,,,,,,<mask> <mask> it i forgot to do my homework,▁dag ▁burn,2.0,4.5066061009641043e-10,21.52030658721924,10.76015329360962,i said,0.0327714342826281,18.102108538150787,9.051054269075394,0.0,1.0,0.0,8.0,0.0,2.0
4736,dag burn it i forgot to do my homework,dag burn it,dag burn it,is_multiword,1,0,0|1|2,1,5.701430082321167,0,1.0,,,,,,,,,,,,,,,,,,,,,,,,,,,,,,,<mask> <mask> <mask> i forgot to do my homework,▁dag ▁burn ▁it,3.0,5.9051121453616135e-12,25.855202674865723,8.618400891621908,i am why,0.0001583168065227,17.1042902469635,5.701430082321167,0.0,2.0,0.0,8.0,0.0,3.0
4736,dag burn it i forgot to do my homework,burn it,burn it,is_multiword,0,1,1|2,1,10.519266307353972,1,1.0,,,,,,,,,,,,,,,,,,,,,,,,,,,,,,,dag <mask> <mask> i forgot to do my homework,▁burn ▁it,2.0,1.3485712353877744e-11,25.029390335083008,12.514695167541504,g :,0.0184838533411147,21.038532614707947,10.519266307353972,1.0,2.0,0.0,8.0,0.0,2.0
4741,shes doing a boo boo,shes doing,shes doing,is_multiword,0,0,0|1,1,3.205071926116944,0,1.0,,,,,,,,,,,,,,,,,,,,,,,,,,,,,,,<mask> <mask> <mask> a boo boo,▁she s ▁doing,3.0,2.727470889279853e-09,19.71989107131958,6.573297023773193, o on,4.088794453667368e-05,9.61521577835083,3.205071926116944,0.0,1.0,0.0,4.0,0.0,2.0
4741,shes doing a boo boo,boo boo,boo boo,is_multiword,0,3,3|4,1,6.489787310361862,0,1.0,,,,,,,,,,,,,,,,,,,,,,,,,,,,,,,shes doing a <mask> <mask> <mask> <mask>,▁bo o ▁bo o,4.0,1.017547676323026e-15,34.52138090133667,8.630345225334167,good of the .,0.0001911921413554,25.95914924144745,6.489787310361862,3.0,4.0,0.0,4.0,0.0,2.0
4743,"ay cuz, you going to the wartown this weekend? yea, i'l be there",ay cuz,ay cuz,is_multiword,0,0,0|1,1,6.7965127031008405,0,1.0,,,,,,,,,,,,,,,,,,,,,,,,,,,,,,,<mask> <mask> <mask> you going to the wartown this weekend yea i'l be there,▁ay ▁cu z,3.0,2.5853925550403584e-12,26.681143760681152,8.893714586893717,hi ' re,0.0018517842386041,20.38953810930252,6.7965127031008405,0.0,1.0,0.0,12.0,0.0,2.0
4747,"i don't want to swim out any further, i'm almost at ball depth right now",right now,right now,is_multiword,0,13,13|14,1,2.344423234462738,1,1.0,,,,,,,,,,,,,,,,,,,,,,,,,,,,,,,i don't want to swim out any further i'm almost at ball depth <mask> <mask>,▁right ▁now,2.0,0.0002442409900515,8.317355155944824,4.158677577972412,. </s>,0.0265557578397517,4.688846468925476,2.344423234462738,13.0,14.0,0.0,14.0,0.0,2.0
4748,after my second c-section i need to work out to get rid of this kangaroo pouch,work out,work out,is_multiword,0,7,7|8,1,4.512846082448959,1,1.0,,,,,,,,,,,,,,,,,,,,,,,,,,,,,,,after my second c-section i need to <mask> <mask> to get rid of this kangaroo pouch,▁work ▁out,2.0,4.575973688289731e-05,9.992105960845947,4.996052980422974,do how,0.3804449478141299,9.02569216489792,4.512846082448959,7.0,8.0,0.0,15.0,0.0,2.0
4753,"cap'n huttah owned you, gtf over yourself",gtf over,gtf over,is_multiword,0,4,4|5,1,4.465752452611923,0,1.0,,,,,,,,,,,,,,,,,,,,,,,,,,,,,,,cap'n huttah owned you <mask> <mask> <mask> <mask> yourself,▁ gt f ▁over,4.0,2.3835351100304383e-12,26.762436389923096,6.690609097480774,", '  for",0.0001364671571191,17.863009810447693,4.465752452611923,4.0,5.0,0.0,6.0,0.0,2.0
4755,tatiana's a balla boo,balla boo,balla boo,is_multiword,1,2,2|3,1,7.155936757723491,0,1.0,,,,,,,,,,,,,,,,,,,,,,,,,,,,,,,tatiana's a <mask> <mask> <mask>,▁balla ▁bo o,3.0,3.3488253486384e-13,28.72499656677246,9.57499885559082,lot of </s>,0.0007050891610303,21.46781027317047,7.155936757723491,2.0,3.0,0.0,3.0,0.0,2.0
4758,"man, i just got camilled",got camilled,got camilled,is_multiword,0,3,3|4,1,6.22904098033905,0,1.0,,,,,,,,,,,,,,,,,,,,,,,,,,,,,,,man i just <mask> <mask> <mask> <mask>,▁got ▁cam ille d,4.0,2.423480643401084e-15,33.65357160568237,8.413392901420593,want to you .,0.0001604693363659,24.9161639213562,6.22904098033905,3.0,4.0,0.0,4.0,0.0,2.0
4759,"after a less than spectacular performance at regionals, the choirboys clasped tight to their cross necklace",less than,less than,is_multiword,0,2,2|3,1,7.340162217617035,1,1.0,,,,,,,,,,,,,,,,,,,,,,,,,,,,,,,after a <mask> <mask> spectacular performance at regionals the choirboys clasped tight to their cross necklace,▁less ▁than,2.0,2.4682652104448385e-08,17.517165184020996,8.758582592010498,long and,0.0586105391973,14.68032443523407,7.340162217617035,2.0,3.0,0.0,15.0,0.0,2.0
4759,"after a less than spectacular performance at regionals, the choirboys clasped tight to their cross necklace",choirboys clasped,choirboys clasped,is_multiword,0,9,9|10,1,4.285946301051548,0,1.0,,,,,,,,,,,,,,,,,,,,,,,,,,,,,,,after a less than spectacular performance at regionals the <mask> <mask> <mask> <mask> <mask> <mask> <mask> tight to their cross necklace,▁cho ir boy s ▁cla s ped,7.0,3.9023742580784496e-22,49.295286893844604,7.042183841977801,team s the the to to too,4.177040788385308e-09,30.00162410736084,4.285946301051548,9.0,10.0,0.0,15.0,0.0,2.0
4759,"after a less than spectacular performance at regionals, the choirboys clasped tight to their cross necklace",choirboys clasped tight,choirboys clasped tight,is_multiword,0,9,9|10|11,1,4.861849874258041,0,1.0,,,,,,,,,,,,,,,,,,,,,,,,,,,,,,,after a less than spectacular performance at regionals the <mask> <mask> <mask> <mask> <mask> <mask> <mask> <mask> to their cross necklace,▁cho ir boy s ▁cla s ped ▁tight,8.0,1.7339954292921758e-27,61.61936926841736,7.70242115855217,team s the the to to the back,1.3515886192102145e-10,38.89479899406433,4.861849874258041,9.0,11.0,0.0,15.0,0.0,3.0
4759,"after a less than spectacular performance at regionals, the choirboys clasped tight to their cross necklace",clasped tight,clasped tight,is_multiword,0,10,10|11,1,5.044722557067871,0,1.0,,,,,,,,,,,,,,,,,,,,,,,,,,,,,,,after a less than spectacular performance at regionals the choirboys <mask> <mask> <mask> <mask> to their cross necklace,▁cla s ped ▁tight,4.0,5.915155728108927e-14,30.45867347717285,7.614668369293213,were the the back,3.431996686210475e-05,20.178890228271484,5.044722557067871,10.0,11.0,0.0,15.0,0.0,2.0
4760,the little things they just won't go away,won't go,won't go,is_multiword,0,5,5|6,1,3.395166367292404,0,1.0,,,,,,,,,,,,,,,,,,,,,,,,,,,,,,,the little things they just <mask> <mask> <mask> <mask> away,▁won ' t ▁go,4.0,3.7741087334629107e-10,21.697686672210693,5.424421668052673,want to to them,0.0002984162592424,13.580665469169617,3.395166367292404,5.0,6.0,0.0,7.0,0.0,2.0
4760,the little things they just won't go away,won't go away,won't go away,is_multiword,0,5,5|6|7,1,3.424254560470581,1,1.0,,,,,,,,,,,,,,,,,,,,,,,,,,,,,,,the little things they just <mask> <mask> <mask> <mask> <mask>,▁won ' t ▁go ▁away,5.0,2.588388622849533e-14,31.28515577316284,6.2570311546325685,love to the . .,7.058359648813918e-07,17.121272802352905,3.424254560470581,5.0,7.0,0.0,7.0,0.0,3.0
4760,the little things they just won't go away,go away,go away,is_multiword,0,6,6|7,1,2.3529358506202698,0,1.0,,,,,,,,,,,,,,,,,,,,,,,,,,,,,,,the little things they just won't <mask> <mask>,▁go ▁away,2.0,0.0001255779046179,8.982584238052368,4.491292119026184,be .,0.0138882442122432,4.70587170124054,2.3529358506202698,6.0,7.0,0.0,7.0,0.0,2.0
4761,that guy better not try to cut me off or else i'll have to bitch honk him,bitch honk,bitch honk,is_multiword,1,14,14|15,1,5.717577069997788,0,1.0,,,,,,,,,,,,,,,,,,,,,,,,,,,,,,,that guy better not try to cut me off or else i'll have to <mask> <mask> <mask> <mask> him,▁bit ch ▁hon k,4.0,7.522733364125756e-15,32.52084684371948,8.13021171092987,be a out to,6.439087910244288e-05,22.87030827999115,5.717577069997788,14.0,15.0,0.0,16.0,0.0,2.0
4762,"man, i give it to her so hard up the ass, then made her friend eat the custard donut",custard donut,custard donut,is_multiword,1,17,17|18,1,6.1049317717552185,0,1.0,,,,,,,,,,,,,,,,,,,,,,,,,,,,,,,man i give it to her so hard up the ass then made her friend eat the <mask> <mask> <mask> <mask>,▁custa rd ▁do nut,4.0,2.1788664059456796e-16,36.06255674362183,9.015639185905457,pussy of her ass,8.781795638421213e-06,24.419727087020878,6.1049317717552185,17.0,18.0,0.0,18.0,0.0,2.0
4768,she tweaking hoe,tweaking hoe,tweaking hoe,is_multiword,0,1,1|2,1,6.260847377777099,1,1.0,,,,,,,,,,,,,,,,,,,,,,,,,,,,,,,she <mask> <mask> <mask> <mask> <mask>,▁tw e a king ▁hoe,5.0,6.256129896795337e-19,41.915555000305176,8.383111000061035,' s . . </s>,2.463559741951033e-05,31.304236888885494,6.260847377777099,1.0,2.0,0.0,2.0,0.0,2.0
4769,"i love those volkswagen ads with that v-dub guy making fun of those riceboys and their japcrap cars, it's so amerideutsch",making fun,making fun,is_multiword,0,9,9|10,1,6.930131793022156,1,1.0,,,,,,,,,,,,,,,,,,,,,,,,,,,,,,,i love those volkswagen ads with that v-dub guy <mask> <mask> of those riceboys and their japcrap cars it's so amerideutsch,▁making ▁fun,2.0,3.574375989454077e-07,14.844305038452148,7.422152519226074,and all,0.3737973578237887,13.860263586044312,6.930131793022156,9.0,10.0,0.0,20.0,0.0,2.0
4771,it was so funny when that cricket ball hit him in the cheb sack,cheb sack,cheb sack,is_multiword,1,12,12|13,1,5.40816605091095,0,1.0,,,,,,,,,,,,,,,,,,,,,,,,,,,,,,,it was so funny when that cricket ball hit him in the <mask> <mask> <mask> <mask>,▁che b ▁sa ck,4.0,8.703231651595745e-14,30.07249689102173,7.518124222755432,back of . </s>,0.0002160863012227,21.6326642036438,5.40816605091095,12.0,13.0,0.0,13.0,0.0,2.0
4777,"me: yooo where the 4 footer at, not tryna rip that bitchass bowl",footer at,footer at,is_multiword,0,5,5|6,1,5.728263854980469,1,1.0,,,,,,,,,,,,,,,,,,,,,,,,,,,,,,,me yooo where the 4 <mask> <mask> <mask> not tryna rip that bitchass bowl,▁foot er ▁at,3.0,1.892584631796596e-10,22.3879075050354,7.4626358350118,th you do,0.0054994018890973,17.184791564941406,5.728263854980469,5.0,6.0,0.0,12.0,0.0,2.0
4777,"me: yooo where the 4 footer at, not tryna rip that bitchass bowl",tryna rip,tryna rip,is_multiword,0,8,8|9,1,9.332954367001852,1,1.0,,,,,,,,,,,,,,,,,,,,,,,,,,,,,,,me yooo where the 4 footer at not <mask> <mask> <mask> that bitchass bowl,▁try na ▁rip,3.0,3.122594550086613e-15,33.40011215209961,11.133370717366535,the close of,0.0045109430240021,27.998863101005558,9.332954367001852,8.0,9.0,0.0,12.0,0.0,2.0
4779,man i think im gonna bmml,im gonna,im gonna,is_multiword,0,3,3|4,1,3.948051333427429,1,1.0,,,,,,,,,,,,,,,,,,,,,,,,,,,,,,,man i think <mask> <mask> bmml,▁im ▁gonna,2.0,3.186889951509756e-06,12.65646505355835,6.328232526779175,you love,0.0085625058969127,7.896102666854858,3.948051333427429,3.0,4.0,0.0,5.0,0.0,2.0
4779,man i think im gonna bmml,im gonna bmml,im gonna bmml,is_multiword,0,3,3|4|5,1,5.175343322753906,0,1.0,,,,,,,,,,,,,,,,,,,,,,,,,,,,,,,man i think <mask> <mask> <mask> <mask> <mask>,▁im ▁gonna ▁b m ml,5.0,1.2356131630138218e-17,38.93237924575806,7.7864758491516115,i is a good .,2.137951068951185e-06,25.87671661376953,5.175343322753906,3.0,5.0,0.0,5.0,0.0,3.0
4779,man i think im gonna bmml,gonna bmml,gonna bmml,is_multiword,0,4,4|5,1,4.231606483459473,0,1.0,,,,,,,,,,,,,,,,,,,,,,,,,,,,,,,man i think im <mask> <mask> <mask> <mask>,▁gonna ▁b m ml,4.0,1.662373294031941e-12,27.122774839401245,6.780693709850311,gonna to you .,3.73062790789684e-05,16.92642593383789,4.231606483459473,4.0,5.0,0.0,5.0,0.0,2.0
4781,pert near hit that fellow,pert near,pert near,is_multiword,1,0,0|1,1,7.850911418596904,0,1.0,,,,,,,,,,,,,,,,,,,,,,,,,,,,,,,<mask> <mask> <mask> hit that fellow,▁per t ▁near,3.0,2.295495882106748e-13,29.102657318115234,9.700885772705078,I ' to,0.0038877563469059,23.55273425579071,7.850911418596904,0.0,1.0,0.0,4.0,0.0,2.0
4784,i just have a clarifiquestion about the information we just went over,went over,went over,is_multiword,0,10,10|11,1,5.7471829652786255,1,1.0,,,,,,,,,,,,,,,,,,,,,,,,,,,,,,,i just have a clarifiquestion about the information we just <mask> <mask>,▁went ▁over,2.0,8.81095296708279e-07,13.942100048065186,6.971050024032593,received .,0.086489339318887,11.494365930557253,5.7471829652786255,10.0,11.0,0.0,11.0,0.0,2.0
4786,did you get biebified or are you a lesbian,get biebified,get biebified,is_multiword,0,2,2|3,1,5.868272572755814,0,1.0,,,,,,,,,,,,,,,,,,,,,,,,,,,,,,,did you <mask> <mask> <mask> <mask> or are you a lesbian,▁get ▁bi eb ified,4.0,1.746753351783462e-14,31.67843246459961,7.919608116149902,"have a a ,",0.0002731902351025,23.47309029102325,5.868272572755814,2.0,3.0,0.0,8.0,0.0,2.0
4787,i'ma show ya howda get ya shine on,ya howda,ya howda,is_multiword,0,2,2|3,1,3.8227310180664062,1,1.0,,,,,,,,,,,,,,,,,,,,,,,,,,,,,,,i'ma show <mask> <mask> <mask> get ya shine on,▁ya ▁how da,3.0,2.3196804858670336e-08,17.579251289367676,5.859750429789226,you i i,0.0022182021907512,11.46819305419922,3.8227310180664062,2.0,3.0,0.0,7.0,0.0,2.0
4788,that's anureet,that's anureet,that's anureet,is_multiword,0,0,0|1,1,6.047978798548381,1,1.0,,,,,,,,,,,,,,,,,,,,,,,,,,,,,,,<mask> <mask> <mask> <mask> <mask> <mask>,▁that ' s ▁an ure et,6.0,5.079192688083594e-23,51.33430480957031,8.555717468261719,"</s> : ,  . </s>",2.920233657230533e-07,36.28787279129028,6.047978798548381,0.0,1.0,0.0,1.0,0.0,2.0
4790,susie cums much quicker when she is ass fucking,susie cums,susie cums,is_multiword,0,0,0|1,1,3.997197985649109,0,1.0,,,,,,,,,,,,,,,,,,,,,,,,,,,,,,,<mask> <mask> <mask> <mask> much quicker when she is ass fucking,▁susi e ▁cum s,4.0,4.506857243078036e-12,26.125421047210693,6.531355261802673,She gets gets s,3.960207252377981e-05,15.988791942596436,3.997197985649109,0.0,1.0,0.0,8.0,0.0,2.0
4790,susie cums much quicker when she is ass fucking,susie cums much,susie cums much,is_multiword,0,0,0|1|2,1,3.045462942123413,0,1.0,,,,,,,,,,,,,,,,,,,,,,,,,,,,,,,<mask> <mask> <mask> <mask> <mask> quicker when she is ass fucking,▁susi e ▁cum s ▁much,5.0,1.9371600249972678e-13,29.272383213043213,5.854476642608643,</s> girl s gets gets,7.948849081251254e-07,15.227314710617064,3.045462942123413,0.0,2.0,0.0,8.0,0.0,3.0
4790,susie cums much quicker when she is ass fucking,susie cums much quicker,susie cums much quicker,is_multiword,0,0,0|1|2|3,1,4.711701563426426,0,1.0,,,,,,,,,,,,,,,,,,,,,,,,,,,,,,,<mask> <mask> <mask> <mask> <mask> <mask> <mask> when she is ass fucking,▁susi e ▁cum s ▁much ▁quick er,7.0,3.190306932247627e-23,51.79934000968933,7.399905715669904,</s> s s s s s s,6.7250325877757e-09,32.981910943984985,4.711701563426426,0.0,3.0,0.0,8.0,0.0,4.0
4790,susie cums much quicker when she is ass fucking,susie cums much quicker when,susie cums much quicker when,is_multiword,0,0,0|1|2|3|4,1,3.971831798553467,0,1.0,,,,,,,,,,,,,,,,,,,,,,,,,,,,,,,<mask> <mask> <mask> <mask> <mask> <mask> <mask> <mask> she is ass fucking,▁susi e ▁cum s ▁much ▁quick er ▁when,8.0,8.26618614120045e-25,55.45245409011841,6.931556761264801,</s> s s s the the s when,5.210294193449071e-11,31.77465438842773,3.971831798553467,0.0,4.0,0.0,8.0,0.0,5.0
4790,susie cums much quicker when she is ass fucking,susie cums much quicker when she,susie cums much quicker when she,is_multiword,0,0,0|1|2|3|4|5,1,3.5315657721625437,0,1.0,,,,,,,,,,,,,,,,,,,,,,,,,,,,,,,<mask> <mask> <mask> <mask> <mask> <mask> <mask> <mask> <mask> is ass fucking,▁susi e ▁cum s ▁much ▁quick er ▁when ▁she,9.0,1.2448433866769227e-27,61.95078778266907,6.883420864741008,"</s> s , s s s , , who",7.920825805091959e-14,31.78409194946289,3.5315657721625437,0.0,5.0,0.0,8.0,0.0,6.0
4790,susie cums much quicker when she is ass fucking,cums much,cums much,is_multiword,0,1,1|2,1,0.5742454926172892,0,1.0,,,,,,,,,,,,,,,,,,,,,,,,,,,,,,,susie <mask> <mask> <mask> quicker when she is ass fucking,▁cum s ▁much,3.0,0.0001357878685099,8.904416680335999,2.968138893445333,is gets gets,0.0007603891604732,1.7227364778518677,0.5742454926172892,1.0,2.0,0.0,8.0,0.0,2.0
4790,susie cums much quicker when she is ass fucking,cums much quicker,cums much quicker,is_multiword,0,1,1|2|3,1,3.880793523788452,0,1.0,,,,,,,,,,,,,,,,,,,,,,,,,,,,,,,susie <mask> <mask> <mask> <mask> <mask> when she is ass fucking,▁cum s ▁much ▁quick er,5.0,1.1655279858539028e-14,32.083017110824585,6.416603422164917, s s s s,3.115722495394595e-06,19.40396761894226,3.880793523788452,1.0,3.0,0.0,8.0,0.0,3.0
4790,susie cums much quicker when she is ass fucking,cums much quicker when,cums much quicker when,is_multiword,0,1,1|2|3|4,1,3.344200531641642,0,1.0,,,,,,,,,,,,,,,,,,,,,,,,,,,,,,,susie <mask> <mask> <mask> <mask> <mask> <mask> she is ass fucking,▁cum s ▁much ▁quick er ▁when,6.0,2.732194094013584e-16,35.83625650405884,5.97270941734314,has s s s s and,1.414876625379463e-07,20.065203189849854,3.344200531641642,1.0,4.0,0.0,8.0,0.0,4.0
4790,susie cums much quicker when she is ass fucking,cums much quicker when she,cums much quicker when she,is_multiword,0,1,1|2|3|4|5,1,2.724064895084926,0,1.0,,,,,,,,,,,,,,,,,,,,,,,,,,,,,,,susie <mask> <mask> <mask> <mask> <mask> <mask> <mask> is ass fucking,▁cum s ▁much ▁quick er ▁when ▁she,7.0,2.2560563763351973e-18,40.63291335105896,5.804701907294137,"has s s s s , she",4.31195692708348e-10,19.06845426559448,2.724064895084926,1.0,5.0,0.0,8.0,0.0,5.0
4790,susie cums much quicker when she is ass fucking,much quicker,much quicker,is_multiword,0,2,2|3,1,7.579911311467488,1,1.0,,,,,,,,,,,,,,,,,,,,,,,,,,,,,,,susie cums <mask> <mask> <mask> when she is ass fucking,▁much ▁quick er,3.0,1.1334700989767865e-12,27.5057373046875,9.1685791015625,in her girl,0.0085143409183781,22.739733934402462,7.579911311467488,2.0,3.0,0.0,8.0,0.0,2.0
4790,susie cums much quicker when she is ass fucking,much quicker when,much quicker when,is_multiword,0,2,2|3|4,1,4.79046905040741,0,1.0,,,,,,,,,,,,,,,,,,,,,,,,,,,,,,,susie cums <mask> <mask> <mask> <mask> she is ass fucking,▁much ▁quick er ▁when,4.0,3.1929309171194134e-13,28.772666931152344,7.193166732788086,in the s and,6.700182303119176e-05,19.16187620162964,4.79046905040741,2.0,4.0,0.0,8.0,0.0,3.0
4790,susie cums much quicker when she is ass fucking,much quicker when she,much quicker when she,is_multiword,0,2,2|3|4|5,1,4.502745914459228,0,1.0,,,,,,,,,,,,,,,,,,,,,,,,,,,,,,,susie cums <mask> <mask> <mask> <mask> <mask> is ass fucking,▁much ▁quick er ▁when ▁she,5.0,6.521537197343316e-16,34.966251373291016,6.993250274658204,in cum s cum what,3.907855495730582e-06,22.513729572296143,4.502745914459228,2.0,5.0,0.0,8.0,0.0,4.0
4790,susie cums much quicker when she is ass fucking,quicker when,quicker when,is_multiword,0,3,3|4,1,3.378462334473928,0,1.0,,,,,,,,,,,,,,,,,,,,,,,,,,,,,,,susie cums much <mask> <mask> <mask> she is ass fucking,▁quick er ▁when,3.0,2.916473610067857e-07,15.047720432281494,5.015906810760498,more much than,0.0073553052099201,10.135387003421783,3.378462334473928,3.0,4.0,0.0,8.0,0.0,2.0
4790,susie cums much quicker when she is ass fucking,quicker when she,quicker when she,is_multiword,0,3,3|4|5,1,3.4458732306957245,0,1.0,,,,,,,,,,,,,,,,,,,,,,,,,,,,,,,susie cums much <mask> <mask> <mask> <mask> is ass fucking,▁quick er ▁when ▁she,4.0,2.9359030238369936e-10,21.948835849761963,5.487208962440491,"more than , it",0.0002843391258769,13.783492922782898,3.4458732306957245,3.0,5.0,0.0,8.0,0.0,3.0
4790,susie cums much quicker when she is ass fucking,when she,when she,is_multiword,0,4,4|5,1,1.559888795018196,1,1.0,,,,,,,,,,,,,,,,,,,,,,,,,,,,,,,susie cums much quicker <mask> <mask> is ass fucking,▁when ▁she,2.0,0.0065566048902633,5.027282357215881,2.5136411786079407,than it,0.1484503430079091,3.119777590036392,1.559888795018196,4.0,5.0,0.0,8.0,0.0,2.0
4790,susie cums much quicker when she is ass fucking,ass fucking,ass fucking,is_multiword,1,7,7|8,1,6.278741985559464,1,1.0,,,,,,,,,,,,,,,,,,,,,,,,,,,,,,,susie cums much quicker when she is <mask> <mask>,▁ass ▁fucking,2.0,1.5093304915921878e-07,15.706429481506348,7.853214740753174,on </s>,0.0428973378227506,12.557483971118929,6.278741985559464,7.0,8.0,0.0,8.0,0.0,2.0
4792,i totally nailed that emo chick with the cancun cunt dagger,cancun cunt,cancun cunt,is_multiword,0,8,8|9,1,6.613533943891525,0,1.0,,,,,,,,,,,,,,,,,,,,,,,,,,,,,,,i totally nailed that emo chick with the <mask> <mask> <mask> <mask> dagger,▁can cun ▁cu nt,4.0,1.505014412456484e-16,36.4325590133667,9.108139753341677, of of the,4.639015779121545e-05,26.4541357755661,6.613533943891525,8.0,9.0,0.0,10.0,0.0,2.0
4793,"""dubya43: if we cut & run teh terrists winz colbear: smells like ""mission accomplished""",dubya 43,dubya 43,is_multiword,0,0,0|1,1,6.14360499382019,0,1.0,,,,,,,,,,,,,,,,,,,,,,,,,,,,,,,<mask> <mask> <mask> <mask> we cut run teh terrists winz colbear smells like mission accomplished,▁dub ya 43 ▁if,4.0,1.5663574266991413e-17,38.69519376754761,9.673798441886902,"we the s ,",7.36929363770506e-07,24.57441997528076,6.14360499382019,0.0,1.0,0.0,12.0,0.0,2.0
4793,"""dubya43: if we cut & run teh terrists winz colbear: smells like ""mission accomplished""",teh terrists,teh terrists,is_multiword,0,6,6|7,1,6.812000226974488,0,1.0,,,,,,,,,,,,,,,,,,,,,,,,,,,,,,,dubya43 if we cut run teh <mask> <mask> <mask> <mask> <mask> colbear smells like mission accomplished,▁ter rist s ▁win z,5.0,5.163005684995555e-20,44.41018295288086,8.882036590576172,n the the the the,3.198697344114133e-05,34.06000113487244,6.812000226974488,6.0,7.0,0.0,12.0,0.0,2.0
4793,"""dubya43: if we cut & run teh terrists winz colbear: smells like ""mission accomplished""",teh terrists winz,teh terrists winz,is_multiword,0,6,6|7|8,1,6.547607913613319,0,1.0,,,,,,,,,,,,,,,,,,,,,,,,,,,,,,,dubya43 if we cut run teh <mask> <mask> <mask> <mask> <mask> <mask> <mask> <mask> smells like mission accomplished,▁ter rist s ▁win z ▁col be ar,8.0,1.0058649934889779e-32,73.67687511444092,9.209609389305117,"n , , the the the , it",5.63974653786963e-10,52.38086330890656,6.547607913613319,6.0,8.0,0.0,12.0,0.0,3.0
4793,"""dubya43: if we cut & run teh terrists winz colbear: smells like ""mission accomplished""",teh terrists winz colbear,teh terrists winz colbear,is_multiword,0,6,6|7|8|9,1,4.823138785362244,0,1.0,,,,,,,,,,,,,,,,,,,,,,,,,,,,,,,dubya43 if we cut run teh <mask> <mask> <mask> <mask> <mask> <mask> <mask> <mask> <mask> <mask> like mission accomplished,▁ter rist s ▁win z ▁col be ar ▁smell s,10.0,1.2127219177189685e-35,80.39761090278625,8.039761090278626,"n , , , , , , it it feel",1.0724741326123631e-14,48.23138785362244,4.823138785362244,6.0,9.0,0.0,12.0,0.0,4.0
4793,"""dubya43: if we cut & run teh terrists winz colbear: smells like ""mission accomplished""",terrists winz,terrists winz,is_multiword,0,7,7|8,1,6.737886738777161,0,1.0,,,,,,,,,,,,,,,,,,,,,,,,,,,,,,,dubya43 if we cut run teh terrists <mask> <mask> <mask> <mask> <mask> smells like mission accomplished,▁win z ▁col be ar,5.0,1.2123891718780596e-20,45.85910892486572,9.171821784973144,", the the , it",5.185339552413075e-06,33.6894336938858,6.737886738777161,7.0,8.0,0.0,12.0,0.0,2.0
4793,"""dubya43: if we cut & run teh terrists winz colbear: smells like ""mission accomplished""",terrists winz colbear,terrists winz colbear,is_multiword,0,7,7|8|9,1,4.493067043168204,0,1.0,,,,,,,,,,,,,,,,,,,,,,,,,,,,,,,dubya43 if we cut run teh terrists <mask> <mask> <mask> <mask> <mask> <mask> <mask> like mission accomplished,▁win z ▁col be ar ▁smell s,7.0,1.9231678834278643e-24,54.60806846618652,7.801152638026646,", i , , it to s",8.774386557450541e-11,31.45146930217743,4.493067043168204,7.0,9.0,0.0,12.0,0.0,3.0
4793,"""dubya43: if we cut & run teh terrists winz colbear: smells like ""mission accomplished""",winz colbear,winz colbear,is_multiword,0,8,8|9,1,4.372213745117188,0,1.0,,,,,,,,,,,,,,,,,,,,,,,,,,,,,,,dubya43 if we cut run teh terrists winz <mask> <mask> <mask> <mask> <mask> like mission accomplished,▁col be ar ▁smell s,5.0,2.001322640861337e-16,36.14755320549011,7.229510641098022,z z it would feel,6.243938611797362e-07,21.861068725585938,4.372213745117188,8.0,9.0,0.0,12.0,0.0,2.0
4798,stop being such a jerkfuck,a jerkfuck,a jerkfuck,is_multiword,0,3,3|4,1,3.627666562795639,0,1.0,,,,,,,,,,,,,,,,,,,,,,,,,,,,,,,stop being such <mask> <mask> <mask> <mask>,▁a ▁je rk fuck,4.0,6.515896554818328e-11,23.454191207885746,5.863547801971436,a  . .,0.0001305799393459,14.510666251182556,3.627666562795639,3.0,4.0,0.0,4.0,0.0,2.0
4802,i just got payed so im going to the cuntarama tonight,got payed,got payed,is_multiword,0,2,2|3,1,3.7700017293294272,0,1.0,,,,,,,,,,,,,,,,,,,,,,,,,,,,,,,i just <mask> <mask> <mask> so im going to the cuntarama tonight,▁got ▁pay ed,3.0,2.759361007340757e-08,17.405681610107422,5.801893870035808,"got to ,",0.0022525859263207,11.31000518798828,3.7700017293294272,2.0,3.0,0.0,10.0,0.0,2.0
4809,"grand theft auto: san andreas is great, but its fun to go back and play gtaiii and gta vice city as well",as well,as well,is_multiword,0,20,20|21,1,5.529264539480209,1,1.0,,,,,,,,,,,,,,,,,,,,,,,,,,,,,,,grand theft auto san andreas is great but its fun to go back and play gtaiii and gta vice city <mask> <mask>,▁as ▁well,2.0,8.638247341716621e-07,13.961895942687988,6.980947971343994,. </s>,0.0548382758882379,11.05852907896042,5.529264539480209,20.0,21.0,0.0,21.0,0.0,2.0
4813,"haha he just fell in the fire, total brungardt move",total brungardt,total brungardt,is_multiword,0,7,7|8,1,9.216666221618652,1,1.0,,,,,,,,,,,,,,,,,,,,,,,,,,,,,,,haha he just fell in the fire <mask> <mask> <mask> <mask> move,▁total ▁brun gard t,4.0,4.0563621257633755e-19,42.348830223083496,10.587207555770874,and he made to,0.0041603114629555,36.86666488647461,9.216666221618652,7.0,8.0,0.0,9.0,0.0,2.0
4814,oh crap bixler is following us again,crap bixler,crap bixler,is_multiword,0,1,1|2,1,6.80713751912117,0,1.0,,,,,,,,,,,,,,,,,,,,,,,,,,,,,,,oh <mask> <mask> <mask> <mask> is following us again,▁crap ▁bi x ler,4.0,8.557418571455287e-16,34.694562911987305,8.673640727996826,"my , , who",0.0005722052309879,27.22855007648468,6.80713751912117,1.0,2.0,0.0,6.0,0.0,2.0
4815,"""did you see ""see her squirt 281""? 5 girls gave a lucky bastard an april shower",squirt 281,squirt 281,is_multiword,0,5,5|6,1,6.72027063369751,0,1.0,,,,,,,,,,,,,,,,,,,,,,,,,,,,,,,did you see see her <mask> <mask> <mask> 5 girls gave a lucky bastard an april shower,▁squirt ▁28 1,3.0,2.534666094701541e-12,26.70095920562744,8.900319735209147,? ? </s>,0.0014442757349849,20.16081190109253,6.72027063369751,5.0,6.0,0.0,15.0,0.0,2.0
4817,elderly man: hi youngster youngster: hi no response because elderly man cannot hear the youngster younster: hellothere elderly man: oh hi handsome,youngster youngster,youngster youngster,is_multiword,0,3,3|4,1,4.813821643590927,0,1.0,,,,,,,,,,,,,,,,,,,,,,,,,,,,,,,elderly man hi <mask> <mask> <mask> <mask> hi no response because elderly man cannot hear the youngster younster hellothere elderly man oh hi handsome,▁young ster ▁young ster,4.0,7.45791946485618e-12,25.621744632720947,6.405436158180237,el der man oh,0.0017182343461356,19.25528657436371,4.813821643590927,3.0,4.0,0.0,21.0,0.0,2.0
4817,elderly man: hi youngster youngster: hi no response because elderly man cannot hear the youngster younster: hellothere elderly man: oh hi handsome,youngster younster,youngster younster,is_multiword,0,14,14|15,1,3.1018112659454347,0,1.0,,,,,,,,,,,,,,,,,,,,,,,,,,,,,,,elderly man hi youngster youngster hi no response because elderly man cannot hear the <mask> <mask> <mask> <mask> <mask> hellothere elderly man oh hi handsome,▁young ster ▁you n ster,5.0,2.973421756437283e-13,28.84389281272888,5.768778562545776,voice of he man man,1.617164124721128e-06,15.509056329727173,3.1018112659454347,14.0,15.0,0.0,21.0,0.0,2.0
4817,elderly man: hi youngster youngster: hi no response because elderly man cannot hear the youngster younster: hellothere elderly man: oh hi handsome,youngster younster hellothere,youngster younster hellothere,is_multiword,0,14,14|15|16,1,4.625971272587776,0,1.0,,,,,,,,,,,,,,,,,,,,,,,,,,,,,,,elderly man hi youngster youngster hi no response because elderly man cannot hear the <mask> <mask> <mask> <mask> <mask> <mask> <mask> <mask> elderly man oh hi handsome,▁young ster ▁you n ster ▁hell other e,8.0,4.044174738238373e-25,56.16734981536865,7.0209187269210815,voice of el der man man man </s>,4.776395594264408e-09,37.00777018070221,4.625971272587776,14.0,16.0,0.0,21.0,0.0,3.0
4817,elderly man: hi youngster youngster: hi no response because elderly man cannot hear the youngster younster: hellothere elderly man: oh hi handsome,younster hellothere,younster hellothere,is_multiword,0,15,15|16,1,4.667017141977946,0,1.0,,,,,,,,,,,,,,,,,,,,,,,,,,,,,,,elderly man hi youngster youngster hi no response because elderly man cannot hear the youngster <mask> <mask> <mask> <mask> <mask> <mask> elderly man oh hi handsome,▁you n ster ▁hell other e,6.0,1.1871996731298958e-20,45.88010454177856,7.646684090296428,young the the young man the,1.7206103009814867e-08,28.00210285186768,4.667017141977946,15.0,16.0,0.0,21.0,0.0,2.0
4826,i got some mad dilhead last night,mad dilhead,mad dilhead,is_multiword,0,3,3|4,1,7.259049495061238,0,1.0,,,,,,,,,,,,,,,,,,,,,,,,,,,,,,,i got some <mask> <mask> <mask> last night,▁mad ▁dil head,3.0,1.2652154551423333e-13,29.698363780975345,9.899454593658447,good i s,0.0003629609534307,21.77714848518372,7.259049495061238,3.0,4.0,0.0,6.0,0.0,2.0
4830,i am drater n00bs,n 00,n 00,is_multiword,0,3,,1,,0,1.0,,,,,,,,,,,,,,,,,,,,,,,,,,,,,,,,,,,,,,,,,,,,,,
4830,i am drater n00bs,n 00 bs,n 00 bs,is_multiword,0,3,,1,,0,1.0,,,,,,,,,,,,,,,,,,,,,,,,,,,,,,,,,,,,,,,,,,,,,,
4830,i am drater n00bs,00 bs,00 bs,is_multiword,0,4,,1,,0,1.0,,,,,,,,,,,,,,,,,,,,,,,,,,,,,,,,,,,,,,,,,,,,,,
4831,"i know shes so cool, shes a hellie",shes so,shes so,is_multiword,0,2,2|3,1,0.5738550424575806,1,1.0,,,,,,,,,,,,,,,,,,,,,,,,,,,,,,,i know <mask> <mask> <mask> cool shes a hellie,▁she s ▁so,3.0,0.0154242478599756,4.171814471483231,1.3906048238277435,she s s,0.0862720723841243,1.7215651273727417,0.5738550424575806,2.0,3.0,0.0,7.0,0.0,2.0
4833,i was relaxing at the club getting a lil' dum dum jimmy sum,lil dum,lil dum,is_multiword,0,8,8|9,1,5.143945813179016,0,1.0,,,,,,,,,,,,,,,,,,,,,,,,,,,,,,,i was relaxing at the club getting a <mask> <mask> <mask> <mask> dum jimmy sum,▁l il ' ▁dum,4.0,2.4012375566355973e-13,29.057621955871586,7.264405488967895,good of of a,0.0002071973777811,20.575783252716064,5.143945813179016,8.0,9.0,0.0,12.0,0.0,2.0
4833,i was relaxing at the club getting a lil' dum dum jimmy sum,lil dum dum,lil dum dum,is_multiword,0,8,8|9|10,1,6.921321821212769,0,1.0,,,,,,,,,,,,,,,,,,,,,,,,,,,,,,,i was relaxing at the club getting a <mask> <mask> <mask> <mask> <mask> jimmy sum,▁l il ' ▁dum ▁dum,5.0,1.626123138931841e-20,45.56550312042236,9.113100624084472,good of the i and,1.7402546456820075e-05,34.60660910606384,6.921321821212769,8.0,10.0,0.0,12.0,0.0,3.0
4833,i was relaxing at the club getting a lil' dum dum jimmy sum,dum dum,dum dum,is_multiword,0,9,9|10,1,10.56353184580803,1,1.0,,,,,,,,,,,,,,,,,,,,,,,,,,,,,,,i was relaxing at the club getting a lil' <mask> <mask> jimmy sum,▁dum ▁dum,2.0,4.3706961797354445e-11,23.853513717651367,11.926756858825684,drink with,0.0654512278921936,21.12706369161606,10.56353184580803,9.0,10.0,0.0,12.0,0.0,2.0
4834,ay turn on that jount real quick,jount real,jount real,is_multiword,0,4,4|5,1,5.03771710395813,0,1.0,,,,,,,,,,,,,,,,,,,,,,,,,,,,,,,ay turn on that <mask> <mask> <mask> quick,▁jou nt ▁real,3.0,3.4938235681328036e-11,24.077439308166504,8.025813102722168,and and too,0.0001278966558535,15.11315131187439,5.03771710395813,4.0,5.0,0.0,6.0,0.0,2.0
4834,ay turn on that jount real quick,jount real quick,jount real quick,is_multiword,0,4,4|5|6,1,6.423876404762268,0,1.0,,,,,,,,,,,,,,,,,,,,,,,,,,,,,,,ay turn on that <mask> <mask> <mask> <mask>,▁jou nt ▁real ▁quick,4.0,1.3608366303159656e-17,38.83584690093994,9.708961725234984," , . .",1.964365467900728e-06,25.695505619049072,6.423876404762268,4.0,6.0,0.0,6.0,0.0,3.0
4834,ay turn on that jount real quick,real quick,real quick,is_multiword,0,5,5|6,1,8.83018684387207,1,1.0,,,,,,,,,,,,,,,,,,,,,,,,,,,,,,,ay turn on that jount <mask> <mask>,▁real ▁quick,2.0,1.359852913169562e-10,22.71847438812256,11.35923719406128,. </s>,0.0063576230842324,17.66037368774414,8.83018684387207,5.0,6.0,0.0,6.0,0.0,2.0
4843,the satyr shafted on his fart pipe until he made the browning noise,browning noise,browning noise,is_multiword,0,11,11|12,1,5.919626250863075,0,1.0,,,,,,,,,,,,,,,,,,,,,,,,,,,,,,,the satyr shafted on his fart pipe until he made the <mask> <mask> <mask> <mask>,▁brown ing ▁no ise,4.0,1.9158917844889346e-15,33.8885931968689,8.472148299217224,last of of .,3.679722241774694e-05,23.6785050034523,5.919626250863075,11.0,12.0,0.0,12.0,0.0,2.0
4845,"*hott guy passes by* girl: dammm, he gots that badablangg",hott guy,hott guy,is_multiword,0,0,0|1,1,1.3406028747558594,0,1.0,,,,,,,,,,,,,,,,,,,,,,,,,,,,,,,<mask> <mask> <mask> passes by girl dammm he gots that badablangg,▁hot t ▁guy,3.0,1.0907985644654045e-06,13.72860050201416,4.576200167338054,a girl he,6.0868675343934686e-05,4.021808624267578,1.3406028747558594,0.0,1.0,0.0,9.0,0.0,2.0
4845,"*hott guy passes by* girl: dammm, he gots that badablangg",hott guy passes,hott guy passes,is_multiword,0,0,0|1|2,1,3.813793921470642,0,1.0,,,,,,,,,,,,,,,,,,,,,,,,,,,,,,,<mask> <mask> <mask> <mask> <mask> by girl dammm he gots that badablangg,▁hot t ▁guy ▁passe s,5.0,1.5157979240289063e-14,31.820249319076535,6.364049863815308,girl girl girl s girl,2.898608650695236e-06,19.06896960735321,3.813793921470642,0.0,2.0,0.0,9.0,0.0,3.0
4845,"*hott guy passes by* girl: dammm, he gots that badablangg",guy passes,guy passes,is_multiword,0,1,1|2,1,3.946463187535604,0,1.0,,,,,,,,,,,,,,,,,,,,,,,,,,,,,,,hott <mask> <mask> <mask> by girl dammm he gots that badablangg,▁guy ▁passe s,3.0,5.2401722921688e-09,19.06691145896912,6.355637152989705,est fuck girl,0.0007263185274156,11.839389562606812,3.946463187535604,1.0,2.0,0.0,9.0,0.0,2.0
4846,mum just spotted cliff richard on good morning britain and got a massive fanny hard-on,massive fanny,massive fanny,is_multiword,0,12,12|13,1,5.002793749173482,1,1.0,,,,,,,,,,,,,,,,,,,,,,,,,,,,,,,mum just spotted cliff richard on good morning britain and got a <mask> <mask> <mask> hard-on,▁massive ▁fan ny,3.0,2.6412558527247425e-10,22.054596424102783,7.351532141367595,fuck of her,0.000870698167655,15.008381247520449,5.002793749173482,12.0,13.0,0.0,14.0,0.0,2.0
4846,mum just spotted cliff richard on good morning britain and got a massive fanny hard-on,massive fanny hard-on,massive fanny hard-on,is_multiword,0,12,12|13|14,1,5.262467722098033,0,1.0,,,,,,,,,,,,,,,,,,,,,,,,,,,,,,,mum just spotted cliff richard on good morning britain and got a <mask> <mask> <mask> <mask> <mask> <mask>,▁massive ▁fan ny ▁hard - on,6.0,1.973883597718927e-21,47.67428398132324,7.945713996887207,chance of her her her .,1.0187923978447538e-07,31.5748063325882,5.262467722098033,12.0,14.0,0.0,14.0,0.0,3.0
4846,mum just spotted cliff richard on good morning britain and got a massive fanny hard-on,fanny hard-on,fanny hard-on,is_multiword,1,13,13|14,1,4.849586367607117,0,1.0,,,,,,,,,,,,,,,,,,,,,,,,,,,,,,,mum just spotted cliff richard on good morning britain and got a massive <mask> <mask> <mask> <mask> <mask>,▁fan ny ▁hard - on,5.0,4.705689461200411e-16,35.29258918762207,7.058517837524414,blow of her her .,1.597225586034138e-05,24.247931838035583,4.849586367607117,13.0,14.0,0.0,14.0,0.0,2.0
4847,i am sat busily facepooking my friends in what is otherwise considered 'dead time',i am,i am,is_multiword,0,0,0|1,1,5.732383966445923,1,1.0,,,,,,,,,,,,,,,,,,,,,,,,,,,,,,,<mask> <mask> sat busily facepooking my friends in what is otherwise considered 'dead time,▁i ▁am,2.0,1.5119128884514203e-06,13.402134895324709,6.7010674476623535,I just,0.1440828262551207,11.464767932891846,5.732383966445923,0.0,1.0,0.0,13.0,0.0,2.0
4847,i am sat busily facepooking my friends in what is otherwise considered 'dead time',i am sat,i am sat,is_multiword,0,0,0|1|2,1,3.898365020751953,0,1.0,,,,,,,,,,,,,,,,,,,,,,,,,,,,,,,<mask> <mask> <mask> busily facepooking my friends in what is otherwise considered 'dead time,▁i ▁am ▁sat,3.0,3.470797899765093e-08,17.17629623413086,5.72543207804362,I ' am,0.0041643246229128,11.69509506225586,3.898365020751953,0.0,2.0,0.0,13.0,0.0,3.0
4847,i am sat busily facepooking my friends in what is otherwise considered 'dead time',am sat,am sat,is_multiword,0,1,1|2,1,4.0148831605911255,0,1.0,,,,,,,,,,,,,,,,,,,,,,,,,,,,,,,i <mask> <mask> busily facepooking my friends in what is otherwise considered 'dead time,▁am ▁sat,2.0,9.620427246695238e-05,9.24903678894043,4.624518394470215,' m,0.2954456254319518,8.029766321182251,4.0148831605911255,1.0,2.0,0.0,13.0,0.0,2.0
4850,organizing our house is definitely #1 on our baby bucket list,baby bucket,baby bucket,is_multiword,0,8,8|9,1,5.944014191627502,0,1.0,,,,,,,,,,,,,,,,,,,,,,,,,,,,,,,organizing our house is definitely 1 on our <mask> <mask> <mask> list,▁baby ▁bu cket,3.0,1.3306868441048063e-10,22.740155696868896,7.580051898956299,top to s,0.0073864124499314,17.832042574882507,5.944014191627502,8.0,9.0,0.0,10.0,0.0,2.0
4851,"""co-worker #1: ""are you mfh today?"" co-worker #2: ""yeah - the software requirements are 90% complete, but i've only taken one break so far this morning",i've only,i've only,is_multiword,0,16,16|17,1,0.9837789684534072,1,1.0,,,,,,,,,,,,,,,,,,,,,,,,,,,,,,,co-worker 1 are you mfh today co-worker 2 yeah - the software requirements are 90 complete <mask> <mask> <mask> <mask> only taken one break so far this morning,▁but ▁i ' ve,4.0,2.1031288470584285e-05,10.7694993019104,2.6923748254776,- - ' have,0.0010761306226487,3.935115873813629,0.9837789684534072,16.0,17.0,0.0,25.0,0.0,2.0
4851,"""co-worker #1: ""are you mfh today?"" co-worker #2: ""yeah - the software requirements are 90% complete, but i've only taken one break so far this morning",so far,so far,is_multiword,0,21,21|22,1,3.0553761422634125,0,1.0,,,,,,,,,,,,,,,,,,,,,,,,,,,,,,,co-worker 1 are you mfh today co-worker 2 yeah - the software requirements are 90 complete but i've only taken one <mask> <mask> far this morning,▁break ▁so,2.0,0.0010535795012568,6.85556186363101,3.427780931815505,step so,0.4748247078780881,6.110752284526825,3.0553761422634125,21.0,22.0,0.0,25.0,0.0,2.0
4857,"""that fucking succubus destroyed my respect for women",fucking succubus,fucking succubus,is_multiword,0,1,1|2,1,8.247292339801788,1,1.0,,,,,,,,,,,,,,,,,,,,,,,,,,,,,,,that <mask> <mask> <mask> <mask> destroyed my respect for women,▁fucking ▁suc cu bus,4.0,7.891623927448779e-20,43.985899925231934,10.996474981307983,the my s have,1.6756395259511285e-05,32.98916935920715,8.247292339801788,1.0,2.0,0.0,7.0,0.0,2.0
4861,este tipo esta bien arrebatao,este tipo,este tipo,is_multiword,0,0,0|1,1,3.7407493591308594,0,1.0,,,,,,,,,,,,,,,,,,,,,,,,,,,,,,,<mask> <mask> esta bien arrebatao,▁este ▁tipo,2.0,6.709802430297107e-06,11.911941051483154,5.955970525741577,El o,0.0119092206636057,7.481498718261719,3.7407493591308594,0.0,1.0,0.0,4.0,0.0,2.0
4861,este tipo esta bien arrebatao,este tipo esta,este tipo esta,is_multiword,0,0,0|1|2,1,4.317333936691284,0,1.0,,,,,,,,,,,,,,,,,,,,,,,,,,,,,,,<mask> <mask> <mask> bien arrebatao,▁este ▁tipo ▁esta,3.0,7.82032144410706e-10,20.969125270843502,6.989708423614502,</s> o o,0.0003297672482217,12.952001810073853,4.317333936691284,0.0,2.0,0.0,4.0,0.0,3.0
4861,este tipo esta bien arrebatao,este tipo esta bien,este tipo esta bien,is_multiword,0,0,0|1|2|3,1,6.198926389217377,0,1.0,,,,,,,,,,,,,,,,,,,,,,,,,,,,,,,<mask> <mask> <mask> <mask> arrebatao,▁este ▁tipo ▁esta ▁bien,4.0,1.8342374930698167e-16,36.23473262786865,9.058683156967165, : o :,1.0766974009909753e-05,24.795705556869507,6.198926389217377,0.0,3.0,0.0,4.0,0.0,4.0
4861,este tipo esta bien arrebatao,este tipo esta bien arrebatao,este tipo esta bien arrebatao,is_multiword,0,0,0|1|2|3|4,1,9.746042507035392,1,1.0,,,,,,,,,,,,,,,,,,,,,,,,,,,,,,,<mask> <mask> <mask> <mask> <mask> <mask> <mask>,▁este ▁tipo ▁esta ▁bien ▁arre bata o,7.0,2.2420527645642646e-38,86.69084167480469,12.384405953543526,</s> : : </s> . . </s>,9.532640115814444e-09,68.22229754924774,9.746042507035392,0.0,4.0,0.0,4.0,0.0,5.0
4861,este tipo esta bien arrebatao,tipo esta,tipo esta,is_multiword,0,1,1|2,1,2.333942472934723,0,1.0,,,,,,,,,,,,,,,,,,,,,,,,,,,,,,,este <mask> <mask> bien arrebatao,▁tipo ▁esta,2.0,5.170699981210109e-05,9.869917392730711,4.9349586963653564,este este,0.0055053636830266,4.667884945869446,2.333942472934723,1.0,2.0,0.0,4.0,0.0,2.0
4861,este tipo esta bien arrebatao,tipo esta bien,tipo esta bien,is_multiword,0,1,1|2|3,1,3.822125593821208,0,1.0,,,,,,,,,,,,,,,,,,,,,,,,,,,,,,,este <mask> <mask> <mask> arrebatao,▁tipo ▁esta ▁bien,3.0,6.000447409189694e-10,21.23401689529419,7.0780056317647295,este de este,5.72753560107163e-05,11.466376781463625,3.822125593821208,1.0,3.0,0.0,4.0,0.0,3.0
4861,este tipo esta bien arrebatao,tipo esta bien arrebatao,tipo esta bien arrebatao,is_multiword,0,1,1|2|3|4,1,7.252079884211223,0,1.0,,,,,,,,,,,,,,,,,,,,,,,,,,,,,,,este <mask> <mask> <mask> <mask> <mask> <mask>,▁tipo ▁esta ▁bien ▁arre bata o,6.0,1.8941193608762355e-26,59.228458404541016,9.87140973409017,site    . .,1.494985565608456e-07,43.51247930526733,7.252079884211223,1.0,4.0,0.0,4.0,0.0,4.0
4861,este tipo esta bien arrebatao,esta bien,esta bien,is_multiword,0,2,2|3,1,7.752908587455749,0,1.0,,,,,,,,,,,,,,,,,,,,,,,,,,,,,,,este tipo <mask> <mask> arrebatao,▁esta ▁bien,2.0,9.487882402584915e-09,18.47325038909912,9.23662519454956,de de,0.0514351640887913,15.5058171749115,7.752908587455749,2.0,3.0,0.0,4.0,0.0,2.0
4861,este tipo esta bien arrebatao,esta bien arrebatao,esta bien arrebatao,is_multiword,0,2,2|3|4,1,6.596200299263001,0,1.0,,,,,,,,,,,,,,,,,,,,,,,,,,,,,,,este tipo <mask> <mask> <mask> <mask> <mask>,▁esta ▁bien ▁arre bata o,5.0,4.4407257888162074e-21,46.86346912384033,9.372693824768067,de   . .,9.35235350539074e-07,32.981001496315,6.596200299263001,2.0,4.0,0.0,4.0,0.0,3.0
4861,este tipo esta bien arrebatao,bien arrebatao,bien arrebatao,is_multiword,0,3,3|4,1,6.093043178319931,0,1.0,,,,,,,,,,,,,,,,,,,,,,,,,,,,,,,este tipo esta <mask> <mask> <mask> <mask>,▁bien ▁arre bata o,4.0,1.4658863587739423e-16,36.45890140533447,9.114725351333618,   </s>,5.633787018855159e-06,24.372172713279724,6.093043178319931,3.0,4.0,0.0,4.0,0.0,2.0
4864,"this regular anal sex isn't doing it for me, i'm gonna need a bathgate drainpipe to get off",bathgate drainpipe,bathgate drainpipe,is_multiword,1,13,13|14,1,6.982620358467102,0,1.0,,,,,,,,,,,,,,,,,,,,,,,,,,,,,,,this regular anal sex isn't doing it for me i'm gonna need a <mask> <mask> <mask> <mask> <mask> <mask> to get off,▁bath gate ▁dra in pi pe,6.0,4.008195228593371e-26,58.47887134552002,9.74647855758667,new of i i i want,6.281014733752891e-08,41.89572215080261,6.982620358467102,13.0,14.0,0.0,17.0,0.0,2.0
4866,it's was fuckin' adorawibble,fuckin adorawibble,fuckin adorawibble,is_multiword,0,2,2|3,1,6.593939622243245,0,1.0,,,,,,,,,,,,,,,,,,,,,,,,,,,,,,,it's was <mask> <mask> <mask> <mask> <mask> <mask>,▁fuck in ' ▁adora wi bble,6.0,6.563135427903621e-25,55.68315887451172,9.280526479085289,a to the the . .,9.985755254344785e-08,39.56363773345947,6.593939622243245,2.0,3.0,0.0,3.0,0.0,2.0
4867,some punk just tripped up and made you spill your drink tell me whatcha gon do? act a fool,tripped up,tripped up,is_multiword,0,3,3|4,1,4.070454835891724,0,1.0,,,,,,,,,,,,,,,,,,,,,,,,,,,,,,,some punk just <mask> <mask> <mask> and made you spill your drink tell me whatcha gon do act a fool,▁tri pped ▁up,3.0,1.4762571013570777e-08,18.03117084503174,6.010390281677246,got you you,0.0029681799146918,12.211364507675173,4.070454835891724,3.0,4.0,0.0,18.0,0.0,2.0
4867,some punk just tripped up and made you spill your drink tell me whatcha gon do? act a fool,whatcha gon,whatcha gon,is_multiword,0,13,13|14,1,5.038512289524078,0,1.0,,,,,,,,,,,,,,,,,,,,,,,,,,,,,,,some punk just tripped up and made you spill your drink tell me <mask> <mask> <mask> <mask> do act a fool,▁what cha ▁ gon,4.0,3.4379197377211533e-13,28.698739647865292,7.174684911966324,what you you you,0.0001945754621842,20.154049158096317,5.038512289524078,13.0,14.0,0.0,18.0,0.0,2.0
4870,i saw that cockchugging assdigger doing some nasty shit in a gay porn movie,cockchugging assdigger,cockchugging assdigger,is_multiword,1,3,3|4,1,6.249422828356425,1,1.0,,,,,,,,,,,,,,,,,,,,,,,,,,,,,,,i saw that <mask> <mask> <mask> <mask> <mask> <mask> doing some nasty shit in a gay porn movie,▁cock chu gging ▁ass dig ger,6.0,3.60822580893546e-24,53.97882604598999,8.996471007664999,a guy a a and was,6.947567984860469e-08,37.49653697013855,6.249422828356425,3.0,4.0,0.0,13.0,0.0,2.0
4870,i saw that cockchugging assdigger doing some nasty shit in a gay porn movie,nasty shit,nasty shit,is_multiword,0,7,7|8,1,3.10564931233724,1,1.0,,,,,,,,,,,,,,,,,,,,,,,,,,,,,,,i saw that cockchugging assdigger doing some <mask> <mask> <mask> in a gay porn movie,▁na sty ▁shit,3.0,2.2997921037639355e-08,17.587862014770508,5.862620671590169,fucking some sex,0.0002558513163399,9.31694793701172,3.10564931233724,7.0,8.0,0.0,13.0,0.0,2.0
4873,"""bille bille bille what the fuck were you thinking bille kursta is a bitch (unrelated but to true) bille ""got muddy"" with chalik what twinks""",bille bille,bille bille,is_multiword,0,0,0|1,1,3.0316285490989685,0,1.0,,,,,,,,,,,,,,,,,,,,,,,,,,,,,,,<mask> <mask> <mask> <mask> bille what the fuck were you thinking bille kursta is a bitch unrelated but to true bille got muddy with chalik what twinks,▁bil le ▁bil le,4.0,1.6061926870565503e-11,24.85456943511963,6.213642358779907,you you you with,2.9667151162015376e-06,12.126514196395874,3.0316285490989685,0.0,1.0,0.0,24.0,0.0,2.0
4873,"""bille bille bille what the fuck were you thinking bille kursta is a bitch (unrelated but to true) bille ""got muddy"" with chalik what twinks""",bille bille bille,bille bille bille,is_multiword,0,0,0|1|2,1,2.517294645309448,0,1.0,,,,,,,,,,,,,,,,,,,,,,,,,,,,,,,<mask> <mask> <mask> <mask> <mask> <mask> what the fuck were you thinking bille kursta is a bitch unrelated but to true bille got muddy with chalik what twinks,▁bil le ▁bil le ▁bil le,6.0,2.4112459549335684e-16,35.96121788024902,5.993536313374837,you le is s s like,8.74429004918299e-10,15.10376787185669,2.517294645309448,0.0,2.0,0.0,24.0,0.0,3.0
4873,"""bille bille bille what the fuck were you thinking bille kursta is a bitch (unrelated but to true) bille ""got muddy"" with chalik what twinks""",fuck were,fuck were,is_multiword,0,5,5|6,1,1.5378494635224342,0,1.0,,,,,,,,,,,,,,,,,,,,,,,,,,,,,,,bille bille bille what the <mask> <mask> you thinking bille kursta is a bitch unrelated but to true bille got muddy with chalik what twinks,▁fuck ▁were,2.0,0.0278871871827063,3.579587936401367,1.7897939682006836,hell are,0.6041764370661392,3.0756989270448685,1.5378494635224342,5.0,6.0,0.0,24.0,0.0,2.0
4873,"""bille bille bille what the fuck were you thinking bille kursta is a bitch (unrelated but to true) bille ""got muddy"" with chalik what twinks""",fuck were you,fuck were you,is_multiword,0,5,5|6|7,1,1.595274657011032,0,1.0,,,,,,,,,,,,,,,,,,,,,,,,,,,,,,,bille bille bille what the <mask> <mask> <mask> thinking bille kursta is a bitch unrelated but to true bille got muddy with chalik what twinks,▁fuck ▁were ▁you,3.0,0.000591734748986,7.432452082633972,2.477484027544657,hell you you,0.0708898431570647,4.785823971033096,1.595274657011032,5.0,7.0,0.0,24.0,0.0,3.0
4873,"""bille bille bille what the fuck were you thinking bille kursta is a bitch (unrelated but to true) bille ""got muddy"" with chalik what twinks""",fuck were you thinking,fuck were you thinking,is_multiword,0,5,5|6|7|8,1,3.6648961305618286,0,1.0,,,,,,,,,,,,,,,,,,,,,,,,,,,,,,,bille bille bille what the <mask> <mask> <mask> <mask> bille kursta is a bitch unrelated but to true bille got muddy with chalik what twinks,▁fuck ▁were ▁you ▁thinking,4.0,7.984790368569746e-10,20.948312401771545,5.237078100442886,hell is is le,0.0018571209263683,14.659584522247314,3.6648961305618286,5.0,8.0,0.0,24.0,0.0,4.0
4873,"""bille bille bille what the fuck were you thinking bille kursta is a bitch (unrelated but to true) bille ""got muddy"" with chalik what twinks""",fuck were you thinking bille,fuck were you thinking bille,is_multiword,0,5,5|6|7|8|9,1,2.9231370290120444,0,1.0,,,,,,,,,,,,,,,,,,,,,,,,,,,,,,,bille bille bille what the <mask> <mask> <mask> <mask> <mask> <mask> kursta is a bitch unrelated but to true bille got muddy with chalik what twinks,▁fuck ▁were ▁you ▁thinking ▁bil le,6.0,1.4685245367530844e-14,31.851933121681213,5.308655520280202,hell is is the is that,6.079878446032578e-07,17.538822174072266,2.9231370290120444,5.0,9.0,0.0,24.0,0.0,5.0
4873,"""bille bille bille what the fuck were you thinking bille kursta is a bitch (unrelated but to true) bille ""got muddy"" with chalik what twinks""",fuck were you thinking bille kursta,fuck were you thinking bille kursta,is_multiword,0,5,5|6|7|8|9|10,1,3.993891641497612,0,1.0,,,,,,,,,,,,,,,,,,,,,,,,,,,,,,,bille bille bille what the <mask> <mask> <mask> <mask> <mask> <mask> <mask> <mask> is a bitch unrelated but to true bille got muddy with chalik what twinks,▁fuck ▁were ▁you ▁thinking ▁bil le ▁kur sta,8.0,1.975648406617214e-22,49.97597539424896,6.24699692428112,hell is is the the the the it,1.4856293418226265e-08,31.951133131980896,3.993891641497612,5.0,10.0,0.0,24.0,0.0,6.0
4873,"""bille bille bille what the fuck were you thinking bille kursta is a bitch (unrelated but to true) bille ""got muddy"" with chalik what twinks""",fuck were you thinking bille kursta is,fuck were you thinking bille kursta is,is_multiword,0,5,5|6|7|8|9|10|11,1,3.2977921432918973,0,1.0,,,,,,,,,,,,,,,,,,,,,,,,,,,,,,,bille bille bille what the <mask> <mask> <mask> <mask> <mask> <mask> <mask> <mask> <mask> a bitch unrelated but to true bille got muddy with chalik what twinks,▁fuck ▁were ▁you ▁thinking ▁bil le ▁kur sta ▁is,9.0,8.70271767167794e-23,50.79582178592682,5.643980198436314,hell is is the le le le le is,6.754158799735551e-10,29.680129289627075,3.2977921432918973,5.0,11.0,0.0,24.0,0.0,7.0
4873,"""bille bille bille what the fuck were you thinking bille kursta is a bitch (unrelated but to true) bille ""got muddy"" with chalik what twinks""",were you,were you,is_multiword,0,6,6|7,1,1.430381804704666,0,1.0,,,,,,,,,,,,,,,,,,,,,,,,,,,,,,,bille bille bille what the fuck <mask> <mask> thinking bille kursta is a bitch unrelated but to true bille got muddy with chalik what twinks,▁were ▁you,2.0,0.0241618849394429,3.722978889942169,1.8614894449710848,are you,0.4222256971554062,2.8607636094093323,1.430381804704666,6.0,7.0,0.0,24.0,0.0,2.0
4873,"""bille bille bille what the fuck were you thinking bille kursta is a bitch (unrelated but to true) bille ""got muddy"" with chalik what twinks""",were you thinking,were you thinking,is_multiword,0,6,6|7|8,1,5.183041910330455,1,1.0,,,,,,,,,,,,,,,,,,,,,,,,,,,,,,,bille bille bille what the fuck <mask> <mask> <mask> bille kursta is a bitch unrelated but to true bille got muddy with chalik what twinks,▁were ▁you ▁thinking,3.0,2.197759828246213e-09,19.935827255249023,6.645275751749675,is it le,0.0124417002588055,15.549125730991364,5.183041910330455,6.0,8.0,0.0,24.0,0.0,3.0
4873,"""bille bille bille what the fuck were you thinking bille kursta is a bitch (unrelated but to true) bille ""got muddy"" with chalik what twinks""",were you thinking bille,were you thinking bille,is_multiword,0,6,6|7|8|9,1,2.9051452398300173,0,1.0,,,,,,,,,,,,,,,,,,,,,,,,,,,,,,,bille bille bille what the fuck <mask> <mask> <mask> <mask> <mask> kursta is a bitch unrelated but to true bille got muddy with chalik what twinks,▁were ▁you ▁thinking ▁bil le,5.0,9.11962800498492e-13,27.723177194595337,5.544635438919068,is the is le le,1.855324405645609e-06,14.525726199150084,2.9051452398300173,6.0,9.0,0.0,24.0,0.0,4.0
4873,"""bille bille bille what the fuck were you thinking bille kursta is a bitch (unrelated but to true) bille ""got muddy"" with chalik what twinks""",were you thinking bille kursta,were you thinking bille kursta,is_multiword,0,6,6|7|8|9|10,1,4.566450348922184,0,1.0,,,,,,,,,,,,,,,,,,,,,,,,,,,,,,,bille bille bille what the fuck <mask> <mask> <mask> <mask> <mask> <mask> <mask> is a bitch unrelated but to true bille got muddy with chalik what twinks,▁were ▁you ▁thinking ▁bil le ▁kur sta,7.0,7.738782895782321e-21,46.30804252624512,6.615434646606445,is this le le le bil le,5.901494165080702e-07,31.96515244245529,4.566450348922184,6.0,10.0,0.0,24.0,0.0,5.0
4873,"""bille bille bille what the fuck were you thinking bille kursta is a bitch (unrelated but to true) bille ""got muddy"" with chalik what twinks""",were you thinking bille kursta is,were you thinking bille kursta is,is_multiword,0,6,6|7|8|9|10|11,1,3.945952244102955,0,1.0,,,,,,,,,,,,,,,,,,,,,,,,,,,,,,,bille bille bille what the fuck <mask> <mask> <mask> <mask> <mask> <mask> <mask> <mask> a bitch unrelated but to true bille got muddy with chalik what twinks,▁were ▁you ▁thinking ▁bil le ▁kur sta ▁is,8.0,1.2743037802031116e-21,48.11188697814941,6.013985872268677,is this le le le le le is,6.530031183033233e-08,31.56761795282364,3.945952244102955,6.0,11.0,0.0,24.0,0.0,6.0
4873,"""bille bille bille what the fuck were you thinking bille kursta is a bitch (unrelated but to true) bille ""got muddy"" with chalik what twinks""",you thinking,you thinking,is_multiword,0,7,7|8,1,1.6702136993408203,0,1.0,,,,,,,,,,,,,,,,,,,,,,,,,,,,,,,bille bille bille what the fuck were <mask> <mask> bille kursta is a bitch unrelated but to true bille got muddy with chalik what twinks,▁you ▁thinking,2.0,0.0016682501763084,6.395980000495911,3.1979900002479558,you ?,0.0470966878629153,3.3404273986816406,1.6702136993408203,7.0,8.0,0.0,24.0,0.0,2.0
4873,"""bille bille bille what the fuck were you thinking bille kursta is a bitch (unrelated but to true) bille ""got muddy"" with chalik what twinks""",you thinking bille,you thinking bille,is_multiword,0,7,7|8|9,1,2.347719132900238,0,1.0,,,,,,,,,,,,,,,,,,,,,,,,,,,,,,,bille bille bille what the fuck were <mask> <mask> <mask> <mask> kursta is a bitch unrelated but to true bille got muddy with chalik what twinks,▁you ▁thinking ▁bil le,4.0,4.112738685853124e-09,19.309176683425903,4.827294170856476,you to s and,4.9264828379015e-05,9.390876531600952,2.347719132900238,7.0,9.0,0.0,24.0,0.0,3.0
4873,"""bille bille bille what the fuck were you thinking bille kursta is a bitch (unrelated but to true) bille ""got muddy"" with chalik what twinks""",you thinking bille kursta,you thinking bille kursta,is_multiword,0,7,7|8|9|10,1,3.663605352242788,0,1.0,,,,,,,,,,,,,,,,,,,,,,,,,,,,,,,bille bille bille what the fuck were <mask> <mask> <mask> <mask> <mask> <mask> is a bitch unrelated but to true bille got muddy with chalik what twinks,▁you ▁thinking ▁bil le ▁kur sta,6.0,1.4062315957166924e-16,36.50044798851013,6.083407998085022,you to the le the this,4.949466415416265e-07,21.98163211345673,3.663605352242788,7.0,10.0,0.0,24.0,0.0,4.0
4873,"""bille bille bille what the fuck were you thinking bille kursta is a bitch (unrelated but to true) bille ""got muddy"" with chalik what twinks""",you thinking bille kursta is,you thinking bille kursta is,is_multiword,0,7,7|8|9|10|11,1,2.999935116086687,0,1.0,,,,,,,,,,,,,,,,,,,,,,,,,,,,,,,bille bille bille what the fuck were <mask> <mask> <mask> <mask> <mask> <mask> <mask> a bitch unrelated but to true bille got muddy with chalik what twinks,▁you ▁thinking ▁bil le ▁kur sta ▁is,7.0,7.234826748830626e-18,39.46762526035309,5.638232180050442,you in le le le le was,9.537070751482671e-09,20.99954581260681,2.999935116086687,7.0,11.0,0.0,24.0,0.0,5.0
4873,"""bille bille bille what the fuck were you thinking bille kursta is a bitch (unrelated but to true) bille ""got muddy"" with chalik what twinks""",thinking bille,thinking bille,is_multiword,0,8,8|9,1,3.419440031051636,0,1.0,,,,,,,,,,,,,,,,,,,,,,,,,,,,,,,bille bille bille what the fuck were you <mask> <mask> <mask> kursta is a bitch unrelated but to true bille got muddy with chalik what twinks,▁thinking ▁bil le,3.0,1.0232582289076406e-08,18.39768886566162,6.13256295522054,doing ing that,0.0002918213457665,10.258320093154907,3.419440031051636,8.0,9.0,0.0,24.0,0.0,2.0
4873,"""bille bille bille what the fuck were you thinking bille kursta is a bitch (unrelated but to true) bille ""got muddy"" with chalik what twinks""",thinking bille kursta,thinking bille kursta,is_multiword,0,8,8|9|10,1,4.467813181877136,0,1.0,,,,,,,,,,,,,,,,,,,,,,,,,,,,,,,bille bille bille what the fuck were you <mask> <mask> <mask> <mask> <mask> is a bitch unrelated but to true bille got muddy with chalik what twinks,▁thinking ▁bil le ▁kur sta,5.0,7.155842028863489e-16,34.87343239784241,6.974686479568481,doing to the the this,3.600756886118785e-06,22.33906590938568,4.467813181877136,8.0,10.0,0.0,24.0,0.0,3.0
4873,"""bille bille bille what the fuck were you thinking bille kursta is a bitch (unrelated but to true) bille ""got muddy"" with chalik what twinks""",thinking bille kursta is,thinking bille kursta is,is_multiword,0,8,8|9|10|11,1,3.1561381220817566,0,1.0,,,,,,,,,,,,,,,,,,,,,,,,,,,,,,,bille bille bille what the fuck were you <mask> <mask> <mask> <mask> <mask> <mask> a bitch unrelated but to true bille got muddy with chalik what twinks,▁thinking ▁bil le ▁kur sta ▁is,6.0,6.287445229610328e-16,35.002806663513184,5.83380111058553,doing ? le you le like,1.053499753137134e-07,18.93682873249054,3.1561381220817566,8.0,11.0,0.0,24.0,0.0,4.0
4873,"""bille bille bille what the fuck were you thinking bille kursta is a bitch (unrelated but to true) bille ""got muddy"" with chalik what twinks""",bille kursta,bille kursta,is_multiword,0,9,9|10,1,6.887277513742447,0,1.0,,,,,,,,,,,,,,,,,,,,,,,,,,,,,,,bille bille bille what the fuck were you thinking <mask> <mask> <mask> <mask> is a bitch unrelated but to true bille got muddy with chalik what twinks,▁bil le ▁kur sta,4.0,2.6958639666517603e-16,35.849642753601074,8.962410688400269,of the the this,0.0002483844777885,27.549110054969788,6.887277513742447,9.0,10.0,0.0,24.0,0.0,2.0
4873,"""bille bille bille what the fuck were you thinking bille kursta is a bitch (unrelated but to true) bille ""got muddy"" with chalik what twinks""",bille kursta is,bille kursta is,is_multiword,0,9,9|10|11,1,4.794903635978699,0,1.0,,,,,,,,,,,,,,,,,,,,,,,,,,,,,,,bille bille bille what the fuck were you thinking <mask> <mask> <mask> <mask> <mask> a bitch unrelated but to true bille got muddy with chalik what twinks,▁bil le ▁kur sta ▁is,5.0,5.765741568534406e-16,35.08942770957947,7.017885541915893,of the le le like,1.4888677552491393e-05,23.974518179893494,4.794903635978699,9.0,11.0,0.0,24.0,0.0,3.0
4873,"""bille bille bille what the fuck were you thinking bille kursta is a bitch (unrelated but to true) bille ""got muddy"" with chalik what twinks""",kursta is,kursta is,is_multiword,0,10,10|11,1,6.038898348808289,0,1.0,,,,,,,,,,,,,,,,,,,,,,,,,,,,,,,bille bille bille what the fuck were you thinking bille <mask> <mask> <mask> a bitch unrelated but to true bille got muddy with chalik what twinks,▁kur sta ▁is,3.0,1.7886822895627737e-11,24.746956825256348,8.248985608418783,got to like,0.0013198175405007,18.116695046424866,6.038898348808289,10.0,11.0,0.0,24.0,0.0,2.0
4873,"""bille bille bille what the fuck were you thinking bille kursta is a bitch (unrelated but to true) bille ""got muddy"" with chalik what twinks""",bitch unrelated,bitch unrelated,is_multiword,0,13,13|14,1,4.5518599152565,0,1.0,,,,,,,,,,,,,,,,,,,,,,,,,,,,,,,bille bille bille what the fuck were you thinking bille kursta is a <mask> <mask> <mask> <mask> but to true bille got muddy with chalik what twinks,▁bit ch ▁un related,4.0,1.7132773277085513e-13,29.395198106765747,7.348799526691437,"bit of to ,",1.3842618250193422e-05,18.207439661026,4.5518599152565,13.0,14.0,0.0,24.0,0.0,2.0
4873,"""bille bille bille what the fuck were you thinking bille kursta is a bitch (unrelated but to true) bille ""got muddy"" with chalik what twinks""",to true,to true,is_multiword,0,16,16|17,1,3.234159469604492,0,1.0,,,,,,,,,,,,,,,,,,,,,,,,,,,,,,,bille bille bille what the fuck were you thinking bille kursta is a bitch unrelated but <mask> <mask> bille got muddy with chalik what twinks,▁to ▁true,2.0,8.208107410115622e-06,11.71038818359375,5.855194091796875,it know,0.0052893006485987,6.468318939208984,3.234159469604492,16.0,17.0,0.0,24.0,0.0,2.0
4873,"""bille bille bille what the fuck were you thinking bille kursta is a bitch (unrelated but to true) bille ""got muddy"" with chalik what twinks""",to true bille,to true bille,is_multiword,0,16,16|17|18,1,7.214146345853805,0,1.0,,,,,,,,,,,,,,,,,,,,,,,,,,,,,,,bille bille bille what the fuck were you thinking bille kursta is a bitch unrelated but <mask> <mask> <mask> <mask> got muddy with chalik what twinks,▁to ▁true ▁bil le,4.0,5.827151880336096e-17,37.38141822814941,9.345354557037354,you know s ve,0.0001984778909322,28.856585383415226,7.214146345853805,16.0,18.0,0.0,24.0,0.0,3.0
4873,"""bille bille bille what the fuck were you thinking bille kursta is a bitch (unrelated but to true) bille ""got muddy"" with chalik what twinks""",to true bille got,to true bille got,is_multiword,0,16,16|17|18|19,1,5.831728315353393,0,1.0,,,,,,,,,,,,,,,,,,,,,,,,,,,,,,,bille bille bille what the fuck were you thinking bille kursta is a bitch unrelated but <mask> <mask> <mask> <mask> <mask> muddy with chalik what twinks,▁to ▁true ▁bil le ▁got,5.0,1.0581264659404733e-18,41.3900318145752,8.27800636291504,it ' s a so,4.875001051568014e-06,29.158641576766968,5.831728315353393,16.0,19.0,0.0,24.0,0.0,4.0
4873,"""bille bille bille what the fuck were you thinking bille kursta is a bitch (unrelated but to true) bille ""got muddy"" with chalik what twinks""",to true bille got muddy,to true bille got muddy,is_multiword,0,16,16|17|18|19|20,1,5.653048889977591,0,1.0,,,,,,,,,,,,,,,,,,,,,,,,,,,,,,,bille bille bille what the fuck were you thinking bille kursta is a bitch unrelated but <mask> <mask> <mask> <mask> <mask> <mask> <mask> with chalik what twinks,▁to ▁true ▁bil le ▁got ▁mudd y,7.0,3.833209487602132e-26,58.52350997924805,8.360501425606865,it is s to to to up,5.877303613139138e-09,39.57134222984314,5.653048889977591,16.0,20.0,0.0,24.0,0.0,5.0
4873,"""bille bille bille what the fuck were you thinking bille kursta is a bitch (unrelated but to true) bille ""got muddy"" with chalik what twinks""",true bille,true bille,is_multiword,0,17,17|18,1,10.116744995117188,1,1.0,,,,,,,,,,,,,,,,,,,,,,,,,,,,,,,bille bille bille what the fuck were you thinking bille kursta is a bitch unrelated but to <mask> <mask> <mask> got muddy with chalik what twinks,▁true ▁bil le,3.0,4.0439271443962605e-16,35.44414520263672,11.814715067545572,the honest he,0.0061339877075065,30.35023498535156,10.116744995117188,17.0,18.0,0.0,24.0,0.0,2.0
4873,"""bille bille bille what the fuck were you thinking bille kursta is a bitch (unrelated but to true) bille ""got muddy"" with chalik what twinks""",true bille got,true bille got,is_multiword,0,17,17|18|19,1,7.333557069301605,0,1.0,,,,,,,,,,,,,,,,,,,,,,,,,,,,,,,bille bille bille what the fuck were you thinking bille kursta is a bitch unrelated but to <mask> <mask> <mask> <mask> muddy with chalik what twinks,▁true ▁bil le ▁got,4.0,4.729601962629429e-17,37.59010553359985,9.397526383399963,me it is is,0.0002597275771637,29.33422827720642,7.333557069301605,17.0,19.0,0.0,24.0,0.0,3.0
4873,"""bille bille bille what the fuck were you thinking bille kursta is a bitch (unrelated but to true) bille ""got muddy"" with chalik what twinks""",true bille got muddy,true bille got muddy,is_multiword,0,17,17|18|19|20,1,6.4465052485466,0,1.0,,,,,,,,,,,,,,,,,,,,,,,,,,,,,,,bille bille bille what the fuck were you thinking bille kursta is a bitch unrelated but to <mask> <mask> <mask> <mask> <mask> <mask> with chalik what twinks,▁true ▁bil le ▁got ▁mudd y,6.0,6.987251083732359e-24,53.31795501708984,8.88632583618164,be you you is to up,4.389310376659782e-07,38.6790314912796,6.4465052485466,17.0,20.0,0.0,24.0,0.0,4.0
4873,"""bille bille bille what the fuck were you thinking bille kursta is a bitch (unrelated but to true) bille ""got muddy"" with chalik what twinks""",bille got,bille got,is_multiword,0,18,18|19,1,5.208395441373189,0,1.0,,,,,,,,,,,,,,,,,,,,,,,,,,,,,,,bille bille bille what the fuck were you thinking bille kursta is a bitch unrelated but to true <mask> <mask> <mask> muddy with chalik what twinks,▁bil le ▁got,3.0,2.583004635641853e-10,22.076897621154785,7.358965873718262,it is is,0.0015778197388244,15.625186324119568,5.208395441373189,18.0,19.0,0.0,24.0,0.0,2.0
4873,"""bille bille bille what the fuck were you thinking bille kursta is a bitch (unrelated but to true) bille ""got muddy"" with chalik what twinks""",bille got muddy,bille got muddy,is_multiword,0,18,18|19|20,1,4.77744836807251,0,1.0,,,,,,,,,,,,,,,,,,,,,,,,,,,,,,,bille bille bille what the fuck were you thinking bille kursta is a bitch unrelated but to true <mask> <mask> <mask> <mask> <mask> with chalik what twinks,▁bil le ▁got ▁mudd y,5.0,4.091040518175686e-17,37.73514723777771,7.547029447555542,life is is to up,9.681242529564264e-07,23.88724184036255,4.77744836807251,18.0,20.0,0.0,24.0,0.0,3.0
4873,"""bille bille bille what the fuck were you thinking bille kursta is a bitch (unrelated but to true) bille ""got muddy"" with chalik what twinks""",got muddy,got muddy,is_multiword,0,19,19|20,1,5.624182224273682,0,1.0,,,,,,,,,,,,,,,,,,,,,,,,,,,,,,,bille bille bille what the fuck were you thinking bille kursta is a bitch unrelated but to true bille <mask> <mask> <mask> with chalik what twinks,▁got ▁mudd y,3.0,2.948097932100093e-11,24.247275829315186,8.082425276438395,is a up,0.0006268964662939,16.872546672821045,5.624182224273682,19.0,20.0,0.0,24.0,0.0,2.0
4874,damn this test is consusing but i'll make it,i'll make,i'll make,is_multiword,0,6,6|7,1,1.865315467119217,1,1.0,,,,,,,,,,,,,,,,,,,,,,,,,,,,,,,damn this test is consusing but <mask> <mask> <mask> <mask> it,▁i ' ll ▁make,4.0,2.5042875651563336e-07,15.200091361999512,3.800022840499878,you can to do,0.0004355811273344,7.461261868476868,1.865315467119217,6.0,7.0,0.0,8.0,0.0,2.0
4877,"""are you going out tonight mate? ""fuckin yeh man, i'm already doing the bobby funk",mate fuckin,mate fuckin,is_multiword,0,5,5|6,1,5.912733674049377,0,1.0,,,,,,,,,,,,,,,,,,,,,,,,,,,,,,,are you going out tonight <mask> <mask> <mask> yeh man i'm already doing the bobby funk,▁mate ▁fuck in,3.0,8.703278415146635e-10,20.86215114593506,6.954050381978353,? </s> oh,0.0439830861878945,17.738201022148132,5.912733674049377,5.0,6.0,0.0,14.0,0.0,2.0
4877,"""are you going out tonight mate? ""fuckin yeh man, i'm already doing the bobby funk",mate fuckin yeh,mate fuckin yeh,is_multiword,0,5,5|6|7,1,6.878785148262978,0,1.0,,,,,,,,,,,,,,,,,,,,,,,,,,,,,,,are you going out tonight <mask> <mask> <mask> <mask> man i'm already doing the bobby funk,▁mate ▁fuck in ▁yeh,4.0,3.450315869350881e-15,33.30031061172485,8.325077652931213,? </s> </s> oh,0.0030727879001352,27.51514059305191,6.878785148262978,5.0,7.0,0.0,14.0,0.0,3.0
4877,"""are you going out tonight mate? ""fuckin yeh man, i'm already doing the bobby funk",fuckin yeh,fuckin yeh,is_multiword,0,6,6|7,1,7.177539924780528,0,1.0,,,,,,,,,,,,,,,,,,,,,,,,,,,,,,,are you going out tonight mate <mask> <mask> <mask> man i'm already doing the bobby funk,▁fuck in ▁yeh,3.0,1.2822273728623814e-11,25.079837322235107,8.35994577407837,? </s> oh,0.0288046758852058,21.532619774341583,7.177539924780528,6.0,7.0,0.0,14.0,0.0,2.0
4878,"""everytime with go out to the club, my goddamn cousin be acting like a goal keeper",be acting,be acting,is_multiword,0,10,10|11,1,4.690933227539063,0,1.0,,,,,,,,,,,,,,,,,,,,,,,,,,,,,,,everytime with go out to the club my goddamn cousin <mask> <mask> <mask> like a goal keeper,▁be ▁ac ting,3.0,2.367888777843644e-09,19.86126708984375,6.62042236328125,s s me,0.0030626724109999,14.072799682617188,4.690933227539063,10.0,11.0,0.0,15.0,0.0,2.0
4878,"""everytime with go out to the club, my goddamn cousin be acting like a goal keeper",goal keeper,goal keeper,is_multiword,1,14,14|15,1,5.488014300664266,0,1.0,,,,,,,,,,,,,,,,,,,,,,,,,,,,,,,everytime with go out to the club my goddamn cousin be acting like a <mask> <mask> <mask>,▁goal ▁ keeper,3.0,1.5436869972937888e-11,24.894262313842773,8.298087437947592, . .,0.0002181736152618,16.464042901992798,5.488014300664266,14.0,15.0,0.0,15.0,0.0,2.0
4879,"""all of us in suits man? we would look hard af ""dude, we are hard af in this""""",of us,of us,is_multiword,0,1,1|2,1,0.6180591583251953,1,1.0,,,,,,,,,,,,,,,,,,,,,,,,,,,,,,,all <mask> <mask> in suits man we would look hard af dude we are hard af in this,▁of ▁us,2.0,0.0044092588618435,5.424048662185669,2.7120243310928345,the men,0.0151776649108748,1.2361183166503906,0.6180591583251953,1.0,2.0,0.0,17.0,0.0,2.0
4879,"""all of us in suits man? we would look hard af ""dude, we are hard af in this""""",hard af,hard af,is_multiword,1,9,9|10,1,4.892305374145508,1,1.0,,,,,,,,,,,,,,,,,,,,,,,,,,,,,,,all of us in suits man we would look <mask> <mask> dude we are hard af in this,▁hard ▁af,2.0,8.250470890507931e-07,14.007825374603271,7.003912687301636,like you,0.0146514697207976,9.784610748291016,4.892305374145508,9.0,10.0,0.0,17.0,0.0,2.0
4881,get the hell away from me i'm an analsexophobic,the hell,the hell,is_multiword,0,1,1|2,1,2.167207717895508,0,1.0,,,,,,,,,,,,,,,,,,,,,,,,,,,,,,,get <mask> <mask> away from me i'm an analsexophobic,▁the ▁hell,2.0,0.000365876336391,7.913215160369873,3.956607580184937,a fuck,0.0279091768584629,4.334415435791016,2.167207717895508,1.0,2.0,0.0,8.0,0.0,2.0
4881,get the hell away from me i'm an analsexophobic,an analsexophobic,an analsexophobic,is_multiword,0,7,7|8,1,6.971045712629954,1,1.0,,,,,,,,,,,,,,,,,,,,,,,,,,,,,,,get the hell away from me i'm <mask> <mask> <mask> <mask> <mask> <mask>,▁an ▁anal sex o pho bic,6.0,2.522081985644878e-25,56.63954257965088,9.439923763275146,gonna to to you you .,3.68705245840141e-07,41.82627427577973,6.971045712629954,7.0,8.0,0.0,8.0,0.0,2.0
4884,"molina, would you quit being such a homotard",quit being,quit being,is_multiword,0,3,3|4,1,7.123859226703644,1,1.0,,,,,,,,,,,,,,,,,,,,,,,,,,,,,,,molina would you <mask> <mask> <mask> such a homotard,▁qui t ▁being,3.0,2.7333634030405568e-11,24.32290315628052,8.10763438542684,like to have,0.0522703768726437,21.37157768011093,7.123859226703644,3.0,4.0,0.0,7.0,0.0,2.0
4886,peter frampton has a biffy claw,biffy claw,biffy claw,is_multiword,1,4,4|5,1,11.30725011229515,1,1.0,,,,,,,,,,,,,,,,,,,,,,,,,,,,,,,peter frampton has a <mask> <mask> <mask> <mask>,▁bi ffy ▁c law,4.0,1.216768050754749e-23,52.763258934021,13.190814733505247,"favorite , . .",0.0005344574248468,45.2290004491806,11.30725011229515,4.0,5.0,0.0,5.0,0.0,2.0
4887,those new jeans are so nisha,so nisha,so nisha,is_multiword,0,4,4|5,1,6.930922309557597,0,1.0,,,,,,,,,,,,,,,,,,,,,,,,,,,,,,,those new jeans are <mask> <mask> <mask>,▁so ▁ni sha,3.0,1.7883935455812224e-12,27.04970335960388,9.016567786534628,really cool .,0.0019171100082604,20.79276692867279,6.930922309557597,4.0,5.0,0.0,5.0,0.0,2.0
4889,regina: have you seen glen coco recently? cady: yeah he has a bare glenky cock,cady yeah,cady yeah,is_multiword,0,7,7|8,1,7.8879534304142,0,1.0,,,,,,,,,,,,,,,,,,,,,,,,,,,,,,,regina have you seen glen coco recently <mask> <mask> <mask> he has a bare glenky cock,▁ca dy ▁yeah,3.0,2.608408662432551e-12,26.67228078842163,8.89076026280721,? I think,0.0493695966256592,23.6638602912426,7.8879534304142,7.0,8.0,0.0,14.0,0.0,2.0
4890,"did you see all of his diox? dang dude, pissing with diox is hard",diox dang,diox dang,is_multiword,0,6,6|7,1,6.801839858293533,0,1.0,,,,,,,,,,,,,,,,,,,,,,,,,,,,,,,did you see all of his <mask> <mask> <mask> <mask> dude pissing with diox is hard,▁di ox ▁dan g,4.0,3.055045699439914e-16,35.72456693649292,8.93114173412323,dick s this this,0.0001999971376399,27.207359433174133,6.801839858293533,6.0,7.0,0.0,13.0,0.0,2.0
4890,"did you see all of his diox? dang dude, pissing with diox is hard",diox dang dude,diox dang dude,is_multiword,0,6,6|7|8,1,6.178182244300842,0,1.0,,,,,,,,,,,,,,,,,,,,,,,,,,,,,,,did you see all of his <mask> <mask> <mask> <mask> <mask> <mask> pissing with diox is hard,▁di ox ▁dan g ▁du de,6.0,7.118857971194033e-23,50.9967098236084,8.499451637268066,pis s </s> you you that,8.939496727654048e-07,37.069093465805054,6.178182244300842,6.0,8.0,0.0,13.0,0.0,3.0
4890,"did you see all of his diox? dang dude, pissing with diox is hard",dang dude,dang dude,is_multiword,0,7,7|8,1,6.465823143720627,0,1.0,,,,,,,,,,,,,,,,,,,,,,,,,,,,,,,did you see all of his diox <mask> <mask> <mask> <mask> pissing with diox is hard,▁dan g ▁du de,4.0,1.9765758204841703e-15,33.8574104309082,8.46435260772705,? ? you that,0.0003374416822128,25.863292574882507,6.465823143720627,7.0,8.0,0.0,13.0,0.0,2.0
4892,"""dude last night at the bar i was boincing so hard, that the dj gave me a shout out, ""yo look at that freaxxxx boincing hard",freaxxxx boincing,freaxxxx boincing,is_multiword,0,23,23|24,1,6.369432399670283,0,1.0,,,,,,,,,,,,,,,,,,,,,,,,,,,,,,,dude last night at the bar i was boincing so hard that the dj gave me a shout out yo look at that <mask> <mask> <mask> <mask> <mask> <mask> hard,▁fre ax xxx ▁bo i ncing,6.0,9.038808267722369e-23,50.75792980194092,8.459654966990152,guy i was i fucking so,3.5757507498068977e-06,38.2165943980217,6.369432399670283,23.0,24.0,0.0,25.0,0.0,2.0
4893,watch boobzy carry the bap,boobzy carry,boobzy carry,is_multiword,0,1,1|2,1,5.809503644704819,0,1.0,,,,,,,,,,,,,,,,,,,,,,,,,,,,,,,watch <mask> <mask> <mask> <mask> the bap,▁ boob zy ▁carry,4.0,6.131645870397476e-15,32.72531318664551,8.181328296661377,the movie s of,7.58086157273321e-05,23.238014578819275,5.809503644704819,1.0,2.0,0.0,4.0,0.0,2.0
4895,the gas has been turned off again so i'm going to cuddle up in a beer blanket,turned off,turned off,is_multiword,0,4,4|5,1,1.38029283285141,1,1.0,,,,,,,,,,,,,,,,,,,,,,,,,,,,,,,the gas has been <mask> <mask> again so i'm going to cuddle up in a beer blanket,▁turned ▁off,2.0,0.000910363972144,7.001666069030762,3.500833034515381,blow ing,0.0143920342386945,2.76058566570282,1.38029283285141,4.0,5.0,0.0,16.0,0.0,2.0
4897,"jennifer lopez, though obnoxious, is a triple threat",though obnoxious,though obnoxious,is_multiword,0,2,2|3,1,6.444689178466797,0,1.0,,,,,,,,,,,,,,,,,,,,,,,,,,,,,,,jennifer lopez <mask> <mask> <mask> <mask> <mask> is a triple threat,▁though ▁ob no xio us,5.0,1.043673132787304e-21,48.311540603637695,9.66230812072754,"and the , , it",1.030455502225324e-07,32.223445892333984,6.444689178466797,2.0,3.0,0.0,7.0,0.0,2.0
4899,oh shit my beaver spit is all over him,beaver spit,beaver spit,is_multiword,1,3,3|4,1,4.610626912117004,0,1.0,,,,,,,,,,,,,,,,,,,,,,,,,,,,,,,oh shit my <mask> <mask> <mask> <mask> <mask> is all over him,▁be a ver ▁spi t,5.0,1.9140152597617032e-16,36.192158222198486,7.238431644439697,"god , my my it",1.966955461612872e-06,23.053134560585026,4.610626912117004,3.0,4.0,0.0,8.0,0.0,2.0
4901,"look, more crap from that e hole bla bla",bla bla,bla bla,is_multiword,0,7,7|8,1,8.760478973388672,1,1.0,,,,,,,,,,,,,,,,,,,,,,,,,,,,,,,look more crap from that e hole <mask> <mask>,▁bla ▁bla,2.0,1.2498596100722799e-09,20.50023460388184,10.250117301940918,. </s>,0.0508295877916607,17.520957946777344,8.760478973388672,7.0,8.0,0.0,8.0,0.0,2.0
4902,"if you're going out, would you pick me up a large farva on the way back",large farva,large farva,is_multiword,1,10,10|11,1,6.83697779973348,0,1.0,,,,,,,,,,,,,,,,,,,,,,,,,,,,,,,if you're going out would you pick me up a <mask> <mask> <mask> on the way back,▁large ▁far va,3.0,3.751481274050735e-13,28.61145544052124,9.53715181350708,few of you,0.0003033807194604,20.51093339920044,6.83697779973348,10.0,11.0,0.0,15.0,0.0,2.0
4904,he beat the breaks off that weak nigga,breaks off,breaks off,is_multiword,0,3,3|4,1,2.751309633255005,0,1.0,,,,,,,,,,,,,,,,,,,,,,,,,,,,,,,he beat the <mask> <mask> <mask> that weak nigga,▁break s ▁off,3.0,7.701796262860798e-08,16.37922716140747,5.459742387135823, and with,0.0002959564444361,8.253928899765015,2.751309633255005,3.0,4.0,0.0,7.0,0.0,2.0
4906,dude check out that guys clydesdankles,guys clydesdankles,guys clydesdankles,is_multiword,0,4,4|5,1,5.115410906927926,1,1.0,,,,,,,,,,,,,,,,,,,,,,,,,,,,,,,dude check out that <mask> <mask> <mask> <mask> <mask> <mask> <mask>,▁guys ▁c ly des dan kle s,7.0,2.687229569159e-25,56.57611656188965,8.082302365984235,we is a a the . </s>,9.560219781983635e-10,35.80787634849548,5.115410906927926,4.0,5.0,0.0,5.0,0.0,2.0
4908,-(when explaining something) about the churva churva,churva churva,churva churva,is_multiword,0,5,5|6,1,8.615514010190964,1,1.0,,,,,,,,,,,,,,,,,,,,,,,,,,,,,,,when explaining something about the <mask> <mask> <mask> <mask>,▁chur va ▁chur va,4.0,4.332950966645008e-20,44.58545303344727,11.146363258361816, of . </s>,4.0129573861874376e-05,34.462056040763855,8.615514010190964,5.0,6.0,0.0,6.0,0.0,2.0
4909,"""oh don't get started with that kbism crap ""you know im serious""""",get started,get started,is_multiword,0,2,2|3,1,2.071521818637848,0,1.0,,,,,,,,,,,,,,,,,,,,,,,,,,,,,,,oh don't <mask> <mask> with that kbism crap you know im serious,▁get ▁started,2.0,0.000961176360846,6.947352647781372,3.473676323890686,come me,0.0605485951641013,4.143043637275696,2.071521818637848,2.0,3.0,0.0,11.0,0.0,2.0
4912,deavian is such a mega whore,mega whore,mega whore,is_multiword,0,4,4|5,1,6.143989562988281,0,1.0,,,,,,,,,,,,,,,,,,,,,,,,,,,,,,,deavian is such a <mask> <mask> <mask>,▁mega ▁who re,3.0,6.631727621046333e-12,25.739155769348145,8.579718589782715,word as .,0.0006707010291733,18.431968688964844,6.143989562988281,4.0,5.0,0.0,5.0,0.0,2.0
4914,the security guys burnt the hive halfway through leaving us beeophobic,guys burnt,guys burnt,is_multiword,0,2,2|3,1,5.217589338620504,0,1.0,,,,,,,,,,,,,,,,,,,,,,,,,,,,,,,the security <mask> <mask> <mask> the hive halfway through leaving us beeophobic,▁guys ▁burn t,3.0,1.2556953153063158e-09,20.49557638168335,6.83185879389445,guard out in,0.0078848793032204,15.652768015861511,5.217589338620504,2.0,3.0,0.0,10.0,0.0,2.0
4916,"i'll come over, but i have a mortar in the chamber so i need to take care of that first",take care,take care,is_multiword,0,15,15|16,1,1.912311553955078,0,1.0,,,,,,,,,,,,,,,,,,,,,,,,,,,,,,,i'll come over but i have a mortar in the chamber so i need to <mask> <mask> of that first,▁take ▁care,2.0,0.0058943399605151,5.133762717247009,2.5668813586235046,get rid,0.2700523069407076,3.824623107910156,1.912311553955078,15.0,16.0,0.0,19.0,0.0,2.0
4916,"i'll come over, but i have a mortar in the chamber so i need to take care of that first",take care of,take care of,is_multiword,0,15,15|16|17,1,2.16625968615214,1,1.0,,,,,,,,,,,,,,,,,,,,,,,,,,,,,,,i'll come over but i have a mortar in the chamber so i need to <mask> <mask> <mask> that first,▁take ▁care ▁of,3.0,3.115054748287968e-06,12.679263830184937,4.2264212767283125,get up to,0.0020694244129901,6.498779058456421,2.16625968615214,15.0,17.0,0.0,19.0,0.0,3.0
4916,"i'll come over, but i have a mortar in the chamber so i need to take care of that first",care of,care of,is_multiword,0,16,16|17,1,0.0,0,1.0,,,,,,,,,,,,,,,,,,,,,,,,,,,,,,,i'll come over but i have a mortar in the chamber so i need to take <mask> <mask> that first,▁care ▁of,2.0,0.2058452941025433,1.5806303918361664,0.7903151959180832,care of,0.2058452941025433,0.0,0.0,16.0,17.0,0.0,19.0,0.0,2.0
4920,you are retarded for not loving fat mike,retarded for,retarded for,is_multiword,0,2,2|3,1,5.654757380485535,0,1.0,,,,,,,,,,,,,,,,,,,,,,,,,,,,,,,you are <mask> <mask> <mask> not loving fat mike,▁retard ed ▁for,3.0,2.763223989394045e-10,22.00945281982422,7.336484273274739,here to are,0.0064402966364403,16.964272141456604,5.654757380485535,2.0,3.0,0.0,7.0,0.0,2.0
4920,you are retarded for not loving fat mike,retarded for not,retarded for not,is_multiword,0,2,2|3|4,1,7.241679325699806,0,1.0,,,,,,,,,,,,,,,,,,,,,,,,,,,,,,,you are <mask> <mask> <mask> <mask> loving fat mike,▁retard ed ▁for ▁not,4.0,1.2028368918162012e-15,34.35409355163574,8.588523387908936,here : : you,0.0045739585347969,28.966717302799225,7.241679325699806,2.0,4.0,0.0,7.0,0.0,3.0
4920,you are retarded for not loving fat mike,retarded for not loving,retarded for not loving,is_multiword,0,2,2|3|4|5,1,7.836187899112701,1,1.0,,,,,,,,,,,,,,,,,,,,,,,,,,,,,,,you are <mask> <mask> <mask> <mask> <mask> <mask> fat mike,▁retard ed ▁for ▁not ▁lo ving,6.0,7.017823111264489e-26,57.9187593460083,9.65312655766805,here : : : : big,1.8428135622443303e-05,47.01712739467621,7.836187899112701,2.0,5.0,0.0,7.0,0.0,4.0
4920,you are retarded for not loving fat mike,for not,for not,is_multiword,0,3,3|4,1,1.3861370086669922,0,1.0,,,,,,,,,,,,,,,,,,,,,,,,,,,,,,,you are retarded <mask> <mask> loving fat mike,▁for ▁not,2.0,0.0011012626503403,6.81129789352417,3.405648946762085,and a,0.0176146581137608,2.7722740173339844,1.3861370086669922,3.0,4.0,0.0,7.0,0.0,2.0
4920,you are retarded for not loving fat mike,for not loving,for not loving,is_multiword,0,3,3|4|5,1,4.2610655426979065,0,1.0,,,,,,,,,,,,,,,,,,,,,,,,,,,,,,,you are retarded <mask> <mask> <mask> <mask> fat mike,▁for ▁not ▁lo ving,4.0,7.468535196750774e-12,25.620322227478027,6.405080556869507,and you you a,0.0001885664569046,17.044262170791626,4.2610655426979065,3.0,5.0,0.0,7.0,0.0,3.0
4920,you are retarded for not loving fat mike,not loving,not loving,is_multiword,0,4,4|5,1,3.952982584635417,0,1.0,,,,,,,,,,,,,,,,,,,,,,,,,,,,,,,you are retarded for <mask> <mask> <mask> fat mike,▁not ▁lo ving,3.0,2.5855037584505e-09,19.773345470428467,6.591115156809489,the to big,0.0003654439228054,11.85894775390625,3.952982584635417,4.0,5.0,0.0,7.0,0.0,2.0
4921,john is such a bell sniffer,bell sniffer,bell sniffer,is_multiword,1,4,4|5,1,6.6517553627491,0,1.0,,,,,,,,,,,,,,,,,,,,,,,,,,,,,,,john is such a <mask> <mask> <mask> <mask>,▁bell ▁s ni ffer,4.0,1.2151801916654796e-16,36.64646911621094,9.161617279052734,good as the .,4.364387242689266e-05,26.6070214509964,6.6517553627491,4.0,5.0,0.0,5.0,0.0,2.0
4923,omg look at justin bieber over their having gaynal,over their,over their,is_multiword,0,5,5|6,1,7.01600456237793,0,1.0,,,,,,,,,,,,,,,,,,,,,,,,,,,,,,,omg look at justin bieber <mask> <mask> having gaynal,▁over ▁their,2.0,1.28578596102271e-08,18.169310569763184,9.084655284881592,who is,0.0159658782238101,14.03200912475586,7.01600456237793,5.0,6.0,0.0,8.0,0.0,2.0
4925,i went down on blastradys in chicago,on blastradys,on blastradys,is_multiword,0,3,3|4,1,7.099402368068695,0,1.0,,,,,,,,,,,,,,,,,,,,,,,,,,,,,,,i went down <mask> <mask> <mask> <mask> in chicago,▁on ▁bla stra dys,4.0,2.4255128947161082e-17,38.25790357589722,9.564475893974304,to the the s,5.220699315184831e-05,28.39760947227478,7.099402368068695,3.0,4.0,0.0,6.0,0.0,2.0
4928,those hoes look like ddp - discount dumpster pussy,dumpster pussy,dumpster pussy,is_multiword,0,6,6|7,1,5.885964870452881,0,1.0,,,,,,,,,,,,,,,,,,,,,,,,,,,,,,,those hoes look like ddp - <mask> <mask> <mask> <mask> pussy,▁discount ▁du mp ster,4.0,2.7320429720397117e-16,35.83631181716919,8.959077954292297, s in wet,4.586229480793078e-06,23.543859481811523,5.885964870452881,6.0,7.0,0.0,8.0,0.0,2.0
4930,"why did you chav up your car with that body kit, you [spanny]",chav up,chav up,is_multiword,1,3,3|4,1,6.622419893741608,0,1.0,,,,,,,,,,,,,,,,,,,,,,,,,,,,,,,why did you <mask> <mask> <mask> your car with that body kit you spanny,▁cha v ▁up,3.0,1.8945430080048583e-11,24.68945837020874,8.229819456736246,want to in,0.0080490702671641,19.867259681224823,6.622419893741608,3.0,4.0,0.0,12.0,0.0,2.0
4932,"moose is down-to-earth in real life, but he is totally e-hung on the forums",totally e-hung,totally e-hung,is_multiword,0,10,10|11,1,3.289466917514801,0,1.0,,,,,,,,,,,,,,,,,,,,,,,,,,,,,,,moose is down-to-earth in real life but he is totally <mask> <mask> <mask> <mask> the forums,▁e - hung ▁on,4.0,1.436741298843788e-10,22.66347336769104,5.66586834192276,in to ed on,7.443340703386498e-05,13.157867670059204,3.289466917514801,10.0,11.0,0.0,13.0,0.0,2.0
4933,voy a ser el mas bocon - calle 13,voy a,voy a,is_multiword,0,0,0|1,1,2.762069702148437,0,1.0,,,,,,,,,,,,,,,,,,,,,,,,,,,,,,,<mask> <mask> ser el mas bocon - calle 13,▁voy ▁a,2.0,5.605772795000832e-05,9.789128541946411,4.894564270973206,Qui de,0.0140520197701805,5.524139404296875,2.762069702148437,0.0,1.0,0.0,8.0,0.0,2.0
4933,voy a ser el mas bocon - calle 13,voy a ser,voy a ser,is_multiword,0,0,0|1|2,1,4.285555680592855,0,1.0,,,,,,,,,,,,,,,,,,,,,,,,,,,,,,,<mask> <mask> <mask> el mas bocon - calle 13,▁voy ▁a ▁ser,3.0,2.540228390907574e-10,22.093596935272217,7.364532311757405,"calle s ,",9.737608673830084e-05,12.856667041778564,4.285555680592855,0.0,2.0,0.0,8.0,0.0,3.0
4933,voy a ser el mas bocon - calle 13,voy a ser el,voy a ser el,is_multiword,0,0,0|1|2|3,1,3.346572458744049,0,1.0,,,,,,,,,,,,,,,,,,,,,,,,,,,,,,,<mask> <mask> <mask> <mask> mas bocon - calle 13,▁voy ▁a ▁ser ▁el,4.0,9.197748348654302e-12,25.41206240653992,6.353015601634979,</s> de de el,5.987883353957056e-06,13.386289834976196,3.346572458744049,0.0,3.0,0.0,8.0,0.0,4.0
4933,voy a ser el mas bocon - calle 13,voy a ser el mas,voy a ser el mas,is_multiword,0,0,0|1|2|3|4,1,4.717889022827149,0,1.0,,,,,,,,,,,,,,,,,,,,,,,,,,,,,,,<mask> <mask> <mask> <mask> <mask> bocon - calle 13,▁voy ▁a ▁ser ▁el ▁mas,5.0,2.0877257895677217e-17,38.40787124633789,7.681574249267578,</s> : : - -,3.668084234246833e-07,23.589445114135746,4.717889022827149,0.0,4.0,0.0,8.0,0.0,5.0
4933,voy a ser el mas bocon - calle 13,voy a ser el mas bocon,voy a ser el mas bocon,is_multiword,0,0,0|1|2|3|4|5,1,5.248987776892526,1,1.0,,,,,,,,,,,,,,,,,,,,,,,,,,,,,,,<mask> <mask> <mask> <mask> <mask> <mask> <mask> - calle 13,▁voy ▁a ▁ser ▁el ▁mas ▁bo con,7.0,4.537403540652321e-27,60.657442569732666,8.665348938533239," : : - - , )",4.1119932698813454e-11,36.74291443824768,5.248987776892526,0.0,5.0,0.0,8.0,0.0,6.0
4933,voy a ser el mas bocon - calle 13,a ser,a ser,is_multiword,0,1,1|2,1,0.0,0,1.0,,,,,,,,,,,,,,,,,,,,,,,,,,,,,,,voy <mask> <mask> el mas bocon - calle 13,▁a ▁ser,2.0,0.2095422796528047,1.5628297477960589,0.7814148738980293,a ser,0.2095422796528047,0.0,0.0,1.0,2.0,0.0,8.0,0.0,2.0
4933,voy a ser el mas bocon - calle 13,a ser el,a ser el,is_multiword,0,1,1|2|3,1,0.2043863932291666,0,1.0,,,,,,,,,,,,,,,,,,,,,,,,,,,,,,,voy <mask> <mask> <mask> mas bocon - calle 13,▁a ▁ser ▁el,3.0,0.0002522269491314,8.285181283950806,2.761727094650269,a a un,0.0004656752271478,0.6131591796875,0.2043863932291666,1.0,3.0,0.0,8.0,0.0,3.0
4933,voy a ser el mas bocon - calle 13,a ser el mas,a ser el mas,is_multiword,0,1,1|2|3|4,1,1.8532332181930544,0,1.0,,,,,,,,,,,,,,,,,,,,,,,,,,,,,,,voy <mask> <mask> <mask> <mask> bocon - calle 13,▁a ▁ser ▁el ▁mas,4.0,1.7300332494188372e-08,17.87254011631012,4.46813502907753,a  - -,2.867149186882044e-05,7.412932872772217,1.8532332181930544,1.0,4.0,0.0,8.0,0.0,4.0
4933,voy a ser el mas bocon - calle 13,a ser el mas bocon,a ser el mas bocon,is_multiword,0,1,1|2|3|4|5,1,3.766046524047852,0,1.0,,,,,,,,,,,,,,,,,,,,,,,,,,,,,,,voy <mask> <mask> <mask> <mask> <mask> <mask> - calle 13,▁a ▁ser ▁el ▁mas ▁bo con,6.0,1.2765243525238045e-17,38.899805545806885,6.483300924301148,a - - - - 13,8.307463623082154e-08,22.59627914428711,3.766046524047852,1.0,5.0,0.0,8.0,0.0,5.0
4933,voy a ser el mas bocon - calle 13,ser el,ser el,is_multiword,0,2,2|3,1,0.4528598189353943,0,1.0,,,,,,,,,,,,,,,,,,,,,,,,,,,,,,,voy a <mask> <mask> mas bocon - calle 13,▁ser ▁el,2.0,0.0046353858552361,5.374035835266113,2.6870179176330566,ser un,0.0114666071075278,0.9057196378707886,0.4528598189353943,2.0,3.0,0.0,8.0,0.0,2.0
4933,voy a ser el mas bocon - calle 13,ser el mas,ser el mas,is_multiword,0,2,2|3|4,1,2.1351242462793985,0,1.0,,,,,,,,,,,,,,,,,,,,,,,,,,,,,,,voy a <mask> <mask> <mask> bocon - calle 13,▁ser ▁el ▁mas,3.0,1.3893284675884245e-06,13.486690044403076,4.495563348134358,ver un un,0.0008406650059671,6.405372738838196,2.1351242462793985,2.0,4.0,0.0,8.0,0.0,3.0
4933,voy a ser el mas bocon - calle 13,ser el mas bocon,ser el mas bocon,is_multiword,0,2,2|3|4|5,1,2.7894031524658205,0,1.0,,,,,,,,,,,,,,,,,,,,,,,,,,,,,,,voy a <mask> <mask> <mask> <mask> <mask> - calle 13,▁ser ▁el ▁mas ▁bo con,5.0,3.8324753325088295e-14,30.892680406570435,6.178536081314087,ver a -  s,4.371106145909105e-08,13.947015762329102,2.7894031524658205,2.0,5.0,0.0,8.0,0.0,4.0
4933,voy a ser el mas bocon - calle 13,el mas,el mas,is_multiword,0,3,3|4,1,2.432575225830078,0,1.0,,,,,,,,,,,,,,,,,,,,,,,,,,,,,,,voy a ser <mask> <mask> bocon - calle 13,▁el ▁mas,2.0,0.0002867220030134,8.156997442245483,4.078498721122742,un buen,0.0371851053914212,4.865150451660156,2.432575225830078,3.0,4.0,0.0,8.0,0.0,2.0
4933,voy a ser el mas bocon - calle 13,el mas bocon,el mas bocon,is_multiword,0,3,3|4|5,1,3.2829191088676453,0,1.0,,,,,,,,,,,,,,,,,,,,,,,,,,,,,,,voy a ser <mask> <mask> <mask> <mask> - calle 13,▁el ▁mas ▁bo con,4.0,5.617302850846473e-12,25.90516948699951,6.476292371749878,un de de !,2.8349307396857494e-06,13.13167643547058,3.2829191088676453,3.0,5.0,0.0,8.0,0.0,3.0
4933,voy a ser el mas bocon - calle 13,mas bocon,mas bocon,is_multiword,0,4,4|5,1,4.070091366767883,0,1.0,,,,,,,,,,,,,,,,,,,,,,,,,,,,,,,voy a ser el <mask> <mask> <mask> - calle 13,▁mas ▁bo con,3.0,3.270143002713273e-09,19.538432121276852,6.512810707092285,mejor de mundo,0.0006567822527503,12.21027410030365,4.070091366767883,4.0,5.0,0.0,8.0,0.0,2.0
4934,"dude, lets cut through bellevue and do some speed humping",speed humping,speed humping,is_multiword,1,8,8|9,1,6.871248841285706,1,1.0,,,,,,,,,,,,,,,,,,,,,,,,,,,,,,,dude lets cut through bellevue and do some <mask> <mask> <mask>,▁speed ▁hum ping,3.0,2.1567921771612e-12,26.862399101257324,8.954133033752441,good . .,0.0019330570269618,20.61374652385712,6.871248841285706,8.0,9.0,0.0,9.0,0.0,2.0
4937,that guys candlesticking good,guys candlesticking,guys candlesticking,is_multiword,0,1,1|2,1,6.443223094940185,0,1.0,,,,,,,,,,,,,,,,,,,,,,,,,,,,,,,that <mask> <mask> <mask> <mask> <mask> good,▁guys ▁cand le stick ing,5.0,1.3747258207629675e-20,45.733447551727295,9.14668951034546,"' s , is so",1.3474022520374631e-06,32.21611547470093,6.443223094940185,1.0,2.0,0.0,3.0,0.0,2.0
4941,i'm going to go elope with my dog,go elope,go elope,is_multiword,0,3,3|4,1,4.914386908213298,0,1.0,,,,,,,,,,,,,,,,,,,,,,,,,,,,,,,i'm going to <mask> <mask> <mask> with my dog,▁go ▁e lope,3.0,5.338135155462826e-10,21.350974559783936,7.1169915199279785,be a day,0.0013497797673392,14.743160724639893,4.914386908213298,3.0,4.0,0.0,7.0,0.0,2.0
4942,yer wanna see my twatbook collection,yer wanna,yer wanna,is_multiword,0,0,0|1,1,8.308547874291738,0,1.0,,,,,,,,,,,,,,,,,,,,,,,,,,,,,,,<mask> <mask> <mask> see my twatbook collection,▁yer ▁wan na,3.0,4.929219073819111e-13,28.338425636291504,9.446141878763834,You you to,0.0329494070574761,24.925643622875214,8.308547874291738,0.0,1.0,0.0,5.0,0.0,2.0
4944,"yo man, update that comlsum screen so i can check it out while i'm grubbin on these scrimps",grubbin on,grubbin on,is_multiword,0,14,14|15,1,6.184511820475261,0,1.0,,,,,,,,,,,,,,,,,,,,,,,,,,,,,,,yo man update that comlsum screen so i can check it out while i'm <mask> <mask> <mask> these scrimps,▁grub bin ▁on,3.0,1.0615609614589316e-11,25.26869559288025,8.422898530960083,doing to all,0.0012123918543071,18.55353546142578,6.184511820475261,14.0,15.0,0.0,17.0,0.0,2.0
4949,"belief in talking to the dead, belief in telikenesis, in fact any belief not founded on good evidence, the poorer the evidence the more woo woo the belief",talking to,talking to,is_multiword,0,2,2|3,1,5.069299697875977,1,1.0,,,,,,,,,,,,,,,,,,,,,,,,,,,,,,,belief in <mask> <mask> the dead belief in telikenesis in fact any belief not founded on good evidence the poorer the evidence the more woo woo the belief,▁talking ▁to,2.0,1.7298042469793034e-06,13.267502307891846,6.633751153945923,the of,0.0437657858364205,10.138599395751951,5.069299697875977,2.0,3.0,0.0,27.0,0.0,2.0
4949,"belief in talking to the dead, belief in telikenesis, in fact any belief not founded on good evidence, the poorer the evidence the more woo woo the belief",woo woo,woo woo,is_multiword,1,24,24|25,1,6.070712924003601,0,1.0,,,,,,,,,,,,,,,,,,,,,,,,,,,,,,,belief in talking to the dead belief in telikenesis in fact any belief not founded on good evidence the poorer the evidence the more <mask> <mask> <mask> <mask> the belief,▁wo o ▁wo o,4.0,5.017985164767048e-16,35.22833299636841,8.807083249092102,evidence the is is,1.7637534224390925e-05,24.282851696014404,6.070712924003601,24.0,25.0,0.0,27.0,0.0,2.0
4950,"after i banged her last night, i decided to cap off the night with a chewbacca finish",cap off,cap off,is_multiword,0,9,9|10,1,2.5937710404396057,0,1.0,,,,,,,,,,,,,,,,,,,,,,,,,,,,,,,after i banged her last night i decided to <mask> <mask> the night with a chewbacca finish,▁cap ▁off,2.0,0.0005291384804093,7.544260382652283,3.772130191326141,finish off,0.09473059086332,5.187542080879211,2.5937710404396057,9.0,10.0,0.0,16.0,0.0,2.0
4951,please stop donkeying around,donkeying around,donkeying around,is_multiword,1,2,2|3,1,7.450547188520431,1,1.0,,,,,,,,,,,,,,,,,,,,,,,,,,,,,,,please stop <mask> <mask> <mask> <mask>,▁don key ing ▁around,4.0,1.21460606039936e-17,38.9495267868042,9.73738169670105,by . . </s>,0.0001065029330602,29.80218875408173,7.450547188520431,2.0,3.0,0.0,3.0,0.0,2.0
4955,no-nonsense norman is an alliterative appellation butthead barry [santorum]-slurping sandra,appellation butthead,appellation butthead,is_multiword,0,5,5|6,1,6.054608511924744,0,1.0,,,,,,,,,,,,,,,,,,,,,,,,,,,,,,,no-nonsense norman is an alliterative <mask> <mask> <mask> <mask> <mask> barry santorum -slurping sandra,▁appella tion ▁but t head,5.0,2.6480258198783546e-18,40.47271728515625,8.09454345703125,</s> </s> </s> </s> </s>,3.718241120633005e-05,30.27304255962372,6.054608511924744,5.0,6.0,0.0,10.0,0.0,2.0
4957,cody- the other night i had such a huge fargleberry incident i swear i shot it through my undies,huge fargleberry,huge fargleberry,is_multiword,0,8,8|9,1,6.0199174284935,0,1.0,,,,,,,,,,,,,,,,,,,,,,,,,,,,,,,cody- the other night i had such a <mask> <mask> <mask> <mask> incident i swear i shot it through my undies,▁huge ▁far gle berry,4.0,2.8198575956284075e-16,35.80467510223389,8.951168775558472,bad - of the,8.089000450303082e-06,24.079669713974,6.0199174284935,8.0,9.0,0.0,18.0,0.0,2.0
4963,"""ela re, malaka ""he's such a malaka",ela re,ela re,is_multiword,0,0,0|1,1,6.934076488018036,0,1.0,,,,,,,,,,,,,,,,,,,,,,,,,,,,,,,<mask> <mask> malaka he's such a malaka,▁ela ▁re,2.0,9.859600610656206e-09,18.4348201751709,9.21741008758545,such a,0.0103925383245205,13.868152976036072,6.934076488018036,0.0,1.0,0.0,6.0,0.0,2.0
4963,"""ela re, malaka ""he's such a malaka",malaka he's,malaka he's,is_multiword,0,2,2|3,1,3.553070449829101,0,1.0,,,,,,,,,,,,,,,,,,,,,,,,,,,,,,,ela re <mask> <mask> <mask> <mask> <mask> such a malaka,▁mala ka ▁he ' s,5.0,2.9637244197400873e-16,35.7549147605896,7.15098295211792,"ha a a a ,",1.5389774963702354e-08,17.765352249145508,3.553070449829101,2.0,3.0,0.0,6.0,0.0,2.0
4963,"""ela re, malaka ""he's such a malaka",malaka he's such,malaka he's such,is_multiword,0,2,2|3|4,1,5.056347211201985,0,1.0,,,,,,,,,,,,,,,,,,,,,,,,,,,,,,,ela re <mask> <mask> <mask> <mask> <mask> <mask> a malaka,▁mala ka ▁he ' s ▁such,6.0,2.180804518121137e-22,49.87717819213867,8.312863032023111,na a a a a a,3.267976258137801e-09,30.338083267211918,5.056347211201985,2.0,4.0,0.0,6.0,0.0,3.0
4963,"""ela re, malaka ""he's such a malaka",he's such,he's such,is_multiword,0,3,3|4,1,7.718356072902679,1,1.0,,,,,,,,,,,,,,,,,,,,,,,,,,,,,,,ela re malaka <mask> <mask> <mask> <mask> a malaka,▁he ' s ▁such,4.0,4.0936563480668036e-17,37.73450803756714,9.433627009391785,</s> a mala re,0.0010477777921496,30.87342429161072,7.718356072902679,3.0,4.0,0.0,6.0,0.0,2.0
4966,"after i came in her snatch, she immediately jumped up, squatted over the other girl & drained her cum filled pussy in the other girls mouth giving her a bone fish salad",squatted over,squatted over,is_multiword,0,10,10|11,1,6.628038644790649,1,1.0,,,,,,,,,,,,,,,,,,,,,,,,,,,,,,,after i came in her snatch she immediately jumped up <mask> <mask> <mask> <mask> the other girl drained her cum filled pussy in the other girls mouth giving her a bone fish salad,▁s quat ted ▁over,4.0,1.3581367412005976e-15,34.23266267776489,8.558165669441223,and the pussy </s>,0.0004436351362351,26.5121545791626,6.628038644790649,10.0,11.0,0.0,30.0,0.0,2.0
4967,"bro it's goin down tonight, but i can't hit the mall unless i'm judy",can't hit,can't hit,is_multiword,0,7,7|8,1,1.981755301356316,1,1.0,,,,,,,,,,,,,,,,,,,,,,,,,,,,,,,bro it's goin down tonight but i <mask> <mask> <mask> <mask> the mall unless i'm judy,▁can ' t ▁hit,4.0,1.5821993291874904e-06,13.35669469833374,3.339173674583435,' ll go to,0.0043845271481906,7.9270212054252625,1.981755301356316,7.0,8.0,0.0,13.0,0.0,2.0
4968,"father: boy, i swear if you don't start talkin right imma he-man bitchslap you into next week",talkin right,talkin right,is_multiword,0,8,8|9,1,4.252848307291667,0,1.0,,,,,,,,,,,,,,,,,,,,,,,,,,,,,,,father boy i swear if you don't start <mask> <mask> <mask> imma he-man bitchslap you into next week,▁talk in ▁right,3.0,7.750292642264965e-10,20.97812032699585,6.992706775665283,"to ing ,",0.0002693293965141,12.758544921875,4.252848307291667,8.0,9.0,0.0,16.0,0.0,2.0
4968,"father: boy, i swear if you don't start talkin right imma he-man bitchslap you into next week",talkin right imma,talkin right imma,is_multiword,0,8,8|9|10,1,4.702378940582276,0,1.0,,,,,,,,,,,,,,,,,,,,,,,,,,,,,,,father boy i swear if you don't start <mask> <mask> <mask> <mask> <mask> he-man bitchslap you into next week,▁talk in ▁right ▁im ma,5.0,7.444019336466631e-17,37.13653564453125,7.42730712890625,to ing you the the,1.210301638241379e-06,23.511894702911377,4.702378940582276,8.0,10.0,0.0,16.0,0.0,3.0
4968,"father: boy, i swear if you don't start talkin right imma he-man bitchslap you into next week",talkin right imma he-man,talkin right imma he-man,is_multiword,0,8,8|9|10|11,1,4.542726576328278,0,1.0,,,,,,,,,,,,,,,,,,,,,,,,,,,,,,,father boy i swear if you don't start <mask> <mask> <mask> <mask> <mask> <mask> <mask> <mask> bitchslap you into next week,▁talk in ▁right ▁im ma ▁he - man,8.0,2.3934837192600747e-26,58.99446249008179,7.374307811260223,to ing i you you i ' will,1.4523763114429338e-10,36.34181261062622,4.542726576328278,8.0,11.0,0.0,16.0,0.0,4.0
4968,"father: boy, i swear if you don't start talkin right imma he-man bitchslap you into next week",talkin right imma he-man bitchslap,talkin right imma he-man bitchslap,is_multiword,0,8,8|9|10|11|12,1,5.000104010105133,0,1.0,,,,,,,,,,,,,,,,,,,,,,,,,,,,,,,father boy i swear if you don't start <mask> <mask> <mask> <mask> <mask> <mask> <mask> <mask> <mask> <mask> <mask> <mask> you into next week,▁talk in ▁right ▁im ma ▁he - man ▁bit ch s lap,12.0,3.136250361407971e-40,90.96037578582764,7.580031315485637,this week i you you you i i i i to get,3.5860941773698695e-14,60.0012481212616,5.000104010105133,8.0,12.0,0.0,16.0,0.0,5.0
4968,"father: boy, i swear if you don't start talkin right imma he-man bitchslap you into next week",right imma,right imma,is_multiword,0,9,9|10,1,6.707468802730243,0,1.0,,,,,,,,,,,,,,,,,,,,,,,,,,,,,,,father boy i swear if you don't start talkin <mask> <mask> <mask> he-man bitchslap you into next week,▁right ▁im ma,3.0,1.0067509832531098e-11,25.321707725524902,8.440569241841635,' you the,0.0055204200954861,20.122406408190727,6.707468802730243,9.0,10.0,0.0,16.0,0.0,2.0
4968,"father: boy, i swear if you don't start talkin right imma he-man bitchslap you into next week",right imma he-man,right imma he-man,is_multiword,0,9,9|10|11,1,5.828828155994415,0,1.0,,,,,,,,,,,,,,,,,,,,,,,,,,,,,,,father boy i swear if you don't start talkin <mask> <mask> <mask> <mask> <mask> <mask> bitchslap you into next week,▁right ▁im ma ▁he - man,6.0,5.4225146715603414e-21,46.66372728347778,7.777287880579631,' i i i ' gonna,8.370823028676757e-06,34.97296893596649,5.828828155994415,9.0,11.0,0.0,16.0,0.0,3.0
4968,"father: boy, i swear if you don't start talkin right imma he-man bitchslap you into next week",right imma he-man bitchslap,right imma he-man bitchslap,is_multiword,0,9,9|10|11|12,1,5.521598443388939,0,1.0,,,,,,,,,,,,,,,,,,,,,,,,,,,,,,,father boy i swear if you don't start talkin <mask> <mask> <mask> <mask> <mask> <mask> <mask> <mask> <mask> <mask> you into next week,▁right ▁im ma ▁he - man ▁bit ch s lap,10.0,4.0313391869306e-34,76.89379453659058,7.689379453659058,' i i i i i i i to talk,3.8498755659283015e-10,55.21598443388939,5.521598443388939,9.0,12.0,0.0,16.0,0.0,4.0
4968,"father: boy, i swear if you don't start talkin right imma he-man bitchslap you into next week",imma he-man,imma he-man,is_multiword,0,10,10|11,1,6.573668766021728,0,1.0,,,,,,,,,,,,,,,,,,,,,,,,,,,,,,,father boy i swear if you don't start talkin right <mask> <mask> <mask> <mask> <mask> bitchslap you into next week,▁im ma ▁he - man,5.0,2.510488338945331e-18,40.52605438232422,8.105210876464843,now i ' ' gonna,0.000472387680642,32.86834383010864,6.573668766021728,10.0,11.0,0.0,16.0,0.0,2.0
4968,"father: boy, i swear if you don't start talkin right imma he-man bitchslap you into next week",imma he-man bitchslap,imma he-man bitchslap,is_multiword,0,10,10|11|12,1,5.54682625664605,0,1.0,,,,,,,,,,,,,,,,,,,,,,,,,,,,,,,father boy i swear if you don't start talkin right <mask> <mask> <mask> <mask> <mask> <mask> <mask> <mask> <mask> you into next week,▁im ma ▁he - man ▁bit ch s lap,9.0,3.109252085713175e-31,70.24575567245483,7.8050839636060925,now i i ' i i i to get,1.490253849601085e-09,49.92143630981445,5.54682625664605,10.0,12.0,0.0,16.0,0.0,3.0
4968,"father: boy, i swear if you don't start talkin right imma he-man bitchslap you into next week",he-man bitchslap,he-man bitchslap,is_multiword,1,11,11|12,1,5.026127304349627,0,1.0,,,,,,,,,,,,,,,,,,,,,,,,,,,,,,,father boy i swear if you don't start talkin right imma <mask> <mask> <mask> <mask> <mask> <mask> <mask> you into next week,▁he - man ▁bit ch s lap,7.0,5.272697464996559e-23,51.29691505432129,7.328130722045898,i i i i i to talk,1.0040800278274397e-07,35.18289113044739,5.026127304349627,11.0,12.0,0.0,16.0,0.0,2.0
4970,"""during her co-op, the electrical engineering student pretended to understand why the low pass filter worked properly",low pass,low pass,is_multiword,0,12,12|13,1,5.047374844551086,0,1.0,,,,,,,,,,,,,,,,,,,,,,,,,,,,,,,during her co-op the electrical engineering student pretended to understand why the <mask> <mask> filter worked properly,▁low ▁pass,2.0,9.703645985618325e-08,16.148179054260254,8.074089527130127, al,0.0023497898857135,10.094749689102173,5.047374844551086,12.0,13.0,0.0,16.0,0.0,2.0
4971,martin takes the shit in his face and eyes again after some heavy brusseling from acer,brusseling from,brusseling from,is_multiword,0,13,13|14,1,4.791511535644531,1,1.0,,,,,,,,,,,,,,,,,,,,,,,,,,,,,,,martin takes the shit in his face and eyes again after some heavy <mask> <mask> <mask> <mask> acer,▁brus sel ing ▁from,4.0,2.061789842411559e-13,29.210031747817997,7.302507936954498,work s with the,4.344626784931134e-05,19.166046142578125,4.791511535644531,13.0,14.0,0.0,15.0,0.0,2.0
4972,see tha' bloke? they're gonna do him in,see tha,see tha,is_multiword,0,0,0|1,1,4.861077706019084,0,1.0,,,,,,,,,,,,,,,,,,,,,,,,,,,,,,,<mask> <mask> <mask> bloke they're gonna do him in,▁see ▁tha ',3.0,6.848374710464042e-11,23.4044246673584,7.801474889119466,and got the,0.0001475724156208,14.583233118057253,4.861077706019084,0.0,1.0,0.0,7.0,0.0,2.0
4972,see tha' bloke? they're gonna do him in,see tha bloke,see tha bloke,is_multiword,0,0,0|1|2,1,5.083553266525269,0,1.0,,,,,,,,,,,,,,,,,,,,,,,,,,,,,,,<mask> <mask> <mask> <mask> <mask> they're gonna do him in,▁see ▁tha ' ▁blok e,5.0,6.1672342821111814e-18,39.62728118896485,7.925456237792969,"- ' s , ,",6.743511576205787e-07,25.417766332626343,5.083553266525269,0.0,2.0,0.0,7.0,0.0,3.0
4972,see tha' bloke? they're gonna do him in,tha bloke,tha bloke,is_multiword,0,1,1|2,1,6.18161940574646,0,1.0,,,,,,,,,,,,,,,,,,,,,,,,,,,,,,,see <mask> <mask> <mask> <mask> they're gonna do him in,▁tha ' ▁blok e,4.0,3.107263912554096e-15,33.405033826828,8.351258456707,"him , , and",0.0001701966195182,24.72647762298584,6.18161940574646,1.0,2.0,0.0,7.0,0.0,2.0
4974,"'ey stevo, look at that goff dick'ed over there' 'ooh im wearin jeans n t-shirt",ey stevo,ey stevo,is_multiword,0,0,0|1,1,8.827183743938804,1,1.0,,,,,,,,,,,,,,,,,,,,,,,,,,,,,,,<mask> <mask> <mask> <mask> look at that goff dick'ed over there' 'ooh im wearin jeans n t-shirt,▁e y ▁ste vo,4.0,1.2926041858940398e-18,41.18987274169922,10.297468185424805,' I ' a,0.0027916072717848,35.308734975755215,8.827183743938804,0.0,1.0,0.0,14.0,0.0,2.0
4974,"'ey stevo, look at that goff dick'ed over there' 'ooh im wearin jeans n t-shirt",goff dick'ed,goff dick'ed,is_multiword,0,5,5|6,1,4.579336547851563,0,1.0,,,,,,,,,,,,,,,,,,,,,,,,,,,,,,,ey stevo look at that <mask> <mask> <mask> <mask> <mask> over there' 'ooh im wearin jeans n t-shirt,▁go ff ▁dick ' ed,5.0,3.164850355666234e-16,35.689255714416504,7.137851142883301,' ' ' i s,2.7813532304379844e-06,22.89668273925781,4.579336547851563,5.0,6.0,0.0,14.0,0.0,2.0
4974,"'ey stevo, look at that goff dick'ed over there' 'ooh im wearin jeans n t-shirt",ooh im,ooh im,is_multiword,0,9,9|10,1,6.4064588360488415,0,1.0,,,,,,,,,,,,,,,,,,,,,,,,,,,,,,,ey stevo look at that goff dick'ed over there' <mask> <mask> <mask> <mask> wearin jeans n t-shirt,▁' o oh ▁im,4.0,2.3907982261280397e-16,35.96973419189453,8.992433547973633,s the ' girl,3.2188579324232904e-05,25.62583534419537,6.4064588360488415,9.0,10.0,0.0,14.0,0.0,2.0
4974,"'ey stevo, look at that goff dick'ed over there' 'ooh im wearin jeans n t-shirt",ooh im wearin,ooh im wearin,is_multiword,0,9,9|10|11,1,5.4523125141859055,0,1.0,,,,,,,,,,,,,,,,,,,,,,,,,,,,,,,ey stevo look at that goff dick'ed over there' <mask> <mask> <mask> <mask> <mask> <mask> jeans n t-shirt,▁' o oh ▁im ▁wear in,6.0,2.0655832230147496e-22,49.93145942687988,8.32190990447998,s a the the in in,3.3304132726338886e-08,32.71387508511543,5.4523125141859055,9.0,11.0,0.0,14.0,0.0,3.0
4974,"'ey stevo, look at that goff dick'ed over there' 'ooh im wearin jeans n t-shirt",im wearin,im wearin,is_multiword,0,10,10|11,1,4.716894785563151,1,1.0,,,,,,,,,,,,,,,,,,,,,,,,,,,,,,,ey stevo look at that goff dick'ed over there' 'ooh <mask> <mask> <mask> jeans n t-shirt,▁im ▁wear in,3.0,6.71400700973796e-10,21.121654987335205,7.040551662445068,' </s> in,0.0009387412924208,14.150684356689451,4.716894785563151,10.0,11.0,0.0,14.0,0.0,2.0
4975,"i installed windows, and it screwed up my system automagically",screwed up,screwed up,is_multiword,0,5,5|6,1,3.911492586135864,1,1.0,,,,,,,,,,,,,,,,,,,,,,,,,,,,,,,i installed windows and it <mask> <mask> <mask> my system automagically,▁screw ed ▁up,3.0,4.115630504724665e-08,17.00588870048523,5.66862956682841,is to on,0.0051363583538756,11.734477758407593,3.911492586135864,5.0,6.0,0.0,9.0,0.0,2.0
4976,"man, have you seen john today? he's got some serious death mouth",got some,got some,is_multiword,0,7,7|8,1,1.2308616936206818,0,1.0,,,,,,,,,,,,,,,,,,,,,,,,,,,,,,,man have you seen john today he's <mask> <mask> serious death mouth,▁got ▁some,2.0,0.0115535503370081,4.46076250076294,2.2303812503814697,in a,0.1354653875780692,2.4617233872413635,1.2308616936206818,7.0,8.0,0.0,11.0,0.0,2.0
4977,"""im sorry i cant go, my wife castroed me to stay at home or ""that girls huge boobs always be castroed in that shirt",girls huge,girls huge,is_multiword,0,15,15|16,1,3.714097797870636,0,1.0,,,,,,,,,,,,,,,,,,,,,,,,,,,,,,,im sorry i cant go my wife castroed me to stay at home or that <mask> <mask> boobs always be castroed in that shirt,▁girls ▁huge,2.0,2.042486446255213e-05,10.798757553100586,5.399378776550293,i my,0.0343703172627226,7.428195595741272,3.714097797870636,15.0,16.0,0.0,23.0,0.0,2.0
4977,"""im sorry i cant go, my wife castroed me to stay at home or ""that girls huge boobs always be castroed in that shirt",girls huge boobs,girls huge boobs,is_multiword,0,15,15|16|17,1,9.723816156387327,0,1.0,,,,,,,,,,,,,,,,,,,,,,,,,,,,,,,im sorry i cant go my wife castroed me to stay at home or that <mask> <mask> <mask> always be castroed in that shirt,▁girls ▁huge ▁boobs,3.0,5.951289727263546e-15,32.755168437957764,10.918389479319254,i i will,0.0277721941629327,29.171448469161987,9.723816156387327,15.0,17.0,0.0,23.0,0.0,3.0
4977,"""im sorry i cant go, my wife castroed me to stay at home or ""that girls huge boobs always be castroed in that shirt",huge boobs,huge boobs,is_multiword,0,16,16|17,1,10.140606164932253,1,1.0,,,,,,,,,,,,,,,,,,,,,,,,,,,,,,,im sorry i cant go my wife castroed me to stay at home or that girls <mask> <mask> always be castroed in that shirt,▁huge ▁boobs,2.0,7.656098799277594e-11,23.292933464050293,11.646466732025146,will to,0.0492069141336458,20.281212329864506,10.140606164932253,16.0,17.0,0.0,23.0,0.0,2.0
4978,if you want any friends you'll have to stop being a bb-ll by maximum grade 3 grade school,by maximum,by maximum,is_multiword,0,12,12|13,1,6.667774438858032,0,1.0,,,,,,,,,,,,,,,,,,,,,,,,,,,,,,,if you want any friends you'll have to stop being a bb-ll <mask> <mask> grade 3 grade school,▁by ▁maximum,2.0,2.5519674153003183e-08,17.483816146850586,8.741908073425293,in a,0.0157917556547456,13.335548877716064,6.667774438858032,12.0,13.0,0.0,17.0,0.0,2.0
4979,"omg, watch out, she is a real royal agnes, an agnes du roi",watch out,watch out,is_multiword,0,1,1|2,1,10.006530821323397,1,1.0,,,,,,,,,,,,,,,,,,,,,,,,,,,,,,,omg <mask> <mask> she is a real royal agnes an agnes du roi,▁watch ▁out,2.0,6.24664033534369e-11,23.496392250061035,11.748196125030518,", ,",0.0307049743240761,20.01306164264679,10.006530821323397,1.0,2.0,0.0,12.0,0.0,2.0
4981,"oh my god jenny, did you see karen? she's totally bitchafied for aaron",totally bitchafied,totally bitchafied,is_multiword,0,9,9|10,1,4.953919172286987,0,1.0,,,,,,,,,,,,,,,,,,,,,,,,,,,,,,,oh my god jenny did you see karen she's <mask> <mask> <mask> <mask> <mask> for aaron,▁totally ▁bit cha fi ed,5.0,7.259619104547224e-18,39.46420431137085,7.89284086227417,gonna a a a waiting,4.1515725950193645e-07,24.769595861434937,4.953919172286987,9.0,10.0,0.0,12.0,0.0,2.0
4981,"oh my god jenny, did you see karen? she's totally bitchafied for aaron",totally bitchafied for,totally bitchafied for,is_multiword,0,9,9|10|11,1,3.9690953890482574,0,1.0,,,,,,,,,,,,,,,,,,,,,,,,,,,,,,,oh my god jenny did you see karen she's <mask> <mask> <mask> <mask> <mask> <mask> aaron,▁totally ▁bit cha fi ed ▁for,6.0,1.146348060854051e-19,43.61253547668457,7.268755912780762,a a her you you of,2.5226317316833622e-09,23.81457233428955,3.9690953890482574,9.0,11.0,0.0,12.0,0.0,3.0
4981,"oh my god jenny, did you see karen? she's totally bitchafied for aaron",bitchafied for,bitchafied for,is_multiword,0,10,10|11,1,4.223867797851563,0,1.0,,,,,,,,,,,,,,,,,,,,,,,,,,,,,,,oh my god jenny did you see karen she's totally <mask> <mask> <mask> <mask> <mask> aaron,▁bit cha fi ed ▁for,5.0,5.849177706340065e-17,37.37764549255371,7.4755290985107425,fucked you you you you,8.691749485065927e-08,21.11933898925781,4.223867797851563,10.0,11.0,0.0,12.0,0.0,2.0
4983,i am getting ready to go out and i know my ball game is tight i am feeling like a fromonda man tonight,am feeling,am feeling,is_multiword,0,16,16|17,1,1.611490219831467,1,1.0,,,,,,,,,,,,,,,,,,,,,,,,,,,,,,,i am getting ready to go out and i know my ball game is tight i <mask> <mask> like a fromonda man tonight,▁am ▁feeling,2.0,0.0023448085342361,6.055551528930664,3.027775764465332,will be,0.0588613212398972,3.2229804396629333,1.611490219831467,16.0,17.0,0.0,22.0,0.0,2.0
4985,"stop picking on my because i'm new, you fucking blitzsti",picking on,picking on,is_multiword,0,1,1|2,1,2.3449477752049765,1,1.0,,,,,,,,,,,,,,,,,,,,,,,,,,,,,,,stop <mask> <mask> <mask> my because i'm new you fucking blitzsti,▁pick ing ▁on,3.0,3.543618739565228e-06,12.55036211013794,4.183454036712647,me fucking fuck,0.0040238392913358,7.034843325614929,2.3449477752049765,1.0,2.0,0.0,9.0,0.0,2.0
4985,"stop picking on my because i'm new, you fucking blitzsti",fucking blitzsti,fucking blitzsti,is_multiword,0,8,8|9,1,7.600568890571594,0,1.0,,,,,,,,,,,,,,,,,,,,,,,,,,,,,,,stop picking on my because i'm new you <mask> <mask> <mask> <mask>,▁fucking ▁bli tz sti,4.0,2.18805861958529e-18,40.663516998291016,10.165879249572754,' me me .,3.4962257481066946e-05,30.402275562286377,7.600568890571594,8.0,9.0,0.0,9.0,0.0,2.0
4986,"""we've been driving for a half hour, where does he live? ""in bimblefuck",in bimblefuck,in bimblefuck,is_multiword,0,11,11|12,1,5.586097806692123,0,1.0,,,,,,,,,,,,,,,,,,,,,,,,,,,,,,,we've been driving for a half hour where does he live <mask> <mask> <mask> <mask>,▁in ▁bi mble fuck,4.0,1.7748141066915856e-14,31.662495613098145,7.915623903274536,in the ? ?,8.978394486551823e-05,22.344391226768494,5.586097806692123,11.0,12.0,0.0,12.0,0.0,2.0
4987,"""bif: ""jeez, look at that mo-fo putting tha boyfriend protector on his lady",bif jeez,bif jeez,is_multiword,0,0,0|1,1,7.99385467171669,1,1.0,,,,,,,,,,,,,,,,,,,,,,,,,,,,,,,<mask> <mask> <mask> <mask> look at that mo-fo putting tha boyfriend protector on his lady,▁bi f ▁je ez,4.0,1.5714355301422845e-18,40.99454212188721,10.248635530471802,You you like to,0.0001210722073955,31.97541868686676,7.99385467171669,0.0,1.0,0.0,12.0,0.0,2.0
4987,"""bif: ""jeez, look at that mo-fo putting tha boyfriend protector on his lady",tha boyfriend,tha boyfriend,is_multiword,0,7,7|8,1,9.735872209072111,0,1.0,,,,,,,,,,,,,,,,,,,,,,,,,,,,,,,bif jeez look at that mo-fo putting <mask> <mask> protector on his lady,▁tha ▁boyfriend,2.0,1.277140785611085e-10,22.781227111816406,11.390613555908203,a solar,0.0365350686883042,19.471744418144223,9.735872209072111,7.0,8.0,0.0,12.0,0.0,2.0
4987,"""bif: ""jeez, look at that mo-fo putting tha boyfriend protector on his lady",tha boyfriend protector,tha boyfriend protector,is_multiword,0,7,7|8|9,1,8.31999683380127,0,1.0,,,,,,,,,,,,,,,,,,,,,,,,,,,,,,,bif jeez look at that mo-fo putting <mask> <mask> <mask> on his lady,▁tha ▁boyfriend ▁protector,3.0,1.9060433977875074e-14,31.591161727905277,10.530387242635092,his big s,0.0013186177811555,24.95999050140381,8.31999683380127,7.0,9.0,0.0,12.0,0.0,3.0
4987,"""bif: ""jeez, look at that mo-fo putting tha boyfriend protector on his lady",boyfriend protector,boyfriend protector,is_multiword,1,8,8|9,1,9.198518633842468,0,1.0,,,,,,,,,,,,,,,,,,,,,,,,,,,,,,,bif jeez look at that mo-fo putting tha <mask> <mask> on his lady,▁boyfriend ▁protector,2.0,2.8488100566950007e-10,21.978949546813965,10.989474773406982,- s,0.02782244307488,18.397037267684937,9.198518633842468,8.0,9.0,0.0,12.0,0.0,2.0
4989,your geedy for jizzing in that girls face,geedy for,geedy for,is_multiword,0,1,1|2,1,5.77862819035848,0,1.0,,,,,,,,,,,,,,,,,,,,,,,,,,,,,,,your <mask> <mask> <mask> jizzing in that girls face,▁gee dy ▁for,3.0,1.4447010350619008e-11,24.960533618927,8.320177872975668,best will s,0.00048826657166,17.33588457107544,5.77862819035848,1.0,2.0,0.0,7.0,0.0,2.0
4989,your geedy for jizzing in that girls face,geedy for jizzing,geedy for jizzing,is_multiword,0,1,1|2|3,1,5.664925416310628,0,1.0,,,,,,,,,,,,,,,,,,,,,,,,,,,,,,,your <mask> <mask> <mask> <mask> <mask> <mask> in that girls face,▁gee dy ▁for ▁ji zz ing,6.0,4.107029088615171e-23,51.54675722122192,8.591126203536987,girls face you you you you,2.37138938220448e-08,33.98955249786377,5.664925416310628,1.0,3.0,0.0,7.0,0.0,3.0
4989,your geedy for jizzing in that girls face,geedy for jizzing in,geedy for jizzing in,is_multiword,0,1,1|2|3|4,1,5.81910640852792,0,1.0,,,,,,,,,,,,,,,,,,,,,,,,,,,,,,,your <mask> <mask> <mask> <mask> <mask> <mask> <mask> that girls face,▁gee dy ▁for ▁ji zz ing ▁in,7.0,9.129372112389723e-27,59.95830059051514,8.565471512930733,"friends , , the the the s",4.475911893837545e-09,40.73374485969544,5.81910640852792,1.0,4.0,0.0,7.0,0.0,4.0
4989,your geedy for jizzing in that girls face,for jizzing,for jizzing,is_multiword,0,2,2|3,1,4.5752087235450745,0,1.0,,,,,,,,,,,,,,,,,,,,,,,,,,,,,,,your geedy <mask> <mask> <mask> <mask> in that girls face,▁for ▁ji zz ing,4.0,1.851292212250714e-13,29.31772232055664,7.32943058013916,girl and the you,1.6422020236864982e-05,18.300834894180294,4.5752087235450745,2.0,3.0,0.0,7.0,0.0,2.0
4989,your geedy for jizzing in that girls face,for jizzing in,for jizzing in,is_multiword,0,2,2|3|4,1,4.813090467453003,0,1.0,,,,,,,,,,,,,,,,,,,,,,,,,,,,,,,your geedy <mask> <mask> <mask> <mask> <mask> that girls face,▁for ▁ji zz ing ▁in,5.0,2.7583854914609606e-16,35.82671594619751,7.165343189239502,girl s the the s,7.800961138834923e-06,24.06545233726501,4.813090467453003,2.0,4.0,0.0,7.0,0.0,3.0
4989,your geedy for jizzing in that girls face,jizzing in,jizzing in,is_multiword,0,3,3|4,1,6.543561071157456,0,1.0,,,,,,,,,,,,,,,,,,,,,,,,,,,,,,,your geedy for <mask> <mask> <mask> <mask> that girls face,▁ji zz ing ▁in,4.0,7.919565787931894e-16,34.7720251083374,8.69300627708435,the best the s,0.0001845148105526,26.174244284629825,6.543561071157456,3.0,4.0,0.0,7.0,0.0,2.0
4991,julia's boyfriend thinks she has a great butt flavor,butt flavor,butt flavor,is_multiword,1,7,7|8,1,6.7851386070251465,0,1.0,,,,,,,,,,,,,,,,,,,,,,,,,,,,,,,julia's boyfriend thinks she has a great <mask> <mask> <mask>,▁but t ▁flavor,3.0,2.666917387604253e-12,26.650097846984863,8.883365948994955,sex . </s>,0.0018460962104744,20.35541582107544,6.7851386070251465,7.0,8.0,0.0,8.0,0.0,2.0
4993,"""daydrinkin' with friends in my backyard, ""hey man, wanna go daydrinkin'?"", ""this really is a daydrinkin' kinda day""",daydrinkin kinda,daydrinkin kinda,is_multiword,0,15,15|16,1,4.082829813162486,0,1.0,,,,,,,,,,,,,,,,,,,,,,,,,,,,,,,daydrinkin' with friends in my backyard hey man wanna go daydrinkin' this really is a <mask> <mask> <mask> <mask> <mask> <mask> day,▁day drin kin ' ▁kind a,6.0,1.688982412034791e-17,38.61982035636902,6.436636726061503,good way to ' a the,7.354072001050956e-07,24.496978878974915,4.082829813162486,15.0,16.0,0.0,17.0,0.0,2.0
4994,"your mate is trying to give you some shit dougie: alright angus: your round dougie don't come the cunt, cunt!",round dougie,round dougie,is_multiword,0,13,13|14,1,5.775517761707306,0,1.0,,,,,,,,,,,,,,,,,,,,,,,,,,,,,,,your mate is trying to give you some shit dougie alright angus your <mask> <mask> <mask> <mask> don't come the cunt cunt,▁round ▁do ugi e,4.0,1.5707045157669018e-15,34.087252140045166,8.521813035011292,mate is you you,1.6951044676317588e-05,23.102071046829224,5.775517761707306,13.0,14.0,0.0,19.0,0.0,2.0
4994,"your mate is trying to give you some shit dougie: alright angus: your round dougie don't come the cunt, cunt!",the cunt,the cunt,is_multiword,0,17,17|18,1,6.5615538358688354,1,1.0,,,,,,,,,,,,,,,,,,,,,,,,,,,,,,,your mate is trying to give you some shit dougie alright angus your round dougie don't come <mask> <mask> <mask> cunt,▁the ▁cu nt,3.0,3.4078545427089526e-11,24.1023530960083,8.034117698669434,back with your,0.0120620443345842,19.684661507606503,6.5615538358688354,17.0,18.0,0.0,19.0,0.0,2.0
