sentence_id,sentence,candidate,cand_norm,cand_type,token_pos,component_token_positions,sc_score,sc_pred,lg_score,lg_pred,ma_score,ma_pred,is_gold,lf_score,lf_pred
0,her mypsace page was alexisified and now it rocks,it rocks,it rocks,is_multiword,7,7|8,0.0,0,4.300187249978383,0,0.7128641257683437,1,0,0.4334338556297024,0
1001,janet had a few too many drinks and ended up a little wide open at the end of the night,wide open,wide open,is_multiword,12,12|13,0.0,0,7.870748281478882,1,0.4454768796761831,0,0,0.4988185214043336,1
1008,roger enjoyed munching casually on kevins oderferous butt fruit,kevins oderferous butt,kevins oderferous butt,is_multiword,5,5|6|7,0.4285714285714285,0,5.784093156456947,0,0.6011788348356883,0,0,0.16271826038277595,0
1008,roger enjoyed munching casually on kevins oderferous butt fruit,kevins oderferous,kevins oderferous,is_multiword,5,5|6,0.4285714285714285,0,6.514172613620758,0,0.5141700506210327,0,0,0.16271826038277595,0
1008,roger enjoyed munching casually on kevins oderferous butt fruit,oderferous butt,oderferous butt,is_multiword,6,6|7,0.4285714285714285,0,6.585966444015503,0,0.5807944734891255,0,0,0.16271826038277595,0
1012,black guy - yo mayne c money is wack c-money - bitch my rhymes is tight for shizzle,wack c-money,wack c-money,is_multiword,7,7|8,0.4285714285714285,0,5.488703370094299,0,0.4963484505812326,0,0,0.16271826038277595,0
1013,fuck a duck,fuck a,fuck a,is_multiword,0,0|1,0.0,0,1.7136287689208984,1,0.958659122698009,1,0,0.7966618291597674,1
1018,i have a whole bunch of airsoft guns,whole bunch,whole bunch,is_multiword,3,3|4,0.0,0,4.142177581787109,1,0.3713098764419555,0,0,0.4988185214043336,1
1019,"""in response to a dramatic or out-of-the-ordinary situation or story: ""that's a whole other bag of shrimp",out-of the-ordinary,out-of the-ordinary,is_multiword,6,6|7,0.0,0,4.701256222195095,0,0.1173816323280334,0,0,0.16271826038277595,0
1019,"""in response to a dramatic or out-of-the-ordinary situation or story: ""that's a whole other bag of shrimp",response to,response to,is_multiword,1,1|2,0.0,0,1.4399049878120422,1,0.1795336206754049,0,0,0.4988185214043336,1
1019,"""in response to a dramatic or out-of-the-ordinary situation or story: ""that's a whole other bag of shrimp",whole other,whole other,is_multiword,13,13|14,0.0,0,1.4900169372558594,0,0.2880311608314514,0,0,0.16271826038277595,0
1020,bredgin of da east wales company 1 : comin' icey on friday ?? bredgin of da east wales company 2 : aye bud i is,aye bud,aye bud,is_multiword,18,18|19,0.0,0,5.606965223948161,0,0.3929790655771891,0,0,0.16271826038277595,0
1020,bredgin of da east wales company 1 : comin' icey on friday ?? bredgin of da east wales company 2 : aye bud i is,comin icey,comin icey,is_multiword,7,7|8,0.4285714285714285,0,4.891262670358022,0,0.4509292095899582,1,0,0.4334338556297024,0
1021,sono una bella italiana [im one beautiful italian girl],im one,im one,is_multiword,4,4|5,0.0,0,7.221757993102074,0,0.5440981884797413,0,0,0.16271826038277595,0
1021,sono una bella italiana [im one beautiful italian girl],sono una bella,sono una bella,is_multiword,0,0|1|2,0.4285714285714285,0,4.819534142812093,0,0.3763295710086822,0,0,0.16271826038277595,0
1021,sono una bella italiana [im one beautiful italian girl],sono una,sono una,is_multiword,0,0|1,0.4285714285714285,0,8.219276487827301,1,0.5161412159601848,0,0,0.4988185214043336,0
1021,sono una bella italiana [im one beautiful italian girl],una bella,una bella,is_multiword,1,1|2,0.0,0,0.0,0,0.2460118929545084,0,0,0.16271826038277595,0
1022,we've got to raise more capital with our colossal burn rate,we've got,we've got,is_multiword,0,0|1,0.0,0,4.080385267734528,1,0.6969670206308365,1,0,0.7966618291597674,1
1029,halifax is home to weird hip hop artists like sixtoo and buck 65,hip hop,hip hop,is_multiword,5,5|6,0.0,0,5.749652862548828,1,0.2803490161895752,0,0,0.4988185214043336,1
1029,halifax is home to weird hip hop artists like sixtoo and buck 65,weird hip hop,weird hip hop,is_multiword,4,4|5|6,0.0,0,7.091183026631673,0,0.1207829515139261,0,0,0.16271826038277595,0
1029,halifax is home to weird hip hop artists like sixtoo and buck 65,weird hip,weird hip,is_multiword,4,4|5,0.0,0,4.019416928291321,0,0.3892525633176168,0,0,0.16271826038277595,0
102,gaylesh wants to go out wit bijal lad,bijal lad,bijal lad,is_multiword,6,6|7,0.4285714285714285,0,5.202654808759689,0,0.7663371612628301,1,1,0.4334338556297024,0
102,gaylesh wants to go out wit bijal lad,wit bijal lad,wit bijal lad,is_multiword,5,5|6|7,0.4285714285714285,0,6.758615517616272,0,0.8484595129266381,0,0,0.16271826038277595,0
102,gaylesh wants to go out wit bijal lad,wit bijal,wit bijal,is_multiword,5,5|6,0.4285714285714285,0,9.33536277214686,0,0.2593189477920532,0,0,0.16271826038277595,0
1030,the way in which the neph went about explaining things left something to be desired,neph went about,neph went about,is_multiword,5,5|6|7,0.4285714285714285,0,4.591646373271942,0,0.4304053882757822,0,0,0.16271826038277595,0
1030,the way in which the neph went about explaining things left something to be desired,neph went,neph went,is_multiword,5,5|6,0.4285714285714285,0,5.303155422210693,0,0.9762911275029182,1,0,0.4334338556297024,0
1030,the way in which the neph went about explaining things left something to be desired,went about,went about,is_multiword,6,6|7,0.0,0,8.406705677509308,1,0.171121339003245,0,0,0.4988185214043336,1
1031,i angrily told the beglassed guy to sod off,sod off,sod off,is_multiword,7,7|8,0.0,0,6.971809208393097,0,0.2629504601160685,0,0,0.16271826038277595,0
1036,"i am so flustrated i could, could",so flustrated,so flustrated,is_multiword,2,2|3,0.4285714285714285,0,7.739766746759415,0,0.2152214646339416,0,0,0.16271826038277595,0
1039,"at dinner, after the game, the starting pitcher experienced repeated moments of hatsation as he reached for a baseball cap that was not there",hatsation as,hatsation as,is_multiword,12,12|13,0.4285714285714285,0,2.0617141127586365,0,0.6771200150251389,0,0,0.16271826038277595,0
1039,"at dinner, after the game, the starting pitcher experienced repeated moments of hatsation as he reached for a baseball cap that was not there",reached for,reached for,is_multiword,15,15|16,0.0,0,3.6947174072265625,1,0.3459560473759969,0,0,0.4988185214043336,1
103,demitri loves dancing with men,demitri loves,demitri loves,is_multiword,0,0|1,0.4285714285714285,0,5.708661258220673,0,0.475212941567103,0,0,0.16271826038277595,0
1041,on ass slap friday he walked past 10 girls and slapped their ass,ass slap,ass slap,is_multiword,1,1|2,0.0,0,9.694946229457855,0,0.3666110237439474,0,0,0.16271826038277595,0
1043,asherons call r0x,0 x,0 x,is_multiword,3,3|4,0.1428571428571428,0,0.0,0,0.7959572921196619,0,0,0.16271826038277595,0
1043,asherons call r0x,r 0 x,r 0 x,is_multiword,2,2|3|4,0.1428571428571428,0,0.0,0,0.9623807373767098,0,0,0.16271826038277595,0
1043,asherons call r0x,r 0,r 0,is_multiword,2,2|3,0.1428571428571428,0,0.0,0,0.8778728361551961,0,0,0.16271826038277595,0
1044,"that chick farted in the middle of the test, what a chi fucker",chi fucker,chi fucker,is_multiword,11,11|12,0.0,0,3.869888265927633,0,0.4391151765982309,0,1,0.16271826038277595,0
1044,"that chick farted in the middle of the test, what a chi fucker",chick farted,chick farted,is_multiword,1,1|2,0.4285714285714285,0,4.710664868354797,0,0.369425376256307,0,0,0.16271826038277595,0
1045,gucci mane laflare,mane laflare,mane laflare,is_multiword,1,1|2,0.4285714285714285,0,6.500836610794067,0,0.5378983318805695,0,0,0.16271826038277595,0
1048,that tall blond kid was a total nash,blond kid,blond kid,is_multiword,2,2|3,0.0,0,4.831278363863627,1,0.7070562932640314,1,0,0.7966618291597674,1
1051,when you see a dirty whore that's so a ameilla,that's so,that's so,is_multiword,6,6|7,0.0,0,3.391727387905121,0,0.7689822490016619,1,0,0.4334338556297024,0
1051,when you see a dirty whore that's so a ameilla,whore that's so,whore that's so,is_multiword,5,5|6|7,0.0,0,4.462126354376475,0,0.463786760965983,0,0,0.16271826038277595,0
1051,when you see a dirty whore that's so a ameilla,whore that's,whore that's,is_multiword,5,5|6,0.0,0,2.9717598438262938,0,0.4499763250350952,0,0,0.16271826038277595,0
1052,the most distinguishable trait about amarao is his gigantic set of eyebrows,distinguishable trait,distinguishable trait,is_multiword,2,2|3,0.4285714285714285,0,6.7453393638134,1,0.0942874550819397,0,0,0.4988185214043336,0
1052,the most distinguishable trait about amarao is his gigantic set of eyebrows,gigantic set,gigantic set,is_multiword,8,8|9,0.0,0,3.616106708844503,1,0.5998376558224361,1,0,0.7966618291597674,1
1053,ich haben cybergogue,ich haben,ich haben,is_multiword,0,0|1,0.4285714285714285,0,10.74725878238678,1,0.895518800864617,1,0,0.7966618291597674,1
1054,gimme a custard cream damnit,cream damnit,cream damnit,is_multiword,3,3|4,0.0,0,5.082412083943685,0,0.5501904984315236,1,0,0.4334338556297024,0
1054,gimme a custard cream damnit,custard cream damnit,custard cream damnit,is_multiword,2,2|3|4,0.0,0,6.963809895515442,0,0.3318490982055664,0,0,0.16271826038277595,0
1054,gimme a custard cream damnit,custard cream,custard cream,is_multiword,2,2|3,0.0,0,7.403471827507019,1,0.3799575567245483,0,1,0.4988185214043336,1
1055,"""nerd1: ""wow, that new girl is such an addye",nerd 1,nerd 1,is_multiword,0,0|1,0.1428571428571428,0,5.04041862487793,0,0.8576250628878673,0,0,0.16271826038277595,0
1061,shit thats shit is fachezy,shit thats shit,shit thats shit,is_multiword,0,0|1|2,0.0,0,5.621601015329361,1,0.4862868984540304,0,0,0.4988185214043336,1
1061,shit thats shit is fachezy,shit thats,shit thats,is_multiword,0,0|1,0.0,0,2.2896397511164346,0,0.7627272655566534,1,0,0.4334338556297024,0
1061,shit thats shit is fachezy,thats shit,thats shit,is_multiword,1,1|2,0.0,0,1.5896999835968018,0,0.6467227538426716,0,0,0.16271826038277595,0
1062,oh theres ashlyn she was single yesterdayyy yay,yesterdayyy yay,yesterdayyy yay,is_multiword,6,6|7,0.5714285714285714,0,7.019308567047119,0,0.4898374875386556,1,0,0.4334338556297024,0
1066,mike's knucklehead got repo'd after he missed his second payment,got repo'd,got repo'd,is_multiword,2,2|3,0.0,0,3.695002555847168,0,0.3190826177597046,0,0,0.16271826038277595,0
1066,mike's knucklehead got repo'd after he missed his second payment,knucklehead got repo'd,knucklehead got repo'd,is_multiword,1,1|2|3,0.4285714285714285,0,4.932565957307816,0,0.7550857368235787,0,0,0.16271826038277595,0
1066,mike's knucklehead got repo'd after he missed his second payment,knucklehead got,knucklehead got,is_multiword,1,1|2,0.4285714285714285,0,5.6622161865234375,0,0.8584269856413206,1,0,0.4334338556297024,0
1067,get out of sight you fucking begfriend,fucking begfriend,fucking begfriend,is_multiword,5,5|6,0.4285714285714285,0,6.544451475143433,1,0.838510274887085,1,0,0.7966618291597674,1
1069,"college was the best time of my life, but my involvement with the theta zeta chapter of tridelt made it a super duper whippass experience",duper whippass,duper whippass,is_multiword,22,22|23,0.4285714285714285,0,7.487864637374878,1,0.8514708988368511,1,0,0.7966618291597674,1
1071,"i fucking gone im gone im gone, so im checking out",checking out,checking out,is_multiword,9,9|10,0.0,0,7.480697900056839,0,0.4430988232294718,0,1,0.16271826038277595,0
1071,"i fucking gone im gone im gone, so im checking out",im checking out,im checking out,is_multiword,8,8|9|10,0.0,0,6.175071756045024,0,0.3711761434872945,0,0,0.16271826038277595,0
1071,"i fucking gone im gone im gone, so im checking out",im checking,im checking,is_multiword,8,8|9,0.0,0,6.405494928359985,0,0.607934092481931,1,0,0.4334338556297024,0
107,"ooh, i have a brace of winnits pulling on my crease fleece",crease fleece,crease fleece,is_multiword,10,10|11,0.0,0,7.012156516313553,0,0.5355609307686489,1,1,0.4334338556297024,0
1084,i went to this club last night and there was bear bitches about,bear bitches,bear bitches,is_multiword,10,10|11,0.0,0,7.769379893938701,0,0.8456884184852242,0,1,0.16271826038277595,0
1086,michael jordan is the g.o.a.t.,a t,a t,is_multiword,6,6|7,0.0,0,3.06076443195343,0,0.1784445842107137,0,0,0.16271826038277595,0
1086,michael jordan is the g.o.a.t.,o a t,o a t,is_multiword,5,5|6|7,0.0,0,8.759661331772804,1,0.5497352580229442,0,0,0.4988185214043336,1
1086,michael jordan is the g.o.a.t.,o a,o a,is_multiword,5,5|6,0.0,0,0.7561626434326172,0,0.6563357636332512,0,0,0.16271826038277595,0
1088,leve a frigideira sem cabo para o paneleiro consertar,cabo para o paneleiro consertar,cabo para o paneleiro consertar,is_multiword,4,4|5|6|7|8,0.4285714285714285,0,4.793618202209473,0,0.5203923583030701,0,0,0.16271826038277595,0
1088,leve a frigideira sem cabo para o paneleiro consertar,cabo para o paneleiro,cabo para o paneleiro,is_multiword,4,4|5|6|7,0.4285714285714285,0,5.909997534751892,0,0.489376038312912,0,0,0.16271826038277595,0
1088,leve a frigideira sem cabo para o paneleiro consertar,cabo para o,cabo para o,is_multiword,4,4|5|6,0.4285714285714285,0,2.8869107166926065,0,0.5068002442518871,0,0,0.16271826038277595,0
1088,leve a frigideira sem cabo para o paneleiro consertar,cabo para,cabo para,is_multiword,4,4|5,0.4285714285714285,0,4.224336624145508,0,0.7015584707260132,0,0,0.16271826038277595,0
1088,leve a frigideira sem cabo para o paneleiro consertar,frigideira sem cabo para o paneleiro consertar,frigideira sem cabo para o paneleiro consertar,is_multiword,2,2|3|4|5|6|7|8,0.4285714285714285,0,5.542306611935298,0,0.5363857050736744,0,0,0.16271826038277595,0
1088,leve a frigideira sem cabo para o paneleiro consertar,frigideira sem cabo para o paneleiro,frigideira sem cabo para o paneleiro,is_multiword,2,2|3|4|5|6|7,0.4285714285714285,0,5.14619959725274,0,0.7026338279247284,0,0,0.16271826038277595,0
1088,leve a frigideira sem cabo para o paneleiro consertar,frigideira sem cabo para o,frigideira sem cabo para o,is_multiword,2,2|3|4|5|6,0.4285714285714285,0,3.6666562216622487,0,0.674280509352684,0,0,0.16271826038277595,0
1088,leve a frigideira sem cabo para o paneleiro consertar,frigideira sem cabo para,frigideira sem cabo para,is_multiword,2,2|3|4|5,0.4285714285714285,0,3.6928107738494873,0,0.6495443731546402,0,0,0.16271826038277595,0
1088,leve a frigideira sem cabo para o paneleiro consertar,frigideira sem cabo,frigideira sem cabo,is_multiword,2,2|3|4,0.4285714285714285,0,4.295896935462952,0,0.4869924783706665,0,0,0.16271826038277595,0
1088,leve a frigideira sem cabo para o paneleiro consertar,frigideira sem,frigideira sem,is_multiword,2,2|3,0.4285714285714285,0,4.559180349111557,0,0.6621021299312513,0,0,0.16271826038277595,0
1088,leve a frigideira sem cabo para o paneleiro consertar,o paneleiro consertar,o paneleiro consertar,is_multiword,6,6|7|8,0.4285714285714285,0,4.631059328715007,0,0.570649395386378,0,0,0.16271826038277595,0
1088,leve a frigideira sem cabo para o paneleiro consertar,o paneleiro,o paneleiro,is_multiword,6,6|7,0.4285714285714285,0,6.405095497767131,0,0.96592839093258,1,0,0.4334338556297024,0
1088,leve a frigideira sem cabo para o paneleiro consertar,paneleiro consertar,paneleiro consertar,is_multiword,7,7|8,0.4285714285714285,0,5.223688507080079,0,0.4072123765945434,0,0,0.16271826038277595,0
1088,leve a frigideira sem cabo para o paneleiro consertar,para o paneleiro consertar,para o paneleiro consertar,is_multiword,5,5|6|7|8,0.4285714285714285,0,4.000627824238369,0,0.5329430202643077,0,0,0.16271826038277595,0
1088,leve a frigideira sem cabo para o paneleiro consertar,para o paneleiro,para o paneleiro,is_multiword,5,5|6|7,0.4285714285714285,0,4.632473915815353,0,0.3340919613838196,0,0,0.16271826038277595,0
1088,leve a frigideira sem cabo para o paneleiro consertar,para o,para o,is_multiword,5,5|6,0.0,0,0.363740861415863,0,0.7716774741808573,0,0,0.16271826038277595,0
1088,leve a frigideira sem cabo para o paneleiro consertar,sem cabo para o paneleiro consertar,sem cabo para o paneleiro consertar,is_multiword,3,3|4|5|6|7|8,0.4285714285714285,0,5.178950296507941,0,0.4442185958226522,0,0,0.16271826038277595,0
1088,leve a frigideira sem cabo para o paneleiro consertar,sem cabo para o paneleiro,sem cabo para o paneleiro,is_multiword,3,3|4|5|6|7,0.4285714285714285,0,6.672789831956227,1,0.7207315464814503,0,0,0.4988185214043336,0
1088,leve a frigideira sem cabo para o paneleiro consertar,sem cabo para o,sem cabo para o,is_multiword,3,3|4|5|6,0.4285714285714285,0,3.668084144592285,0,0.6541729159653187,0,0,0.16271826038277595,0
1088,leve a frigideira sem cabo para o paneleiro consertar,sem cabo para,sem cabo para,is_multiword,3,3|4|5,0.4285714285714285,0,6.354716072479884,0,0.6178536588946979,0,0,0.16271826038277595,0
1088,leve a frigideira sem cabo para o paneleiro consertar,sem cabo,sem cabo,is_multiword,3,3|4,0.4285714285714285,0,5.562534153461456,0,0.6565986002484958,0,0,0.16271826038277595,0
1089,man i am so cooked i just smoked an ounce doobie,so cooked,so cooked,is_multiword,3,3|4,0.0,0,3.1327019532521567,0,0.6434019356966019,1,0,0.4334338556297024,0
108,"dude, have you been by bonnie's? she received a massive grassing",massive grassing,massive grassing,is_multiword,9,9|10,0.4285714285714285,0,5.170621315638225,1,0.3566860755284627,0,0,0.4988185214043336,0
1092,let's get it on with the isex going,get it on,get it on,is_multiword,1,1|2|3,0.0,0,0.6059137980143229,0,0.5948867400487263,1,0,0.4334338556297024,0
1092,let's get it on with the isex going,get it,get it,is_multiword,1,1|2,0.0,0,0.8894196152687073,0,0.3727263708909353,0,0,0.16271826038277595,0
1092,let's get it on with the isex going,isex going,isex going,is_multiword,6,6|7,0.4285714285714285,0,6.694003899892171,0,0.7595998619993528,1,0,0.4334338556297024,0
1092,let's get it on with the isex going,it on,it on,is_multiword,2,2|3,0.0,0,2.572687089443207,1,0.5477275463442008,0,0,0.4988185214043336,1
1092,let's get it on with the isex going,the isex going,the isex going,is_multiword,5,5|6|7,0.4285714285714285,0,4.3329963982105255,0,0.4298662940661112,0,0,0.16271826038277595,0
1092,let's get it on with the isex going,the isex,the isex,is_multiword,5,5|6,0.4285714285714285,0,4.875550587972005,0,0.2478191256523132,0,0,0.16271826038277595,0
1096,quit acting like an a.n. what the hell is wrong with you,a n,a n,is_multiword,4,4|5,0.0,0,5.896930754184723,0,0.569464772939682,0,1,0.16271826038277595,0
1096,quit acting like an a.n. what the hell is wrong with you,hell is,hell is,is_multiword,8,8|9,0.0,0,0.0,0,0.2058604558308919,0,0,0.16271826038277595,0
1097,"hank your wolf leads the pack with so much spunk, its truly a spunky wolf",its truly,its truly,is_multiword,10,10|11,0.0,0,5.706310391426086,0,0.3969320356845855,0,0,0.16271826038277595,0
109,will you put that chimichanga in the mic for me so i can enjoy its savory splendidness in a little less than a minute? thanks,savory splendidness,savory splendidness,is_multiword,15,15|16,0.4285714285714285,0,4.841145515441895,0,0.2940934697786966,0,0,0.16271826038277595,0
1101,q: can i pony you? a: er?,a er,a er,is_multiword,5,5|6,0.0,0,4.870391607284546,0,0.3198959032694498,0,0,0.16271826038277595,0
110,this party is the effin bumpinest but i gotta effin split,effin bumpinest,effin bumpinest,is_multiword,4,4|5,0.4285714285714285,0,6.894678672154744,0,0.6450159015754859,1,0,0.4334338556297024,0
110,this party is the effin bumpinest but i gotta effin split,effin split,effin split,is_multiword,9,9|10,0.4285714285714285,0,8.995391964912415,0,0.263339618841807,0,0,0.16271826038277595,0
110,this party is the effin bumpinest but i gotta effin split,gotta effin split,gotta effin split,is_multiword,8,8|9|10,0.4285714285714285,0,6.23669581413269,0,0.2613607843716939,0,0,0.16271826038277595,0
110,this party is the effin bumpinest but i gotta effin split,gotta effin,gotta effin,is_multiword,8,8|9,0.4285714285714285,0,6.906210660934448,0,0.679379615932703,1,0,0.4334338556297024,0
1110,that bijan nearly smited me with his vicious metal claw,bijan nearly smited,bijan nearly smited,is_multiword,1,1|2|3,0.4285714285714285,0,6.343847135702769,0,0.7211859930927556,0,0,0.16271826038277595,0
1110,that bijan nearly smited me with his vicious metal claw,bijan nearly,bijan nearly,is_multiword,1,1|2,0.4285714285714285,0,6.433333158493042,0,0.5208718279997508,0,0,0.16271826038277595,0
1110,that bijan nearly smited me with his vicious metal claw,nearly smited,nearly smited,is_multiword,2,2|3,0.4285714285714285,0,5.518633961677551,0,0.3826037247975667,0,0,0.16271826038277595,0
1113,man that rock looks like some fry fry,fry fry,fry fry,is_multiword,6,6|7,0.0,0,9.425705969333649,1,0.7567402714242538,1,1,0.7966618291597674,1
1114,"""you are a fuckneck",a fuckneck,a fuckneck,is_multiword,2,2|3,0.4285714285714285,0,7.737279444932938,1,0.6657723138729732,0,0,0.4988185214043336,0
1114,"""you are a fuckneck",are a fuckneck,are a fuckneck,is_multiword,1,1|2|3,0.4285714285714285,0,4.445291113853455,0,0.4878615438938141,0,0,0.16271826038277595,0
1114,"""you are a fuckneck",are a,are a,is_multiword,1,1|2,0.0,0,0.3433589935302734,0,0.9257942925517758,1,0,0.4334338556297024,0
1114,"""you are a fuckneck",you are a fuckneck,you are a fuckneck,is_multiword,0,0|1|2|3,0.4285714285714285,0,7.0765111446380615,0,0.6490187694629033,0,0,0.16271826038277595,0
1114,"""you are a fuckneck",you are a,you are a,is_multiword,0,0|1|2,0.0,0,4.076552788416545,0,0.8007424573103586,0,0,0.16271826038277595,0
1114,"""you are a fuckneck",you are,you are,is_multiword,0,0|1,0.0,0,2.260076403617859,1,0.7088407129049301,0,0,0.4988185214043336,1
1115,"wow, that'really bryant",that'really bryant,that'really bryant,is_multiword,1,1|2,0.0,0,6.823045392831166,0,0.5258580545584361,0,0,0.16271826038277595,0
1116,alterego totally pwned me,alterego totally pwned,alterego totally pwned,is_multiword,0,0|1|2,0.4285714285714285,0,9.719199705123902,0,0.6697680937747161,0,0,0.16271826038277595,0
1116,alterego totally pwned me,alterego totally,alterego totally,is_multiword,0,0|1,0.4285714285714285,0,9.597385366757711,0,0.7880120230838656,1,0,0.4334338556297024,0
1116,alterego totally pwned me,totally pwned,totally pwned,is_multiword,1,1|2,0.4285714285714285,0,10.457371751467386,1,0.3002442518870035,0,0,0.4988185214043336,0
111,the orgy was getting boring until the germans started up a cleveland steam train,getting boring,getting boring,is_multiword,3,3|4,0.0,0,3.79803474744161,1,0.1816834807395935,0,0,0.4988185214043336,1
1120,"-yo, lemme get a nickel bag of that bud",lemme get,lemme get,is_multiword,1,1|2,0.0,0,5.44427748521169,0,0.1518443425496419,0,0,0.16271826038277595,0
1122,"omg dude, anni pwnt your face on friday",omg dude,omg dude,is_multiword,0,0|1,0.0,0,4.476984322071075,0,0.275605042775472,0,0,0.16271826038277595,0
1122,"omg dude, anni pwnt your face on friday",pwnt your,pwnt your,is_multiword,3,3|4,0.4285714285714285,0,5.604755322138469,0,0.2921491662661234,0,0,0.16271826038277595,0
1124,student 1: when i was at magic mountain i saw a bitch with a hardcore kirsten syndrome,hardcore kirsten,hardcore kirsten,is_multiword,14,14|15,0.0,0,7.53188172976176,1,0.9566842643544078,1,0,0.7966618291597674,1
1126,boy: ily girl: anf? boy: yes anf :) girl: ill luv u anf too :),luv u,luv u,is_multiword,9,9|10,0.0,0,4.799561858177185,1,0.4398083488146463,0,0,0.4988185214043336,1
1127,"bam: dude, don vito was haulin' so much aiyass",haulin so much aiyass,haulin so much aiyass,is_multiword,5,5|6|7|8,0.4285714285714285,0,4.234237551689148,0,0.2906872034072876,0,0,0.16271826038277595,0
1127,"bam: dude, don vito was haulin' so much aiyass",haulin so much,haulin so much,is_multiword,5,5|6|7,0.4285714285714285,0,4.609534025192261,0,0.1789948145548502,0,0,0.16271826038277595,0
1127,"bam: dude, don vito was haulin' so much aiyass",haulin so,haulin so,is_multiword,5,5|6,0.4285714285714285,0,4.249121606349945,0,0.2492380340894063,0,0,0.16271826038277595,0
1127,"bam: dude, don vito was haulin' so much aiyass",much aiyass,much aiyass,is_multiword,7,7|8,0.4285714285714285,0,3.237689161300659,0,0.5055479009946187,0,0,0.16271826038277595,0
1127,"bam: dude, don vito was haulin' so much aiyass",so much aiyass,so much aiyass,is_multiword,6,6|7|8,0.4285714285714285,0,4.639405560990174,0,0.3641797800858816,0,0,0.16271826038277595,0
1127,"bam: dude, don vito was haulin' so much aiyass",so much,so much,is_multiword,6,6|7,0.0,0,6.951024875044823,1,0.2873637278874715,0,0,0.4988185214043336,1
112,the united states is furthuring nothing more than greedom across the globe,greedom across,greedom across,is_multiword,8,8|9,0.4285714285714285,0,4.450628250837326,0,0.3185075521469116,0,0,0.16271826038277595,0
1134,girl: why would someone want to bring an introvert like that to a party like this? guy: it's the work of some assburger helper,assburger helper,assburger helper,is_multiword,22,22|23,0.4285714285714285,0,5.712495684623718,0,0.7206385238096118,1,1,0.4334338556297024,0
1137,"dude, i just did an adam, and it was amazing, i'm totally cason right now, let's go watch fish",cason right,cason right,is_multiword,12,12|13,0.4285714285714285,0,6.674710591634114,0,0.4556694527467092,0,0,0.16271826038277595,0
1138,"yo bro, i have never seen anyone with such broaptitude for flipcup",yo bro,yo bro,is_multiword,0,0|1,0.0,0,7.570326149463654,1,0.1926480730374654,0,0,0.4988185214043336,1
1139,"person #1: hey, do you know what brandon was doing last night? person #2: yeah, i think he was just bk'n it",bk'n it,bk'n it,is_multiword,20,20|21,0.0,0,3.897452545166016,0,0.9903462389484048,0,1,0.16271826038277595,0
1140,"hey, call up brent kisby so we can get a game of ass burn going",ass burn going,ass burn going,is_multiword,12,12|13|14,0.0,0,7.326769471168518,0,0.7234151645873983,0,0,0.16271826038277595,0
1140,"hey, call up brent kisby so we can get a game of ass burn going",ass burn,ass burn,is_multiword,12,12|13,0.0,0,9.022058725357056,0,0.7874134465431174,1,1,0.4334338556297024,0
1140,"hey, call up brent kisby so we can get a game of ass burn going",burn going,burn going,is_multiword,13,13|14,0.0,0,7.409178078174591,0,0.6255974192172289,0,0,0.16271826038277595,0
1142,she's got a tight cock notch,she's got,she's got,is_multiword,0,0|1,0.0,0,2.5015182495117188,1,0.2232447067896524,0,0,0.4988185214043336,1
1150,"guy: hey, what are you reading? me: dude, i'm reading fallen by laurn kate",laurn kate,laurn kate,is_multiword,12,12|13,0.4285714285714285,0,4.657949686050415,0,0.5045622785886128,1,0,0.4334338556297024,0
1154,"holy shit, ch-arlene is a disgusting herpes ridden slurt",disgusting herpes ridden slurt,disgusting herpes ridden slurt,is_multiword,5,5|6|7|8,0.4285714285714285,0,5.93616347014904,0,0.6389889816443126,0,0,0.16271826038277595,0
1154,"holy shit, ch-arlene is a disgusting herpes ridden slurt",disgusting herpes ridden,disgusting herpes ridden,is_multiword,5,5|6|7,0.0,0,5.577790598074595,0,0.4261747598648071,0,0,0.16271826038277595,0
1154,"holy shit, ch-arlene is a disgusting herpes ridden slurt",disgusting herpes,disgusting herpes,is_multiword,5,5|6,0.0,0,6.821033626794815,0,0.3703011075655619,1,0,0.4334338556297024,0
1154,"holy shit, ch-arlene is a disgusting herpes ridden slurt",herpes ridden slurt,herpes ridden slurt,is_multiword,6,6|7|8,0.4285714285714285,0,7.548526835441589,0,0.3874567846457163,0,0,0.16271826038277595,0
1154,"holy shit, ch-arlene is a disgusting herpes ridden slurt",herpes ridden,herpes ridden,is_multiword,6,6|7,0.0,0,7.277451992034912,0,0.2787792682647705,0,0,0.16271826038277595,0
1154,"holy shit, ch-arlene is a disgusting herpes ridden slurt",ridden slurt,ridden slurt,is_multiword,7,7|8,0.4285714285714285,0,7.185388475656509,0,0.7948027433206638,1,0,0.4334338556297024,0
1157,[fivesie] 1: hey what school do you go to? fivesie 2: i go to bls,1 hey,1 hey,is_multiword,1,1|2,0.1428571428571428,0,3.456626892089844,0,0.4300893892844518,0,0,0.16271826038277595,0
1157,[fivesie] 1: hey what school do you go to? fivesie 2: i go to bls,fivesie 1 hey,fivesie 1 hey,is_multiword,0,0|1|2,0.5714285714285714,0,4.224497735500336,0,0.1761450966199239,0,0,0.16271826038277595,0
1157,[fivesie] 1: hey what school do you go to? fivesie 2: i go to bls,fivesie 1,fivesie 1,is_multiword,0,0|1,0.5714285714285714,0,1.1792996724446614,0,0.5961656626313925,0,0,0.16271826038277595,0
1157,[fivesie] 1: hey what school do you go to? fivesie 2: i go to bls,fivesie 2,fivesie 2,is_multiword,9,9|10,0.5714285714285714,0,8.026651819547018,1,0.6262035568555195,0,0,0.4988185214043336,0
1159,"man that bitch is smokin hot ,but i heard she's a real cuntasaurus rex",cuntasaurus rex,cuntasaurus rex,is_multiword,12,12|13,0.4285714285714285,0,7.650987195968628,0,0.343714972337087,0,1,0.16271826038277595,0
1160,munchler and bakedbeans had such a strong flesh pretzel that one was never seen one place without the other,flesh pretzel,flesh pretzel,is_multiword,7,7|8,0.4285714285714285,0,7.917786777019501,0,0.819046702546378,1,1,0.4334338556297024,0
1163,"i went into the back yard, and saw the chicken cock poking into his friend the chicken cock, while this weird chicken cock was standing nearr-by watching",back yard,back yard,is_multiword,4,4|5,0.0,0,1.7598228454589844,1,0.2550240159034729,0,0,0.4988185214043336,1
1163,"i went into the back yard, and saw the chicken cock poking into his friend the chicken cock, while this weird chicken cock was standing nearr-by watching",cock poking,cock poking,is_multiword,10,10|11,0.0,0,1.6161970297495525,0,0.374527762333552,0,0,0.16271826038277595,0
1172,i'm gonna bust a move on that fine ass bitch,ass bitch,ass bitch,is_multiword,8,8|9,0.0,0,3.355153441429138,0,0.7370935212820768,1,0,0.4334338556297024,0
1172,i'm gonna bust a move on that fine ass bitch,fine ass bitch,fine ass bitch,is_multiword,7,7|8|9,0.0,0,4.225341618061066,0,0.4857499599456787,0,0,0.16271826038277595,0
1172,i'm gonna bust a move on that fine ass bitch,fine ass,fine ass,is_multiword,7,7|8,0.0,0,3.293744921684265,0,0.3748690485954284,0,0,0.16271826038277595,0
1172,i'm gonna bust a move on that fine ass bitch,gonna bust,gonna bust,is_multiword,1,1|2,0.0,0,6.734023824334145,1,0.738576525511841,1,0,0.7966618291597674,1
1173,"""taht sly fox mistar stassi has rebooted my computar",taht sly,taht sly,is_multiword,0,0|1,0.4285714285714285,0,5.435232718785604,0,0.2197400132815042,0,0,0.16271826038277595,0
1174,when the jon'ne comes around u betta be ready to give respect,around u betta,around u betta,is_multiword,4,4|5|6,0.4285714285714285,0,6.754819840192795,0,0.7082369749744732,0,0,0.16271826038277595,0
1174,when the jon'ne comes around u betta be ready to give respect,around u,around u,is_multiword,4,4|5,0.0,0,5.249549925327301,1,0.4483923614025116,0,0,0.4988185214043336,1
1174,when the jon'ne comes around u betta be ready to give respect,u betta,u betta,is_multiword,5,5|6,0.4285714285714285,0,8.84444816907247,0,0.5270741879940033,0,0,0.16271826038277595,0
1175,"yo, we blazed some of that bc bud last night, i was down right faded",down right faded,down right faded,is_multiword,12,12|13|14,0.0,0,4.643912315368652,0,0.6492733657360077,0,0,0.16271826038277595,0
1175,"yo, we blazed some of that bc bud last night, i was down right faded",down right,down right,is_multiword,12,12|13,0.0,0,4.597286343574524,0,0.284866193930308,0,0,0.16271826038277595,0
1175,"yo, we blazed some of that bc bud last night, i was down right faded",right faded,right faded,is_multiword,13,13|14,0.0,0,5.621527512868245,0,0.9012521039694548,1,0,0.4334338556297024,0
1176,when you smell a fart small pieces of farticulate shit get stuck in your nose,farticulate shit,farticulate shit,is_multiword,8,8|9,0.4285714285714285,0,6.6215764582157135,0,0.5571176906426747,1,0,0.4334338556297024,0
1183,i have two papers to write in three days; i'm going into libernation,into libernation,into libernation,is_multiword,11,11|12,0.4285714285714285,0,6.549460303038359,1,0.6375644678870838,0,0,0.4988185214043336,0
1184,this match is total chobocraft,total chobocraft,total chobocraft,is_multiword,3,3|4,0.4285714285714285,0,6.21235117316246,0,0.9522330230101944,1,0,0.4334338556297024,0
1185,everclear will ice your ass into the afterlife,ass into,ass into,is_multiword,4,4|5,0.0,0,3.097652554512024,0,0.8272954349716505,0,0,0.16271826038277595,0
1186,i was drunk and my buljager was hurt so bad,hurt so,hurt so,is_multiword,7,7|8,0.0,0,1.9937782287597656,0,0.2514548500378927,0,0,0.16271826038277595,0
1188,the bible bully campaigned non stop to roll back or defeat progress based on his or her interpretation of biblical scripture,bully campaigned non stop,bully campaigned non stop,is_multiword,2,2|3|4|5,0.0,0,5.332317272822063,0,0.4043361445267995,0,0,0.16271826038277595,0
1188,the bible bully campaigned non stop to roll back or defeat progress based on his or her interpretation of biblical scripture,bully campaigned non,bully campaigned non,is_multiword,2,2|3|4,0.0,0,4.744209480285645,0,0.2231905062993368,0,0,0.16271826038277595,0
1188,the bible bully campaigned non stop to roll back or defeat progress based on his or her interpretation of biblical scripture,bully campaigned,bully campaigned,is_multiword,2,2|3,0.0,0,3.926289677619934,0,0.6354603072007496,1,0,0.4334338556297024,0
1188,the bible bully campaigned non stop to roll back or defeat progress based on his or her interpretation of biblical scripture,campaigned non stop,campaigned non stop,is_multiword,3,3|4|5,0.0,0,5.954234927892685,0,0.2055304447809854,0,0,0.16271826038277595,0
1188,the bible bully campaigned non stop to roll back or defeat progress based on his or her interpretation of biblical scripture,campaigned non,campaigned non,is_multiword,3,3|4,0.0,0,4.627237876256307,0,0.2657472689946493,0,0,0.16271826038277595,0
1188,the bible bully campaigned non stop to roll back or defeat progress based on his or her interpretation of biblical scripture,non stop,non stop,is_multiword,4,4|5,0.0,0,6.342742621898651,0,0.0518944064776102,0,0,0.16271826038277595,0
1188,the bible bully campaigned non stop to roll back or defeat progress based on his or her interpretation of biblical scripture,roll back,roll back,is_multiword,7,7|8,0.0,0,6.231861174106598,1,0.1788510680198669,0,0,0.4988185214043336,1
1193,you can't nealkenny at the table,can't nealkenny,can't nealkenny,is_multiword,1,1|2,0.4285714285714285,0,4.459654092788696,0,0.9320409670472144,1,0,0.4334338556297024,0
1194,"i took a da hui the other day, and flushed it down the toilet",da hui,da hui,is_multiword,3,3|4,0.0,0,7.155696749687195,0,0.9544187871118388,0,1,0.16271826038277595,0
1195,azelia buffed king las nite,las nite,las nite,is_multiword,3,3|4,0.0,0,7.295790354410808,0,0.7841524736334881,1,0,0.4334338556297024,0
1198,"dude tht perv kid in our grade hu plays lacrosse and halo 2 alot jst invented aoa, which is aoa sex",alot jst,alot jst,is_multiword,13,13|14,0.4285714285714285,0,5.205019146203995,0,0.4614946544170379,0,0,0.16271826038277595,0
1198,"dude tht perv kid in our grade hu plays lacrosse and halo 2 alot jst invented aoa, which is aoa sex",dude tht perv,dude tht perv,is_multiword,0,0|1|2,0.4285714285714285,0,5.620961427688599,0,0.3871296246846517,0,0,0.16271826038277595,0
1198,"dude tht perv kid in our grade hu plays lacrosse and halo 2 alot jst invented aoa, which is aoa sex",dude tht,dude tht,is_multiword,0,0|1,0.4285714285714285,0,6.574531391263008,1,0.572630375623703,0,0,0.4988185214043336,0
1198,"dude tht perv kid in our grade hu plays lacrosse and halo 2 alot jst invented aoa, which is aoa sex",grade hu,grade hu,is_multiword,6,6|7,0.0,0,8.38383835554123,0,0.3894672989845276,0,0,0.16271826038277595,0
1198,"dude tht perv kid in our grade hu plays lacrosse and halo 2 alot jst invented aoa, which is aoa sex",tht perv,tht perv,is_multiword,1,1|2,0.4285714285714285,0,6.240263968706131,0,0.516768604516983,0,0,0.16271826038277595,0
11,"man, i hate jerking off, time to call up that bro hole",jerking off,jerking off,is_multiword,3,3|4,0.0,0,8.808053056399027,0,0.2046840190887451,0,0,0.16271826038277595,0
1202,"look at alex underwear, he's such a fucken dicksuck",fucken dicksuck,fucken dicksuck,is_multiword,7,7|8,0.4285714285714285,0,7.532639533281326,1,0.7238880802566807,1,0,0.7966618291597674,1
1202,"look at alex underwear, he's such a fucken dicksuck",look at,look at,is_multiword,0,0|1,0.0,0,3.549520492553711,1,0.695588084248205,0,0,0.4988185214043336,1
1204,"dude, nick has some serious beret burn from being out in the sun all day",out in,out in,is_multiword,9,9|10,0.0,0,0.0,0,0.6825270801782608,0,0,0.16271826038277595,0
1207,mean person:emma you suck emma: :( me: no she's doesn't cause she has emazingness,doesn't cause,doesn't cause,is_multiword,9,9|10,0.0,0,5.044669270515442,0,0.6915718913078308,0,0,0.16271826038277595,0
1208,"dude, gloria's nasty b.u.p. makes my sheets smell like really stinky armpits after we bump uglies",b u p,b u p,is_multiword,3,3|4|5,0.0,0,6.265218138694763,0,0.9076317669823766,0,1,0.16271826038277595,0
1208,"dude, gloria's nasty b.u.p. makes my sheets smell like really stinky armpits after we bump uglies",b u,b u,is_multiword,3,3|4,0.0,0,3.1981942653656006,0,0.846343731507659,0,0,0.16271826038277595,0
1208,"dude, gloria's nasty b.u.p. makes my sheets smell like really stinky armpits after we bump uglies",bump uglies,bump uglies,is_multiword,16,16|17,0.4285714285714285,0,6.715137529373169,0,0.2307101488113403,0,0,0.16271826038277595,0
1208,"dude, gloria's nasty b.u.p. makes my sheets smell like really stinky armpits after we bump uglies",nasty b u p,nasty b u p,is_multiword,2,2|3|4|5,0.0,0,5.2272666692733765,0,0.8443961363906661,0,0,0.16271826038277595,0
1208,"dude, gloria's nasty b.u.p. makes my sheets smell like really stinky armpits after we bump uglies",nasty b u,nasty b u,is_multiword,2,2|3|4,0.0,0,3.279760241508484,0,0.7474020769198735,0,0,0.16271826038277595,0
1208,"dude, gloria's nasty b.u.p. makes my sheets smell like really stinky armpits after we bump uglies",nasty b,nasty b,is_multiword,2,2|3,0.0,0,3.434136788050333,0,0.5003775755564372,0,0,0.16271826038277595,0
1208,"dude, gloria's nasty b.u.p. makes my sheets smell like really stinky armpits after we bump uglies",u p,u p,is_multiword,4,4|5,0.0,0,7.908277153968811,1,0.8905773786827922,0,0,0.4988185214043336,1
1209,hey ollie fancy a game of badtab yes ed i will just get my badminton racquet and a ping pong ball,ping pong,ping pong,is_multiword,18,18|19,0.0,0,3.417226731777191,1,0.269364853700002,0,0,0.4988185214043336,1
1210,"please, i am telling your for the myriadth of time, font",am telling,am telling,is_multiword,2,2|3,0.0,0,4.361503601074219,0,0.4543821612993876,0,0,0.16271826038277595,0
1210,"please, i am telling your for the myriadth of time, font",myriadth of,myriadth of,is_multiword,7,7|8,0.4285714285714285,0,6.774263441562653,1,0.4728860557079315,0,0,0.4988185214043336,0
1213,"jim: i think i'm pretty awesome bob: i think i'm spectacular jim: if we were one person, we'd be awetacular",pretty awesome,pretty awesome,is_multiword,4,4|5,0.0,0,2.622974395751953,0,0.6769221002856891,1,0,0.4334338556297024,0
1214,"""tyrone: ""hey keaton, you check out that kenny garrett gig last night?"" keaton: ""shit yeah nigga, that muthafucka was burning",check out,check out,is_multiword,4,4|5,0.0,0,4.178079605102539,1,0.7940122292687496,1,0,0.7966618291597674,1
1214,"""tyrone: ""hey keaton, you check out that kenny garrett gig last night?"" keaton: ""shit yeah nigga, that muthafucka was burning",keaton shit,keaton shit,is_multiword,12,12|13,0.0,0,4.228701531887054,0,0.5682391598820686,0,0,0.16271826038277595,0
1218,kiesha got herpes on her mouth from her bad habbit of giving random boys bezzle,kiesha got,kiesha got,is_multiword,0,0|1,0.4285714285714285,0,4.58734146753947,0,0.4189897576967875,0,0,0.16271826038277595,0
121,a perfect example of a fart bag is sting-former wcw superstar who tries to relive his glory days on tna and is always going down for the 1-2-3,2 3,2 3,is_multiword,28,28|29,0.5714285714285714,0,0.0,0,0.6208398838837941,0,0,0.16271826038277595,0
121,a perfect example of a fart bag is sting-former wcw superstar who tries to relive his glory days on tna and is always going down for the 1-2-3,down for,down for,is_multiword,24,24|25,0.0,0,3.735221818089485,1,0.5090895990530651,0,0,0.4988185214043336,1
1220,damn her shoe shiner got bigger,shiner got,shiner got,is_multiword,3,3|4,0.4285714285714285,0,3.7702560424804688,0,0.8593588871881366,1,0,0.4334338556297024,0
1221,"a dude: dude, let's get on fallout 3",dude dude,dude dude,is_multiword,1,1|2,0.0,0,4.8176621198654175,1,0.3280148406823476,0,0,0.4988185214043336,1
1221,"a dude: dude, let's get on fallout 3",get on,get on,is_multiword,4,4|5,0.0,0,2.6396370828151703,0,0.7451900535573561,1,0,0.4334338556297024,0
1226,"person 1: ew who just blew up the bathroom, its stinks person 2: sorry i just did a bum gravy",its stinks,its stinks,is_multiword,9,9|10,0.0,0,6.713548541069031,0,0.2923354109128316,0,0,0.16271826038277595,0
122,"dude, check out this rash, its from that damn chafarobe",damn chafarobe,damn chafarobe,is_multiword,8,8|9,0.4285714285714285,0,6.077562183141708,0,0.9842361224194368,1,0,0.4334338556297024,0
1236,after a night of hardcore partying man i feel like a bucket of blue ball dicks,ball dicks,ball dicks,is_multiword,14,14|15,0.0,0,4.701572418212891,0,0.7886147446309527,0,0,0.16271826038277595,0
1236,after a night of hardcore partying man i feel like a bucket of blue ball dicks,hardcore partying,hardcore partying,is_multiword,4,4|5,0.0,0,4.094625989596049,1,0.2622621655464172,1,0,0.7966618291597674,1
1237,"hey, lemme looch that joint another beer already? you are loochin it down",are loochin,are loochin,is_multiword,9,9|10,0.4285714285714285,0,6.716290831565857,0,0.8113921048740546,0,0,0.16271826038277595,0
1237,"hey, lemme looch that joint another beer already? you are loochin it down",lemme looch,lemme looch,is_multiword,1,1|2,0.4285714285714285,0,7.668686896562576,0,0.5849660485982895,0,0,0.16271826038277595,0
1237,"hey, lemme looch that joint another beer already? you are loochin it down",you are loochin,you are loochin,is_multiword,8,8|9|10,0.4285714285714285,0,4.904442667961121,0,0.4620417356491089,0,0,0.16271826038277595,0
1237,"hey, lemme looch that joint another beer already? you are loochin it down",you are,you are,is_multiword,8,8|9,0.0,0,1.372480392456055,1,0.7682645206029216,0,0,0.4988185214043336,1
1240,i'm dreading going to the apple store cause i don't wannna deal with those fucking apple jack-off's,dreading going,dreading going,is_multiword,1,1|2,0.4285714285714285,0,4.932387202978134,0,0.3530236681302389,1,0,0.4334338556297024,0
1240,i'm dreading going to the apple store cause i don't wannna deal with those fucking apple jack-off's,jack-off s,jack-off s,is_multiword,16,16|17,0.0,0,0.0,0,0.7574824665983518,0,0,0.16271826038277595,0
1241,you've got buckley's chance mate,got buckley's,got buckley's,is_multiword,1,1|2,0.0,0,3.55197012424469,0,0.1826594670613607,0,0,0.16271826038277595,0
1241,you've got buckley's chance mate,you've got buckley's,you've got buckley's,is_multiword,0,0|1|2,0.0,0,3.971783399581909,0,0.3975905776023865,0,0,0.16271826038277595,0
1241,you've got buckley's chance mate,you've got,you've got,is_multiword,0,0|1,0.0,0,3.0917057394981384,1,0.2698024908701578,0,0,0.4988185214043336,1
1242,"that booty was so fine, bitch made me double tap",double tap,double tap,is_multiword,8,8|9,0.0,0,9.535379648208618,1,0.5431554019451141,0,1,0.4988185214043336,1
1246,"example: veronica is sleeping around with everyone, she is such a communist matress",example veronica,example veronica,is_multiword,0,0|1,0.0,0,7.776437203089396,0,0.6293372114499409,0,0,0.16271826038277595,0
1246,"example: veronica is sleeping around with everyone, she is such a communist matress",sleeping around,sleeping around,is_multiword,3,3|4,0.0,0,6.969537615776062,1,0.1696288188298543,0,0,0.4988185214043336,1
1247,"""ex 1:""dude i just got chunked by the kid with the [torque bow]"" ex2:""yo man i gotta chunk a [duce]""""",2 yo,2 yo,is_multiword,15,15|16,0.1428571428571428,0,7.795787908136845,1,0.7947236746549606,0,0,0.4988185214043336,0
1247,"""ex 1:""dude i just got chunked by the kid with the [torque bow]"" ex2:""yo man i gotta chunk a [duce]""""",ex 1,ex 1,is_multiword,0,0|1,0.1428571428571428,0,6.654210925102234,1,0.6976257394999266,0,0,0.4988185214043336,0
1247,"""ex 1:""dude i just got chunked by the kid with the [torque bow]"" ex2:""yo man i gotta chunk a [duce]""""",ex 2 yo,ex 2 yo,is_multiword,14,14|15|16,0.1428571428571428,0,4.725427865982056,0,0.4560312827428182,0,0,0.16271826038277595,0
1247,"""ex 1:""dude i just got chunked by the kid with the [torque bow]"" ex2:""yo man i gotta chunk a [duce]""""",ex 2,ex 2,is_multiword,14,14|15,0.1428571428571428,0,5.618543068567912,0,0.8059601758917173,0,0,0.16271826038277595,0
1251,im off to comic convention in the scotty costume i knitted,im off,im off,is_multiword,0,0|1,0.0,0,5.224462330341339,0,0.2145027120908101,0,0,0.16271826038277595,0
1253,"guy1: lol kid 1v1? guy2 : ok *proceed to 1v1, and guy2 wins* guy2 : #getwrecked guy1 : hey, #getwrecked? guy2: let's do it",1 guy 2 ok,1 guy 2 ok,is_multiword,6,6|7|8|9,0.1428571428571428,0,4.639123320579529,0,0.2609642545382181,0,0,0.16271826038277595,0
1253,"guy1: lol kid 1v1? guy2 : ok *proceed to 1v1, and guy2 wins* guy2 : #getwrecked guy1 : hey, #getwrecked? guy2: let's do it",1 guy 2,1 guy 2,is_multiword,6,6|7|8,0.1428571428571428,0,4.075489926338196,0,0.3844044009844461,0,0,0.16271826038277595,0
1253,"guy1: lol kid 1v1? guy2 : ok *proceed to 1v1, and guy2 wins* guy2 : #getwrecked guy1 : hey, #getwrecked? guy2: let's do it",1 guy,1 guy,is_multiword,6,6|7,0.1428571428571428,0,9.683193176984789,0,0.2488185365994771,0,0,0.16271826038277595,0
1253,"guy1: lol kid 1v1? guy2 : ok *proceed to 1v1, and guy2 wins* guy2 : #getwrecked guy1 : hey, #getwrecked? guy2: let's do it",1 lol,1 lol,is_multiword,1,1|2,0.1428571428571428,0,6.637687702973683,0,0.3990404407183329,0,0,0.16271826038277595,0
1253,"guy1: lol kid 1v1? guy2 : ok *proceed to 1v1, and guy2 wins* guy2 : #getwrecked guy1 : hey, #getwrecked? guy2: let's do it",1 v 1 guy 2 ok,1 v 1 guy 2 ok,is_multiword,4,4|5|6|7|8|9,0.1428571428571428,0,4.011085006925795,0,0.3069849610328674,0,0,0.16271826038277595,0
1253,"guy1: lol kid 1v1? guy2 : ok *proceed to 1v1, and guy2 wins* guy2 : #getwrecked guy1 : hey, #getwrecked? guy2: let's do it",1 v 1 guy 2,1 v 1 guy 2,is_multiword,4,4|5|6|7|8,0.1428571428571428,0,3.2283563017845154,0,0.3146214286486307,0,0,0.16271826038277595,0
1253,"guy1: lol kid 1v1? guy2 : ok *proceed to 1v1, and guy2 wins* guy2 : #getwrecked guy1 : hey, #getwrecked? guy2: let's do it",1 v 1 guy,1 v 1 guy,is_multiword,4,4|5|6|7,0.1428571428571428,0,7.171247074007988,0,0.2299549182256063,0,0,0.16271826038277595,0
1253,"guy1: lol kid 1v1? guy2 : ok *proceed to 1v1, and guy2 wins* guy2 : #getwrecked guy1 : hey, #getwrecked? guy2: let's do it",1 v 1,1 v 1,is_multiword,4,4|5|6,0.1428571428571428,0,4.91628360748291,0,0.2383181452751159,0,0,0.16271826038277595,0
1253,"guy1: lol kid 1v1? guy2 : ok *proceed to 1v1, and guy2 wins* guy2 : #getwrecked guy1 : hey, #getwrecked? guy2: let's do it",1 v,1 v,is_multiword,4,4|5,0.1428571428571428,0,4.740397175153096,0,0.2015981078147888,0,0,0.16271826038277595,0
1253,"guy1: lol kid 1v1? guy2 : ok *proceed to 1v1, and guy2 wins* guy2 : #getwrecked guy1 : hey, #getwrecked? guy2: let's do it",2 getwrecked guy 1,2 getwrecked guy 1,is_multiword,20,20|21|22|23,0.5714285714285714,0,0.0,0,0.6085968911647797,0,0,0.16271826038277595,0
1253,"guy1: lol kid 1v1? guy2 : ok *proceed to 1v1, and guy2 wins* guy2 : #getwrecked guy1 : hey, #getwrecked? guy2: let's do it",2 getwrecked guy,2 getwrecked guy,is_multiword,20,20|21|22,0.5714285714285714,0,0.0,0,0.2215886314709981,0,0,0.16271826038277595,0
1253,"guy1: lol kid 1v1? guy2 : ok *proceed to 1v1, and guy2 wins* guy2 : #getwrecked guy1 : hey, #getwrecked? guy2: let's do it",2 getwrecked,2 getwrecked,is_multiword,20,20|21,0.5714285714285714,0,0.0,0,0.3000343839327494,0,0,0.16271826038277595,0
1253,"guy1: lol kid 1v1? guy2 : ok *proceed to 1v1, and guy2 wins* guy2 : #getwrecked guy1 : hey, #getwrecked? guy2: let's do it",2 ok,2 ok,is_multiword,8,8|9,0.1428571428571428,0,3.806118965148926,1,0.4628360768159231,0,0,0.4988185214043336,0
1253,"guy1: lol kid 1v1? guy2 : ok *proceed to 1v1, and guy2 wins* guy2 : #getwrecked guy1 : hey, #getwrecked? guy2: let's do it",getwrecked guy 1,getwrecked guy 1,is_multiword,21,21|22|23,0.5714285714285714,0,0.0,0,0.2273445924123128,0,0,0.16271826038277595,0
1253,"guy1: lol kid 1v1? guy2 : ok *proceed to 1v1, and guy2 wins* guy2 : #getwrecked guy1 : hey, #getwrecked? guy2: let's do it",getwrecked guy 2,getwrecked guy 2,is_multiword,25,25|26|27,0.5714285714285714,0,0.0,0,0.3928972085316976,0,0,0.16271826038277595,0
1253,"guy1: lol kid 1v1? guy2 : ok *proceed to 1v1, and guy2 wins* guy2 : #getwrecked guy1 : hey, #getwrecked? guy2: let's do it",getwrecked guy,getwrecked guy,is_multiword,21,21|22,0.4285714285714285,0,0.0,0,0.526008556286494,0,0,0.16271826038277595,0
1253,"guy1: lol kid 1v1? guy2 : ok *proceed to 1v1, and guy2 wins* guy2 : #getwrecked guy1 : hey, #getwrecked? guy2: let's do it",guy 1 lol,guy 1 lol,is_multiword,0,0|1|2,0.1428571428571428,0,3.91159143447876,0,0.3928683996200561,0,0,0.16271826038277595,0
1253,"guy1: lol kid 1v1? guy2 : ok *proceed to 1v1, and guy2 wins* guy2 : #getwrecked guy1 : hey, #getwrecked? guy2: let's do it",guy 1,guy 1,is_multiword,0,0|1,0.1428571428571428,0,3.224857370058696,0,0.8438728637993336,1,0,0.4334338556297024,0
1253,"guy1: lol kid 1v1? guy2 : ok *proceed to 1v1, and guy2 wins* guy2 : #getwrecked guy1 : hey, #getwrecked? guy2: let's do it",guy 2 getwrecked guy 1,guy 2 getwrecked guy 1,is_multiword,19,19|20|21|22|23,0.5714285714285714,0,0.0,0,0.536401778459549,0,0,0.16271826038277595,0
1253,"guy1: lol kid 1v1? guy2 : ok *proceed to 1v1, and guy2 wins* guy2 : #getwrecked guy1 : hey, #getwrecked? guy2: let's do it",guy 2 getwrecked guy,guy 2 getwrecked guy,is_multiword,19,19|20|21|22,0.5714285714285714,0,0.0,0,0.8012958827118078,0,0,0.16271826038277595,0
1253,"guy1: lol kid 1v1? guy2 : ok *proceed to 1v1, and guy2 wins* guy2 : #getwrecked guy1 : hey, #getwrecked? guy2: let's do it",guy 2 getwrecked,guy 2 getwrecked,is_multiword,19,19|20|21,0.5714285714285714,0,0.0,0,0.4446009298165639,0,0,0.16271826038277595,0
1253,"guy1: lol kid 1v1? guy2 : ok *proceed to 1v1, and guy2 wins* guy2 : #getwrecked guy1 : hey, #getwrecked? guy2: let's do it",guy 2 ok,guy 2 ok,is_multiword,7,7|8|9,0.1428571428571428,0,2.6456924438476563,0,0.2595848639806112,0,0,0.16271826038277595,0
1253,"guy1: lol kid 1v1? guy2 : ok *proceed to 1v1, and guy2 wins* guy2 : #getwrecked guy1 : hey, #getwrecked? guy2: let's do it",guy 2,guy 2,is_multiword,7,7|8,0.1428571428571428,0,1.4051466286182404,0,0.6088732282320659,0,0,0.16271826038277595,0
1253,"guy1: lol kid 1v1? guy2 : ok *proceed to 1v1, and guy2 wins* guy2 : #getwrecked guy1 : hey, #getwrecked? guy2: let's do it",v 1 guy 2 ok,v 1 guy 2 ok,is_multiword,5,5|6|7|8|9,0.1428571428571428,0,4.963654713971274,0,0.3934778074423471,0,0,0.16271826038277595,0
1253,"guy1: lol kid 1v1? guy2 : ok *proceed to 1v1, and guy2 wins* guy2 : #getwrecked guy1 : hey, #getwrecked? guy2: let's do it",v 1 guy 2,v 1 guy 2,is_multiword,5,5|6|7|8,0.1428571428571428,0,4.293518722057343,0,0.2489923040072122,0,0,0.16271826038277595,0
1253,"guy1: lol kid 1v1? guy2 : ok *proceed to 1v1, and guy2 wins* guy2 : #getwrecked guy1 : hey, #getwrecked? guy2: let's do it",v 1 guy,v 1 guy,is_multiword,5,5|6|7,0.1428571428571428,0,11.188494440789023,1,0.2185639341672262,0,0,0.4988185214043336,0
1253,"guy1: lol kid 1v1? guy2 : ok *proceed to 1v1, and guy2 wins* guy2 : #getwrecked guy1 : hey, #getwrecked? guy2: let's do it",v 1,v 1,is_multiword,5,5|6,0.1428571428571428,0,9.157913386821749,0,0.2948094805081686,0,0,0.16271826038277595,0
1254,no example of danarchy is available at present since it is still in the developmental stages and has not been properly tested,at present since,at present since,is_multiword,6,6|7|8,0.0,0,2.7622337142626443,0,0.3220865527788797,0,0,0.16271826038277595,0
1254,no example of danarchy is available at present since it is still in the developmental stages and has not been properly tested,at present,at present,is_multiword,6,6|7,0.0,0,2.2974109053611755,1,0.4540523191293081,0,0,0.4988185214043336,1
1254,no example of danarchy is available at present since it is still in the developmental stages and has not been properly tested,present since,present since,is_multiword,7,7|8,0.0,0,1.9289168119430544,0,0.5726700027783711,1,0,0.4334338556297024,0
1255,she is a kind of girl who relishes all-hole sex,relishes all-hole,relishes all-hole,is_multiword,7,7|8,0.4285714285714285,0,6.300094532966614,0,0.7635672328372797,1,0,0.4334338556297024,0
1256,my es accels pwn any emerica shoe,accels pwn,accels pwn,is_multiword,2,2|3,0.4285714285714285,0,7.052005290985107,0,0.7780985202019414,0,0,0.16271826038277595,0
1256,my es accels pwn any emerica shoe,es accels pwn,es accels pwn,is_multiword,1,1|2|3,0.4285714285714285,0,6.936856126785278,0,0.8064395266895493,0,0,0.16271826038277595,0
1256,my es accels pwn any emerica shoe,es accels,es accels,is_multiword,1,1|2,0.4285714285714285,0,6.984743754069011,0,0.7895023922125498,0,0,0.16271826038277595,0
1257,chyxors will think u r a god,u r,u r,is_multiword,3,3|4,0.0,0,5.756868213415146,1,0.3744436601797739,0,0,0.4988185214043336,1
1258,dude i took my parents bently yestaday fer a fucking sweet joy ride,bently yestaday fer,bently yestaday fer,is_multiword,5,5|6|7,0.4285714285714285,0,8.564800202846527,0,0.5608340998490651,0,0,0.16271826038277595,0
1258,dude i took my parents bently yestaday fer a fucking sweet joy ride,bently yestaday,bently yestaday,is_multiword,5,5|6,0.4285714285714285,0,8.102695989608765,0,0.4932070672512054,1,0,0.4334338556297024,0
1258,dude i took my parents bently yestaday fer a fucking sweet joy ride,fucking sweet joy,fucking sweet joy,is_multiword,9,9|10|11,0.0,0,5.947501262029012,0,0.8012038419644038,1,0,0.4334338556297024,0
1258,dude i took my parents bently yestaday fer a fucking sweet joy ride,fucking sweet,fucking sweet,is_multiword,9,9|10,0.0,0,5.369230151176453,0,0.2888850371042887,0,0,0.16271826038277595,0
1258,dude i took my parents bently yestaday fer a fucking sweet joy ride,sweet joy,sweet joy,is_multiword,10,10|11,0.0,0,5.385932803153992,0,0.4421118795871734,0,0,0.16271826038277595,0
1258,dude i took my parents bently yestaday fer a fucking sweet joy ride,yestaday fer,yestaday fer,is_multiword,6,6|7,0.4285714285714285,0,9.250707626342772,0,0.1447709202766418,0,0,0.16271826038277595,0
1260,"yo yo yo, it mah birfday",it mah birfday,it mah birfday,is_multiword,3,3|4|5,0.4285714285714285,0,6.417486691474915,1,0.3062334358692169,0,0,0.4988185214043336,0
1260,"yo yo yo, it mah birfday",it mah,it mah,is_multiword,3,3|4,0.0,0,5.117130994796753,0,0.5822078287601471,1,0,0.4334338556297024,1
1260,"yo yo yo, it mah birfday",mah birfday,mah birfday,is_multiword,4,4|5,0.4285714285714285,0,5.6868128180503845,0,0.1978263854980468,0,0,0.16271826038277595,0
1260,"yo yo yo, it mah birfday",yo yo yo,yo yo yo,is_multiword,0,0|1|2,0.0,0,4.099843104680379,1,0.5272341991464298,1,0,0.7966618291597674,1
1260,"yo yo yo, it mah birfday",yo yo,yo yo,is_multiword,0,0|1,0.0,0,1.245059847831726,0,0.4804323414961496,0,0,0.16271826038277595,0
1265,1man i can believe that bitch dumped me thats some country ass maple syrup,country ass,country ass,is_multiword,11,11|12,0.0,0,5.343022584915161,0,0.619769960641861,0,0,0.16271826038277595,0
1278,"ye, verily-verily i sayeth unto thee, in the 12th hour of the millenium, so shall the cowboys from hell days begin to commence, and the world will greatly suffer",sayeth unto thee,sayeth unto thee,is_multiword,3,3|4|5,0.4285714285714285,0,2.9378191431363425,0,0.4536814391613006,0,0,0.16271826038277595,0
1278,"ye, verily-verily i sayeth unto thee, in the 12th hour of the millenium, so shall the cowboys from hell days begin to commence, and the world will greatly suffer",sayeth unto,sayeth unto,is_multiword,3,3|4,0.4285714285714285,0,3.2059374004602432,0,0.639188221655786,1,0,0.4334338556297024,0
1278,"ye, verily-verily i sayeth unto thee, in the 12th hour of the millenium, so shall the cowboys from hell days begin to commence, and the world will greatly suffer",so shall,so shall,is_multiword,14,14|15,0.0,0,0.7290554344654083,1,0.4897302041451136,0,0,0.4988185214043336,1
1278,"ye, verily-verily i sayeth unto thee, in the 12th hour of the millenium, so shall the cowboys from hell days begin to commence, and the world will greatly suffer",unto thee,unto thee,is_multiword,4,4|5,0.0,0,2.9023655354976654,0,0.4875283141930898,0,0,0.16271826038277595,0
1280,oh tony's girlfriend is an total anticum,an total anticum,an total anticum,is_multiword,4,4|5|6,0.4285714285714285,0,6.593739449977875,0,0.8104570135474205,0,0,0.16271826038277595,0
1280,oh tony's girlfriend is an total anticum,an total,an total,is_multiword,4,4|5,0.0,0,3.8449898958206177,0,0.7817291918521126,0,0,0.16271826038277595,0
1280,oh tony's girlfriend is an total anticum,total anticum,total anticum,is_multiword,5,5|6,0.4285714285714285,0,8.066232124964396,0,0.9179554426421722,1,0,0.4334338556297024,0
1281,why do you gotta fuck with that casket ratchet,casket ratchet,casket ratchet,is_multiword,7,7|8,0.0,0,9.198401749134064,0,0.9748132756600776,1,1,0.4334338556297024,0
1281,why do you gotta fuck with that casket ratchet,gotta fuck,gotta fuck,is_multiword,3,3|4,0.0,0,5.063075979550679,0,0.7712223728497823,0,0,0.16271826038277595,0
1282,a dirty joint is a joint laced cocaine,joint laced,joint laced,is_multiword,5,5|6,0.0,0,5.262703080972035,0,0.2807633876800537,0,0,0.16271826038277595,0
1284,"""got any smokes? ""got some happy smokes",any smokes got,any smokes got,is_multiword,1,1|2|3,0.0,0,4.804256275296211,0,0.4460307856400808,0,0,0.16271826038277595,0
1284,"""got any smokes? ""got some happy smokes",any smokes,any smokes,is_multiword,1,1|2,0.0,0,5.260506898164749,0,0.3442681233088175,0,0,0.16271826038277595,0
1284,"""got any smokes? ""got some happy smokes",got any smokes got,got any smokes got,is_multiword,0,0|1|2|3,0.0,0,3.740104818344116,0,0.1459003090858459,0,0,0.16271826038277595,0
1284,"""got any smokes? ""got some happy smokes",got any smokes,got any smokes,is_multiword,0,0|1|2,0.0,0,8.137512192130089,1,0.259699285030365,0,0,0.4988185214043336,1
1284,"""got any smokes? ""got some happy smokes",got any,got any,is_multiword,0,0|1,0.0,0,3.3593103289604187,0,0.1104476650555928,0,0,0.16271826038277595,0
1284,"""got any smokes? ""got some happy smokes",smokes got,smokes got,is_multiword,2,2|3,0.0,0,0.6375325520833334,0,0.3067206144332886,0,0,0.16271826038277595,0
1286,bass.exe,bass exe,bass exe,is_multiword,0,0|1,0.4285714285714285,0,11.052518208821615,0,0.4210188786188761,0,1,0.16271826038277595,0
1293,"man, he is soo natey",soo natey,soo natey,is_multiword,3,3|4,0.4285714285714285,0,5.158793479204178,0,0.977157867824038,1,0,0.4334338556297024,0
1294,"yo, mindys such a bitchslutwhore",a bitchslutwhore,a bitchslutwhore,is_multiword,3,3|4,0.4285714285714285,0,5.052423457304637,0,0.6952397947510083,0,0,0.16271826038277595,0
1294,"yo, mindys such a bitchslutwhore",mindys such a bitchslutwhore,mindys such a bitchslutwhore,is_multiword,1,1|2|3|4,0.4285714285714285,0,7.4025521410836115,0,0.7531675252442559,1,0,0.4334338556297024,0
1294,"yo, mindys such a bitchslutwhore",mindys such a,mindys such a,is_multiword,1,1|2|3,0.4285714285714285,0,5.396802842617035,0,0.709841023509701,0,0,0.16271826038277595,0
1294,"yo, mindys such a bitchslutwhore",mindys such,mindys such,is_multiword,1,1|2,0.4285714285714285,0,5.18059778213501,0,0.7498875462139647,0,0,0.16271826038277595,0
1294,"yo, mindys such a bitchslutwhore",such a bitchslutwhore,such a bitchslutwhore,is_multiword,2,2|3|4,0.4285714285714285,0,6.292933600289481,1,0.7232196511079867,0,0,0.4988185214043336,1
1294,"yo, mindys such a bitchslutwhore",such a,such a,is_multiword,2,2|3,0.0,0,2.26899528503418,0,0.5102518498897552,0,0,0.16271826038277595,0
1295,"hey mike, did you get a load of that bra braille that just walked past us? wow",bra braille,bra braille,is_multiword,9,9|10,0.0,0,4.790034055709839,0,0.732155045804878,1,1,0.4334338556297024,0
1295,"hey mike, did you get a load of that bra braille that just walked past us? wow",load of,load of,is_multiword,6,6|7,0.0,0,2.252912402153015,0,0.3677277962366739,0,0,0.16271826038277595,0
1298,"""baby go get me a bombstik from the store, it's only a dollar",go get,go get,is_multiword,1,1|2,0.0,0,1.8146724104881289,1,0.4265094399452209,0,0,0.4988185214043336,1
12,i would rather smoke dank nuggets than [schwag],dank nuggets,dank nuggets,is_multiword,4,4|5,0.0,0,6.947658866643906,0,0.2473134795824686,0,1,0.16271826038277595,0
1303,"emily picked up this hot guy, but she had been winding it up all night, so mid fuck she passed out and he proceeded to perform the 20 shot",mid fuck,mid fuck,is_multiword,16,16|17,0.0,0,5.922040820121765,0,0.5024718443552654,0,0,0.16271826038277595,0
1303,"emily picked up this hot guy, but she had been winding it up all night, so mid fuck she passed out and he proceeded to perform the 20 shot",passed out,passed out,is_multiword,19,19|20,0.0,0,2.422176420688629,0,0.4357478221257528,0,0,0.16271826038277595,0
1303,"emily picked up this hot guy, but she had been winding it up all night, so mid fuck she passed out and he proceeded to perform the 20 shot",picked up,picked up,is_multiword,1,1|2,0.0,0,4.421938180923462,1,0.8626618248720964,0,0,0.4988185214043336,1
1303,"emily picked up this hot guy, but she had been winding it up all night, so mid fuck she passed out and he proceeded to perform the 20 shot",proceeded to perform,proceeded to perform,is_multiword,23,23|24|25,0.0,0,3.696617066860199,0,0.3317731618881225,0,0,0.16271826038277595,0
1303,"emily picked up this hot guy, but she had been winding it up all night, so mid fuck she passed out and he proceeded to perform the 20 shot",proceeded to,proceeded to,is_multiword,23,23|24,0.0,0,2.314945260683696,0,0.3000344634056091,0,0,0.16271826038277595,0
1303,"emily picked up this hot guy, but she had been winding it up all night, so mid fuck she passed out and he proceeded to perform the 20 shot",to perform,to perform,is_multiword,24,24|25,0.0,0,3.002677977085113,0,0.2851508061091105,0,0,0.16271826038277595,0
1304,"what with the failure of the goods being delivered on time, no-one knowing where to go and no-one who knew what to do anyway, the whole thing was a cluster fuck",being delivered,being delivered,is_multiword,7,7|8,0.0,0,1.0068779389063518,1,0.4512936274210611,0,0,0.4988185214043336,1
1304,"what with the failure of the goods being delivered on time, no-one knowing where to go and no-one who knew what to do anyway, the whole thing was a cluster fuck",cluster fuck,cluster fuck,is_multiword,29,29|30,0.0,0,6.9061771631240845,0,0.2758177518844604,0,1,0.16271826038277595,0
1304,"what with the failure of the goods being delivered on time, no-one knowing where to go and no-one who knew what to do anyway, the whole thing was a cluster fuck",no-one knowing,no-one knowing,is_multiword,11,11|12,0.0,0,1.1427278444170952,0,0.6862734879056613,1,0,0.4334338556297024,0
1305,"i love my boyfriend, he's such a bminooch",he's such,he's such,is_multiword,4,4|5,0.0,0,3.4062204360961914,1,0.8696556519716978,1,0,0.7966618291597674,1
1308,i quickly snorted the blue majic before the police officers pulled up to the back alley,pulled up to,pulled up to,is_multiword,10,10|11|12,0.0,0,1.0314483245213826,0,0.4039208193620046,0,0,0.16271826038277595,0
1308,i quickly snorted the blue majic before the police officers pulled up to the back alley,pulled up,pulled up,is_multiword,10,10|11,0.0,0,1.5061035752296448,0,0.3163729111353556,0,0,0.16271826038277595,0
1308,i quickly snorted the blue majic before the police officers pulled up to the back alley,up to,up to,is_multiword,11,11|12,0.0,0,1.6847038865089417,0,0.8101771970589956,1,0,0.4334338556297024,0
1309,"kp says:god whats maddie's damage? molly says:i dont kno, shes the one who called u a slut maddie says:my damage is that ur mean :'(",dont kno,dont kno,is_multiword,9,9|10,0.4285714285714285,0,3.2921817302703857,0,0.2289683818817138,0,0,0.16271826038277595,0
1309,"kp says:god whats maddie's damage? molly says:i dont kno, shes the one who called u a slut maddie says:my damage is that ur mean :'(",ur mean,ur mean,is_multiword,25,25|26,0.0,0,4.857378125190735,0,0.4146972000598907,0,0,0.16271826038277595,0
1309,"kp says:god whats maddie's damage? molly says:i dont kno, shes the one who called u a slut maddie says:my damage is that ur mean :'(",whats maddie's,whats maddie's,is_multiword,3,3|4,0.0,0,4.470787068208058,0,0.7409410957867901,1,0,0.4334338556297024,0
130,look at that musson kid over there,musson kid,musson kid,is_multiword,3,3|4,0.4285714285714285,0,4.567782342433929,0,0.8523011449724436,0,0,0.16271826038277595,0
1310,shes only taller than me when we are sittign down because of her birth-control ass,birth-control ass,birth-control ass,is_multiword,13,13|14,0.0,0,5.018266648054123,0,0.3305922150611877,0,1,0.16271826038277595,0
1315,"we dry humped in the back seat for hours, i'm positive i gave that shorty bluetang",dry humped,dry humped,is_multiword,1,1|2,0.4285714285714285,0,7.321356495221456,0,0.3967440327008565,0,0,0.16271826038277595,0
1315,"we dry humped in the back seat for hours, i'm positive i gave that shorty bluetang",shorty bluetang,shorty bluetang,is_multiword,14,14|15,0.4285714285714285,0,6.70564478635788,0,0.8636383249734839,0,0,0.16271826038277595,0
1319,that cat is a-d'aww-able,a-d aww-able,a-d aww-able,is_multiword,3,3|4,0.0,0,0.0,0,0.1409342090288797,0,0,0.16271826038277595,0
1320,"janae : fuck you , damn caca shien",caca shien,caca shien,is_multiword,4,4|5,0.4285714285714285,0,6.268928110599518,0,0.9780238661915064,1,1,0.4334338556297024,0
1320,"janae : fuck you , damn caca shien",janae fuck,janae fuck,is_multiword,0,0|1,0.4285714285714285,0,3.6400770346323648,0,0.4539803067843119,0,0,0.16271826038277595,0
1322,"get nikki drunk around 3 guys, and she turns into a around-the-world-girl",around-the world-girl,around-the world-girl,is_multiword,11,11|12,0.0,0,0.0,0,0.6124090179800987,1,1,0.4334338556297024,0
1324,"come foz, let us gimbulate that jar",let us gimbulate,let us gimbulate,is_multiword,2,2|3|4,0.4285714285714285,0,6.749697351455689,0,0.9901885377864044,0,0,0.16271826038277595,0
1324,"come foz, let us gimbulate that jar",let us,let us,is_multiword,2,2|3,0.0,0,4.790996551513672,1,0.3361062606175741,0,0,0.4988185214043336,1
1324,"come foz, let us gimbulate that jar",us gimbulate,us gimbulate,is_multiword,3,3|4,0.4285714285714285,0,7.304338365793228,0,0.9909374453127384,1,0,0.4334338556297024,0
1325,trish sucked my cock and jerked me off until i blew nut slag all over her chin,nut slag,nut slag,is_multiword,11,11|12,0.0,0,10.2905615568161,0,0.5669567671914895,1,1,0.4334338556297024,0
1327,girl 1: what happened to you last night? girl 2: i totally bagged myself a jake ryan,totally bagged,totally bagged,is_multiword,11,11|12,0.0,0,8.765511671702066,1,0.290647288163503,0,0,0.4988185214043336,1
1328,"""1 - ""where's my toothbrush?"" 2- ""i used it to comb my armpit hair"" 1- ""what a dickheadish move""""",dickheadish move,dickheadish move,is_multiword,16,16|17,0.4285714285714285,0,7.072422832250595,1,0.2961716453234354,0,0,0.4988185214043336,0
1332,if its energy between us im gonna cut,im gonna,im gonna,is_multiword,5,5|6,0.0,0,4.761991411447525,0,0.3925932248433431,0,0,0.16271826038277595,0
1333,i am so ilwal,so ilwal,so ilwal,is_multiword,2,2|3,0.4285714285714285,0,6.8378346761067705,0,0.8520264849066734,1,0,0.4334338556297024,0
1334,"""hi did you see hybris thnight ""aye hi they were amazing hi""""",aye hi,aye hi,is_multiword,6,6|7,0.0,0,2.703948974609375,0,0.2109715143839517,0,0,0.16271826038277595,0
1334,"""hi did you see hybris thnight ""aye hi they were amazing hi""""",thnight aye hi,thnight aye hi,is_multiword,5,5|6|7,0.4285714285714285,0,4.084777975082398,0,0.7457507985333602,1,0,0.4334338556297024,0
1334,"""hi did you see hybris thnight ""aye hi they were amazing hi""""",thnight aye,thnight aye,is_multiword,5,5|6,0.4285714285714285,0,5.722405523061752,0,0.6578103105227153,0,0,0.16271826038277595,0
1335,don't be such a wanker,a wanker,a wanker,is_multiword,3,3|4,0.4285714285714285,0,4.610904614130656,0,0.3385377724965414,1,0,0.4334338556297024,0
1336,look at that bingnop haircut,bingnop haircut,bingnop haircut,is_multiword,3,3|4,0.4285714285714285,0,5.875718259811402,0,0.5355676015218098,1,0,0.4334338556297024,0
1337,i don't wanna add her i can tell she's a freep,tell she's,tell she's,is_multiword,7,7|8,0.0,0,3.684746563434601,1,0.6482443163792293,0,0,0.4988185214043336,1
1338,that slut slurped on my balls and gave me a blayjob before i railed her,slurped on,slurped on,is_multiword,2,2|3,0.4285714285714285,0,3.875270903110504,0,0.6095632488528888,1,0,0.4334338556297024,0
1340,by crikey if you lot dont beat your feet youll get it,dont beat,dont beat,is_multiword,5,5|6,0.0,0,8.163263261318207,0,0.8078284238775572,0,0,0.16271826038277595,0
1340,by crikey if you lot dont beat your feet youll get it,feet youll,feet youll,is_multiword,8,8|9,0.0,0,2.119303305943807,0,0.9116788816948732,1,0,0.4334338556297024,0
1340,by crikey if you lot dont beat your feet youll get it,lot dont beat,lot dont beat,is_multiword,4,4|5|6,0.0,0,8.73310379187266,0,0.9641423458233476,1,0,0.4334338556297024,0
1340,by crikey if you lot dont beat your feet youll get it,lot dont,lot dont,is_multiword,4,4|5,0.0,0,10.558086555451156,1,0.4601210455099741,0,0,0.4988185214043336,1
1343,well theres red wings which is eating out a chick on her period and green wings is fucking a chicks pussy while she is dead,a chicks pussy,a chicks pussy,is_multiword,18,18|19|20,0.0,0,4.504273355007172,0,0.6093438267707825,0,0,0.16271826038277595,0
1343,well theres red wings which is eating out a chick on her period and green wings is fucking a chicks pussy while she is dead,a chicks,a chicks,is_multiword,18,18|19,0.0,0,5.3139141003290815,0,0.8310093581676483,0,0,0.16271826038277595,0
1343,well theres red wings which is eating out a chick on her period and green wings is fucking a chicks pussy while she is dead,chicks pussy,chicks pussy,is_multiword,19,19|20,0.0,0,3.553804993629456,0,0.8410065667703748,0,0,0.16271826038277595,0
1343,well theres red wings which is eating out a chick on her period and green wings is fucking a chicks pussy while she is dead,fucking a chicks pussy,fucking a chicks pussy,is_multiword,17,17|18|19|20,0.0,0,5.09487761259079,0,0.8573171418781081,0,0,0.16271826038277595,0
1343,well theres red wings which is eating out a chick on her period and green wings is fucking a chicks pussy while she is dead,fucking a chicks,fucking a chicks,is_multiword,17,17|18|19,0.0,0,6.148578606545925,1,0.8479721366117398,0,0,0.4988185214043336,1
1343,well theres red wings which is eating out a chick on her period and green wings is fucking a chicks pussy while she is dead,fucking a,fucking a,is_multiword,17,17|18,0.0,0,1.9050350710749624,0,0.3986103137334188,0,0,0.16271826038277595,0
1343,well theres red wings which is eating out a chick on her period and green wings is fucking a chicks pussy while she is dead,on her,on her,is_multiword,10,10|11,0.0,0,1.9841461777687075,0,0.5556771258513133,0,0,0.16271826038277595,0
1343,well theres red wings which is eating out a chick on her period and green wings is fucking a chicks pussy while she is dead,out a,out a,is_multiword,7,7|8,0.0,0,2.108322024345398,1,0.9486426260943214,0,0,0.4988185214043336,1
1344,sybla's gonna drink faderade for her birthday and get [crunk],sybla's gonna,sybla's gonna,is_multiword,0,0|1,0.4285714285714285,0,4.118700122833252,0,0.3648551305135091,0,0,0.16271826038277595,0
1346,jason came inside mary and she let the bumsick dribble out of her pussy down her buttocks and onto the bed sheets,and onto,and onto,is_multiword,17,17|18,0.0,0,1.8417624632517493,0,0.7777704149484634,0,0,0.16271826038277595,0
1346,jason came inside mary and she let the bumsick dribble out of her pussy down her buttocks and onto the bed sheets,and she,and she,is_multiword,4,4|5,0.0,0,1.983068525791168,1,0.8254528930410743,1,0,0.7966618291597674,1
1346,jason came inside mary and she let the bumsick dribble out of her pussy down her buttocks and onto the bed sheets,bed sheets,bed sheets,is_multiword,20,20|21,0.0,0,3.10586808125178,0,0.2893272439638773,0,0,0.16271826038277595,0
1346,jason came inside mary and she let the bumsick dribble out of her pussy down her buttocks and onto the bed sheets,bumsick dribble out,bumsick dribble out,is_multiword,8,8|9|10,0.4285714285714285,0,5.190769215424855,0,0.7081583949426811,0,0,0.16271826038277595,0
1346,jason came inside mary and she let the bumsick dribble out of her pussy down her buttocks and onto the bed sheets,bumsick dribble,bumsick dribble,is_multiword,8,8|9,0.4285714285714285,0,4.75000228881836,0,0.8120382664104303,1,0,0.4334338556297024,0
1346,jason came inside mary and she let the bumsick dribble out of her pussy down her buttocks and onto the bed sheets,buttocks and onto,buttocks and onto,is_multiword,16,16|17|18,0.0,0,3.803017973899841,0,0.8611348494887352,1,0,0.4334338556297024,0
1346,jason came inside mary and she let the bumsick dribble out of her pussy down her buttocks and onto the bed sheets,buttocks and,buttocks and,is_multiword,16,16|17,0.0,0,5.227797463536263,1,0.7234427034854889,0,0,0.4988185214043336,1
1346,jason came inside mary and she let the bumsick dribble out of her pussy down her buttocks and onto the bed sheets,down her buttocks and onto,down her buttocks and onto,is_multiword,14,14|15|16|17|18,0.0,0,3.371279649436474,0,0.6924770822127659,0,0,0.16271826038277595,0
1346,jason came inside mary and she let the bumsick dribble out of her pussy down her buttocks and onto the bed sheets,down her buttocks and,down her buttocks and,is_multiword,14,14|15|16|17,0.0,0,4.231146474679311,0,0.3772713939348856,0,0,0.16271826038277595,0
1346,jason came inside mary and she let the bumsick dribble out of her pussy down her buttocks and onto the bed sheets,down her buttocks,down her buttocks,is_multiword,14,14|15|16,0.0,0,3.580332934856415,0,0.3179359833399454,0,0,0.16271826038277595,0
1346,jason came inside mary and she let the bumsick dribble out of her pussy down her buttocks and onto the bed sheets,down her,down her,is_multiword,14,14|15,0.0,0,1.8332405090332031,0,0.5454644213120143,0,0,0.16271826038277595,0
1346,jason came inside mary and she let the bumsick dribble out of her pussy down her buttocks and onto the bed sheets,dribble out,dribble out,is_multiword,9,9|10,0.0,0,3.795050263404846,1,0.3750609755516052,0,0,0.4988185214043336,1
1346,jason came inside mary and she let the bumsick dribble out of her pussy down her buttocks and onto the bed sheets,her buttocks and onto,her buttocks and onto,is_multiword,15,15|16|17|18,0.0,0,3.1964143429483687,0,0.8349316914876302,0,0,0.16271826038277595,0
1346,jason came inside mary and she let the bumsick dribble out of her pussy down her buttocks and onto the bed sheets,her buttocks and,her buttocks and,is_multiword,15,15|16|17,0.0,0,3.979698920249939,0,0.3857749501864115,0,0,0.16271826038277595,0
1346,jason came inside mary and she let the bumsick dribble out of her pussy down her buttocks and onto the bed sheets,her buttocks,her buttocks,is_multiword,15,15|16,0.0,0,3.898324966430664,0,0.4151662985483805,0,0,0.16271826038277595,0
1346,jason came inside mary and she let the bumsick dribble out of her pussy down her buttocks and onto the bed sheets,her pussy down her buttocks and onto,her pussy down her buttocks and onto,is_multiword,12,12|13|14|15|16|17|18,0.0,0,2.935488903522492,0,0.6838589981198311,0,0,0.16271826038277595,0
1346,jason came inside mary and she let the bumsick dribble out of her pussy down her buttocks and onto the bed sheets,her pussy down her buttocks and,her pussy down her buttocks and,is_multiword,12,12|13|14|15|16|17,0.0,0,3.423472359776497,0,0.22309410572052,0,0,0.16271826038277595,0
1346,jason came inside mary and she let the bumsick dribble out of her pussy down her buttocks and onto the bed sheets,her pussy down her buttocks,her pussy down her buttocks,is_multiword,12,12|13|14|15|16,0.0,0,3.253572736467634,0,0.4826650818188985,0,0,0.16271826038277595,0
1346,jason came inside mary and she let the bumsick dribble out of her pussy down her buttocks and onto the bed sheets,her pussy down her,her pussy down her,is_multiword,12,12|13|14|15,0.0,0,1.018913209438324,0,0.6198232869307201,0,0,0.16271826038277595,0
1346,jason came inside mary and she let the bumsick dribble out of her pussy down her buttocks and onto the bed sheets,her pussy down,her pussy down,is_multiword,12,12|13|14,0.0,0,1.4549026886622112,0,0.4823363025983175,0,0,0.16271826038277595,0
1346,jason came inside mary and she let the bumsick dribble out of her pussy down her buttocks and onto the bed sheets,her pussy,her pussy,is_multiword,12,12|13,0.0,0,0.6391696929931641,1,0.4532310366630554,0,0,0.4988185214043336,1
1346,jason came inside mary and she let the bumsick dribble out of her pussy down her buttocks and onto the bed sheets,pussy down her buttocks and onto,pussy down her buttocks and onto,is_multiword,13,13|14|15|16|17|18,0.0,0,3.0149273806148105,0,0.4522319734096527,0,0,0.16271826038277595,0
1346,jason came inside mary and she let the bumsick dribble out of her pussy down her buttocks and onto the bed sheets,pussy down her buttocks and,pussy down her buttocks and,is_multiword,13,13|14|15|16|17,0.0,0,3.769512721470424,0,0.4090564648310343,0,0,0.16271826038277595,0
1346,jason came inside mary and she let the bumsick dribble out of her pussy down her buttocks and onto the bed sheets,pussy down her buttocks,pussy down her buttocks,is_multiword,13,13|14|15|16,0.0,0,3.477005660533905,0,0.4998027284940084,0,0,0.16271826038277595,0
1346,jason came inside mary and she let the bumsick dribble out of her pussy down her buttocks and onto the bed sheets,pussy down her,pussy down her,is_multiword,13,13|14|15,0.0,0,1.0927493572235107,0,0.569274182120959,0,0,0.16271826038277595,0
1346,jason came inside mary and she let the bumsick dribble out of her pussy down her buttocks and onto the bed sheets,pussy down,pussy down,is_multiword,13,13|14,0.0,0,1.3004722595214844,0,0.442504366238912,0,0,0.16271826038277595,0
1350,"the sob went awal on us, dont he know we have to meet up at 6pm",sob went awal,sob went awal,is_multiword,1,1|2|3,0.4285714285714285,0,9.186354239781698,0,0.7121661690374215,0,0,0.16271826038277595,0
1350,"the sob went awal on us, dont he know we have to meet up at 6pm",sob went,sob went,is_multiword,1,1|2,0.0,0,6.457792401313782,0,0.2167292435963949,0,0,0.16271826038277595,0
1350,"the sob went awal on us, dont he know we have to meet up at 6pm",went awal,went awal,is_multiword,2,2|3,0.4285714285714285,0,9.8358553647995,0,0.7140606393416722,0,0,0.16271826038277595,0
1354,1) he is such a bootychute 2) he likes to take it up the bootychute,the bootychute,the bootychute,is_multiword,13,13|14,0.4285714285714285,0,6.13965305685997,0,0.9307589521631598,0,0,0.16271826038277595,0
1354,1) he is such a bootychute 2) he likes to take it up the bootychute,up the bootychute,up the bootychute,is_multiword,12,12|13|14,0.4285714285714285,0,4.562610697746277,0,0.8742752860610684,0,0,0.16271826038277595,0
1354,1) he is such a bootychute 2) he likes to take it up the bootychute,up the,up the,is_multiword,12,12|13,0.0,0,2.802005842328072,0,0.9593148107330004,0,0,0.16271826038277595,0
1355,"chris is looking like he needs a cheesburger, that dude is totally bedraggarexic",totally bedraggarexic,totally bedraggarexic,is_multiword,11,11|12,0.4285714285714285,0,7.386682176589966,0,0.6703477539122105,1,0,0.4334338556297024,0
1359,"example 1 wow, dude your such a noreen example 2 annie: your such a loser aleesha: your no noreen either, ya saddo",aleesha your no noreen,aleesha your no noreen,is_multiword,15,15|16|17|18,0.4285714285714285,0,4.588058880397251,0,0.7445064581309755,0,0,0.16271826038277595,0
1359,"example 1 wow, dude your such a noreen example 2 annie: your such a loser aleesha: your no noreen either, ya saddo",aleesha your no,aleesha your no,is_multiword,15,15|16|17,0.4285714285714285,0,6.923107922077179,0,0.6831976895531018,0,0,0.16271826038277595,0
1359,"example 1 wow, dude your such a noreen example 2 annie: your such a loser aleesha: your no noreen either, ya saddo",aleesha your,aleesha your,is_multiword,15,15|16,0.4285714285714285,0,7.3206645250320435,0,0.803436855164667,0,0,0.16271826038277595,0
1359,"example 1 wow, dude your such a noreen example 2 annie: your such a loser aleesha: your no noreen either, ya saddo",no noreen,no noreen,is_multiword,17,17|18,0.4285714285714285,0,3.08646297454834,0,0.8284766664728522,1,0,0.4334338556297024,0
1359,"example 1 wow, dude your such a noreen example 2 annie: your such a loser aleesha: your no noreen either, ya saddo",ya saddo,ya saddo,is_multiword,20,20|21,0.4285714285714285,0,5.375035524368286,1,0.7566825449466705,1,0,0.7966618291597674,1
1359,"example 1 wow, dude your such a noreen example 2 annie: your such a loser aleesha: your no noreen either, ya saddo",your no noreen,your no noreen,is_multiword,16,16|17|18,0.4285714285714285,0,1.7769264221191403,0,0.7328728064894676,0,0,0.16271826038277595,0
1359,"example 1 wow, dude your such a noreen example 2 annie: your such a loser aleesha: your no noreen either, ya saddo",your no,your no,is_multiword,16,16|17,0.0,0,2.67139619588852,0,0.4853194455305735,0,0,0.16271826038277595,0
135,"hi, yes, i'd like to make a request going out to bdfn from sexy sexy sexy",going out,going out,is_multiword,8,8|9,0.0,0,4.936927974224091,1,0.1958382725715637,0,0,0.4988185214043336,1
135,"hi, yes, i'd like to make a request going out to bdfn from sexy sexy sexy",sexy sexy sexy,sexy sexy sexy,is_multiword,13,13|14|15,0.0,0,8.26717758178711,1,0.6526195332407951,1,0,0.7966618291597674,1
135,"hi, yes, i'd like to make a request going out to bdfn from sexy sexy sexy",sexy sexy,sexy sexy,is_multiword,13,13|14,0.0,0,2.2360247373580933,0,0.2902982433636983,0,0,0.16271826038277595,0
1362,"when you remove the tea kettle from the stove, it's common sense to then turn off the burner",tea kettle,tea kettle,is_multiword,4,4|5,0.0,0,4.469596942265828,0,0.3093718489011129,0,0,0.16271826038277595,0
1363,"""juan: ""como esta?"" pablo: ""yo soy bien",como esta,como esta,is_multiword,1,1|2,0.4285714285714285,0,6.845605909824371,0,0.406855563322703,0,0,0.16271826038277595,0
1363,"""juan: ""como esta?"" pablo: ""yo soy bien",soy bien,soy bien,is_multiword,5,5|6,0.0,0,2.9070321321487427,0,0.3274518847465515,0,0,0.16271826038277595,0
1363,"""juan: ""como esta?"" pablo: ""yo soy bien",yo soy bien,yo soy bien,is_multiword,4,4|5|6,0.0,0,5.973448594411214,0,0.4131363729635874,0,0,0.16271826038277595,0
1363,"""juan: ""como esta?"" pablo: ""yo soy bien",yo soy,yo soy,is_multiword,4,4|5,0.0,0,6.787304282188416,1,0.8028183865050474,1,0,0.7966618291597674,1
1366,"similar to milf but less crude and doesn't leave out older women that don't have children excuse me ma'am, but you're a glow",a glow,a glow,is_multiword,21,21|22,0.0,0,4.955475966135661,0,0.5848337113857269,0,0,0.16271826038277595,0
1366,"similar to milf but less crude and doesn't leave out older women that don't have children excuse me ma'am, but you're a glow",leave out,leave out,is_multiword,8,8|9,0.0,0,5.901550233364105,1,0.2880697846412658,0,0,0.4988185214043336,1
1370,cara was totally beswooduld by robert,totally beswooduld,totally beswooduld,is_multiword,2,2|3,0.4285714285714285,0,7.406128287315369,0,0.962923511552314,1,0,0.4334338556297024,0
1371,"i just watched (the happening, twilight, showgirls) and it was totally awfome",totally awfome,totally awfome,is_multiword,10,10|11,0.4285714285714285,0,4.871769642829895,1,0.7522313101217151,0,0,0.4988185214043336,0
1373,damn that sonny kid sure was atrocious,sonny kid,sonny kid,is_multiword,2,2|3,0.0,0,4.855575382709503,1,0.7833863270158569,1,0,0.7966618291597674,1
1377,"ex) so did the doctor find out why you cant pay attention in school? yeah, he said i've got adhlas",got adhlas,got adhlas,is_multiword,18,18|19,0.4285714285714285,0,6.970272223154704,0,0.5886571606000264,0,0,0.16271826038277595,0
1377,"ex) so did the doctor find out why you cant pay attention in school? yeah, he said i've got adhlas",i've got adhlas,i've got adhlas,is_multiword,17,17|18|19,0.4285714285714285,0,4.086696068445842,0,0.7551094914476076,0,0,0.16271826038277595,0
1377,"ex) so did the doctor find out why you cant pay attention in school? yeah, he said i've got adhlas",i've got,i've got,is_multiword,17,17|18,0.0,0,2.460946023464203,1,0.8998301628356179,1,0,0.7966618291597674,1
137,that is a millz unlucky,millz unlucky,millz unlucky,is_multiword,3,3|4,0.4285714285714285,0,6.944344329833984,0,0.4040190974871317,0,0,0.16271826038277595,0
1380,fuckkk man im fuckin blowwn doggg hahaha blown blown blown [blown],blowwn doggg hahaha,blowwn doggg hahaha,is_multiword,4,4|5|6,0.5714285714285714,0,7.994453644752502,0,0.8068904802203178,0,0,0.16271826038277595,0
1380,fuckkk man im fuckin blowwn doggg hahaha blown blown blown [blown],blowwn doggg,blowwn doggg,is_multiword,4,4|5,0.5714285714285714,0,6.043743580579758,0,0.9903148875261346,0,0,0.16271826038277595,0
1380,fuckkk man im fuckin blowwn doggg hahaha blown blown blown [blown],doggg hahaha,doggg hahaha,is_multiword,5,5|6,0.5714285714285714,0,10.362545728683472,1,0.7841566217442354,0,0,0.4988185214043336,0
1380,fuckkk man im fuckin blowwn doggg hahaha blown blown blown [blown],fuckin blowwn doggg hahaha,fuckin blowwn doggg hahaha,is_multiword,3,3|4|5|6,0.5714285714285714,0,6.24416264465877,0,0.8083386269087592,0,0,0.16271826038277595,0
1380,fuckkk man im fuckin blowwn doggg hahaha blown blown blown [blown],fuckin blowwn doggg,fuckin blowwn doggg,is_multiword,3,3|4|5,0.5714285714285714,0,4.714722990989685,0,0.9904346621284882,0,0,0.16271826038277595,0
1380,fuckkk man im fuckin blowwn doggg hahaha blown blown blown [blown],fuckin blowwn,fuckin blowwn,is_multiword,3,3|4,0.4285714285714285,0,3.831504940986633,0,0.9801960124944648,0,0,0.16271826038277595,0
1380,fuckkk man im fuckin blowwn doggg hahaha blown blown blown [blown],im fuckin blowwn doggg hahaha,im fuckin blowwn doggg hahaha,is_multiword,2,2|3|4|5|6,0.5714285714285714,0,6.734359202906489,0,0.8269670776401957,0,0,0.16271826038277595,0
1380,fuckkk man im fuckin blowwn doggg hahaha blown blown blown [blown],im fuckin blowwn doggg,im fuckin blowwn doggg,is_multiword,2,2|3|4|5,0.5714285714285714,0,5.727687852723258,0,0.8067775166903933,0,0,0.16271826038277595,0
1380,fuckkk man im fuckin blowwn doggg hahaha blown blown blown [blown],im fuckin blowwn,im fuckin blowwn,is_multiword,2,2|3|4,0.4285714285714285,0,4.652552938461303,0,0.8195070186629891,0,0,0.16271826038277595,0
1380,fuckkk man im fuckin blowwn doggg hahaha blown blown blown [blown],im fuckin,im fuckin,is_multiword,2,2|3,0.0,0,4.713708281517029,0,0.7787048015743494,1,0,0.4334338556297024,0
1381,you bur head shut up you bur head hey bur head,hey bur,hey bur,is_multiword,8,8|9,0.4285714285714285,0,4.9451408088207245,0,0.7381179748723905,0,0,0.16271826038277595,0
1384,fancy some breb? where's the breb at? let's breb,breb at,breb at,is_multiword,5,5|6,0.4285714285714285,0,2.640074531237284,0,0.8554473367209235,1,0,0.4334338556297024,0
1384,fancy some breb? where's the breb at? let's breb,breb where's,breb where's,is_multiword,2,2|3,0.4285714285714285,0,2.9751479864120483,0,0.89138337255766,1,0,0.4334338556297024,0
1385,i pumped oodles and oodles of jis all over her ass it was oodles of fun,pumped oodles,pumped oodles,is_multiword,1,1|2,0.4285714285714285,0,3.808840870857239,0,0.7557529509067535,0,0,0.16271826038277595,0
1388,jenna is totally bitchious,totally bitchious,totally bitchious,is_multiword,2,2|3,0.4285714285714285,0,5.907026320695877,0,0.7296637988959749,1,0,0.4334338556297024,0
138,james went to the video store to get something action packed for this evening,this evening,this evening,is_multiword,12,12|13,0.0,0,6.121793687343597,1,0.3032127618789673,0,0,0.4988185214043336,1
1393,i'd queem him/her,i'd queem,i'd queem,is_multiword,0,0|1,0.4285714285714285,0,3.5812202215194704,0,0.6789477346464992,0,0,0.16271826038277595,0
1394,"""i'm going to get bare bosh tonight ""aawwww [peng]bosh bruv",aawwww peng bosh bruv,aawwww peng bosh bruv,is_multiword,7,7|8|9|10,0.5714285714285714,0,7.649081247193473,0,0.8214452468479673,0,0,0.16271826038277595,0
1394,"""i'm going to get bare bosh tonight ""aawwww [peng]bosh bruv",aawwww peng bosh,aawwww peng bosh,is_multiword,7,7|8|9,0.5714285714285714,0,7.071982645988465,0,0.7950508312011758,0,0,0.16271826038277595,0
1394,"""i'm going to get bare bosh tonight ""aawwww [peng]bosh bruv",aawwww peng,aawwww peng,is_multiword,7,7|8,0.5714285714285714,0,8.558684803545475,0,0.6041510353485744,0,0,0.16271826038277595,0
1394,"""i'm going to get bare bosh tonight ""aawwww [peng]bosh bruv",bare bosh,bare bosh,is_multiword,4,4|5,0.4285714285714285,0,9.134777069091797,0,0.9084078377733628,0,0,0.16271826038277595,0
1394,"""i'm going to get bare bosh tonight ""aawwww [peng]bosh bruv",bosh bruv,bosh bruv,is_multiword,9,9|10,0.4285714285714285,0,7.38868506749471,0,0.855575737853845,0,0,0.16271826038277595,0
1394,"""i'm going to get bare bosh tonight ""aawwww [peng]bosh bruv",get bare bosh,get bare bosh,is_multiword,3,3|4|5,0.4285714285714285,0,6.318940401077271,0,0.8563426025211811,0,0,0.16271826038277595,0
1394,"""i'm going to get bare bosh tonight ""aawwww [peng]bosh bruv",get bare,get bare,is_multiword,3,3|4,0.0,0,6.182651728391647,0,0.5919602910677593,1,0,0.4334338556297024,0
1394,"""i'm going to get bare bosh tonight ""aawwww [peng]bosh bruv",peng bosh bruv,peng bosh bruv,is_multiword,8,8|9|10,0.4285714285714285,0,8.5360908806324,0,0.7754883139083782,0,0,0.16271826038277595,0
1394,"""i'm going to get bare bosh tonight ""aawwww [peng]bosh bruv",peng bosh,peng bosh,is_multiword,8,8|9,0.4285714285714285,0,11.02316826581955,0,0.807367509851853,0,0,0.16271826038277595,0
139,"asian: herro, this [chinise] food cost many dorrah",cost many dorrah,cost many dorrah,is_multiword,5,5|6|7,0.4285714285714285,0,6.157028555870056,0,0.6594968885183334,1,0,0.4334338556297024,0
139,"asian: herro, this [chinise] food cost many dorrah",cost many,cost many,is_multiword,5,5|6,0.0,0,5.989257097244263,0,0.4035211602846781,0,0,0.16271826038277595,0
139,"asian: herro, this [chinise] food cost many dorrah",many dorrah,many dorrah,is_multiword,6,6|7,0.4285714285714285,0,6.412323554356893,0,0.4376969734827677,0,0,0.16271826038277595,0
1402,i bet she takes it up the tex ritter,tex ritter,tex ritter,is_multiword,7,7|8,0.4285714285714285,0,5.815509080886841,0,0.6708391457796097,0,1,0.16271826038277595,0
1406,"dude, alex, stop being such a buttsniffer and give me back my chex-mix",a buttsniffer,a buttsniffer,is_multiword,5,5|6,0.4285714285714285,0,4.481648993492127,0,0.6800454308589299,0,0,0.16271826038277595,0
1406,"dude, alex, stop being such a buttsniffer and give me back my chex-mix",such a buttsniffer,such a buttsniffer,is_multiword,4,4|5|6,0.4285714285714285,0,5.004131853580475,0,0.791570171713829,0,0,0.16271826038277595,0
1406,"dude, alex, stop being such a buttsniffer and give me back my chex-mix",such a,such a,is_multiword,4,4|5,0.0,0,1.905201017856598,1,0.7611227864399552,0,0,0.4988185214043336,1
1407,im getting heat stroke in this bloody hot sun,im getting,im getting,is_multiword,0,0|1,0.0,0,7.46002984046936,0,0.6726601396997769,0,0,0.16271826038277595,0
1408,hey that coat your wearing is looking a little blemish,is looking,is looking,is_multiword,5,5|6,0.0,0,4.437729001045227,0,0.3661947051684061,0,0,0.16271826038277595,0
1408,hey that coat your wearing is looking a little blemish,little blemish,little blemish,is_multiword,8,8|9,0.4285714285714285,0,7.251481592655182,0,0.2782779335975647,0,0,0.16271826038277595,0
1409,"rose, cuntrags on winning the 1m pic",cuntrags on,cuntrags on,is_multiword,1,1|2,0.4285714285714285,0,5.693838179111481,0,0.7568167013426622,0,0,0.16271826038277595,0
1409,"rose, cuntrags on winning the 1m pic",m pic,m pic,is_multiword,6,6|7,0.0,0,0.0,0,0.7454231927792232,1,0,0.4334338556297024,0
1417,ooga booga where da chaffles at,chaffles at,chaffles at,is_multiword,4,4|5,0.4285714285714285,0,7.611252516508102,0,0.7079240617652733,0,0,0.16271826038277595,0
1417,ooga booga where da chaffles at,da chaffles at,da chaffles at,is_multiword,3,3|4|5,0.4285714285714285,0,5.569349980354309,0,0.5630502253770828,0,0,0.16271826038277595,0
1417,ooga booga where da chaffles at,da chaffles,da chaffles,is_multiword,3,3|4,0.4285714285714285,0,5.158057153224945,0,0.8924687057733536,1,0,0.4334338556297024,0
1420,i can kind of relate to your annoyedness kristie,annoyedness kristie,annoyedness kristie,is_multiword,7,7|8,0.4285714285714285,0,5.985532263914744,0,0.1669324437777201,0,0,0.16271826038277595,0
1426,i shit on my dick snowy doorknob style,dick snowy doorknob style,dick snowy doorknob style,is_multiword,4,4|5|6|7,0.4285714285714285,0,6.61723610333034,0,0.98119649104774,0,0,0.16271826038277595,0
1426,i shit on my dick snowy doorknob style,dick snowy doorknob,dick snowy doorknob,is_multiword,4,4|5|6,0.4285714285714285,0,8.144087394078573,0,0.9675163043042024,0,0,0.16271826038277595,0
1426,i shit on my dick snowy doorknob style,dick snowy,dick snowy,is_multiword,4,4|5,0.0,0,4.642616271972656,0,0.8406435012196501,0,0,0.16271826038277595,0
1426,i shit on my dick snowy doorknob style,doorknob style,doorknob style,is_multiword,6,6|7,0.4285714285714285,0,7.6406607031822205,0,0.7806048889954885,0,0,0.16271826038277595,0
1426,i shit on my dick snowy doorknob style,snowy doorknob style,snowy doorknob style,is_multiword,5,5|6|7,0.4285714285714285,0,7.428267379601796,0,0.9904911775762836,1,0,0.4334338556297024,0
1426,i shit on my dick snowy doorknob style,snowy doorknob,snowy doorknob,is_multiword,5,5|6,0.4285714285714285,0,8.983700180053711,0,0.7448893735806148,0,1,0.16271826038277595,0
1427,iso of partner for mutual good time nsa,good time nsa,good time nsa,is_multiword,5,5|6|7,0.0,0,5.731950223445892,0,0.2888185977935791,0,0,0.16271826038277595,0
1427,iso of partner for mutual good time nsa,good time,good time,is_multiword,5,5|6,0.0,0,5.994939565658569,1,0.1516594290733337,0,0,0.4988185214043336,1
1427,iso of partner for mutual good time nsa,mutual good time nsa,mutual good time nsa,is_multiword,4,4|5|6|7,0.0,0,5.029112195968628,0,0.3212133447329203,0,0,0.16271826038277595,0
1427,iso of partner for mutual good time nsa,mutual good time,mutual good time,is_multiword,4,4|5|6,0.0,0,5.136446674664815,0,0.7728567061324915,1,0,0.4334338556297024,0
1427,iso of partner for mutual good time nsa,mutual good,mutual good,is_multiword,4,4|5,0.0,0,5.561735361814499,0,0.1559810439745584,0,0,0.16271826038277595,0
1427,iso of partner for mutual good time nsa,time nsa,time nsa,is_multiword,6,6|7,0.0,0,6.227743983268738,0,0.4821944634119669,0,0,0.16271826038277595,0
1428,guy 1: davo's a really nice lad guy 2: yeah hes a fuckin' good bloke aye,bloke aye,bloke aye,is_multiword,14,14|15,0.0,0,7.0096349865198135,1,0.700325224859019,1,0,0.7966618291597674,1
1428,guy 1: davo's a really nice lad guy 2: yeah hes a fuckin' good bloke aye,yeah hes,yeah hes,is_multiword,9,9|10,0.0,0,4.059617444872856,1,0.175389289855957,0,0,0.4988185214043336,1
1429,"o wow diederich is the true prush emperor, and hes hot",o wow,o wow,is_multiword,0,0|1,0.0,0,5.072324752807617,1,0.247977336247762,0,0,0.4988185214043336,1
1432,"""ricky williams at an interview: "" i have a bouve after me",bouve after,bouve after,is_multiword,8,8|9,0.4285714285714285,0,6.953236659367879,1,0.9543229835107924,1,0,0.7966618291597674,1
1433,"""antonio es un gilipolla ""anthony is an asshole""""",es un gilipolla,es un gilipolla,is_multiword,1,1|2|3,0.4285714285714285,0,8.16688961982727,0,0.5254615495602291,0,0,0.16271826038277595,0
1433,"""antonio es un gilipolla ""anthony is an asshole""""",es un,es un,is_multiword,1,1|2,0.0,0,3.0146197080612183,0,0.8209947366267443,0,0,0.16271826038277595,0
1433,"""antonio es un gilipolla ""anthony is an asshole""""",un gilipolla,un gilipolla,is_multiword,2,2|3,0.4285714285714285,0,7.365761667490005,0,0.4153922299544016,0,0,0.16271826038277595,0
1438,gone pass me over the leets n dillutes,gone pass,gone pass,is_multiword,0,0|1,0.0,0,6.4093780517578125,0,0.7272078242773812,0,0,0.16271826038277595,0
1438,gone pass me over the leets n dillutes,leets n dillutes,leets n dillutes,is_multiword,5,5|6|7,0.4285714285714285,0,5.784997224807739,0,0.8378088610867659,0,0,0.16271826038277595,0
1438,gone pass me over the leets n dillutes,leets n,leets n,is_multiword,5,5|6,0.4285714285714285,0,5.078172047932942,0,0.8063636695345243,0,0,0.16271826038277595,0
1438,gone pass me over the leets n dillutes,n dillutes,n dillutes,is_multiword,6,6|7,0.4285714285714285,0,6.159681260585785,0,0.8964825356379151,1,0,0.4334338556297024,0
1440,"""that bitch has her period, i'm not tryna get that shit all over my dick, i'm just gunna tell her to b.o.m.p",bitch has,bitch has,is_multiword,1,1|2,0.0,0,5.344501495361328,0,0.641987569630146,1,0,0.4334338556297024,0
1440,"""that bitch has her period, i'm not tryna get that shit all over my dick, i'm just gunna tell her to b.o.m.p",not tryna get,not tryna get,is_multiword,6,6|7|8,0.4285714285714285,0,2.226247727870941,0,0.4220773677031199,0,0,0.16271826038277595,0
1440,"""that bitch has her period, i'm not tryna get that shit all over my dick, i'm just gunna tell her to b.o.m.p",not tryna,not tryna,is_multiword,6,6|7,0.4285714285714285,0,1.623287280400594,0,0.4487019826968511,0,0,0.16271826038277595,0
1440,"""that bitch has her period, i'm not tryna get that shit all over my dick, i'm just gunna tell her to b.o.m.p",tryna get,tryna get,is_multiword,7,7|8,0.4285714285714285,0,1.2982686360677085,0,0.6076206217209499,0,0,0.16271826038277595,0
1442,what a stupid bitch,a stupid bitch,a stupid bitch,is_multiword,1,1|2|3,0.0,0,5.95949150621891,0,0.2043101191520691,0,1,0.16271826038277595,0
1442,what a stupid bitch,a stupid,a stupid,is_multiword,1,1|2,0.0,0,1.4348450303077698,0,0.4078249434630075,0,0,0.16271826038277595,0
1442,what a stupid bitch,stupid bitch,stupid bitch,is_multiword,2,2|3,0.0,0,5.642449736595154,0,0.4732384284337362,1,1,0.4334338556297024,0
1442,what a stupid bitch,what a stupid bitch,what a stupid bitch,is_multiword,0,0|1|2|3,0.0,0,8.454113578796386,1,0.4035194416840871,0,0,0.4988185214043336,1
1442,what a stupid bitch,what a stupid,what a stupid,is_multiword,0,0|1|2,0.0,0,4.586389501889546,0,0.3603245417277018,0,0,0.16271826038277595,0
1442,what a stupid bitch,what a,what a,is_multiword,0,0|1,0.0,0,1.163553237915039,0,0.6664922088384628,0,0,0.16271826038277595,0
1447,yo dude i banged that laute last night,yo dude,yo dude,is_multiword,0,0|1,0.0,0,5.148385365804036,0,0.1155611077944437,0,0,0.16271826038277595,0
1448,anthony was so dee-runk that he fell face first into the toilet,so dee-runk,so dee-runk,is_multiword,2,2|3,0.4285714285714285,0,2.3877288341522216,0,0.1589635809262594,0,0,0.16271826038277595,0
1450,"hogway: i'm feeling like taking a cutty pie heavy kosh: oh i'm so down, let me pack this tin",cutty pie,cutty pie,is_multiword,6,6|7,0.4285714285714285,0,9.379846056302387,1,0.975045914761722,1,1,0.7966618291597674,1
1450,"hogway: i'm feeling like taking a cutty pie heavy kosh: oh i'm so down, let me pack this tin",so down,so down,is_multiword,12,12|13,0.0,0,1.455882906913757,0,0.1548183957735697,0,0,0.16271826038277595,0
1452,scalito cast the tie-breaking vote in perot vs,perot vs,perot vs,is_multiword,6,6|7,0.4285714285714285,0,8.682098388671875,1,0.4230774044990539,0,0,0.4988185214043336,0
1453,i downed some disco water with half a gram in it like 10 minutes ago and i'm coming up,coming up,coming up,is_multiword,17,17|18,0.0,0,4.49484258890152,1,0.3712951143582662,0,0,0.4988185214043336,1
1454,i cannot seem to make an offers to my customer using my siebel system as it is experiencing the jeb factor,an offers,an offers,is_multiword,5,5|6,0.0,0,2.701412320137024,0,0.2389689286549886,0,0,0.16271826038277595,0
1454,i cannot seem to make an offers to my customer using my siebel system as it is experiencing the jeb factor,make an offers,make an offers,is_multiword,4,4|5|6,0.0,0,2.3393629789352417,0,0.3214696248372396,0,0,0.16271826038277595,0
1454,i cannot seem to make an offers to my customer using my siebel system as it is experiencing the jeb factor,make an,make an,is_multiword,4,4|5,0.0,0,2.693531095981598,0,0.2505759596824646,0,0,0.16271826038277595,0
1455,"after my friend mike ate some of my mother's chicken curry, he had to take a desi dump",desi dump,desi dump,is_multiword,16,16|17,0.0,0,5.96290123462677,0,0.5438404778639476,0,1,0.16271826038277595,0
1456,grandmon's pumpkin pie is birdie num num,birdie num num,birdie num num,is_multiword,4,4|5|6,0.0,0,10.152973115444183,0,0.7258291095495224,0,1,0.16271826038277595,0
1456,grandmon's pumpkin pie is birdie num num,birdie num,birdie num,is_multiword,4,4|5,0.0,0,6.304401357968648,0,0.7253589642544587,0,0,0.16271826038277595,0
1456,grandmon's pumpkin pie is birdie num num,num num,num num,is_multiword,5,5|6,0.0,0,10.648288667201996,1,0.7574436186502377,1,0,0.7966618291597674,1
1457,i went goodwill hunting for some cheap polos yesterday,goodwill hunting,goodwill hunting,is_multiword,2,2|3,0.0,0,6.664034157991409,0,0.4399715065956116,1,1,0.4334338556297024,0
1468,"omfg, dude you just became holy crap",became holy crap,became holy crap,is_multiword,4,4|5|6,0.0,0,5.618922412395477,0,0.185857355594635,0,0,0.16271826038277595,0
1468,"omfg, dude you just became holy crap",became holy,became holy,is_multiword,4,4|5,0.0,0,5.750250498453776,0,0.7582027682413658,1,0,0.4334338556297024,0
1468,"omfg, dude you just became holy crap",holy crap,holy crap,is_multiword,5,5|6,0.0,0,6.9208336273829145,0,0.1588385502497354,0,1,0.16271826038277595,0
1469,svea ; oh hey look its svea,its svea,its svea,is_multiword,4,4|5,0.4285714285714285,0,4.886260350545247,0,0.4484582642714182,0,0,0.16271826038277595,0
1474,this fucking catera takes more money from my wallet than my crackwhore prostitute wife,fucking catera,fucking catera,is_multiword,1,1|2,0.4285714285714285,0,5.503813584645589,0,0.5763903657595317,0,0,0.16271826038277595,0
1476,3 konata is [mai waifu],3 konata,3 konata,is_multiword,0,0|1,0.5714285714285714,0,11.791268706321716,0,0.7848587790504098,0,0,0.16271826038277595,0
1476,3 konata is [mai waifu],mai waifu,mai waifu,is_multiword,3,3|4,0.4285714285714285,0,7.625624179840088,0,0.4262654682000478,0,0,0.16271826038277595,0
1484,hailey :jeez girl your such an auto-mattox,an auto-mattox,an auto-mattox,is_multiword,5,5|6,0.4285714285714285,0,6.268431806564331,0,0.9892049587021272,1,0,0.4334338556297024,0
1484,hailey :jeez girl your such an auto-mattox,such an auto-mattox,such an auto-mattox,is_multiword,4,4|5|6,0.4285714285714285,0,6.538289189338684,0,0.906785249710083,0,0,0.16271826038277595,0
1484,hailey :jeez girl your such an auto-mattox,such an,such an,is_multiword,4,4|5,0.0,0,6.114023566246033,0,0.6444567367434502,0,0,0.16271826038277595,0
1484,hailey :jeez girl your such an auto-mattox,your such an auto-mattox,your such an auto-mattox,is_multiword,3,3|4|5|6,0.4285714285714285,0,5.927982909338815,0,0.936810551211238,0,0,0.16271826038277595,0
1484,hailey :jeez girl your such an auto-mattox,your such an,your such an,is_multiword,3,3|4|5,0.0,0,5.177599747975667,0,0.987330530770123,0,0,0.16271826038277595,0
1484,hailey :jeez girl your such an auto-mattox,your such,your such,is_multiword,3,3|4,0.0,0,8.988500863313675,0,0.8422904235000411,1,0,0.4334338556297024,0
1486,yo momma gots schmugeggie on ho lips,gots schmugeggie,gots schmugeggie,is_multiword,2,2|3,0.4285714285714285,0,4.13685941696167,0,0.8633383217578133,0,0,0.16271826038277595,0
1486,yo momma gots schmugeggie on ho lips,momma gots schmugeggie,momma gots schmugeggie,is_multiword,1,1|2|3,0.4285714285714285,0,4.911350038316515,0,0.8117698182662328,0,0,0.16271826038277595,0
1486,yo momma gots schmugeggie on ho lips,momma gots,momma gots,is_multiword,1,1|2,0.4285714285714285,0,4.109292149543762,1,0.7530429301162561,0,0,0.4988185214043336,1
1486,yo momma gots schmugeggie on ho lips,yo momma gots schmugeggie,yo momma gots schmugeggie,is_multiword,0,0|1|2|3,0.4285714285714285,0,5.503369569778442,0,0.6058699786663055,0,0,0.16271826038277595,0
1486,yo momma gots schmugeggie on ho lips,yo momma gots,yo momma gots,is_multiword,0,0|1|2,0.4285714285714285,0,4.9806924819946286,0,0.7885797700534264,1,0,0.4334338556297024,0
1486,yo momma gots schmugeggie on ho lips,yo momma,yo momma,is_multiword,0,0|1,0.0,0,3.99297308921814,0,0.3559340039889017,0,0,0.16271826038277595,0
1487,i smushed the death cap in his soup and he was like,death cap,death cap,is_multiword,3,3|4,0.0,0,8.40901529788971,1,0.3208922743797302,0,1,0.4988185214043336,1
1488,my typhlosion get a crit oooooh crit,crit oooooh crit,crit oooooh crit,is_multiword,4,4|5|6,0.5714285714285714,0,7.664275336265564,0,0.4983995159467062,1,0,0.4334338556297024,0
1488,my typhlosion get a crit oooooh crit,crit oooooh,crit oooooh,is_multiword,4,4|5,0.5714285714285714,0,5.814038276672363,0,0.330814262231191,0,0,0.16271826038277595,0
1488,my typhlosion get a crit oooooh crit,oooooh crit,oooooh crit,is_multiword,5,5|6,0.5714285714285714,0,7.258967578411102,0,0.4545968870321909,0,0,0.16271826038277595,0
1488,my typhlosion get a crit oooooh crit,typhlosion get,typhlosion get,is_multiword,1,1|2,0.4285714285714285,0,6.461166441440582,0,0.4882446477810541,0,0,0.16271826038277595,0
1489,"dipdi is one successful ainga zingha, especially in the eyebrow threading business, one of the great ainga zingha traditions",ainga zingha,ainga zingha,is_multiword,4,4|5,0.4285714285714285,0,5.18903752565384,1,0.9447309070577224,1,1,0.7966618291597674,1
1493,"p1: man, did you see ken jennings on jeopardy last week? p2: yeah, he got totally ruttered in three straight games by brad rutter himself",2 yeah,2 yeah,is_multiword,13,13|14,0.1428571428571428,0,1.3993034809827805,0,0.1167402068773905,0,0,0.16271826038277595,0
1493,"p1: man, did you see ken jennings on jeopardy last week? p2: yeah, he got totally ruttered in three straight games by brad rutter himself",p 1,p 1,is_multiword,0,0|1,0.1428571428571428,0,2.0510265827178955,0,0.6490381027882297,0,0,0.16271826038277595,0
1493,"p1: man, did you see ken jennings on jeopardy last week? p2: yeah, he got totally ruttered in three straight games by brad rutter himself",p 2 yeah,p 2 yeah,is_multiword,12,12|13|14,0.1428571428571428,0,2.4890326658884683,0,0.2957394421100616,0,0,0.16271826038277595,0
1493,"p1: man, did you see ken jennings on jeopardy last week? p2: yeah, he got totally ruttered in three straight games by brad rutter himself",p 2,p 2,is_multiword,12,12|13,0.1428571428571428,0,1.3775500059127808,0,0.986116019077599,1,0,0.4334338556297024,0
1493,"p1: man, did you see ken jennings on jeopardy last week? p2: yeah, he got totally ruttered in three straight games by brad rutter himself",totally ruttered,totally ruttered,is_multiword,17,17|18,0.4285714285714285,0,1.043079435825348,0,0.1847144762674967,0,0,0.16271826038277595,0
1494,"fuck me, it is as cold as a cunt out here",as cold as,as cold as,is_multiword,4,4|5|6,0.0,0,5.741384128729503,0,0.3424217502276102,0,0,0.16271826038277595,0
1494,"fuck me, it is as cold as a cunt out here",as cold,as cold,is_multiword,4,4|5,0.0,0,2.8968372344970703,0,0.1804745395978292,0,0,0.16271826038277595,0
1494,"fuck me, it is as cold as a cunt out here",cold as,cold as,is_multiword,5,5|6,0.0,0,2.7329729795455933,0,0.295900026957194,0,0,0.16271826038277595,0
1494,"fuck me, it is as cold as a cunt out here",cunt out here,cunt out here,is_multiword,8,8|9|10,0.0,0,4.2573089599609375,1,0.8437342615798116,0,0,0.4988185214043336,1
1494,"fuck me, it is as cold as a cunt out here",cunt out,cunt out,is_multiword,8,8|9,0.0,0,3.339876731236776,0,0.9866415038704872,1,0,0.4334338556297024,0
1494,"fuck me, it is as cold as a cunt out here",fuck me,fuck me,is_multiword,0,0|1,0.0,0,5.305038332939148,0,0.2536349097887674,0,0,0.16271826038277595,0
1494,"fuck me, it is as cold as a cunt out here",is as cold as,is as cold as,is_multiword,3,3|4|5|6,0.0,0,4.395530700683594,0,0.9893516236916184,1,0,0.4334338556297024,0
1494,"fuck me, it is as cold as a cunt out here",is as cold,is as cold,is_multiword,3,3|4|5,0.0,0,2.0621858835220337,0,0.1724678874015808,0,0,0.16271826038277595,0
1494,"fuck me, it is as cold as a cunt out here",is as,is as,is_multiword,3,3|4,0.0,0,0.5659961700439453,0,0.7195506310090423,0,0,0.16271826038277595,0
1494,"fuck me, it is as cold as a cunt out here",it is as cold as,it is as cold as,is_multiword,2,2|3|4|5|6,0.0,0,4.875875973701477,0,0.2974787553151449,0,0,0.16271826038277595,0
1494,"fuck me, it is as cold as a cunt out here",it is as cold,it is as cold,is_multiword,2,2|3|4|5,0.0,0,3.771322339773178,0,0.1333787441253662,0,0,0.16271826038277595,0
1494,"fuck me, it is as cold as a cunt out here",it is as,it is as,is_multiword,2,2|3|4,0.0,0,1.3117586771647136,1,0.9516903093705574,0,0,0.4988185214043336,1
1494,"fuck me, it is as cold as a cunt out here",it is,it is,is_multiword,2,2|3,0.0,0,0.9811935424804688,0,0.7604965940117836,0,0,0.16271826038277595,0
1494,"fuck me, it is as cold as a cunt out here",out here,out here,is_multiword,9,9|10,0.0,0,3.4091702103614807,0,0.484784722328186,0,0,0.16271826038277595,0
1495,"""hey did you get some last night man? ""yeah, but she turned out to be a power puff girl",power puff,power puff,is_multiword,16,16|17,0.0,0,7.995498180389404,0,0.4043325185775757,0,1,0.16271826038277595,0
1496,"my doctor's office refuses to bill insurance companies any more, so i was out of pocket for the entire payment until i did all of the paperwork myself for reimbursement",any more,any more,is_multiword,8,8|9,0.0,0,3.597427487373352,1,0.8365292971332868,1,0,0.7966618291597674,1
1497,"you don't remeber your girlfriend birthday chase, your sucha fucking burn victim",sucha fucking,sucha fucking,is_multiword,8,8|9,0.4285714285714285,0,6.032729307810466,0,0.3137017488479614,0,0,0.16271826038277595,0
1498,"roger:oh i say, what is that smell? jane:why pardon me roger, i do believe ive just done a pardy",believe ive,believe ive,is_multiword,15,15|16,0.0,0,1.915275673071544,0,0.7451608503858249,1,0,0.4334338556297024,0
1498,"roger:oh i say, what is that smell? jane:why pardon me roger, i do believe ive just done a pardy",do believe ive,do believe ive,is_multiword,14,14|15|16,0.0,0,2.4058264940977097,0,0.2654762864112854,0,0,0.16271826038277595,0
1498,"roger:oh i say, what is that smell? jane:why pardon me roger, i do believe ive just done a pardy",do believe,do believe,is_multiword,14,14|15,0.0,0,3.203329026699066,1,0.6664451062679291,0,0,0.4988185214043336,1
1498,"roger:oh i say, what is that smell? jane:why pardon me roger, i do believe ive just done a pardy",what is,what is,is_multiword,4,4|5,0.0,0,1.9633177518844604,1,0.7167248701055844,0,0,0.4988185214043336,1
14,"""how do you get this feckin yoke to work? - computer ""pass me that yoke"" - pencil ""this yoke is feckin broken",feckin yoke,feckin yoke,is_multiword,5,5|6,0.4285714285714285,0,6.401381754875184,1,0.3709504803021749,0,0,0.4988185214043336,0
1500,look at that girl shes got a face like a fox licking shit off a thistle,shes got,shes got,is_multiword,4,4|5,0.0,0,1.360164721806844,1,0.317995031674703,0,0,0.4988185214043336,1
1500,look at that girl shes got a face like a fox licking shit off a thistle,shit off,shit off,is_multiword,12,12|13,0.0,0,6.5925080589950085,0,0.7993643414229155,1,0,0.4334338556297024,0
1501,"""{persona} said that exact same thing only two minutes ago, and now {personb} is already recycling it? ""i know, he's such a cheshire",that exact,that exact,is_multiword,2,2|3,0.0,0,1.7319793701171875,0,0.1873884399731954,0,0,0.16271826038277595,0
1502,i'm gunna double agent these bitches,i'm gunna,i'm gunna,is_multiword,0,0|1,0.0,0,4.298843050003052,0,0.6640007024010022,0,0,0.16271826038277595,0
1503,do u see that cute guy? yea he looks like a gustavo,guy yea,guy yea,is_multiword,5,5|6,0.0,0,3.8760835329691568,0,0.7358984515691798,1,0,0.4334338556297024,0
1510,t'est un caulisse de con; t'a pas remarquer que je chiais,caulisse de con t'a pas remarquer que je chiais,caulisse de con t'a pas remarquer que je chiais,is_multiword,2,2|3|4|5|6|7|8|9|10,0.4285714285714285,0,4.560886068003518,0,0.8053882901246349,0,0,0.16271826038277595,0
1510,t'est un caulisse de con; t'a pas remarquer que je chiais,caulisse de con t'a pas remarquer que je,caulisse de con t'a pas remarquer que je,is_multiword,2,2|3|4|5|6|7|8|9,0.4285714285714285,0,3.7319044272104898,0,0.7601092100764314,0,0,0.16271826038277595,0
1510,t'est un caulisse de con; t'a pas remarquer que je chiais,caulisse de con t'a pas remarquer que,caulisse de con t'a pas remarquer que,is_multiword,2,2|3|4|5|6|7|8,0.4285714285714285,0,4.082787036895752,0,0.6538527309894562,0,0,0.16271826038277595,0
1510,t'est un caulisse de con; t'a pas remarquer que je chiais,caulisse de con t'a pas remarquer,caulisse de con t'a pas remarquer,is_multiword,2,2|3|4|5|6|7,0.4285714285714285,0,4.266732370853424,0,0.3923228482405344,0,0,0.16271826038277595,0
1510,t'est un caulisse de con; t'a pas remarquer que je chiais,caulisse de con t'a pas,caulisse de con t'a pas,is_multiword,2,2|3|4|5|6,0.4285714285714285,0,3.6658240854740143,0,0.6565759253377716,0,0,0.16271826038277595,0
1510,t'est un caulisse de con; t'a pas remarquer que je chiais,caulisse de con t'a,caulisse de con t'a,is_multiword,2,2|3|4|5,0.4285714285714285,0,3.5969259398324147,0,0.8027537669986486,0,0,0.16271826038277595,0
1510,t'est un caulisse de con; t'a pas remarquer que je chiais,caulisse de con,caulisse de con,is_multiword,2,2|3|4,0.4285714285714285,0,5.637030690908432,0,0.7293237602959077,0,0,0.16271826038277595,0
1510,t'est un caulisse de con; t'a pas remarquer que je chiais,caulisse de,caulisse de,is_multiword,2,2|3,0.4285714285714285,0,5.0979751745859785,0,0.8333549201488495,0,0,0.16271826038277595,0
1510,t'est un caulisse de con; t'a pas remarquer que je chiais,con t'a pas remarquer que je chiais,con t'a pas remarquer que je chiais,is_multiword,4,4|5|6|7|8|9|10,0.4285714285714285,0,4.430560177022761,0,0.9644817265992364,0,0,0.16271826038277595,0
1510,t'est un caulisse de con; t'a pas remarquer que je chiais,con t'a pas remarquer que je,con t'a pas remarquer que je,is_multiword,4,4|5|6|7|8|9,0.4285714285714285,0,4.02323744032118,0,0.9725219868123532,1,0,0.4334338556297024,0
1510,t'est un caulisse de con; t'a pas remarquer que je chiais,con t'a pas remarquer que,con t'a pas remarquer que,is_multiword,4,4|5|6|7|8,0.4285714285714285,0,3.591300457715988,0,0.7892474383115768,0,0,0.16271826038277595,0
1510,t'est un caulisse de con; t'a pas remarquer que je chiais,con t'a pas remarquer,con t'a pas remarquer,is_multiword,4,4|5|6|7,0.4285714285714285,0,4.218541775430952,0,0.5289354423681896,0,0,0.16271826038277595,0
1510,t'est un caulisse de con; t'a pas remarquer que je chiais,con t'a pas,con t'a pas,is_multiword,4,4|5|6,0.0,0,3.4010132789611816,0,0.5079769194126129,0,0,0.16271826038277595,0
1510,t'est un caulisse de con; t'a pas remarquer que je chiais,con t'a,con t'a,is_multiword,4,4|5,0.0,0,3.3858366310596466,0,0.96023263130337,0,0,0.16271826038277595,0
1510,t'est un caulisse de con; t'a pas remarquer que je chiais,de con t'a pas remarquer que je chiais,de con t'a pas remarquer que je chiais,is_multiword,3,3|4|5|6|7|8|9|10,0.4285714285714285,0,3.770985245704651,0,0.8060436497131983,0,0,0.16271826038277595,0
1510,t'est un caulisse de con; t'a pas remarquer que je chiais,de con t'a pas remarquer que je,de con t'a pas remarquer que je,is_multiword,3,3|4|5|6|7|8|9,0.4285714285714285,0,3.168762731552124,0,0.950148860923946,0,0,0.16271826038277595,0
1510,t'est un caulisse de con; t'a pas remarquer que je chiais,de con t'a pas remarquer que,de con t'a pas remarquer que,is_multiword,3,3|4|5|6|7|8,0.4285714285714285,0,3.2669440110524497,0,0.6583812460303307,0,0,0.16271826038277595,0
1510,t'est un caulisse de con; t'a pas remarquer que je chiais,de con t'a pas remarquer,de con t'a pas remarquer,is_multiword,3,3|4|5|6|7,0.4285714285714285,0,3.225160628557205,0,0.4202374120553335,0,0,0.16271826038277595,0
1510,t'est un caulisse de con; t'a pas remarquer que je chiais,de con t'a pas,de con t'a pas,is_multiword,3,3|4|5|6,0.0,0,1.9054997364679973,0,0.6322954616819818,0,0,0.16271826038277595,0
1510,t'est un caulisse de con; t'a pas remarquer que je chiais,de con t'a,de con t'a,is_multiword,3,3|4|5,0.0,0,1.9752068042755129,0,0.4178652465343475,0,0,0.16271826038277595,0
1510,t'est un caulisse de con; t'a pas remarquer que je chiais,de con,de con,is_multiword,3,3|4,0.0,0,6.529424697160721,0,0.7193565989534061,0,0,0.16271826038277595,0
1510,t'est un caulisse de con; t'a pas remarquer que je chiais,je chiais,je chiais,is_multiword,9,9|10,0.4285714285714285,0,4.916510105133057,1,0.8381416828682026,0,0,0.4988185214043336,0
1510,t'est un caulisse de con; t'a pas remarquer que je chiais,pas remarquer que je chiais,pas remarquer que je chiais,is_multiword,6,6|7|8|9|10,0.4285714285714285,0,4.947177903992789,0,0.8055641402800878,0,0,0.16271826038277595,0
1510,t'est un caulisse de con; t'a pas remarquer que je chiais,pas remarquer que je,pas remarquer que je,is_multiword,6,6|7|8|9,0.4285714285714285,0,5.410439348220825,0,0.8568925159052014,0,0,0.16271826038277595,0
1510,t'est un caulisse de con; t'a pas remarquer que je chiais,pas remarquer que,pas remarquer que,is_multiword,6,6|7|8,0.4285714285714285,0,4.13051700592041,0,0.6647272979219754,0,0,0.16271826038277595,0
1510,t'est un caulisse de con; t'a pas remarquer que je chiais,pas remarquer,pas remarquer,is_multiword,6,6|7,0.4285714285714285,0,5.718795855840047,0,0.1654794216156005,0,0,0.16271826038277595,0
1510,t'est un caulisse de con; t'a pas remarquer que je chiais,que je chiais,que je chiais,is_multiword,8,8|9|10,0.4285714285714285,0,4.294758796691895,0,0.7185802186528842,0,0,0.16271826038277595,0
1510,t'est un caulisse de con; t'a pas remarquer que je chiais,que je,que je,is_multiword,8,8|9,0.0,0,1.8219128251075745,0,0.7421621959656477,0,0,0.16271826038277595,0
1510,t'est un caulisse de con; t'a pas remarquer que je chiais,remarquer que je chiais,remarquer que je chiais,is_multiword,7,7|8|9|10,0.4285714285714285,0,5.532405853271484,0,0.5415282895167668,0,0,0.16271826038277595,0
1510,t'est un caulisse de con; t'a pas remarquer que je chiais,remarquer que je,remarquer que je,is_multiword,7,7|8|9,0.4285714285714285,0,5.872643411159515,0,0.9468730998535952,0,0,0.16271826038277595,0
1510,t'est un caulisse de con; t'a pas remarquer que je chiais,remarquer que,remarquer que,is_multiword,7,7|8,0.4285714285714285,0,4.84497054417928,0,0.6446473238368828,0,0,0.16271826038277595,0
1510,t'est un caulisse de con; t'a pas remarquer que je chiais,t'a pas remarquer que je chiais,t'a pas remarquer que je chiais,is_multiword,5,5|6|7|8|9|10,0.4285714285714285,0,4.6246654152870175,0,0.5467909177144368,0,0,0.16271826038277595,0
1510,t'est un caulisse de con; t'a pas remarquer que je chiais,t'a pas remarquer que je,t'a pas remarquer que je,is_multiword,5,5|6|7|8|9,0.4285714285714285,0,4.193960130214691,0,0.5788957675298054,0,0,0.16271826038277595,0
1510,t'est un caulisse de con; t'a pas remarquer que je chiais,t'a pas remarquer que,t'a pas remarquer que,is_multiword,5,5|6|7|8,0.4285714285714285,0,3.3004394599369595,0,0.1259834170341491,0,0,0.16271826038277595,0
1510,t'est un caulisse de con; t'a pas remarquer que je chiais,t'a pas remarquer,t'a pas remarquer,is_multiword,5,5|6|7,0.4285714285714285,0,4.198197642962138,0,0.1945112943649292,0,0,0.16271826038277595,0
1510,t'est un caulisse de con; t'a pas remarquer que je chiais,t'a pas,t'a pas,is_multiword,5,5|6,0.0,0,4.6362486481666565,0,0.394027461608251,0,0,0.16271826038277595,0
1510,t'est un caulisse de con; t'a pas remarquer que je chiais,t'est un caulisse de con t'a pas remarquer que je chiais,t'est un caulisse de con t'a pas remarquer que je chiais,is_multiword,0,0|1|2|3|4|5|6|7|8|9|10,0.4285714285714285,0,6.072302606370714,0,0.8505398562798897,0,0,0.16271826038277595,0
1510,t'est un caulisse de con; t'a pas remarquer que je chiais,t'est un caulisse de con t'a pas remarquer que je,t'est un caulisse de con t'a pas remarquer que je,is_multiword,0,0|1|2|3|4|5|6|7|8|9,0.4285714285714285,0,4.602847367525101,0,0.8718557450920343,0,0,0.16271826038277595,0
1510,t'est un caulisse de con; t'a pas remarquer que je chiais,t'est un caulisse de con t'a pas remarquer que,t'est un caulisse de con t'a pas remarquer que,is_multiword,0,0|1|2|3|4|5|6|7|8,0.4285714285714285,0,4.7136703332265215,0,0.8727705059573054,0,0,0.16271826038277595,0
1510,t'est un caulisse de con; t'a pas remarquer que je chiais,t'est un caulisse de con t'a pas remarquer,t'est un caulisse de con t'a pas remarquer,is_multiword,0,0|1|2|3|4|5|6|7,0.4285714285714285,0,4.727033989770072,0,0.8728095786646008,0,0,0.16271826038277595,0
1510,t'est un caulisse de con; t'a pas remarquer que je chiais,t'est un caulisse de con t'a pas,t'est un caulisse de con t'a pas,is_multiword,0,0|1|2|3|4|5|6,0.4285714285714285,0,4.699287513891856,0,0.8624844203392664,0,0,0.16271826038277595,0
1510,t'est un caulisse de con; t'a pas remarquer que je chiais,t'est un caulisse de con t'a,t'est un caulisse de con t'a,is_multiword,0,0|1|2|3|4|5,0.4285714285714285,0,4.487136526541277,0,0.8592837791269025,0,0,0.16271826038277595,0
1510,t'est un caulisse de con; t'a pas remarquer que je chiais,t'est un caulisse de con,t'est un caulisse de con,is_multiword,0,0|1|2|3|4,0.4285714285714285,0,4.472438812255859,0,0.7671860146025816,0,0,0.16271826038277595,0
1510,t'est un caulisse de con; t'a pas remarquer que je chiais,t'est un caulisse de,t'est un caulisse de,is_multiword,0,0|1|2|3,0.4285714285714285,0,3.9556779180254256,0,0.7134191642204921,0,0,0.16271826038277595,0
1510,t'est un caulisse de con; t'a pas remarquer que je chiais,t'est un caulisse,t'est un caulisse,is_multiword,0,0|1|2,0.4285714285714285,0,3.551547249158224,0,0.6694815543790658,0,0,0.16271826038277595,0
1510,t'est un caulisse de con; t'a pas remarquer que je chiais,t'est un,t'est un,is_multiword,0,0|1,0.0,0,1.6652545928955078,1,0.5275967021783192,0,0,0.4988185214043336,1
1510,t'est un caulisse de con; t'a pas remarquer que je chiais,un caulisse de con t'a pas remarquer que je chiais,un caulisse de con t'a pas remarquer que je chiais,is_multiword,1,1|2|3|4|5|6|7|8|9|10,0.4285714285714285,0,4.531996138890585,0,0.7788355046262344,0,0,0.16271826038277595,0
1510,t'est un caulisse de con; t'a pas remarquer que je chiais,un caulisse de con t'a pas remarquer que je,un caulisse de con t'a pas remarquer que je,is_multiword,1,1|2|3|4|5|6|7|8|9,0.4285714285714285,0,3.44743772653433,0,0.733946219086647,0,0,0.16271826038277595,0
1510,t'est un caulisse de con; t'a pas remarquer que je chiais,un caulisse de con t'a pas remarquer que,un caulisse de con t'a pas remarquer que,is_multiword,1,1|2|3|4|5|6|7|8,0.4285714285714285,0,4.213458021481832,0,0.6861188250283401,0,0,0.16271826038277595,0
1510,t'est un caulisse de con; t'a pas remarquer que je chiais,un caulisse de con t'a pas remarquer,un caulisse de con t'a pas remarquer,is_multiword,1,1|2|3|4|5|6|7,0.4285714285714285,0,4.091074445030906,0,0.8846928272396326,0,0,0.16271826038277595,0
1510,t'est un caulisse de con; t'a pas remarquer que je chiais,un caulisse de con t'a pas,un caulisse de con t'a pas,is_multiword,1,1|2|3|4|5|6,0.4285714285714285,0,3.828179624345568,0,0.4421227475007375,0,0,0.16271826038277595,0
1510,t'est un caulisse de con; t'a pas remarquer que je chiais,un caulisse de con t'a,un caulisse de con t'a,is_multiword,1,1|2|3|4|5,0.4285714285714285,0,3.5369046926498413,0,0.6637161892528336,0,0,0.16271826038277595,0
1510,t'est un caulisse de con; t'a pas remarquer que je chiais,un caulisse de con,un caulisse de con,is_multiword,1,1|2|3|4,0.4285714285714285,0,4.832314300537109,0,0.1875592470169067,0,0,0.16271826038277595,0
1510,t'est un caulisse de con; t'a pas remarquer que je chiais,un caulisse de,un caulisse de,is_multiword,1,1|2|3,0.4285714285714285,0,3.936435639858246,0,0.9743669411788384,0,0,0.16271826038277595,0
1510,t'est un caulisse de con; t'a pas remarquer que je chiais,un caulisse,un caulisse,is_multiword,1,1|2,0.4285714285714285,0,4.414736270904541,0,0.9907597051933408,1,0,0.4334338556297024,0
1514,ivan was shocked to find that zdenka is an actual 9gaggette,an actual,an actual,is_multiword,8,8|9,0.0,0,5.787919878959656,1,0.2814501027266184,0,0,0.4988185214043336,1
1517,she was really into him but got bounced by the blonde girl,got bounced,got bounced,is_multiword,6,6|7,0.0,0,6.326825261116028,1,0.1153658429781595,0,0,0.4988185214043336,1
1518,dude i'm bounced,dude i'm bounced,dude i'm bounced,is_multiword,0,0|1|2,0.0,0,6.266840800642967,0,0.8791538753236333,1,0,0.4334338556297024,0
1518,dude i'm bounced,dude i'm,dude i'm,is_multiword,0,0|1,0.0,0,3.5372042655944824,0,0.5468050738175709,0,0,0.16271826038277595,0
1518,dude i'm bounced,i'm bounced,i'm bounced,is_multiword,1,1|2,0.0,0,5.352171142896016,0,0.6778657535711925,0,0,0.16271826038277595,0
1519,"what is your name? snuggles, boo boo snuggles",boo boo snuggles,boo boo snuggles,is_multiword,5,5|6|7,0.4285714285714285,0,4.104493345533099,0,0.5361590782801311,0,1,0.16271826038277595,0
1519,"what is your name? snuggles, boo boo snuggles",boo boo,boo boo,is_multiword,5,5|6,0.0,0,4.769270658493042,1,0.2242500185966491,0,0,0.4988185214043336,1
1519,"what is your name? snuggles, boo boo snuggles",boo snuggles,boo snuggles,is_multiword,6,6|7,0.4285714285714285,0,3.876855897903442,0,0.4252759714921316,0,0,0.16271826038277595,0
151,"person 1: did you hear, she is an adva",an adva,an adva,is_multiword,7,7|8,0.4285714285714285,0,6.419530232747396,1,0.9793379542728264,1,0,0.7966618291597674,1
1522,p1: i really miss camp p2: ktt p1: to me community means equality and kindness towards everyone p2: ktt,2 ktt p 1,2 ktt p 1,is_multiword,7,7|8|9|10,0.5714285714285714,0,2.4820472955703736,0,0.8218247865637144,0,0,0.16271826038277595,0
1522,p1: i really miss camp p2: ktt p1: to me community means equality and kindness towards everyone p2: ktt,2 ktt p,2 ktt p,is_multiword,7,7|8|9,0.5714285714285714,0,2.304518640041352,0,0.9342446435863772,0,0,0.16271826038277595,0
1522,p1: i really miss camp p2: ktt p1: to me community means equality and kindness towards everyone p2: ktt,2 ktt,2 ktt,is_multiword,7,7|8,0.5714285714285714,0,0.4146194060643514,0,0.8348283401379982,0,0,0.16271826038277595,0
1522,p1: i really miss camp p2: ktt p1: to me community means equality and kindness towards everyone p2: ktt,ktt p 1,ktt p 1,is_multiword,8,8|9|10,0.5714285714285714,0,3.5071843465169272,0,0.7857771093646685,0,0,0.16271826038277595,0
1522,p1: i really miss camp p2: ktt p1: to me community means equality and kindness towards everyone p2: ktt,ktt p,ktt p,is_multiword,8,8|9,0.4285714285714285,0,5.422113239765167,1,0.9281571973115206,0,0,0.4988185214043336,0
1522,p1: i really miss camp p2: ktt p1: to me community means equality and kindness towards everyone p2: ktt,p 1,p 1,is_multiword,0,0|1,0.1428571428571428,0,0.1786804596583048,1,0.5523098409175873,0,0,0.4988185214043336,0
1522,p1: i really miss camp p2: ktt p1: to me community means equality and kindness towards everyone p2: ktt,p 2 ktt p 1,p 2 ktt p 1,is_multiword,6,6|7|8|9|10,0.5714285714285714,0,2.642687661307199,0,0.8509101048111916,0,0,0.16271826038277595,0
1522,p1: i really miss camp p2: ktt p1: to me community means equality and kindness towards everyone p2: ktt,p 2 ktt p,p 2 ktt p,is_multiword,6,6|7|8|9,0.5714285714285714,0,1.7536232471466064,0,0.8048444334417582,0,0,0.16271826038277595,0
1522,p1: i really miss camp p2: ktt p1: to me community means equality and kindness towards everyone p2: ktt,p 2 ktt,p 2 ktt,is_multiword,6,6|7|8,0.5714285714285714,0,0.3002914667129516,0,0.8872606319685777,0,0,0.16271826038277595,0
1522,p1: i really miss camp p2: ktt p1: to me community means equality and kindness towards everyone p2: ktt,p 2,p 2,is_multiword,6,6|7,0.1428571428571428,0,0.4767570197582245,1,0.8079186255733172,0,0,0.4988185214043336,0
1523,"your face is the common denominator in three robberies at your place of work, which implies you have a connection to these robberies, although we could be wrong",of work,of work,is_multiword,12,12|13,0.0,0,3.398580491542816,0,0.2288702925046285,0,0,0.16271826038277595,0
1523,"your face is the common denominator in three robberies at your place of work, which implies you have a connection to these robberies, although we could be wrong",place of work,place of work,is_multiword,11,11|12|13,0.0,0,3.974328259627024,1,0.5349175830682118,0,0,0.4988185214043336,1
1523,"your face is the common denominator in three robberies at your place of work, which implies you have a connection to these robberies, although we could be wrong",place of,place of,is_multiword,11,11|12,0.0,0,0.0,0,0.5849543015162151,0,0,0.16271826038277595,0
1526,"""that guy's got swag ""i have 10x more swag than you do"" ""i just fell down, lol",got swag,got swag,is_multiword,2,2|3,0.0,0,4.988861083984375,1,0.3852040370305379,0,0,0.4988185214043336,1
1526,"""that guy's got swag ""i have 10x more swag than you do"" ""i just fell down, lol",guy's got swag,guy's got swag,is_multiword,1,1|2|3,0.0,0,4.833791772524516,0,0.4603599657615026,1,0,0.4334338556297024,0
1526,"""that guy's got swag ""i have 10x more swag than you do"" ""i just fell down, lol",guy's got,guy's got,is_multiword,1,1|2,0.0,0,3.1909264624118805,0,0.4125381310780843,0,0,0.16271826038277595,0
1529,"tri-delt answering the phone: delta delta delta can i help ya help ya help ya? anyone with legs: uh yeah, i'll take an asian, a blonde, a mexican",tri-delt answering,tri-delt answering,is_multiword,0,0|1,0.4285714285714285,0,6.588111793994903,0,0.333930492401123,1,0,0.4334338556297024,0
1529,"tri-delt answering the phone: delta delta delta can i help ya help ya help ya? anyone with legs: uh yeah, i'll take an asian, a blonde, a mexican",ya anyone,ya anyone,is_multiword,14,14|15,0.0,0,3.5547924786806107,0,0.7993695543458065,1,0,0.4334338556297024,0
1532,"mmhm, that delric be looking fine",be looking,be looking,is_multiword,3,3|4,0.0,0,4.635679125785828,0,0.5929490756243467,0,0,0.16271826038277595,0
1532,"mmhm, that delric be looking fine",delric be looking,delric be looking,is_multiword,2,2|3|4,0.4285714285714285,0,7.14635656774044,0,0.4297150472799936,0,0,0.16271826038277595,0
1532,"mmhm, that delric be looking fine",delric be,delric be,is_multiword,2,2|3,0.4285714285714285,0,7.71420419216156,0,0.7654360284407934,1,0,0.4334338556297024,0
1536,adam brody is so fellatious in that blue shirt,so fellatious,so fellatious,is_multiword,3,3|4,0.4285714285714285,0,6.023409783840179,0,0.8044919098416964,1,0,0.4334338556297024,0
1537,"1) fuck, i gotta bust ass",bust ass,bust ass,is_multiword,4,4|5,0.0,0,4.4834301471710205,0,0.0889415939648946,0,1,0.16271826038277595,0
1537,"1) fuck, i gotta bust ass",gotta bust ass,gotta bust ass,is_multiword,3,3|4|5,0.0,0,4.091150999069214,0,0.14299076795578,0,0,0.16271826038277595,0
1537,"1) fuck, i gotta bust ass",gotta bust,gotta bust,is_multiword,3,3|4,0.0,0,5.228646337985992,0,0.1840362548828125,0,0,0.16271826038277595,0
1539,i was carrying around a pound or so of pudding and i totally transformed into nut bustings on m'lady this morning,bustings on m'lady,bustings on m'lady,is_multiword,16,16|17|18,0.4285714285714285,0,5.022962063550949,0,0.7931797678271929,0,0,0.16271826038277595,0
1539,i was carrying around a pound or so of pudding and i totally transformed into nut bustings on m'lady this morning,bustings on,bustings on,is_multiword,16,16|17,0.4285714285714285,0,4.805116593837738,0,0.9777649880076448,0,0,0.16271826038277595,0
1539,i was carrying around a pound or so of pudding and i totally transformed into nut bustings on m'lady this morning,nut bustings on m'lady,nut bustings on m'lady,is_multiword,15,15|16|17|18,0.4285714285714285,0,4.663067354096307,0,0.952462561118106,0,0,0.16271826038277595,0
1539,i was carrying around a pound or so of pudding and i totally transformed into nut bustings on m'lady this morning,nut bustings on,nut bustings on,is_multiword,15,15|16|17,0.4285714285714285,0,4.901955938339233,0,0.8268952903648218,0,0,0.16271826038277595,0
1539,i was carrying around a pound or so of pudding and i totally transformed into nut bustings on m'lady this morning,nut bustings,nut bustings,is_multiword,15,15|16,0.4285714285714285,0,4.768462926149368,0,0.791779201477766,1,1,0.4334338556297024,0
1539,i was carrying around a pound or so of pudding and i totally transformed into nut bustings on m'lady this morning,on m'lady,on m'lady,is_multiword,17,17|18,0.0,0,3.8942947387695312,0,0.34284641345342,0,0,0.16271826038277595,0
1541,bro i was straight up the definition of kalamazoo wasted after you gave me 5 of those lbj's,straight up,straight up,is_multiword,3,3|4,0.0,0,5.081937789916992,0,0.3061690727869669,0,0,0.16271826038277595,0
1542,those were some real bayboys who put it down constantly on the line everytime,down constantly,down constantly,is_multiword,8,8|9,0.0,0,5.219965279102325,0,0.1043992638587951,0,0,0.16271826038277595,0
1545,"hey, she's got big teeth ;-)",she's got,she's got,is_multiword,1,1|2,0.0,0,2.371226251125336,1,0.6933381340156,1,0,0.7966618291597674,1
1549,if that grom drops in on me one more time i will kill him,grom drops,grom drops,is_multiword,2,2|3,0.4285714285714285,0,3.8637675642967215,1,0.5512598653634389,0,0,0.4988185214043336,0
154,dee's caked-up like a rainbow today,dee's caked-up,dee's caked-up,is_multiword,0,0|1,0.4285714285714285,0,4.3733951151371,0,0.6756785437464714,0,0,0.16271826038277595,0
1552,i'm workin' my dertch into a froth,dertch into,dertch into,is_multiword,3,3|4,0.4285714285714285,0,4.50116640329361,0,0.4225708742936452,0,0,0.16271826038277595,0
1557,i love to blaze up and put on some psychedelic music,blaze up,blaze up,is_multiword,3,3|4,0.0,0,4.821852525075276,0,0.348406712214152,0,0,0.16271826038277595,0
1558,beasties is the best way to get drunk for cheap,for cheap,for cheap,is_multiword,8,8|9,0.0,0,3.933717668056488,1,0.1418147683143615,0,0,0.4988185214043336,1
1559,i got some eye of newt at the boogety boogety store,boogety boogety,boogety boogety,is_multiword,8,8|9,0.4285714285714285,0,6.797693292299907,0,0.6982990174243848,1,1,0.4334338556297024,0
1559,i got some eye of newt at the boogety boogety store,of newt,of newt,is_multiword,4,4|5,0.0,0,5.8269156614939375,1,0.5837628742059071,0,0,0.4988185214043336,1
1562,julie is a dirtywhore,a dirtywhore,a dirtywhore,is_multiword,2,2|3,0.4285714285714285,0,5.82941882610321,0,0.706371574041744,0,0,0.16271826038277595,0
1562,julie is a dirtywhore,is a dirtywhore,is a dirtywhore,is_multiword,1,1|2|3,0.4285714285714285,0,6.250484486420949,0,0.9236319021632274,0,0,0.16271826038277595,0
1562,julie is a dirtywhore,is a,is a,is_multiword,1,1|2,0.0,0,1.967670202255249,1,0.942209467291832,0,0,0.4988185214043336,1
1562,julie is a dirtywhore,julie is a dirtywhore,julie is a dirtywhore,is_multiword,0,0|1|2|3,0.4285714285714285,0,6.694237872958183,0,0.7619280479848385,0,0,0.16271826038277595,0
1562,julie is a dirtywhore,julie is a,julie is a,is_multiword,0,0|1|2,0.0,0,3.7992849946022034,0,0.6960530417660873,0,0,0.16271826038277595,0
1562,julie is a dirtywhore,julie is,julie is,is_multiword,0,0|1,0.0,0,3.115935802459717,0,0.2971567710240682,0,0,0.16271826038277595,0
1564,"guy 1: yo, weren't you seeing that chick? guy 2: naw dawg, i strait up fumped that bitch",chick guy,chick guy,is_multiword,7,7|8,0.0,0,2.994642972946167,0,0.5286306540171306,1,0,0.4334338556297024,0
1564,"guy 1: yo, weren't you seeing that chick? guy 2: naw dawg, i strait up fumped that bitch",naw dawg,naw dawg,is_multiword,10,10|11,0.0,0,4.870006337761879,0,0.2639183203379313,0,0,0.16271826038277595,0
1564,"guy 1: yo, weren't you seeing that chick? guy 2: naw dawg, i strait up fumped that bitch",strait up fumped,strait up fumped,is_multiword,13,13|14|15,0.4285714285714285,0,6.463062810897827,0,0.7102569531028469,0,0,0.16271826038277595,0
1564,"guy 1: yo, weren't you seeing that chick? guy 2: naw dawg, i strait up fumped that bitch",strait up,strait up,is_multiword,13,13|14,0.0,0,6.073638757069905,0,0.7357001397758722,0,0,0.16271826038277595,0
1564,"guy 1: yo, weren't you seeing that chick? guy 2: naw dawg, i strait up fumped that bitch",up fumped,up fumped,is_multiword,14,14|15,0.4285714285714285,0,6.030386447906494,0,0.8616598360240459,1,0,0.4334338556297024,0
1568,"i was such a berkle last night, i spilled hot sauce on my vagina/penis",vagina penis,vagina penis,is_multiword,13,13|14,0.0,0,4.495298326015472,0,0.1149227221806844,0,0,0.16271826038277595,0
1569,1) that picture is totally chiveworthy,totally chiveworthy,totally chiveworthy,is_multiword,4,4|5,0.4285714285714285,0,6.561056017875671,1,0.7208282003800075,0,0,0.4988185214043336,0
1572,"what's crackin, boss man? sure, whatever you say boss man",man sure,man sure,is_multiword,3,3|4,0.0,0,4.822748243808746,0,0.8856523701300224,1,0,0.4334338556297024,0
1574,yo lets go do the dootz,yo lets,yo lets,is_multiword,0,0|1,0.0,0,4.008964776992798,0,0.6749922583500545,1,0,0.4334338556297024,0
1576,i reckon' she got a fine bajiner,fine bajiner,fine bajiner,is_multiword,5,5|6,0.4285714285714285,0,8.290666182835897,0,0.980730215397974,0,0,0.16271826038277595,0
1578,i had to use agent orange to defoliate b-rock's mama's cooch,mama's cooch,mama's cooch,is_multiword,10,10|11,0.4285714285714285,0,0.0,0,0.4322075645128885,0,0,0.16271826038277595,0
1583,chor you're such a dork,chor you're such,chor you're such,is_multiword,0,0|1|2,0.4285714285714285,0,4.065623044967651,0,0.5782639384269714,0,0,0.16271826038277595,0
1583,chor you're such a dork,chor you're,chor you're,is_multiword,0,0|1,0.4285714285714285,0,4.86770623922348,0,0.6930271784464519,0,0,0.16271826038277595,0
1583,chor you're such a dork,you're such,you're such,is_multiword,1,1|2,0.0,0,4.0956249833107,1,0.929928858143588,1,0,0.7966618291597674,1
1586,you'd better bya cuz i'm busting mine,bya cuz,bya cuz,is_multiword,2,2|3,0.4285714285714285,0,5.203614175319672,0,0.5912988384564717,1,0,0.4334338556297024,0
1587,-no lo viste al gringo? -haven't you seen gringo? -ey gringo pasame la pelota,la pelota,la pelota,is_multiword,12,12|13,0.4285714285714285,0,4.5621864795684814,0,0.4788940747578939,0,0,0.16271826038277595,0
1587,-no lo viste al gringo? -haven't you seen gringo? -ey gringo pasame la pelota,lo viste al,lo viste al,is_multiword,1,1|2|3,0.4285714285714285,0,4.307733058929443,0,0.6847684284051259,0,0,0.16271826038277595,0
1587,-no lo viste al gringo? -haven't you seen gringo? -ey gringo pasame la pelota,lo viste,lo viste,is_multiword,1,1|2,0.4285714285714285,0,2.912439584732056,0,0.8262282125651836,0,0,0.16271826038277595,0
1587,-no lo viste al gringo? -haven't you seen gringo? -ey gringo pasame la pelota,no lo viste al,no lo viste al,is_multiword,0,0|1|2|3,0.4285714285714285,0,4.519206613302231,1,0.7011133780082066,0,0,0.4988185214043336,0
1587,-no lo viste al gringo? -haven't you seen gringo? -ey gringo pasame la pelota,no lo viste,no lo viste,is_multiword,0,0|1|2,0.4285714285714285,0,3.928773204485575,0,0.5007354120413463,0,0,0.16271826038277595,0
1587,-no lo viste al gringo? -haven't you seen gringo? -ey gringo pasame la pelota,no lo,no lo,is_multiword,0,0|1,0.0,0,3.7103177905082703,0,0.8589170767615238,1,0,0.4334338556297024,1
1587,-no lo viste al gringo? -haven't you seen gringo? -ey gringo pasame la pelota,pasame la pelota,pasame la pelota,is_multiword,11,11|12|13,0.4285714285714285,0,5.715227890014648,1,0.0347597996393839,0,0,0.4988185214043336,0
1587,-no lo viste al gringo? -haven't you seen gringo? -ey gringo pasame la pelota,pasame la,pasame la,is_multiword,11,11|12,0.4285714285714285,0,3.4112943410873413,0,0.345367024342219,0,0,0.16271826038277595,0
1587,-no lo viste al gringo? -haven't you seen gringo? -ey gringo pasame la pelota,viste al,viste al,is_multiword,2,2|3,0.4285714285714285,0,4.227535367012024,0,0.5664234062035878,0,0,0.16271826038277595,0
158,my friend is a total balloonatic,total balloonatic,total balloonatic,is_multiword,4,4|5,0.4285714285714285,0,6.398776745796203,1,0.650986001516382,0,0,0.4988185214043336,0
1592,kaleb: what will i die from oh wise moe? big moe: bopz kaleb: how will i get this? big moe: jane kaleb:,big moe bopz,big moe bopz,is_multiword,9,9|10|11,0.4285714285714285,0,5.190536558628082,0,0.919287950731814,1,0,0.4334338556297024,0
1592,kaleb: what will i die from oh wise moe? big moe: bopz kaleb: how will i get this? big moe: jane kaleb:,big moe,big moe,is_multiword,9,9|10,0.0,0,6.061108996470769,0,0.6114513600866001,0,0,0.16271826038277595,0
1592,kaleb: what will i die from oh wise moe? big moe: bopz kaleb: how will i get this? big moe: jane kaleb:,moe big moe bopz,moe big moe bopz,is_multiword,8,8|9|10|11,0.4285714285714285,0,3.356720507144928,0,0.9050644437472024,0,0,0.16271826038277595,0
1592,kaleb: what will i die from oh wise moe? big moe: bopz kaleb: how will i get this? big moe: jane kaleb:,moe big moe,moe big moe,is_multiword,8,8|9|10,0.0,0,2.550706505775452,0,0.8796682233611742,0,0,0.16271826038277595,0
1592,kaleb: what will i die from oh wise moe? big moe: bopz kaleb: how will i get this? big moe: jane kaleb:,moe big,moe big,is_multiword,8,8|9,0.0,0,0.924902598063151,0,0.7939778994768858,0,0,0.16271826038277595,0
1592,kaleb: what will i die from oh wise moe? big moe: bopz kaleb: how will i get this? big moe: jane kaleb:,moe bopz,moe bopz,is_multiword,10,10|11,0.4285714285714285,0,3.466687762737274,0,0.7739789038896561,0,0,0.16271826038277595,0
1593,"matt, you told people allot of lies, your a horse fucker i hav wet dreams about broad stallions pounding my asshole, imma hourse fucker",about broad stallions pounding my asshole,about broad stallions pounding my asshole,is_multiword,15,15|16|17|18|19|20,0.4285714285714285,0,6.261324977874756,0,0.7815571914737424,0,0,0.16271826038277595,0
1593,"matt, you told people allot of lies, your a horse fucker i hav wet dreams about broad stallions pounding my asshole, imma hourse fucker",about broad stallions pounding my,about broad stallions pounding my,is_multiword,15,15|16|17|18|19,0.4285714285714285,0,6.536125980317593,0,0.8059146401161948,0,0,0.16271826038277595,0
1593,"matt, you told people allot of lies, your a horse fucker i hav wet dreams about broad stallions pounding my asshole, imma hourse fucker",about broad stallions pounding,about broad stallions pounding,is_multiword,15,15|16|17|18,0.4285714285714285,0,7.483082583972386,0,0.2192055583000183,0,0,0.16271826038277595,0
1593,"matt, you told people allot of lies, your a horse fucker i hav wet dreams about broad stallions pounding my asshole, imma hourse fucker",about broad stallions,about broad stallions,is_multiword,15,15|16|17,0.4285714285714285,0,7.085527777671814,0,0.2623699506123861,0,0,0.16271826038277595,0
1593,"matt, you told people allot of lies, your a horse fucker i hav wet dreams about broad stallions pounding my asshole, imma hourse fucker",about broad,about broad,is_multiword,15,15|16,0.0,0,6.000404357910156,0,0.5640951991081238,0,0,0.16271826038277595,0
1593,"matt, you told people allot of lies, your a horse fucker i hav wet dreams about broad stallions pounding my asshole, imma hourse fucker",allot of,allot of,is_multiword,4,4|5,0.4285714285714285,0,6.239068428675334,0,0.2581774791081747,0,0,0.16271826038277595,0
1593,"matt, you told people allot of lies, your a horse fucker i hav wet dreams about broad stallions pounding my asshole, imma hourse fucker",broad stallions pounding my asshole,broad stallions pounding my asshole,is_multiword,16,16|17|18|19|20,0.4285714285714285,0,6.970924761560228,0,0.8672844966252645,0,0,0.16271826038277595,0
1593,"matt, you told people allot of lies, your a horse fucker i hav wet dreams about broad stallions pounding my asshole, imma hourse fucker",broad stallions pounding my,broad stallions pounding my,is_multiword,16,16|17|18|19,0.4285714285714285,0,7.565939247608185,0,0.4208445250988006,0,0,0.16271826038277595,0
1593,"matt, you told people allot of lies, your a horse fucker i hav wet dreams about broad stallions pounding my asshole, imma hourse fucker",broad stallions pounding,broad stallions pounding,is_multiword,16,16|17|18,0.4285714285714285,0,8.822256743907928,0,0.9903095321108898,1,0,0.4334338556297024,0
1593,"matt, you told people allot of lies, your a horse fucker i hav wet dreams about broad stallions pounding my asshole, imma hourse fucker",broad stallions,broad stallions,is_multiword,16,16|17,0.4285714285714285,0,9.19803437590599,0,0.2959204912185669,0,0,0.16271826038277595,0
1593,"matt, you told people allot of lies, your a horse fucker i hav wet dreams about broad stallions pounding my asshole, imma hourse fucker",dreams about broad stallions pounding my asshole,dreams about broad stallions pounding my asshole,is_multiword,14,14|15|16|17|18|19|20,0.4285714285714285,0,5.581793506940206,0,0.5443390508492787,0,0,0.16271826038277595,0
1593,"matt, you told people allot of lies, your a horse fucker i hav wet dreams about broad stallions pounding my asshole, imma hourse fucker",dreams about broad stallions pounding my,dreams about broad stallions pounding my,is_multiword,14,14|15|16|17|18|19,0.4285714285714285,0,5.927654701471329,0,0.3776178757349649,0,0,0.16271826038277595,0
1593,"matt, you told people allot of lies, your a horse fucker i hav wet dreams about broad stallions pounding my asshole, imma hourse fucker",dreams about broad stallions pounding,dreams about broad stallions pounding,is_multiword,14,14|15|16|17|18,0.4285714285714285,0,6.781177229351467,0,0.4127322236696878,0,0,0.16271826038277595,0
1593,"matt, you told people allot of lies, your a horse fucker i hav wet dreams about broad stallions pounding my asshole, imma hourse fucker",dreams about broad stallions,dreams about broad stallions,is_multiword,14,14|15|16|17,0.4285714285714285,0,6.557113145078931,0,0.2933272918065389,0,0,0.16271826038277595,0
1593,"matt, you told people allot of lies, your a horse fucker i hav wet dreams about broad stallions pounding my asshole, imma hourse fucker",dreams about broad,dreams about broad,is_multiword,14,14|15|16,0.0,0,5.305268406867981,0,0.6828277905782063,0,0,0.16271826038277595,0
1593,"matt, you told people allot of lies, your a horse fucker i hav wet dreams about broad stallions pounding my asshole, imma hourse fucker",dreams about,dreams about,is_multiword,14,14|15,0.0,0,4.602722108364105,0,0.6145404030879338,0,0,0.16271826038277595,0
1593,"matt, you told people allot of lies, your a horse fucker i hav wet dreams about broad stallions pounding my asshole, imma hourse fucker",hav wet dreams about broad stallions pounding my asshole,hav wet dreams about broad stallions pounding my asshole,is_multiword,12,12|13|14|15|16|17|18|19|20,0.4285714285714285,0,5.790320719991412,0,0.8016041483109196,0,0,0.16271826038277595,0
1593,"matt, you told people allot of lies, your a horse fucker i hav wet dreams about broad stallions pounding my asshole, imma hourse fucker",hav wet dreams about broad stallions pounding my,hav wet dreams about broad stallions pounding my,is_multiword,12,12|13|14|15|16|17|18|19,0.4285714285714285,0,6.295732160409291,0,0.784041860451301,0,0,0.16271826038277595,0
1593,"matt, you told people allot of lies, your a horse fucker i hav wet dreams about broad stallions pounding my asshole, imma hourse fucker",hav wet dreams about broad stallions pounding,hav wet dreams about broad stallions pounding,is_multiword,12,12|13|14|15|16|17|18,0.4285714285714285,0,6.710001013495705,0,0.461083581050237,0,0,0.16271826038277595,0
1593,"matt, you told people allot of lies, your a horse fucker i hav wet dreams about broad stallions pounding my asshole, imma hourse fucker",hav wet dreams about broad stallions,hav wet dreams about broad stallions,is_multiword,12,12|13|14|15|16|17,0.4285714285714285,0,6.127681679195828,0,0.3702586392561594,0,0,0.16271826038277595,0
1593,"matt, you told people allot of lies, your a horse fucker i hav wet dreams about broad stallions pounding my asshole, imma hourse fucker",hav wet dreams about broad,hav wet dreams about broad,is_multiword,12,12|13|14|15|16,0.4285714285714285,0,5.469810446103414,0,0.6495243633786838,0,0,0.16271826038277595,0
1593,"matt, you told people allot of lies, your a horse fucker i hav wet dreams about broad stallions pounding my asshole, imma hourse fucker",hav wet dreams about,hav wet dreams about,is_multiword,12,12|13|14|15,0.4285714285714285,0,4.667819213867188,0,0.5156966547171276,0,0,0.16271826038277595,0
1593,"matt, you told people allot of lies, your a horse fucker i hav wet dreams about broad stallions pounding my asshole, imma hourse fucker",hav wet dreams,hav wet dreams,is_multiword,12,12|13|14,0.4285714285714285,0,5.382992684841156,0,0.3573572238286336,0,0,0.16271826038277595,0
1593,"matt, you told people allot of lies, your a horse fucker i hav wet dreams about broad stallions pounding my asshole, imma hourse fucker",hav wet,hav wet,is_multiword,12,12|13,0.4285714285714285,0,6.161157488822937,0,0.5056044161319733,1,0,0.4334338556297024,0
1593,"matt, you told people allot of lies, your a horse fucker i hav wet dreams about broad stallions pounding my asshole, imma hourse fucker",horse fucker,horse fucker,is_multiword,9,9|10,0.0,0,3.7666460275650016,0,0.6062687933444977,0,1,0.16271826038277595,0
1593,"matt, you told people allot of lies, your a horse fucker i hav wet dreams about broad stallions pounding my asshole, imma hourse fucker",hourse fucker,hourse fucker,is_multiword,22,22|23,0.4285714285714285,0,5.250620026141405,0,0.5220135152339935,0,1,0.16271826038277595,0
1593,"matt, you told people allot of lies, your a horse fucker i hav wet dreams about broad stallions pounding my asshole, imma hourse fucker",imma hourse fucker,imma hourse fucker,is_multiword,21,21|22|23,0.4285714285714285,0,3.5220566987991333,0,0.7843529103944699,0,0,0.16271826038277595,0
1593,"matt, you told people allot of lies, your a horse fucker i hav wet dreams about broad stallions pounding my asshole, imma hourse fucker",imma hourse,imma hourse,is_multiword,21,21|22,0.4285714285714285,0,7.4001682214438915,0,0.8334340260674556,0,0,0.16271826038277595,0
1593,"matt, you told people allot of lies, your a horse fucker i hav wet dreams about broad stallions pounding my asshole, imma hourse fucker",my asshole,my asshole,is_multiword,19,19|20,0.0,0,3.9630635182062783,1,0.8143399407466253,1,0,0.7966618291597674,1
1593,"matt, you told people allot of lies, your a horse fucker i hav wet dreams about broad stallions pounding my asshole, imma hourse fucker",pounding my asshole,pounding my asshole,is_multiword,18,18|19|20,0.0,0,6.367584967613221,0,0.8303789906203747,0,0,0.16271826038277595,0
1593,"matt, you told people allot of lies, your a horse fucker i hav wet dreams about broad stallions pounding my asshole, imma hourse fucker",pounding my,pounding my,is_multiword,18,18|19,0.0,0,6.5538010597229,0,0.2240834832191467,0,0,0.16271826038277595,0
1593,"matt, you told people allot of lies, your a horse fucker i hav wet dreams about broad stallions pounding my asshole, imma hourse fucker",stallions pounding my asshole,stallions pounding my asshole,is_multiword,17,17|18|19|20,0.4285714285714285,0,6.362641423940659,0,0.8359431028366089,0,0,0.16271826038277595,0
1593,"matt, you told people allot of lies, your a horse fucker i hav wet dreams about broad stallions pounding my asshole, imma hourse fucker",stallions pounding my,stallions pounding my,is_multiword,17,17|18|19,0.4285714285714285,0,6.6546128789583845,0,0.5770873030026753,0,0,0.16271826038277595,0
1593,"matt, you told people allot of lies, your a horse fucker i hav wet dreams about broad stallions pounding my asshole, imma hourse fucker",stallions pounding,stallions pounding,is_multiword,17,17|18,0.4285714285714285,0,7.9017372846603395,0,0.6723583365480106,0,0,0.16271826038277595,0
1593,"matt, you told people allot of lies, your a horse fucker i hav wet dreams about broad stallions pounding my asshole, imma hourse fucker",wet dreams about broad stallions pounding my asshole,wet dreams about broad stallions pounding my asshole,is_multiword,13,13|14|15|16|17|18|19|20,0.4285714285714285,0,5.66472065448761,0,0.5350756645202637,0,0,0.16271826038277595,0
1593,"matt, you told people allot of lies, your a horse fucker i hav wet dreams about broad stallions pounding my asshole, imma hourse fucker",wet dreams about broad stallions pounding my,wet dreams about broad stallions pounding my,is_multiword,13,13|14|15|16|17|18|19,0.4285714285714285,0,5.83496717973189,0,0.5953737199306488,0,0,0.16271826038277595,0
1593,"matt, you told people allot of lies, your a horse fucker i hav wet dreams about broad stallions pounding my asshole, imma hourse fucker",wet dreams about broad stallions pounding,wet dreams about broad stallions pounding,is_multiword,13,13|14|15|16|17|18,0.4285714285714285,0,6.360817694664002,0,0.4738426705201467,0,0,0.16271826038277595,0
1593,"matt, you told people allot of lies, your a horse fucker i hav wet dreams about broad stallions pounding my asshole, imma hourse fucker",wet dreams about broad stallions,wet dreams about broad stallions,is_multiword,13,13|14|15|16|17,0.4285714285714285,0,5.823355242609978,0,0.6000095307826996,0,0,0.16271826038277595,0
1593,"matt, you told people allot of lies, your a horse fucker i hav wet dreams about broad stallions pounding my asshole, imma hourse fucker",wet dreams about broad,wet dreams about broad,is_multiword,13,13|14|15|16,0.0,0,4.755694627761841,0,0.6435808936754863,0,0,0.16271826038277595,0
1593,"matt, you told people allot of lies, your a horse fucker i hav wet dreams about broad stallions pounding my asshole, imma hourse fucker",wet dreams about,wet dreams about,is_multiword,13,13|14|15,0.0,0,3.609379768371582,0,0.553979088862737,0,0,0.16271826038277595,0
1593,"matt, you told people allot of lies, your a horse fucker i hav wet dreams about broad stallions pounding my asshole, imma hourse fucker",wet dreams,wet dreams,is_multiword,13,13|14,0.0,0,5.88983275492986,1,0.4362677534421285,0,0,0.4988185214043336,1
1593,"matt, you told people allot of lies, your a horse fucker i hav wet dreams about broad stallions pounding my asshole, imma hourse fucker",you told,you told,is_multiword,1,1|2,0.0,0,1.5409679412841797,0,0.437909185886383,0,0,0.16271826038277595,0
1596,"duuude, he just pulled an amrith",an amrith,an amrith,is_multiword,4,4|5,0.4285714285714285,0,5.739286214113236,0,0.9908170827353994,1,0,0.4334338556297024,0
1598,me: rob you trying to get batty tonight? rob: yeah buddy,get batty,get batty,is_multiword,5,5|6,0.4285714285714285,0,4.137596050898234,0,0.449668268362681,0,0,0.16271826038277595,0
1598,me: rob you trying to get batty tonight? rob: yeah buddy,yeah buddy,yeah buddy,is_multiword,9,9|10,0.0,0,5.635332703590393,0,0.2658561666806539,0,0,0.16271826038277595,0
1599,me: so how was the date you: it was good but he was a bit of a bravey,me so,me so,is_multiword,0,0|1,0.0,0,1.9394761323928835,0,0.305875281492869,1,0,0.4334338556297024,0
15,crimmy is a fucking bastard,a fucking bastard,a fucking bastard,is_multiword,2,2|3|4,0.0,0,6.166943714022636,0,0.2705755631128946,0,0,0.16271826038277595,0
15,crimmy is a fucking bastard,a fucking,a fucking,is_multiword,2,2|3,0.0,0,0.0,0,0.6320389260848363,0,0,0.16271826038277595,0
15,crimmy is a fucking bastard,crimmy is a fucking bastard,crimmy is a fucking bastard,is_multiword,0,0|1|2|3|4,0.4285714285714285,0,7.516207382082939,0,0.4586707750956217,0,0,0.16271826038277595,0
15,crimmy is a fucking bastard,crimmy is a fucking,crimmy is a fucking,is_multiword,0,0|1|2|3,0.4285714285714285,0,4.262175838152568,0,0.6835225621859233,0,0,0.16271826038277595,0
15,crimmy is a fucking bastard,crimmy is a,crimmy is a,is_multiword,0,0|1|2,0.4285714285714285,0,3.908178329467773,0,0.9424551362171768,1,0,0.4334338556297024,0
15,crimmy is a fucking bastard,crimmy is,crimmy is,is_multiword,0,0|1,0.4285714285714285,0,5.58838951587677,0,0.8935868876675764,0,0,0.16271826038277595,0
15,crimmy is a fucking bastard,fucking bastard,fucking bastard,is_multiword,3,3|4,0.0,0,8.137287219365438,1,0.4196180005868276,1,0,0.7966618291597674,1
15,crimmy is a fucking bastard,is a fucking bastard,is a fucking bastard,is_multiword,1,1|2|3|4,0.0,0,6.618609666824341,0,0.4837606946627298,0,0,0.16271826038277595,0
15,crimmy is a fucking bastard,is a fucking,is a fucking,is_multiword,1,1|2|3,0.0,0,1.92147699991862,0,0.280956486860911,0,0,0.16271826038277595,0
15,crimmy is a fucking bastard,is a,is a,is_multiword,1,1|2,0.0,0,1.341775894165039,1,0.764441137512525,0,0,0.4988185214043336,1
1602,the pornstar's pink starfish got caulked,got caulked,got caulked,is_multiword,4,4|5,0.4285714285714285,0,6.201350152492523,0,0.609699768324693,1,0,0.4334338556297024,0
1603,stop bein a cunt or i'll mel your head in,a cunt,a cunt,is_multiword,2,2|3,0.0,0,3.7814648946126304,0,0.4700131416320801,0,0,0.16271826038277595,0
1603,stop bein a cunt or i'll mel your head in,bein a cunt,bein a cunt,is_multiword,1,1|2|3,0.0,0,4.303600263595581,0,0.2172996997833252,0,0,0.16271826038277595,0
1603,stop bein a cunt or i'll mel your head in,bein a,bein a,is_multiword,1,1|2,0.0,0,3.582103768984477,0,0.268674353758494,0,0,0.16271826038277595,0
1604,"ian and i were desperately tying to intrigue the girl at the bar; she is definitely a chocolate passion because of her african complexion, beautiful face, and hot hourglass shaped figure",hot hourglass shaped,hot hourglass shaped,is_multiword,27,27|28|29,0.4285714285714285,0,5.097981238365174,0,0.266262392203013,0,0,0.16271826038277595,0
1604,"ian and i were desperately tying to intrigue the girl at the bar; she is definitely a chocolate passion because of her african complexion, beautiful face, and hot hourglass shaped figure",hot hourglass,hot hourglass,is_multiword,27,27|28,0.4285714285714285,0,7.1854565143585205,0,0.3111471136411031,0,0,0.16271826038277595,0
1604,"ian and i were desperately tying to intrigue the girl at the bar; she is definitely a chocolate passion because of her african complexion, beautiful face, and hot hourglass shaped figure",hourglass shaped,hourglass shaped,is_multiword,28,28|29,0.4285714285714285,0,6.144276678562164,0,0.4487204353014627,0,0,0.16271826038277595,0
1606,mike says: u gotta come over and see my sex drive,u gotta,u gotta,is_multiword,2,2|3,0.0,0,4.861583570639293,1,0.202760616938273,0,0,0.4988185214043336,1
1610,yo lets go get fieldsy tonight,get fieldsy,get fieldsy,is_multiword,3,3|4,0.4285714285714285,0,5.970729907353719,0,0.75867400256296,0,0,0.16271826038277595,0
1610,yo lets go get fieldsy tonight,yo lets,yo lets,is_multiword,0,0|1,0.0,0,5.816451966762543,0,0.3172700405120849,0,0,0.16271826038277595,0
1613,"""example one: phil: did you [spin] that [bird] the other day? daz: [nah], she was a total dogend",total dogend,total dogend,is_multiword,16,16|17,0.4285714285714285,0,6.958679278691609,0,0.9858159037927786,0,0,0.16271826038277595,0
1614,"man, i'mma box on these bitches that be tawn' dyne, know'm tawn' bot?",be tawn dyne,be tawn dyne,is_multiword,7,7|8|9,0.4285714285714285,0,4.488550742467244,0,0.8450646977871656,0,0,0.16271826038277595,0
1614,"man, i'mma box on these bitches that be tawn' dyne, know'm tawn' bot?",be tawn,be tawn,is_multiword,7,7|8,0.4285714285714285,0,4.913626700639725,0,0.8154723461096486,0,0,0.16271826038277595,0
1614,"man, i'mma box on these bitches that be tawn' dyne, know'm tawn' bot?",box on,box on,is_multiword,2,2|3,0.0,0,4.973077714443207,0,0.7503428844114145,0,0,0.16271826038277595,0
1614,"man, i'mma box on these bitches that be tawn' dyne, know'm tawn' bot?",i'mma box on,i'mma box on,is_multiword,1,1|2|3,0.0,0,3.803822326660156,0,0.7907573152333498,1,0,0.4334338556297024,0
1614,"man, i'mma box on these bitches that be tawn' dyne, know'm tawn' bot?",i'mma box,i'mma box,is_multiword,1,1|2,0.0,0,4.199584126472473,0,0.5656687344113986,0,0,0.16271826038277595,0
1614,"man, i'mma box on these bitches that be tawn' dyne, know'm tawn' bot?",know'm tawn bot,know'm tawn bot,is_multiword,10,10|11|12,0.4285714285714285,0,4.026873656681606,0,0.8561901890983185,0,0,0.16271826038277595,0
1614,"man, i'mma box on these bitches that be tawn' dyne, know'm tawn' bot?",know'm tawn,know'm tawn,is_multiword,10,10|11,0.4285714285714285,0,3.1012275218963623,0,0.558652584751447,0,0,0.16271826038277595,0
1614,"man, i'mma box on these bitches that be tawn' dyne, know'm tawn' bot?",tawn bot,tawn bot,is_multiword,11,11|12,0.4285714285714285,0,5.208193838596344,0,0.9885323739921054,1,0,0.4334338556297024,0
1614,"man, i'mma box on these bitches that be tawn' dyne, know'm tawn' bot?",tawn dyne,tawn dyne,is_multiword,8,8|9,0.4285714285714285,0,4.684341549873352,0,0.9887983901426196,1,0,0.4334338556297024,0
1615,are you sure he's going to be there? i'm absopos,going to,going to,is_multiword,4,4|5,0.0,0,0.0,0,0.412829726934433,0,0,0.16271826038277595,0
1615,are you sure he's going to be there? i'm absopos,he's going to,he's going to,is_multiword,3,3|4|5,0.0,0,1.30062255859375,0,0.183113694190979,0,0,0.16271826038277595,0
1615,are you sure he's going to be there? i'm absopos,he's going,he's going,is_multiword,3,3|4,0.0,0,1.2511243522167206,0,0.5382065176963806,0,0,0.16271826038277595,0
1615,are you sure he's going to be there? i'm absopos,i'm absopos,i'm absopos,is_multiword,8,8|9,0.4285714285714285,0,5.64169438680013,0,0.0990311106046041,0,0,0.16271826038277595,0
1619,andy: the child's breasts were tender and supple jessica: you sick fuck grocery shopper: the pear's skin is so supple,fuck grocery,fuck grocery,is_multiword,11,11|12,0.0,0,5.952093154191971,0,0.219978372255961,0,0,0.16271826038277595,0
161,boy 1: yo girlfriend is so lazy boy 2: yo sister is so crazy boy 1: yo mama is so fat boy 2: woahhh the shots are being thrown,yo mama,yo mama,is_multiword,16,16|17,0.0,0,2.2104071974754333,0,0.3119986057281494,0,0,0.16271826038277595,0
1623,"dude cmon, stop being a brenardo",dude cmon,dude cmon,is_multiword,0,0|1,0.0,0,8.267776027321815,0,0.4974366128444671,1,0,0.4334338556297024,0
1624,ed was so fucked up wanting to beautify his property the dumb fuck decided to be a bush burner,dumb fuck,dumb fuck,is_multiword,11,11|12,0.0,0,7.223294496536255,1,0.2423201998074849,0,0,0.4988185214043336,1
1627,me: bro that girl is awkwardly asian brosky: yeah man what is she like fillapino or some shit like that,some shit,some shit,is_multiword,16,16|17,0.0,0,2.2056274712085724,1,0.926960876211524,1,0,0.7966618291597674,1
1629,whoa wat a clodge can i taste some??,a clodge,a clodge,is_multiword,2,2|3,0.4285714285714285,0,8.332318544387817,0,0.7441534446552396,0,0,0.16271826038277595,0
1629,whoa wat a clodge can i taste some??,wat a clodge,wat a clodge,is_multiword,1,1|2|3,0.4285714285714285,0,8.89192670583725,0,0.975910441018641,1,0,0.4334338556297024,0
1629,whoa wat a clodge can i taste some??,wat a,wat a,is_multiword,1,1|2,0.0,0,5.017406463623047,0,0.2580410242080688,0,0,0.16271826038277595,0
1629,whoa wat a clodge can i taste some??,whoa wat a clodge,whoa wat a clodge,is_multiword,0,0|1|2|3,0.4285714285714285,0,8.482231060663858,0,0.3864090343316396,0,0,0.16271826038277595,0
1629,whoa wat a clodge can i taste some??,whoa wat a,whoa wat a,is_multiword,0,0|1|2,0.0,0,4.48069155216217,0,0.2402361830075582,0,0,0.16271826038277595,0
1629,whoa wat a clodge can i taste some??,whoa wat,whoa wat,is_multiword,0,0|1,0.0,0,6.735460778077443,1,0.1545043389002481,0,0,0.4988185214043336,1
162,i'm gonna get a b'eggl and some coffee for breakfast,gonna get,gonna get,is_multiword,1,1|2,0.0,0,3.476018965244293,1,0.5986787164583802,0,0,0.4988185214043336,1
1631,i felt really cambrindal when my mom told me to stop singing blues traveler songs in the car because i sounded bad,blues traveler,blues traveler,is_multiword,12,12|13,0.0,0,5.996723333994548,0,0.6867744103074074,1,0,0.4334338556297024,0
1632,"oh my god, i cant believe youre such a eulonima j00 is a total eulonima, jesusmoses",00 is,00 is,is_multiword,11,11|12,0.1428571428571428,0,2.8219528198242188,1,0.8536200548211733,0,0,0.4988185214043336,0
1632,"oh my god, i cant believe youre such a eulonima j00 is a total eulonima, jesusmoses",eulonima j 00 is,eulonima j 00 is,is_multiword,9,9|10|11|12,0.5714285714285714,0,4.625690392085484,0,0.5670236622293789,0,0,0.16271826038277595,0
1632,"oh my god, i cant believe youre such a eulonima j00 is a total eulonima, jesusmoses",eulonima j 00,eulonima j 00,is_multiword,9,9|10|11,0.5714285714285714,0,5.419784585634868,0,0.701504363367955,0,0,0.16271826038277595,0
1632,"oh my god, i cant believe youre such a eulonima j00 is a total eulonima, jesusmoses",eulonima j,eulonima j,is_multiword,9,9|10,0.4285714285714285,0,7.182993316650391,0,0.6814272043605645,0,0,0.16271826038277595,0
1632,"oh my god, i cant believe youre such a eulonima j00 is a total eulonima, jesusmoses",j 00 is,j 00 is,is_multiword,10,10|11|12,0.1428571428571428,0,3.9248601645231247,0,0.7677222856630882,0,0,0.16271826038277595,0
1632,"oh my god, i cant believe youre such a eulonima j00 is a total eulonima, jesusmoses",j 00,j 00,is_multiword,10,10|11,0.1428571428571428,0,4.4093285004297895,0,0.7470186008140445,0,0,0.16271826038277595,0
1632,"oh my god, i cant believe youre such a eulonima j00 is a total eulonima, jesusmoses",total eulonima,total eulonima,is_multiword,14,14|15,0.4285714285714285,0,5.036284140178135,0,0.8692699351037542,1,0,0.4334338556297024,0
1633,"""we're in some real pretty umpa lumpa shit now man",lumpa shit,lumpa shit,is_multiword,6,6|7,0.4285714285714285,0,5.931322534879048,0,0.6930971813077729,0,0,0.16271826038277595,0
1633,"""we're in some real pretty umpa lumpa shit now man",pretty umpa lumpa shit,pretty umpa lumpa shit,is_multiword,4,4|5|6|7,0.4285714285714285,0,8.204566458861033,0,0.7613393863042196,0,0,0.16271826038277595,0
1633,"""we're in some real pretty umpa lumpa shit now man",pretty umpa lumpa,pretty umpa lumpa,is_multiword,4,4|5|6,0.4285714285714285,0,8.516490006446839,1,0.748811736702919,0,0,0.4988185214043336,0
1633,"""we're in some real pretty umpa lumpa shit now man",pretty umpa,pretty umpa,is_multiword,4,4|5,0.4285714285714285,0,4.552554130554199,0,0.892793144720296,0,0,0.16271826038277595,0
1633,"""we're in some real pretty umpa lumpa shit now man",real pretty umpa lumpa shit,real pretty umpa lumpa shit,is_multiword,3,3|4|5|6|7,0.4285714285714285,0,7.134106755256653,0,0.8629548996686935,0,0,0.16271826038277595,0
1633,"""we're in some real pretty umpa lumpa shit now man",real pretty umpa lumpa,real pretty umpa lumpa,is_multiword,3,3|4|5|6,0.4285714285714285,0,7.416889766852061,0,0.7738152146339417,0,0,0.16271826038277595,0
1633,"""we're in some real pretty umpa lumpa shit now man",real pretty umpa,real pretty umpa,is_multiword,3,3|4|5,0.4285714285714285,0,3.697509765625,0,0.6440302083889644,0,0,0.16271826038277595,0
1633,"""we're in some real pretty umpa lumpa shit now man",real pretty,real pretty,is_multiword,3,3|4,0.0,0,4.754852473735809,0,0.989809094617764,1,0,0.4334338556297024,0
1633,"""we're in some real pretty umpa lumpa shit now man",umpa lumpa shit,umpa lumpa shit,is_multiword,5,5|6|7,0.4285714285714285,0,6.422296237945557,0,0.9480515541508794,0,0,0.16271826038277595,0
1633,"""we're in some real pretty umpa lumpa shit now man",umpa lumpa,umpa lumpa,is_multiword,5,5|6,0.4285714285714285,0,7.099550485610962,0,0.863170592735211,0,1,0.16271826038277595,0
1635,my homies and me went bear hunting last weeekend and went through a case of 40's,case of,case of,is_multiword,13,13|14,0.0,0,3.96229749917984,0,0.4172521531581878,0,0,0.16271826038277595,0
163,i think it's best that you push on,push on,push on,is_multiword,6,6|7,0.0,0,4.15748405456543,0,0.0873088041941324,0,1,0.16271826038277595,0
1641,"-my fiancee, her cousin and myself had a dumb commentsation on my fiancee's picture on facebook that wasnt even relating to the picture",dumb commentsation,dumb commentsation,is_multiword,8,8|9,0.4285714285714285,0,4.311737924814224,0,0.2516220410664876,0,0,0.16271826038277595,0
1644,we've got buku charlies just on the other side of hill 445,got buku,got buku,is_multiword,1,1|2,0.4285714285714285,0,8.577682733535767,0,0.793476551460723,0,0,0.16271826038277595,0
1644,we've got buku charlies just on the other side of hill 445,we've got buku,we've got buku,is_multiword,0,0|1|2,0.4285714285714285,0,5.379665422439575,0,0.9859431202833852,1,0,0.4334338556297024,0
1644,we've got buku charlies just on the other side of hill 445,we've got,we've got,is_multiword,0,0|1,0.0,0,2.9370025992393494,1,0.5416021446386974,0,0,0.4988185214043336,1
1645,kelvin didn't like to trick at clubs or parties because he did not like the taste of beer cum,did not,did not,is_multiword,11,11|12,0.0,0,0.3696746826171875,1,0.7333888582264383,1,0,0.7966618291597674,1
1646,"it was a total babestorm at the coffee shop today, i nearly lost my load",total babestorm,total babestorm,is_multiword,3,3|4,0.4285714285714285,0,7.833577752113342,0,0.6589478726188343,0,0,0.16271826038277595,0
165,"'hey, i've got bible study tonight with jordan",i've got,i've got,is_multiword,1,1|2,0.0,0,3.445071250200272,1,0.4261530240376791,0,0,0.4988185214043336,1
1661,im so blazd im going to bed,blazd im,blazd im,is_multiword,2,2|3,0.4285714285714285,0,8.137607594331106,0,0.7197607439011335,1,0,0.4334338556297024,0
1662,joseph is very chrono84t like,t like,t like,is_multiword,5,5|6,0.0,0,0.0,0,0.6222295959790547,0,0,0.16271826038277595,0
1663,conan felled thirty foes and then stood triumphantly upon his barbarian pile,triumphantly upon,triumphantly upon,is_multiword,7,7|8,0.4285714285714285,0,6.703387290239334,1,0.218674878279368,0,0,0.4988185214043336,0
1664,friend: why did you run into the toilet just as that guy was going to talk to you? you: i dont know i guess bfos got ahold of me,ahold of,ahold of,is_multiword,26,26|27,0.4285714285714285,0,2.4264145692189536,0,0.953423362225294,1,0,0.4334338556297024,0
1665,justin look at tripplet over there hes being a total fuck-boi,total fuck-boi,total fuck-boi,is_multiword,9,9|10,0.0,0,4.748236083984375,1,0.5858870595693588,0,0,0.4988185214043336,1
168,"see claire over there, shes a right dick bucket we have all had her",dick bucket,dick bucket,is_multiword,7,7|8,0.0,0,6.5612131754557295,0,0.7728143328179916,0,1,0.16271826038277595,0
168,"see claire over there, shes a right dick bucket we have all had her",right dick bucket,right dick bucket,is_multiword,6,6|7|8,0.0,0,5.559284150600433,0,0.265271802743276,0,0,0.16271826038277595,0
168,"see claire over there, shes a right dick bucket we have all had her",right dick,right dick,is_multiword,6,6|7,0.0,0,5.525728225708008,0,0.8026135688026746,1,0,0.4334338556297024,0
16,"""holy shit, that nipple ninja just pulled a ""guillotine"" on madlwski's fat nips",fat nips,fat nips,is_multiword,11,11|12,0.4285714285714285,0,7.7691473960876465,1,0.4998147288958231,0,0,0.4988185214043336,0
171,thundy? you really thing boomingbacon is thunder pig? boomingbacon=thunderpig -turambar,boomingbacon thunderpig turambar,boomingbacon thunderpig turambar,is_multiword,8,8|9|10,0.4285714285714285,0,4.680128140883013,0,0.6063305288553238,0,0,0.16271826038277595,0
171,thundy? you really thing boomingbacon is thunder pig? boomingbacon=thunderpig -turambar,boomingbacon thunderpig,boomingbacon thunderpig,is_multiword,8,8|9,0.4285714285714285,0,3.5973744690418243,0,0.6268729269504547,1,0,0.4334338556297024,0
171,thundy? you really thing boomingbacon is thunder pig? boomingbacon=thunderpig -turambar,thing boomingbacon,thing boomingbacon,is_multiword,3,3|4,0.4285714285714285,0,7.093385481834412,0,0.6755512490247686,1,0,0.4334338556297024,0
171,thundy? you really thing boomingbacon is thunder pig? boomingbacon=thunderpig -turambar,thunderpig turambar,thunderpig turambar,is_multiword,9,9|10,0.4285714285714285,0,5.765891551971436,0,0.5626962780952454,0,0,0.16271826038277595,0
172,that 12 year old in the skirt and fuck me boots is a fucking prostatot,fuck me,fuck me,is_multiword,8,8|9,0.0,0,5.883302986621857,0,0.7633082857355475,0,0,0.16271826038277595,0
172,that 12 year old in the skirt and fuck me boots is a fucking prostatot,fucking prostatot,fucking prostatot,is_multiword,13,13|14,0.4285714285714285,0,6.174536347389221,0,0.9441407394285004,0,0,0.16271826038277595,0
172,that 12 year old in the skirt and fuck me boots is a fucking prostatot,year old,year old,is_multiword,2,2|3,0.0,0,0.4921340942382812,1,0.1731265783309936,0,0,0.4988185214043336,1
173,please accept my appy polly loggy,appy polly loggy,appy polly loggy,is_multiword,3,3|4|5,0.4285714285714285,0,8.631100783745447,1,0.8570279000947872,0,1,0.4988185214043336,0
173,please accept my appy polly loggy,appy polly,appy polly,is_multiword,3,3|4,0.4285714285714285,0,6.050272196531296,0,0.7797952853143215,0,0,0.16271826038277595,0
173,please accept my appy polly loggy,polly loggy,polly loggy,is_multiword,4,4|5,0.4285714285714285,0,8.605060547590256,0,0.6936105042695999,0,0,0.16271826038277595,0
176,irel likes to have a lot of guys,a lot of guys,a lot of guys,is_multiword,4,4|5|6|7,0.0,0,3.019411042332649,0,0.3293385903040567,0,0,0.16271826038277595,0
176,irel likes to have a lot of guys,a lot of,a lot of,is_multiword,4,4|5|6,0.0,0,4.300116280714671,1,0.450577030579249,0,0,0.4988185214043336,1
176,irel likes to have a lot of guys,a lot,a lot,is_multiword,4,4|5,0.0,0,0.0842800140380859,0,0.6086950534954667,0,0,0.16271826038277595,0
176,irel likes to have a lot of guys,lot of guys,lot of guys,is_multiword,5,5|6|7,0.0,0,3.786692202091217,0,0.2587372064590454,0,0,0.16271826038277595,0
176,irel likes to have a lot of guys,lot of,lot of,is_multiword,5,5|6,0.0,0,2.935369312763214,0,0.161124308904012,0,0,0.16271826038277595,0
176,irel likes to have a lot of guys,of guys,of guys,is_multiword,6,6|7,0.0,0,2.7920799255371094,0,0.4015741546948751,0,0,0.16271826038277595,0
178,kya chutiyagiri hai ye? ye kya chutiyagiri macha rakha hai?,chutiyagiri hai ye ye kya chutiyagiri macha rakha hai,chutiyagiri hai ye ye kya chutiyagiri macha rakha hai,is_multiword,1,1|2|3|4|5|6|7|8|9,0.4285714285714285,0,7.028399697939554,0,0.5992494700476527,0,0,0.16271826038277595,0
178,kya chutiyagiri hai ye? ye kya chutiyagiri macha rakha hai?,chutiyagiri hai ye ye kya chutiyagiri macha rakha,chutiyagiri hai ye ye kya chutiyagiri macha rakha,is_multiword,1,1|2|3|4|5|6|7|8,0.4285714285714285,0,4.674039678914206,0,0.6429432211443782,0,0,0.16271826038277595,0
178,kya chutiyagiri hai ye? ye kya chutiyagiri macha rakha hai?,chutiyagiri hai ye ye kya chutiyagiri macha,chutiyagiri hai ye ye kya chutiyagiri macha,is_multiword,1,1|2|3|4|5|6|7,0.4285714285714285,0,5.848331769307454,0,0.6686173159008224,0,0,0.16271826038277595,0
178,kya chutiyagiri hai ye? ye kya chutiyagiri macha rakha hai?,chutiyagiri hai ye ye kya chutiyagiri,chutiyagiri hai ye ye kya chutiyagiri,is_multiword,1,1|2|3|4|5|6,0.4285714285714285,0,5.306343126296997,0,0.6337996696432431,0,0,0.16271826038277595,0
178,kya chutiyagiri hai ye? ye kya chutiyagiri macha rakha hai?,chutiyagiri hai ye ye kya,chutiyagiri hai ye ye kya,is_multiword,1,1|2|3|4|5,0.4285714285714285,0,2.912135464804513,0,0.7194052822887897,0,0,0.16271826038277595,0
178,kya chutiyagiri hai ye? ye kya chutiyagiri macha rakha hai?,chutiyagiri hai ye ye,chutiyagiri hai ye ye,is_multiword,1,1|2|3|4,0.4285714285714285,0,4.683641418814659,0,0.6000587046146393,0,0,0.16271826038277595,0
178,kya chutiyagiri hai ye? ye kya chutiyagiri macha rakha hai?,chutiyagiri hai ye,chutiyagiri hai ye,is_multiword,1,1|2|3,0.4285714285714285,0,3.162880706787109,0,0.7590767884006103,0,0,0.16271826038277595,0
178,kya chutiyagiri hai ye? ye kya chutiyagiri macha rakha hai?,chutiyagiri hai,chutiyagiri hai,is_multiword,1,1|2,0.4285714285714285,0,3.462890625,0,0.5538747102643053,0,0,0.16271826038277595,0
178,kya chutiyagiri hai ye? ye kya chutiyagiri macha rakha hai?,chutiyagiri macha rakha hai,chutiyagiri macha rakha hai,is_multiword,6,6|7|8|9,0.4285714285714285,0,3.153706520795822,0,0.727192223072052,0,0,0.16271826038277595,0
178,kya chutiyagiri hai ye? ye kya chutiyagiri macha rakha hai?,chutiyagiri macha rakha,chutiyagiri macha rakha,is_multiword,6,6|7|8,0.4285714285714285,0,5.087650299072266,0,0.8391810804605484,0,0,0.16271826038277595,0
178,kya chutiyagiri hai ye? ye kya chutiyagiri macha rakha hai?,chutiyagiri macha,chutiyagiri macha,is_multiword,6,6|7,0.4285714285714285,0,3.3168663501739504,0,0.7406691188613574,0,0,0.16271826038277595,0
178,kya chutiyagiri hai ye? ye kya chutiyagiri macha rakha hai?,hai ye ye kya chutiyagiri macha rakha hai,hai ye ye kya chutiyagiri macha rakha hai,is_multiword,2,2|3|4|5|6|7|8|9,0.4285714285714285,0,4.376806815465291,0,0.8454829230904579,0,0,0.16271826038277595,0
178,kya chutiyagiri hai ye? ye kya chutiyagiri macha rakha hai?,hai ye ye kya chutiyagiri macha rakha,hai ye ye kya chutiyagiri macha rakha,is_multiword,2,2|3|4|5|6|7|8,0.4285714285714285,0,2.590898383747448,0,0.8593724664921562,0,0,0.16271826038277595,0
178,kya chutiyagiri hai ye? ye kya chutiyagiri macha rakha hai?,hai ye ye kya chutiyagiri macha,hai ye ye kya chutiyagiri macha,is_multiword,2,2|3|4|5|6|7,0.4285714285714285,0,2.761233382754856,0,0.9063127854218086,0,0,0.16271826038277595,0
178,kya chutiyagiri hai ye? ye kya chutiyagiri macha rakha hai?,hai ye ye kya chutiyagiri,hai ye ye kya chutiyagiri,is_multiword,2,2|3|4|5|6,0.4285714285714285,0,2.774537256785801,0,0.6716477206597726,0,0,0.16271826038277595,0
178,kya chutiyagiri hai ye? ye kya chutiyagiri macha rakha hai?,hai ye ye kya,hai ye ye kya,is_multiword,2,2|3|4|5,0.4285714285714285,0,4.572006270289421,0,0.8740430312852064,0,0,0.16271826038277595,0
178,kya chutiyagiri hai ye? ye kya chutiyagiri macha rakha hai?,hai ye ye,hai ye ye,is_multiword,2,2|3|4,0.0,0,5.690256804227829,0,0.7716141566634178,0,0,0.16271826038277595,0
178,kya chutiyagiri hai ye? ye kya chutiyagiri macha rakha hai?,hai ye,hai ye,is_multiword,2,2|3,0.0,0,2.389099091291428,0,0.9330954989418389,0,0,0.16271826038277595,0
178,kya chutiyagiri hai ye? ye kya chutiyagiri macha rakha hai?,kya chutiyagiri hai ye ye kya chutiyagiri macha rakha hai,kya chutiyagiri hai ye ye kya chutiyagiri macha rakha hai,is_multiword,0,0|1|2|3|4|5|6|7|8|9,0.4285714285714285,0,8.342811293900013,0,0.7049881052225828,0,0,0.16271826038277595,0
178,kya chutiyagiri hai ye? ye kya chutiyagiri macha rakha hai?,kya chutiyagiri hai ye ye kya chutiyagiri macha rakha,kya chutiyagiri hai ye ye kya chutiyagiri macha rakha,is_multiword,0,0|1|2|3|4|5|6|7|8,0.4285714285714285,0,6.045782979329427,0,0.8911149060974518,0,0,0.16271826038277595,0
178,kya chutiyagiri hai ye? ye kya chutiyagiri macha rakha hai?,kya chutiyagiri hai ye ye kya chutiyagiri macha,kya chutiyagiri hai ye ye kya chutiyagiri macha,is_multiword,0,0|1|2|3|4|5|6|7,0.4285714285714285,0,5.631903565846956,0,0.8341171008845171,0,0,0.16271826038277595,0
178,kya chutiyagiri hai ye? ye kya chutiyagiri macha rakha hai?,kya chutiyagiri hai ye ye kya chutiyagiri,kya chutiyagiri hai ye ye kya chutiyagiri,is_multiword,0,0|1|2|3|4|5|6,0.4285714285714285,0,5.771767009388316,0,0.7197150240341823,0,0,0.16271826038277595,0
178,kya chutiyagiri hai ye? ye kya chutiyagiri macha rakha hai?,kya chutiyagiri hai ye ye kya,kya chutiyagiri hai ye ye kya,is_multiword,0,0|1|2|3|4|5,0.4285714285714285,0,3.5555143654346466,0,0.5937213500340779,0,0,0.16271826038277595,0
178,kya chutiyagiri hai ye? ye kya chutiyagiri macha rakha hai?,kya chutiyagiri hai ye ye,kya chutiyagiri hai ye ye,is_multiword,0,0|1|2|3|4,0.4285714285714285,0,2.724381514957973,0,0.5262901584307353,0,0,0.16271826038277595,0
178,kya chutiyagiri hai ye? ye kya chutiyagiri macha rakha hai?,kya chutiyagiri hai ye,kya chutiyagiri hai ye,is_multiword,0,0|1|2|3,0.4285714285714285,0,2.549943963686625,0,0.6747372349103291,0,0,0.16271826038277595,0
178,kya chutiyagiri hai ye? ye kya chutiyagiri macha rakha hai?,kya chutiyagiri hai,kya chutiyagiri hai,is_multiword,0,0|1|2,0.4285714285714285,0,3.095686364173889,0,0.7945574310918649,0,0,0.16271826038277595,0
178,kya chutiyagiri hai ye? ye kya chutiyagiri macha rakha hai?,kya chutiyagiri macha rakha hai,kya chutiyagiri macha rakha hai,is_multiword,5,5|6|7|8|9,0.4285714285714285,0,2.878279421064589,0,0.7948203772927324,0,0,0.16271826038277595,0
178,kya chutiyagiri hai ye? ye kya chutiyagiri macha rakha hai?,kya chutiyagiri macha rakha,kya chutiyagiri macha rakha,is_multiword,5,5|6|7|8,0.4285714285714285,0,4.516110867261887,0,0.6728239189833403,0,0,0.16271826038277595,0
178,kya chutiyagiri hai ye? ye kya chutiyagiri macha rakha hai?,kya chutiyagiri macha,kya chutiyagiri macha,is_multiword,5,5|6|7,0.4285714285714285,0,3.699337561925253,0,0.7180607890089352,0,0,0.16271826038277595,0
178,kya chutiyagiri hai ye? ye kya chutiyagiri macha rakha hai?,kya chutiyagiri,kya chutiyagiri,is_multiword,0,0|1,0.4285714285714285,0,5.2180977165699005,1,0.7009640022491415,1,0,0.7966618291597674,1
178,kya chutiyagiri hai ye? ye kya chutiyagiri macha rakha hai?,macha rakha hai,macha rakha hai,is_multiword,7,7|8|9,0.4285714285714285,0,6.398676225543023,0,0.8628923629100124,0,0,0.16271826038277595,0
178,kya chutiyagiri hai ye? ye kya chutiyagiri macha rakha hai?,macha rakha,macha rakha,is_multiword,7,7|8,0.4285714285714285,0,8.611089758574963,1,0.9064874602481724,0,0,0.4988185214043336,0
178,kya chutiyagiri hai ye? ye kya chutiyagiri macha rakha hai?,rakha hai,rakha hai,is_multiword,8,8|9,0.4285714285714285,0,3.451613267262777,0,0.717989416172107,0,0,0.16271826038277595,0
178,kya chutiyagiri hai ye? ye kya chutiyagiri macha rakha hai?,ye kya chutiyagiri macha rakha hai,ye kya chutiyagiri macha rakha hai,is_multiword,4,4|5|6|7|8|9,0.4285714285714285,0,3.067005491256714,0,0.5662143329779308,0,0,0.16271826038277595,0
178,kya chutiyagiri hai ye? ye kya chutiyagiri macha rakha hai?,ye kya chutiyagiri macha rakha,ye kya chutiyagiri macha rakha,is_multiword,4,4|5|6|7|8,0.4285714285714285,0,4.248123990164863,0,0.6298119376103084,0,0,0.16271826038277595,0
178,kya chutiyagiri hai ye? ye kya chutiyagiri macha rakha hai?,ye kya chutiyagiri macha,ye kya chutiyagiri macha,is_multiword,4,4|5|6|7,0.4285714285714285,0,3.648922579629081,0,0.4393582344055176,0,0,0.16271826038277595,0
178,kya chutiyagiri hai ye? ye kya chutiyagiri macha rakha hai?,ye kya chutiyagiri,ye kya chutiyagiri,is_multiword,4,4|5|6,0.4285714285714285,0,4.007090711593628,0,0.6115642488002777,0,0,0.16271826038277595,0
178,kya chutiyagiri hai ye? ye kya chutiyagiri macha rakha hai?,ye kya,ye kya,is_multiword,4,4|5,0.4285714285714285,0,1.9523563385009768,0,0.791078969836235,1,0,0.4334338556297024,0
178,kya chutiyagiri hai ye? ye kya chutiyagiri macha rakha hai?,ye ye kya chutiyagiri macha rakha hai,ye ye kya chutiyagiri macha rakha hai,is_multiword,3,3|4|5|6|7|8|9,0.4285714285714285,0,3.085834871638905,0,0.7265128639216225,0,0,0.16271826038277595,0
178,kya chutiyagiri hai ye? ye kya chutiyagiri macha rakha hai?,ye ye kya chutiyagiri macha rakha,ye ye kya chutiyagiri macha rakha,is_multiword,3,3|4|5|6|7|8,0.4285714285714285,0,5.058081072568894,0,0.6877844786892335,0,0,0.16271826038277595,0
178,kya chutiyagiri hai ye? ye kya chutiyagiri macha rakha hai?,ye ye kya chutiyagiri macha,ye ye kya chutiyagiri macha,is_multiword,3,3|4|5|6|7,0.4285714285714285,0,3.6796913146972656,0,0.5816320031881332,0,0,0.16271826038277595,0
178,kya chutiyagiri hai ye? ye kya chutiyagiri macha rakha hai?,ye ye kya chutiyagiri,ye ye kya chutiyagiri,is_multiword,3,3|4|5|6,0.4285714285714285,0,3.770625591278076,0,0.7787601115802923,0,0,0.16271826038277595,0
178,kya chutiyagiri hai ye? ye kya chutiyagiri macha rakha hai?,ye ye kya,ye ye kya,is_multiword,3,3|4|5,0.4285714285714285,0,3.453115999698639,0,0.7408919036388397,0,0,0.16271826038277595,0
178,kya chutiyagiri hai ye? ye kya chutiyagiri macha rakha hai?,ye ye,ye ye,is_multiword,3,3|4,0.0,0,5.686609171330929,0,0.5492719958225887,0,0,0.16271826038277595,0
180,"person one: dude, why is that little girl still looking? person two: i donno dude, but that's colourbond creepy",donno dude,donno dude,is_multiword,13,13|14,0.4285714285714285,0,4.520602107048035,0,0.2241451938947042,0,0,0.16271826038277595,0
183,"dude, bitch drift that shit",bitch drift,bitch drift,is_multiword,1,1|2,0.0,0,7.78747554620107,0,0.4969838857650757,0,1,0.16271826038277595,0
185,"that conservative likes things how they were in the 1800's, like no gay marriage",no gay,no gay,is_multiword,12,12|13,0.0,0,9.113231748342514,1,0.4376077353954315,0,0,0.4988185214043336,1
18,wow she is such a blemit hanging around her,blemit hanging,blemit hanging,is_multiword,5,5|6,0.4285714285714285,0,7.303895950317383,0,0.6665208836396534,0,0,0.16271826038277595,0
192,that weed was boom ting weed,boom ting,boom ting,is_multiword,3,3|4,0.0,0,8.311474084854126,0,0.1713472604751587,0,1,0.16271826038277595,0
195,"check out that old guy in the leisure suit hitting on those college girls, hes so chorny",check out,check out,is_multiword,0,0|1,0.0,0,6.707678079605103,1,0.357160230477651,0,0,0.4988185214043336,1
195,"check out that old guy in the leisure suit hitting on those college girls, hes so chorny",hitting on,hitting on,is_multiword,9,9|10,0.0,0,5.914813836415608,0,0.2841450174649557,0,0,0.16271826038277595,0
198,dude i got so wasted apres ski in breck this weekend,apres ski,apres ski,is_multiword,5,5|6,0.4285714285714285,0,7.496549010276794,0,0.2099164326985677,0,0,0.16271826038277595,0
198,dude i got so wasted apres ski in breck this weekend,so wasted apres ski,so wasted apres ski,is_multiword,3,3|4|5|6,0.4285714285714285,0,6.581997017065684,0,0.2142425179481506,0,0,0.16271826038277595,0
198,dude i got so wasted apres ski in breck this weekend,so wasted apres,so wasted apres,is_multiword,3,3|4|5,0.4285714285714285,0,6.738470482826233,0,0.2857169906298319,0,0,0.16271826038277595,0
198,dude i got so wasted apres ski in breck this weekend,so wasted,so wasted,is_multiword,3,3|4,0.0,0,5.11513630549113,1,0.1753609776496887,0,0,0.4988185214043336,1
198,dude i got so wasted apres ski in breck this weekend,wasted apres ski,wasted apres ski,is_multiword,4,4|5|6,0.4285714285714285,0,7.004453992843628,0,0.3107135494550069,0,0,0.16271826038277595,0
198,dude i got so wasted apres ski in breck this weekend,wasted apres,wasted apres,is_multiword,4,4|5,0.4285714285714285,0,7.372467219829559,0,0.2939131061236063,0,0,0.16271826038277595,0
19,"that woman can do it all, she's a real hausfrau",it all,it all,is_multiword,4,4|5,0.0,0,3.2682820558547974,0,0.3254568974177042,0,0,0.16271826038277595,0
1,william hung is friggin creal,friggin creal,friggin creal,is_multiword,3,3|4,0.4285714285714285,0,10.090954631567,1,0.7762830328817169,0,0,0.4988185214043336,0
200,"bitch, get juicy",get juicy,get juicy,is_multiword,1,1|2,0.0,0,6.283064246177673,0,0.7658070080603162,0,0,0.16271826038277595,0
204,i took a massive crap and simply had to leave the calling card,calling card,calling card,is_multiword,11,11|12,0.0,0,9.22248262166977,1,0.7101920793453853,0,1,0.4988185214043336,1
204,i took a massive crap and simply had to leave the calling card,massive crap,massive crap,is_multiword,3,3|4,0.0,0,6.749584078788757,0,0.3473811149597168,0,0,0.16271826038277595,0
206,1m 133732 7han 73h marin32,133732 7,133732 7,is_multiword,2,2|3,0.5714285714285714,0,4.426535546779633,0,0.7290448273221652,0,0,0.16271826038277595,0
206,1m 133732 7han 73h marin32,h marin 32,h marin 32,is_multiword,6,6|7|8,0.1428571428571428,0,0.0,0,0.8351204292848706,0,0,0.16271826038277595,0
206,1m 133732 7han 73h marin32,h marin,h marin,is_multiword,6,6|7,0.0,0,0.0,0,0.989502327206234,1,0,0.4334338556297024,1
206,1m 133732 7han 73h marin32,m 133732 7,m 133732 7,is_multiword,1,1|2|3,0.1428571428571428,0,4.527907643999372,0,0.7838394741217295,0,0,0.16271826038277595,0
206,1m 133732 7han 73h marin32,m 133732,m 133732,is_multiword,1,1|2,0.1428571428571428,0,3.9541884422302247,0,0.7717908583581448,0,0,0.16271826038277595,0
206,1m 133732 7han 73h marin32,marin 32,marin 32,is_multiword,7,7|8,0.1428571428571428,0,0.0,0,0.8209431761254867,0,0,0.16271826038277595,0
207,when i had intercourse with her i lasted only a couple minutes because of her squeeze box,squeeze box,squeeze box,is_multiword,15,15|16,0.0,0,5.157450705766678,0,0.8722860924899578,1,1,0.4334338556297024,0
20,"""dude ""i once ate my underwear"" other dude ""that's craxy dude""""",craxy dude,craxy dude,is_multiword,9,9|10,0.4285714285714285,0,4.169840168952942,0,0.7595148232455055,1,0,0.4334338556297024,0
211,luke: bloody nora i've got a bit of the old botulism - i'll never eat one of ben's bacon sandwiches again; oh bugger my leg's fell off - felch,leg's fell,leg's fell,is_multiword,23,23|24,0.0,0,1.8627710342407229,1,0.6634792561332385,0,0,0.4988185214043336,1
212,that substitute seemed pretty coll but he pulled a mr. skebo on me,pretty coll,pretty coll,is_multiword,3,3|4,0.0,0,9.25241431593895,0,0.426265666882197,0,0,0.16271826038277595,0
213,that dude is a blinky blonky,blinky blonky,blinky blonky,is_multiword,4,4|5,0.4285714285714285,0,7.469991505146027,0,0.3266299863656362,0,1,0.16271826038277595,0
214,"why'd you buy extra old stock, brah? man, that shite is bum beer that makes my tongue tingle",brah man,brah man,is_multiword,6,6|7,0.0,0,6.721820990244548,0,0.3579379717508951,0,0,0.16271826038277595,0
216,the guy on the red team was totally lit up while trying to take the snake,guy on,guy on,is_multiword,1,1|2,0.0,0,2.407804548740387,1,0.6357675517598789,0,0,0.4988185214043336,1
218,- jeeeesus she is a reeal crushanator,reeal crushanator,reeal crushanator,is_multiword,4,4|5,0.4285714285714285,0,4.693746566772461,0,0.4811786214510599,1,0,0.4334338556297024,0
219,"""are you getting booter crunk tonight ""oh yea man i got weed and 40's"" or as a shout out-- boota crunk",boota crunk,boota crunk,is_multiword,20,20|21,0.4285714285714285,0,0.0,0,0.4043067991733551,0,0,0.16271826038277595,0
219,"""are you getting booter crunk tonight ""oh yea man i got weed and 40's"" or as a shout out-- boota crunk",booter crunk,booter crunk,is_multiword,3,3|4,0.4285714285714285,0,6.3570516705513,1,0.3606220682462057,0,1,0.4988185214043336,0
219,"""are you getting booter crunk tonight ""oh yea man i got weed and 40's"" or as a shout out-- boota crunk",out boota crunk,out boota crunk,is_multiword,19,19|20|21,0.4285714285714285,0,0.0,0,0.562532792488734,0,0,0.16271826038277595,0
219,"""are you getting booter crunk tonight ""oh yea man i got weed and 40's"" or as a shout out-- boota crunk",out boota,out boota,is_multiword,19,19|20,0.4285714285714285,0,5.473982751369476,1,0.7391414533679683,0,0,0.4988185214043336,0
219,"""are you getting booter crunk tonight ""oh yea man i got weed and 40's"" or as a shout out-- boota crunk",shout out boota crunk,shout out boota crunk,is_multiword,18,18|19|20|21,0.4285714285714285,0,0.0,0,0.7527826403578123,0,0,0.16271826038277595,0
219,"""are you getting booter crunk tonight ""oh yea man i got weed and 40's"" or as a shout out-- boota crunk",shout out boota,shout out boota,is_multiword,18,18|19|20,0.4285714285714285,0,4.281540938786098,0,0.7431147942940395,0,0,0.16271826038277595,0
219,"""are you getting booter crunk tonight ""oh yea man i got weed and 40's"" or as a shout out-- boota crunk",shout out,shout out,is_multiword,18,18|19,0.0,0,3.741430646181106,0,0.2695016463597616,0,0,0.16271826038277595,0
21,my c0k is bigger than ur c0k,0 k,0 k,is_multiword,2,2|3,0.1428571428571428,0,1.1103230118751526,0,0.7944886311888695,0,0,0.16271826038277595,0
21,my c0k is bigger than ur c0k,c 0 k,c 0 k,is_multiword,1,1|2|3,0.1428571428571428,0,2.070585608482361,0,0.8271931381896138,0,0,0.16271826038277595,0
21,my c0k is bigger than ur c0k,c 0,c 0,is_multiword,1,1|2,0.1428571428571428,0,0.3637161254882812,1,0.7356405469278495,0,0,0.4988185214043336,0
21,my c0k is bigger than ur c0k,ur c 0 k,ur c 0 k,is_multiword,7,7|8|9|10,0.1428571428571428,0,0.0,0,0.6581829984982808,0,0,0.16271826038277595,0
21,my c0k is bigger than ur c0k,ur c 0,ur c 0,is_multiword,7,7|8|9,0.1428571428571428,0,0.0,0,0.7793789552524686,0,0,0.16271826038277595,0
21,my c0k is bigger than ur c0k,ur c,ur c,is_multiword,7,7|8,0.0,0,0.0,0,0.7559888338049253,1,0,0.4334338556297024,1
222,im having a bedoor at the bathroom this morning,bedoor at,bedoor at,is_multiword,3,3|4,0.4285714285714285,0,6.1896999925374985,0,0.9663810916244984,1,0,0.4334338556297024,0
223,i'm learnings how dumb yo' ass really id,dumb yo ass,dumb yo ass,is_multiword,3,3|4|5,0.0,0,5.625497996807098,0,0.2420270641644796,0,0,0.16271826038277595,0
223,i'm learnings how dumb yo' ass really id,dumb yo,dumb yo,is_multiword,3,3|4,0.0,0,8.370691131800413,1,0.2022065917650858,0,0,0.4988185214043336,1
223,i'm learnings how dumb yo' ass really id,yo ass,yo ass,is_multiword,4,4|5,0.0,0,4.719337503115336,0,0.3985570867856344,0,0,0.16271826038277595,0
224,tc x-x: we're going to do a spirit mission against band company tc 3-1: dfwtb,1 dfwtb,1 dfwtb,is_multiword,14,14|15,0.5714285714285714,0,0.0,0,0.9905179195726912,1,0,0.4334338556297024,0
224,tc x-x: we're going to do a spirit mission against band company tc 3-1: dfwtb,3 1 dfwtb,3 1 dfwtb,is_multiword,13,13|14|15,0.5714285714285714,0,0.0,0,0.5769385248422623,0,0,0.16271826038277595,0
224,tc x-x: we're going to do a spirit mission against band company tc 3-1: dfwtb,3 1,3 1,is_multiword,13,13|14,0.5714285714285714,0,5.531267563501994,0,0.6398966113726299,0,0,0.16271826038277595,0
224,tc x-x: we're going to do a spirit mission against band company tc 3-1: dfwtb,tc 3 1 dfwtb,tc 3 1 dfwtb,is_multiword,12,12|13|14|15,0.5714285714285714,0,0.0,0,0.5945100138584773,0,0,0.16271826038277595,0
224,tc x-x: we're going to do a spirit mission against band company tc 3-1: dfwtb,tc 3 1,tc 3 1,is_multiword,12,12|13|14,0.1428571428571428,0,4.224442899227142,0,0.3338741660118103,0,0,0.16271826038277595,0
224,tc x-x: we're going to do a spirit mission against band company tc 3-1: dfwtb,tc 3,tc 3,is_multiword,12,12|13,0.1428571428571428,0,3.982091267903646,0,0.4118349353472391,0,0,0.16271826038277595,0
228,that carlonic lunge nearly ripped his cheap second hand pants,carlonic lunge nearly,carlonic lunge nearly,is_multiword,1,1|2|3,0.4285714285714285,0,7.4771914879481,1,0.6002230619390805,0,0,0.4988185214043336,1
228,that carlonic lunge nearly ripped his cheap second hand pants,carlonic lunge,carlonic lunge,is_multiword,1,1|2,0.4285714285714285,0,7.257814741134643,0,0.7645682791868845,1,1,0.4334338556297024,0
228,that carlonic lunge nearly ripped his cheap second hand pants,lunge nearly,lunge nearly,is_multiword,2,2|3,0.4285714285714285,0,5.101638714472453,0,0.6405749066422384,0,0,0.16271826038277595,0
230,guy: ima asscum you tonight,guy ima asscum,guy ima asscum,is_multiword,0,0|1|2,0.4285714285714285,0,11.047386080026628,0,0.9496403730784854,0,0,0.16271826038277595,0
230,guy: ima asscum you tonight,guy ima,guy ima,is_multiword,0,0|1,0.0,0,10.125549525022508,0,0.9828734453767538,1,0,0.4334338556297024,0
230,guy: ima asscum you tonight,ima asscum,ima asscum,is_multiword,1,1|2,0.4285714285714285,0,9.788450837135317,0,0.8053678618744016,0,0,0.16271826038277595,0
231,that douche nozzle rob showed up again with a bunch of douche bags,douche bags,douche bags,is_multiword,11,11|12,0.0,0,5.0170382261276245,1,0.5875880867242813,0,0,0.4988185214043336,1
231,that douche nozzle rob showed up again with a bunch of douche bags,douche nozzle,douche nozzle,is_multiword,1,1|2,0.0,0,7.001867204904556,0,0.2930803000926971,0,1,0.16271826038277595,0
233,mike: hey dude what u doing tonight me: nuttin mike: sick come by for a party me: without a doubt broheemavich,by for a,by for a,is_multiword,12,12|13|14,0.0,0,1.5371156533559165,0,0.4692856073379516,0,0,0.16271826038277595,0
233,mike: hey dude what u doing tonight me: nuttin mike: sick come by for a party me: without a doubt broheemavich,by for,by for,is_multiword,12,12|13,0.0,0,2.1431063413619995,0,0.4262516697247823,0,0,0.16271826038277595,0
233,mike: hey dude what u doing tonight me: nuttin mike: sick come by for a party me: without a doubt broheemavich,for a,for a,is_multiword,13,13|14,0.0,0,0.7963314056396484,1,0.3864295581976572,0,0,0.4988185214043336,1
233,mike: hey dude what u doing tonight me: nuttin mike: sick come by for a party me: without a doubt broheemavich,without a,without a,is_multiword,17,17|18,0.0,0,1.477977633476257,1,0.4575543403625488,0,0,0.4988185214043336,1
235,"yeah man, im going to the movies with her all this weekend, hells yeah",hells yeah,hells yeah,is_multiword,12,12|13,0.0,0,2.626375913619995,0,0.1625515818595886,0,0,0.16271826038277595,0
236,carl: ill be dipped stan: what? carl: i just found my ole tackle box stan: well ill be dipped,well ill,well ill,is_multiword,15,15|16,0.0,0,2.7638548612594604,0,0.2077141205469767,0,0,0.16271826038277595,0
240,ay-yo dis fione guy wants your digets,ay-yo dis fione,ay-yo dis fione,is_multiword,0,0|1|2,0.4285714285714285,0,5.562443733215332,0,0.7187352689603965,0,0,0.16271826038277595,0
240,ay-yo dis fione guy wants your digets,ay-yo dis,ay-yo dis,is_multiword,0,0|1,0.0,0,5.243451297283173,0,0.5587574789921443,0,0,0.16271826038277595,0
240,ay-yo dis fione guy wants your digets,dis fione,dis fione,is_multiword,1,1|2,0.4285714285714285,0,8.053249279657999,0,0.8743923179184397,0,0,0.16271826038277595,0
247,dnvl came about because the other terms just didn't cover the extreme end of laughter,just didn't,just didn't,is_multiword,7,7|8,0.0,0,2.272765129804611,1,0.5000754495461781,0,0,0.4988185214043336,1
24,girl: hey there bestfriend boy: hi boys mate: your a bestfriend whore :l,bestfriend whore l,bestfriend whore l,is_multiword,10,10|11|12,0.4285714285714285,0,4.813385725021362,0,0.6518479436635971,0,1,0.16271826038277595,0
24,girl: hey there bestfriend boy: hi boys mate: your a bestfriend whore :l,bestfriend whore,bestfriend whore,is_multiword,10,10|11,0.4285714285714285,0,5.496758460998535,1,0.5209325303634007,0,1,0.4988185214043336,0
24,girl: hey there bestfriend boy: hi boys mate: your a bestfriend whore :l,mate your,mate your,is_multiword,7,7|8,0.0,0,8.78062418103218,1,0.8738459016506871,1,0,0.7966618291597674,1
24,girl: hey there bestfriend boy: hi boys mate: your a bestfriend whore :l,whore l,whore l,is_multiword,11,11|12,0.0,0,4.5734202067057295,0,0.7869960231085619,0,0,0.16271826038277595,0
250,the guy was brutal but he was looking hella fine therefore he was brutiful,fine therefore,fine therefore,is_multiword,9,9|10,0.0,0,4.886462926864624,0,0.9833650536214312,1,0,0.4334338556297024,0
250,the guy was brutal but he was looking hella fine therefore he was brutiful,hella fine therefore,hella fine therefore,is_multiword,8,8|9|10,0.0,0,6.28428453207016,0,0.8092372349152962,0,0,0.16271826038277595,0
250,the guy was brutal but he was looking hella fine therefore he was brutiful,hella fine,hella fine,is_multiword,8,8|9,0.0,0,6.494649330774943,0,0.1843683123588562,0,0,0.16271826038277595,0
250,the guy was brutal but he was looking hella fine therefore he was brutiful,looking hella fine therefore,looking hella fine therefore,is_multiword,7,7|8|9|10,0.0,0,7.69414829313755,0,0.4019215504328409,0,0,0.16271826038277595,0
250,the guy was brutal but he was looking hella fine therefore he was brutiful,looking hella fine,looking hella fine,is_multiword,7,7|8|9,0.0,0,6.240234315395355,0,0.4489443103472391,0,0,0.16271826038277595,0
250,the guy was brutal but he was looking hella fine therefore he was brutiful,looking hella,looking hella,is_multiword,7,7|8,0.0,0,5.169630885124207,0,0.3021488785743713,0,0,0.16271826038277595,0
256,i picked up the kerplunk album on vinyl yesterday at the music store,picked up,picked up,is_multiword,1,1|2,0.0,0,2.674386978149414,1,0.4334013362725576,0,0,0.4988185214043336,1
262,"hey baby, would you like to see my dick cyst",dick cyst,dick cyst,is_multiword,8,8|9,0.0,0,8.886179089546204,0,0.5217074851195018,0,1,0.16271826038277595,0
263,lashonda u need to stop trippin' u ain't da shit,ain't da shit,ain't da shit,is_multiword,7,7|8|9,0.0,0,2.996705790360769,0,0.7216154516985018,0,0,0.16271826038277595,0
263,lashonda u need to stop trippin' u ain't da shit,ain't da,ain't da,is_multiword,7,7|8,0.0,0,2.7309600830078127,0,0.7287057470530272,0,0,0.16271826038277595,0
263,lashonda u need to stop trippin' u ain't da shit,da shit,da shit,is_multiword,8,8|9,0.0,0,3.5413646697998047,0,0.7504630337158839,1,0,0.4334338556297024,0
263,lashonda u need to stop trippin' u ain't da shit,trippin u ain't da shit,trippin u ain't da shit,is_multiword,5,5|6|7|8|9,0.4285714285714285,0,4.308895719051361,0,0.4297273655732473,0,0,0.16271826038277595,0
263,lashonda u need to stop trippin' u ain't da shit,trippin u ain't da,trippin u ain't da,is_multiword,5,5|6|7|8,0.4285714285714285,0,3.496661345163981,0,0.4717030127843221,0,0,0.16271826038277595,0
263,lashonda u need to stop trippin' u ain't da shit,trippin u ain't,trippin u ain't,is_multiword,5,5|6|7,0.4285714285714285,0,3.6735262274742126,0,0.4579330782095591,0,0,0.16271826038277595,0
263,lashonda u need to stop trippin' u ain't da shit,trippin u,trippin u,is_multiword,5,5|6,0.4285714285714285,0,4.157600462436676,0,0.2295030951499939,0,0,0.16271826038277595,0
263,lashonda u need to stop trippin' u ain't da shit,u ain't da shit,u ain't da shit,is_multiword,6,6|7|8|9,0.0,0,2.357373373849051,0,0.3094971776008606,0,0,0.16271826038277595,0
263,lashonda u need to stop trippin' u ain't da shit,u ain't da,u ain't da,is_multiword,6,6|7|8,0.0,0,1.7054291168848674,0,0.2537335157394409,0,0,0.16271826038277595,0
263,lashonda u need to stop trippin' u ain't da shit,u ain't,u ain't,is_multiword,6,6|7,0.0,0,1.172091722488403,0,0.3896035552024841,0,0,0.16271826038277595,0
264,i think my e's have started to kick in as i need a disco shit,in as,in as,is_multiword,8,8|9,0.0,0,3.5016231536865234,0,0.3579499721527099,0,0,0.16271826038277595,0
264,i think my e's have started to kick in as i need a disco shit,kick in as,kick in as,is_multiword,7,7|8|9,0.0,0,3.0341721375783286,0,0.2954234679539999,0,0,0.16271826038277595,0
264,i think my e's have started to kick in as i need a disco shit,kick in,kick in,is_multiword,7,7|8,0.0,0,3.5068777799606323,1,0.1921170949935913,0,0,0.4988185214043336,1
268,that fake ass tits are hot,ass tits are,ass tits are,is_multiword,2,2|3|4,0.0,0,2.5981598695119223,0,0.5644317915042241,0,0,0.16271826038277595,0
268,that fake ass tits are hot,ass tits,ass tits,is_multiword,2,2|3,0.0,0,3.086603045463562,0,0.7035806647812326,1,0,0.4334338556297024,0
268,that fake ass tits are hot,tits are,tits are,is_multiword,3,3|4,0.0,0,4.732156872749329,1,0.482683261235555,0,0,0.4988185214043336,1
269,jake: what's wrong jack ? jack: oh nothing i'm just btf with this place,btf with,btf with,is_multiword,9,9|10,0.4285714285714285,0,4.707008183002472,0,0.6946495398879051,1,0,0.4334338556297024,0
277,"put that pink sock in your mouth bitch, and give it the 'ol hot popsicle",the ol,the ol,is_multiword,11,11|12,0.0,0,5.344642579555512,0,0.6003172943989437,0,0,0.16271826038277595,0
278,"hey let's go to your brother's house and eedadee i was wondering if you wanted to come over and hang out tonight and possibly eedadee, (my d of course)",hang out,hang out,is_multiword,19,19|20,0.0,0,3.1531506180763245,1,0.3507588108380636,0,0,0.4988185214043336,1
280,"wow, he's so fish nips",he's so,he's so,is_multiword,1,1|2,0.0,0,3.199964851140976,0,0.8638124562179049,1,0,0.4334338556297024,0
281,nick: yo son you got a cigarette? ryan: yea sure man nick: you got a light? ryan: yea man nick: you got any gum? ryan: calm down you crumblet,calm down,calm down,is_multiword,25,25|26,0.0,0,9.069097459316254,1,0.3309204379717508,0,0,0.4988185214043336,1
284,"man #1= holy shit, i hope the girl i just had an alabama crapdangle with is legal",had an,had an,is_multiword,10,10|11,0.0,0,0.8075923919677734,1,0.5877357572317123,0,0,0.4988185214043336,1
285,i was trying to find some babes but i kept seeing guys beating their meat on chatroulette,beating their meat,beating their meat,is_multiword,12,12|13|14,0.0,0,3.9717651844024657,0,0.3523080547650655,0,0,0.16271826038277595,0
285,i was trying to find some babes but i kept seeing guys beating their meat on chatroulette,beating their,beating their,is_multiword,12,12|13,0.0,0,2.858110984166464,0,0.6719254106283188,0,0,0.16271826038277595,0
285,i was trying to find some babes but i kept seeing guys beating their meat on chatroulette,guys beating their meat,guys beating their meat,is_multiword,11,11|12|13|14,0.0,0,4.597264528274536,0,0.6617676417032878,0,0,0.16271826038277595,0
285,i was trying to find some babes but i kept seeing guys beating their meat on chatroulette,guys beating their,guys beating their,is_multiword,11,11|12|13,0.0,0,3.1119823455810547,0,0.7123322611053784,0,0,0.16271826038277595,0
285,i was trying to find some babes but i kept seeing guys beating their meat on chatroulette,guys beating,guys beating,is_multiword,11,11|12,0.0,0,3.3327674865722656,0,0.7159435972571373,0,0,0.16271826038277595,0
285,i was trying to find some babes but i kept seeing guys beating their meat on chatroulette,kept seeing guys beating their meat,kept seeing guys beating their meat,is_multiword,9,9|10|11|12|13|14,0.0,0,4.5819554924964905,0,0.682432260364294,0,0,0.16271826038277595,0
285,i was trying to find some babes but i kept seeing guys beating their meat on chatroulette,kept seeing guys beating their,kept seeing guys beating their,is_multiword,9,9|10|11|12|13,0.0,0,4.455404917399089,0,0.7894047374526659,0,0,0.16271826038277595,0
285,i was trying to find some babes but i kept seeing guys beating their meat on chatroulette,kept seeing guys beating,kept seeing guys beating,is_multiword,9,9|10|11|12,0.0,0,5.177923500537872,1,0.6380352005362511,0,0,0.4988185214043336,1
285,i was trying to find some babes but i kept seeing guys beating their meat on chatroulette,kept seeing guys,kept seeing guys,is_multiword,9,9|10|11,0.0,0,3.9419123331705728,0,0.8973651953662435,1,0,0.4334338556297024,0
285,i was trying to find some babes but i kept seeing guys beating their meat on chatroulette,kept seeing,kept seeing,is_multiword,9,9|10,0.0,0,4.040609419345856,0,0.3166056672732035,0,0,0.16271826038277595,0
285,i was trying to find some babes but i kept seeing guys beating their meat on chatroulette,seeing guys beating their meat,seeing guys beating their meat,is_multiword,10,10|11|12|13|14,0.0,0,4.382623638425555,0,0.603541183595856,0,0,0.16271826038277595,0
285,i was trying to find some babes but i kept seeing guys beating their meat on chatroulette,seeing guys beating their,seeing guys beating their,is_multiword,10,10|11|12|13,0.0,0,4.12258460521698,0,0.7262960026661556,0,0,0.16271826038277595,0
285,i was trying to find some babes but i kept seeing guys beating their meat on chatroulette,seeing guys beating,seeing guys beating,is_multiword,10,10|11|12,0.0,0,4.73489385843277,0,0.5771144479513168,0,0,0.16271826038277595,0
285,i was trying to find some babes but i kept seeing guys beating their meat on chatroulette,seeing guys,seeing guys,is_multiword,10,10|11,0.0,0,3.481523483991623,0,0.6002537210782368,0,0,0.16271826038277595,0
285,i was trying to find some babes but i kept seeing guys beating their meat on chatroulette,their meat,their meat,is_multiword,13,13|14,0.0,0,3.028092702229818,0,0.5583887994289398,0,0,0.16271826038277595,0
286,"""hey, he wears black and spikes, hes such a freak ""yes, we're freaks, now get out of our marylin manson forum",he wears,he wears,is_multiword,1,1|2,0.0,0,2.577836354573568,0,0.2821297844250997,0,0,0.16271826038277595,0
286,"""hey, he wears black and spikes, hes such a freak ""yes, we're freaks, now get out of our marylin manson forum",hes such,hes such,is_multiword,6,6|7,0.0,0,2.327461302280426,1,0.882725374152263,1,0,0.7966618291597674,1
287,your such a biznach sally,biznach sally,biznach sally,is_multiword,3,3|4,0.4285714285714285,0,7.712114632129669,0,0.7243450591340661,0,0,0.16271826038277595,0
287,your such a biznach sally,your such,your such,is_multiword,0,0|1,0.0,0,7.254427433013916,0,0.689219743013382,0,0,0.16271826038277595,0
290,it sucks to be a genius because stupid people are happy people,it sucks,it sucks,is_multiword,0,0|1,0.0,0,5.662032961845398,0,0.2030101617177327,0,0,0.16271826038277595,0
291,"i,m logging off now 1701 till we meet again",logging off,logging off,is_multiword,2,2|3,0.0,0,7.212172349294026,1,0.0881721774737039,0,0,0.4988185214043336,1
291,"i,m logging off now 1701 till we meet again",m logging off,m logging off,is_multiword,1,1|2|3,0.0,0,6.129717826843262,0,0.2934757471084595,0,0,0.16271826038277595,0
291,"i,m logging off now 1701 till we meet again",m logging,m logging,is_multiword,1,1|2,0.0,0,5.359638214111328,0,0.2287416855494181,0,0,0.16271826038277595,0
293,anoush hag is a douchebag,anoush hag,anoush hag,is_multiword,0,0|1,0.4285714285714285,0,9.439886093139648,1,0.5923130139708519,0,1,0.4988185214043336,0
294,oxide is such a yeany b00nling,00 nling,00 nling,is_multiword,6,6|7,0.5714285714285714,0,0.0,0,0.9687963922818502,0,0,0.16271826038277595,0
294,oxide is such a yeany b00nling,b 00 nling,b 00 nling,is_multiword,5,5|6|7,0.5714285714285714,0,0.0,0,0.9173355180149276,0,0,0.16271826038277595,0
294,oxide is such a yeany b00nling,b 00,b 00,is_multiword,5,5|6,0.1428571428571428,0,0.0,0,0.9248485409965118,0,0,0.16271826038277595,0
294,oxide is such a yeany b00nling,yeany b 00 nling,yeany b 00 nling,is_multiword,4,4|5|6|7,0.5714285714285714,0,0.0,0,0.9902417721847692,0,0,0.16271826038277595,0
294,oxide is such a yeany b00nling,yeany b 00,yeany b 00,is_multiword,4,4|5|6,0.5714285714285714,0,0.0,0,0.990272866251568,1,0,0.4334338556297024,0
294,oxide is such a yeany b00nling,yeany b,yeany b,is_multiword,4,4|5,0.4285714285714285,0,6.962663849194844,0,0.873571444923679,0,0,0.16271826038277595,0
29,de void is bad juju,de void,de void,is_multiword,0,0|1,0.0,0,4.897240320841472,0,0.9668900162602464,1,0,0.4334338556297024,0
2,james is a righteous boob-head,righteous boob-head,righteous boob-head,is_multiword,3,3|4,0.0,0,4.365163973399571,0,0.4373321731885274,0,0,0.16271826038277595,0
302,teacher: i sent darren home yesterday for having a bad twattitude,for having,for having,is_multiword,6,6|7,0.0,0,2.414012849330902,1,0.3790901700655619,0,0,0.4988185214043336,1
304,"there goes christina shes so hot, to bad she was the main attraction at the brodeo the other night",shes so hot,shes so hot,is_multiword,3,3|4|5,0.0,0,2.821921318769455,0,0.2293068170547485,0,0,0.16271826038277595,0
304,"there goes christina shes so hot, to bad she was the main attraction at the brodeo the other night",shes so,shes so,is_multiword,3,3|4,0.0,0,3.228969539205233,0,0.7711827866733074,1,0,0.4334338556297024,0
304,"there goes christina shes so hot, to bad she was the main attraction at the brodeo the other night",so hot,so hot,is_multiword,4,4|5,0.0,0,4.606622725725174,1,0.2267424066861471,0,0,0.4988185214043336,1
304,"there goes christina shes so hot, to bad she was the main attraction at the brodeo the other night",to bad,to bad,is_multiword,6,6|7,0.0,0,2.132919311523437,0,0.1788873275121053,0,0,0.16271826038277595,0
307,you are a fucking lazy ass bum,ass bum,ass bum,is_multiword,5,5|6,0.0,0,4.708452860514323,0,0.1740572055180868,0,0,0.16271826038277595,0
310,i was headed for the restroom when i got hit by the crippler and almost shit my pants,headed for,headed for,is_multiword,2,2|3,0.0,0,3.381206547220548,1,0.0926438967386881,0,0,0.4988185214043336,1
313,"stacie: omg guys i had 1 drink, 1 smoke, and i kissed a girl, i am so high/drunk/gay right now jared: she really should stop billboarding",stacie omg,stacie omg,is_multiword,0,0|1,0.4285714285714285,0,7.634392827749252,0,0.2743082841237386,0,0,0.16271826038277595,0
316,"ooooooww, i just love gettin me some big assrocket",gettin me,gettin me,is_multiword,4,4|5,0.0,0,7.647828320662181,0,0.3499364157517751,0,0,0.16271826038277595,0
317,"""i like them checky chooze there checky ""translation"" i like them sexy shoes there sexy",checky chooze,checky chooze,is_multiword,3,3|4,0.4285714285714285,0,5.889539510011673,0,0.8049921520675222,1,1,0.4334338556297024,0
318,"look at chad hanging out with the chess club, he's such a dorkis",hanging out,hanging out,is_multiword,3,3|4,0.0,0,5.586341857910156,1,0.1516647338867187,0,0,0.4988185214043336,1
318,"look at chad hanging out with the chess club, he's such a dorkis",he's such,he's such,is_multiword,9,9|10,0.0,0,2.43716612458229,0,0.7996498929957548,1,0,0.4334338556297024,0
31,i just got in the v ima be there soon,got in,got in,is_multiword,2,2|3,0.0,0,4.974288821220398,1,0.3600086768468221,0,0,0.4988185214043336,1
31,i just got in the v ima be there soon,v ima,v ima,is_multiword,5,5|6,0.0,0,12.369701713323591,0,0.9267571661621332,1,0,0.4334338556297024,0
320,john was being a real dick burger today,dick burger,dick burger,is_multiword,5,5|6,0.0,0,5.535732269287109,0,0.2204196055730184,0,1,0.16271826038277595,0
323,i'm so confucked of what just happened,confucked of,confucked of,is_multiword,2,2|3,0.4285714285714285,0,4.505091230074565,0,0.510053093234698,0,0,0.16271826038277595,0
323,i'm so confucked of what just happened,so confucked of,so confucked of,is_multiword,1,1|2|3,0.4285714285714285,0,4.275910496711731,0,0.5025093058745067,0,0,0.16271826038277595,0
323,i'm so confucked of what just happened,so confucked,so confucked,is_multiword,1,1|2,0.4285714285714285,0,4.087056318918864,0,0.6243125746647518,1,0,0.4334338556297024,0
324,"yo, that chick has an ass so fat i wanna give her the old cherrylou",an ass,an ass,is_multiword,4,4|5,0.0,0,3.9222411513328552,1,0.5561190247535706,0,0,0.4988185214043336,1
324,"yo, that chick has an ass so fat i wanna give her the old cherrylou",old cherrylou,old cherrylou,is_multiword,13,13|14,0.4285714285714285,0,7.196508318185806,0,0.8482355078061422,1,0,0.4334338556297024,0
333,this dumbass cybercunt just posted her ip openly in the main chat window,dumbass cybercunt,dumbass cybercunt,is_multiword,1,1|2,0.4285714285714285,0,8.459149499734243,0,0.3176681796709696,0,0,0.16271826038277595,0
335,keivon will bok your chicken for a dollar,bok your,bok your,is_multiword,2,2|3,0.4285714285714285,0,7.767372220754623,0,0.4170081615447998,0,0,0.16271826038277595,0
337,1:hi freak 2:what 1:i said hi freak 2:shut up you bum ed,bum ed,bum ed,is_multiword,14,14|15,0.0,0,4.421562194824219,0,0.5654460415244102,1,1,0.4334338556297024,0
33,that dank ass weed got my dome rocked last night,dank ass,dank ass,is_multiword,1,1|2,0.0,0,8.341056764125824,0,0.412591944138209,0,0,0.16271826038277595,0
33,that dank ass weed got my dome rocked last night,dome rocked,dome rocked,is_multiword,6,6|7,0.0,0,5.238760630289714,0,0.7044723406434059,1,1,0.4334338556297024,0
346,"another way to express the term infinite is, ape laying down on its side",ape laying,ape laying,is_multiword,8,8|9,0.0,0,8.024088740348816,0,0.4527462323506673,0,0,0.16271826038277595,0
348,"oops, we chose a place next to the bead suckers",bead suckers,bead suckers,is_multiword,8,8|9,0.0,0,4.808756494522095,0,0.9565511783584952,1,1,0.4334338556297024,0
349,my girlfriend wants the deat,the deat,the deat,is_multiword,3,3|4,0.4285714285714285,0,5.782784799734752,0,0.5171301960945129,0,0,0.16271826038277595,0
351,"""johnny: ""don't you still work at johnny's?"" bill: ""nah, i'm getting done",getting done,getting done,is_multiword,10,10|11,0.0,0,3.0763148069381714,1,0.1652180751164754,0,1,0.4988185214043336,1
355,she wore what?--she be lunching,be lunching,be lunching,is_multiword,4,4|5,0.4285714285714285,0,7.09047547976176,0,0.2139253616333007,0,0,0.16271826038277595,0
360,a veterans rugby team enjoyed a beaver bang,beaver bang,beaver bang,is_multiword,6,6|7,0.0,0,5.540881916880608,0,0.838080077432096,1,1,0.4334338556297024,0
363,"tom: hey vic whats up with justin? victor: oh yeah, he's been mad cocktimistic lately",mad cocktimistic,mad cocktimistic,is_multiword,12,12|13,0.4285714285714285,0,7.679535627365112,0,0.8570676380768418,0,0,0.16271826038277595,0
363,"tom: hey vic whats up with justin? victor: oh yeah, he's been mad cocktimistic lately",vic whats,vic whats,is_multiword,2,2|3,0.0,0,4.7851782739162445,0,0.7867181518425544,1,0,0.4334338556297024,0
365,fuck off you arsetroll,fuck off you arsetroll,fuck off you arsetroll,is_multiword,0,0|1|2|3,0.4285714285714285,0,8.130913178126017,1,0.7587364263211688,0,0,0.4988185214043336,1
365,fuck off you arsetroll,fuck off you,fuck off you,is_multiword,0,0|1|2,0.0,0,7.854451656341553,0,0.7056713374331594,0,0,0.16271826038277595,0
365,fuck off you arsetroll,fuck off,fuck off,is_multiword,0,0|1,0.0,0,3.646520614624024,0,0.7155027290185292,0,0,0.16271826038277595,0
365,fuck off you arsetroll,off you arsetroll,off you arsetroll,is_multiword,1,1|2|3,0.4285714285714285,0,6.026703310012818,0,0.968160033536454,1,0,0.4334338556297024,0
365,fuck off you arsetroll,off you,off you,is_multiword,1,1|2,0.0,0,3.881694793701172,0,0.8645287755255898,0,0,0.16271826038277595,0
365,fuck off you arsetroll,you arsetroll,you arsetroll,is_multiword,2,2|3,0.4285714285714285,0,5.604008138179779,0,0.7873514254267017,0,0,0.16271826038277595,0
366,that broad is probably ragging it this week; i can feel the cuntosity in the air,ragging it,ragging it,is_multiword,4,4|5,0.4285714285714285,0,5.814502557118733,0,0.598176936308543,0,0,0.16271826038277595,0
368,"freudian literary criticism is pretty useless, to be honest; eventually they stop talking about literature entirely, in favor of pointless brainwanking",pointless brainwanking,pointless brainwanking,is_multiword,19,19|20,0.4285714285714285,0,7.141772377490997,0,0.5002899716297786,0,0,0.16271826038277595,0
369,gape the womans ass and then shit in it then come on her shitty gaping hole thus being an alaskan hot pocket,shitty gaping,shitty gaping,is_multiword,13,13|14,0.0,0,5.220418095588684,0,0.974553727855285,1,0,0.4334338556297024,0
369,gape the womans ass and then shit in it then come on her shitty gaping hole thus being an alaskan hot pocket,thus being,thus being,is_multiword,16,16|17,0.0,0,5.833501199881236,1,0.6878174444039662,1,0,0.7966618291597674,1
369,gape the womans ass and then shit in it then come on her shitty gaping hole thus being an alaskan hot pocket,womans ass,womans ass,is_multiword,2,2|3,0.4285714285714285,0,2.1267979542414346,1,0.4872126479943593,1,0,0.7966618291597674,1
36,"for fuck sake, leave me alone u psycho hose beast",psycho hose,psycho hose,is_multiword,7,7|8,0.0,0,7.182097474733989,0,0.5908661882082622,0,0,0.16271826038277595,0
36,"for fuck sake, leave me alone u psycho hose beast",u psycho hose,u psycho hose,is_multiword,6,6|7|8,0.0,0,6.251195922493935,0,0.7833455999692281,0,0,0.16271826038277595,0
36,"for fuck sake, leave me alone u psycho hose beast",u psycho,u psycho,is_multiword,6,6|7,0.0,0,8.294849455356598,1,0.3584739168485006,0,0,0.4988185214043336,1
378,"(arriving at lunch line) lynn: dude, afp",lynn dude,lynn dude,is_multiword,4,4|5,0.0,0,5.832342088222504,0,0.4070093830426534,0,0,0.16271826038277595,0
379,boy: hey girl: hi boy: want to make out? girl: barbal boy: alright i'll go with that,make out,make out,is_multiword,7,7|8,0.0,0,3.5769367814064026,0,0.2366453011830648,1,0,0.4334338556297024,0
37,"""bia bia shut the hell up ""why u acting like a like bia bia",the hell,the hell,is_multiword,3,3|4,0.0,0,3.6459655165672302,0,0.5195221602916718,0,0,0.16271826038277595,0
381,"kate: hey josh, i see a dingle berry hanging out of your ass",dingle berry,dingle berry,is_multiword,6,6|7,0.4285714285714285,0,4.884884774684906,0,0.9413485992699862,1,1,0.4334338556297024,0
381,"kate: hey josh, i see a dingle berry hanging out of your ass",out of,out of,is_multiword,9,9|10,0.0,0,0.0,0,0.6074374864498775,0,0,0.16271826038277595,0
382,you're a total bung hole,total bung,total bung,is_multiword,2,2|3,0.4285714285714285,0,5.973554054896037,1,0.6698155055443447,0,0,0.4988185214043336,0
388,sound of machine gun budda budda,budda budda,budda budda,is_multiword,4,4|5,0.4285714285714285,0,7.238041043281555,1,0.2369405031204223,1,1,0.7966618291597674,1
390,"oi u bladrin is wastin ur time cotchin here, the brey we had beef with has legged it",bladrin is wastin ur,bladrin is wastin ur,is_multiword,2,2|3|4|5,0.4285714285714285,0,6.802464743455251,0,0.5122940639654796,0,0,0.16271826038277595,0
390,"oi u bladrin is wastin ur time cotchin here, the brey we had beef with has legged it",bladrin is wastin,bladrin is wastin,is_multiword,2,2|3|4,0.4285714285714285,0,6.333714461326599,0,0.3214306831359863,0,0,0.16271826038277595,0
390,"oi u bladrin is wastin ur time cotchin here, the brey we had beef with has legged it",bladrin is,bladrin is,is_multiword,2,2|3,0.4285714285714285,0,7.619454860687256,0,0.6225360097984474,0,0,0.16271826038277595,0
390,"oi u bladrin is wastin ur time cotchin here, the brey we had beef with has legged it",is wastin ur,is wastin ur,is_multiword,3,3|4|5,0.4285714285714285,0,5.4935919642448425,0,0.2629730304082235,0,0,0.16271826038277595,0
390,"oi u bladrin is wastin ur time cotchin here, the brey we had beef with has legged it",is wastin,is wastin,is_multiword,3,3|4,0.4285714285714285,0,3.98944616317749,0,0.1086581945419311,0,0,0.16271826038277595,0
390,"oi u bladrin is wastin ur time cotchin here, the brey we had beef with has legged it",oi u bladrin is wastin ur,oi u bladrin is wastin ur,is_multiword,0,0|1|2|3|4|5,0.4285714285714285,0,6.285776323742336,0,0.3228309353192647,0,0,0.16271826038277595,0
390,"oi u bladrin is wastin ur time cotchin here, the brey we had beef with has legged it",oi u bladrin is wastin,oi u bladrin is wastin,is_multiword,0,0|1|2|3|4,0.4285714285714285,0,5.234325975179672,0,0.4760378698507944,0,0,0.16271826038277595,0
390,"oi u bladrin is wastin ur time cotchin here, the brey we had beef with has legged it",oi u bladrin is,oi u bladrin is,is_multiword,0,0|1|2|3,0.4285714285714285,0,4.992319822311401,0,0.820856835693121,1,0,0.4334338556297024,0
390,"oi u bladrin is wastin ur time cotchin here, the brey we had beef with has legged it",oi u bladrin,oi u bladrin,is_multiword,0,0|1|2,0.4285714285714285,0,6.031456542015076,0,0.7401627699534099,0,0,0.16271826038277595,0
390,"oi u bladrin is wastin ur time cotchin here, the brey we had beef with has legged it",oi u,oi u,is_multiword,0,0|1,0.0,0,3.4555538495381675,1,0.5516549075643222,0,0,0.4988185214043336,1
390,"oi u bladrin is wastin ur time cotchin here, the brey we had beef with has legged it",u bladrin is wastin ur,u bladrin is wastin ur,is_multiword,1,1|2|3|4|5,0.4285714285714285,0,6.85814550944737,0,0.2177379131317138,0,0,0.16271826038277595,0
390,"oi u bladrin is wastin ur time cotchin here, the brey we had beef with has legged it",u bladrin is wastin,u bladrin is wastin,is_multiword,1,1|2|3|4,0.4285714285714285,0,5.680785775184631,0,0.2660931150118509,0,0,0.16271826038277595,0
390,"oi u bladrin is wastin ur time cotchin here, the brey we had beef with has legged it",u bladrin is,u bladrin is,is_multiword,1,1|2|3,0.4285714285714285,0,6.107788294553757,0,0.7781949117779732,0,0,0.16271826038277595,0
390,"oi u bladrin is wastin ur time cotchin here, the brey we had beef with has legged it",u bladrin,u bladrin,is_multiword,1,1|2,0.4285714285714285,0,8.095573465029398,0,0.7455797034005325,0,0,0.16271826038277595,0
390,"oi u bladrin is wastin ur time cotchin here, the brey we had beef with has legged it",wastin ur,wastin ur,is_multiword,4,4|5,0.4285714285714285,0,9.024123946825664,1,0.1476071874300638,0,0,0.4988185214043336,0
391,that girl in is definately ain,definately ain,definately ain,is_multiword,4,4|5,0.4285714285714285,0,6.260142421722412,0,0.5089877769351006,0,0,0.16271826038277595,0
394,"f*** u, pig",f u,f u,is_multiword,0,0|1,0.0,0,4.536523461341858,0,0.7932702135294676,0,0,0.16271826038277595,0
396,"the mall's all boarded up now, that's crappie",boarded up,boarded up,is_multiword,3,3|4,0.0,0,3.8142269055048623,1,0.3483174641927083,0,0,0.4988185214043336,1
397,if a nigga walk up to u and talk shit u say catch the street,a nigga walk,a nigga walk,is_multiword,1,1|2|3,0.0,0,4.52247229218483,0,0.7678422021369139,0,0,0.16271826038277595,0
397,if a nigga walk up to u and talk shit u say catch the street,a nigga,a nigga,is_multiword,1,1|2,0.0,0,6.418919881184896,0,0.5530327757199605,0,0,0.16271826038277595,0
397,if a nigga walk up to u and talk shit u say catch the street,nigga walk,nigga walk,is_multiword,2,2|3,0.0,0,5.917298873265584,0,0.8886132352054119,1,0,0.4334338556297024,0
397,if a nigga walk up to u and talk shit u say catch the street,shit u,shit u,is_multiword,9,9|10,0.0,0,3.853778839111328,0,0.3109720746676127,0,0,0.16271826038277595,0
397,if a nigga walk up to u and talk shit u say catch the street,talk shit u,talk shit u,is_multiword,8,8|9|10,0.0,0,3.604428728421529,0,0.3182947436968485,0,0,0.16271826038277595,0
397,if a nigga walk up to u and talk shit u say catch the street,talk shit,talk shit,is_multiword,8,8|9,0.0,0,4.840317010879517,0,0.2287613153457641,0,0,0.16271826038277595,0
398,why does brad always have to be a dickeater when there is an group of people because he is a fucking dickeater,fucking dickeater,fucking dickeater,is_multiword,20,20|21,0.4285714285714285,0,5.678588837385178,1,0.8048545656104883,0,0,0.4988185214043336,0
39,na eh divnt di that like,divnt di,divnt di,is_multiword,2,2|3,0.4285714285714285,0,5.320290327072144,0,0.8397462163120508,0,0,0.16271826038277595,0
39,na eh divnt di that like,eh divnt di,eh divnt di,is_multiword,1,1|2|3,0.4285714285714285,0,7.316956609487534,0,0.8809254113584757,0,0,0.16271826038277595,0
39,na eh divnt di that like,eh divnt,eh divnt,is_multiword,1,1|2,0.4285714285714285,0,6.444343646367391,0,0.9376835571601988,0,0,0.16271826038277595,0
39,na eh divnt di that like,na eh divnt di,na eh divnt di,is_multiword,0,0|1|2|3,0.4285714285714285,0,7.380915260314941,1,0.9684095873186984,0,0,0.4988185214043336,1
39,na eh divnt di that like,na eh divnt,na eh divnt,is_multiword,0,0|1|2,0.4285714285714285,0,5.8509697914123535,0,0.9906010311096908,1,0,0.4334338556297024,0
39,na eh divnt di that like,na eh,na eh,is_multiword,0,0|1,0.0,0,4.750056862831116,0,0.9250785385568936,0,0,0.16271826038277595,0
3,i had sex with a chick last night who had a fly bumpersticker,fly bumpersticker,fly bumpersticker,is_multiword,11,11|12,0.4285714285714285,0,6.0037002801895145,0,0.3478423754374186,0,0,0.16271826038277595,0
404,"omg, it's a bread o'saurus rex",o'saurus rex,o'saurus rex,is_multiword,4,4|5,0.4285714285714285,0,7.137814712524414,0,0.4887533684571584,0,0,0.16271826038277595,0
406,u need some bo buster,bo buster,bo buster,is_multiword,3,3|4,0.0,0,6.963138739267985,0,0.991034382643799,1,1,0.4334338556297024,0
409,gouge vomit burn is the def,gouge vomit,gouge vomit,is_multiword,0,0|1,0.4285714285714285,0,9.143384903669356,0,0.9218551367521286,1,0,0.4334338556297024,0
40,you know that fat bitches pussy is a dusty dusty,bitches pussy,bitches pussy,is_multiword,4,4|5,0.0,0,4.179996411005656,0,0.6891959992547829,0,0,0.16271826038277595,0
410,"katie, do the buck tooth monkey face",buck tooth,buck tooth,is_multiword,3,3|4,0.0,0,4.4290953278541565,0,0.7978003863245249,0,0,0.16271826038277595,0
410,"katie, do the buck tooth monkey face",do the buck tooth,do the buck tooth,is_multiword,1,1|2|3|4,0.0,0,3.841763297716776,0,0.6353018581867218,0,0,0.16271826038277595,0
410,"katie, do the buck tooth monkey face",do the buck,do the buck,is_multiword,1,1|2|3,0.0,0,3.696018636226654,0,0.6988684485356014,0,0,0.16271826038277595,0
410,"katie, do the buck tooth monkey face",do the,do the,is_multiword,1,1|2,0.0,0,2.8310946226119995,0,0.455007662375768,0,0,0.16271826038277595,0
410,"katie, do the buck tooth monkey face",the buck tooth,the buck tooth,is_multiword,2,2|3|4,0.0,0,3.911333560943604,0,0.7036881021534402,0,0,0.16271826038277595,0
410,"katie, do the buck tooth monkey face",the buck,the buck,is_multiword,2,2|3,0.0,0,4.300271511077881,0,0.9575858811537424,1,0,0.4334338556297024,0
411,"omg , i banged this alynne last night",banged this alynne,banged this alynne,is_multiword,2,2|3|4,0.4285714285714285,0,5.416813492774963,0,0.7106803804636002,0,0,0.16271826038277595,0
411,"omg , i banged this alynne last night",banged this,banged this,is_multiword,2,2|3,0.0,0,6.394415458043416,1,0.5252718528111775,0,0,0.4988185214043336,1
411,"omg , i banged this alynne last night",this alynne,this alynne,is_multiword,3,3|4,0.4285714285714285,0,3.812424600124359,0,0.3787667949994405,0,0,0.16271826038277595,0
412,"""gary from howard stern says,""in the china doll porn, she bends over and there was a ton of assne",there was,there was,is_multiword,14,14|15,0.0,0,7.0496291518211365,1,0.6552257854491472,1,0,0.7966618291597674,1
413,"damn, check out that assne on that volleyball player",check out,check out,is_multiword,1,1|2,0.0,0,4.774629592895508,1,0.2744986812273661,0,0,0.4988185214043336,1
415,"my bro did that ass crack hash the other week, damn i couldn't get near him from the smell of his breathe",ass crack hash,ass crack hash,is_multiword,4,4|5|6,0.0,0,5.325723528862,0,0.4350660045941671,0,1,0.16271826038277595,0
415,"my bro did that ass crack hash the other week, damn i couldn't get near him from the smell of his breathe",ass crack,ass crack,is_multiword,4,4|5,0.0,0,7.052808582782745,0,0.6180299768845241,1,0,0.4334338556297024,0
415,"my bro did that ass crack hash the other week, damn i couldn't get near him from the smell of his breathe",crack hash,crack hash,is_multiword,5,5|6,0.0,0,5.632991711298625,0,0.5436737239360809,0,0,0.16271826038277595,0
419,i gave my girl a burning trashcan the other night but i still haven't gotten all the coochie ash off my dick,ash off,ash off,is_multiword,18,18|19,0.0,0,3.097429871559143,1,0.4708121220270792,0,0,0.4988185214043336,1
419,i gave my girl a burning trashcan the other night but i still haven't gotten all the coochie ash off my dick,burning trashcan,burning trashcan,is_multiword,5,5|6,0.4285714285714285,0,4.972445011138916,0,0.7243760681400697,1,1,0.4334338556297024,0
419,i gave my girl a burning trashcan the other night but i still haven't gotten all the coochie ash off my dick,coochie ash off,coochie ash off,is_multiword,17,17|18|19,0.4285714285714285,0,5.107550899187724,0,0.7096249063809712,0,0,0.16271826038277595,0
419,i gave my girl a burning trashcan the other night but i still haven't gotten all the coochie ash off my dick,coochie ash,coochie ash,is_multiword,17,17|18,0.4285714285714285,0,4.607726335525513,0,0.8092728729049364,1,0,0.4334338556297024,0
41,'maine ek randee ko chod diya' - i fucked a prostitute,chod diya,chod diya,is_multiword,4,4|5,0.4285714285714285,0,5.407115936279297,0,0.585394948720932,0,0,0.16271826038277595,0
41,'maine ek randee ko chod diya' - i fucked a prostitute,ek randee ko chod diya,ek randee ko chod diya,is_multiword,1,1|2|3|4|5,0.4285714285714285,0,6.55835685133934,0,0.5237857699394226,0,0,0.16271826038277595,0
41,'maine ek randee ko chod diya' - i fucked a prostitute,ek randee ko chod,ek randee ko chod,is_multiword,1,1|2|3|4,0.4285714285714285,0,7.618781367937724,0,0.539432128270467,0,0,0.16271826038277595,0
41,'maine ek randee ko chod diya' - i fucked a prostitute,ek randee ko,ek randee ko,is_multiword,1,1|2|3,0.4285714285714285,0,6.333648347854615,0,0.5068429708480835,0,0,0.16271826038277595,0
41,'maine ek randee ko chod diya' - i fucked a prostitute,ek randee,ek randee,is_multiword,1,1|2,0.4285714285714285,0,5.106914408504963,0,0.3064550558725992,0,0,0.16271826038277595,0
41,'maine ek randee ko chod diya' - i fucked a prostitute,ko chod diya,ko chod diya,is_multiword,3,3|4|5,0.4285714285714285,0,6.3725685477256775,0,0.8926075814912716,0,0,0.16271826038277595,0
41,'maine ek randee ko chod diya' - i fucked a prostitute,ko chod,ko chod,is_multiword,3,3|4,0.4285714285714285,0,5.97183221578598,0,0.9670226179684202,1,0,0.4334338556297024,0
41,'maine ek randee ko chod diya' - i fucked a prostitute,maine ek randee ko chod diya,maine ek randee ko chod diya,is_multiword,0,0|1|2|3|4|5,0.4285714285714285,0,6.654240608215332,0,0.2301246921221414,0,0,0.16271826038277595,0
41,'maine ek randee ko chod diya' - i fucked a prostitute,maine ek randee ko chod,maine ek randee ko chod,is_multiword,0,0|1|2|3|4,0.4285714285714285,0,7.662617564201355,1,0.249537706375122,0,0,0.4988185214043336,0
41,'maine ek randee ko chod diya' - i fucked a prostitute,maine ek randee ko,maine ek randee ko,is_multiword,0,0|1|2|3,0.4285714285714285,0,6.855802218119304,0,0.5485115150610607,0,0,0.16271826038277595,0
41,'maine ek randee ko chod diya' - i fucked a prostitute,maine ek randee,maine ek randee,is_multiword,0,0|1|2,0.4285714285714285,0,6.771198296546936,0,0.4967903594175974,0,0,0.16271826038277595,0
41,'maine ek randee ko chod diya' - i fucked a prostitute,maine ek,maine ek,is_multiword,0,0|1,0.0,0,7.211555540561676,0,0.5767071396112442,0,0,0.16271826038277595,0
41,'maine ek randee ko chod diya' - i fucked a prostitute,randee ko chod diya,randee ko chod diya,is_multiword,2,2|3|4|5,0.4285714285714285,0,5.5324229172297885,0,0.5663436502218246,0,0,0.16271826038277595,0
41,'maine ek randee ko chod diya' - i fucked a prostitute,randee ko chod,randee ko chod,is_multiword,2,2|3|4,0.4285714285714285,0,5.899679851531983,0,0.6472397794326146,0,0,0.16271826038277595,0
41,'maine ek randee ko chod diya' - i fucked a prostitute,randee ko,randee ko,is_multiword,2,2|3,0.4285714285714285,0,4.427425622940064,0,0.6153951634963353,0,0,0.16271826038277595,0
421,j'aime bizou - i love little kisses,j'aime bizou,j'aime bizou,is_multiword,0,0|1,0.4285714285714285,0,8.160205036401749,1,0.3003727793693542,0,0,0.4988185214043336,0
423,what do you think of that lady in the corner with the droopy eye steve? jbh mate,jbh mate,jbh mate,is_multiword,15,15|16,0.4285714285714285,0,6.687961459159851,0,0.850064542144537,0,0,0.16271826038277595,0
425,i used delphi but ported it to see just for the heck of it,the heck,the heck,is_multiword,10,10|11,0.0,0,3.8607890605926514,0,0.478841116031011,0,0,0.16271826038277595,0
426,"person 1: did you hear about daddy long leg person 2: yeah, he is my pimp daddy long leg: yeah, thats right little boy now go clean my cell",leg yeah,leg yeah,is_multiword,18,18|19,0.0,0,1.1551457047462463,0,0.7851058766245842,0,0,0.16271826038277595,0
427,"biiiiiiiitch, we're ballin' thru e-to in this bitch-ass impala we jacked, and nobody gives a shit",ballin thru e-to,ballin thru e-to,is_multiword,2,2|3|4,0.4285714285714285,0,4.824663162231445,0,0.8288880083709955,0,0,0.16271826038277595,0
427,"biiiiiiiitch, we're ballin' thru e-to in this bitch-ass impala we jacked, and nobody gives a shit",ballin thru,ballin thru,is_multiword,2,2|3,0.4285714285714285,0,5.994041514396668,0,0.6001017192999523,0,0,0.16271826038277595,0
427,"biiiiiiiitch, we're ballin' thru e-to in this bitch-ass impala we jacked, and nobody gives a shit",thru e-to,thru e-to,is_multiword,3,3|4,0.0,0,5.279386329650879,0,0.989516166349252,1,0,0.4334338556297024,0
428,"did you see captain barlow on the x factor last night? -oooh yeah, he looked so good",oooh yeah,oooh yeah,is_multiword,11,11|12,0.1428571428571428,0,5.668953940272331,1,0.2844015955924988,0,0,0.4988185214043336,0
430,"dude, i just pantsed nathan and i swear to god he had a biggie soft",biggie soft,biggie soft,is_multiword,13,13|14,0.0,0,5.238312880198161,0,0.875702127503852,0,1,0.16271826038277595,0
432,omg phear me *u die*,omg phear,omg phear,is_multiword,0,0|1,0.4285714285714285,0,5.054387032985687,0,0.6823453387866418,0,0,0.16271826038277595,0
432,omg phear me *u die*,u die,u die,is_multiword,3,3|4,0.0,0,5.161348342895508,0,0.6519937453170617,0,0,0.16271826038277595,0
434,devlir pwnt your face off,devlir pwnt,devlir pwnt,is_multiword,0,0|1,0.4285714285714285,0,11.650320559740068,0,0.4210519989331563,0,0,0.16271826038277595,0
440,oh shit my bitch basket weaved my dick last night i got my basket weave on,basket weaved,basket weaved,is_multiword,4,4|5,0.4285714285714285,0,5.004823565483093,0,0.9457257281367978,0,1,0.16271826038277595,0
440,oh shit my bitch basket weaved my dick last night i got my basket weave on,basket weave,basket weave,is_multiword,13,13|14,0.0,0,6.704481840133667,1,0.9604594747846326,0,1,0.4988185214043336,1
440,oh shit my bitch basket weaved my dick last night i got my basket weave on,bitch basket weaved,bitch basket weaved,is_multiword,3,3|4|5,0.4285714285714285,0,4.844951053460439,0,0.9888219718510906,1,0,0.4334338556297024,0
440,oh shit my bitch basket weaved my dick last night i got my basket weave on,bitch basket,bitch basket,is_multiword,3,3|4,0.0,0,5.484437505404155,0,0.9879274029905596,0,0,0.16271826038277595,0
446,prag curtis doesn't do anything but bear all blitz when he is on the defense,do anything,do anything,is_multiword,3,3|4,0.0,0,0.4734631180763244,0,0.479007363319397,0,0,0.16271826038277595,0
446,prag curtis doesn't do anything but bear all blitz when he is on the defense,doesn't do anything,doesn't do anything,is_multiword,2,2|3|4,0.0,0,3.113742971420288,1,0.4295798738797506,0,0,0.4988185214043336,1
446,prag curtis doesn't do anything but bear all blitz when he is on the defense,doesn't do,doesn't do,is_multiword,2,2|3,0.0,0,0.7145347595214844,0,0.3753792941570282,0,0,0.16271826038277595,0
447,you're a friggin idiot,a friggin,a friggin,is_multiword,1,1|2,0.0,0,5.030193169911702,0,0.3894122143586477,0,0,0.16271826038277595,0
44,elmo rocks my socks with his elmoness,elmo rocks,elmo rocks,is_multiword,0,0|1,0.0,0,5.378144323825836,0,0.9693655616914232,1,0,0.4334338556297024,0
450,damn they got some big bootay hoes at that web-site bigbootyclub,bootay hoes at,bootay hoes at,is_multiword,5,5|6|7,0.4285714285714285,0,4.150277078151703,0,0.5731216470400493,0,0,0.16271826038277595,0
450,damn they got some big bootay hoes at that web-site bigbootyclub,bootay hoes,bootay hoes,is_multiword,5,5|6,0.4285714285714285,0,4.410312503576279,0,0.7112826655308406,1,0,0.4334338556297024,0
450,damn they got some big bootay hoes at that web-site bigbootyclub,hoes at,hoes at,is_multiword,6,6|7,0.4285714285714285,0,4.502316912015279,0,0.6861185828844707,0,0,0.16271826038277595,0
451,dude my hoe let me give her brainal for the minimal price of 10 dollars,hoe let me,hoe let me,is_multiword,2,2|3|4,0.0,0,4.630541483561198,0,0.8757400214672089,1,0,0.4334338556297024,0
451,dude my hoe let me give her brainal for the minimal price of 10 dollars,hoe let,hoe let,is_multiword,2,2|3,0.0,0,6.79859533905983,0,0.7432659510523081,0,0,0.16271826038277595,0
451,dude my hoe let me give her brainal for the minimal price of 10 dollars,let me,let me,is_multiword,3,3|4,0.0,0,2.1390207409858704,1,0.4127986927827199,0,0,0.4988185214043336,1
452,i woke up this morning with a total emho,a total emho,a total emho,is_multiword,6,6|7|8,0.4285714285714285,0,4.804114550352097,0,0.9803632581606508,0,0,0.16271826038277595,0
452,i woke up this morning with a total emho,a total,a total,is_multiword,6,6|7,0.0,0,4.15957647562027,0,0.4576735893885294,0,0,0.16271826038277595,0
452,i woke up this morning with a total emho,total emho,total emho,is_multiword,7,7|8,0.4285714285714285,0,6.584955771764119,0,0.851047694683075,1,0,0.4334338556297024,0
453,"#1 deonte- man is that your girl? james- no she just sucks my dick, shes my lil bopjoint",deonte man,deonte man,is_multiword,1,1|2,0.4285714285714285,0,4.404853999614716,0,0.7591631853332123,0,0,0.16271826038277595,0
453,"#1 deonte- man is that your girl? james- no she just sucks my dick, shes my lil bopjoint",lil bopjoint,lil bopjoint,is_multiword,16,16|17,0.4285714285714285,0,5.943122744560242,1,0.5473690827687581,0,0,0.4988185214043336,1
453,"#1 deonte- man is that your girl? james- no she just sucks my dick, shes my lil bopjoint",my dick,my dick,is_multiword,12,12|13,0.0,0,3.0608577728271484,0,0.9117417239273587,1,0,0.4334338556297024,0
453,"#1 deonte- man is that your girl? james- no she just sucks my dick, shes my lil bopjoint",my lil bopjoint,my lil bopjoint,is_multiword,15,15|16|17,0.4285714285714285,0,5.103313616343907,0,0.9856279557570816,1,0,0.4334338556297024,0
453,"#1 deonte- man is that your girl? james- no she just sucks my dick, shes my lil bopjoint",my lil,my lil,is_multiword,15,15|16,0.0,0,4.084236145019531,0,0.725184438129266,0,0,0.16271826038277595,0
453,"#1 deonte- man is that your girl? james- no she just sucks my dick, shes my lil bopjoint",shes my lil bopjoint,shes my lil bopjoint,is_multiword,14,14|15|16|17,0.4285714285714285,0,4.573197603225708,0,0.860341894129912,0,0,0.16271826038277595,0
453,"#1 deonte- man is that your girl? james- no she just sucks my dick, shes my lil bopjoint",shes my lil,shes my lil,is_multiword,14,14|15|16,0.0,0,2.8831511735916138,0,0.7084503173828125,0,0,0.16271826038277595,0
453,"#1 deonte- man is that your girl? james- no she just sucks my dick, shes my lil bopjoint",shes my,shes my,is_multiword,14,14|15,0.0,0,1.18325932820638,0,0.8199737447624406,0,0,0.16271826038277595,0
453,"#1 deonte- man is that your girl? james- no she just sucks my dick, shes my lil bopjoint",sucks my dick,sucks my dick,is_multiword,11,11|12|13,0.0,0,3.743527472019196,1,0.7154587786644697,0,0,0.4988185214043336,1
453,"#1 deonte- man is that your girl? james- no she just sucks my dick, shes my lil bopjoint",sucks my,sucks my,is_multiword,11,11|12,0.0,0,1.3384934266408284,0,0.5632530798514683,0,0,0.16271826038277595,0
454,hewol andwia,hewol andwia,hewol andwia,is_multiword,0,0|1,0.4285714285714285,0,11.440113365650175,1,0.7641627142826716,0,0,0.4988185214043336,0
456,she had sex with this spanish guy that had a blc,guy that,guy that,is_multiword,6,6|7,0.0,0,1.0263308882713318,0,0.6113446354866028,1,0,0.4334338556297024,0
458,writing a:tla instead of the full title saves a lot of time when texting you're friends to alert them that the show is starting,texting you're,texting you're,is_multiword,14,14|15,0.0,0,4.462038540840149,1,0.4247387945652008,0,0,0.4988185214043336,1
461,"phoebe's rendition on my rusty trombone last night, was so moving, it bought a tear to my eye",tear to,tear to,is_multiword,14,14|15,0.0,0,2.3796183268229165,0,0.3551518619060516,0,0,0.16271826038277595,0
462,larry: what team are you rooting for in the play-offs? bob: aby,rooting for,rooting for,is_multiword,5,5|6,0.0,0,4.146549165248871,1,0.2200501163800557,0,0,0.4988185214043336,1
467,"yo brandon, that cop is a friggin hoodiat",friggin hoodiat,friggin hoodiat,is_multiword,6,6|7,0.4285714285714285,0,7.332287621498108,0,0.6848465533306201,0,0,0.16271826038277595,0
46,i iz gunna do sum [phat] imagine of me an' my hoe in da bedroom aaaiight,iz gunna,iz gunna,is_multiword,1,1|2,0.4285714285714285,0,7.412490646044413,0,0.6999528541540105,1,0,0.4334338556297024,0
46,i iz gunna do sum [phat] imagine of me an' my hoe in da bedroom aaaiight,sum phat,sum phat,is_multiword,4,4|5,0.4285714285714285,0,7.177505493164063,0,0.5757546713575721,0,0,0.16271826038277595,0
470,"sara pissed me off so much last night, i just gave her a good old hot lead pie",good old,good old,is_multiword,13,13|14,0.0,0,4.474140048027039,1,0.7729639066383243,0,0,0.4988185214043336,1
471,jimmy is a right jerk-a-holic,jerk-a holic,jerk-a holic,is_multiword,4,4|5,0.4285714285714285,0,0.0,0,0.3036224047342936,0,0,0.16271826038277595,0
471,jimmy is a right jerk-a-holic,right jerk-a holic,right jerk-a holic,is_multiword,3,3|4|5,0.4285714285714285,0,0.0,0,0.3350311915079752,0,0,0.16271826038277595,0
471,jimmy is a right jerk-a-holic,right jerk-a,right jerk-a,is_multiword,3,3|4,0.0,0,5.054840505123138,0,0.3456047375996908,0,0,0.16271826038277595,0
473,i think my friend's upstairs neighbor wants to kill him after we were bumpin' the nah for about 2 hours at 3am last night haha,were bumpin,were bumpin,is_multiword,12,12|13,0.4285714285714285,0,5.087154459953308,0,0.7217528174320857,0,0,0.16271826038277595,0
47,wow did you hear buddhacharlie only posted 7 videos today? he usually does 10,buddhacharlie only,buddhacharlie only,is_multiword,4,4|5,0.4285714285714285,0,6.9130823612213135,0,0.4955911238988241,1,0,0.4334338556297024,0
480,rik the killer of giants is a bumbalross,of giants,of giants,is_multiword,3,3|4,0.0,0,5.325786431630452,0,0.8925942520921429,1,0,0.4334338556297024,0
481,i'm not taking him down the pub so he can turn into a hotah unit,can turn into,can turn into,is_multiword,9,9|10|11,0.0,0,2.4222208658854165,1,0.8695343105743328,0,0,0.4988185214043336,1
481,i'm not taking him down the pub so he can turn into a hotah unit,can turn,can turn,is_multiword,9,9|10,0.0,0,1.317274034023285,0,0.8626074350128571,0,0,0.16271826038277595,0
481,i'm not taking him down the pub so he can turn into a hotah unit,i'm not taking,i'm not taking,is_multiword,0,0|1|2,0.0,0,3.0348602771759032,0,0.4017825126647949,0,0,0.16271826038277595,0
481,i'm not taking him down the pub so he can turn into a hotah unit,i'm not,i'm not,is_multiword,0,0|1,0.0,0,3.161738336086273,0,0.1303279002507528,0,0,0.16271826038277595,0
481,i'm not taking him down the pub so he can turn into a hotah unit,not taking,not taking,is_multiword,1,1|2,0.0,0,3.4736766815185547,1,0.3438908457756042,0,0,0.4988185214043336,1
481,i'm not taking him down the pub so he can turn into a hotah unit,turn into,turn into,is_multiword,10,10|11,0.0,0,2.179300367832184,0,0.8879046014820536,0,0,0.16271826038277595,0
485,ben: just let it go m m: fuck you your such a fuckie ben 10mins later m: fuckie,10 mins,10 mins,is_multiword,14,14|15,0.1428571428571428,0,6.426181107759476,0,0.3582954506079355,0,0,0.16271826038277595,0
486,"real men don't out their bro, forcing said bro to divulge bro-classified protocol",divulge bro-classified,divulge bro-classified,is_multiword,10,10|11,0.4285714285714285,0,5.254648412976946,0,0.1973015666007995,0,0,0.16271826038277595,0
486,"real men don't out their bro, forcing said bro to divulge bro-classified protocol",don't out,don't out,is_multiword,2,2|3,0.0,0,3.3398647010326385,0,0.4230263431866964,0,0,0.16271826038277595,0
487,"adj- bob: did you hear john is with taylor again? dylan: oh, she's just a bitch fuck",a bitch fuck,a bitch fuck,is_multiword,14,14|15|16,0.0,0,3.0006884932518005,0,0.2280732790629068,0,0,0.16271826038277595,0
487,"adj- bob: did you hear john is with taylor again? dylan: oh, she's just a bitch fuck",a bitch,a bitch,is_multiword,14,14|15,0.0,0,2.661542216936747,1,0.1810610691706339,0,0,0.4988185214043336,1
487,"adj- bob: did you hear john is with taylor again? dylan: oh, she's just a bitch fuck",adj bob did,adj bob did,is_multiword,0,0|1|2,0.4285714285714285,0,5.662675261497498,0,0.8303627033407489,0,0,0.16271826038277595,0
487,"adj- bob: did you hear john is with taylor again? dylan: oh, she's just a bitch fuck",adj bob,adj bob,is_multiword,0,0|1,0.4285714285714285,0,5.3767499923706055,0,0.8114112081627051,1,0,0.4334338556297024,0
487,"adj- bob: did you hear john is with taylor again? dylan: oh, she's just a bitch fuck",again dylan oh,again dylan oh,is_multiword,9,9|10|11,0.0,0,5.031643837690353,0,0.676981618007024,0,0,0.16271826038277595,0
487,"adj- bob: did you hear john is with taylor again? dylan: oh, she's just a bitch fuck",again dylan,again dylan,is_multiword,9,9|10,0.0,0,6.846762299537659,0,0.4404625395933786,0,0,0.16271826038277595,0
487,"adj- bob: did you hear john is with taylor again? dylan: oh, she's just a bitch fuck",bitch fuck,bitch fuck,is_multiword,15,15|16,0.0,0,2.798988342285156,0,0.3249415159225464,0,1,0.16271826038277595,0
487,"adj- bob: did you hear john is with taylor again? dylan: oh, she's just a bitch fuck",bob did,bob did,is_multiword,1,1|2,0.0,0,4.42782986164093,0,0.7953450710823139,0,0,0.16271826038277595,0
487,"adj- bob: did you hear john is with taylor again? dylan: oh, she's just a bitch fuck",dylan oh,dylan oh,is_multiword,10,10|11,0.0,0,6.824165264765422,0,0.5405062784751256,0,0,0.16271826038277595,0
487,"adj- bob: did you hear john is with taylor again? dylan: oh, she's just a bitch fuck",hear john,hear john,is_multiword,4,4|5,0.0,0,5.543449491262436,0,0.6206822991371155,1,0,0.4334338556297024,0
487,"adj- bob: did you hear john is with taylor again? dylan: oh, she's just a bitch fuck",just a bitch fuck,just a bitch fuck,is_multiword,13,13|14|15|16,0.0,0,2.6467872619628907,0,0.3425976634025574,0,0,0.16271826038277595,0
487,"adj- bob: did you hear john is with taylor again? dylan: oh, she's just a bitch fuck",just a bitch,just a bitch,is_multiword,13,13|14|15,0.0,0,2.2929487228393555,0,0.4127774139245351,0,0,0.16271826038277595,0
487,"adj- bob: did you hear john is with taylor again? dylan: oh, she's just a bitch fuck",just a,just a,is_multiword,13,13|14,0.0,0,1.3238811492919922,0,0.6855132405956585,0,0,0.16271826038277595,0
487,"adj- bob: did you hear john is with taylor again? dylan: oh, she's just a bitch fuck",she's just a bitch fuck,she's just a bitch fuck,is_multiword,12,12|13|14|15|16,0.0,0,2.7806548476219177,0,0.4488361279169718,0,0,0.16271826038277595,0
487,"adj- bob: did you hear john is with taylor again? dylan: oh, she's just a bitch fuck",she's just a bitch,she's just a bitch,is_multiword,12,12|13|14|15,0.0,0,2.388258763722011,0,0.2248125274976095,0,0,0.16271826038277595,0
487,"adj- bob: did you hear john is with taylor again? dylan: oh, she's just a bitch fuck",she's just a,she's just a,is_multiword,12,12|13|14,0.0,0,1.0245246887207031,0,0.4153212904930115,0,0,0.16271826038277595,0
487,"adj- bob: did you hear john is with taylor again? dylan: oh, she's just a bitch fuck",she's just,she's just,is_multiword,12,12|13,0.0,0,1.2348947823047638,0,0.6364207317431767,0,0,0.16271826038277595,0
487,"adj- bob: did you hear john is with taylor again? dylan: oh, she's just a bitch fuck",taylor again dylan oh,taylor again dylan oh,is_multiword,8,8|9|10|11,0.0,0,6.4508678913116455,0,0.7855244502425194,0,0,0.16271826038277595,0
487,"adj- bob: did you hear john is with taylor again? dylan: oh, she's just a bitch fuck",taylor again dylan,taylor again dylan,is_multiword,8,8|9|10,0.0,0,7.521755385398865,0,0.6991290400425594,0,0,0.16271826038277595,0
487,"adj- bob: did you hear john is with taylor again? dylan: oh, she's just a bitch fuck",taylor again,taylor again,is_multiword,8,8|9,0.0,0,7.1344260374705,0,0.53470645348231,0,0,0.16271826038277595,0
487,"adj- bob: did you hear john is with taylor again? dylan: oh, she's just a bitch fuck",with taylor again dylan oh,with taylor again dylan oh,is_multiword,7,7|8|9|10|11,0.0,0,5.881604433059692,0,0.954074230665962,1,0,0.4334338556297024,0
487,"adj- bob: did you hear john is with taylor again? dylan: oh, she's just a bitch fuck",with taylor again dylan,with taylor again dylan,is_multiword,7,7|8|9|10,0.0,0,6.362094124158223,0,0.7438586900631587,0,0,0.16271826038277595,0
487,"adj- bob: did you hear john is with taylor again? dylan: oh, she's just a bitch fuck",with taylor again,with taylor again,is_multiword,7,7|8|9,0.0,0,5.930913746356964,0,0.688303289314111,0,0,0.16271826038277595,0
487,"adj- bob: did you hear john is with taylor again? dylan: oh, she's just a bitch fuck",with taylor,with taylor,is_multiword,7,7|8,0.0,0,7.44830322265625,1,0.6081140339374542,0,0,0.4988185214043336,1
48,the snurricane shut down the entire college campus,shut down,shut down,is_multiword,2,2|3,0.0,0,4.038118998209636,1,0.2952764431635538,0,0,0.4988185214043336,1
48,the snurricane shut down the entire college campus,snurricane shut down,snurricane shut down,is_multiword,1,1|2|3,0.4285714285714285,0,6.8799729744593305,0,0.3683648904164632,0,0,0.16271826038277595,0
48,the snurricane shut down the entire college campus,snurricane shut,snurricane shut,is_multiword,1,1|2,0.4285714285714285,0,7.283449673652649,0,0.4578117728233337,1,0,0.4334338556297024,0
490,that fucker beshockled me with creft,fucker beshockled,fucker beshockled,is_multiword,1,1|2,0.4285714285714285,0,5.124998688697815,0,0.2876088817914327,0,0,0.16271826038277595,0
491,[the misfits] are considered to be the first horror punk band,to be,to be,is_multiword,4,4|5,0.0,0,0.0,0,0.763012538353602,0,0,0.16271826038277595,0
494,doug moltered his cube the other day dude,doug moltered,doug moltered,is_multiword,0,0|1,0.4285714285714285,0,8.408143013715744,0,0.8432288803160191,1,0,0.4334338556297024,0
496,"it's cold outside, it's cold in the house, i am feeling chold",am feeling chold,am feeling chold,is_multiword,9,9|10|11,0.4285714285714285,0,4.993575215339661,0,0.2724038958549499,0,0,0.16271826038277595,0
496,"it's cold outside, it's cold in the house, i am feeling chold",am feeling,am feeling,is_multiword,9,9|10,0.0,0,3.46265596151352,1,0.5464277813831966,0,0,0.4988185214043336,1
496,"it's cold outside, it's cold in the house, i am feeling chold",feeling chold,feeling chold,is_multiword,10,10|11,0.4285714285714285,0,4.978355646133423,0,0.4212893843650818,0,0,0.16271826038277595,0
498,there is so much bitch nasty on the net,bitch nasty,bitch nasty,is_multiword,4,4|5,0.0,0,6.288037359714508,0,0.7537113713721434,1,1,0.4334338556297024,0
498,there is so much bitch nasty on the net,much bitch nasty,much bitch nasty,is_multiword,3,3|4|5,0.0,0,4.028746891021728,0,0.1621355017026265,0,0,0.16271826038277595,0
498,there is so much bitch nasty on the net,much bitch,much bitch,is_multiword,3,3|4,0.0,0,3.011365254720052,0,0.4654439687728882,0,0,0.16271826038277595,0
499,tyrone got 5-pwned in l,tyrone got,tyrone got,is_multiword,0,0|1,0.0,0,6.142203251520793,0,0.4111889004707336,0,0,0.16271826038277595,0
49,"sudeep, you're coming in spicy this morning",coming in,coming in,is_multiword,2,2|3,0.0,0,3.646030515432358,1,0.4467718601226806,0,0,0.4988185214043336,1
501,"bryan: yo, im gonna sneak up on matt and caviar merk him",caviar merk,caviar merk,is_multiword,9,9|10,0.4285714285714285,0,9.701591809590658,0,0.9688607780262828,0,1,0.16271826038277595,0
501,"bryan: yo, im gonna sneak up on matt and caviar merk him",im gonna,im gonna,is_multiword,2,2|3,0.0,0,5.943330764770508,1,0.3987827102343241,0,0,0.4988185214043336,1
508,"""this new song by (insert artist here) is baaaf ""a girl was giving me dome and i went baaaf on her face"" ""let's go baaaf tonight",artist here,artist here,is_multiword,5,5|6,0.0,0,3.222116470336914,0,0.6541955173015594,0,0,0.16271826038277595,0
509,im doing the show carousel this summer,im doing,im doing,is_multiword,0,0|1,0.0,0,6.421135067939758,1,0.3967253665129343,0,0,0.4988185214043336,1
510,"justin was barely too tall to be inducted in to the little people's association of america, he was rejected because he was an idget",an idget,an idget,is_multiword,22,22|23,0.4285714285714285,0,6.463448762893677,0,0.9345411115015546,1,0,0.4334338556297024,0
513,my brother needs to get a brown helmet to hit on chicks,hit on chicks,hit on chicks,is_multiword,9,9|10|11,0.0,0,5.414269596338272,0,0.1771139899889627,0,0,0.16271826038277595,0
513,my brother needs to get a brown helmet to hit on chicks,hit on,hit on,is_multiword,9,9|10,0.0,0,5.37919420003891,0,0.1928702195485433,0,0,0.16271826038277595,0
513,my brother needs to get a brown helmet to hit on chicks,on chicks,on chicks,is_multiword,10,10|11,0.0,0,5.093672355016072,0,0.7240288530786831,1,0,0.4334338556297024,0
515,"i have the biggest mancrush on brad pitt, i wish i could be him",biggest mancrush,biggest mancrush,is_multiword,3,3|4,0.4285714285714285,0,5.382311791181564,0,0.3167817195256551,0,0,0.16271826038277595,0
517,this afternoon around 4:20 i came up with a great highdea for a new word,great highdea,great highdea,is_multiword,10,10|11,0.4285714285714285,0,4.6523676216602325,0,0.1779701709747314,0,0,0.16271826038277595,0
519,ben is cunt nip,cunt nip,cunt nip,is_multiword,2,2|3,0.0,0,6.791550397872925,1,0.946724170508484,1,1,0.7966618291597674,1
51,"i cant get a girlfriend, so im still sexually faptive",sexually faptive,sexually faptive,is_multiword,8,8|9,0.4285714285714285,0,9.093754783272743,0,0.4271547893683115,1,1,0.4334338556297024,0
522,lenny is one hell of a flag waver,one hell,one hell,is_multiword,2,2|3,0.0,0,3.7154292166233054,1,0.4874976575374603,0,0,0.4988185214043336,1
525,tom: why cant dave come? jamie: he's choding off again,choding off,choding off,is_multiword,7,7|8,0.4285714285714285,0,7.687498986721039,1,0.7251962597171466,0,1,0.4988185214043336,0
526,this chic that sits in front me in my class has hella backne,chic that,chic that,is_multiword,1,1|2,0.0,0,4.514686465263367,0,0.7283086314176519,1,0,0.4334338556297024,0
526,this chic that sits in front me in my class has hella backne,hella backne,hella backne,is_multiword,11,11|12,0.4285714285714285,0,4.891123831272125,0,0.2923699418703714,0,0,0.16271826038277595,0
528,"""proper use of the word ""advice"": ""i need advice on asking her out, can you help me?"" by someawesomedude (600 posts) improper use of the word ""advice"": ""im bi",im bi,im bi,is_multiword,27,27|28,0.0,0,5.562082231044769,0,0.2584613760312398,0,0,0.16271826038277595,0
529,were going to go bare balls in the hot tub,bare balls,bare balls,is_multiword,4,4|5,0.0,0,4.160301089286804,0,0.8910930287092924,1,1,0.4334338556297024,0
52,i pull down my big flop,pull down,pull down,is_multiword,1,1|2,0.0,0,6.192395985126495,1,0.4794917851686477,1,0,0.7966618291597674,1
530,stevegay jerked off on justin's back last night,jerked off,jerked off,is_multiword,1,1|2,0.4285714285714285,0,5.025632262229919,0,0.4304182132085165,0,0,0.16271826038277595,0
530,stevegay jerked off on justin's back last night,stevegay jerked off,stevegay jerked off,is_multiword,0,0|1|2,0.4285714285714285,0,5.443773587544759,0,0.3014891147613525,0,0,0.16271826038277595,0
530,stevegay jerked off on justin's back last night,stevegay jerked,stevegay jerked,is_multiword,0,0|1,0.4285714285714285,0,6.113831400871277,0,0.874358993023634,1,0,0.4334338556297024,0
533,"what are you doing tonight? i'm gonna chang out, eating chicken fingers with four time nba all star chauncy billups",chang out,chang out,is_multiword,7,7|8,0.0,0,5.8014512459437055,0,0.7396636285508673,1,0,0.4334338556297024,0
533,"what are you doing tonight? i'm gonna chang out, eating chicken fingers with four time nba all star chauncy billups",gonna chang out,gonna chang out,is_multiword,6,6|7|8,0.0,0,3.7632066011428833,0,0.6604904417569439,0,0,0.16271826038277595,0
533,"what are you doing tonight? i'm gonna chang out, eating chicken fingers with four time nba all star chauncy billups",gonna chang,gonna chang,is_multiword,6,6|7,0.0,0,7.087401032447815,0,0.58516630033652,0,0,0.16271826038277595,0
534,that jarhead got himself blown up during his tour in iraq,jarhead got,jarhead got,is_multiword,1,1|2,0.4285714285714285,0,6.768189648787181,0,0.6963764404257138,1,0,0.4334338556297024,0
535,roflolmaomg2g is a combination of rofl lmao omg and g2g,lmao omg,lmao omg,is_multiword,8,8|9,0.0,0,3.0785828083753586,0,0.519795040289561,1,0,0.4334338556297024,0
535,roflolmaomg2g is a combination of rofl lmao omg and g2g,rofl lmao omg,rofl lmao omg,is_multiword,7,7|8|9,0.4285714285714285,0,2.675319184859594,0,0.2997550368309021,0,0,0.16271826038277595,0
535,roflolmaomg2g is a combination of rofl lmao omg and g2g,rofl lmao,rofl lmao,is_multiword,7,7|8,0.4285714285714285,0,2.0109151204427085,0,0.2962519526481628,0,0,0.16271826038277595,0
535,roflolmaomg2g is a combination of rofl lmao omg and g2g,roflolmaomg 2,roflolmaomg 2,is_multiword,0,0|1,0.5714285714285714,0,2.3870539367198944,0,0.3891574343045553,0,0,0.16271826038277595,0
53,carebear: wheres' hatter? i need his help? mike: oh well you can tell me ill help cb: no the hatter is the one i trust,carebear wheres,carebear wheres,is_multiword,0,0|1,0.4285714285714285,0,5.740065892537435,0,0.7209220764537652,1,0,0.4334338556297024,0
541,the way dan went about his work was very adairian,dan went,dan went,is_multiword,2,2|3,0.0,0,6.675920397043228,0,0.3690873384475708,0,0,0.16271826038277595,0
544,"""tom: ""jeg var helt drita i g�r",g r,g r,is_multiword,6,6|7,0.0,0,6.302787780761719,1,0.990264067426324,1,0,0.7966618291597674,1
547,i gave susan a nice helping of boston baked beans last night after dinner,nice helping,nice helping,is_multiword,4,4|5,0.0,0,2.42236328125,0,0.2453524072964986,0,0,0.16271826038277595,0
548,the bumble bee lit upon the petunia and rang the clarice,lit upon,lit upon,is_multiword,3,3|4,0.0,0,5.963787198066711,1,0.6227627992630005,0,0,0.4988185214043336,1
54,kevin: who is going on the camping trip? david: eight men only kevin: that is a real fucking cockapalooza,fucking cockapalooza,fucking cockapalooza,is_multiword,17,17|18,0.4285714285714285,0,6.9347086429595945,0,0.7144242475430171,1,0,0.4334338556297024,0
551,imma blow out blowin out yall,blowin out yall,blowin out yall,is_multiword,3,3|4|5,0.4285714285714285,0,4.310840177536011,0,0.9908419574300448,1,0,0.4334338556297024,0
551,imma blow out blowin out yall,blowin out,blowin out,is_multiword,3,3|4,0.4285714285714285,0,3.34454083442688,0,0.8099194265281161,0,0,0.16271826038277595,0
551,imma blow out blowin out yall,out blowin out yall,out blowin out yall,is_multiword,2,2|3|4|5,0.4285714285714285,0,4.071211735407512,0,0.7875227912639579,0,0,0.16271826038277595,0
551,imma blow out blowin out yall,out blowin out,out blowin out,is_multiword,2,2|3|4,0.4285714285714285,0,2.40529927611351,0,0.8850165971865257,0,0,0.16271826038277595,0
551,imma blow out blowin out yall,out blowin,out blowin,is_multiword,2,2|3,0.4285714285714285,0,3.544741223255793,0,0.7170334182058771,0,0,0.16271826038277595,0
551,imma blow out blowin out yall,out yall,out yall,is_multiword,4,4|5,0.0,0,3.916870355606079,0,0.8608140349388123,0,0,0.16271826038277595,0
554,"see that hottie over there, she is the club pump of the whole east end of town",club pump,club pump,is_multiword,8,8|9,0.0,0,9.376828908920288,0,0.2841269175211588,0,1,0.16271826038277595,0
555,"the beatles are the greatest band in the history of mankind, and if you don't agree you are either: (1) deaf; or (2) an idiot",of mankind,of mankind,is_multiword,9,9|10,0.0,0,3.6074206034342446,0,0.1862749059995015,0,0,0.16271826038277595,0
557,did you see that guy jump the grand canyon? that was soooooo anshu,soooooo anshu,soooooo anshu,is_multiword,11,11|12,0.5714285714285714,0,7.288426265120506,0,0.6533505630989869,0,0,0.16271826038277595,0
559,jalapeis is a medical affliction caused to a man when he touches jalape�o and then forgets to wash his hands before using the bathroom,jalape o,jalape o,is_multiword,12,12|13,0.4285714285714285,0,7.049277156591415,0,0.4857120215892792,0,0,0.16271826038277595,0
562,i'll hit you up on the book i'll add you on the book i messaged you on the book,up on,up on,is_multiword,3,3|4,0.0,0,0.0,0,0.7613921711842219,1,0,0.4334338556297024,0
563,you're such katherine,such katherine,such katherine,is_multiword,1,1|2,0.0,0,6.770990192890167,0,0.612972433368365,0,0,0.16271826038277595,0
563,you're such katherine,you're such katherine,you're such katherine,is_multiword,0,0|1|2,0.0,0,6.891849364553179,0,0.8303712314615647,0,0,0.16271826038277595,0
563,you're such katherine,you're such,you're such,is_multiword,0,0|1,0.0,0,6.71614283323288,0,0.9065016539146504,1,0,0.4334338556297024,0
564,"look at that guy's crotch, he's definitely a blewitt",guy's crotch,guy's crotch,is_multiword,3,3|4,0.0,0,2.23750110467275,0,0.5403009057044983,0,0,0.16271826038277595,0
566,let's go cheif a beelow,a beelow,a beelow,is_multiword,3,3|4,0.4285714285714285,0,3.200465142726898,0,0.6989360647276044,0,0,0.16271826038277595,0
566,let's go cheif a beelow,cheif a beelow,cheif a beelow,is_multiword,2,2|3|4,0.4285714285714285,0,4.589715639750163,0,0.7405958051482837,1,0,0.4334338556297024,0
566,let's go cheif a beelow,cheif a,cheif a,is_multiword,2,2|3,0.4285714285714285,0,4.968544006347656,0,0.7299943696707487,0,0,0.16271826038277595,0
575,"indie guy: i was enjoying this festival until all those biddos showed up, now it's lame",biddos showed up,biddos showed up,is_multiword,10,10|11|12,0.4285714285714285,0,5.533568441867828,0,0.654616975535949,0,0,0.16271826038277595,0
575,"indie guy: i was enjoying this festival until all those biddos showed up, now it's lame",biddos showed,biddos showed,is_multiword,10,10|11,0.4285714285714285,0,4.932874202728272,0,0.945956248169144,1,0,0.4334338556297024,0
575,"indie guy: i was enjoying this festival until all those biddos showed up, now it's lame",showed up,showed up,is_multiword,11,11|12,0.0,0,2.559307098388672,1,0.4458879729111989,0,0,0.4988185214043336,1
577,"""oh god i'm cumming ""i jacked off so hard last night, i was cumming everywhere""""",jacked off so hard,jacked off so hard,is_multiword,5,5|6|7|8,0.0,0,4.386793565750122,0,0.2752719521522522,0,0,0.16271826038277595,0
577,"""oh god i'm cumming ""i jacked off so hard last night, i was cumming everywhere""""",jacked off so,jacked off so,is_multiword,5,5|6|7,0.0,0,3.289104461669922,0,0.4174357652664184,0,0,0.16271826038277595,0
577,"""oh god i'm cumming ""i jacked off so hard last night, i was cumming everywhere""""",jacked off,jacked off,is_multiword,5,5|6,0.0,0,4.474831958611806,1,0.5376126269499462,0,0,0.4988185214043336,1
577,"""oh god i'm cumming ""i jacked off so hard last night, i was cumming everywhere""""",off so hard,off so hard,is_multiword,6,6|7|8,0.0,0,2.3348466555277505,0,0.3442911704381307,0,0,0.16271826038277595,0
577,"""oh god i'm cumming ""i jacked off so hard last night, i was cumming everywhere""""",off so,off so,is_multiword,6,6|7,0.0,0,1.0205707550048828,0,0.3631020983060201,0,0,0.16271826038277595,0
577,"""oh god i'm cumming ""i jacked off so hard last night, i was cumming everywhere""""",so hard,so hard,is_multiword,7,7|8,0.0,0,3.298046290874481,1,0.2294774850209554,0,0,0.4988185214043336,1
578,"guy 1: dude, bring the kearney tonight? guy 2: the cool girl? guy 1: no, man, you believe in those stories?? the wasabi snorter",wasabi snorter,wasabi snorter,is_multiword,22,22|23,0.4285714285714285,0,7.965023994445801,0,0.5353179474671681,1,0,0.4334338556297024,0
580,man that sorority girl has totally been bone thrown,bone thrown,bone thrown,is_multiword,7,7|8,0.0,0,6.854025840759277,0,0.7339210115994017,0,1,0.16271826038277595,0
582,"hot pie, can u please stroke my hair? i love you, hot pie",can u,can u,is_multiword,2,2|3,0.0,0,4.417202115058899,1,0.5985158532857895,1,0,0.7966618291597674,1
583,look at that bi-polar guy over there hes such an instabitch,an instabitch,an instabitch,is_multiword,9,9|10,0.4285714285714285,0,3.8611372590065,0,0.645033026734988,0,0,0.16271826038277595,0
583,look at that bi-polar guy over there hes such an instabitch,hes such an instabitch,hes such an instabitch,is_multiword,7,7|8|9|10,0.4285714285714285,0,3.682815581560135,0,0.7762533749143282,1,0,0.4334338556297024,0
583,look at that bi-polar guy over there hes such an instabitch,hes such an,hes such an,is_multiword,7,7|8|9,0.0,0,2.787993311882019,0,0.6792985896269481,0,0,0.16271826038277595,0
583,look at that bi-polar guy over there hes such an instabitch,hes such,hes such,is_multiword,7,7|8,0.0,0,2.255391359329224,0,0.6712109645207722,0,0,0.16271826038277595,0
583,look at that bi-polar guy over there hes such an instabitch,such an instabitch,such an instabitch,is_multiword,8,8|9|10,0.4285714285714285,0,3.87725692987442,1,0.6473915080229442,0,0,0.4988185214043336,1
583,look at that bi-polar guy over there hes such an instabitch,such an,such an,is_multiword,8,8|9,0.0,0,2.5172576904296875,0,0.7309296590586503,0,0,0.16271826038277595,0
585,"arsalan is a cocky bitchface, is what was written in the bathroom stall",cocky bitchface,cocky bitchface,is_multiword,3,3|4,0.4285714285714285,0,6.279558753967285,0,0.358045776685079,1,0,0.4334338556297024,0
587,when steve noticed his coors light thermometer was at super cold he decided to skip class that morning,coors light,coors light,is_multiword,4,4|5,0.4285714285714285,0,7.840798676013946,1,0.4485142628351847,0,0,0.4988185214043336,0
58,i was just about to sink the 8 ball when jeff raced up behind me and gave me an anal handshake,an anal handshake,an anal handshake,is_multiword,18,18|19|20,0.0,0,6.144437924027443,0,0.7963322624564171,0,0,0.16271826038277595,0
58,i was just about to sink the 8 ball when jeff raced up behind me and gave me an anal handshake,an anal,an anal,is_multiword,18,18|19,0.0,0,6.010847255587578,0,0.7961988179013133,0,0,0.16271826038277595,0
58,i was just about to sink the 8 ball when jeff raced up behind me and gave me an anal handshake,anal handshake,anal handshake,is_multiword,19,19|20,0.0,0,6.927814443906148,0,0.5949853857358296,0,1,0.16271826038277595,0
591,"dude, this birthday party is turning into a serious bonefestival",serious bonefestival,serious bonefestival,is_multiword,8,8|9,0.4285714285714285,0,7.150740504264832,0,0.6580604265133541,0,0,0.16271826038277595,0
592,that new music video really r0x0rs,0 rs,0 rs,is_multiword,8,8|9,0.1428571428571428,0,0.0,0,0.8996264583741626,0,0,0.16271826038277595,0
592,that new music video really r0x0rs,0 x 0 rs,0 x 0 rs,is_multiword,6,6|7|8|9,0.1428571428571428,0,0.0,0,0.813590256186823,0,0,0.16271826038277595,0
592,that new music video really r0x0rs,0 x 0,0 x 0,is_multiword,6,6|7|8,0.1428571428571428,0,0.0,0,0.9887659478311738,0,0,0.16271826038277595,0
592,that new music video really r0x0rs,0 x,0 x,is_multiword,6,6|7,0.1428571428571428,0,0.0,0,0.9660433086877068,0,0,0.16271826038277595,0
592,that new music video really r0x0rs,r 0 x 0 rs,r 0 x 0 rs,is_multiword,5,5|6|7|8|9,0.1428571428571428,0,0.0,0,0.6187115609645844,0,0,0.16271826038277595,0
592,that new music video really r0x0rs,r 0 x 0,r 0 x 0,is_multiword,5,5|6|7|8,0.1428571428571428,0,0.0,0,0.9182700927679738,0,0,0.16271826038277595,0
592,that new music video really r0x0rs,r 0 x,r 0 x,is_multiword,5,5|6|7,0.1428571428571428,0,0.0,0,0.9469984074433644,0,0,0.16271826038277595,0
592,that new music video really r0x0rs,r 0,r 0,is_multiword,5,5|6,0.1428571428571428,0,0.0,0,0.9905879134312272,1,0,0.4334338556297024,0
592,that new music video really r0x0rs,x 0 rs,x 0 rs,is_multiword,7,7|8|9,0.1428571428571428,0,0.0,0,0.9471162843207518,0,0,0.16271826038277595,0
592,that new music video really r0x0rs,x 0,x 0,is_multiword,7,7|8,0.1428571428571428,0,0.0,0,0.9742256235331296,1,0,0.4334338556297024,0
594,girl1: isn't hayley just the best friend ever? girl2: yes,hayley just,hayley just,is_multiword,3,3|4,0.0,0,3.384160876274109,1,0.5224207937717438,0,0,0.4988185214043336,1
595,ahah lilly you silly goose,ahah lilly,ahah lilly,is_multiword,0,0|1,0.4285714285714285,0,6.993631184101105,0,0.3486047585805257,0,0,0.16271826038277595,0
596,"jason: watch out for rob, he's going on a silly goose spree",goose spree,goose spree,is_multiword,10,10|11,0.0,0,6.220850884914398,1,0.7333049923181534,1,0,0.7966618291597674,1
596,"jason: watch out for rob, he's going on a silly goose spree",out for,out for,is_multiword,2,2|3,0.0,0,4.562130134552717,1,0.9081855239346625,1,0,0.7966618291597674,1
596,"jason: watch out for rob, he's going on a silly goose spree",silly goose spree,silly goose spree,is_multiword,9,9|10|11,0.0,0,5.958652933438619,0,0.3522777557373047,0,0,0.16271826038277595,0
596,"jason: watch out for rob, he's going on a silly goose spree",silly goose,silly goose,is_multiword,9,9|10,0.0,0,5.263422966003418,0,0.6129773706197739,0,1,0.16271826038277595,0
596,"jason: watch out for rob, he's going on a silly goose spree",watch out for,watch out for,is_multiword,1,1|2|3,0.0,0,3.9225438038508096,0,0.1899666786193847,0,0,0.16271826038277595,0
596,"jason: watch out for rob, he's going on a silly goose spree",watch out,watch out,is_multiword,1,1|2,0.0,0,3.324926495552063,0,0.1973393360773722,0,0,0.16271826038277595,0
598,"get your hand of my butt, you butt shark",hand of,hand of,is_multiword,2,2|3,0.0,0,3.681562453508377,0,0.5249315351247787,0,0,0.16271826038277595,0
598,"get your hand of my butt, you butt shark",your hand of,your hand of,is_multiword,1,1|2|3,0.0,0,2.7419559955596924,0,0.6149481258665521,0,0,0.16271826038277595,0
598,"get your hand of my butt, you butt shark",your hand,your hand,is_multiword,1,1|2,0.0,0,5.888384088873863,1,0.6998524429897468,1,0,0.7966618291597674,1
599,"howdy yall, i was born and raised in cape girardeau",howdy yall,howdy yall,is_multiword,0,0|1,0.0,0,7.045443534851074,1,0.2702485918998718,0,0,0.4988185214043336,1
600,yo chaz lets go to the brozonelayer and play some lax bro,lax bro,lax bro,is_multiword,10,10|11,0.0,0,6.726563652356465,0,0.5040539304415386,0,0,0.16271826038277595,0
603,dat mf is definetly a jbjb,dat mf,dat mf,is_multiword,0,0|1,0.0,0,5.451187213261922,0,0.8097778062025706,0,0,0.16271826038277595,0
604,n00blet definition: amy winehouse - another word for drunk woman,n 00,n 00,is_multiword,0,0|1,0.1428571428571428,0,5.786863660812378,0,0.6971884512652953,0,0,0.16271826038277595,0
605,"""person 1: ""look at you, wit' yo' jankity teef' and yo' gangsty face",jankity teef,jankity teef,is_multiword,7,7|8,0.4285714285714285,0,4.434719522794087,0,0.3392818172772726,0,0,0.16271826038277595,0
605,"""person 1: ""look at you, wit' yo' jankity teef' and yo' gangsty face",wit yo jankity teef,wit yo jankity teef,is_multiword,5,5|6|7|8,0.4285714285714285,0,4.64159860610962,0,0.3882513145605722,0,0,0.16271826038277595,0
605,"""person 1: ""look at you, wit' yo' jankity teef' and yo' gangsty face",wit yo jankity,wit yo jankity,is_multiword,5,5|6|7,0.4285714285714285,0,4.766789981297085,0,0.8891395380099615,1,0,0.4334338556297024,0
605,"""person 1: ""look at you, wit' yo' jankity teef' and yo' gangsty face",wit yo,wit yo,is_multiword,5,5|6,0.0,0,2.898381233215332,0,0.6607485413551331,0,0,0.16271826038277595,0
605,"""person 1: ""look at you, wit' yo' jankity teef' and yo' gangsty face",yo gangsty,yo gangsty,is_multiword,10,10|11,0.4285714285714285,0,4.950619608163834,1,0.3144209782282511,0,0,0.4988185214043336,0
605,"""person 1: ""look at you, wit' yo' jankity teef' and yo' gangsty face",yo jankity teef,yo jankity teef,is_multiword,6,6|7|8,0.4285714285714285,0,4.765934705734253,0,0.3852722644805908,0,0,0.16271826038277595,0
605,"""person 1: ""look at you, wit' yo' jankity teef' and yo' gangsty face",yo jankity,yo jankity,is_multiword,6,6|7,0.4285714285714285,0,5.34252667427063,1,0.6928662570814292,0,0,0.4988185214043336,1
606,"1: dude, i got like strike -d last night, my e-mail is jacked",got like strike,got like strike,is_multiword,3,3|4|5,0.0,0,3.2145639260609946,0,0.7986458431308469,0,0,0.16271826038277595,0
606,"1: dude, i got like strike -d last night, my e-mail is jacked",got like,got like,is_multiword,3,3|4,0.0,0,2.392541885375977,0,0.7665157951414585,0,0,0.16271826038277595,0
606,"1: dude, i got like strike -d last night, my e-mail is jacked",like strike,like strike,is_multiword,4,4|5,0.0,0,6.478958249092102,0,0.9711399003863336,1,1,0.4334338556297024,0
608,run your doohickey to type in a web address,type in,type in,is_multiword,4,4|5,0.0,0,3.6192760467529297,1,0.4416160384813944,0,0,0.4988185214043336,1
609,jim: hey dude lets go play apples to apples brett: no thanks i'd rather play quiddler,dude lets go,dude lets go,is_multiword,2,2|3|4,0.0,0,5.882192981243134,0,0.4502208332220713,0,0,0.16271826038277595,0
609,jim: hey dude lets go play apples to apples brett: no thanks i'd rather play quiddler,dude lets,dude lets,is_multiword,2,2|3,0.0,0,5.54967787861824,0,0.494479184349378,1,0,0.4334338556297024,0
609,jim: hey dude lets go play apples to apples brett: no thanks i'd rather play quiddler,lets go,lets go,is_multiword,3,3|4,0.0,0,4.954041838645935,1,0.2190602421760559,0,0,0.4988185214043336,1
60,"""flava flave is a one coon ass nigga",a one coon ass nigga,a one coon ass nigga,is_multiword,3,3|4|5|6|7,0.0,0,5.481308783803668,0,0.62281729777654,0,0,0.16271826038277595,0
60,"""flava flave is a one coon ass nigga",a one coon ass,a one coon ass,is_multiword,3,3|4|5|6,0.0,0,4.156972455978393,0,0.4742641647656759,0,0,0.16271826038277595,0
60,"""flava flave is a one coon ass nigga",a one coon,a one coon,is_multiword,3,3|4|5,0.0,0,2.999237060546875,0,0.9663473491867384,0,0,0.16271826038277595,0
60,"""flava flave is a one coon ass nigga",a one,a one,is_multiword,3,3|4,0.0,0,2.069005846977234,0,0.7871507033705711,0,0,0.16271826038277595,0
60,"""flava flave is a one coon ass nigga",ass nigga,ass nigga,is_multiword,6,6|7,0.0,0,8.653334538141886,0,0.4151975015799204,0,0,0.16271826038277595,0
60,"""flava flave is a one coon ass nigga",coon ass nigga,coon ass nigga,is_multiword,5,5|6|7,0.0,0,7.716979849338531,0,0.313395619392395,0,1,0.16271826038277595,0
60,"""flava flave is a one coon ass nigga",coon ass,coon ass,is_multiword,5,5|6,0.0,0,6.640458424886067,0,0.5718972682952881,0,0,0.16271826038277595,0
60,"""flava flave is a one coon ass nigga",flava flave is a one coon ass nigga,flava flave is a one coon ass nigga,is_multiword,0,0|1|2|3|4|5|6|7,0.4285714285714285,0,6.827130764722824,0,0.518468717734019,0,0,0.16271826038277595,0
60,"""flava flave is a one coon ass nigga",flava flave is a one coon ass,flava flave is a one coon ass,is_multiword,0,0|1|2|3|4|5|6,0.4285714285714285,0,5.096232676506043,0,0.8251798391963044,0,0,0.16271826038277595,0
60,"""flava flave is a one coon ass nigga",flava flave is a one coon,flava flave is a one coon,is_multiword,0,0|1|2|3|4|5,0.4285714285714285,0,5.559929026497735,0,0.8486186675727367,0,0,0.16271826038277595,0
60,"""flava flave is a one coon ass nigga",flava flave is a one,flava flave is a one,is_multiword,0,0|1|2|3|4,0.4285714285714285,0,5.830249922616141,0,0.7830262867112955,0,0,0.16271826038277595,0
60,"""flava flave is a one coon ass nigga",flava flave is a,flava flave is a,is_multiword,0,0|1|2|3,0.4285714285714285,0,5.962030251820882,0,0.5222548643747966,0,0,0.16271826038277595,0
60,"""flava flave is a one coon ass nigga",flava flave is,flava flave is,is_multiword,0,0|1|2,0.4285714285714285,0,5.913590335845948,0,0.8712282205621401,0,0,0.16271826038277595,0
60,"""flava flave is a one coon ass nigga",flava flave,flava flave,is_multiword,0,0|1,0.4285714285714285,0,7.073512017726898,1,0.8585494759803017,1,0,0.7966618291597674,1
60,"""flava flave is a one coon ass nigga",flave is a one coon ass nigga,flave is a one coon ass nigga,is_multiword,1,1|2|3|4|5|6|7,0.4285714285714285,0,5.83894157409668,0,0.6102363963921864,0,0,0.16271826038277595,0
60,"""flava flave is a one coon ass nigga",flave is a one coon ass,flave is a one coon ass,is_multiword,1,1|2|3|4|5|6,0.4285714285714285,0,3.913668096065521,0,0.8156707833210627,0,0,0.16271826038277595,0
60,"""flava flave is a one coon ass nigga",flave is a one coon,flave is a one coon,is_multiword,1,1|2|3|4|5,0.4285714285714285,0,3.699928777558463,0,0.8889179043471813,0,0,0.16271826038277595,0
60,"""flava flave is a one coon ass nigga",flave is a one,flave is a one,is_multiword,1,1|2|3|4,0.4285714285714285,0,3.550043725967407,0,0.8700905094544092,0,0,0.16271826038277595,0
60,"""flava flave is a one coon ass nigga",flave is a,flave is a,is_multiword,1,1|2|3,0.4285714285714285,0,3.2994099259376526,0,0.7566101004679998,0,0,0.16271826038277595,0
60,"""flava flave is a one coon ass nigga",flave is,flave is,is_multiword,1,1|2,0.4285714285714285,0,2.647333780924479,0,0.7182651578138273,0,0,0.16271826038277595,0
60,"""flava flave is a one coon ass nigga",is a one coon ass nigga,is a one coon ass nigga,is_multiword,2,2|3|4|5|6|7,0.0,0,5.7105850875377655,0,0.7446594287951787,0,0,0.16271826038277595,0
60,"""flava flave is a one coon ass nigga",is a one coon ass,is a one coon ass,is_multiword,2,2|3|4|5|6,0.0,0,5.728550573190053,0,0.8924240128447612,0,0,0.16271826038277595,0
60,"""flava flave is a one coon ass nigga",is a one coon,is a one coon,is_multiword,2,2|3|4|5,0.0,0,4.1259432554245,0,0.9716724750275412,1,0,0.4334338556297024,0
60,"""flava flave is a one coon ass nigga",is a one,is a one,is_multiword,2,2|3|4,0.0,0,3.4619764486948648,0,0.3625826835632324,0,0,0.16271826038277595,0
60,"""flava flave is a one coon ass nigga",is a,is a,is_multiword,2,2|3,0.0,0,2.095338702201844,1,0.7589801357438167,0,0,0.4988185214043336,1
60,"""flava flave is a one coon ass nigga",one coon ass nigga,one coon ass nigga,is_multiword,4,4|5|6|7,0.0,0,7.391582240660985,0,0.5722571462392807,0,0,0.16271826038277595,0
60,"""flava flave is a one coon ass nigga",one coon ass,one coon ass,is_multiword,4,4|5|6,0.0,0,5.89846408367157,0,0.6577256123224895,0,0,0.16271826038277595,0
60,"""flava flave is a one coon ass nigga",one coon,one coon,is_multiword,4,4|5,0.0,0,5.2599462668101,0,0.6622321903705597,0,0,0.16271826038277595,0
614,i just just hit the p o e,o e,o e,is_multiword,6,6|7,0.0,0,5.888847231864929,1,0.8321415626754364,0,0,0.4988185214043336,1
614,i just just hit the p o e,p o e,p o e,is_multiword,5,5|6|7,0.0,0,5.36974589029948,0,0.9520648745819926,0,1,0.16271826038277595,0
614,i just just hit the p o e,p o,p o,is_multiword,5,5|6,0.0,0,3.957597613334656,0,0.7417376240094502,0,0,0.16271826038277595,0
615,tu est une coq phoque (they didn't let me use caps lok on dis part *rolls eyes*),caps lok,caps lok,is_multiword,10,10|11,0.0,0,6.50472887357076,0,0.8870486859232187,0,0,0.16271826038277595,0
615,tu est une coq phoque (they didn't let me use caps lok on dis part *rolls eyes*),coq phoque,coq phoque,is_multiword,3,3|4,0.4285714285714285,0,5.7830963134765625,0,0.7676775800064206,0,1,0.16271826038277595,0
615,tu est une coq phoque (they didn't let me use caps lok on dis part *rolls eyes*),est une coq phoque,est une coq phoque,is_multiword,1,1|2|3|4,0.4285714285714285,0,6.813357651233673,0,0.9754263432696462,1,0,0.4334338556297024,0
615,tu est une coq phoque (they didn't let me use caps lok on dis part *rolls eyes*),est une coq,est une coq,is_multiword,1,1|2|3,0.4285714285714285,0,6.355236887931824,0,0.797773242307206,0,0,0.16271826038277595,0
615,tu est une coq phoque (they didn't let me use caps lok on dis part *rolls eyes*),est une,est une,is_multiword,1,1|2,0.0,0,5.704454183578491,0,0.693330532560746,0,0,0.16271826038277595,0
615,tu est une coq phoque (they didn't let me use caps lok on dis part *rolls eyes*),tu est une coq phoque,tu est une coq phoque,is_multiword,0,0|1|2|3|4,0.4285714285714285,0,7.053809131894793,1,0.7846499138201276,0,0,0.4988185214043336,1
615,tu est une coq phoque (they didn't let me use caps lok on dis part *rolls eyes*),tu est une coq,tu est une coq,is_multiword,0,0|1|2|3,0.4285714285714285,0,6.007474803924561,0,0.3996697763601938,0,0,0.16271826038277595,0
615,tu est une coq phoque (they didn't let me use caps lok on dis part *rolls eyes*),tu est une,tu est une,is_multiword,0,0|1|2,0.0,0,5.984598954518636,0,0.4988949994246164,0,0,0.16271826038277595,0
615,tu est une coq phoque (they didn't let me use caps lok on dis part *rolls eyes*),tu est,tu est,is_multiword,0,0|1,0.0,0,6.362760484218597,0,0.223699410756429,0,0,0.16271826038277595,0
615,tu est une coq phoque (they didn't let me use caps lok on dis part *rolls eyes*),une coq phoque,une coq phoque,is_multiword,2,2|3|4,0.4285714285714285,0,5.114039325714112,0,0.876746433476607,0,0,0.16271826038277595,0
615,tu est une coq phoque (they didn't let me use caps lok on dis part *rolls eyes*),une coq,une coq,is_multiword,2,2|3,0.4285714285714285,0,5.230585813522339,0,0.8533794935792685,0,0,0.16271826038277595,0
618,all aboard the blozzcopter guys,all aboard,all aboard,is_multiword,0,0|1,0.0,0,5.43606956799825,0,0.4329335888226827,0,0,0.16271826038277595,0
618,all aboard the blozzcopter guys,blozzcopter guys,blozzcopter guys,is_multiword,3,3|4,0.4285714285714285,0,6.9993500232696535,0,0.6083565435061853,1,0,0.4334338556297024,0
619,dude was wearing a shrink to fit that emphasized his mits,shrink to,shrink to,is_multiword,4,4|5,0.0,0,5.487346609433492,0,0.5198133587837219,0,0,0.16271826038277595,0
622,serouj spills blig juice on bitches face,serouj spills blig,serouj spills blig,is_multiword,0,0|1|2,0.4285714285714285,0,5.327152797154018,0,0.265236755212148,0,0,0.16271826038277595,0
622,serouj spills blig juice on bitches face,serouj spills,serouj spills,is_multiword,0,0|1,0.4285714285714285,0,4.86201024055481,0,0.6336199004823964,0,0,0.16271826038277595,0
622,serouj spills blig juice on bitches face,spills blig,spills blig,is_multiword,1,1|2,0.4285714285714285,0,4.111391007900238,0,0.313387930393219,0,0,0.16271826038277595,0
623,"dude, that dealy bopper is so punkin'",dealy bopper,dealy bopper,is_multiword,2,2|3,0.4285714285714285,0,6.596436589956284,0,0.7414194320638974,0,0,0.16271826038277595,0
623,"dude, that dealy bopper is so punkin'",so punkin,so punkin,is_multiword,5,5|6,0.4285714285714285,0,5.381300290425618,0,0.8317854776978493,1,0,0.4334338556297024,0
625,"""that bitch be fellin ""the moment we broke up she started fellin"" ""she's fellin all over the place""""",all over,all over,is_multiword,14,14|15,0.0,0,1.876180648803711,0,0.4269253611564636,0,0,0.16271826038277595,0
625,"""that bitch be fellin ""the moment we broke up she started fellin"" ""she's fellin all over the place""""",fellin all over,fellin all over,is_multiword,13,13|14|15,0.4285714285714285,0,4.075386315584183,1,0.6801151235898335,0,0,0.4988185214043336,1
625,"""that bitch be fellin ""the moment we broke up she started fellin"" ""she's fellin all over the place""""",fellin all,fellin all,is_multiword,13,13|14,0.4285714285714285,0,1.3450687726338704,0,0.8005575786034266,0,0,0.16271826038277595,0
625,"""that bitch be fellin ""the moment we broke up she started fellin"" ""she's fellin all over the place""""",fellin she's fellin all over,fellin she's fellin all over,is_multiword,11,11|12|13|14|15,0.4285714285714285,0,4.453674329651727,0,0.5104786058266957,0,0,0.16271826038277595,0
625,"""that bitch be fellin ""the moment we broke up she started fellin"" ""she's fellin all over the place""""",fellin she's fellin all,fellin she's fellin all,is_multiword,11,11|12|13|14,0.4285714285714285,0,4.830499514937401,0,0.8718052034576734,0,0,0.16271826038277595,0
625,"""that bitch be fellin ""the moment we broke up she started fellin"" ""she's fellin all over the place""""",fellin she's fellin,fellin she's fellin,is_multiword,11,11|12|13,0.4285714285714285,0,5.097159283501761,0,0.7055240509410698,0,0,0.16271826038277595,0
625,"""that bitch be fellin ""the moment we broke up she started fellin"" ""she's fellin all over the place""""",fellin she's,fellin she's,is_multiword,11,11|12,0.4285714285714285,0,6.332550895214081,1,0.8707042324046294,0,0,0.4988185214043336,0
625,"""that bitch be fellin ""the moment we broke up she started fellin"" ""she's fellin all over the place""""",she's fellin all over,she's fellin all over,is_multiword,12,12|13|14|15,0.4285714285714285,0,2.36808180809021,0,0.957610654644668,1,0,0.4334338556297024,0
625,"""that bitch be fellin ""the moment we broke up she started fellin"" ""she's fellin all over the place""""",she's fellin all,she's fellin all,is_multiword,12,12|13|14,0.4285714285714285,0,1.8040071725845337,0,0.9377040068308512,0,0,0.16271826038277595,0
625,"""that bitch be fellin ""the moment we broke up she started fellin"" ""she's fellin all over the place""""",she's fellin,she's fellin,is_multiword,12,12|13,0.4285714285714285,0,1.032684326171875,0,0.820242074628671,0,0,0.16271826038277595,0
627,he jizzed in her face bapfc style,bapfc style,bapfc style,is_multiword,5,5|6,0.4285714285714285,0,8.082659721374512,0,0.4722200532754262,1,0,0.4334338556297024,0
627,he jizzed in her face bapfc style,jizzed in,jizzed in,is_multiword,1,1|2,0.4285714285714285,0,4.671831965446472,0,0.3036807576815287,0,0,0.16271826038277595,0
628,u tryin to baylaze tonight b,u tryin,u tryin,is_multiword,0,0|1,0.0,0,4.989307562510173,0,0.140917976697286,0,0,0.16271826038277595,0
630,hey dude lets have the 5 to 5 at your house next week,dude lets have the,dude lets have the,is_multiword,1,1|2|3|4,0.0,0,3.107689619064331,0,0.1097055276234945,0,0,0.16271826038277595,0
630,hey dude lets have the 5 to 5 at your house next week,dude lets have,dude lets have,is_multiword,1,1|2|3,0.0,0,3.56013412475586,0,0.4260671337445577,0,0,0.16271826038277595,0
630,hey dude lets have the 5 to 5 at your house next week,dude lets,dude lets,is_multiword,1,1|2,0.0,0,5.045260578393936,0,0.2905770142873128,0,0,0.16271826038277595,0
630,hey dude lets have the 5 to 5 at your house next week,have the,have the,is_multiword,3,3|4,0.0,0,1.7017059326171875,0,0.3904954592386881,0,0,0.16271826038277595,0
630,hey dude lets have the 5 to 5 at your house next week,hey dude lets have the,hey dude lets have the,is_multiword,0,0|1|2|3|4,0.0,0,4.8578604970659525,0,0.3494372169176737,0,0,0.16271826038277595,0
630,hey dude lets have the 5 to 5 at your house next week,hey dude lets have,hey dude lets have,is_multiword,0,0|1|2|3,0.0,0,5.275002062320709,0,0.2567542990048727,0,0,0.16271826038277595,0
630,hey dude lets have the 5 to 5 at your house next week,hey dude lets,hey dude lets,is_multiword,0,0|1|2,0.0,0,6.125308299064637,0,0.3080843687057495,1,0,0.4334338556297024,0
630,hey dude lets have the 5 to 5 at your house next week,hey dude,hey dude,is_multiword,0,0|1,0.0,0,6.611238996187846,1,0.1236020922660827,0,0,0.4988185214043336,1
630,hey dude lets have the 5 to 5 at your house next week,lets have the,lets have the,is_multiword,2,2|3|4,0.0,0,2.171329528093338,0,0.2208476662635803,0,0,0.16271826038277595,0
630,hey dude lets have the 5 to 5 at your house next week,lets have,lets have,is_multiword,2,2|3,0.0,0,2.17611571153005,0,0.5204345683256786,0,0,0.16271826038277595,0
633,252 area code new bern north carolina nigers quief kike dyke cunt porch monkey mother fucker big lips cross eyed nigger,252 area code new bern north carolina nigers quief kike dyke cunt porch monkey mother fucker big lips cross eyed nigger,252 area code new bern north carolina nigers quief kike dyke cunt porch monkey mother fucker big lips cross eyed nigger,is_multiword,0,0|1|2|3|4|5|6|7|8|9|10|11|12|13|14|15|16|17|18|19|20,0.5714285714285714,0,6.627010419088252,0,0.9886079467833042,0,0,0.16271826038277595,0
633,252 area code new bern north carolina nigers quief kike dyke cunt porch monkey mother fucker big lips cross eyed nigger,252 area code new bern north carolina nigers quief kike dyke cunt porch monkey mother fucker big lips cross eyed,252 area code new bern north carolina nigers quief kike dyke cunt porch monkey mother fucker big lips cross eyed,is_multiword,0,0|1|2|3|4|5|6|7|8|9|10|11|12|13|14|15|16|17|18|19,0.5714285714285714,0,5.763351276516914,0,0.9886079467833042,0,0,0.16271826038277595,0
633,252 area code new bern north carolina nigers quief kike dyke cunt porch monkey mother fucker big lips cross eyed nigger,252 area code new bern north carolina nigers quief kike dyke cunt porch monkey mother fucker big lips cross,252 area code new bern north carolina nigers quief kike dyke cunt porch monkey mother fucker big lips cross,is_multiword,0,0|1|2|3|4|5|6|7|8|9|10|11|12|13|14|15|16|17|18,0.5714285714285714,0,5.450773040453593,0,0.8441092154632012,0,0,0.16271826038277595,0
633,252 area code new bern north carolina nigers quief kike dyke cunt porch monkey mother fucker big lips cross eyed nigger,252 area code new bern north carolina nigers quief kike dyke cunt porch monkey mother fucker big lips,252 area code new bern north carolina nigers quief kike dyke cunt porch monkey mother fucker big lips,is_multiword,0,0|1|2|3|4|5|6|7|8|9|10|11|12|13|14|15|16|17,0.5714285714285714,0,5.483831956468779,0,0.9886079467833042,0,0,0.16271826038277595,0
633,252 area code new bern north carolina nigers quief kike dyke cunt porch monkey mother fucker big lips cross eyed nigger,252 area code new bern north carolina nigers quief kike dyke cunt porch monkey mother fucker big,252 area code new bern north carolina nigers quief kike dyke cunt porch monkey mother fucker big,is_multiword,0,0|1|2|3|4|5|6|7|8|9|10|11|12|13|14|15|16,0.5714285714285714,0,4.911739953926632,0,0.900982123799622,0,0,0.16271826038277595,0
633,252 area code new bern north carolina nigers quief kike dyke cunt porch monkey mother fucker big lips cross eyed nigger,252 area code new bern north carolina nigers quief kike dyke cunt porch monkey mother fucker,252 area code new bern north carolina nigers quief kike dyke cunt porch monkey mother fucker,is_multiword,0,0|1|2|3|4|5|6|7|8|9|10|11|12|13|14|15,0.5714285714285714,0,5.110023931220725,0,0.8721120447541276,0,0,0.16271826038277595,0
633,252 area code new bern north carolina nigers quief kike dyke cunt porch monkey mother fucker big lips cross eyed nigger,252 area code new bern north carolina nigers quief kike dyke cunt porch monkey mother,252 area code new bern north carolina nigers quief kike dyke cunt porch monkey mother,is_multiword,0,0|1|2|3|4|5|6|7|8|9|10|11|12|13|14,0.5714285714285714,0,5.079729356765747,0,0.931438684773942,0,0,0.16271826038277595,0
633,252 area code new bern north carolina nigers quief kike dyke cunt porch monkey mother fucker big lips cross eyed nigger,252 area code new bern north carolina nigers quief kike dyke cunt porch monkey,252 area code new bern north carolina nigers quief kike dyke cunt porch monkey,is_multiword,0,0|1|2|3|4|5|6|7|8|9|10|11|12|13,0.5714285714285714,0,5.12703142563502,0,0.9347650309403738,0,0,0.16271826038277595,0
633,252 area code new bern north carolina nigers quief kike dyke cunt porch monkey mother fucker big lips cross eyed nigger,252 area code new bern north carolina nigers quief kike dyke cunt porch,252 area code new bern north carolina nigers quief kike dyke cunt porch,is_multiword,0,0|1|2|3|4|5|6|7|8|9|10|11|12,0.5714285714285714,0,4.970149061896584,0,0.931438684773942,0,0,0.16271826038277595,0
633,252 area code new bern north carolina nigers quief kike dyke cunt porch monkey mother fucker big lips cross eyed nigger,252 area code new bern north carolina nigers quief kike dyke cunt,252 area code new bern north carolina nigers quief kike dyke cunt,is_multiword,0,0|1|2|3|4|5|6|7|8|9|10|11,0.5714285714285714,0,5.267171800136566,0,0.8384413955112299,0,0,0.16271826038277595,0
633,252 area code new bern north carolina nigers quief kike dyke cunt porch monkey mother fucker big lips cross eyed nigger,252 area code new bern north carolina nigers quief kike dyke,252 area code new bern north carolina nigers quief kike dyke,is_multiword,0,0|1|2|3|4|5|6|7|8|9|10,0.5714285714285714,0,5.308351172341241,0,0.7861636942252517,0,0,0.16271826038277595,0
633,252 area code new bern north carolina nigers quief kike dyke cunt porch monkey mother fucker big lips cross eyed nigger,252 area code new bern north carolina nigers quief kike,252 area code new bern north carolina nigers quief kike,is_multiword,0,0|1|2|3|4|5|6|7|8|9,0.5714285714285714,0,5.277153760194778,0,0.7861636942252517,0,0,0.16271826038277595,0
633,252 area code new bern north carolina nigers quief kike dyke cunt porch monkey mother fucker big lips cross eyed nigger,252 area code new bern north carolina nigers quief,252 area code new bern north carolina nigers quief,is_multiword,0,0|1|2|3|4|5|6|7|8,0.5714285714285714,0,5.68032203401838,0,0.7586322541659077,0,0,0.16271826038277595,0
633,252 area code new bern north carolina nigers quief kike dyke cunt porch monkey mother fucker big lips cross eyed nigger,252 area code new bern north carolina nigers,252 area code new bern north carolina nigers,is_multiword,0,0|1|2|3|4|5|6|7,0.5714285714285714,0,5.266540726025899,0,0.3940335611502329,0,0,0.16271826038277595,0
633,252 area code new bern north carolina nigers quief kike dyke cunt porch monkey mother fucker big lips cross eyed nigger,252 area code new bern north carolina,252 area code new bern north carolina,is_multiword,0,0|1|2|3|4|5|6,0.1428571428571428,0,5.959162259101868,0,0.1946329673131307,0,0,0.16271826038277595,0
633,252 area code new bern north carolina nigers quief kike dyke cunt porch monkey mother fucker big lips cross eyed nigger,252 area code new bern north,252 area code new bern north,is_multiword,0,0|1|2|3|4|5,0.1428571428571428,0,4.145055711269379,0,0.2013923327128092,0,0,0.16271826038277595,0
633,252 area code new bern north carolina nigers quief kike dyke cunt porch monkey mother fucker big lips cross eyed nigger,252 area code new bern,252 area code new bern,is_multiword,0,0|1|2|3|4,0.1428571428571428,0,4.697210039411273,0,0.2406962911287943,0,0,0.16271826038277595,0
633,252 area code new bern north carolina nigers quief kike dyke cunt porch monkey mother fucker big lips cross eyed nigger,252 area code new,252 area code new,is_multiword,0,0|1|2|3,0.1428571428571428,0,5.372089529037476,0,0.2494473656018575,0,0,0.16271826038277595,0
633,252 area code new bern north carolina nigers quief kike dyke cunt porch monkey mother fucker big lips cross eyed nigger,252 area code,252 area code,is_multiword,0,0|1|2,0.1428571428571428,0,5.838371753692627,0,0.2300261457761129,0,0,0.16271826038277595,0
633,252 area code new bern north carolina nigers quief kike dyke cunt porch monkey mother fucker big lips cross eyed nigger,252 area,252 area,is_multiword,0,0|1,0.1428571428571428,0,5.848271787166596,0,0.4103036224842071,0,0,0.16271826038277595,0
633,252 area code new bern north carolina nigers quief kike dyke cunt porch monkey mother fucker big lips cross eyed nigger,area code new bern north carolina nigers quief kike dyke cunt porch monkey mother fucker big lips cross eyed nigger,area code new bern north carolina nigers quief kike dyke cunt porch monkey mother fucker big lips cross eyed nigger,is_multiword,1,1|2|3|4|5|6|7|8|9|10|11|12|13|14|15|16|17|18|19|20,0.4285714285714285,0,6.7323111072182655,0,0.8085997303326925,0,0,0.16271826038277595,0
633,252 area code new bern north carolina nigers quief kike dyke cunt porch monkey mother fucker big lips cross eyed nigger,area code new bern north carolina nigers quief kike dyke cunt porch monkey mother fucker big lips cross eyed,area code new bern north carolina nigers quief kike dyke cunt porch monkey mother fucker big lips cross eyed,is_multiword,1,1|2|3|4|5|6|7|8|9|10|11|12|13|14|15|16|17|18|19,0.4285714285714285,0,5.762771964073181,0,0.9906995280956228,1,0,0.4334338556297024,0
633,252 area code new bern north carolina nigers quief kike dyke cunt porch monkey mother fucker big lips cross eyed nigger,area code new bern north carolina nigers quief kike dyke cunt porch monkey mother fucker big lips cross,area code new bern north carolina nigers quief kike dyke cunt porch monkey mother fucker big lips cross,is_multiword,1,1|2|3|4|5|6|7|8|9|10|11|12|13|14|15|16|17|18,0.4285714285714285,0,5.469393048967634,0,0.9877151173229018,0,0,0.16271826038277595,0
633,252 area code new bern north carolina nigers quief kike dyke cunt porch monkey mother fucker big lips cross eyed nigger,area code new bern north carolina nigers quief kike dyke cunt porch monkey mother fucker big lips,area code new bern north carolina nigers quief kike dyke cunt porch monkey mother fucker big lips,is_multiword,1,1|2|3|4|5|6|7|8|9|10|11|12|13|14|15|16|17,0.4285714285714285,0,5.50316623405174,0,0.9906995280956228,0,0,0.16271826038277595,0
633,252 area code new bern north carolina nigers quief kike dyke cunt porch monkey mother fucker big lips cross eyed nigger,area code new bern north carolina nigers quief kike dyke cunt porch monkey mother fucker big,area code new bern north carolina nigers quief kike dyke cunt porch monkey mother fucker big,is_multiword,1,1|2|3|4|5|6|7|8|9|10|11|12|13|14|15|16,0.4285714285714285,0,5.0535972485175495,0,0.9877151173229018,0,0,0.16271826038277595,0
633,252 area code new bern north carolina nigers quief kike dyke cunt porch monkey mother fucker big lips cross eyed nigger,area code new bern north carolina nigers quief kike dyke cunt porch monkey mother fucker,area code new bern north carolina nigers quief kike dyke cunt porch monkey mother fucker,is_multiword,1,1|2|3|4|5|6|7|8|9|10|11|12|13|14|15,0.4285714285714285,0,5.335329170227051,0,0.9877151173229018,0,0,0.16271826038277595,0
633,252 area code new bern north carolina nigers quief kike dyke cunt porch monkey mother fucker big lips cross eyed nigger,area code new bern north carolina nigers quief kike dyke cunt porch monkey mother,area code new bern north carolina nigers quief kike dyke cunt porch monkey mother,is_multiword,1,1|2|3|4|5|6|7|8|9|10|11|12|13|14,0.4285714285714285,0,5.346629225689432,0,0.979905035967628,0,0,0.16271826038277595,0
633,252 area code new bern north carolina nigers quief kike dyke cunt porch monkey mother fucker big lips cross eyed nigger,area code new bern north carolina nigers quief kike dyke cunt porch monkey,area code new bern north carolina nigers quief kike dyke cunt porch monkey,is_multiword,1,1|2|3|4|5|6|7|8|9|10|11|12|13,0.4285714285714285,0,5.405997568910772,0,0.979905035967628,0,0,0.16271826038277595,0
633,252 area code new bern north carolina nigers quief kike dyke cunt porch monkey mother fucker big lips cross eyed nigger,area code new bern north carolina nigers quief kike dyke cunt porch,area code new bern north carolina nigers quief kike dyke cunt porch,is_multiword,1,1|2|3|4|5|6|7|8|9|10|11|12,0.4285714285714285,0,5.208716607093811,0,0.9785653672491512,0,0,0.16271826038277595,0
633,252 area code new bern north carolina nigers quief kike dyke cunt porch monkey mother fucker big lips cross eyed nigger,area code new bern north carolina nigers quief kike dyke cunt,area code new bern north carolina nigers quief kike dyke cunt,is_multiword,1,1|2|3|4|5|6|7|8|9|10|11,0.4285714285714285,0,5.497278915511237,0,0.9785653672491512,0,0,0.16271826038277595,0
633,252 area code new bern north carolina nigers quief kike dyke cunt porch monkey mother fucker big lips cross eyed nigger,area code new bern north carolina nigers quief kike dyke,area code new bern north carolina nigers quief kike dyke,is_multiword,1,1|2|3|4|5|6|7|8|9|10,0.4285714285714285,0,5.550759091973305,0,0.9785653672491512,0,0,0.16271826038277595,0
633,252 area code new bern north carolina nigers quief kike dyke cunt porch monkey mother fucker big lips cross eyed nigger,area code new bern north carolina nigers quief kike,area code new bern north carolina nigers quief kike,is_multiword,1,1|2|3|4|5|6|7|8|9,0.4285714285714285,0,5.486729213169643,0,0.979905035967628,0,0,0.16271826038277595,0
633,252 area code new bern north carolina nigers quief kike dyke cunt porch monkey mother fucker big lips cross eyed nigger,area code new bern north carolina nigers quief,area code new bern north carolina nigers quief,is_multiword,1,1|2|3|4|5|6|7|8,0.4285714285714285,0,5.97586836417516,0,0.8638969150682291,0,0,0.16271826038277595,0
633,252 area code new bern north carolina nigers quief kike dyke cunt porch monkey mother fucker big lips cross eyed nigger,area code new bern north carolina nigers,area code new bern north carolina nigers,is_multiword,1,1|2|3|4|5|6|7,0.4285714285714285,0,5.527827048301697,0,0.9615470937763652,0,0,0.16271826038277595,0
633,252 area code new bern north carolina nigers quief kike dyke cunt porch monkey mother fucker big lips cross eyed nigger,area code new bern north carolina,area code new bern north carolina,is_multiword,1,1|2|3|4|5|6,0.0,0,6.104216575622559,0,0.4058327277501424,0,0,0.16271826038277595,0
633,252 area code new bern north carolina nigers quief kike dyke cunt porch monkey mother fucker big lips cross eyed nigger,area code new bern north,area code new bern north,is_multiword,1,1|2|3|4|5,0.0,0,3.947505633036296,0,0.2446082830429077,0,0,0.16271826038277595,0
633,252 area code new bern north carolina nigers quief kike dyke cunt porch monkey mother fucker big lips cross eyed nigger,area code new bern,area code new bern,is_multiword,1,1|2|3|4,0.0,0,4.509282541275025,0,0.2025651931762695,0,0,0.16271826038277595,0
633,252 area code new bern north carolina nigers quief kike dyke cunt porch monkey mother fucker big lips cross eyed nigger,area code new,area code new,is_multiword,1,1|2|3,0.0,0,5.227039098739624,0,0.4518889089425405,0,0,0.16271826038277595,0
633,252 area code new bern north carolina nigers quief kike dyke cunt porch monkey mother fucker big lips cross eyed nigger,area code,area code,is_multiword,1,1|2,0.0,0,6.428894877433777,0,0.2960073550542196,0,0,0.16271826038277595,0
633,252 area code new bern north carolina nigers quief kike dyke cunt porch monkey mother fucker big lips cross eyed nigger,bern north carolina nigers quief kike dyke cunt porch monkey mother fucker big lips cross eyed nigger,bern north carolina nigers quief kike dyke cunt porch monkey mother fucker big lips cross eyed nigger,is_multiword,4,4|5|6|7|8|9|10|11|12|13|14|15|16|17|18|19|20,0.4285714285714285,0,6.221704968090715,0,0.9740041472638646,0,0,0.16271826038277595,0
633,252 area code new bern north carolina nigers quief kike dyke cunt porch monkey mother fucker big lips cross eyed nigger,bern north carolina nigers quief kike dyke cunt porch monkey mother fucker big lips cross eyed,bern north carolina nigers quief kike dyke cunt porch monkey mother fucker big lips cross eyed,is_multiword,4,4|5|6|7|8|9|10|11|12|13|14|15|16|17|18|19,0.4285714285714285,0,5.277172397684168,0,0.9366232796261708,0,0,0.16271826038277595,0
633,252 area code new bern north carolina nigers quief kike dyke cunt porch monkey mother fucker big lips cross eyed nigger,bern north carolina nigers quief kike dyke cunt porch monkey mother fucker big lips cross,bern north carolina nigers quief kike dyke cunt porch monkey mother fucker big lips cross,is_multiword,4,4|5|6|7|8|9|10|11|12|13|14|15|16|17|18,0.4285714285714285,0,5.150021238327026,0,0.9641589941456914,0,0,0.16271826038277595,0
633,252 area code new bern north carolina nigers quief kike dyke cunt porch monkey mother fucker big lips cross eyed nigger,bern north carolina nigers quief kike dyke cunt porch monkey mother fucker big lips,bern north carolina nigers quief kike dyke cunt porch monkey mother fucker big lips,is_multiword,4,4|5|6|7|8|9|10|11|12|13|14|15|16|17,0.4285714285714285,0,5.112574537595113,0,0.974981280354162,0,0,0.16271826038277595,0
633,252 area code new bern north carolina nigers quief kike dyke cunt porch monkey mother fucker big lips cross eyed nigger,bern north carolina nigers quief kike dyke cunt porch monkey mother fucker big,bern north carolina nigers quief kike dyke cunt porch monkey mother fucker big,is_multiword,4,4|5|6|7|8|9|10|11|12|13|14|15|16,0.4285714285714285,0,4.823495465776195,0,0.9641590425744652,0,0,0.16271826038277595,0
633,252 area code new bern north carolina nigers quief kike dyke cunt porch monkey mother fucker big lips cross eyed nigger,bern north carolina nigers quief kike dyke cunt porch monkey mother fucker,bern north carolina nigers quief kike dyke cunt porch monkey mother fucker,is_multiword,4,4|5|6|7|8|9|10|11|12|13|14|15,0.4285714285714285,0,5.037254040891474,0,0.9882292229061326,0,0,0.16271826038277595,0
633,252 area code new bern north carolina nigers quief kike dyke cunt porch monkey mother fucker big lips cross eyed nigger,bern north carolina nigers quief kike dyke cunt porch monkey mother,bern north carolina nigers quief kike dyke cunt porch monkey mother,is_multiword,4,4|5|6|7|8|9|10|11|12|13|14,0.4285714285714285,0,5.147913980484009,0,0.976517935593923,0,0,0.16271826038277595,0
633,252 area code new bern north carolina nigers quief kike dyke cunt porch monkey mother fucker big lips cross eyed nigger,bern north carolina nigers quief kike dyke cunt porch monkey,bern north carolina nigers quief kike dyke cunt porch monkey,is_multiword,4,4|5|6|7|8|9|10|11|12|13,0.4285714285714285,0,5.1788655582227205,0,0.9637500053892532,0,0,0.16271826038277595,0
633,252 area code new bern north carolina nigers quief kike dyke cunt porch monkey mother fucker big lips cross eyed nigger,bern north carolina nigers quief kike dyke cunt porch,bern north carolina nigers quief kike dyke cunt porch,is_multiword,4,4|5|6|7|8|9|10|11|12,0.4285714285714285,0,4.874008382067961,0,0.9627420402442416,0,0,0.16271826038277595,0
633,252 area code new bern north carolina nigers quief kike dyke cunt porch monkey mother fucker big lips cross eyed nigger,bern north carolina nigers quief kike dyke cunt,bern north carolina nigers quief kike dyke cunt,is_multiword,4,4|5|6|7|8|9|10|11,0.4285714285714285,0,5.14068919022878,0,0.970290799625218,0,0,0.16271826038277595,0
633,252 area code new bern north carolina nigers quief kike dyke cunt porch monkey mother fucker big lips cross eyed nigger,bern north carolina nigers quief kike dyke,bern north carolina nigers quief kike dyke,is_multiword,4,4|5|6|7|8|9|10,0.4285714285714285,0,5.187928456526536,0,0.9732029478376112,0,0,0.16271826038277595,0
633,252 area code new bern north carolina nigers quief kike dyke cunt porch monkey mother fucker big lips cross eyed nigger,bern north carolina nigers quief kike,bern north carolina nigers quief kike,is_multiword,4,4|5|6|7|8|9,0.4285714285714285,0,5.106596491553566,0,0.9725237203141054,0,0,0.16271826038277595,0
633,252 area code new bern north carolina nigers quief kike dyke cunt porch monkey mother fucker big lips cross eyed nigger,bern north carolina nigers quief,bern north carolina nigers quief,is_multiword,4,4|5|6|7|8,0.4285714285714285,0,5.826870414945814,0,0.967209530994296,0,0,0.16271826038277595,0
633,252 area code new bern north carolina nigers quief kike dyke cunt porch monkey mother fucker big lips cross eyed nigger,bern north carolina nigers,bern north carolina nigers,is_multiword,4,4|5|6|7,0.4285714285714285,0,5.364536966596331,0,0.859812682804962,0,0,0.16271826038277595,0
633,252 area code new bern north carolina nigers quief kike dyke cunt porch monkey mother fucker big lips cross eyed nigger,bern north carolina,bern north carolina,is_multiword,4,4|5|6,0.0,0,6.323988580703736,0,0.6721090637147427,0,0,0.16271826038277595,0
633,252 area code new bern north carolina nigers quief kike dyke cunt porch monkey mother fucker big lips cross eyed nigger,bern north,bern north,is_multiword,4,4|5,0.0,0,3.1728705962498984,0,0.8436030553032955,0,0,0.16271826038277595,0
633,252 area code new bern north carolina nigers quief kike dyke cunt porch monkey mother fucker big lips cross eyed nigger,big lips cross eyed nigger,big lips cross eyed nigger,is_multiword,16,16|17|18|19|20,0.0,0,4.292112759181431,0,0.8529569121698538,0,0,0.16271826038277595,0
633,252 area code new bern north carolina nigers quief kike dyke cunt porch monkey mother fucker big lips cross eyed nigger,big lips cross eyed,big lips cross eyed,is_multiword,16,16|17|18|19,0.0,0,3.594915437698364,0,0.945315713994205,0,0,0.16271826038277595,0
633,252 area code new bern north carolina nigers quief kike dyke cunt porch monkey mother fucker big lips cross eyed nigger,big lips cross,big lips cross,is_multiword,16,16|17|18,0.0,0,4.921031832695007,0,0.8054459995279709,0,0,0.16271826038277595,0
633,252 area code new bern north carolina nigers quief kike dyke cunt porch monkey mother fucker big lips cross eyed nigger,big lips,big lips,is_multiword,16,16|17,0.0,0,3.736884951591492,0,0.7552258580302199,0,0,0.16271826038277595,0
633,252 area code new bern north carolina nigers quief kike dyke cunt porch monkey mother fucker big lips cross eyed nigger,carolina nigers quief kike dyke cunt porch monkey mother fucker big lips cross eyed nigger,carolina nigers quief kike dyke cunt porch monkey mother fucker big lips cross eyed nigger,is_multiword,6,6|7|8|9|10|11|12|13|14|15|16|17|18|19|20,0.4285714285714285,0,6.063222339520087,0,0.8178855841979384,0,0,0.16271826038277595,0
633,252 area code new bern north carolina nigers quief kike dyke cunt porch monkey mother fucker big lips cross eyed nigger,carolina nigers quief kike dyke cunt porch monkey mother fucker big lips cross eyed,carolina nigers quief kike dyke cunt porch monkey mother fucker big lips cross eyed,is_multiword,6,6|7|8|9|10|11|12|13|14|15|16|17|18|19,0.4285714285714285,0,5.209923605124156,0,0.825088913862904,0,0,0.16271826038277595,0
633,252 area code new bern north carolina nigers quief kike dyke cunt porch monkey mother fucker big lips cross eyed nigger,carolina nigers quief kike dyke cunt porch monkey mother fucker big lips cross,carolina nigers quief kike dyke cunt porch monkey mother fucker big lips cross,is_multiword,6,6|7|8|9|10|11|12|13|14|15|16|17|18,0.4285714285714285,0,5.175272963263772,0,0.96495731237034,0,0,0.16271826038277595,0
633,252 area code new bern north carolina nigers quief kike dyke cunt porch monkey mother fucker big lips cross eyed nigger,carolina nigers quief kike dyke cunt porch monkey mother fucker big lips,carolina nigers quief kike dyke cunt porch monkey mother fucker big lips,is_multiword,6,6|7|8|9|10|11|12|13|14|15|16|17,0.4285714285714285,0,5.132672264462426,0,0.9649738374476632,0,0,0.16271826038277595,0
633,252 area code new bern north carolina nigers quief kike dyke cunt porch monkey mother fucker big lips cross eyed nigger,carolina nigers quief kike dyke cunt porch monkey mother fucker big,carolina nigers quief kike dyke cunt porch monkey mother fucker big,is_multiword,6,6|7|8|9|10|11|12|13|14|15|16,0.4285714285714285,0,4.813010227680207,0,0.96495731237034,0,0,0.16271826038277595,0
633,252 area code new bern north carolina nigers quief kike dyke cunt porch monkey mother fucker big lips cross eyed nigger,carolina nigers quief kike dyke cunt porch monkey mother fucker,carolina nigers quief kike dyke cunt porch monkey mother fucker,is_multiword,6,6|7|8|9|10|11|12|13|14|15,0.4285714285714285,0,4.946507968400654,0,0.9649738374476632,0,0,0.16271826038277595,0
633,252 area code new bern north carolina nigers quief kike dyke cunt porch monkey mother fucker big lips cross eyed nigger,carolina nigers quief kike dyke cunt porch monkey mother,carolina nigers quief kike dyke cunt porch monkey mother,is_multiword,6,6|7|8|9|10|11|12|13|14,0.4285714285714285,0,5.129144528332879,0,0.9153133736302456,0,0,0.16271826038277595,0
633,252 area code new bern north carolina nigers quief kike dyke cunt porch monkey mother fucker big lips cross eyed nigger,carolina nigers quief kike dyke cunt porch monkey,carolina nigers quief kike dyke cunt porch monkey,is_multiword,6,6|7|8|9|10|11|12|13,0.4285714285714285,0,5.177073791623116,0,0.9153133736302456,0,0,0.16271826038277595,0
633,252 area code new bern north carolina nigers quief kike dyke cunt porch monkey mother fucker big lips cross eyed nigger,carolina nigers quief kike dyke cunt porch,carolina nigers quief kike dyke cunt porch,is_multiword,6,6|7|8|9|10|11|12,0.4285714285714285,0,4.792274866785322,0,0.9153133736302456,0,0,0.16271826038277595,0
633,252 area code new bern north carolina nigers quief kike dyke cunt porch monkey mother fucker big lips cross eyed nigger,carolina nigers quief kike dyke cunt,carolina nigers quief kike dyke cunt,is_multiword,6,6|7|8|9|10|11,0.4285714285714285,0,5.045318106810252,0,0.9153133736302456,0,0,0.16271826038277595,0
633,252 area code new bern north carolina nigers quief kike dyke cunt porch monkey mother fucker big lips cross eyed nigger,carolina nigers quief kike dyke,carolina nigers quief kike dyke,is_multiword,6,6|7|8|9|10,0.4285714285714285,0,5.083260846138001,0,0.9153133736302456,0,0,0.16271826038277595,0
633,252 area code new bern north carolina nigers quief kike dyke cunt porch monkey mother fucker big lips cross eyed nigger,carolina nigers quief kike,carolina nigers quief kike,is_multiword,6,6|7|8|9,0.4285714285714285,0,4.843853145837784,0,0.8450794493158659,0,0,0.16271826038277595,0
633,252 area code new bern north carolina nigers quief kike dyke cunt porch monkey mother fucker big lips cross eyed nigger,carolina nigers quief,carolina nigers quief,is_multiword,6,6|7|8,0.4285714285714285,0,5.945430556933085,0,0.8393658067410191,0,0,0.16271826038277595,0
633,252 area code new bern north carolina nigers quief kike dyke cunt porch monkey mother fucker big lips cross eyed nigger,carolina nigers,carolina nigers,is_multiword,6,6|7,0.4285714285714285,0,5.110773921012878,0,0.8699234938248992,0,0,0.16271826038277595,0
633,252 area code new bern north carolina nigers quief kike dyke cunt porch monkey mother fucker big lips cross eyed nigger,code new bern north carolina nigers quief kike dyke cunt porch monkey mother fucker big lips cross eyed nigger,code new bern north carolina nigers quief kike dyke cunt porch monkey mother fucker big lips cross eyed nigger,is_multiword,2,2|3|4|5|6|7|8|9|10|11|12|13|14|15|16|17|18|19|20,0.4285714285714285,0,6.795735436101114,0,0.989965089596808,0,0,0.16271826038277595,0
633,252 area code new bern north carolina nigers quief kike dyke cunt porch monkey mother fucker big lips cross eyed nigger,code new bern north carolina nigers quief kike dyke cunt porch monkey mother fucker big lips cross eyed,code new bern north carolina nigers quief kike dyke cunt porch monkey mother fucker big lips cross eyed,is_multiword,2,2|3|4|5|6|7|8|9|10|11|12|13|14|15|16|17|18|19,0.4285714285714285,0,5.777523344960706,0,0.97008053244402,0,0,0.16271826038277595,0
633,252 area code new bern north carolina nigers quief kike dyke cunt porch monkey mother fucker big lips cross eyed nigger,code new bern north carolina nigers quief kike dyke cunt porch monkey mother fucker big lips cross,code new bern north carolina nigers quief kike dyke cunt porch monkey mother fucker big lips cross,is_multiword,2,2|3|4|5|6|7|8|9|10|11|12|13|14|15|16|17|18,0.4285714285714285,0,5.396345050246628,0,0.97008053244402,0,0,0.16271826038277595,0
633,252 area code new bern north carolina nigers quief kike dyke cunt porch monkey mother fucker big lips cross eyed nigger,code new bern north carolina nigers quief kike dyke cunt porch monkey mother fucker big lips,code new bern north carolina nigers quief kike dyke cunt porch monkey mother fucker big lips,is_multiword,2,2|3|4|5|6|7|8|9|10|11|12|13|14|15|16|17,0.4285714285714285,0,5.407470373006968,0,0.859426949173212,0,0,0.16271826038277595,0
633,252 area code new bern north carolina nigers quief kike dyke cunt porch monkey mother fucker big lips cross eyed nigger,code new bern north carolina nigers quief kike dyke cunt porch monkey mother fucker big,code new bern north carolina nigers quief kike dyke cunt porch monkey mother fucker big,is_multiword,2,2|3|4|5|6|7|8|9|10|11|12|13|14|15|16,0.4285714285714285,0,4.915239295959473,0,0.859426949173212,0,0,0.16271826038277595,0
633,252 area code new bern north carolina nigers quief kike dyke cunt porch monkey mother fucker big lips cross eyed nigger,code new bern north carolina nigers quief kike dyke cunt porch monkey mother fucker,code new bern north carolina nigers quief kike dyke cunt porch monkey mother fucker,is_multiword,2,2|3|4|5|6|7|8|9|10|11|12|13|14|15,0.4285714285714285,0,5.242582261562347,0,0.8583667321751515,0,0,0.16271826038277595,0
633,252 area code new bern north carolina nigers quief kike dyke cunt porch monkey mother fucker big lips cross eyed nigger,code new bern north carolina nigers quief kike dyke cunt porch monkey mother,code new bern north carolina nigers quief kike dyke cunt porch monkey mother,is_multiword,2,2|3|4|5|6|7|8|9|10|11|12|13|14,0.4285714285714285,0,5.155907522548329,0,0.8522134274244308,0,0,0.16271826038277595,0
633,252 area code new bern north carolina nigers quief kike dyke cunt porch monkey mother fucker big lips cross eyed nigger,code new bern north carolina nigers quief kike dyke cunt porch monkey,code new bern north carolina nigers quief kike dyke cunt porch monkey,is_multiword,2,2|3|4|5|6|7|8|9|10|11|12|13,0.4285714285714285,0,5.142244395755586,0,0.8726614881306887,0,0,0.16271826038277595,0
633,252 area code new bern north carolina nigers quief kike dyke cunt porch monkey mother fucker big lips cross eyed nigger,code new bern north carolina nigers quief kike dyke cunt porch,code new bern north carolina nigers quief kike dyke cunt porch,is_multiword,2,2|3|4|5|6|7|8|9|10|11|12,0.4285714285714285,0,4.868079235679225,0,0.870083994542559,0,0,0.16271826038277595,0
633,252 area code new bern north carolina nigers quief kike dyke cunt porch monkey mother fucker big lips cross eyed nigger,code new bern north carolina nigers quief kike dyke cunt,code new bern north carolina nigers quief kike dyke cunt,is_multiword,2,2|3|4|5|6|7|8|9|10|11,0.4285714285714285,0,5.150632423513076,0,0.8745203114425143,0,0,0.16271826038277595,0
633,252 area code new bern north carolina nigers quief kike dyke cunt porch monkey mother fucker big lips cross eyed nigger,code new bern north carolina nigers quief kike dyke,code new bern north carolina nigers quief kike dyke,is_multiword,2,2|3|4|5|6|7|8|9|10,0.4285714285714285,0,5.154159879684448,0,0.8744623816261688,0,0,0.16271826038277595,0
633,252 area code new bern north carolina nigers quief kike dyke cunt porch monkey mother fucker big lips cross eyed nigger,code new bern north carolina nigers quief kike,code new bern north carolina nigers quief kike,is_multiword,2,2|3|4|5|6|7|8|9,0.4285714285714285,0,5.096471548080444,0,0.877563165811201,0,0,0.16271826038277595,0
633,252 area code new bern north carolina nigers quief kike dyke cunt porch monkey mother fucker big lips cross eyed nigger,code new bern north carolina nigers quief,code new bern north carolina nigers quief,is_multiword,2,2|3|4|5|6|7|8,0.4285714285714285,0,5.635684685273604,0,0.8867022556563219,0,0,0.16271826038277595,0
633,252 area code new bern north carolina nigers quief kike dyke cunt porch monkey mother fucker big lips cross eyed nigger,code new bern north carolina nigers,code new bern north carolina nigers,is_multiword,2,2|3|4|5|6|7,0.4285714285714285,0,5.076413843366835,0,0.8416818641126156,0,0,0.16271826038277595,0
633,252 area code new bern north carolina nigers quief kike dyke cunt porch monkey mother fucker big lips cross eyed nigger,code new bern north carolina,code new bern north carolina,is_multiword,2,2|3|4|5|6,0.0,0,5.646813154220581,0,0.7939225832621256,0,0,0.16271826038277595,0
633,252 area code new bern north carolina nigers quief kike dyke cunt porch monkey mother fucker big lips cross eyed nigger,code new bern north,code new bern north,is_multiword,2,2|3|4|5,0.0,0,2.932303285598755,0,0.6938476851209998,0,0,0.16271826038277595,0
633,252 area code new bern north carolina nigers quief kike dyke cunt porch monkey mother fucker big lips cross eyed nigger,code new bern,code new bern,is_multiword,2,2|3|4,0.0,0,3.1443719267845154,0,0.745917372405529,0,0,0.16271826038277595,0
633,252 area code new bern north carolina nigers quief kike dyke cunt porch monkey mother fucker big lips cross eyed nigger,code new,code new,is_multiword,2,2|3,0.0,0,3.4031121730804443,1,0.705307408856849,0,0,0.4988185214043336,1
633,252 area code new bern north carolina nigers quief kike dyke cunt porch monkey mother fucker big lips cross eyed nigger,cross eyed nigger,cross eyed nigger,is_multiword,18,18|19|20,0.0,0,4.545650959014893,0,0.759860634803772,0,0,0.16271826038277595,0
633,252 area code new bern north carolina nigers quief kike dyke cunt porch monkey mother fucker big lips cross eyed nigger,cross eyed,cross eyed,is_multiword,18,18|19,0.0,0,3.775310675303141,0,0.2176326513290405,0,0,0.16271826038277595,0
633,252 area code new bern north carolina nigers quief kike dyke cunt porch monkey mother fucker big lips cross eyed nigger,cunt porch monkey mother fucker big lips cross eyed nigger,cunt porch monkey mother fucker big lips cross eyed nigger,is_multiword,11,11|12|13|14|15|16|17|18|19|20,0.0,0,5.086692959070206,0,0.7299381230647366,0,0,0.16271826038277595,0
633,252 area code new bern north carolina nigers quief kike dyke cunt porch monkey mother fucker big lips cross eyed nigger,cunt porch monkey mother fucker big lips cross eyed,cunt porch monkey mother fucker big lips cross eyed,is_multiword,11,11|12|13|14|15|16|17|18|19,0.0,0,4.7437514407294135,0,0.7853012994552652,0,0,0.16271826038277595,0
633,252 area code new bern north carolina nigers quief kike dyke cunt porch monkey mother fucker big lips cross eyed nigger,cunt porch monkey mother fucker big lips cross,cunt porch monkey mother fucker big lips cross,is_multiword,11,11|12|13|14|15|16|17|18,0.0,0,4.568824301163356,0,0.8082823821653923,0,0,0.16271826038277595,0
633,252 area code new bern north carolina nigers quief kike dyke cunt porch monkey mother fucker big lips cross eyed nigger,cunt porch monkey mother fucker big lips,cunt porch monkey mother fucker big lips,is_multiword,11,11|12|13|14|15|16|17,0.0,0,4.331670544364235,0,0.8421768577148517,0,0,0.16271826038277595,0
633,252 area code new bern north carolina nigers quief kike dyke cunt porch monkey mother fucker big lips cross eyed nigger,cunt porch monkey mother fucker big,cunt porch monkey mother fucker big,is_multiword,11,11|12|13|14|15|16,0.0,0,3.8440732955932617,0,0.7822169959545135,0,0,0.16271826038277595,0
633,252 area code new bern north carolina nigers quief kike dyke cunt porch monkey mother fucker big lips cross eyed nigger,cunt porch monkey mother fucker,cunt porch monkey mother fucker,is_multiword,11,11|12|13|14|15,0.0,0,3.9092462327745214,0,0.8301888598750035,0,0,0.16271826038277595,0
633,252 area code new bern north carolina nigers quief kike dyke cunt porch monkey mother fucker big lips cross eyed nigger,cunt porch monkey mother,cunt porch monkey mother,is_multiword,11,11|12|13|14,0.0,0,4.901897736958095,0,0.836778623983264,0,0,0.16271826038277595,0
633,252 area code new bern north carolina nigers quief kike dyke cunt porch monkey mother fucker big lips cross eyed nigger,cunt porch monkey,cunt porch monkey,is_multiword,11,11|12|13,0.0,0,4.492651621500651,0,0.8365827749172846,0,0,0.16271826038277595,0
633,252 area code new bern north carolina nigers quief kike dyke cunt porch monkey mother fucker big lips cross eyed nigger,cunt porch,cunt porch,is_multiword,11,11|12,0.0,0,2.9722412824630737,0,0.8310401402413845,0,0,0.16271826038277595,0
633,252 area code new bern north carolina nigers quief kike dyke cunt porch monkey mother fucker big lips cross eyed nigger,dyke cunt porch monkey mother fucker big lips cross eyed nigger,dyke cunt porch monkey mother fucker big lips cross eyed nigger,is_multiword,10,10|11|12|13|14|15|16|17|18|19|20,0.0,0,5.048157691955566,0,0.8489655818169316,0,0,0.16271826038277595,0
633,252 area code new bern north carolina nigers quief kike dyke cunt porch monkey mother fucker big lips cross eyed nigger,dyke cunt porch monkey mother fucker big lips cross eyed,dyke cunt porch monkey mother fucker big lips cross eyed,is_multiword,10,10|11|12|13|14|15|16|17|18|19,0.0,0,4.669624872505665,0,0.9089811379089952,0,0,0.16271826038277595,0
633,252 area code new bern north carolina nigers quief kike dyke cunt porch monkey mother fucker big lips cross eyed nigger,dyke cunt porch monkey mother fucker big lips cross,dyke cunt porch monkey mother fucker big lips cross,is_multiword,10,10|11|12|13|14|15|16|17|18,0.0,0,4.419035954134805,0,0.933403417778512,0,0,0.16271826038277595,0
633,252 area code new bern north carolina nigers quief kike dyke cunt porch monkey mother fucker big lips cross eyed nigger,dyke cunt porch monkey mother fucker big lips,dyke cunt porch monkey mother fucker big lips,is_multiword,10,10|11|12|13|14|15|16|17,0.0,0,4.209397389338567,0,0.9339993797863524,0,0,0.16271826038277595,0
633,252 area code new bern north carolina nigers quief kike dyke cunt porch monkey mother fucker big lips cross eyed nigger,dyke cunt porch monkey mother fucker big,dyke cunt porch monkey mother fucker big,is_multiword,10,10|11|12|13|14|15|16,0.0,0,3.711097160975138,0,0.8763738013803959,0,0,0.16271826038277595,0
633,252 area code new bern north carolina nigers quief kike dyke cunt porch monkey mother fucker big lips cross eyed nigger,dyke cunt porch monkey mother fucker,dyke cunt porch monkey mother fucker,is_multiword,10,10|11|12|13|14|15,0.0,0,3.731885584917936,0,0.9089811379089952,0,0,0.16271826038277595,0
633,252 area code new bern north carolina nigers quief kike dyke cunt porch monkey mother fucker big lips cross eyed nigger,dyke cunt porch monkey mother,dyke cunt porch monkey mother,is_multiword,10,10|11|12|13|14,0.0,0,4.354886187447442,0,0.9339208121721944,0,0,0.16271826038277595,0
633,252 area code new bern north carolina nigers quief kike dyke cunt porch monkey mother fucker big lips cross eyed nigger,dyke cunt porch monkey,dyke cunt porch monkey,is_multiword,10,10|11|12|13,0.0,0,4.1507070660591125,0,0.9084164565429091,0,0,0.16271826038277595,0
633,252 area code new bern north carolina nigers quief kike dyke cunt porch monkey mother fucker big lips cross eyed nigger,dyke cunt porch,dyke cunt porch,is_multiword,10,10|11|12,0.0,0,2.6068063974380493,0,0.8906579694400231,0,0,0.16271826038277595,0
633,252 area code new bern north carolina nigers quief kike dyke cunt porch monkey mother fucker big lips cross eyed nigger,dyke cunt,dyke cunt,is_multiword,10,10|11,0.0,0,3.168301582336426,0,0.8895702607308825,0,0,0.16271826038277595,0
633,252 area code new bern north carolina nigers quief kike dyke cunt porch monkey mother fucker big lips cross eyed nigger,eyed nigger,eyed nigger,is_multiword,19,19|20,0.0,0,5.1878968477249146,1,0.7908476373801628,0,0,0.4988185214043336,1
633,252 area code new bern north carolina nigers quief kike dyke cunt porch monkey mother fucker big lips cross eyed nigger,fucker big lips cross eyed nigger,fucker big lips cross eyed nigger,is_multiword,15,15|16|17|18|19|20,0.0,0,4.0808012750413685,0,0.7798696365207434,0,0,0.16271826038277595,0
633,252 area code new bern north carolina nigers quief kike dyke cunt porch monkey mother fucker big lips cross eyed nigger,fucker big lips cross eyed,fucker big lips cross eyed,is_multiword,15,15|16|17|18|19,0.0,0,3.521606854030064,0,0.830689682935675,0,0,0.16271826038277595,0
633,252 area code new bern north carolina nigers quief kike dyke cunt porch monkey mother fucker big lips cross eyed nigger,fucker big lips cross,fucker big lips cross,is_multiword,15,15|16|17|18,0.0,0,3.4564932346343995,0,0.8213972837353746,0,0,0.16271826038277595,0
633,252 area code new bern north carolina nigers quief kike dyke cunt porch monkey mother fucker big lips cross eyed nigger,fucker big lips,fucker big lips,is_multiword,15,15|16|17,0.0,0,2.7574623227119446,0,0.7718016502136985,0,0,0.16271826038277595,0
633,252 area code new bern north carolina nigers quief kike dyke cunt porch monkey mother fucker big lips cross eyed nigger,fucker big,fucker big,is_multiword,15,15|16,0.0,0,1.6377309163411458,0,0.687472431610028,0,0,0.16271826038277595,0
633,252 area code new bern north carolina nigers quief kike dyke cunt porch monkey mother fucker big lips cross eyed nigger,kike dyke cunt porch monkey mother fucker big lips cross eyed nigger,kike dyke cunt porch monkey mother fucker big lips cross eyed nigger,is_multiword,9,9|10|11|12|13|14|15|16|17|18|19|20,0.4285714285714285,0,5.344656693935394,0,0.7967202343667547,0,0,0.16271826038277595,0
633,252 area code new bern north carolina nigers quief kike dyke cunt porch monkey mother fucker big lips cross eyed nigger,kike dyke cunt porch monkey mother fucker big lips cross eyed,kike dyke cunt porch monkey mother fucker big lips cross eyed,is_multiword,9,9|10|11|12|13|14|15|16|17|18|19,0.4285714285714285,0,4.906212038464016,0,0.8157936672990521,0,0,0.16271826038277595,0
633,252 area code new bern north carolina nigers quief kike dyke cunt porch monkey mother fucker big lips cross eyed nigger,kike dyke cunt porch monkey mother fucker big lips cross,kike dyke cunt porch monkey mother fucker big lips cross,is_multiword,9,9|10|11|12|13|14|15|16|17|18,0.4285714285714285,0,4.809906542301178,0,0.8240216793492436,0,0,0.16271826038277595,0
633,252 area code new bern north carolina nigers quief kike dyke cunt porch monkey mother fucker big lips cross eyed nigger,kike dyke cunt porch monkey mother fucker big lips,kike dyke cunt porch monkey mother fucker big lips,is_multiword,9,9|10|11|12|13|14|15|16|17,0.4285714285714285,0,4.5857874870300295,0,0.8290064604952931,0,0,0.16271826038277595,0
633,252 area code new bern north carolina nigers quief kike dyke cunt porch monkey mother fucker big lips cross eyed nigger,kike dyke cunt porch monkey mother fucker big,kike dyke cunt porch monkey mother fucker big,is_multiword,9,9|10|11|12|13|14|15|16,0.4285714285714285,0,4.140978097915649,0,0.8618082456911603,0,0,0.16271826038277595,0
633,252 area code new bern north carolina nigers quief kike dyke cunt porch monkey mother fucker big lips cross eyed nigger,kike dyke cunt porch monkey mother fucker,kike dyke cunt porch monkey mother fucker,is_multiword,9,9|10|11|12|13|14|15,0.4285714285714285,0,4.064967467234685,0,0.8341726564491788,0,0,0.16271826038277595,0
633,252 area code new bern north carolina nigers quief kike dyke cunt porch monkey mother fucker big lips cross eyed nigger,kike dyke cunt porch monkey mother,kike dyke cunt porch monkey mother,is_multiword,9,9|10|11|12|13|14,0.4285714285714285,0,4.41124917160381,0,0.8807128400852283,0,0,0.16271826038277595,0
633,252 area code new bern north carolina nigers quief kike dyke cunt porch monkey mother fucker big lips cross eyed nigger,kike dyke cunt porch monkey,kike dyke cunt porch monkey,is_multiword,9,9|10|11|12|13,0.4285714285714285,0,4.292358875274658,0,0.9087950515871248,0,0,0.16271826038277595,0
633,252 area code new bern north carolina nigers quief kike dyke cunt porch monkey mother fucker big lips cross eyed nigger,kike dyke cunt porch,kike dyke cunt porch,is_multiword,9,9|10|11|12,0.4285714285714285,0,3.122344493865967,0,0.8900879283125201,0,0,0.16271826038277595,0
633,252 area code new bern north carolina nigers quief kike dyke cunt porch monkey mother fucker big lips cross eyed nigger,kike dyke cunt,kike dyke cunt,is_multiword,9,9|10|11,0.4285714285714285,0,3.156522750854492,0,0.8122597001492977,0,0,0.16271826038277595,0
633,252 area code new bern north carolina nigers quief kike dyke cunt porch monkey mother fucker big lips cross eyed nigger,kike dyke,kike dyke,is_multiword,9,9|10,0.4285714285714285,0,2.8631553649902344,1,0.7928093140944839,0,0,0.4988185214043336,1
633,252 area code new bern north carolina nigers quief kike dyke cunt porch monkey mother fucker big lips cross eyed nigger,lips cross eyed nigger,lips cross eyed nigger,is_multiword,17,17|18|19|20,0.0,0,4.86495965719223,0,0.9003098681569099,0,0,0.16271826038277595,0
633,252 area code new bern north carolina nigers quief kike dyke cunt porch monkey mother fucker big lips cross eyed nigger,lips cross eyed,lips cross eyed,is_multiword,17,17|18|19,0.0,0,4.41387265920639,0,0.8693737719828883,0,0,0.16271826038277595,0
633,252 area code new bern north carolina nigers quief kike dyke cunt porch monkey mother fucker big lips cross eyed nigger,lips cross,lips cross,is_multiword,17,17|18,0.0,0,8.004461407661438,0,0.9572046337028344,0,0,0.16271826038277595,0
633,252 area code new bern north carolina nigers quief kike dyke cunt porch monkey mother fucker big lips cross eyed nigger,monkey mother fucker big lips cross eyed nigger,monkey mother fucker big lips cross eyed nigger,is_multiword,13,13|14|15|16|17|18|19|20,0.0,0,4.789526641368866,0,0.7525605767344435,0,0,0.16271826038277595,0
633,252 area code new bern north carolina nigers quief kike dyke cunt porch monkey mother fucker big lips cross eyed nigger,monkey mother fucker big lips cross eyed,monkey mother fucker big lips cross eyed,is_multiword,13,13|14|15|16|17|18|19,0.0,0,4.506539380550384,0,0.7239176072180271,0,0,0.16271826038277595,0
633,252 area code new bern north carolina nigers quief kike dyke cunt porch monkey mother fucker big lips cross eyed nigger,monkey mother fucker big lips cross,monkey mother fucker big lips cross,is_multiword,13,13|14|15|16|17|18,0.0,0,4.377073541283608,0,0.8416447065149745,0,0,0.16271826038277595,0
633,252 area code new bern north carolina nigers quief kike dyke cunt porch monkey mother fucker big lips cross eyed nigger,monkey mother fucker big lips,monkey mother fucker big lips,is_multiword,13,13|14|15|16|17,0.0,0,3.903360877718245,0,0.7915636763597528,0,0,0.16271826038277595,0
633,252 area code new bern north carolina nigers quief kike dyke cunt porch monkey mother fucker big lips cross eyed nigger,monkey mother fucker big,monkey mother fucker big,is_multiword,13,13|14|15|16,0.0,0,3.2379399140675864,0,0.8229438991596302,0,0,0.16271826038277595,0
633,252 area code new bern north carolina nigers quief kike dyke cunt porch monkey mother fucker big lips cross eyed nigger,monkey mother fucker,monkey mother fucker,is_multiword,13,13|14|15,0.0,0,3.2510215282440185,0,0.7587867577870687,0,0,0.16271826038277595,0
633,252 area code new bern north carolina nigers quief kike dyke cunt porch monkey mother fucker big lips cross eyed nigger,monkey mother,monkey mother,is_multiword,13,13|14,0.0,0,5.580581029256185,0,0.7186426271994908,0,0,0.16271826038277595,0
633,252 area code new bern north carolina nigers quief kike dyke cunt porch monkey mother fucker big lips cross eyed nigger,mother fucker big lips cross eyed nigger,mother fucker big lips cross eyed nigger,is_multiword,14,14|15|16|17|18|19|20,0.0,0,4.439343643188477,0,0.7506512366235256,0,0,0.16271826038277595,0
633,252 area code new bern north carolina nigers quief kike dyke cunt porch monkey mother fucker big lips cross eyed nigger,mother fucker big lips cross eyed,mother fucker big lips cross eyed,is_multiword,14,14|15|16|17|18|19,0.0,0,4.031387001276016,0,0.7527687990417083,0,0,0.16271826038277595,0
633,252 area code new bern north carolina nigers quief kike dyke cunt porch monkey mother fucker big lips cross eyed nigger,mother fucker big lips cross,mother fucker big lips cross,is_multiword,14,14|15|16|17|18,0.0,0,4.200450400511424,0,0.8328630225732923,0,0,0.16271826038277595,0
633,252 area code new bern north carolina nigers quief kike dyke cunt porch monkey mother fucker big lips cross eyed nigger,mother fucker big lips,mother fucker big lips,is_multiword,14,14|15|16|17,0.0,0,3.809519195556641,0,0.8407653321822485,0,0,0.16271826038277595,0
633,252 area code new bern north carolina nigers quief kike dyke cunt porch monkey mother fucker big lips cross eyed nigger,mother fucker big,mother fucker big,is_multiword,14,14|15|16,0.0,0,2.9613466262817383,0,0.7470510614415009,0,0,0.16271826038277595,0
633,252 area code new bern north carolina nigers quief kike dyke cunt porch monkey mother fucker big lips cross eyed nigger,mother fucker,mother fucker,is_multiword,14,14|15,0.0,0,2.566701332728068,0,0.6789732814456026,0,0,0.16271826038277595,0
633,252 area code new bern north carolina nigers quief kike dyke cunt porch monkey mother fucker big lips cross eyed nigger,new bern north carolina nigers quief kike dyke cunt porch monkey mother fucker big lips cross eyed nigger,new bern north carolina nigers quief kike dyke cunt porch monkey mother fucker big lips cross eyed nigger,is_multiword,3,3|4|5|6|7|8|9|10|11|12|13|14|15|16|17|18|19|20,0.4285714285714285,0,6.558773187796275,0,0.9883625159660976,0,0,0.16271826038277595,0
633,252 area code new bern north carolina nigers quief kike dyke cunt porch monkey mother fucker big lips cross eyed nigger,new bern north carolina nigers quief kike dyke cunt porch monkey mother fucker big lips cross eyed,new bern north carolina nigers quief kike dyke cunt porch monkey mother fucker big lips cross eyed,is_multiword,3,3|4|5|6|7|8|9|10|11|12|13|14|15|16|17|18|19,0.4285714285714285,0,5.548160518918719,0,0.9862682769695916,0,0,0.16271826038277595,0
633,252 area code new bern north carolina nigers quief kike dyke cunt porch monkey mother fucker big lips cross eyed nigger,new bern north carolina nigers quief kike dyke cunt porch monkey mother fucker big lips cross,new bern north carolina nigers quief kike dyke cunt porch monkey mother fucker big lips cross,is_multiword,3,3|4|5|6|7|8|9|10|11|12|13|14|15|16|17|18,0.4285714285714285,0,5.420244161899273,0,0.9862682769695916,0,0,0.16271826038277595,0
633,252 area code new bern north carolina nigers quief kike dyke cunt porch monkey mother fucker big lips cross eyed nigger,new bern north carolina nigers quief kike dyke cunt porch monkey mother fucker big lips,new bern north carolina nigers quief kike dyke cunt porch monkey mother fucker big lips,is_multiword,3,3|4|5|6|7|8|9|10|11|12|13|14|15|16|17,0.4285714285714285,0,5.440414962768554,0,0.9871425606931248,0,0,0.16271826038277595,0
633,252 area code new bern north carolina nigers quief kike dyke cunt porch monkey mother fucker big lips cross eyed nigger,new bern north carolina nigers quief kike dyke cunt porch monkey mother fucker big,new bern north carolina nigers quief kike dyke cunt porch monkey mother fucker big,is_multiword,3,3|4|5|6|7|8|9|10|11|12|13|14|15|16,0.4285714285714285,0,4.841832369565964,0,0.9862682769695916,0,0,0.16271826038277595,0
633,252 area code new bern north carolina nigers quief kike dyke cunt porch monkey mother fucker big lips cross eyed nigger,new bern north carolina nigers quief kike dyke cunt porch monkey mother fucker,new bern north carolina nigers quief kike dyke cunt porch monkey mother fucker,is_multiword,3,3|4|5|6|7|8|9|10|11|12|13|14|15,0.4285714285714285,0,5.041588347891103,0,0.9871425606931248,0,0,0.16271826038277595,0
633,252 area code new bern north carolina nigers quief kike dyke cunt porch monkey mother fucker big lips cross eyed nigger,new bern north carolina nigers quief kike dyke cunt porch monkey mother,new bern north carolina nigers quief kike dyke cunt porch monkey mother,is_multiword,3,3|4|5|6|7|8|9|10|11|12|13|14,0.4285714285714285,0,5.047001952216739,0,0.9905517011259992,0,0,0.16271826038277595,0
633,252 area code new bern north carolina nigers quief kike dyke cunt porch monkey mother fucker big lips cross eyed nigger,new bern north carolina nigers quief kike dyke cunt porch monkey,new bern north carolina nigers quief kike dyke cunt porch monkey,is_multiword,3,3|4|5|6|7|8|9|10|11|12|13,0.4285714285714285,0,5.064651775360107,0,0.9766495013609529,0,0,0.16271826038277595,0
633,252 area code new bern north carolina nigers quief kike dyke cunt porch monkey mother fucker big lips cross eyed nigger,new bern north carolina nigers quief kike dyke cunt porch,new bern north carolina nigers quief kike dyke cunt porch,is_multiword,3,3|4|5|6|7|8|9|10|11|12,0.4285714285714285,0,4.76326404677497,0,0.983828553619484,0,0,0.16271826038277595,0
633,252 area code new bern north carolina nigers quief kike dyke cunt porch monkey mother fucker big lips cross eyed nigger,new bern north carolina nigers quief kike dyke cunt,new bern north carolina nigers quief kike dyke cunt,is_multiword,3,3|4|5|6|7|8|9|10|11,0.4285714285714285,0,4.995148576796055,0,0.989902924435834,0,0,0.16271826038277595,0
633,252 area code new bern north carolina nigers quief kike dyke cunt porch monkey mother fucker big lips cross eyed nigger,new bern north carolina nigers quief kike dyke,new bern north carolina nigers quief kike dyke,is_multiword,3,3|4|5|6|7|8|9|10,0.4285714285714285,0,5.069007209369114,0,0.9847129990036289,0,0,0.16271826038277595,0
633,252 area code new bern north carolina nigers quief kike dyke cunt porch monkey mother fucker big lips cross eyed nigger,new bern north carolina nigers quief kike,new bern north carolina nigers quief kike,is_multiword,3,3|4|5|6|7|8|9,0.4285714285714285,0,4.949142167965571,0,0.9904398626337448,0,0,0.16271826038277595,0
633,252 area code new bern north carolina nigers quief kike dyke cunt porch monkey mother fucker big lips cross eyed nigger,new bern north carolina nigers quief,new bern north carolina nigers quief,is_multiword,3,3|4|5|6|7|8,0.4285714285714285,0,5.646421730518341,0,0.945417821717759,0,0,0.16271826038277595,0
633,252 area code new bern north carolina nigers quief kike dyke cunt porch monkey mother fucker big lips cross eyed nigger,new bern north carolina nigers,new bern north carolina nigers,is_multiword,3,3|4|5|6|7,0.4285714285714285,0,5.055190399289131,0,0.9277671879778304,0,0,0.16271826038277595,0
633,252 area code new bern north carolina nigers quief kike dyke cunt porch monkey mother fucker big lips cross eyed nigger,new bern north carolina,new bern north carolina,is_multiword,3,3|4|5|6,0.0,0,5.690603216489156,0,0.6720375505586464,0,0,0.16271826038277595,0
633,252 area code new bern north carolina nigers quief kike dyke cunt porch monkey mother fucker big lips cross eyed nigger,new bern north,new bern north,is_multiword,3,3|4|5,0.0,0,2.7665257453918457,0,0.6720693074166775,0,0,0.16271826038277595,0
633,252 area code new bern north carolina nigers quief kike dyke cunt porch monkey mother fucker big lips cross eyed nigger,new bern,new bern,is_multiword,3,3|4,0.0,0,3.616325338681539,0,0.6833983672161896,0,0,0.16271826038277595,0
633,252 area code new bern north carolina nigers quief kike dyke cunt porch monkey mother fucker big lips cross eyed nigger,nigers quief kike dyke cunt porch monkey mother fucker big lips cross eyed nigger,nigers quief kike dyke cunt porch monkey mother fucker big lips cross eyed nigger,is_multiword,7,7|8|9|10|11|12|13|14|15|16|17|18|19|20,0.4285714285714285,0,6.118333920836449,0,0.825289067812264,0,0,0.16271826038277595,0
633,252 area code new bern north carolina nigers quief kike dyke cunt porch monkey mother fucker big lips cross eyed nigger,nigers quief kike dyke cunt porch monkey mother fucker big lips cross eyed,nigers quief kike dyke cunt porch monkey mother fucker big lips cross eyed,is_multiword,7,7|8|9|10|11|12|13|14|15|16|17|18|19,0.4285714285714285,0,5.130940914154053,0,0.8192264943694075,0,0,0.16271826038277595,0
633,252 area code new bern north carolina nigers quief kike dyke cunt porch monkey mother fucker big lips cross eyed nigger,nigers quief kike dyke cunt porch monkey mother fucker big lips cross,nigers quief kike dyke cunt porch monkey mother fucker big lips cross,is_multiword,7,7|8|9|10|11|12|13|14|15|16|17|18,0.4285714285714285,0,5.132627999782562,0,0.8233023459712664,0,0,0.16271826038277595,0
633,252 area code new bern north carolina nigers quief kike dyke cunt porch monkey mother fucker big lips cross eyed nigger,nigers quief kike dyke cunt porch monkey mother fucker big lips,nigers quief kike dyke cunt porch monkey mother fucker big lips,is_multiword,7,7|8|9|10|11|12|13|14|15|16|17,0.4285714285714285,0,5.056196940572638,0,0.9451639431839188,0,0,0.16271826038277595,0
633,252 area code new bern north carolina nigers quief kike dyke cunt porch monkey mother fucker big lips cross eyed nigger,nigers quief kike dyke cunt porch monkey mother fucker big,nigers quief kike dyke cunt porch monkey mother fucker big,is_multiword,7,7|8|9|10|11|12|13|14|15|16,0.4285714285714285,0,4.768986211882697,0,0.8147689364850521,0,0,0.16271826038277595,0
633,252 area code new bern north carolina nigers quief kike dyke cunt porch monkey mother fucker big lips cross eyed nigger,nigers quief kike dyke cunt porch monkey mother fucker,nigers quief kike dyke cunt porch monkey mother fucker,is_multiword,7,7|8|9|10|11|12|13|14|15,0.4285714285714285,0,4.920964675791123,0,0.8086288006355365,0,0,0.16271826038277595,0
633,252 area code new bern north carolina nigers quief kike dyke cunt porch monkey mother fucker big lips cross eyed nigger,nigers quief kike dyke cunt porch monkey mother,nigers quief kike dyke cunt porch monkey mother,is_multiword,7,7|8|9|10|11|12|13|14,0.4285714285714285,0,5.027207374572754,0,0.9735124188785752,0,0,0.16271826038277595,0
633,252 area code new bern north carolina nigers quief kike dyke cunt porch monkey mother fucker big lips cross eyed nigger,nigers quief kike dyke cunt porch monkey,nigers quief kike dyke cunt porch monkey,is_multiword,7,7|8|9|10|11|12|13,0.4285714285714285,0,5.073151554380145,0,0.9735124188785752,0,0,0.16271826038277595,0
633,252 area code new bern north carolina nigers quief kike dyke cunt porch monkey mother fucker big lips cross eyed nigger,nigers quief kike dyke cunt porch,nigers quief kike dyke cunt porch,is_multiword,7,7|8|9|10|11|12,0.4285714285714285,0,4.514799177646637,0,0.9706811703120668,0,0,0.16271826038277595,0
633,252 area code new bern north carolina nigers quief kike dyke cunt porch monkey mother fucker big lips cross eyed nigger,nigers quief kike dyke cunt,nigers quief kike dyke cunt,is_multiword,7,7|8|9|10|11,0.4285714285714285,0,4.623244786262513,0,0.9237175611779094,0,0,0.16271826038277595,0
633,252 area code new bern north carolina nigers quief kike dyke cunt porch monkey mother fucker big lips cross eyed nigger,nigers quief kike dyke,nigers quief kike dyke,is_multiword,7,7|8|9|10,0.4285714285714285,0,4.456930845975876,0,0.9309478783980012,0,0,0.16271826038277595,0
633,252 area code new bern north carolina nigers quief kike dyke cunt porch monkey mother fucker big lips cross eyed nigger,nigers quief kike,nigers quief kike,is_multiword,7,7|8|9,0.4285714285714285,0,3.9047372738520303,0,0.9740071455016732,0,0,0.16271826038277595,0
633,252 area code new bern north carolina nigers quief kike dyke cunt porch monkey mother fucker big lips cross eyed nigger,nigers quief,nigers quief,is_multiword,7,7|8,0.4285714285714285,0,5.221614897251129,0,0.9794863512118658,0,0,0.16271826038277595,0
633,252 area code new bern north carolina nigers quief kike dyke cunt porch monkey mother fucker big lips cross eyed nigger,north carolina nigers quief kike dyke cunt porch monkey mother fucker big lips cross eyed nigger,north carolina nigers quief kike dyke cunt porch monkey mother fucker big lips cross eyed nigger,is_multiword,5,5|6|7|8|9|10|11|12|13|14|15|16|17|18|19|20,0.4285714285714285,0,6.071933216518826,0,0.9874925479913752,0,0,0.16271826038277595,0
633,252 area code new bern north carolina nigers quief kike dyke cunt porch monkey mother fucker big lips cross eyed nigger,north carolina nigers quief kike dyke cunt porch monkey mother fucker big lips cross eyed,north carolina nigers quief kike dyke cunt porch monkey mother fucker big lips cross eyed,is_multiword,5,5|6|7|8|9|10|11|12|13|14|15|16|17|18|19,0.4285714285714285,0,5.267251405715943,0,0.8994310252989332,0,0,0.16271826038277595,0
633,252 area code new bern north carolina nigers quief kike dyke cunt porch monkey mother fucker big lips cross eyed nigger,north carolina nigers quief kike dyke cunt porch monkey mother fucker big lips cross,north carolina nigers quief kike dyke cunt porch monkey mother fucker big lips cross,is_multiword,5,5|6|7|8|9|10|11|12|13|14|15|16|17|18,0.4285714285714285,0,5.184213456900223,0,0.8754087674121062,0,0,0.16271826038277595,0
633,252 area code new bern north carolina nigers quief kike dyke cunt porch monkey mother fucker big lips cross eyed nigger,north carolina nigers quief kike dyke cunt porch monkey mother fucker big lips,north carolina nigers quief kike dyke cunt porch monkey mother fucker big lips,is_multiword,5,5|6|7|8|9|10|11|12|13|14|15|16|17,0.4285714285714285,0,5.12787424434315,0,0.9120742275069156,0,0,0.16271826038277595,0
633,252 area code new bern north carolina nigers quief kike dyke cunt porch monkey mother fucker big lips cross eyed nigger,north carolina nigers quief kike dyke cunt porch monkey mother fucker big,north carolina nigers quief kike dyke cunt porch monkey mother fucker big,is_multiword,5,5|6|7|8|9|10|11|12|13|14|15|16,0.4285714285714285,0,4.934744437535604,0,0.8771693458159765,0,0,0.16271826038277595,0
633,252 area code new bern north carolina nigers quief kike dyke cunt porch monkey mother fucker big lips cross eyed nigger,north carolina nigers quief kike dyke cunt porch monkey mother fucker,north carolina nigers quief kike dyke cunt porch monkey mother fucker,is_multiword,5,5|6|7|8|9|10|11|12|13|14|15,0.4285714285714285,0,5.132751870155334,0,0.9001631358017524,0,0,0.16271826038277595,0
633,252 area code new bern north carolina nigers quief kike dyke cunt porch monkey mother fucker big lips cross eyed nigger,north carolina nigers quief kike dyke cunt porch monkey mother,north carolina nigers quief kike dyke cunt porch monkey mother,is_multiword,5,5|6|7|8|9|10|11|12|13|14,0.4285714285714285,0,5.351893981297811,0,0.892743177091082,0,0,0.16271826038277595,0
633,252 area code new bern north carolina nigers quief kike dyke cunt porch monkey mother fucker big lips cross eyed nigger,north carolina nigers quief kike dyke cunt porch monkey,north carolina nigers quief kike dyke cunt porch monkey,is_multiword,5,5|6|7|8|9|10|11|12|13,0.4285714285714285,0,5.3832305459415215,0,0.8937056042874852,0,0,0.16271826038277595,0
633,252 area code new bern north carolina nigers quief kike dyke cunt porch monkey mother fucker big lips cross eyed nigger,north carolina nigers quief kike dyke cunt porch,north carolina nigers quief kike dyke cunt porch,is_multiword,5,5|6|7|8|9|10|11|12,0.4285714285714285,0,5.045054372151693,0,0.923203623543183,0,0,0.16271826038277595,0
633,252 area code new bern north carolina nigers quief kike dyke cunt porch monkey mother fucker big lips cross eyed nigger,north carolina nigers quief kike dyke cunt,north carolina nigers quief kike dyke cunt,is_multiword,5,5|6|7|8|9|10|11,0.4285714285714285,0,5.345167673551119,0,0.9463487987716992,0,0,0.16271826038277595,0
633,252 area code new bern north carolina nigers quief kike dyke cunt porch monkey mother fucker big lips cross eyed nigger,north carolina nigers quief kike dyke,north carolina nigers quief kike dyke,is_multiword,5,5|6|7|8|9|10,0.4285714285714285,0,5.464182398535988,0,0.9737908970564604,0,0,0.16271826038277595,0
633,252 area code new bern north carolina nigers quief kike dyke cunt porch monkey mother fucker big lips cross eyed nigger,north carolina nigers quief kike,north carolina nigers quief kike,is_multiword,5,5|6|7|8|9,0.4285714285714285,0,5.253102699915568,0,0.9902236393342416,0,0,0.16271826038277595,0
633,252 area code new bern north carolina nigers quief kike dyke cunt porch monkey mother fucker big lips cross eyed nigger,north carolina nigers quief,north carolina nigers quief,is_multiword,5,5|6|7|8,0.4285714285714285,0,6.111954995564052,0,0.9147432607909044,0,0,0.16271826038277595,0
633,252 area code new bern north carolina nigers quief kike dyke cunt porch monkey mother fucker big lips cross eyed nigger,north carolina nigers,north carolina nigers,is_multiword,5,5|6|7,0.4285714285714285,0,5.52368597984314,0,0.8705609605337182,0,0,0.16271826038277595,0
633,252 area code new bern north carolina nigers quief kike dyke cunt porch monkey mother fucker big lips cross eyed nigger,north carolina,north carolina,is_multiword,5,5|6,0.0,0,7.612013419469197,1,0.8562759204457203,0,0,0.4988185214043336,1
633,252 area code new bern north carolina nigers quief kike dyke cunt porch monkey mother fucker big lips cross eyed nigger,porch monkey mother fucker big lips cross eyed nigger,porch monkey mother fucker big lips cross eyed nigger,is_multiword,12,12|13|14|15|16|17|18|19|20,0.0,0,4.961893660681588,0,0.8257541290173928,0,0,0.16271826038277595,0
633,252 area code new bern north carolina nigers quief kike dyke cunt porch monkey mother fucker big lips cross eyed nigger,porch monkey mother fucker big lips cross eyed,porch monkey mother fucker big lips cross eyed,is_multiword,12,12|13|14|15|16|17|18|19,0.0,0,4.734202782313029,0,0.903406998453041,0,0,0.16271826038277595,0
633,252 area code new bern north carolina nigers quief kike dyke cunt porch monkey mother fucker big lips cross eyed nigger,porch monkey mother fucker big lips cross,porch monkey mother fucker big lips cross,is_multiword,12,12|13|14|15|16|17|18,0.0,0,4.574386870861053,0,0.8822018414114913,0,0,0.16271826038277595,0
633,252 area code new bern north carolina nigers quief kike dyke cunt porch monkey mother fucker big lips cross eyed nigger,porch monkey mother fucker big lips,porch monkey mother fucker big lips,is_multiword,12,12|13|14|15|16|17,0.0,0,4.154978858100043,0,0.9296545265242456,0,0,0.16271826038277595,0
633,252 area code new bern north carolina nigers quief kike dyke cunt porch monkey mother fucker big lips cross eyed nigger,porch monkey mother fucker big,porch monkey mother fucker big,is_multiword,12,12|13|14|15|16,0.0,0,3.707235932350159,0,0.9226724238445362,0,0,0.16271826038277595,0
633,252 area code new bern north carolina nigers quief kike dyke cunt porch monkey mother fucker big lips cross eyed nigger,porch monkey mother fucker,porch monkey mother fucker,is_multiword,12,12|13|14|15,0.0,0,3.778789384024484,0,0.9046568730846049,0,0,0.16271826038277595,0
633,252 area code new bern north carolina nigers quief kike dyke cunt porch monkey mother fucker big lips cross eyed nigger,porch monkey mother,porch monkey mother,is_multiword,12,12|13|14,0.0,0,5.4887031555175785,0,0.9199400056774416,0,0,0.16271826038277595,0
633,252 area code new bern north carolina nigers quief kike dyke cunt porch monkey mother fucker big lips cross eyed nigger,porch monkey,porch monkey,is_multiword,12,12|13,0.0,0,5.428498327732086,0,0.5006702542304993,0,0,0.16271826038277595,0
633,252 area code new bern north carolina nigers quief kike dyke cunt porch monkey mother fucker big lips cross eyed nigger,quief kike dyke cunt porch monkey mother fucker big lips cross eyed nigger,quief kike dyke cunt porch monkey mother fucker big lips cross eyed nigger,is_multiword,8,8|9|10|11|12|13|14|15|16|17|18|19|20,0.4285714285714285,0,5.839355154470964,0,0.7716319511334101,0,0,0.16271826038277595,0
633,252 area code new bern north carolina nigers quief kike dyke cunt porch monkey mother fucker big lips cross eyed nigger,quief kike dyke cunt porch monkey mother fucker big lips cross eyed,quief kike dyke cunt porch monkey mother fucker big lips cross eyed,is_multiword,8,8|9|10|11|12|13|14|15|16|17|18|19,0.4285714285714285,0,5.432607990503311,0,0.8564800545573235,0,0,0.16271826038277595,0
633,252 area code new bern north carolina nigers quief kike dyke cunt porch monkey mother fucker big lips cross eyed nigger,quief kike dyke cunt porch monkey mother fucker big lips cross,quief kike dyke cunt porch monkey mother fucker big lips cross,is_multiword,8,8|9|10|11|12|13|14|15|16|17|18,0.4285714285714285,0,5.319559892018636,0,0.7672651633620262,0,0,0.16271826038277595,0
633,252 area code new bern north carolina nigers quief kike dyke cunt porch monkey mother fucker big lips cross eyed nigger,quief kike dyke cunt porch monkey mother fucker big lips,quief kike dyke cunt porch monkey mother fucker big lips,is_multiword,8,8|9|10|11|12|13|14|15|16|17,0.4285714285714285,0,5.15675614861881,0,0.8582123716672262,0,0,0.16271826038277595,0
633,252 area code new bern north carolina nigers quief kike dyke cunt porch monkey mother fucker big lips cross eyed nigger,quief kike dyke cunt porch monkey mother fucker big,quief kike dyke cunt porch monkey mother fucker big,is_multiword,8,8|9|10|11|12|13|14|15|16,0.4285714285714285,0,4.76372417807579,0,0.7851451703657707,0,0,0.16271826038277595,0
633,252 area code new bern north carolina nigers quief kike dyke cunt porch monkey mother fucker big lips cross eyed nigger,quief kike dyke cunt porch monkey mother fucker,quief kike dyke cunt porch monkey mother fucker,is_multiword,8,8|9|10|11|12|13|14|15,0.4285714285714285,0,4.867920398712158,0,0.8536287508904934,0,0,0.16271826038277595,0
633,252 area code new bern north carolina nigers quief kike dyke cunt porch monkey mother fucker big lips cross eyed nigger,quief kike dyke cunt porch monkey mother,quief kike dyke cunt porch monkey mother,is_multiword,8,8|9|10|11|12|13|14,0.4285714285714285,0,5.11605260005364,0,0.862978651188314,0,0,0.16271826038277595,0
633,252 area code new bern north carolina nigers quief kike dyke cunt porch monkey mother fucker big lips cross eyed nigger,quief kike dyke cunt porch monkey,quief kike dyke cunt porch monkey,is_multiword,8,8|9|10|11|12|13,0.4285714285714285,0,5.069314777851105,0,0.8071198562781016,0,0,0.16271826038277595,0
633,252 area code new bern north carolina nigers quief kike dyke cunt porch monkey mother fucker big lips cross eyed nigger,quief kike dyke cunt porch,quief kike dyke cunt porch,is_multiword,8,8|9|10|11|12,0.4285714285714285,0,4.288847780227661,0,0.845539936174949,0,0,0.16271826038277595,0
633,252 area code new bern north carolina nigers quief kike dyke cunt porch monkey mother fucker big lips cross eyed nigger,quief kike dyke cunt,quief kike dyke cunt,is_multiword,8,8|9|10|11,0.4285714285714285,0,4.4865458607673645,0,0.8897489942610264,0,0,0.16271826038277595,0
633,252 area code new bern north carolina nigers quief kike dyke cunt porch monkey mother fucker big lips cross eyed nigger,quief kike dyke,quief kike dyke,is_multiword,8,8|9|10,0.4285714285714285,0,4.319314996401469,0,0.915618235555788,0,0,0.16271826038277595,0
633,252 area code new bern north carolina nigers quief kike dyke cunt porch monkey mother fucker big lips cross eyed nigger,quief kike,quief kike,is_multiword,8,8|9,0.4285714285714285,0,3.5799047350883484,0,0.7728488302479187,0,0,0.16271826038277595,0
634,me nah yam no pussy = i dont eat no pussy,me nah yam no pussy,me nah yam no pussy,is_multiword,0,0|1|2|3|4,0.0,0,4.21610442797343,0,0.7645999441544215,0,0,0.16271826038277595,0
634,me nah yam no pussy = i dont eat no pussy,me nah yam no,me nah yam no,is_multiword,0,0|1|2|3,0.0,0,5.976229482889176,0,0.3250816265741983,0,0,0.16271826038277595,0
634,me nah yam no pussy = i dont eat no pussy,me nah yam,me nah yam,is_multiword,0,0|1|2,0.0,0,7.822508871555328,0,0.2952850858370462,0,0,0.16271826038277595,0
634,me nah yam no pussy = i dont eat no pussy,me nah,me nah,is_multiword,0,0|1,0.0,0,7.284405022859573,0,0.7261396677543719,1,0,0.4334338556297024,0
634,me nah yam no pussy = i dont eat no pussy,nah yam no pussy,nah yam no pussy,is_multiword,1,1|2|3|4,0.0,0,4.819237661361695,0,0.740873144629101,0,0,0.16271826038277595,0
634,me nah yam no pussy = i dont eat no pussy,nah yam no,nah yam no,is_multiword,1,1|2|3,0.0,0,6.382318548858166,0,0.6342501640319824,0,0,0.16271826038277595,0
634,me nah yam no pussy = i dont eat no pussy,nah yam,nah yam,is_multiword,1,1|2,0.0,0,8.441889534393946,1,0.330958882967631,0,0,0.4988185214043336,1
634,me nah yam no pussy = i dont eat no pussy,no pussy,no pussy,is_multiword,3,3|4,0.0,0,2.1431655883789062,1,0.7702925140038133,0,0,0.4988185214043336,1
634,me nah yam no pussy = i dont eat no pussy,yam no pussy,yam no pussy,is_multiword,2,2|3|4,0.0,0,2.8725518882274628,0,0.9136782105391223,1,0,0.4334338556297024,0
634,me nah yam no pussy = i dont eat no pussy,yam no,yam no,is_multiword,2,2|3,0.0,0,4.58407598733902,0,0.8501813067123294,0,0,0.16271826038277595,0
641,lmfao is said by homosexuals who are laughing their ass off,ass off,ass off,is_multiword,9,9|10,0.0,0,3.6948375403881073,1,0.5820368677377701,0,0,0.4988185214043336,1
644,'did you see that girl she's a real charlotte' 'that top quality charlotte right there' 'i wanna get myself a charlotte' 'my gf is a real charlotte',top quality,top quality,is_multiword,10,10|11,0.0,0,10.306915193796158,1,0.1434660752614339,0,0,0.4988185214043336,1
644,'did you see that girl she's a real charlotte' 'that top quality charlotte right there' 'i wanna get myself a charlotte' 'my gf is a real charlotte',wanna get,wanna get,is_multiword,16,16|17,0.0,0,4.037252902984619,0,0.0930488506952921,0,0,0.16271826038277595,0
646,there was an ali gogo boots at the club this weekend,was an,was an,is_multiword,1,1|2,0.0,0,2.587814256548881,1,0.2177934646606445,0,0,0.4988185214043336,1
649,"""hey, that's a nice [blazer] you're wearing for blazer friday",nice blazer,nice blazer,is_multiword,3,3|4,0.0,0,5.13941690325737,1,0.6067817111810048,0,0,0.4988185214043336,1
64,"dude, i ate sushi for lunch and mexican for dinner, i gotta stop home and bust a crumplestiltskin",a crumplestiltskin,a crumplestiltskin,is_multiword,16,16|17,0.4285714285714285,0,6.646922945976257,0,0.8807525876909494,0,0,0.16271826038277595,0
64,"dude, i ate sushi for lunch and mexican for dinner, i gotta stop home and bust a crumplestiltskin",bust a crumplestiltskin,bust a crumplestiltskin,is_multiword,15,15|16|17,0.4285714285714285,0,6.535685524344444,0,0.9292140956968068,0,0,0.16271826038277595,0
64,"dude, i ate sushi for lunch and mexican for dinner, i gotta stop home and bust a crumplestiltskin",bust a,bust a,is_multiword,15,15|16,0.0,0,4.156330108642578,0,0.7993691057587663,0,0,0.16271826038277595,0
64,"dude, i ate sushi for lunch and mexican for dinner, i gotta stop home and bust a crumplestiltskin",gotta stop,gotta stop,is_multiword,11,11|12,0.0,0,5.385546326637268,0,0.4899772405624389,1,0,0.4334338556297024,0
650,"""damn tammy has a bungalo booty",bungalo booty,bungalo booty,is_multiword,4,4|5,0.4285714285714285,0,6.930582970380783,0,0.7443585048119228,0,1,0.16271826038277595,0
651,asa akira came over today and i gladly went down on her for hours on end,down on,down on,is_multiword,9,9|10,0.0,0,4.912412643432617,0,0.6989775182058413,0,0,0.16271826038277595,0
651,asa akira came over today and i gladly went down on her for hours on end,gladly went down on,gladly went down on,is_multiword,7,7|8|9|10,0.0,0,4.928244113922119,0,0.8080895710736513,0,0,0.16271826038277595,0
651,asa akira came over today and i gladly went down on her for hours on end,gladly went down,gladly went down,is_multiword,7,7|8|9,0.0,0,5.899549722671509,0,0.8847530903294683,0,0,0.16271826038277595,0
651,asa akira came over today and i gladly went down on her for hours on end,gladly went,gladly went,is_multiword,7,7|8,0.0,0,6.729256709416707,1,0.7077446918313701,1,0,0.7966618291597674,1
651,asa akira came over today and i gladly went down on her for hours on end,on end,on end,is_multiword,14,14|15,0.0,0,7.28052544593811,1,0.1220602393150329,0,0,0.4988185214043336,1
651,asa akira came over today and i gladly went down on her for hours on end,went down on,went down on,is_multiword,8,8|9|10,0.0,0,3.3803444703420005,0,0.1000178654988607,0,0,0.16271826038277595,0
651,asa akira came over today and i gladly went down on her for hours on end,went down,went down,is_multiword,8,8|9,0.0,0,3.1639729142189026,0,0.566860740383466,0,0,0.16271826038277595,0
653,ricardo: hey victor whats you're girlfriend's name victor:its shanell dumb ass ricardo: what about her nick name victor:its afro thunder,dumb ass,dumb ass,is_multiword,10,10|11,0.0,0,4.299844106038411,0,0.4170499046643575,0,0,0.16271826038277595,0
653,ricardo: hey victor whats you're girlfriend's name victor:its shanell dumb ass ricardo: what about her nick name victor:its afro thunder,whats you're,whats you're,is_multiword,3,3|4,0.0,0,1.5641197204589845,0,0.6183204365273316,0,0,0.16271826038277595,0
654,"hoorah, today i got a record fart lapse of 21",fart lapse,fart lapse,is_multiword,6,6|7,0.0,0,12.910793483257294,0,0.6899945537249248,1,1,0.4334338556297024,0
655,geoff is such a fucking bush wookiee,bush wookiee,bush wookiee,is_multiword,5,5|6,0.4285714285714285,0,5.052529056866963,0,0.8241951760525504,0,1,0.16271826038277595,0
655,geoff is such a fucking bush wookiee,fucking bush wookiee,fucking bush wookiee,is_multiword,4,4|5|6,0.4285714285714285,0,5.68034029006958,0,0.9331483207643032,1,0,0.4334338556297024,0
655,geoff is such a fucking bush wookiee,fucking bush,fucking bush,is_multiword,4,4|5,0.0,0,4.272017081578572,1,0.898584982380271,0,0,0.4988185214043336,1
656,"yo colon, i just found caroline's facebook now you can e-mac on her",yo colon,yo colon,is_multiword,0,0|1,0.0,0,9.014358580112455,0,0.7252864142258961,1,0,0.4334338556297024,0
657,a duggan doucher,duggan doucher,duggan doucher,is_multiword,1,1|2,0.4285714285714285,0,9.36316953599453,1,0.9910264474650224,0,0,0.4988185214043336,0
659,"he's not gay, but he's definetly a hederasexual",he's definetly,he's definetly,is_multiword,4,4|5,0.4285714285714285,0,2.263758897781372,0,0.2219924132029215,0,0,0.16271826038277595,0
663,"yea, i thought the lakers would win, but then that one guy went all linsane on them",all linsane on,all linsane on,is_multiword,13,13|14|15,0.4285714285714285,0,5.531961035728455,0,0.7156363526980083,0,0,0.16271826038277595,0
663,"yea, i thought the lakers would win, but then that one guy went all linsane on them",all linsane,all linsane,is_multiword,13,13|14,0.4285714285714285,0,6.650766581296921,0,0.578063150246938,0,0,0.16271826038277595,0
663,"yea, i thought the lakers would win, but then that one guy went all linsane on them",linsane on,linsane on,is_multiword,14,14|15,0.4285714285714285,0,7.2019413113594055,0,0.6889902104934056,0,0,0.16271826038277595,0
669,'your looking very peenile' 'hmmm the weather is a bit peeny' 'get your peen out' 'your peen my mouth?' 'peen my dry',a bit peeny get your peen out your peen my mouth peen my dry,a bit peeny get your peen out your peen my mouth peen my dry,is_multiword,8,8|9|10|11|12|13|14|15|16|17|18|19|20|21,0.4285714285714285,0,4.192901959021886,0,0.9026629763344924,0,0,0.16271826038277595,0
669,'your looking very peenile' 'hmmm the weather is a bit peeny' 'get your peen out' 'your peen my mouth?' 'peen my dry',a bit peeny get your peen out your peen my mouth peen my,a bit peeny get your peen out your peen my mouth peen my,is_multiword,8,8|9|10|11|12|13|14|15|16|17|18|19|20,0.4285714285714285,0,3.775018256643544,0,0.4966431061426798,0,0,0.16271826038277595,0
669,'your looking very peenile' 'hmmm the weather is a bit peeny' 'get your peen out' 'your peen my mouth?' 'peen my dry',a bit peeny get your peen out your peen my mouth peen,a bit peeny get your peen out your peen my mouth peen,is_multiword,8,8|9|10|11|12|13|14|15|16|17|18|19,0.4285714285714285,0,3.252376067638397,0,0.5523379445075989,0,0,0.16271826038277595,0
669,'your looking very peenile' 'hmmm the weather is a bit peeny' 'get your peen out' 'your peen my mouth?' 'peen my dry',a bit peeny get your peen out your peen my mouth,a bit peeny get your peen out your peen my mouth,is_multiword,8,8|9|10|11|12|13|14|15|16|17|18,0.4285714285714285,0,3.0234140596891703,0,0.660372572640578,0,0,0.16271826038277595,0
669,'your looking very peenile' 'hmmm the weather is a bit peeny' 'get your peen out' 'your peen my mouth?' 'peen my dry',a bit peeny get your peen out your peen my,a bit peeny get your peen out your peen my,is_multiword,8,8|9|10|11|12|13|14|15|16|17,0.4285714285714285,0,2.9067398011684418,0,0.6520365849137306,0,0,0.16271826038277595,0
669,'your looking very peenile' 'hmmm the weather is a bit peeny' 'get your peen out' 'your peen my mouth?' 'peen my dry',a bit peeny get your peen out your peen,a bit peeny get your peen out your peen,is_multiword,8,8|9|10|11|12|13|14|15|16,0.4285714285714285,0,2.9594899976954743,0,0.6264683206876118,0,0,0.16271826038277595,0
669,'your looking very peenile' 'hmmm the weather is a bit peeny' 'get your peen out' 'your peen my mouth?' 'peen my dry',a bit peeny get your peen out your,a bit peeny get your peen out your,is_multiword,8,8|9|10|11|12|13|14|15,0.4285714285714285,0,2.658705163002014,0,0.5132339894771576,0,0,0.16271826038277595,0
669,'your looking very peenile' 'hmmm the weather is a bit peeny' 'get your peen out' 'your peen my mouth?' 'peen my dry',a bit peeny get your peen out,a bit peeny get your peen out,is_multiword,8,8|9|10|11|12|13|14,0.4285714285714285,0,2.316510420579177,0,0.804791751007239,0,0,0.16271826038277595,0
669,'your looking very peenile' 'hmmm the weather is a bit peeny' 'get your peen out' 'your peen my mouth?' 'peen my dry',a bit peeny get your peen,a bit peeny get your peen,is_multiword,8,8|9|10|11|12|13,0.4285714285714285,0,2.669082684950395,0,0.4854440490404764,0,0,0.16271826038277595,0
669,'your looking very peenile' 'hmmm the weather is a bit peeny' 'get your peen out' 'your peen my mouth?' 'peen my dry',a bit peeny get your,a bit peeny get your,is_multiword,8,8|9|10|11|12,0.4285714285714285,0,2.332032508320278,0,0.7828009178241094,0,0,0.16271826038277595,0
669,'your looking very peenile' 'hmmm the weather is a bit peeny' 'get your peen out' 'your peen my mouth?' 'peen my dry',a bit peeny get,a bit peeny get,is_multiword,8,8|9|10|11,0.4285714285714285,0,2.1312646865844727,0,0.5924518754084904,0,0,0.16271826038277595,0
669,'your looking very peenile' 'hmmm the weather is a bit peeny' 'get your peen out' 'your peen my mouth?' 'peen my dry',a bit peeny,a bit peeny,is_multiword,8,8|9|10,0.4285714285714285,0,1.0975348552068074,0,0.9026470497871438,0,0,0.16271826038277595,0
669,'your looking very peenile' 'hmmm the weather is a bit peeny' 'get your peen out' 'your peen my mouth?' 'peen my dry',a bit,a bit,is_multiword,8,8|9,0.0,0,1.9875105619430544,1,0.2272592385609945,0,0,0.4988185214043336,1
669,'your looking very peenile' 'hmmm the weather is a bit peeny' 'get your peen out' 'your peen my mouth?' 'peen my dry',bit peeny get your peen out your peen my mouth peen my dry,bit peeny get your peen out your peen my mouth peen my dry,is_multiword,9,9|10|11|12|13|14|15|16|17|18|19|20|21,0.4285714285714285,0,4.197652562804844,0,0.9252467329303424,0,0,0.16271826038277595,0
669,'your looking very peenile' 'hmmm the weather is a bit peeny' 'get your peen out' 'your peen my mouth?' 'peen my dry',bit peeny get your peen out your peen my mouth peen my,bit peeny get your peen out your peen my mouth peen my,is_multiword,9,9|10|11|12|13|14|15|16|17|18|19|20,0.4285714285714285,0,3.731464071707292,0,0.7245911185940106,0,0,0.16271826038277595,0
669,'your looking very peenile' 'hmmm the weather is a bit peeny' 'get your peen out' 'your peen my mouth?' 'peen my dry',bit peeny get your peen out your peen my mouth peen,bit peeny get your peen out your peen my mouth peen,is_multiword,9,9|10|11|12|13|14|15|16|17|18|19,0.4285714285714285,0,3.146518167696501,0,0.8955284167701999,0,0,0.16271826038277595,0
669,'your looking very peenile' 'hmmm the weather is a bit peeny' 'get your peen out' 'your peen my mouth?' 'peen my dry',bit peeny get your peen out your peen my mouth,bit peeny get your peen out your peen my mouth,is_multiword,9,9|10|11|12|13|14|15|16|17|18,0.4285714285714285,0,2.8832728332943387,0,0.8235046695917845,0,0,0.16271826038277595,0
669,'your looking very peenile' 'hmmm the weather is a bit peeny' 'get your peen out' 'your peen my mouth?' 'peen my dry',bit peeny get your peen out your peen my,bit peeny get your peen out your peen my,is_multiword,9,9|10|11|12|13|14|15|16|17,0.4285714285714285,0,2.825152677648208,0,0.8922561329479018,0,0,0.16271826038277595,0
669,'your looking very peenile' 'hmmm the weather is a bit peeny' 'get your peen out' 'your peen my mouth?' 'peen my dry',bit peeny get your peen out your peen,bit peeny get your peen out your peen,is_multiword,9,9|10|11|12|13|14|15|16,0.4285714285714285,0,2.835803512483835,0,0.7886788009976348,0,0,0.16271826038277595,0
669,'your looking very peenile' 'hmmm the weather is a bit peeny' 'get your peen out' 'your peen my mouth?' 'peen my dry',bit peeny get your peen out your,bit peeny get your peen out your,is_multiword,9,9|10|11|12|13|14|15,0.4285714285714285,0,2.682592451572418,0,0.9059017893547812,0,0,0.16271826038277595,0
669,'your looking very peenile' 'hmmm the weather is a bit peeny' 'get your peen out' 'your peen my mouth?' 'peen my dry',bit peeny get your peen out,bit peeny get your peen out,is_multiword,9,9|10|11|12|13|14,0.4285714285714285,0,2.345355679591497,0,0.7149776468674343,0,0,0.16271826038277595,0
669,'your looking very peenile' 'hmmm the weather is a bit peeny' 'get your peen out' 'your peen my mouth?' 'peen my dry',bit peeny get your peen,bit peeny get your peen,is_multiword,9,9|10|11|12|13,0.4285714285714285,0,2.709382653236389,0,0.7732199163486561,0,0,0.16271826038277595,0
669,'your looking very peenile' 'hmmm the weather is a bit peeny' 'get your peen out' 'your peen my mouth?' 'peen my dry',bit peeny get your,bit peeny get your,is_multiword,9,9|10|11|12,0.4285714285714285,0,2.388276517391205,0,0.680524763961633,0,0,0.16271826038277595,0
669,'your looking very peenile' 'hmmm the weather is a bit peeny' 'get your peen out' 'your peen my mouth?' 'peen my dry',bit peeny get,bit peeny get,is_multiword,9,9|10|11,0.4285714285714285,0,2.0052534341812134,0,0.6491765926281612,0,0,0.16271826038277595,0
669,'your looking very peenile' 'hmmm the weather is a bit peeny' 'get your peen out' 'your peen my mouth?' 'peen my dry',bit peeny,bit peeny,is_multiword,9,9|10,0.4285714285714285,0,0.2914459228515625,0,0.9554672442997496,0,0,0.16271826038277595,0
669,'your looking very peenile' 'hmmm the weather is a bit peeny' 'get your peen out' 'your peen my mouth?' 'peen my dry',get your peen out your peen my mouth peen my dry,get your peen out your peen my mouth peen my dry,is_multiword,11,11|12|13|14|15|16|17|18|19|20|21,0.4285714285714285,0,4.358034392197927,0,0.9192035356536508,0,0,0.16271826038277595,0
669,'your looking very peenile' 'hmmm the weather is a bit peeny' 'get your peen out' 'your peen my mouth?' 'peen my dry',get your peen out your peen my mouth peen my,get your peen out your peen my mouth peen my,is_multiword,11,11|12|13|14|15|16|17|18|19|20,0.4285714285714285,0,3.9866723874036,0,0.8748858775943518,0,0,0.16271826038277595,0
669,'your looking very peenile' 'hmmm the weather is a bit peeny' 'get your peen out' 'your peen my mouth?' 'peen my dry',get your peen out your peen my mouth peen,get your peen out your peen my mouth peen,is_multiword,11,11|12|13|14|15|16|17|18|19,0.4285714285714285,0,3.134062967130116,0,0.874804594554007,0,0,0.16271826038277595,0
669,'your looking very peenile' 'hmmm the weather is a bit peeny' 'get your peen out' 'your peen my mouth?' 'peen my dry',get your peen out your peen my mouth,get your peen out your peen my mouth,is_multiword,11,11|12|13|14|15|16|17|18,0.4285714285714285,0,2.863103041282067,0,0.8665021574124694,0,0,0.16271826038277595,0
669,'your looking very peenile' 'hmmm the weather is a bit peeny' 'get your peen out' 'your peen my mouth?' 'peen my dry',get your peen out your peen my,get your peen out your peen my,is_multiword,11,11|12|13|14|15|16|17,0.4285714285714285,0,2.7539672404527664,0,0.8927757584800323,0,0,0.16271826038277595,0
669,'your looking very peenile' 'hmmm the weather is a bit peeny' 'get your peen out' 'your peen my mouth?' 'peen my dry',get your peen out your peen,get your peen out your peen,is_multiword,11,11|12|13|14|15|16,0.4285714285714285,0,2.84433959830891,0,0.3634215493996938,0,0,0.16271826038277595,0
669,'your looking very peenile' 'hmmm the weather is a bit peeny' 'get your peen out' 'your peen my mouth?' 'peen my dry',get your peen out your,get your peen out your,is_multiword,11,11|12|13|14|15,0.4285714285714285,0,3.015070676803589,0,0.7769328327849507,0,0,0.16271826038277595,0
669,'your looking very peenile' 'hmmm the weather is a bit peeny' 'get your peen out' 'your peen my mouth?' 'peen my dry',get your peen out,get your peen out,is_multiword,11,11|12|13|14,0.4285714285714285,0,2.701104368482317,0,0.463552176952362,0,0,0.16271826038277595,0
669,'your looking very peenile' 'hmmm the weather is a bit peeny' 'get your peen out' 'your peen my mouth?' 'peen my dry',get your peen,get your peen,is_multiword,11,11|12|13,0.4285714285714285,0,3.09045250415802,1,0.6053095509608586,0,0,0.4988185214043336,1
669,'your looking very peenile' 'hmmm the weather is a bit peeny' 'get your peen out' 'your peen my mouth?' 'peen my dry',get your,get your,is_multiword,11,11|12,0.0,0,2.391686757405599,0,0.4094321429729461,0,0,0.16271826038277595,0
669,'your looking very peenile' 'hmmm the weather is a bit peeny' 'get your peen out' 'your peen my mouth?' 'peen my dry',hmmm the weather is a bit peeny get your peen out your peen my mouth peen my dry,hmmm the weather is a bit peeny get your peen out your peen my mouth peen my dry,is_multiword,4,4|5|6|7|8|9|10|11|12|13|14|15|16|17|18|19|20|21,0.5714285714285714,0,4.2497378597656885,0,0.7229012623429298,0,0,0.16271826038277595,0
669,'your looking very peenile' 'hmmm the weather is a bit peeny' 'get your peen out' 'your peen my mouth?' 'peen my dry',hmmm the weather is a bit peeny get your peen out your peen my mouth peen my,hmmm the weather is a bit peeny get your peen out your peen my mouth peen my,is_multiword,4,4|5|6|7|8|9|10|11|12|13|14|15|16|17|18|19|20,0.5714285714285714,0,3.975607785685309,0,0.3430125117301941,0,0,0.16271826038277595,0
669,'your looking very peenile' 'hmmm the weather is a bit peeny' 'get your peen out' 'your peen my mouth?' 'peen my dry',hmmm the weather is a bit peeny get your peen out your peen my mouth peen,hmmm the weather is a bit peeny get your peen out your peen my mouth peen,is_multiword,4,4|5|6|7|8|9|10|11|12|13|14|15|16|17|18|19,0.5714285714285714,0,3.701122898321885,0,0.3042614459991455,0,0,0.16271826038277595,0
669,'your looking very peenile' 'hmmm the weather is a bit peeny' 'get your peen out' 'your peen my mouth?' 'peen my dry',hmmm the weather is a bit peeny get your peen out your peen my mouth,hmmm the weather is a bit peeny get your peen out your peen my mouth,is_multiword,4,4|5|6|7|8|9|10|11|12|13|14|15|16|17|18,0.5714285714285714,0,3.4090158557891845,0,0.5900365213553111,0,0,0.16271826038277595,0
669,'your looking very peenile' 'hmmm the weather is a bit peeny' 'get your peen out' 'your peen my mouth?' 'peen my dry',hmmm the weather is a bit peeny get your peen out your peen my,hmmm the weather is a bit peeny get your peen out your peen my,is_multiword,4,4|5|6|7|8|9|10|11|12|13|14|15|16|17,0.5714285714285714,0,3.033307895064354,0,0.4824432035287221,0,0,0.16271826038277595,0
669,'your looking very peenile' 'hmmm the weather is a bit peeny' 'get your peen out' 'your peen my mouth?' 'peen my dry',hmmm the weather is a bit peeny get your peen out your peen,hmmm the weather is a bit peeny get your peen out your peen,is_multiword,4,4|5|6|7|8|9|10|11|12|13|14|15|16,0.5714285714285714,0,3.0012685889783115,0,0.5098785956700642,0,0,0.16271826038277595,0
669,'your looking very peenile' 'hmmm the weather is a bit peeny' 'get your peen out' 'your peen my mouth?' 'peen my dry',hmmm the weather is a bit peeny get your peen out your,hmmm the weather is a bit peeny get your peen out your,is_multiword,4,4|5|6|7|8|9|10|11|12|13|14|15,0.5714285714285714,0,3.080288682665144,0,0.6886315358181794,0,0,0.16271826038277595,0
669,'your looking very peenile' 'hmmm the weather is a bit peeny' 'get your peen out' 'your peen my mouth?' 'peen my dry',hmmm the weather is a bit peeny get your peen out,hmmm the weather is a bit peeny get your peen out,is_multiword,4,4|5|6|7|8|9|10|11|12|13|14,0.5714285714285714,0,3.508365030351438,0,0.5882419769962628,0,0,0.16271826038277595,0
669,'your looking very peenile' 'hmmm the weather is a bit peeny' 'get your peen out' 'your peen my mouth?' 'peen my dry',hmmm the weather is a bit peeny get your peen,hmmm the weather is a bit peeny get your peen,is_multiword,4,4|5|6|7|8|9|10|11|12|13,0.5714285714285714,0,3.82345266903148,0,0.7142283112431567,0,0,0.16271826038277595,0
669,'your looking very peenile' 'hmmm the weather is a bit peeny' 'get your peen out' 'your peen my mouth?' 'peen my dry',hmmm the weather is a bit peeny get your,hmmm the weather is a bit peeny get your,is_multiword,4,4|5|6|7|8|9|10|11|12,0.5714285714285714,0,3.676532677809397,0,0.9123100526630878,0,0,0.16271826038277595,0
669,'your looking very peenile' 'hmmm the weather is a bit peeny' 'get your peen out' 'your peen my mouth?' 'peen my dry',hmmm the weather is a bit peeny get,hmmm the weather is a bit peeny get,is_multiword,4,4|5|6|7|8|9|10|11,0.5714285714285714,0,3.3666199445724487,0,0.7281217376391094,0,0,0.16271826038277595,0
669,'your looking very peenile' 'hmmm the weather is a bit peeny' 'get your peen out' 'your peen my mouth?' 'peen my dry',hmmm the weather is a bit peeny,hmmm the weather is a bit peeny,is_multiword,4,4|5|6|7|8|9|10,0.5714285714285714,0,3.85222582022349,0,0.9314254065975548,0,0,0.16271826038277595,0
669,'your looking very peenile' 'hmmm the weather is a bit peeny' 'get your peen out' 'your peen my mouth?' 'peen my dry',hmmm the weather is a bit,hmmm the weather is a bit,is_multiword,4,4|5|6|7|8|9,0.1428571428571428,0,5.087714821100235,0,0.8396078956623872,0,0,0.16271826038277595,0
669,'your looking very peenile' 'hmmm the weather is a bit peeny' 'get your peen out' 'your peen my mouth?' 'peen my dry',hmmm the weather is a,hmmm the weather is a,is_multiword,4,4|5|6|7|8,0.1428571428571428,0,4.096973317010062,0,0.8766097761690617,0,0,0.16271826038277595,0
669,'your looking very peenile' 'hmmm the weather is a bit peeny' 'get your peen out' 'your peen my mouth?' 'peen my dry',hmmm the weather is,hmmm the weather is,is_multiword,4,4|5|6|7,0.1428571428571428,0,4.5171133279800415,0,0.8207960277795792,0,0,0.16271826038277595,0
669,'your looking very peenile' 'hmmm the weather is a bit peeny' 'get your peen out' 'your peen my mouth?' 'peen my dry',hmmm the weather,hmmm the weather,is_multiword,4,4|5|6,0.1428571428571428,0,4.541213202476501,0,0.824695931126674,0,0,0.16271826038277595,0
669,'your looking very peenile' 'hmmm the weather is a bit peeny' 'get your peen out' 'your peen my mouth?' 'peen my dry',hmmm the,hmmm the,is_multiword,4,4|5,0.1428571428571428,0,2.9659643471241,0,0.648212730884552,0,0,0.16271826038277595,0
669,'your looking very peenile' 'hmmm the weather is a bit peeny' 'get your peen out' 'your peen my mouth?' 'peen my dry',is a bit peeny get your peen out your peen my mouth peen my dry,is a bit peeny get your peen out your peen my mouth peen my dry,is_multiword,7,7|8|9|10|11|12|13|14|15|16|17|18|19|20|21,0.4285714285714285,0,3.844045991897583,0,0.3783295055230459,0,0,0.16271826038277595,0
669,'your looking very peenile' 'hmmm the weather is a bit peeny' 'get your peen out' 'your peen my mouth?' 'peen my dry',is a bit peeny get your peen out your peen my mouth peen my,is a bit peeny get your peen out your peen my mouth peen my,is_multiword,7,7|8|9|10|11|12|13|14|15|16|17|18|19|20,0.4285714285714285,0,3.5662354826927185,0,0.5833224629362423,0,0,0.16271826038277595,0
669,'your looking very peenile' 'hmmm the weather is a bit peeny' 'get your peen out' 'your peen my mouth?' 'peen my dry',is a bit peeny get your peen out your peen my mouth peen,is a bit peeny get your peen out your peen my mouth peen,is_multiword,7,7|8|9|10|11|12|13|14|15|16|17|18|19,0.4285714285714285,0,3.060993029957726,0,0.2386637131373087,0,0,0.16271826038277595,0
669,'your looking very peenile' 'hmmm the weather is a bit peeny' 'get your peen out' 'your peen my mouth?' 'peen my dry',is a bit peeny get your peen out your peen my mouth,is a bit peeny get your peen out your peen my mouth,is_multiword,7,7|8|9|10|11|12|13|14|15|16|17|18,0.4285714285714285,0,2.8487568378448485,0,0.3338087896505991,0,0,0.16271826038277595,0
669,'your looking very peenile' 'hmmm the weather is a bit peeny' 'get your peen out' 'your peen my mouth?' 'peen my dry',is a bit peeny get your peen out your peen my,is a bit peeny get your peen out your peen my,is_multiword,7,7|8|9|10|11|12|13|14|15|16|17,0.4285714285714285,0,2.611149395767012,0,0.7509600470463434,0,0,0.16271826038277595,0
669,'your looking very peenile' 'hmmm the weather is a bit peeny' 'get your peen out' 'your peen my mouth?' 'peen my dry',is a bit peeny get your peen out your peen,is a bit peeny get your peen out your peen,is_multiword,7,7|8|9|10|11|12|13|14|15|16,0.4285714285714285,0,2.62488094303343,0,0.5158477251728375,0,0,0.16271826038277595,0
669,'your looking very peenile' 'hmmm the weather is a bit peeny' 'get your peen out' 'your peen my mouth?' 'peen my dry',is a bit peeny get your peen out your,is a bit peeny get your peen out your,is_multiword,7,7|8|9|10|11|12|13|14|15,0.4285714285714285,0,2.359704926609993,0,0.2087624271710714,0,0,0.16271826038277595,0
669,'your looking very peenile' 'hmmm the weather is a bit peeny' 'get your peen out' 'your peen my mouth?' 'peen my dry',is a bit peeny get your peen out,is a bit peeny get your peen out,is_multiword,7,7|8|9|10|11|12|13|14,0.4285714285714285,0,2.342984063284738,0,0.7880905245741209,0,0,0.16271826038277595,0
669,'your looking very peenile' 'hmmm the weather is a bit peeny' 'get your peen out' 'your peen my mouth?' 'peen my dry',is a bit peeny get your peen,is a bit peeny get your peen,is_multiword,7,7|8|9|10|11|12|13,0.4285714285714285,0,2.436229407787323,0,0.7050448128332694,0,0,0.16271826038277595,0
669,'your looking very peenile' 'hmmm the weather is a bit peeny' 'get your peen out' 'your peen my mouth?' 'peen my dry',is a bit peeny get your,is a bit peeny get your,is_multiword,7,7|8|9|10|11|12,0.4285714285714285,0,2.000213611125946,0,0.9819070311884084,0,0,0.16271826038277595,0
669,'your looking very peenile' 'hmmm the weather is a bit peeny' 'get your peen out' 'your peen my mouth?' 'peen my dry',is a bit peeny get,is a bit peeny get,is_multiword,7,7|8|9|10|11,0.4285714285714285,0,1.7358407179514568,0,0.6980292095492284,0,0,0.16271826038277595,0
669,'your looking very peenile' 'hmmm the weather is a bit peeny' 'get your peen out' 'your peen my mouth?' 'peen my dry',is a bit peeny,is a bit peeny,is_multiword,7,7|8|9|10,0.4285714285714285,0,1.5927380323410034,0,0.7599972793832421,0,0,0.16271826038277595,0
669,'your looking very peenile' 'hmmm the weather is a bit peeny' 'get your peen out' 'your peen my mouth?' 'peen my dry',is a bit,is a bit,is_multiword,7,7|8|9,0.0,0,1.761178294817607,0,0.8505707426617543,0,0,0.16271826038277595,0
669,'your looking very peenile' 'hmmm the weather is a bit peeny' 'get your peen out' 'your peen my mouth?' 'peen my dry',is a,is a,is_multiword,7,7|8,0.0,0,0.0,0,0.7372271629671256,0,0,0.16271826038277595,0
669,'your looking very peenile' 'hmmm the weather is a bit peeny' 'get your peen out' 'your peen my mouth?' 'peen my dry',looking very peenile hmmm the weather is a bit peeny get your peen out your peen my mouth peen my dry,looking very peenile hmmm the weather is a bit peeny get your peen out your peen my mouth peen my dry,is_multiword,1,1|2|3|4|5|6|7|8|9|10|11|12|13|14|15|16|17|18|19|20|21,0.5714285714285714,0,4.653771493169996,0,0.7701246694972118,0,0,0.16271826038277595,0
669,'your looking very peenile' 'hmmm the weather is a bit peeny' 'get your peen out' 'your peen my mouth?' 'peen my dry',looking very peenile hmmm the weather is a bit peeny get your peen out your peen my mouth peen my,looking very peenile hmmm the weather is a bit peeny get your peen out your peen my mouth peen my,is_multiword,1,1|2|3|4|5|6|7|8|9|10|11|12|13|14|15|16|17|18|19|20,0.5714285714285714,0,4.273631579535348,0,0.7780524473637342,0,0,0.16271826038277595,0
669,'your looking very peenile' 'hmmm the weather is a bit peeny' 'get your peen out' 'your peen my mouth?' 'peen my dry',looking very peenile hmmm the weather is a bit peeny get your peen out your peen my mouth peen,looking very peenile hmmm the weather is a bit peeny get your peen out your peen my mouth peen,is_multiword,1,1|2|3|4|5|6|7|8|9|10|11|12|13|14|15|16|17|18|19,0.5714285714285714,0,4.068833865225315,0,0.7780524473637342,0,0,0.16271826038277595,0
669,'your looking very peenile' 'hmmm the weather is a bit peeny' 'get your peen out' 'your peen my mouth?' 'peen my dry',looking very peenile hmmm the weather is a bit peeny get your peen out your peen my mouth,looking very peenile hmmm the weather is a bit peeny get your peen out your peen my mouth,is_multiword,1,1|2|3|4|5|6|7|8|9|10|11|12|13|14|15|16|17|18,0.5714285714285714,0,4.082236955242772,0,0.8794172517955303,0,0,0.16271826038277595,0
669,'your looking very peenile' 'hmmm the weather is a bit peeny' 'get your peen out' 'your peen my mouth?' 'peen my dry',looking very peenile hmmm the weather is a bit peeny get your peen out your peen my,looking very peenile hmmm the weather is a bit peeny get your peen out your peen my,is_multiword,1,1|2|3|4|5|6|7|8|9|10|11|12|13|14|15|16|17,0.5714285714285714,0,3.62863804101944,0,0.8794172517955303,0,0,0.16271826038277595,0
669,'your looking very peenile' 'hmmm the weather is a bit peeny' 'get your peen out' 'your peen my mouth?' 'peen my dry',looking very peenile hmmm the weather is a bit peeny get your peen out your peen,looking very peenile hmmm the weather is a bit peeny get your peen out your peen,is_multiword,1,1|2|3|4|5|6|7|8|9|10|11|12|13|14|15|16,0.5714285714285714,0,3.546943528898831,0,0.8794014317293962,0,0,0.16271826038277595,0
669,'your looking very peenile' 'hmmm the weather is a bit peeny' 'get your peen out' 'your peen my mouth?' 'peen my dry',looking very peenile hmmm the weather is a bit peeny get your peen out your,looking very peenile hmmm the weather is a bit peeny get your peen out your,is_multiword,1,1|2|3|4|5|6|7|8|9|10|11|12|13|14|15,0.5714285714285714,0,3.4410132986527904,0,0.8367496480544409,0,0,0.16271826038277595,0
669,'your looking very peenile' 'hmmm the weather is a bit peeny' 'get your peen out' 'your peen my mouth?' 'peen my dry',looking very peenile hmmm the weather is a bit peeny get your peen out,looking very peenile hmmm the weather is a bit peeny get your peen out,is_multiword,1,1|2|3|4|5|6|7|8|9|10|11|12|13|14,0.5714285714285714,0,3.3642908191680907,0,0.8157358740766844,0,0,0.16271826038277595,0
669,'your looking very peenile' 'hmmm the weather is a bit peeny' 'get your peen out' 'your peen my mouth?' 'peen my dry',looking very peenile hmmm the weather is a bit peeny get your peen,looking very peenile hmmm the weather is a bit peeny get your peen,is_multiword,1,1|2|3|4|5|6|7|8|9|10|11|12|13,0.5714285714285714,0,3.900771972925767,0,0.5950972214341164,0,0,0.16271826038277595,0
669,'your looking very peenile' 'hmmm the weather is a bit peeny' 'get your peen out' 'your peen my mouth?' 'peen my dry',looking very peenile hmmm the weather is a bit peeny get your,looking very peenile hmmm the weather is a bit peeny get your,is_multiword,1,1|2|3|4|5|6|7|8|9|10|11|12,0.5714285714285714,0,4.102806928611937,0,0.9729323259865243,0,0,0.16271826038277595,0
669,'your looking very peenile' 'hmmm the weather is a bit peeny' 'get your peen out' 'your peen my mouth?' 'peen my dry',looking very peenile hmmm the weather is a bit peeny get,looking very peenile hmmm the weather is a bit peeny get,is_multiword,1,1|2|3|4|5|6|7|8|9|10|11,0.5714285714285714,0,4.230319774150848,0,0.8323961148659388,0,0,0.16271826038277595,0
669,'your looking very peenile' 'hmmm the weather is a bit peeny' 'get your peen out' 'your peen my mouth?' 'peen my dry',looking very peenile hmmm the weather is a bit peeny,looking very peenile hmmm the weather is a bit peeny,is_multiword,1,1|2|3|4|5|6|7|8|9|10,0.5714285714285714,0,4.788120832708147,0,0.216866393884023,0,0,0.16271826038277595,0
669,'your looking very peenile' 'hmmm the weather is a bit peeny' 'get your peen out' 'your peen my mouth?' 'peen my dry',looking very peenile hmmm the weather is a bit,looking very peenile hmmm the weather is a bit,is_multiword,1,1|2|3|4|5|6|7|8|9,0.5714285714285714,0,6.360272724713598,0,0.2809432943662008,0,0,0.16271826038277595,0
669,'your looking very peenile' 'hmmm the weather is a bit peeny' 'get your peen out' 'your peen my mouth?' 'peen my dry',looking very peenile hmmm the weather is a,looking very peenile hmmm the weather is a,is_multiword,1,1|2|3|4|5|6|7|8,0.5714285714285714,0,5.098669451016646,0,0.5622128024697304,0,0,0.16271826038277595,0
669,'your looking very peenile' 'hmmm the weather is a bit peeny' 'get your peen out' 'your peen my mouth?' 'peen my dry',looking very peenile hmmm the weather is,looking very peenile hmmm the weather is,is_multiword,1,1|2|3|4|5|6|7,0.5714285714285714,0,5.549263296027978,0,0.8290924973164996,0,0,0.16271826038277595,0
669,'your looking very peenile' 'hmmm the weather is a bit peeny' 'get your peen out' 'your peen my mouth?' 'peen my dry',looking very peenile hmmm the weather,looking very peenile hmmm the weather,is_multiword,1,1|2|3|4|5|6,0.5714285714285714,0,5.2514159896157,0,0.7308516427874565,0,0,0.16271826038277595,0
669,'your looking very peenile' 'hmmm the weather is a bit peeny' 'get your peen out' 'your peen my mouth?' 'peen my dry',looking very peenile hmmm the,looking very peenile hmmm the,is_multiword,1,1|2|3|4|5,0.5714285714285714,0,4.983391183614731,0,0.990517497373124,1,0,0.4334338556297024,0
669,'your looking very peenile' 'hmmm the weather is a bit peeny' 'get your peen out' 'your peen my mouth?' 'peen my dry',looking very peenile hmmm,looking very peenile hmmm,is_multiword,1,1|2|3|4,0.5714285714285714,0,5.3282886081271705,0,0.7649569176137447,0,0,0.16271826038277595,0
669,'your looking very peenile' 'hmmm the weather is a bit peeny' 'get your peen out' 'your peen my mouth?' 'peen my dry',looking very peenile,looking very peenile,is_multiword,1,1|2|3,0.4285714285714285,0,5.147134957214196,0,0.7176892744998138,0,0,0.16271826038277595,0
669,'your looking very peenile' 'hmmm the weather is a bit peeny' 'get your peen out' 'your peen my mouth?' 'peen my dry',looking very,looking very,is_multiword,1,1|2,0.0,0,3.2860010862350464,0,0.8083472922444344,0,0,0.16271826038277595,0
669,'your looking very peenile' 'hmmm the weather is a bit peeny' 'get your peen out' 'your peen my mouth?' 'peen my dry',mouth peen my dry,mouth peen my dry,is_multiword,18,18|19|20|21,0.4285714285714285,0,4.256448755661647,0,0.7073895974705617,0,0,0.16271826038277595,0
669,'your looking very peenile' 'hmmm the weather is a bit peeny' 'get your peen out' 'your peen my mouth?' 'peen my dry',mouth peen my,mouth peen my,is_multiword,18,18|19|20,0.4285714285714285,0,2.163373589515686,0,0.892715580140551,0,0,0.16271826038277595,0
669,'your looking very peenile' 'hmmm the weather is a bit peeny' 'get your peen out' 'your peen my mouth?' 'peen my dry',mouth peen,mouth peen,is_multiword,18,18|19,0.4285714285714285,0,5.489553504623473,0,0.7951628798618913,0,0,0.16271826038277595,0
669,'your looking very peenile' 'hmmm the weather is a bit peeny' 'get your peen out' 'your peen my mouth?' 'peen my dry',my dry,my dry,is_multiword,20,20|21,0.0,0,2.836453497409821,0,0.6722419758637745,0,0,0.16271826038277595,0
669,'your looking very peenile' 'hmmm the weather is a bit peeny' 'get your peen out' 'your peen my mouth?' 'peen my dry',my mouth peen my dry,my mouth peen my dry,is_multiword,17,17|18|19|20|21,0.4285714285714285,0,5.080727270671299,0,0.770008405049642,0,0,0.16271826038277595,0
669,'your looking very peenile' 'hmmm the weather is a bit peeny' 'get your peen out' 'your peen my mouth?' 'peen my dry',my mouth peen my,my mouth peen my,is_multiword,17,17|18|19|20,0.4285714285714285,0,4.869325002034505,0,0.9019646712889274,0,0,0.16271826038277595,0
669,'your looking very peenile' 'hmmm the weather is a bit peeny' 'get your peen out' 'your peen my mouth?' 'peen my dry',my mouth peen,my mouth peen,is_multiword,17,17|18|19,0.4285714285714285,0,5.433363595356544,0,0.8914931615193685,0,0,0.16271826038277595,0
669,'your looking very peenile' 'hmmm the weather is a bit peeny' 'get your peen out' 'your peen my mouth?' 'peen my dry',my mouth,my mouth,is_multiword,17,17|18,0.0,0,5.582519292831421,1,0.7739791721105576,0,0,0.4988185214043336,1
669,'your looking very peenile' 'hmmm the weather is a bit peeny' 'get your peen out' 'your peen my mouth?' 'peen my dry',out your peen my mouth peen my dry,out your peen my mouth peen my dry,is_multiword,14,14|15|16|17|18|19|20|21,0.4285714285714285,0,4.555635835115727,0,0.377653956413269,0,0,0.16271826038277595,0
669,'your looking very peenile' 'hmmm the weather is a bit peeny' 'get your peen out' 'your peen my mouth?' 'peen my dry',out your peen my mouth peen my,out your peen my mouth peen my,is_multiword,14,14|15|16|17|18|19|20,0.4285714285714285,0,4.05199309438467,0,0.3957085609436035,0,0,0.16271826038277595,0
669,'your looking very peenile' 'hmmm the weather is a bit peeny' 'get your peen out' 'your peen my mouth?' 'peen my dry',out your peen my mouth peen,out your peen my mouth peen,is_multiword,14,14|15|16|17|18|19,0.4285714285714285,0,3.2771694196595087,0,0.4064995547135671,0,0,0.16271826038277595,0
669,'your looking very peenile' 'hmmm the weather is a bit peeny' 'get your peen out' 'your peen my mouth?' 'peen my dry',out your peen my mouth,out your peen my mouth,is_multiword,14,14|15|16|17|18,0.4285714285714285,0,2.8258762657642365,0,0.5907018184661865,0,0,0.16271826038277595,0
669,'your looking very peenile' 'hmmm the weather is a bit peeny' 'get your peen out' 'your peen my mouth?' 'peen my dry',out your peen my,out your peen my,is_multiword,14,14|15|16|17,0.4285714285714285,0,2.5679352964673723,0,0.5024554928143818,0,0,0.16271826038277595,0
669,'your looking very peenile' 'hmmm the weather is a bit peeny' 'get your peen out' 'your peen my mouth?' 'peen my dry',out your peen,out your peen,is_multiword,14,14|15|16,0.4285714285714285,0,2.6612994646032653,0,0.5024909575780232,0,0,0.16271826038277595,0
669,'your looking very peenile' 'hmmm the weather is a bit peeny' 'get your peen out' 'your peen my mouth?' 'peen my dry',out your,out your,is_multiword,14,14|15,0.0,0,4.37991800904274,1,0.7025061460832756,0,0,0.4988185214043336,1
669,'your looking very peenile' 'hmmm the weather is a bit peeny' 'get your peen out' 'your peen my mouth?' 'peen my dry',peen my dry,peen my dry,is_multiword,19,19|20|21,0.4285714285714285,0,4.099520027637482,1,0.9675857399900756,1,0,0.7966618291597674,1
669,'your looking very peenile' 'hmmm the weather is a bit peeny' 'get your peen out' 'your peen my mouth?' 'peen my dry',peen my mouth peen my dry,peen my mouth peen my dry,is_multiword,16,16|17|18|19|20|21,0.4285714285714285,0,3.865211115943061,0,0.6917019536097844,0,0,0.16271826038277595,0
669,'your looking very peenile' 'hmmm the weather is a bit peeny' 'get your peen out' 'your peen my mouth?' 'peen my dry',peen my mouth peen my,peen my mouth peen my,is_multiword,16,16|17|18|19|20,0.4285714285714285,0,3.2333259880542755,0,0.662155161301295,0,0,0.16271826038277595,0
669,'your looking very peenile' 'hmmm the weather is a bit peeny' 'get your peen out' 'your peen my mouth?' 'peen my dry',peen my mouth peen,peen my mouth peen,is_multiword,16,16|17|18|19,0.4285714285714285,0,3.321314219385385,0,0.7196538348992665,0,0,0.16271826038277595,0
669,'your looking very peenile' 'hmmm the weather is a bit peeny' 'get your peen out' 'your peen my mouth?' 'peen my dry',peen my mouth,peen my mouth,is_multiword,16,16|17|18,0.4285714285714285,0,2.9590424299240112,0,0.8368233929698666,0,0,0.16271826038277595,0
669,'your looking very peenile' 'hmmm the weather is a bit peeny' 'get your peen out' 'your peen my mouth?' 'peen my dry',peen my,peen my,is_multiword,16,16|17,0.4285714285714285,0,1.1390304565429688,0,0.9083704793204864,1,0,0.4334338556297024,0
669,'your looking very peenile' 'hmmm the weather is a bit peeny' 'get your peen out' 'your peen my mouth?' 'peen my dry',peen out your peen my mouth peen my dry,peen out your peen my mouth peen my dry,is_multiword,13,13|14|15|16|17|18|19|20|21,0.4285714285714285,0,4.315224901835124,0,0.8409014893695712,0,0,0.16271826038277595,0
669,'your looking very peenile' 'hmmm the weather is a bit peeny' 'get your peen out' 'your peen my mouth?' 'peen my dry',peen out your peen my mouth peen my,peen out your peen my mouth peen my,is_multiword,13,13|14|15|16|17|18|19|20,0.4285714285714285,0,3.8155839102608815,0,0.4288186033566793,0,0,0.16271826038277595,0
669,'your looking very peenile' 'hmmm the weather is a bit peeny' 'get your peen out' 'your peen my mouth?' 'peen my dry',peen out your peen my mouth peen,peen out your peen my mouth peen,is_multiword,13,13|14|15|16|17|18|19,0.4285714285714285,0,3.218655055219477,0,0.4263014694054922,0,0,0.16271826038277595,0
669,'your looking very peenile' 'hmmm the weather is a bit peeny' 'get your peen out' 'your peen my mouth?' 'peen my dry',peen out your peen my mouth,peen out your peen my mouth,is_multiword,13,13|14|15|16|17|18,0.4285714285714285,0,2.7855110257864,0,0.6483137706915538,0,0,0.16271826038277595,0
669,'your looking very peenile' 'hmmm the weather is a bit peeny' 'get your peen out' 'your peen my mouth?' 'peen my dry',peen out your peen my,peen out your peen my,is_multiword,13,13|14|15|16|17,0.4285714285714285,0,2.246158606476254,0,0.5207400719324748,0,0,0.16271826038277595,0
669,'your looking very peenile' 'hmmm the weather is a bit peeny' 'get your peen out' 'your peen my mouth?' 'peen my dry',peen out your peen,peen out your peen,is_multiword,13,13|14|15|16,0.4285714285714285,0,1.7704248428344729,0,0.4394995073477427,0,0,0.16271826038277595,0
669,'your looking very peenile' 'hmmm the weather is a bit peeny' 'get your peen out' 'your peen my mouth?' 'peen my dry',peen out your,peen out your,is_multiword,13,13|14|15,0.4285714285714285,0,2.4991639455159507,0,0.758829747637113,0,0,0.16271826038277595,0
669,'your looking very peenile' 'hmmm the weather is a bit peeny' 'get your peen out' 'your peen my mouth?' 'peen my dry',peen out,peen out,is_multiword,13,13|14,0.4285714285714285,0,0.4562912583351135,0,0.989129618741572,1,0,0.4334338556297024,0
669,'your looking very peenile' 'hmmm the weather is a bit peeny' 'get your peen out' 'your peen my mouth?' 'peen my dry',peenile hmmm the weather is a bit peeny get your peen out your peen my mouth peen my dry,peenile hmmm the weather is a bit peeny get your peen out your peen my mouth peen my dry,is_multiword,3,3|4|5|6|7|8|9|10|11|12|13|14|15|16|17|18|19|20|21,0.5714285714285714,0,4.786957870511448,0,0.927838260307908,0,0,0.16271826038277595,0
669,'your looking very peenile' 'hmmm the weather is a bit peeny' 'get your peen out' 'your peen my mouth?' 'peen my dry',peenile hmmm the weather is a bit peeny get your peen out your peen my mouth peen my,peenile hmmm the weather is a bit peeny get your peen out your peen my mouth peen my,is_multiword,3,3|4|5|6|7|8|9|10|11|12|13|14|15|16|17|18|19|20,0.5714285714285714,0,4.39850009210182,0,0.7678873507926861,0,0,0.16271826038277595,0
669,'your looking very peenile' 'hmmm the weather is a bit peeny' 'get your peen out' 'your peen my mouth?' 'peen my dry',peenile hmmm the weather is a bit peeny get your peen out your peen my mouth peen,peenile hmmm the weather is a bit peeny get your peen out your peen my mouth peen,is_multiword,3,3|4|5|6|7|8|9|10|11|12|13|14|15|16|17|18|19,0.5714285714285714,0,3.994640115896861,0,0.8871863161524137,0,0,0.16271826038277595,0
669,'your looking very peenile' 'hmmm the weather is a bit peeny' 'get your peen out' 'your peen my mouth?' 'peen my dry',peenile hmmm the weather is a bit peeny get your peen out your peen my mouth,peenile hmmm the weather is a bit peeny get your peen out your peen my mouth,is_multiword,3,3|4|5|6|7|8|9|10|11|12|13|14|15|16|17|18,0.5714285714285714,0,3.978184469814958,0,0.8224265792717537,0,0,0.16271826038277595,0
669,'your looking very peenile' 'hmmm the weather is a bit peeny' 'get your peen out' 'your peen my mouth?' 'peen my dry',peenile hmmm the weather is a bit peeny get your peen out your peen my,peenile hmmm the weather is a bit peeny get your peen out your peen my,is_multiword,3,3|4|5|6|7|8|9|10|11|12|13|14|15|16|17,0.5714285714285714,0,3.617813859667097,0,0.7771839325626692,0,0,0.16271826038277595,0
669,'your looking very peenile' 'hmmm the weather is a bit peeny' 'get your peen out' 'your peen my mouth?' 'peen my dry',peenile hmmm the weather is a bit peeny get your peen out your peen,peenile hmmm the weather is a bit peeny get your peen out your peen,is_multiword,3,3|4|5|6|7|8|9|10|11|12|13|14|15|16,0.5714285714285714,0,3.5371997665475914,0,0.7695105274518331,0,0,0.16271826038277595,0
669,'your looking very peenile' 'hmmm the weather is a bit peeny' 'get your peen out' 'your peen my mouth?' 'peen my dry',peenile hmmm the weather is a bit peeny get your peen out your,peenile hmmm the weather is a bit peeny get your peen out your,is_multiword,3,3|4|5|6|7|8|9|10|11|12|13|14|15,0.5714285714285714,0,3.700169513225555,0,0.8669043878714243,0,0,0.16271826038277595,0
669,'your looking very peenile' 'hmmm the weather is a bit peeny' 'get your peen out' 'your peen my mouth?' 'peen my dry',peenile hmmm the weather is a bit peeny get your peen out,peenile hmmm the weather is a bit peeny get your peen out,is_multiword,3,3|4|5|6|7|8|9|10|11|12|13|14,0.5714285714285714,0,3.756013237911722,0,0.7478606514632702,0,0,0.16271826038277595,0
669,'your looking very peenile' 'hmmm the weather is a bit peeny' 'get your peen out' 'your peen my mouth?' 'peen my dry',peenile hmmm the weather is a bit peeny get your peen,peenile hmmm the weather is a bit peeny get your peen,is_multiword,3,3|4|5|6|7|8|9|10|11|12|13,0.5714285714285714,0,4.147067052977426,0,0.8340824308494726,0,0,0.16271826038277595,0
669,'your looking very peenile' 'hmmm the weather is a bit peeny' 'get your peen out' 'your peen my mouth?' 'peen my dry',peenile hmmm the weather is a bit peeny get your,peenile hmmm the weather is a bit peeny get your,is_multiword,3,3|4|5|6|7|8|9|10|11|12,0.5714285714285714,0,4.172372726233382,0,0.8935040409366289,0,0,0.16271826038277595,0
669,'your looking very peenile' 'hmmm the weather is a bit peeny' 'get your peen out' 'your peen my mouth?' 'peen my dry',peenile hmmm the weather is a bit peeny get,peenile hmmm the weather is a bit peeny get,is_multiword,3,3|4|5|6|7|8|9|10|11,0.5714285714285714,0,3.7096876038445368,0,0.8729361842075983,0,0,0.16271826038277595,0
669,'your looking very peenile' 'hmmm the weather is a bit peeny' 'get your peen out' 'your peen my mouth?' 'peen my dry',peenile hmmm the weather is a bit peeny,peenile hmmm the weather is a bit peeny,is_multiword,3,3|4|5|6|7|8|9|10,0.5714285714285714,0,4.320122890174389,0,0.6803899854421616,0,0,0.16271826038277595,0
669,'your looking very peenile' 'hmmm the weather is a bit peeny' 'get your peen out' 'your peen my mouth?' 'peen my dry',peenile hmmm the weather is a bit,peenile hmmm the weather is a bit,is_multiword,3,3|4|5|6|7|8|9,0.5714285714285714,0,5.555133432149887,0,0.4508145451545715,0,0,0.16271826038277595,0
669,'your looking very peenile' 'hmmm the weather is a bit peeny' 'get your peen out' 'your peen my mouth?' 'peen my dry',peenile hmmm the weather is a,peenile hmmm the weather is a,is_multiword,3,3|4|5|6|7|8,0.5714285714285714,0,4.444625621492213,0,0.4087948401769002,0,0,0.16271826038277595,0
669,'your looking very peenile' 'hmmm the weather is a bit peeny' 'get your peen out' 'your peen my mouth?' 'peen my dry',peenile hmmm the weather is,peenile hmmm the weather is,is_multiword,3,3|4|5|6|7,0.5714285714285714,0,4.929792445898056,0,0.8233489831909537,0,0,0.16271826038277595,0
669,'your looking very peenile' 'hmmm the weather is a bit peeny' 'get your peen out' 'your peen my mouth?' 'peen my dry',peenile hmmm the weather,peenile hmmm the weather,is_multiword,3,3|4|5|6,0.5714285714285714,0,4.775028632746802,0,0.4953029751777649,0,0,0.16271826038277595,0
669,'your looking very peenile' 'hmmm the weather is a bit peeny' 'get your peen out' 'your peen my mouth?' 'peen my dry',peenile hmmm the,peenile hmmm the,is_multiword,3,3|4|5,0.5714285714285714,0,4.170931808650494,0,0.9769990170995394,0,0,0.16271826038277595,0
669,'your looking very peenile' 'hmmm the weather is a bit peeny' 'get your peen out' 'your peen my mouth?' 'peen my dry',peenile hmmm,peenile hmmm,is_multiword,3,3|4,0.5714285714285714,0,4.2903834240777154,1,0.932392794638872,0,0,0.4988185214043336,1
669,'your looking very peenile' 'hmmm the weather is a bit peeny' 'get your peen out' 'your peen my mouth?' 'peen my dry',peeny get your peen out your peen my mouth peen my dry,peeny get your peen out your peen my mouth peen my dry,is_multiword,10,10|11|12|13|14|15|16|17|18|19|20|21,0.4285714285714285,0,4.307784719900652,0,0.7820465319479505,0,0,0.16271826038277595,0
669,'your looking very peenile' 'hmmm the weather is a bit peeny' 'get your peen out' 'your peen my mouth?' 'peen my dry',peeny get your peen out your peen my mouth peen my,peeny get your peen out your peen my mouth peen my,is_multiword,10,10|11|12|13|14|15|16|17|18|19|20,0.4285714285714285,0,3.977232092902774,0,0.5822117527325947,0,0,0.16271826038277595,0
669,'your looking very peenile' 'hmmm the weather is a bit peeny' 'get your peen out' 'your peen my mouth?' 'peen my dry',peeny get your peen out your peen my mouth peen,peeny get your peen out your peen my mouth peen,is_multiword,10,10|11|12|13|14|15|16|17|18|19,0.4285714285714285,0,3.284817417462667,0,0.9753912376860776,0,0,0.16271826038277595,0
669,'your looking very peenile' 'hmmm the weather is a bit peeny' 'get your peen out' 'your peen my mouth?' 'peen my dry',peeny get your peen out your peen my mouth,peeny get your peen out your peen my mouth,is_multiword,10,10|11|12|13|14|15|16|17|18,0.4285714285714285,0,3.038017006481395,0,0.8078717542812228,0,0,0.16271826038277595,0
669,'your looking very peenile' 'hmmm the weather is a bit peeny' 'get your peen out' 'your peen my mouth?' 'peen my dry',peeny get your peen out your peen my,peeny get your peen out your peen my,is_multiword,10,10|11|12|13|14|15|16|17,0.4285714285714285,0,2.9851741306483746,0,0.783809807151556,0,0,0.16271826038277595,0
669,'your looking very peenile' 'hmmm the weather is a bit peeny' 'get your peen out' 'your peen my mouth?' 'peen my dry',peeny get your peen out your peen,peeny get your peen out your peen,is_multiword,10,10|11|12|13|14|15|16,0.4285714285714285,0,3.026172137260437,0,0.8242320194840431,0,0,0.16271826038277595,0
669,'your looking very peenile' 'hmmm the weather is a bit peeny' 'get your peen out' 'your peen my mouth?' 'peen my dry',peeny get your peen out your,peeny get your peen out your,is_multiword,10,10|11|12|13|14|15,0.4285714285714285,0,2.7666214612814097,0,0.4905816713968912,0,0,0.16271826038277595,0
669,'your looking very peenile' 'hmmm the weather is a bit peeny' 'get your peen out' 'your peen my mouth?' 'peen my dry',peeny get your peen out,peeny get your peen out,is_multiword,10,10|11|12|13|14,0.4285714285714285,0,2.324471246112477,0,0.7671925245473782,0,0,0.16271826038277595,0
669,'your looking very peenile' 'hmmm the weather is a bit peeny' 'get your peen out' 'your peen my mouth?' 'peen my dry',peeny get your peen,peeny get your peen,is_multiword,10,10|11|12|13,0.4285714285714285,0,2.8830880324045816,0,0.5814179281393688,0,0,0.16271826038277595,0
669,'your looking very peenile' 'hmmm the weather is a bit peeny' 'get your peen out' 'your peen my mouth?' 'peen my dry',peeny get your,peeny get your,is_multiword,10,10|11|12,0.4285714285714285,0,2.6857780388423373,0,0.6899536053339641,0,0,0.16271826038277595,0
669,'your looking very peenile' 'hmmm the weather is a bit peeny' 'get your peen out' 'your peen my mouth?' 'peen my dry',peeny get,peeny get,is_multiword,10,10|11,0.4285714285714285,0,2.406640271345774,0,0.9906352860853076,1,0,0.4334338556297024,0
669,'your looking very peenile' 'hmmm the weather is a bit peeny' 'get your peen out' 'your peen my mouth?' 'peen my dry',the weather is a bit peeny get your peen out your peen my mouth peen my dry,the weather is a bit peeny get your peen out your peen my mouth peen my dry,is_multiword,5,5|6|7|8|9|10|11|12|13|14|15|16|17|18|19|20|21,0.4285714285714285,0,3.758916241151315,0,0.4980099350214004,0,0,0.16271826038277595,0
669,'your looking very peenile' 'hmmm the weather is a bit peeny' 'get your peen out' 'your peen my mouth?' 'peen my dry',the weather is a bit peeny get your peen out your peen my mouth peen my,the weather is a bit peeny get your peen out your peen my mouth peen my,is_multiword,5,5|6|7|8|9|10|11|12|13|14|15|16|17|18|19|20,0.4285714285714285,0,3.550104558467865,0,0.5177835524082184,0,0,0.16271826038277595,0
669,'your looking very peenile' 'hmmm the weather is a bit peeny' 'get your peen out' 'your peen my mouth?' 'peen my dry',the weather is a bit peeny get your peen out your peen my mouth peen,the weather is a bit peeny get your peen out your peen my mouth peen,is_multiword,5,5|6|7|8|9|10|11|12|13|14|15|16|17|18|19,0.4285714285714285,0,3.011929444644762,0,0.7670856068531672,0,0,0.16271826038277595,0
669,'your looking very peenile' 'hmmm the weather is a bit peeny' 'get your peen out' 'your peen my mouth?' 'peen my dry',the weather is a bit peeny get your peen out your peen my mouth,the weather is a bit peeny get your peen out your peen my mouth,is_multiword,5,5|6|7|8|9|10|11|12|13|14|15|16|17|18,0.4285714285714285,0,2.9088101874698293,0,0.8047752473503351,0,0,0.16271826038277595,0
669,'your looking very peenile' 'hmmm the weather is a bit peeny' 'get your peen out' 'your peen my mouth?' 'peen my dry',the weather is a bit peeny get your peen out your peen my,the weather is a bit peeny get your peen out your peen my,is_multiword,5,5|6|7|8|9|10|11|12|13|14|15|16|17,0.4285714285714285,0,2.7608446251778376,0,0.7109490695099037,0,0,0.16271826038277595,0
669,'your looking very peenile' 'hmmm the weather is a bit peeny' 'get your peen out' 'your peen my mouth?' 'peen my dry',the weather is a bit peeny get your peen out your peen,the weather is a bit peeny get your peen out your peen,is_multiword,5,5|6|7|8|9|10|11|12|13|14|15|16,0.4285714285714285,0,2.832811716198921,0,0.7959613911807537,0,0,0.16271826038277595,0
669,'your looking very peenile' 'hmmm the weather is a bit peeny' 'get your peen out' 'your peen my mouth?' 'peen my dry',the weather is a bit peeny get your peen out your,the weather is a bit peeny get your peen out your,is_multiword,5,5|6|7|8|9|10|11|12|13|14|15,0.4285714285714285,0,2.8131368425157337,0,0.8058180610338846,0,0,0.16271826038277595,0
669,'your looking very peenile' 'hmmm the weather is a bit peeny' 'get your peen out' 'your peen my mouth?' 'peen my dry',the weather is a bit peeny get your peen out,the weather is a bit peeny get your peen out,is_multiword,5,5|6|7|8|9|10|11|12|13|14,0.4285714285714285,0,3.330762758851052,0,0.4766597151756286,0,0,0.16271826038277595,0
669,'your looking very peenile' 'hmmm the weather is a bit peeny' 'get your peen out' 'your peen my mouth?' 'peen my dry',the weather is a bit peeny get your peen,the weather is a bit peeny get your peen,is_multiword,5,5|6|7|8|9|10|11|12|13,0.4285714285714285,0,3.3717070477349416,0,0.8291372436409196,0,0,0.16271826038277595,0
669,'your looking very peenile' 'hmmm the weather is a bit peeny' 'get your peen out' 'your peen my mouth?' 'peen my dry',the weather is a bit peeny get your,the weather is a bit peeny get your,is_multiword,5,5|6|7|8|9|10|11|12,0.4285714285714285,0,3.1093664367993674,0,0.7689754432067275,0,0,0.16271826038277595,0
669,'your looking very peenile' 'hmmm the weather is a bit peeny' 'get your peen out' 'your peen my mouth?' 'peen my dry',the weather is a bit peeny get,the weather is a bit peeny get,is_multiword,5,5|6|7|8|9|10|11,0.4285714285714285,0,2.949917511506514,0,0.3552243113517761,0,0,0.16271826038277595,0
669,'your looking very peenile' 'hmmm the weather is a bit peeny' 'get your peen out' 'your peen my mouth?' 'peen my dry',the weather is a bit peeny,the weather is a bit peeny,is_multiword,5,5|6|7|8|9|10,0.4285714285714285,0,3.393214742342631,0,0.6438492710391681,0,0,0.16271826038277595,0
669,'your looking very peenile' 'hmmm the weather is a bit peeny' 'get your peen out' 'your peen my mouth?' 'peen my dry',the weather is a bit,the weather is a bit,is_multiword,5,5|6|7|8|9,0.0,0,5.302191305160522,0,0.8642987605805198,0,0,0.16271826038277595,0
669,'your looking very peenile' 'hmmm the weather is a bit peeny' 'get your peen out' 'your peen my mouth?' 'peen my dry',the weather is a,the weather is a,is_multiword,5,5|6|7|8,0.0,0,4.039352267980576,0,0.8834612686187029,0,0,0.16271826038277595,0
669,'your looking very peenile' 'hmmm the weather is a bit peeny' 'get your peen out' 'your peen my mouth?' 'peen my dry',the weather is,the weather is,is_multiword,5,5|6|7,0.0,0,5.157883922259013,0,0.5743501583735149,0,0,0.16271826038277595,0
669,'your looking very peenile' 'hmmm the weather is a bit peeny' 'get your peen out' 'your peen my mouth?' 'peen my dry',the weather,the weather,is_multiword,5,5|6,0.0,0,4.868089735507965,0,0.7009729202836752,0,0,0.16271826038277595,0
669,'your looking very peenile' 'hmmm the weather is a bit peeny' 'get your peen out' 'your peen my mouth?' 'peen my dry',very peenile hmmm the weather is a bit peeny get your peen out your peen my mouth peen my dry,very peenile hmmm the weather is a bit peeny get your peen out your peen my mouth peen my dry,is_multiword,2,2|3|4|5|6|7|8|9|10|11|12|13|14|15|16|17|18|19|20|21,0.5714285714285714,0,4.79488799912589,0,0.5671208997567494,0,0,0.16271826038277595,0
669,'your looking very peenile' 'hmmm the weather is a bit peeny' 'get your peen out' 'your peen my mouth?' 'peen my dry',very peenile hmmm the weather is a bit peeny get your peen out your peen my mouth peen my,very peenile hmmm the weather is a bit peeny get your peen out your peen my mouth peen my,is_multiword,2,2|3|4|5|6|7|8|9|10|11|12|13|14|15|16|17|18|19|20,0.5714285714285714,0,4.4161514885285325,0,0.5978622734546661,0,0,0.16271826038277595,0
669,'your looking very peenile' 'hmmm the weather is a bit peeny' 'get your peen out' 'your peen my mouth?' 'peen my dry',very peenile hmmm the weather is a bit peeny get your peen out your peen my mouth peen,very peenile hmmm the weather is a bit peeny get your peen out your peen my mouth peen,is_multiword,2,2|3|4|5|6|7|8|9|10|11|12|13|14|15|16|17|18|19,0.5714285714285714,0,4.074716575684086,0,0.6475935479005177,0,0,0.16271826038277595,0
669,'your looking very peenile' 'hmmm the weather is a bit peeny' 'get your peen out' 'your peen my mouth?' 'peen my dry',very peenile hmmm the weather is a bit peeny get your peen out your peen my mouth,very peenile hmmm the weather is a bit peeny get your peen out your peen my mouth,is_multiword,2,2|3|4|5|6|7|8|9|10|11|12|13|14|15|16|17|18,0.5714285714285714,0,4.097926398118337,0,0.6532422316571076,0,0,0.16271826038277595,0
669,'your looking very peenile' 'hmmm the weather is a bit peeny' 'get your peen out' 'your peen my mouth?' 'peen my dry',very peenile hmmm the weather is a bit peeny get your peen out your peen my,very peenile hmmm the weather is a bit peeny get your peen out your peen my,is_multiword,2,2|3|4|5|6|7|8|9|10|11|12|13|14|15|16|17,0.5714285714285714,0,3.640239258264673,0,0.6532422316571076,0,0,0.16271826038277595,0
669,'your looking very peenile' 'hmmm the weather is a bit peeny' 'get your peen out' 'your peen my mouth?' 'peen my dry',very peenile hmmm the weather is a bit peeny get your peen out your peen,very peenile hmmm the weather is a bit peeny get your peen out your peen,is_multiword,2,2|3|4|5|6|7|8|9|10|11|12|13|14|15|16,0.5714285714285714,0,3.502930785928453,0,0.6532422316571076,0,0,0.16271826038277595,0
669,'your looking very peenile' 'hmmm the weather is a bit peeny' 'get your peen out' 'your peen my mouth?' 'peen my dry',very peenile hmmm the weather is a bit peeny get your peen out your,very peenile hmmm the weather is a bit peeny get your peen out your,is_multiword,2,2|3|4|5|6|7|8|9|10|11|12|13|14|15,0.5714285714285714,0,3.535709743316357,0,0.6532422316571076,0,0,0.16271826038277595,0
669,'your looking very peenile' 'hmmm the weather is a bit peeny' 'get your peen out' 'your peen my mouth?' 'peen my dry',very peenile hmmm the weather is a bit peeny get your peen out,very peenile hmmm the weather is a bit peeny get your peen out,is_multiword,2,2|3|4|5|6|7|8|9|10|11|12|13|14,0.5714285714285714,0,3.502163492143154,0,0.6532422316571076,0,0,0.16271826038277595,0
669,'your looking very peenile' 'hmmm the weather is a bit peeny' 'get your peen out' 'your peen my mouth?' 'peen my dry',very peenile hmmm the weather is a bit peeny get your peen,very peenile hmmm the weather is a bit peeny get your peen,is_multiword,2,2|3|4|5|6|7|8|9|10|11|12|13,0.5714285714285714,0,3.963188011537899,0,0.6052940388520558,0,0,0.16271826038277595,0
669,'your looking very peenile' 'hmmm the weather is a bit peeny' 'get your peen out' 'your peen my mouth?' 'peen my dry',very peenile hmmm the weather is a bit peeny get your,very peenile hmmm the weather is a bit peeny get your,is_multiword,2,2|3|4|5|6|7|8|9|10|11|12,0.5714285714285714,0,3.951574735343456,0,0.6532422316571076,0,0,0.16271826038277595,0
669,'your looking very peenile' 'hmmm the weather is a bit peeny' 'get your peen out' 'your peen my mouth?' 'peen my dry',very peenile hmmm the weather is a bit peeny get,very peenile hmmm the weather is a bit peeny get,is_multiword,2,2|3|4|5|6|7|8|9|10|11,0.5714285714285714,0,3.50019853993466,0,0.6150775055090587,0,0,0.16271826038277595,0
669,'your looking very peenile' 'hmmm the weather is a bit peeny' 'get your peen out' 'your peen my mouth?' 'peen my dry',very peenile hmmm the weather is a bit peeny,very peenile hmmm the weather is a bit peeny,is_multiword,2,2|3|4|5|6|7|8|9|10,0.5714285714285714,0,4.005672914140365,0,0.2626225352287292,0,0,0.16271826038277595,0
669,'your looking very peenile' 'hmmm the weather is a bit peeny' 'get your peen out' 'your peen my mouth?' 'peen my dry',very peenile hmmm the weather is a bit,very peenile hmmm the weather is a bit,is_multiword,2,2|3|4|5|6|7|8|9,0.5714285714285714,0,5.063689075983488,0,0.560565893848737,0,0,0.16271826038277595,0
669,'your looking very peenile' 'hmmm the weather is a bit peeny' 'get your peen out' 'your peen my mouth?' 'peen my dry',very peenile hmmm the weather is a,very peenile hmmm the weather is a,is_multiword,2,2|3|4|5|6|7|8,0.5714285714285714,0,4.012361218531926,0,0.312375803788503,0,0,0.16271826038277595,0
669,'your looking very peenile' 'hmmm the weather is a bit peeny' 'get your peen out' 'your peen my mouth?' 'peen my dry',very peenile hmmm the weather is,very peenile hmmm the weather is,is_multiword,2,2|3|4|5|6|7,0.5714285714285714,0,4.44736140424555,0,0.7168590780347586,0,0,0.16271826038277595,0
669,'your looking very peenile' 'hmmm the weather is a bit peeny' 'get your peen out' 'your peen my mouth?' 'peen my dry',very peenile hmmm the weather,very peenile hmmm the weather,is_multiword,2,2|3|4|5|6,0.5714285714285714,0,4.008674240112304,0,0.4131304522355398,0,0,0.16271826038277595,0
669,'your looking very peenile' 'hmmm the weather is a bit peeny' 'get your peen out' 'your peen my mouth?' 'peen my dry',very peenile hmmm the,very peenile hmmm the,is_multiword,2,2|3|4|5,0.5714285714285714,0,3.8475469615724354,0,0.6782631380483508,0,0,0.16271826038277595,0
669,'your looking very peenile' 'hmmm the weather is a bit peeny' 'get your peen out' 'your peen my mouth?' 'peen my dry',very peenile hmmm,very peenile hmmm,is_multiword,2,2|3|4,0.5714285714285714,0,3.826128363609314,0,0.4423512319723764,0,0,0.16271826038277595,0
669,'your looking very peenile' 'hmmm the weather is a bit peeny' 'get your peen out' 'your peen my mouth?' 'peen my dry',very peenile,very peenile,is_multiword,2,2|3,0.4285714285714285,0,2.08948974609375,0,0.4048383136590322,0,0,0.16271826038277595,0
669,'your looking very peenile' 'hmmm the weather is a bit peeny' 'get your peen out' 'your peen my mouth?' 'peen my dry',weather is a bit peeny get your peen out your peen my mouth peen my dry,weather is a bit peeny get your peen out your peen my mouth peen my dry,is_multiword,6,6|7|8|9|10|11|12|13|14|15|16|17|18|19|20|21,0.4285714285714285,0,3.350681176552406,0,0.8371497063587109,0,0,0.16271826038277595,0
669,'your looking very peenile' 'hmmm the weather is a bit peeny' 'get your peen out' 'your peen my mouth?' 'peen my dry',weather is a bit peeny get your peen out your peen my mouth peen my,weather is a bit peeny get your peen out your peen my mouth peen my,is_multiword,6,6|7|8|9|10|11|12|13|14|15|16|17|18|19|20,0.4285714285714285,0,3.2998833084106445,0,0.7577539850026369,0,0,0.16271826038277595,0
669,'your looking very peenile' 'hmmm the weather is a bit peeny' 'get your peen out' 'your peen my mouth?' 'peen my dry',weather is a bit peeny get your peen out your peen my mouth peen,weather is a bit peeny get your peen out your peen my mouth peen,is_multiword,6,6|7|8|9|10|11|12|13|14|15|16|17|18|19,0.4285714285714285,0,2.7852507721294057,0,0.7597675658762455,0,0,0.16271826038277595,0
669,'your looking very peenile' 'hmmm the weather is a bit peeny' 'get your peen out' 'your peen my mouth?' 'peen my dry',weather is a bit peeny get your peen out your peen my mouth,weather is a bit peeny get your peen out your peen my mouth,is_multiword,6,6|7|8|9|10|11|12|13|14|15|16|17|18,0.4285714285714285,0,2.6175365107400075,0,0.901370882987976,0,0,0.16271826038277595,0
669,'your looking very peenile' 'hmmm the weather is a bit peeny' 'get your peen out' 'your peen my mouth?' 'peen my dry',weather is a bit peeny get your peen out your peen my,weather is a bit peeny get your peen out your peen my,is_multiword,6,6|7|8|9|10|11|12|13|14|15|16|17,0.4285714285714285,0,2.4747852265834807,0,0.5524633129437764,0,0,0.16271826038277595,0
669,'your looking very peenile' 'hmmm the weather is a bit peeny' 'get your peen out' 'your peen my mouth?' 'peen my dry',weather is a bit peeny get your peen out your peen,weather is a bit peeny get your peen out your peen,is_multiword,6,6|7|8|9|10|11|12|13|14|15|16,0.4285714285714285,0,2.591484051001699,0,0.7683914018174013,0,0,0.16271826038277595,0
669,'your looking very peenile' 'hmmm the weather is a bit peeny' 'get your peen out' 'your peen my mouth?' 'peen my dry',weather is a bit peeny get your peen out your,weather is a bit peeny get your peen out your,is_multiword,6,6|7|8|9|10|11|12|13|14|15,0.4285714285714285,0,2.45790994868559,0,0.9710245840251446,0,0,0.16271826038277595,0
669,'your looking very peenile' 'hmmm the weather is a bit peeny' 'get your peen out' 'your peen my mouth?' 'peen my dry',weather is a bit peeny get your peen out,weather is a bit peeny get your peen out,is_multiword,6,6|7|8|9|10|11|12|13|14,0.4285714285714285,0,2.4844090819358824,0,0.8552443031221628,0,0,0.16271826038277595,0
669,'your looking very peenile' 'hmmm the weather is a bit peeny' 'get your peen out' 'your peen my mouth?' 'peen my dry',weather is a bit peeny get your peen,weather is a bit peeny get your peen,is_multiword,6,6|7|8|9|10|11|12|13,0.4285714285714285,0,2.688844754145696,0,0.7628340845306715,0,0,0.16271826038277595,0
669,'your looking very peenile' 'hmmm the weather is a bit peeny' 'get your peen out' 'your peen my mouth?' 'peen my dry',weather is a bit peeny get your,weather is a bit peeny get your,is_multiword,6,6|7|8|9|10|11|12,0.4285714285714285,0,2.5615494684739546,0,0.7520027589052916,0,0,0.16271826038277595,0
669,'your looking very peenile' 'hmmm the weather is a bit peeny' 'get your peen out' 'your peen my mouth?' 'peen my dry',weather is a bit peeny get,weather is a bit peeny get,is_multiword,6,6|7|8|9|10|11,0.4285714285714285,0,2.453911137580872,0,0.5333065986633301,0,0,0.16271826038277595,0
669,'your looking very peenile' 'hmmm the weather is a bit peeny' 'get your peen out' 'your peen my mouth?' 'peen my dry',weather is a bit peeny,weather is a bit peeny,is_multiword,6,6|7|8|9|10,0.4285714285714285,0,2.327231377363205,0,0.919441856443882,0,0,0.16271826038277595,0
669,'your looking very peenile' 'hmmm the weather is a bit peeny' 'get your peen out' 'your peen my mouth?' 'peen my dry',weather is a bit,weather is a bit,is_multiword,6,6|7|8|9,0.0,0,2.746501863002777,0,0.5965227869649727,0,0,0.16271826038277595,0
669,'your looking very peenile' 'hmmm the weather is a bit peeny' 'get your peen out' 'your peen my mouth?' 'peen my dry',weather is a,weather is a,is_multiword,6,6|7|8,0.0,0,1.873175303141276,0,0.9794777445495128,1,0,0.4334338556297024,0
669,'your looking very peenile' 'hmmm the weather is a bit peeny' 'get your peen out' 'your peen my mouth?' 'peen my dry',weather is,weather is,is_multiword,6,6|7,0.0,0,2.746601104736328,0,0.2777074376742044,0,0,0.16271826038277595,0
669,'your looking very peenile' 'hmmm the weather is a bit peeny' 'get your peen out' 'your peen my mouth?' 'peen my dry',your looking very peenile hmmm the weather is a bit peeny get your peen out your peen my mouth peen my dry,your looking very peenile hmmm the weather is a bit peeny get your peen out your peen my mouth peen my dry,is_multiword,0,0|1|2|3|4|5|6|7|8|9|10|11|12|13|14|15|16|17|18|19|20|21,0.5714285714285714,1,4.991558087838663,0,0.4364956816037496,0,0,0.44261547625117437,0
669,'your looking very peenile' 'hmmm the weather is a bit peeny' 'get your peen out' 'your peen my mouth?' 'peen my dry',your looking very peenile hmmm the weather is a bit peeny get your peen out your peen my mouth peen my,your looking very peenile hmmm the weather is a bit peeny get your peen out your peen my mouth peen my,is_multiword,0,0|1|2|3|4|5|6|7|8|9|10|11|12|13|14|15|16|17|18|19|20,0.5714285714285714,0,4.597010930379232,0,0.4397146006425222,0,0,0.16271826038277595,0
669,'your looking very peenile' 'hmmm the weather is a bit peeny' 'get your peen out' 'your peen my mouth?' 'peen my dry',your looking very peenile hmmm the weather is a bit peeny get your peen out your peen my mouth peen,your looking very peenile hmmm the weather is a bit peeny get your peen out your peen my mouth peen,is_multiword,0,0|1|2|3|4|5|6|7|8|9|10|11|12|13|14|15|16|17|18|19,0.5714285714285714,0,4.378309083707405,0,0.4077404836813608,0,0,0.16271826038277595,0
669,'your looking very peenile' 'hmmm the weather is a bit peeny' 'get your peen out' 'your peen my mouth?' 'peen my dry',your looking very peenile hmmm the weather is a bit peeny get your peen out your peen my mouth,your looking very peenile hmmm the weather is a bit peeny get your peen out your peen my mouth,is_multiword,0,0|1|2|3|4|5|6|7|8|9|10|11|12|13|14|15|16|17|18,0.5714285714285714,0,4.36929776519537,0,0.7013717989126842,0,0,0.16271826038277595,0
669,'your looking very peenile' 'hmmm the weather is a bit peeny' 'get your peen out' 'your peen my mouth?' 'peen my dry',your looking very peenile hmmm the weather is a bit peeny get your peen out your peen my,your looking very peenile hmmm the weather is a bit peeny get your peen out your peen my,is_multiword,0,0|1|2|3|4|5|6|7|8|9|10|11|12|13|14|15|16|17,0.5714285714285714,0,3.896876865817655,0,0.7013717989126842,0,0,0.16271826038277595,0
669,'your looking very peenile' 'hmmm the weather is a bit peeny' 'get your peen out' 'your peen my mouth?' 'peen my dry',your looking very peenile hmmm the weather is a bit peeny get your peen out your peen,your looking very peenile hmmm the weather is a bit peeny get your peen out your peen,is_multiword,0,0|1|2|3|4|5|6|7|8|9|10|11|12|13|14|15|16,0.5714285714285714,0,3.8538466691970825,0,0.7520148120820522,0,0,0.16271826038277595,0
669,'your looking very peenile' 'hmmm the weather is a bit peeny' 'get your peen out' 'your peen my mouth?' 'peen my dry',your looking very peenile hmmm the weather is a bit peeny get your peen out your,your looking very peenile hmmm the weather is a bit peeny get your peen out your,is_multiword,0,0|1|2|3|4|5|6|7|8|9|10|11|12|13|14|15,0.5714285714285714,0,3.7920787845339095,0,0.8966847906510035,0,0,0.16271826038277595,0
669,'your looking very peenile' 'hmmm the weather is a bit peeny' 'get your peen out' 'your peen my mouth?' 'peen my dry',your looking very peenile hmmm the weather is a bit peeny get your peen out,your looking very peenile hmmm the weather is a bit peeny get your peen out,is_multiword,0,0|1|2|3|4|5|6|7|8|9|10|11|12|13|14,0.5714285714285714,0,3.4800309447141795,0,0.755108987291654,0,0,0.16271826038277595,0
669,'your looking very peenile' 'hmmm the weather is a bit peeny' 'get your peen out' 'your peen my mouth?' 'peen my dry',your looking very peenile hmmm the weather is a bit peeny get your peen,your looking very peenile hmmm the weather is a bit peeny get your peen,is_multiword,0,0|1|2|3|4|5|6|7|8|9|10|11|12|13,0.5714285714285714,0,3.804930942753951,0,0.6986977035800617,0,0,0.16271826038277595,0
669,'your looking very peenile' 'hmmm the weather is a bit peeny' 'get your peen out' 'your peen my mouth?' 'peen my dry',your looking very peenile hmmm the weather is a bit peeny get your,your looking very peenile hmmm the weather is a bit peeny get your,is_multiword,0,0|1|2|3|4|5|6|7|8|9|10|11|12,0.5714285714285714,0,3.6848767806183207,0,0.9160286088784536,0,0,0.16271826038277595,0
669,'your looking very peenile' 'hmmm the weather is a bit peeny' 'get your peen out' 'your peen my mouth?' 'peen my dry',your looking very peenile hmmm the weather is a bit peeny get,your looking very peenile hmmm the weather is a bit peeny get,is_multiword,0,0|1|2|3|4|5|6|7|8|9|10|11,0.5714285714285714,0,3.20478854292915,0,0.9514204754183688,0,0,0.16271826038277595,0
669,'your looking very peenile' 'hmmm the weather is a bit peeny' 'get your peen out' 'your peen my mouth?' 'peen my dry',your looking very peenile hmmm the weather is a bit peeny,your looking very peenile hmmm the weather is a bit peeny,is_multiword,0,0|1|2|3|4|5|6|7|8|9|10,0.5714285714285714,0,3.7506653509641934,0,0.7167359783003728,0,0,0.16271826038277595,0
669,'your looking very peenile' 'hmmm the weather is a bit peeny' 'get your peen out' 'your peen my mouth?' 'peen my dry',your looking very peenile hmmm the weather is a bit,your looking very peenile hmmm the weather is a bit,is_multiword,0,0|1|2|3|4|5|6|7|8|9,0.5714285714285714,0,5.042560736338298,0,0.7985138588895401,0,0,0.16271826038277595,0
669,'your looking very peenile' 'hmmm the weather is a bit peeny' 'get your peen out' 'your peen my mouth?' 'peen my dry',your looking very peenile hmmm the weather is a,your looking very peenile hmmm the weather is a,is_multiword,0,0|1|2|3|4|5|6|7|8,0.5714285714285714,0,4.124882400035858,0,0.9387783283988634,0,0,0.16271826038277595,0
669,'your looking very peenile' 'hmmm the weather is a bit peeny' 'get your peen out' 'your peen my mouth?' 'peen my dry',your looking very peenile hmmm the weather is,your looking very peenile hmmm the weather is,is_multiword,0,0|1|2|3|4|5|6|7,0.5714285714285714,0,4.421015207584087,0,0.5661446551481883,0,0,0.16271826038277595,0
669,'your looking very peenile' 'hmmm the weather is a bit peeny' 'get your peen out' 'your peen my mouth?' 'peen my dry',your looking very peenile hmmm the weather,your looking very peenile hmmm the weather,is_multiword,0,0|1|2|3|4|5|6,0.5714285714285714,0,4.180609454711278,0,0.8010795327524344,0,0,0.16271826038277595,0
669,'your looking very peenile' 'hmmm the weather is a bit peeny' 'get your peen out' 'your peen my mouth?' 'peen my dry',your looking very peenile hmmm the,your looking very peenile hmmm the,is_multiword,0,0|1|2|3|4|5,0.5714285714285714,0,4.0722972046245225,0,0.909532418164114,0,0,0.16271826038277595,0
669,'your looking very peenile' 'hmmm the weather is a bit peeny' 'get your peen out' 'your peen my mouth?' 'peen my dry',your looking very peenile hmmm,your looking very peenile hmmm,is_multiword,0,0|1|2|3|4,0.5714285714285714,0,4.239849829673768,0,0.9443042625983556,0,0,0.16271826038277595,0
669,'your looking very peenile' 'hmmm the weather is a bit peeny' 'get your peen out' 'your peen my mouth?' 'peen my dry',your looking very peenile,your looking very peenile,is_multiword,0,0|1|2|3,0.4285714285714285,0,3.3404981749398366,0,0.9422599648435912,0,0,0.16271826038277595,0
669,'your looking very peenile' 'hmmm the weather is a bit peeny' 'get your peen out' 'your peen my mouth?' 'peen my dry',your looking very,your looking very,is_multiword,0,0|1|2,0.0,0,7.249186193260054,0,0.8928947681561112,0,0,0.16271826038277595,0
669,'your looking very peenile' 'hmmm the weather is a bit peeny' 'get your peen out' 'your peen my mouth?' 'peen my dry',your looking,your looking,is_multiword,0,0|1,0.0,0,8.133789433166385,1,0.6438904603322346,0,0,0.4988185214043336,1
669,'your looking very peenile' 'hmmm the weather is a bit peeny' 'get your peen out' 'your peen my mouth?' 'peen my dry',your peen my mouth peen my dry,your peen my mouth peen my dry,is_multiword,15,15|16|17|18|19|20|21,0.4285714285714285,0,4.0783292055130005,0,0.7741864373286566,0,0,0.16271826038277595,0
669,'your looking very peenile' 'hmmm the weather is a bit peeny' 'get your peen out' 'your peen my mouth?' 'peen my dry',your peen my mouth peen my,your peen my mouth peen my,is_multiword,15,15|16|17|18|19|20,0.4285714285714285,0,3.428216576576233,0,0.7905795139571031,0,0,0.16271826038277595,0
669,'your looking very peenile' 'hmmm the weather is a bit peeny' 'get your peen out' 'your peen my mouth?' 'peen my dry',your peen my mouth peen,your peen my mouth peen,is_multiword,15,15|16|17|18|19,0.4285714285714285,0,2.40732730286462,0,0.7538596838712692,0,0,0.16271826038277595,0
669,'your looking very peenile' 'hmmm the weather is a bit peeny' 'get your peen out' 'your peen my mouth?' 'peen my dry',your peen my mouth,your peen my mouth,is_multiword,15,15|16|17|18,0.4285714285714285,0,2.3405176798502603,0,0.6026547004779179,0,0,0.16271826038277595,0
669,'your looking very peenile' 'hmmm the weather is a bit peeny' 'get your peen out' 'your peen my mouth?' 'peen my dry',your peen my,your peen my,is_multiword,15,15|16|17,0.4285714285714285,0,1.9759559750556943,0,0.8054306237027049,0,0,0.16271826038277595,0
669,'your looking very peenile' 'hmmm the weather is a bit peeny' 'get your peen out' 'your peen my mouth?' 'peen my dry',your peen out your peen my mouth peen my dry,your peen out your peen my mouth peen my dry,is_multiword,12,12|13|14|15|16|17|18|19|20|21,0.4285714285714285,0,4.267248906195164,0,0.8162572017560402,0,0,0.16271826038277595,0
669,'your looking very peenile' 'hmmm the weather is a bit peeny' 'get your peen out' 'your peen my mouth?' 'peen my dry',your peen out your peen my mouth peen my,your peen out your peen my mouth peen my,is_multiword,12,12|13|14|15|16|17|18|19|20,0.4285714285714285,0,3.756673987706502,0,0.5569847027460735,0,0,0.16271826038277595,0
669,'your looking very peenile' 'hmmm the weather is a bit peeny' 'get your peen out' 'your peen my mouth?' 'peen my dry',your peen out your peen my mouth peen,your peen out your peen my mouth peen,is_multiword,12,12|13|14|15|16|17|18|19,0.4285714285714285,0,2.789342897633712,0,0.9115668898448348,0,0,0.16271826038277595,0
669,'your looking very peenile' 'hmmm the weather is a bit peeny' 'get your peen out' 'your peen my mouth?' 'peen my dry',your peen out your peen my mouth,your peen out your peen my mouth,is_multiword,12,12|13|14|15|16|17|18,0.4285714285714285,0,2.3931517709385264,0,0.8373488982518514,0,0,0.16271826038277595,0
669,'your looking very peenile' 'hmmm the weather is a bit peeny' 'get your peen out' 'your peen my mouth?' 'peen my dry',your peen out your peen my,your peen out your peen my,is_multiword,12,12|13|14|15|16|17,0.4285714285714285,0,2.016151010990143,0,0.7795594974110523,0,0,0.16271826038277595,0
669,'your looking very peenile' 'hmmm the weather is a bit peeny' 'get your peen out' 'your peen my mouth?' 'peen my dry',your peen out your peen,your peen out your peen,is_multiword,12,12|13|14|15|16,0.4285714285714285,0,1.8197797271940443,0,0.8353182695185145,0,0,0.16271826038277595,0
669,'your looking very peenile' 'hmmm the weather is a bit peeny' 'get your peen out' 'your peen my mouth?' 'peen my dry',your peen out your,your peen out your,is_multiword,12,12|13|14|15,0.4285714285714285,0,2.421186787741525,0,0.3526751001675924,0,0,0.16271826038277595,0
669,'your looking very peenile' 'hmmm the weather is a bit peeny' 'get your peen out' 'your peen my mouth?' 'peen my dry',your peen out,your peen out,is_multiword,12,12|13|14,0.4285714285714285,0,0.989650011062622,0,0.7203043963139255,0,0,0.16271826038277595,0
669,'your looking very peenile' 'hmmm the weather is a bit peeny' 'get your peen out' 'your peen my mouth?' 'peen my dry',your peen,your peen,is_multiword,12,12|13,0.4285714285714285,0,1.6115405162175496,0,0.3959523340066274,0,0,0.16271826038277595,0
672,yo brate i was so hammered last night,so hammered,so hammered,is_multiword,4,4|5,0.0,0,4.595050781965256,0,0.0386295119921366,0,0,0.16271826038277595,0
672,yo brate i was so hammered last night,yo brate,yo brate,is_multiword,0,0|1,0.4285714285714285,0,6.79468560218811,0,0.7508747975031534,0,0,0.16271826038277595,0
673,i can't wait to have buenos dias sex on vacation,buenos dias sex on,buenos dias sex on,is_multiword,5,5|6|7|8,0.4285714285714285,0,7.665024608373642,0,0.4765253563721975,0,0,0.16271826038277595,0
673,i can't wait to have buenos dias sex on vacation,buenos dias sex,buenos dias sex,is_multiword,5,5|6|7,0.4285714285714285,0,10.953287482261658,0,0.5865687032540639,0,1,0.16271826038277595,0
673,i can't wait to have buenos dias sex on vacation,buenos dias,buenos dias,is_multiword,5,5|6,0.4285714285714285,0,13.886254847049711,1,0.5868809521198273,0,0,0.4988185214043336,1
673,i can't wait to have buenos dias sex on vacation,dias sex on,dias sex on,is_multiword,6,6|7|8,0.4285714285714285,0,3.1952704985936484,0,0.6855077218885224,0,0,0.16271826038277595,0
673,i can't wait to have buenos dias sex on vacation,dias sex,dias sex,is_multiword,6,6|7,0.4285714285714285,0,4.006187379360199,0,0.7717662357414762,0,0,0.16271826038277595,0
673,i can't wait to have buenos dias sex on vacation,have buenos dias sex on,have buenos dias sex on,is_multiword,4,4|5|6|7|8,0.4285714285714285,0,6.12888650894165,0,0.4968295196692148,0,0,0.16271826038277595,0
673,i can't wait to have buenos dias sex on vacation,have buenos dias sex,have buenos dias sex,is_multiword,4,4|5|6|7,0.4285714285714285,0,8.679941594600677,0,0.3978866934776306,0,0,0.16271826038277595,0
673,i can't wait to have buenos dias sex on vacation,have buenos dias,have buenos dias,is_multiword,4,4|5|6,0.4285714285714285,0,8.71395993232727,0,0.7729786609609922,1,0,0.4334338556297024,0
673,i can't wait to have buenos dias sex on vacation,have buenos,have buenos,is_multiword,4,4|5,0.0,0,3.9117374420166016,0,0.6897081714123487,0,0,0.16271826038277595,0
673,i can't wait to have buenos dias sex on vacation,sex on,sex on,is_multiword,7,7|8,0.0,0,4.409488916397095,0,0.4442726969718933,0,0,0.16271826038277595,0
677,"look at tammy with that nigger, she must be a coon pumper",coon pumper,coon pumper,is_multiword,10,10|11,0.4285714285714285,0,4.398907601833344,0,0.7433876618742943,0,1,0.16271826038277595,0
678,stop actin like a batty bwoy,batty bwoy,batty bwoy,is_multiword,4,4|5,0.4285714285714285,0,4.844479703903199,0,0.738645361115535,0,1,0.16271826038277595,0
682,i'm gonna go feel the breeze,i'm gonna,i'm gonna,is_multiword,0,0|1,0.0,0,3.422273576259613,1,0.6643294890721638,1,0,0.7966618291597674,1
683,oi check out this hectic crackfiend,hectic crackfiend,hectic crackfiend,is_multiword,4,4|5,0.4285714285714285,0,7.499249267578125,1,0.2991546392440796,1,0,0.7966618291597674,1
684,i hear spec-4 betty is a regular foxtrot papa,foxtrot papa,foxtrot papa,is_multiword,8,8|9,0.4285714285714285,0,0.0,0,0.9370414341489474,1,1,0.4334338556297024,0
685,"guy 1: there they go again, stuck in another infinite loop",there they go,there they go,is_multiword,2,2|3|4,0.0,0,4.863682905832927,1,0.3862354954083761,0,0,0.4988185214043336,1
685,"guy 1: there they go again, stuck in another infinite loop",there they,there they,is_multiword,2,2|3,0.0,0,3.4935187101364136,0,0.6347869435946147,0,0,0.16271826038277595,0
685,"guy 1: there they go again, stuck in another infinite loop",they go,they go,is_multiword,3,3|4,0.0,0,3.1957722306251526,0,0.2805440425872803,0,0,0.16271826038277595,0
688,hey wassup browdy,wassup browdy,wassup browdy,is_multiword,1,1|2,0.4285714285714285,0,5.220645844936371,0,0.2408973177274068,0,0,0.16271826038277595,0
691,dude i'm trying to talk to this female quit being a ball dweller,female quit,female quit,is_multiword,7,7|8,0.0,0,5.112707734107971,0,0.9447366669774055,1,0,0.4334338556297024,0
693,ora cocho,ora cocho,ora cocho,is_multiword,0,0|1,0.4285714285714285,0,9.943217436472574,1,0.906396444576482,1,0,0.7966618291597674,1
695,"check this shiznit, i wtfp0wned ragnaros and he dropped some ph4t a$$ lewts",4 t a,4 t a,is_multiword,13,13|14|15,0.1428571428571428,0,0.0,0,0.9835084220394492,1,0,0.4334338556297024,0
695,"check this shiznit, i wtfp0wned ragnaros and he dropped some ph4t a$$ lewts",4 t,4 t,is_multiword,13,13|14,0.1428571428571428,0,0.0,0,0.7232167969147365,0,0,0.16271826038277595,0
695,"check this shiznit, i wtfp0wned ragnaros and he dropped some ph4t a$$ lewts",t a,t a,is_multiword,14,14|15,0.0,0,0.0,0,0.770480869958798,0,0,0.16271826038277595,0
695,"check this shiznit, i wtfp0wned ragnaros and he dropped some ph4t a$$ lewts",wtfp 0,wtfp 0,is_multiword,4,4|5,0.5714285714285714,0,5.1892825841903685,0,0.4205831388632456,0,0,0.16271826038277595,0
696,"""yo dog i bagged five more monkeys than you last night ""i still smell like a gorillas asshole from playing baggit three weeks ago""""",yo dog,yo dog,is_multiword,0,0|1,0.0,0,5.13763427734375,0,0.1636254787445068,0,0,0.16271826038277595,0
698,"dude, get a load of those chocolate chips",a load of,a load of,is_multiword,2,2|3|4,0.0,0,1.7574208974838257,0,0.3220383922259012,0,0,0.16271826038277595,0
698,"dude, get a load of those chocolate chips",a load,a load,is_multiword,2,2|3,0.0,0,1.1823654174804688,0,0.3160452644030252,0,0,0.16271826038277595,0
698,"dude, get a load of those chocolate chips",get a load of,get a load of,is_multiword,1,1|2|3|4,0.0,0,4.191984713077545,1,0.82546333471934,0,0,0.4988185214043336,1
698,"dude, get a load of those chocolate chips",get a load,get a load,is_multiword,1,1|2|3,0.0,0,4.107063253720601,0,0.3124223947525024,0,0,0.16271826038277595,0
698,"dude, get a load of those chocolate chips",get a,get a,is_multiword,1,1|2,0.0,0,1.2799130082130432,0,0.8892897299180428,0,0,0.16271826038277595,0
698,"dude, get a load of those chocolate chips",load of,load of,is_multiword,3,3|4,0.0,0,0.7666130065917969,0,0.0875236789385477,0,0,0.16271826038277595,0
699,or: what happened to aidan the spammer? >>hes goneburgers,hes goneburgers,hes goneburgers,is_multiword,7,7|8,0.4285714285714285,0,4.475175380706787,0,0.7120322684446971,0,0,0.16271826038277595,0
706,"""that leva put the whole damm block on regulation",whole damm,whole damm,is_multiword,4,4|5,0.4285714285714285,0,8.090853293736776,1,0.8110778530438741,1,0,0.7966618291597674,1
707,"dinnae jump out at us, ya gave us a fleg",dinnae jump,dinnae jump,is_multiword,0,0|1,0.4285714285714285,0,4.277451395988464,0,0.4043203989664713,0,0,0.16271826038277595,0
70,"""dave: hey bro check out that architecture garry: ""looks at sexy women"" now that's some fine architecture""",bro check out,bro check out,is_multiword,2,2|3|4,0.0,0,5.662251710891724,0,0.6461970532933872,0,0,0.16271826038277595,0
70,"""dave: hey bro check out that architecture garry: ""looks at sexy women"" now that's some fine architecture""",bro check,bro check,is_multiword,2,2|3,0.0,0,3.0045300126075745,0,0.2772702773412069,0,0,0.16271826038277595,0
70,"""dave: hey bro check out that architecture garry: ""looks at sexy women"" now that's some fine architecture""",check out,check out,is_multiword,3,3|4,0.0,0,6.421754777431488,0,0.2038346926371256,0,0,0.16271826038277595,0
70,"""dave: hey bro check out that architecture garry: ""looks at sexy women"" now that's some fine architecture""",garry looks,garry looks,is_multiword,7,7|8,0.0,0,5.102330366770427,0,0.5174462795257568,0,0,0.16271826038277595,0
713,"no, i can't come to mom's funeral, i'm a total acheivement whore",acheivement whore,acheivement whore,is_multiword,10,10|11,0.4285714285714285,0,6.210577344894409,1,0.2491424878438314,0,1,0.4988185214043336,0
715,you know you're a fuck ass,fuck ass,fuck ass,is_multiword,4,4|5,0.0,0,4.947826385498047,1,0.8061910684530934,1,1,0.7966618291597674,1
717,yo u got that swish we about to blaze,yo u,yo u,is_multiword,0,0|1,0.0,0,7.069944471120834,0,0.5259893486897151,0,0,0.16271826038277595,0
718,im goin to the club on friday but before i go i gotta fix my chaze,im goin,im goin,is_multiword,0,0|1,0.0,0,5.714028502504031,0,0.4880380431811014,0,0,0.16271826038277595,0
720,danica rose verrall she a fittie,verrall she,verrall she,is_multiword,2,2|3,0.4285714285714285,0,5.949463407198588,0,0.4303171833356222,1,0,0.4334338556297024,0
723,"""what if facebook started charging fees to use it? ""i'll never pay, & i'm not worried--i'm a facebook prepper",not worried,not worried,is_multiword,13,13|14,0.0,0,3.110614929880415,0,0.460735410451889,0,0,0.16271826038277595,0
730,"i'm gonna brape you, you old slag",gonna brape,gonna brape,is_multiword,1,1|2,0.4285714285714285,0,5.1242484251658125,0,0.2024140755335489,0,0,0.16271826038277595,0
734,me and claire are proper bomaaf,proper bomaaf,proper bomaaf,is_multiword,4,4|5,0.4285714285714285,0,7.654157817363739,0,0.9735017276058594,0,0,0.16271826038277595,0
736,"""edinburgh: ""git a fuckin haud o yersel ye doss cunt",doss cunt,doss cunt,is_multiword,8,8|9,0.4285714285714285,0,5.180319279432297,0,0.6162146652738254,0,0,0.16271826038277595,0
736,"""edinburgh: ""git a fuckin haud o yersel ye doss cunt",fuckin haud o yersel ye doss cunt,fuckin haud o yersel ye doss cunt,is_multiword,3,3|4|5|6|7|8|9,0.4285714285714285,0,4.7782532175381975,0,0.5570078194141388,0,0,0.16271826038277595,0
736,"""edinburgh: ""git a fuckin haud o yersel ye doss cunt",fuckin haud o yersel ye doss,fuckin haud o yersel ye doss,is_multiword,3,3|4|5|6|7|8,0.4285714285714285,0,4.533865952491761,0,0.5950324336687725,0,0,0.16271826038277595,0
736,"""edinburgh: ""git a fuckin haud o yersel ye doss cunt",fuckin haud o yersel ye,fuckin haud o yersel ye,is_multiword,3,3|4|5|6|7,0.4285714285714285,0,4.602008908987045,0,0.6753851274649303,0,0,0.16271826038277595,0
736,"""edinburgh: ""git a fuckin haud o yersel ye doss cunt",fuckin haud o yersel,fuckin haud o yersel,is_multiword,3,3|4|5|6,0.4285714285714285,0,4.541236400604248,0,0.6704644064108531,0,0,0.16271826038277595,0
736,"""edinburgh: ""git a fuckin haud o yersel ye doss cunt",fuckin haud o,fuckin haud o,is_multiword,3,3|4|5,0.4285714285714285,0,4.395757937431336,0,0.6857921918854117,0,0,0.16271826038277595,0
736,"""edinburgh: ""git a fuckin haud o yersel ye doss cunt",fuckin haud,fuckin haud,is_multiword,3,3|4,0.4285714285714285,0,5.285592973232269,0,0.6857921918854117,1,0,0.4334338556297024,0
736,"""edinburgh: ""git a fuckin haud o yersel ye doss cunt",haud o yersel ye doss cunt,haud o yersel ye doss cunt,is_multiword,4,4|5|6|7|8|9,0.4285714285714285,0,5.539313924312592,0,0.763244221607844,0,0,0.16271826038277595,0
736,"""edinburgh: ""git a fuckin haud o yersel ye doss cunt",haud o yersel ye doss,haud o yersel ye doss,is_multiword,4,4|5|6|7|8,0.4285714285714285,0,7.04726405441761,0,0.779985386878252,0,0,0.16271826038277595,0
736,"""edinburgh: ""git a fuckin haud o yersel ye doss cunt",haud o yersel ye,haud o yersel ye,is_multiword,4,4|5|6|7,0.4285714285714285,0,6.6627471049626665,0,0.7155584351470072,0,0,0.16271826038277595,0
736,"""edinburgh: ""git a fuckin haud o yersel ye doss cunt",haud o yersel,haud o yersel,is_multiword,4,4|5|6,0.4285714285714285,0,6.154030656814575,0,0.5580263286828995,0,0,0.16271826038277595,0
736,"""edinburgh: ""git a fuckin haud o yersel ye doss cunt",haud o,haud o,is_multiword,4,4|5,0.4285714285714285,0,5.118653694788615,0,0.8918366764361659,0,0,0.16271826038277595,0
736,"""edinburgh: ""git a fuckin haud o yersel ye doss cunt",o yersel ye doss cunt,o yersel ye doss cunt,is_multiword,5,5|6|7|8|9,0.4285714285714285,0,5.949630111455917,0,0.8076620052258173,0,0,0.16271826038277595,0
736,"""edinburgh: ""git a fuckin haud o yersel ye doss cunt",o yersel ye doss,o yersel ye doss,is_multiword,5,5|6|7|8,0.4285714285714285,0,7.4065127770106,0,0.8267397694289684,0,0,0.16271826038277595,0
736,"""edinburgh: ""git a fuckin haud o yersel ye doss cunt",o yersel ye,o yersel ye,is_multiword,5,5|6|7,0.4285714285714285,0,7.912340998649597,0,0.6915887044742703,0,0,0.16271826038277595,0
736,"""edinburgh: ""git a fuckin haud o yersel ye doss cunt",o yersel,o yersel,is_multiword,5,5|6,0.4285714285714285,0,6.193209250768025,0,0.3339987595876058,0,0,0.16271826038277595,0
736,"""edinburgh: ""git a fuckin haud o yersel ye doss cunt",ye doss cunt,ye doss cunt,is_multiword,7,7|8|9,0.4285714285714285,0,4.472225713729858,0,0.5099369436502457,0,0,0.16271826038277595,0
736,"""edinburgh: ""git a fuckin haud o yersel ye doss cunt",ye doss,ye doss,is_multiword,7,7|8,0.4285714285714285,0,6.038411299387614,0,0.9458859553560616,1,0,0.4334338556297024,0
736,"""edinburgh: ""git a fuckin haud o yersel ye doss cunt",yersel ye doss cunt,yersel ye doss cunt,is_multiword,6,6|7|8|9,0.4285714285714285,0,5.578496950013297,0,0.785294064010183,0,0,0.16271826038277595,0
736,"""edinburgh: ""git a fuckin haud o yersel ye doss cunt",yersel ye doss,yersel ye doss,is_multiword,6,6|7|8,0.4285714285714285,0,7.237939286231994,0,0.5563888053099315,0,0,0.16271826038277595,0
736,"""edinburgh: ""git a fuckin haud o yersel ye doss cunt",yersel ye,yersel ye,is_multiword,6,6|7,0.4285714285714285,0,8.826504309972128,1,0.3005424340565999,0,0,0.4988185214043336,0
738,"new yorker: wow, bradford is full of rednecks bradfordian: you fucking retard, this hole is full of wiggers, and welfare bums",fucking retard,fucking retard,is_multiword,10,10|11,0.0,0,8.733879208564758,0,0.1366563439369201,0,0,0.16271826038277595,0
740,when becca got a prize no one applaud it was awk-larious,a prize,a prize,is_multiword,3,3|4,0.0,0,6.167199452718099,0,0.3950915237267812,0,0,0.16271826038277595,0
743,boondockie is easiest to do down by the bayou,down by,down by,is_multiword,5,5|6,0.0,0,4.104696363210678,0,0.5255277206500371,0,0,0.16271826038277595,0
745,my girlfriend is way into pinterest recently,is way into,is way into,is_multiword,2,2|3|4,0.0,0,5.512521584828694,0,0.2863223751386007,0,0,0.16271826038277595,0
745,my girlfriend is way into pinterest recently,is way,is way,is_multiword,2,2|3,0.0,0,4.141077041625977,0,0.1449231704076131,0,0,0.16271826038277595,0
745,my girlfriend is way into pinterest recently,way into,way into,is_multiword,3,3|4,0.0,0,7.73089773952961,1,0.0539695819218953,0,0,0.4988185214043336,1
748,"in nintendo's mario, the character yoshi spits out its extra long tounge to eat little critters and such, making the sound of a bloungt",little critters,little critters,is_multiword,14,14|15,0.4285714285714285,0,7.659375230471293,1,0.5492974321047466,0,0,0.4988185214043336,0
74,she's such a drusilla,she's such,she's such,is_multiword,0,0|1,0.0,0,3.5619935393333435,0,0.7107874850432079,1,0,0.4334338556297024,0
753,"oh man, someone was burning rubber in here",rubber in,rubber in,is_multiword,5,5|6,0.0,0,5.040392319361369,0,0.369278093179067,0,0,0.16271826038277595,0
757,"""guy trips over and lands upside down in bush his mates go ""shit man that shit was gold",go shit,go shit,is_multiword,11,11|12,0.0,0,3.5785542726516724,0,0.2235772411028543,0,0,0.16271826038277595,0
757,"""guy trips over and lands upside down in bush his mates go ""shit man that shit was gold",mates go shit,mates go shit,is_multiword,10,10|11|12,0.0,0,4.028724670410156,1,0.2041336695353189,0,0,0.4988185214043336,1
757,"""guy trips over and lands upside down in bush his mates go ""shit man that shit was gold",mates go,mates go,is_multiword,10,10|11,0.0,0,2.981485843658448,0,0.4322049021720886,0,0,0.16271826038277595,0
757,"""guy trips over and lands upside down in bush his mates go ""shit man that shit was gold",trips over,trips over,is_multiword,1,1|2,0.0,0,3.800655484199524,1,0.3172243237495422,0,0,0.4988185214043336,1
764,"""apurate, dame esa mierda",dame esa mierda,dame esa mierda,is_multiword,1,1|2|3,0.4285714285714285,0,9.812821462750437,1,0.7145270109176636,0,0,0.4988185214043336,1
764,"""apurate, dame esa mierda",dame esa,dame esa,is_multiword,1,1|2,0.0,0,5.244858026504517,0,0.1388133565584818,0,0,0.16271826038277595,0
764,"""apurate, dame esa mierda",esa mierda,esa mierda,is_multiword,2,2|3,0.4285714285714285,0,7.412633061408997,0,0.8481949446722865,1,0,0.4334338556297024,0
769,mami eres una exotica,eres una exotica,eres una exotica,is_multiword,1,1|2|3,0.4285714285714285,0,8.403091758489609,1,0.3660800059636434,0,0,0.4988185214043336,0
769,mami eres una exotica,eres una,eres una,is_multiword,1,1|2,0.4285714285714285,0,7.801578164100647,0,0.5685268243153889,0,0,0.16271826038277595,0
769,mami eres una exotica,una exotica,una exotica,is_multiword,2,2|3,0.4285714285714285,0,5.359479188919067,0,0.7497326831022899,0,0,0.16271826038277595,0
770,"blackwave really tore up that newbie, becaues the answer was staring the newbie right in the face",blackwave really tore up,blackwave really tore up,is_multiword,0,0|1|2|3,0.4285714285714285,0,3.6723403930664062,0,0.6369307115674019,0,0,0.16271826038277595,0
770,"blackwave really tore up that newbie, becaues the answer was staring the newbie right in the face",blackwave really tore,blackwave really tore,is_multiword,0,0|1|2,0.4285714285714285,0,3.615856210390727,0,0.5785740440090497,0,0,0.16271826038277595,0
770,"blackwave really tore up that newbie, becaues the answer was staring the newbie right in the face",blackwave really,blackwave really,is_multiword,0,0|1,0.4285714285714285,0,5.0789435505867,0,0.7776168553779522,1,0,0.4334338556297024,0
770,"blackwave really tore up that newbie, becaues the answer was staring the newbie right in the face",really tore up,really tore up,is_multiword,1,1|2|3,0.0,0,2.8246631622314453,0,0.7931926858921846,0,0,0.16271826038277595,0
770,"blackwave really tore up that newbie, becaues the answer was staring the newbie right in the face",really tore,really tore,is_multiword,1,1|2,0.0,0,2.0859158833821616,0,0.4209535121917724,0,0,0.16271826038277595,0
770,"blackwave really tore up that newbie, becaues the answer was staring the newbie right in the face",tore up,tore up,is_multiword,2,2|3,0.0,0,4.859107931454976,1,0.6345142076412837,0,0,0.4988185214043336,1
773,mi cyaan do it,mi cyaan,mi cyaan,is_multiword,0,0|1,0.4285714285714285,0,8.876418908437094,0,0.682003711660703,1,0,0.4334338556297024,0
775,i'm gonna have to masturub tonight if he doesn't come over,i'm gonna,i'm gonna,is_multiword,0,0|1,0.0,0,2.1936988532543182,1,0.5084943473339081,0,0,0.4988185214043336,1
777,he said he was gonna ensuthersanise me,gonna ensuthersanise,gonna ensuthersanise,is_multiword,4,4|5,0.4285714285714285,0,5.703826268513997,1,0.5494117836157482,0,0,0.4988185214043336,0
783,"leenie, what are you doing in there? can you please stop buckfarting around and get dressed before we're late for dinner",buckfarting around,buckfarting around,is_multiword,11,11|12,0.4285714285714285,0,6.119319033622742,0,0.6836403446892898,0,0,0.16271826038277595,0
786,"roy went home yesterday, wearing only his bungle boxer",bungle boxer,bungle boxer,is_multiword,7,7|8,0.4285714285714285,0,7.709655836224556,1,0.3202654321988424,0,1,0.4988185214043336,0
788,guy 1: hey is that anel over there? guy 2: no it's anela guy 1: damnnnnnnnnnnnnnnnnnnn,anela guy,anela guy,is_multiword,12,12|13,0.4285714285714285,0,2.7141404946645102,0,0.7580873668193817,0,0,0.16271826038277595,0
791,the porn star made his partner perform a bubba chumba in front of him,bubba chumba,bubba chumba,is_multiword,8,8|9,0.4285714285714285,0,6.835033476352692,0,0.5656881431738536,0,1,0.16271826038277595,0
793,i saw this bitch walking down the street and i said ay bay bay,ay bay bay,ay bay bay,is_multiword,11,11|12|13,0.0,0,9.48644761244456,1,0.3041844765345255,0,1,0.4988185214043336,1
793,i saw this bitch walking down the street and i said ay bay bay,ay bay,ay bay,is_multiword,11,11|12,0.0,0,5.862371504306793,0,0.3583788971106211,0,0,0.16271826038277595,0
793,i saw this bitch walking down the street and i said ay bay bay,bay bay,bay bay,is_multiword,12,12|13,0.0,0,7.670709669589996,0,0.4632834196090698,0,0,0.16271826038277595,0
796,yo open a window the shed is so fucking choggy i feel like im going to throw up on myself,fucking choggy,fucking choggy,is_multiword,8,8|9,0.4285714285714285,0,4.872110843658447,1,0.9618291578566036,0,0,0.4988185214043336,0
798,"""keef, looks like you've got a bit of a chillitache going on there",chillitache going on,chillitache going on,is_multiword,9,9|10|11,0.4285714285714285,0,3.878119707107544,0,0.9831650474419196,1,0,0.4334338556297024,0
798,"""keef, looks like you've got a bit of a chillitache going on there",chillitache going,chillitache going,is_multiword,9,9|10,0.4285714285714285,0,3.957088470458984,0,0.9397421448181073,0,0,0.16271826038277595,0
798,"""keef, looks like you've got a bit of a chillitache going on there",going on,going on,is_multiword,10,10|11,0.0,0,0.7532558441162109,1,0.4007460375626882,0,0,0.4988185214043336,1
798,"""keef, looks like you've got a bit of a chillitache going on there",like you've got,like you've got,is_multiword,2,2|3|4,0.0,0,2.540990447998047,0,0.793453024700284,1,0,0.4334338556297024,0
798,"""keef, looks like you've got a bit of a chillitache going on there",like you've,like you've,is_multiword,2,2|3,0.0,0,1.3236607909202576,0,0.296290377775828,0,0,0.16271826038277595,0
798,"""keef, looks like you've got a bit of a chillitache going on there",looks like you've got,looks like you've got,is_multiword,1,1|2|3|4,0.0,0,2.820948322614034,0,0.3515996634960174,0,0,0.16271826038277595,0
798,"""keef, looks like you've got a bit of a chillitache going on there",looks like you've,looks like you've,is_multiword,1,1|2|3,0.0,0,2.0100914478302,0,0.585467092692852,0,0,0.16271826038277595,0
798,"""keef, looks like you've got a bit of a chillitache going on there",looks like,looks like,is_multiword,1,1|2,0.0,0,3.719286024570465,1,0.5587054242690404,0,0,0.4988185214043336,1
798,"""keef, looks like you've got a bit of a chillitache going on there",you've got,you've got,is_multiword,3,3|4,0.0,0,2.181795984506607,1,0.6436570187409718,0,0,0.4988185214043336,1
799,"""kalie: ""mmmmmmm i want a slice of that man cake",kalie mmmmmmm,kalie mmmmmmm,is_multiword,0,0|1,0.5714285714285714,0,5.595703196525574,1,0.74735886665682,0,0,0.4988185214043336,0
79,(bad test grade) ah bulux,ah bulux,ah bulux,is_multiword,3,3|4,0.4285714285714285,0,8.927320082982382,0,0.7009471061949928,1,0,0.4334338556297024,0
79,(bad test grade) ah bulux,bad test grade ah bulux,bad test grade ah bulux,is_multiword,0,0|1|2|3|4,0.4285714285714285,0,9.71012250582377,1,0.2362492283185323,0,0,0.4988185214043336,1
79,(bad test grade) ah bulux,bad test grade ah,bad test grade ah,is_multiword,0,0|1|2|3,0.0,0,9.023650854825974,0,0.2558121283849081,0,0,0.16271826038277595,0
79,(bad test grade) ah bulux,bad test grade,bad test grade,is_multiword,0,0|1|2,0.0,0,6.850447098414104,0,0.2268855571746826,0,0,0.16271826038277595,0
79,(bad test grade) ah bulux,bad test,bad test,is_multiword,0,0|1,0.0,0,5.020008206367493,0,0.1800638437271118,0,0,0.16271826038277595,0
79,(bad test grade) ah bulux,grade ah bulux,grade ah bulux,is_multiword,2,2|3|4,0.4285714285714285,0,7.561011970043182,0,0.1857240796089172,0,0,0.16271826038277595,0
79,(bad test grade) ah bulux,grade ah,grade ah,is_multiword,2,2|3,0.0,0,8.574267506599426,0,0.3518141508102417,0,0,0.16271826038277595,0
79,(bad test grade) ah bulux,test grade ah bulux,test grade ah bulux,is_multiword,1,1|2|3|4,0.4285714285714285,0,7.36767349243164,0,0.5014850993951161,0,0,0.16271826038277595,0
79,(bad test grade) ah bulux,test grade ah,test grade ah,is_multiword,1,1|2|3,0.0,0,7.0698771476745605,0,0.5124363402525585,0,0,0.16271826038277595,0
79,(bad test grade) ah bulux,test grade,test grade,is_multiword,1,1|2,0.0,0,5.057110071182251,0,0.2838875850041708,1,0,0.4334338556297024,0
7,brittany was half a virgin* when she met tyler but she went full-blow into a creamy facial nonetheless,creamy facial nonetheless,creamy facial nonetheless,is_multiword,15,15|16|17,0.0,0,4.269152096339634,0,0.801533124409616,1,0,0.4334338556297024,0
7,brittany was half a virgin* when she met tyler but she went full-blow into a creamy facial nonetheless,creamy facial,creamy facial,is_multiword,15,15|16,0.0,0,5.793136835098267,0,0.6271628389755886,0,0,0.16271826038277595,0
7,brittany was half a virgin* when she met tyler but she went full-blow into a creamy facial nonetheless,facial nonetheless,facial nonetheless,is_multiword,16,16|17,0.0,0,4.421649312973022,0,0.5955355068047841,0,0,0.16271826038277595,0
807,"i wanted to hear the ending theme of that show, but i couldn't because of the damn credit crunch",credit crunch,credit crunch,is_multiword,17,17|18,0.0,0,5.882038205862045,0,0.3428217569986979,0,1,0.16271826038277595,0
807,"i wanted to hear the ending theme of that show, but i couldn't because of the damn credit crunch",damn credit crunch,damn credit crunch,is_multiword,16,16|17|18,0.0,0,6.325517964363098,0,0.4500132103761037,0,0,0.16271826038277595,0
807,"i wanted to hear the ending theme of that show, but i couldn't because of the damn credit crunch",damn credit,damn credit,is_multiword,16,16|17,0.0,0,4.956441998481751,0,0.8426071985935172,1,0,0.4334338556297024,0
808,noah had an angasm yesturday after making an introspection of his love life,angasm yesturday,angasm yesturday,is_multiword,3,3|4,0.4285714285714285,0,6.003450234731038,0,0.3713996807734171,0,0,0.16271826038277595,0
809,"""paula: ""hey, has elliot always looked so stupid?"" sam & kim: ""yeah, we were going left on him yesterday, he just cannot keep his eyes open in photos",just cannot,just cannot,is_multiword,19,19|20,0.0,0,5.242435276508331,1,0.6227670237421989,0,0,0.4988185214043336,1
813,im going to throw that gayass motherfucker bona shan in a dumpster,a dumpster,a dumpster,is_multiword,10,10|11,0.0,0,4.707156956195831,0,0.1292560497919718,0,0,0.16271826038277595,0
813,im going to throw that gayass motherfucker bona shan in a dumpster,bona shan,bona shan,is_multiword,7,7|8,0.0,0,11.890089392662048,0,0.837181219831109,0,0,0.16271826038277595,0
813,im going to throw that gayass motherfucker bona shan in a dumpster,gayass motherfucker bona shan,gayass motherfucker bona shan,is_multiword,5,5|6|7|8,0.4285714285714285,0,7.636904209852219,0,0.8863595183938742,0,0,0.16271826038277595,0
813,im going to throw that gayass motherfucker bona shan in a dumpster,gayass motherfucker bona,gayass motherfucker bona,is_multiword,5,5|6|7,0.4285714285714285,0,6.608990873609271,0,0.8450449199105302,0,0,0.16271826038277595,0
813,im going to throw that gayass motherfucker bona shan in a dumpster,gayass motherfucker,gayass motherfucker,is_multiword,5,5|6,0.4285714285714285,0,5.470986843109131,0,0.7540737024197975,0,0,0.16271826038277595,0
813,im going to throw that gayass motherfucker bona shan in a dumpster,im going,im going,is_multiword,0,0|1,0.0,0,6.2538034319877625,1,0.5207537511984508,1,0,0.7966618291597674,1
813,im going to throw that gayass motherfucker bona shan in a dumpster,motherfucker bona shan,motherfucker bona shan,is_multiword,6,6|7|8,0.0,0,7.542742872238159,0,0.8142457560946544,0,0,0.16271826038277595,0
813,im going to throw that gayass motherfucker bona shan in a dumpster,motherfucker bona,motherfucker bona,is_multiword,6,6|7,0.0,0,6.779184401035309,0,0.8118781788895527,0,0,0.16271826038277595,0
814,e- hey isaaaa barnoski,e hey isaaaa,e hey isaaaa,is_multiword,0,0|1|2,0.5714285714285714,0,7.088028192520142,0,0.6743744512399037,0,0,0.16271826038277595,0
814,e- hey isaaaa barnoski,e hey,e hey,is_multiword,0,0|1,0.0,0,4.713599681854248,0,0.5146801074345906,0,0,0.16271826038277595,0
814,e- hey isaaaa barnoski,hey isaaaa,hey isaaaa,is_multiword,1,1|2,0.5714285714285714,0,13.034491141637169,0,0.6008756011724472,0,0,0.16271826038277595,0
816,ewww :e hahaha :e i cant wait for the weekend :e ugh i have so much homework :e,e hahaha e,e hahaha e,is_multiword,1,1|2|3,0.0,0,3.483913461367289,0,0.2869180043538412,0,0,0.16271826038277595,0
816,ewww :e hahaha :e i cant wait for the weekend :e ugh i have so much homework :e,e hahaha,e hahaha,is_multiword,1,1|2,0.0,0,3.683673799037933,0,0.2508765856424967,0,0,0.16271826038277595,0
816,ewww :e hahaha :e i cant wait for the weekend :e ugh i have so much homework :e,ewww e hahaha e,ewww e hahaha e,is_multiword,0,0|1|2|3,0.5714285714285714,0,3.4076477527618407,0,0.2971275647481283,0,0,0.16271826038277595,0
816,ewww :e hahaha :e i cant wait for the weekend :e ugh i have so much homework :e,ewww e hahaha,ewww e hahaha,is_multiword,0,0|1|2,0.5714285714285714,0,5.584626138210297,0,0.277035117149353,0,0,0.16271826038277595,0
816,ewww :e hahaha :e i cant wait for the weekend :e ugh i have so much homework :e,ewww e,ewww e,is_multiword,0,0|1,0.5714285714285714,0,3.504241863886515,1,0.0483959913253784,0,0,0.4988185214043336,0
816,ewww :e hahaha :e i cant wait for the weekend :e ugh i have so much homework :e,hahaha e,hahaha e,is_multiword,2,2|3,0.0,0,5.107301831245422,0,0.315004289150238,0,0,0.16271826038277595,0
818,"""dude he's totally being a lennert right now",dude he's totally,dude he's totally,is_multiword,0,0|1|2,0.0,0,3.523143728574117,0,0.5393950752913952,1,0,0.4334338556297024,0
818,"""dude he's totally being a lennert right now",dude he's,dude he's,is_multiword,0,0|1,0.0,0,2.962661337852478,0,0.3414222598075866,0,0,0.16271826038277595,0
818,"""dude he's totally being a lennert right now",he's totally,he's totally,is_multiword,1,1|2,0.0,0,2.4513101875782013,0,0.2980097134908041,0,0,0.16271826038277595,0
818,"""dude he's totally being a lennert right now",lennert right,lennert right,is_multiword,5,5|6,0.4285714285714285,0,5.886849880218506,0,0.668567883471648,1,0,0.4334338556297024,0
820,"d.s.b.d. hoe, get your mind right nigga",b d hoe,b d hoe,is_multiword,2,2|3|4,0.0,0,4.734591245651245,0,0.8919411568591992,0,0,0.16271826038277595,0
820,"d.s.b.d. hoe, get your mind right nigga",b d,b d,is_multiword,2,2|3,0.0,0,3.647060394287109,1,0.5540047685305278,0,0,0.4988185214043336,1
820,"d.s.b.d. hoe, get your mind right nigga",d hoe,d hoe,is_multiword,3,3|4,0.0,0,5.505354046821594,0,0.7794604726756612,0,0,0.16271826038277595,0
820,"d.s.b.d. hoe, get your mind right nigga",d s b d hoe,d s b d hoe,is_multiword,0,0|1|2|3|4,0.0,0,7.042749905586243,0,0.9509097896516324,0,0,0.16271826038277595,0
820,"d.s.b.d. hoe, get your mind right nigga",d s b d,d s b d,is_multiword,0,0|1|2|3,0.0,0,5.652908444404602,0,0.986680080803732,0,1,0.16271826038277595,0
820,"d.s.b.d. hoe, get your mind right nigga",d s b,d s b,is_multiword,0,0|1|2,0.0,0,1.0180854002634685,0,0.9877025187015532,0,0,0.16271826038277595,0
820,"d.s.b.d. hoe, get your mind right nigga",d s,d s,is_multiword,0,0|1,0.0,0,8.32553106173873,1,0.9854045637572804,0,0,0.4988185214043336,1
820,"d.s.b.d. hoe, get your mind right nigga",s b d hoe,s b d hoe,is_multiword,1,1|2|3|4,0.0,0,6.527155369520187,0,0.8805331758533915,0,0,0.16271826038277595,0
820,"d.s.b.d. hoe, get your mind right nigga",s b d,s b d,is_multiword,1,1|2|3,0.0,0,5.019903818766276,0,0.9822567052518328,0,0,0.16271826038277595,0
820,"d.s.b.d. hoe, get your mind right nigga",s b,s b,is_multiword,1,1|2,0.0,0,2.820665419101715,0,0.9556466440359752,0,0,0.16271826038277595,0
827,"shake your tits, look in the camera, and tell everyone that you love bum cum",and tell everyone,and tell everyone,is_multiword,7,7|8|9,0.0,0,1.7514077027638753,0,0.2196088830629984,0,0,0.16271826038277595,0
827,"shake your tits, look in the camera, and tell everyone that you love bum cum",and tell,and tell,is_multiword,7,7|8,0.0,0,0.0,0,0.6156994638343651,0,0,0.16271826038277595,0
827,"shake your tits, look in the camera, and tell everyone that you love bum cum",bum cum,bum cum,is_multiword,13,13|14,0.0,0,5.385451952616374,0,0.9906054219851892,1,1,0.4334338556297024,0
827,"shake your tits, look in the camera, and tell everyone that you love bum cum",in the camera,in the camera,is_multiword,4,4|5|6,0.0,0,2.48467763264974,0,0.2669061223665873,0,0,0.16271826038277595,0
827,"shake your tits, look in the camera, and tell everyone that you love bum cum",in the,in the,is_multiword,4,4|5,0.0,0,1.09281924366951,0,0.7578380107879639,0,0,0.16271826038277595,0
827,"shake your tits, look in the camera, and tell everyone that you love bum cum",look in the camera,look in the camera,is_multiword,3,3|4|5|6,0.0,0,3.513760596513748,0,0.2342010935147603,0,0,0.16271826038277595,0
827,"shake your tits, look in the camera, and tell everyone that you love bum cum",look in the,look in the,is_multiword,3,3|4|5,0.0,0,2.0161667664845786,0,0.0981014370918273,0,0,0.16271826038277595,0
827,"shake your tits, look in the camera, and tell everyone that you love bum cum",look in,look in,is_multiword,3,3|4,0.0,0,3.5415363013744354,0,0.1625105341275533,0,0,0.16271826038277595,0
827,"shake your tits, look in the camera, and tell everyone that you love bum cum",love bum cum,love bum cum,is_multiword,12,12|13|14,0.0,0,4.098352491855621,0,0.6897791552667816,0,0,0.16271826038277595,0
827,"shake your tits, look in the camera, and tell everyone that you love bum cum",love bum,love bum,is_multiword,12,12|13,0.0,0,5.617088278134664,0,0.7967360690236092,0,0,0.16271826038277595,0
827,"shake your tits, look in the camera, and tell everyone that you love bum cum",shake your tits,shake your tits,is_multiword,0,0|1|2,0.0,0,6.365926265716553,0,0.7487476598471403,1,0,0.4334338556297024,0
827,"shake your tits, look in the camera, and tell everyone that you love bum cum",shake your,shake your,is_multiword,0,0|1,0.0,0,7.457389533519745,0,0.7105803775290649,0,0,0.16271826038277595,0
827,"shake your tits, look in the camera, and tell everyone that you love bum cum",tell everyone,tell everyone,is_multiword,8,8|9,0.0,0,2.244901537895202,0,0.3467143674691518,0,0,0.16271826038277595,0
827,"shake your tits, look in the camera, and tell everyone that you love bum cum",the camera,the camera,is_multiword,5,5|6,0.0,0,1.896566450595856,0,0.2463067770004272,0,0,0.16271826038277595,0
827,"shake your tits, look in the camera, and tell everyone that you love bum cum",your tits,your tits,is_multiword,1,1|2,0.0,0,3.9738809466362,0,0.3506803115208944,0,0,0.16271826038277595,0
829,"omg, it's abelone :o",abelone o,abelone o,is_multiword,2,2|3,0.4285714285714285,0,5.534305691719055,0,0.2732240557670593,0,0,0.16271826038277595,0
82,1 out of every million men is a real man,1 out,1 out,is_multiword,0,0|1,0.1428571428571428,0,3.5935840606689453,1,0.6220851540565491,0,0,0.4988185214043336,0
832,your so larissa,so larissa,so larissa,is_multiword,1,1|2,0.4285714285714285,0,6.266954690217972,0,0.809042653379341,1,0,0.4334338556297024,0
836,joe states: the rules don't apply to me jim replies: boxlessness joe states: boxlessness,states boxlessness,states boxlessness,is_multiword,12,12|13,0.4285714285714285,0,3.444393038749695,0,0.5499523778756459,1,0,0.4334338556297024,0
838,"""copped a bashing channel 10 news ""look what i copped from him"" ""i have copped a lot of flack over this""""",have copped,have copped,is_multiword,13,13|14,0.4285714285714285,0,4.900633454322815,0,0.2222197651863098,0,0,0.16271826038277595,0
841,a charity shop is my number one source for incomplete jigsaw puzzles,number one,number one,is_multiword,5,5|6,0.0,0,4.368299603462219,1,0.2554110487302145,0,0,0.4988185214043336,1
843,my brother married a flippin' canuckian,flippin canuckian,flippin canuckian,is_multiword,4,4|5,0.4285714285714285,0,7.67964365084966,0,0.6290121873219807,1,0,0.4334338556297024,0
844,"stacy, christine, erik, and dave got together for a good ol' arc de triomphe",ol arc,ol arc,is_multiword,10,10|11,0.0,0,3.9944546620051065,0,0.8154383370031913,1,0,0.4334338556297024,0
849,that guys balls look like a chinese lantern,balls look,balls look,is_multiword,2,2|3,0.0,0,2.99276089668274,0,0.92500925095131,1,0,0.4334338556297024,0
849,that guys balls look like a chinese lantern,guys balls look,guys balls look,is_multiword,1,1|2|3,0.0,0,4.2562665939331055,0,0.4653474191824595,0,0,0.16271826038277595,0
849,that guys balls look like a chinese lantern,guys balls,guys balls,is_multiword,1,1|2,0.0,0,4.615249514579773,0,0.4560437202453613,0,0,0.16271826038277595,0
84,"man i think we need to have an intervention for alex, i'm pretty sure he's a douchist now",an intervention,an intervention,is_multiword,7,7|8,0.0,0,4.366069555282593,0,0.3982194066047668,0,0,0.16271826038277595,0
850,you will be bitzxoox if u fuck a lot,u fuck,u fuck,is_multiword,5,5|6,0.0,0,4.581060361117125,0,0.1303642789522806,0,0,0.16271826038277595,0
852,"did you see everyone beating the shit out of each other at that cryptopsy concert? i bought flo's dvd, i can reach 1 200b/m on a tamborine now",shit out,shit out,is_multiword,6,6|7,0.0,0,4.4865414798259735,1,0.2309657335281372,0,0,0.4988185214043336,1
854,ten cuidado con el fuego,con el fuego,con el fuego,is_multiword,2,2|3|4,0.4285714285714285,0,5.495293219884236,0,0.0682018200556436,0,0,0.16271826038277595,0
854,ten cuidado con el fuego,con el,con el,is_multiword,2,2|3,0.0,0,1.5813542008399963,0,0.6508014897505443,0,0,0.16271826038277595,0
854,ten cuidado con el fuego,cuidado con el fuego,cuidado con el fuego,is_multiword,1,1|2|3|4,0.4285714285714285,0,8.560091257095337,1,0.366280198097229,0,0,0.4988185214043336,0
854,ten cuidado con el fuego,cuidado con el,cuidado con el,is_multiword,1,1|2|3,0.4285714285714285,0,5.567115863164266,0,0.1056798100471496,0,0,0.16271826038277595,0
854,ten cuidado con el fuego,cuidado con,cuidado con,is_multiword,1,1|2,0.4285714285714285,0,2.0436878204345703,0,0.551844450334708,0,0,0.16271826038277595,0
854,ten cuidado con el fuego,el fuego,el fuego,is_multiword,3,3|4,0.4285714285714285,0,4.459125399589539,0,0.7565673093001047,1,0,0.4334338556297024,0
856,hey busser,hey busser,hey busser,is_multiword,0,0|1,0.4285714285714285,0,12.526932875315348,0,0.5417284369468689,1,0,0.4334338556297024,0
859,that neighbor across the street is waking up the whole neighborhood with that rattling dlantina,rattling dlantina,rattling dlantina,is_multiword,13,13|14,0.4285714285714285,0,6.765743851661682,0,0.8973601187268893,1,0,0.4334338556297024,0
860,alan you're such a fucking glake,fucking glake,fucking glake,is_multiword,4,4|5,0.4285714285714285,0,5.593550284703572,1,0.5958138207594554,0,0,0.4988185214043336,0
862,"""while tied up, justin asked for a little figgin from janet who quickly shaved up some ginger and obliged in his ""pussy""",figgin from,figgin from,is_multiword,8,8|9,0.4285714285714285,0,4.310841381549835,0,0.988607936538756,1,0,0.4334338556297024,0
863,"""librarian: ""hey guys tonights party is going to rule"" mo: ""will you provide the felines?"" librarian: ""sorry its byoc day""""",rule mo,rule mo,is_multiword,8,8|9,0.0,0,12.537978950887918,0,0.6545744563142459,0,0,0.16271826038277595,0
864,"pitchfork media recommend the following blogcore acts: animal collective clap your hands, say yeah ok, go",yeah ok,yeah ok,is_multiword,13,13|14,0.0,0,6.5853880643844604,1,0.7107545817270875,0,0,0.4988185214043336,1
869,john gruber is grubering everybody by accidentally saying that obamacare was intentionally written so that stupid voters couldn't understand it,accidentally saying,accidentally saying,is_multiword,6,6|7,0.0,0,5.80221692721049,1,0.3765815496444702,1,0,0.7966618291597674,1
869,john gruber is grubering everybody by accidentally saying that obamacare was intentionally written so that stupid voters couldn't understand it,grubering everybody,grubering everybody,is_multiword,3,3|4,0.4285714285714285,0,7.860056519508362,1,0.2629608313242594,0,0,0.4988185214043336,0
870,guy 1: bro who's that? guy 2: that's berta,bro who's,bro who's,is_multiword,2,2|3,0.0,0,5.973238103091717,0,0.2766961852709452,0,0,0.16271826038277595,0
871,archie was really going for it with his misses and when he pulled out of her ass he asked her if she wanted to blow out the marmite candle,for it,for it,is_multiword,4,4|5,0.0,0,3.937780372798443,1,0.4090240597724914,0,0,0.4988185214043336,1
871,archie was really going for it with his misses and when he pulled out of her ass he asked her if she wanted to blow out the marmite candle,going for it,going for it,is_multiword,3,3|4|5,0.0,0,1.822497010231018,0,0.1170375347137451,0,0,0.16271826038277595,0
871,archie was really going for it with his misses and when he pulled out of her ass he asked her if she wanted to blow out the marmite candle,going for,going for,is_multiword,3,3|4,0.0,0,1.6299668550491333,0,0.0993844072024027,0,0,0.16271826038277595,0
873,"""i'ma double joey all night long ""gonna double joe it up",it up,it up,is_multiword,9,9|10,0.0,0,4.024471282958984,1,0.2415324250857035,0,0,0.4988185214043336,1
873,"""i'ma double joey all night long ""gonna double joe it up",joe it up,joe it up,is_multiword,8,8|9|10,0.0,0,2.4278926849365234,0,0.3002448479334513,0,0,0.16271826038277595,0
873,"""i'ma double joey all night long ""gonna double joe it up",joe it,joe it,is_multiword,8,8|9,0.0,0,0.1973279317220052,0,0.4004464745521545,0,0,0.16271826038277595,0
876,a fauxialite was on her way to the hospital because she over dosed on cheap vodka and what she thought was cocaine,over dosed,over dosed,is_multiword,11,11|12,0.4285714285714285,0,5.5440560181935625,0,0.5097604592641194,0,0,0.16271826038277595,0
877,that justin bieber is truly a deuche ass,deuche ass,deuche ass,is_multiword,6,6|7,0.4285714285714285,0,5.648688197135925,0,0.4989478588104248,0,1,0.16271826038277595,0
878,"guy#1: hey man, how you doin'? guy#2: i'm aiight",doin guy 2,doin guy 2,is_multiword,6,6|7|8,0.1428571428571428,0,2.575188612937928,0,0.8128274011736115,0,0,0.16271826038277595,0
878,"guy#1: hey man, how you doin'? guy#2: i'm aiight",doin guy,doin guy,is_multiword,6,6|7,0.0,0,2.40927791595459,0,0.6803989857435226,0,0,0.16271826038277595,0
878,"guy#1: hey man, how you doin'? guy#2: i'm aiight",guy 1,guy 1,is_multiword,0,0|1,0.1428571428571428,0,3.127702534198761,1,0.6134213358163834,0,0,0.4988185214043336,0
878,"guy#1: hey man, how you doin'? guy#2: i'm aiight",guy 2,guy 2,is_multiword,7,7|8,0.1428571428571428,0,6.618793487548828,1,0.5981231269737084,0,0,0.4988185214043336,0
879,"bro 1 - dude, i got us a broast lined up for tonight",broast lined up,broast lined up,is_multiword,7,7|8|9,0.4285714285714285,0,4.1034996509552,0,0.9855058444663882,1,0,0.4334338556297024,0
879,"bro 1 - dude, i got us a broast lined up for tonight",broast lined,broast lined,is_multiword,7,7|8,0.4285714285714285,0,2.8818792502085366,0,0.8901672714079419,0,0,0.16271826038277595,0
879,"bro 1 - dude, i got us a broast lined up for tonight",lined up,lined up,is_multiword,8,8|9,0.0,0,4.634098052978516,0,0.2131026983261108,0,0,0.16271826038277595,0
87,the show is called animals close up with a wide angle lens,wide angle,wide angle,is_multiword,9,9|10,0.0,0,1.6246109008789062,1,0.3070001602172851,0,0,0.4988185214043336,1
886,"brandilyne sure is a bitch fuck brandilyne, shes the reason your miserable",a bitch fuck brandilyne,a bitch fuck brandilyne,is_multiword,3,3|4|5|6,0.4285714285714285,0,4.821561132158552,0,0.3303611278533935,0,0,0.16271826038277595,0
886,"brandilyne sure is a bitch fuck brandilyne, shes the reason your miserable",a bitch fuck,a bitch fuck,is_multiword,3,3|4|5,0.0,0,4.531498849391937,0,0.6383465528488159,1,0,0.4334338556297024,0
886,"brandilyne sure is a bitch fuck brandilyne, shes the reason your miserable",a bitch,a bitch,is_multiword,3,3|4,0.0,0,3.070077101389567,1,0.3646531701087951,0,0,0.4988185214043336,1
886,"brandilyne sure is a bitch fuck brandilyne, shes the reason your miserable",bitch fuck brandilyne,bitch fuck brandilyne,is_multiword,4,4|5|6,0.4285714285714285,0,4.866950511932373,0,0.5716426124175389,0,0,0.16271826038277595,0
886,"brandilyne sure is a bitch fuck brandilyne, shes the reason your miserable",bitch fuck,bitch fuck,is_multiword,4,4|5,0.0,0,4.076183517773946,0,0.4234874248504638,0,0,0.16271826038277595,0
886,"brandilyne sure is a bitch fuck brandilyne, shes the reason your miserable",brandilyne sure,brandilyne sure,is_multiword,0,0|1,0.4285714285714285,0,3.062274843454361,0,0.6468877916534741,1,0,0.4334338556297024,0
886,"brandilyne sure is a bitch fuck brandilyne, shes the reason your miserable",fuck brandilyne,fuck brandilyne,is_multiword,5,5|6,0.4285714285714285,0,7.104925334453583,0,0.4075948198636373,0,0,0.16271826038277595,0
889,"'fuck, he's gone frodo' 'he's a loose cannon - he went frodo last week and beat the shit outta me'",a loose cannon he went frodo last week and beat the shit outta me,a loose cannon he went frodo last week and beat the shit outta me,is_multiword,5,5|6|7|8|9|10|11|12|13|14|15|16|17|18,0.4285714285714285,0,4.93766423728731,0,0.3581991195678711,0,0,0.16271826038277595,0
889,"'fuck, he's gone frodo' 'he's a loose cannon - he went frodo last week and beat the shit outta me'",a loose cannon he went frodo last week and beat the shit outta,a loose cannon he went frodo last week and beat the shit outta,is_multiword,5,5|6|7|8|9|10|11|12|13|14|15|16|17,0.4285714285714285,0,4.608125142753124,0,0.2701242367426554,0,0,0.16271826038277595,0
889,"'fuck, he's gone frodo' 'he's a loose cannon - he went frodo last week and beat the shit outta me'",a loose cannon he went frodo last week and beat the shit,a loose cannon he went frodo last week and beat the shit,is_multiword,5,5|6|7|8|9|10|11|12|13|14|15|16,0.4285714285714285,0,4.792331107457479,0,0.2860825459162394,0,0,0.16271826038277595,0
889,"'fuck, he's gone frodo' 'he's a loose cannon - he went frodo last week and beat the shit outta me'",a loose cannon he went frodo last week and beat the,a loose cannon he went frodo last week and beat the,is_multiword,5,5|6|7|8|9|10|11|12|13|14|15,0.4285714285714285,0,5.056031405925751,0,0.2588722507158915,0,0,0.16271826038277595,0
889,"'fuck, he's gone frodo' 'he's a loose cannon - he went frodo last week and beat the shit outta me'",a loose cannon he went frodo last week and beat,a loose cannon he went frodo last week and beat,is_multiword,5,5|6|7|8|9|10|11|12|13|14,0.4285714285714285,0,5.068892552302434,0,0.2610627015431722,0,0,0.16271826038277595,0
889,"'fuck, he's gone frodo' 'he's a loose cannon - he went frodo last week and beat the shit outta me'",a loose cannon he went frodo last week and,a loose cannon he went frodo last week and,is_multiword,5,5|6|7|8|9|10|11|12|13,0.4285714285714285,0,4.968128164609273,0,0.3851563135782877,0,0,0.16271826038277595,0
889,"'fuck, he's gone frodo' 'he's a loose cannon - he went frodo last week and beat the shit outta me'",a loose cannon he went frodo last week,a loose cannon he went frodo last week,is_multiword,5,5|6|7|8|9|10|11|12,0.4285714285714285,0,4.596596772020513,0,0.3380642334620157,0,0,0.16271826038277595,0
889,"'fuck, he's gone frodo' 'he's a loose cannon - he went frodo last week and beat the shit outta me'",a loose cannon he went frodo last,a loose cannon he went frodo last,is_multiword,5,5|6|7|8|9|10|11,0.4285714285714285,0,4.671855455636978,0,0.4009363452593485,0,0,0.16271826038277595,0
889,"'fuck, he's gone frodo' 'he's a loose cannon - he went frodo last week and beat the shit outta me'",a loose cannon he went frodo,a loose cannon he went frodo,is_multiword,5,5|6|7|8|9|10,0.4285714285714285,0,5.266220636665821,0,0.2642111579577127,0,0,0.16271826038277595,0
889,"'fuck, he's gone frodo' 'he's a loose cannon - he went frodo last week and beat the shit outta me'",a loose cannon he went,a loose cannon he went,is_multiword,5,5|6|7|8|9,0.0,0,5.339736946991512,0,0.3127179940541585,0,0,0.16271826038277595,0
889,"'fuck, he's gone frodo' 'he's a loose cannon - he went frodo last week and beat the shit outta me'",a loose cannon he,a loose cannon he,is_multiword,5,5|6|7|8,0.0,0,6.52698826789856,1,0.2401434977849325,0,0,0.4988185214043336,1
889,"'fuck, he's gone frodo' 'he's a loose cannon - he went frodo last week and beat the shit outta me'",a loose cannon,a loose cannon,is_multiword,5,5|6|7,0.0,0,6.343540132045746,0,0.2179909745852152,0,0,0.16271826038277595,0
889,"'fuck, he's gone frodo' 'he's a loose cannon - he went frodo last week and beat the shit outta me'",a loose,a loose,is_multiword,5,5|6,0.0,0,3.9246051708857217,0,0.2499773701032003,0,0,0.16271826038277595,0
889,"'fuck, he's gone frodo' 'he's a loose cannon - he went frodo last week and beat the shit outta me'",and beat the shit outta me,and beat the shit outta me,is_multiword,13,13|14|15|16|17|18,0.0,0,3.348489999771118,0,0.6112484335899353,0,0,0.16271826038277595,0
889,"'fuck, he's gone frodo' 'he's a loose cannon - he went frodo last week and beat the shit outta me'",and beat the shit outta,and beat the shit outta,is_multiword,13,13|14|15|16|17,0.0,0,2.424710071086884,0,0.4740435381730398,0,0,0.16271826038277595,0
889,"'fuck, he's gone frodo' 'he's a loose cannon - he went frodo last week and beat the shit outta me'",and beat the shit,and beat the shit,is_multiword,13,13|14|15|16,0.0,0,1.7352532744407654,0,0.4879366556803385,0,0,0.16271826038277595,0
889,"'fuck, he's gone frodo' 'he's a loose cannon - he went frodo last week and beat the shit outta me'",and beat the,and beat the,is_multiword,13,13|14|15,0.0,0,2.616083840529124,0,0.3833604653676351,0,0,0.16271826038277595,0
889,"'fuck, he's gone frodo' 'he's a loose cannon - he went frodo last week and beat the shit outta me'",and beat,and beat,is_multiword,13,13|14,0.0,0,1.4596252143383026,0,0.3801255623499552,0,0,0.16271826038277595,0
889,"'fuck, he's gone frodo' 'he's a loose cannon - he went frodo last week and beat the shit outta me'",beat the shit outta me,beat the shit outta me,is_multiword,14,14|15|16|17|18,0.0,0,3.65591553846995,0,0.2519322435061136,0,0,0.16271826038277595,0
889,"'fuck, he's gone frodo' 'he's a loose cannon - he went frodo last week and beat the shit outta me'",beat the shit outta,beat the shit outta,is_multiword,14,14|15|16|17,0.0,0,2.614884465932846,0,0.3220003247261047,0,0,0.16271826038277595,0
889,"'fuck, he's gone frodo' 'he's a loose cannon - he went frodo last week and beat the shit outta me'",beat the shit,beat the shit,is_multiword,14,14|15|16,0.0,0,1.690609057744344,0,0.4936734040578207,0,0,0.16271826038277595,0
889,"'fuck, he's gone frodo' 'he's a loose cannon - he went frodo last week and beat the shit outta me'",beat the,beat the,is_multiword,14,14|15,0.0,0,2.738084852695465,0,0.2503928144772848,0,0,0.16271826038277595,0
889,"'fuck, he's gone frodo' 'he's a loose cannon - he went frodo last week and beat the shit outta me'",cannon he went frodo last week and beat the shit outta me,cannon he went frodo last week and beat the shit outta me,is_multiword,7,7|8|9|10|11|12|13|14|15|16|17|18,0.4285714285714285,0,4.686611930529277,0,0.3851253390312195,0,0,0.16271826038277595,0
889,"'fuck, he's gone frodo' 'he's a loose cannon - he went frodo last week and beat the shit outta me'",cannon he went frodo last week and beat the shit outta,cannon he went frodo last week and beat the shit outta,is_multiword,7,7|8|9|10|11|12|13|14|15|16|17,0.4285714285714285,0,4.409460783004761,0,0.5225460926691692,0,0,0.16271826038277595,0
889,"'fuck, he's gone frodo' 'he's a loose cannon - he went frodo last week and beat the shit outta me'",cannon he went frodo last week and beat the shit,cannon he went frodo last week and beat the shit,is_multiword,7,7|8|9|10|11|12|13|14|15|16,0.4285714285714285,0,4.729528486728668,0,0.4170718193054199,0,0,0.16271826038277595,0
889,"'fuck, he's gone frodo' 'he's a loose cannon - he went frodo last week and beat the shit outta me'",cannon he went frodo last week and beat the,cannon he went frodo last week and beat the,is_multiword,7,7|8|9|10|11|12|13|14|15,0.4285714285714285,0,5.147645083340732,0,0.3716440995534261,0,0,0.16271826038277595,0
889,"'fuck, he's gone frodo' 'he's a loose cannon - he went frodo last week and beat the shit outta me'",cannon he went frodo last week and beat,cannon he went frodo last week and beat,is_multiword,7,7|8|9|10|11|12|13|14,0.4285714285714285,0,5.209592711925507,0,0.4009560942649841,0,0,0.16271826038277595,0
889,"'fuck, he's gone frodo' 'he's a loose cannon - he went frodo last week and beat the shit outta me'",cannon he went frodo last week and,cannon he went frodo last week and,is_multiword,7,7|8|9|10|11|12|13,0.4285714285714285,0,4.920863641632928,0,0.6131734251976013,0,0,0.16271826038277595,0
889,"'fuck, he's gone frodo' 'he's a loose cannon - he went frodo last week and beat the shit outta me'",cannon he went frodo last week,cannon he went frodo last week,is_multiword,7,7|8|9|10|11|12,0.4285714285714285,0,4.178401961922646,0,0.7324998925129573,0,0,0.16271826038277595,0
889,"'fuck, he's gone frodo' 'he's a loose cannon - he went frodo last week and beat the shit outta me'",cannon he went frodo last,cannon he went frodo last,is_multiword,7,7|8|9|10|11,0.4285714285714285,0,4.449686935969761,0,0.6950795203447342,0,0,0.16271826038277595,0
889,"'fuck, he's gone frodo' 'he's a loose cannon - he went frodo last week and beat the shit outta me'",cannon he went frodo,cannon he went frodo,is_multiword,7,7|8|9|10,0.4285714285714285,0,4.405425989627839,0,0.6584058751662571,0,0,0.16271826038277595,0
889,"'fuck, he's gone frodo' 'he's a loose cannon - he went frodo last week and beat the shit outta me'",cannon he went,cannon he went,is_multiword,7,7|8|9,0.0,0,4.371697217226028,0,0.4079688489437103,0,0,0.16271826038277595,0
889,"'fuck, he's gone frodo' 'he's a loose cannon - he went frodo last week and beat the shit outta me'",cannon he,cannon he,is_multiword,7,7|8,0.0,0,6.2267036239306135,0,0.262171467145284,0,0,0.16271826038277595,0
889,"'fuck, he's gone frodo' 'he's a loose cannon - he went frodo last week and beat the shit outta me'",frodo he's a loose cannon he went frodo last week and beat the shit outta me,frodo he's a loose cannon he went frodo last week and beat the shit outta me,is_multiword,3,3|4|5|6|7|8|9|10|11|12|13|14|15|16|17|18,0.4285714285714285,0,4.092849111557007,0,0.7061666327839096,0,0,0.16271826038277595,0
889,"'fuck, he's gone frodo' 'he's a loose cannon - he went frodo last week and beat the shit outta me'",frodo he's a loose cannon he went frodo last week and beat the shit outta,frodo he's a loose cannon he went frodo last week and beat the shit outta,is_multiword,3,3|4|5|6|7|8|9|10|11|12|13|14|15|16|17,0.4285714285714285,0,3.966417950132618,0,0.6918526962399483,0,0,0.16271826038277595,0
889,"'fuck, he's gone frodo' 'he's a loose cannon - he went frodo last week and beat the shit outta me'",frodo he's a loose cannon he went frodo last week and beat the shit,frodo he's a loose cannon he went frodo last week and beat the shit,is_multiword,3,3|4|5|6|7|8|9|10|11|12|13|14|15|16,0.4285714285714285,0,4.185141411694613,0,0.7462111947437127,0,0,0.16271826038277595,0
889,"'fuck, he's gone frodo' 'he's a loose cannon - he went frodo last week and beat the shit outta me'",frodo he's a loose cannon he went frodo last week and beat the,frodo he's a loose cannon he went frodo last week and beat the,is_multiword,3,3|4|5|6|7|8|9|10|11|12|13|14|15,0.4285714285714285,0,4.483201015563238,0,0.6937047944714625,0,0,0.16271826038277595,0
889,"'fuck, he's gone frodo' 'he's a loose cannon - he went frodo last week and beat the shit outta me'",frodo he's a loose cannon he went frodo last week and beat,frodo he's a loose cannon he went frodo last week and beat,is_multiword,3,3|4|5|6|7|8|9|10|11|12|13|14,0.4285714285714285,0,4.438753718137741,0,0.7103745145723224,0,0,0.16271826038277595,0
889,"'fuck, he's gone frodo' 'he's a loose cannon - he went frodo last week and beat the shit outta me'",frodo he's a loose cannon he went frodo last week and,frodo he's a loose cannon he went frodo last week and,is_multiword,3,3|4|5|6|7|8|9|10|11|12|13,0.4285714285714285,0,4.160421283621537,0,0.7326858546584845,0,0,0.16271826038277595,0
889,"'fuck, he's gone frodo' 'he's a loose cannon - he went frodo last week and beat the shit outta me'",frodo he's a loose cannon he went frodo last week,frodo he's a loose cannon he went frodo last week,is_multiword,3,3|4|5|6|7|8|9|10|11|12,0.4285714285714285,0,3.947825494739744,0,0.7443716758862138,0,0,0.16271826038277595,0
889,"'fuck, he's gone frodo' 'he's a loose cannon - he went frodo last week and beat the shit outta me'",frodo he's a loose cannon he went frodo last,frodo he's a loose cannon he went frodo last,is_multiword,3,3|4|5|6|7|8|9|10|11,0.4285714285714285,0,3.7579424100763656,0,0.6475552472596366,0,0,0.16271826038277595,0
889,"'fuck, he's gone frodo' 'he's a loose cannon - he went frodo last week and beat the shit outta me'",frodo he's a loose cannon he went frodo,frodo he's a loose cannon he went frodo,is_multiword,3,3|4|5|6|7|8|9|10,0.4285714285714285,0,3.919282801946004,0,0.7874581636860967,0,0,0.16271826038277595,0
889,"'fuck, he's gone frodo' 'he's a loose cannon - he went frodo last week and beat the shit outta me'",frodo he's a loose cannon he went,frodo he's a loose cannon he went,is_multiword,3,3|4|5|6|7|8|9,0.4285714285714285,0,2.856432182448251,0,0.7586924812446038,0,0,0.16271826038277595,0
889,"'fuck, he's gone frodo' 'he's a loose cannon - he went frodo last week and beat the shit outta me'",frodo he's a loose cannon he,frodo he's a loose cannon he,is_multiword,3,3|4|5|6|7|8,0.4285714285714285,0,3.059563847688528,0,0.701474121461312,0,0,0.16271826038277595,0
889,"'fuck, he's gone frodo' 'he's a loose cannon - he went frodo last week and beat the shit outta me'",frodo he's a loose cannon,frodo he's a loose cannon,is_multiword,3,3|4|5|6|7,0.4285714285714285,0,2.5637391408284507,0,0.7873638073603312,0,0,0.16271826038277595,0
889,"'fuck, he's gone frodo' 'he's a loose cannon - he went frodo last week and beat the shit outta me'",frodo he's a loose,frodo he's a loose,is_multiword,3,3|4|5|6,0.4285714285714285,0,2.242557096481323,0,0.3710556030273437,0,0,0.16271826038277595,0
889,"'fuck, he's gone frodo' 'he's a loose cannon - he went frodo last week and beat the shit outta me'",frodo he's a,frodo he's a,is_multiword,3,3|4|5,0.4285714285714285,0,1.594948261976242,0,0.7438529022037983,0,0,0.16271826038277595,0
889,"'fuck, he's gone frodo' 'he's a loose cannon - he went frodo last week and beat the shit outta me'",frodo he's,frodo he's,is_multiword,3,3|4,0.4285714285714285,0,2.187367507389613,0,0.5743208130200703,0,0,0.16271826038277595,0
889,"'fuck, he's gone frodo' 'he's a loose cannon - he went frodo last week and beat the shit outta me'",frodo last week and beat the shit outta me,frodo last week and beat the shit outta me,is_multiword,10,10|11|12|13|14|15|16|17|18,0.4285714285714285,0,5.553605521267111,0,0.3928771813710531,0,0,0.16271826038277595,0
889,"'fuck, he's gone frodo' 'he's a loose cannon - he went frodo last week and beat the shit outta me'",frodo last week and beat the shit outta,frodo last week and beat the shit outta,is_multiword,10,10|11|12|13|14|15|16|17,0.4285714285714285,0,5.317398938867781,0,0.80790557526052,0,0,0.16271826038277595,0
889,"'fuck, he's gone frodo' 'he's a loose cannon - he went frodo last week and beat the shit outta me'",frodo last week and beat the shit,frodo last week and beat the shit,is_multiword,10,10|11|12|13|14|15|16,0.4285714285714285,0,5.449082799255848,0,0.7115601922074954,0,0,0.16271826038277595,0
889,"'fuck, he's gone frodo' 'he's a loose cannon - he went frodo last week and beat the shit outta me'",frodo last week and beat the,frodo last week and beat the,is_multiword,10,10|11|12|13|14|15,0.4285714285714285,0,6.222560307809284,0,0.4740320046742757,0,0,0.16271826038277595,0
889,"'fuck, he's gone frodo' 'he's a loose cannon - he went frodo last week and beat the shit outta me'",frodo last week and beat,frodo last week and beat,is_multiword,10,10|11|12|13|14,0.4285714285714285,0,6.652338087558746,0,0.8189778119946519,0,0,0.16271826038277595,0
889,"'fuck, he's gone frodo' 'he's a loose cannon - he went frodo last week and beat the shit outta me'",frodo last week and,frodo last week and,is_multiword,10,10|11|12|13,0.4285714285714285,0,6.235275292396546,0,0.8064101058989763,0,0,0.16271826038277595,0
889,"'fuck, he's gone frodo' 'he's a loose cannon - he went frodo last week and beat the shit outta me'",frodo last week,frodo last week,is_multiword,10,10|11|12,0.4285714285714285,0,4.740691155195236,0,0.7890413006146749,0,0,0.16271826038277595,0
889,"'fuck, he's gone frodo' 'he's a loose cannon - he went frodo last week and beat the shit outta me'",frodo last,frodo last,is_multiword,10,10|11,0.4285714285714285,0,5.915060559908549,0,0.8147616970042387,0,0,0.16271826038277595,0
889,"'fuck, he's gone frodo' 'he's a loose cannon - he went frodo last week and beat the shit outta me'",gone frodo he's a loose cannon he went frodo last week and beat the shit outta me,gone frodo he's a loose cannon he went frodo last week and beat the shit outta me,is_multiword,2,2|3|4|5|6|7|8|9|10|11|12|13|14|15|16|17|18,0.4285714285714285,0,4.040628772515517,0,0.4890829225381216,0,0,0.16271826038277595,0
889,"'fuck, he's gone frodo' 'he's a loose cannon - he went frodo last week and beat the shit outta me'",gone frodo he's a loose cannon he went frodo last week and beat the shit outta,gone frodo he's a loose cannon he went frodo last week and beat the shit outta,is_multiword,2,2|3|4|5|6|7|8|9|10|11|12|13|14|15|16|17,0.4285714285714285,0,3.7937010129292807,0,0.3791633447011312,0,0,0.16271826038277595,0
889,"'fuck, he's gone frodo' 'he's a loose cannon - he went frodo last week and beat the shit outta me'",gone frodo he's a loose cannon he went frodo last week and beat the shit,gone frodo he's a loose cannon he went frodo last week and beat the shit,is_multiword,2,2|3|4|5|6|7|8|9|10|11|12|13|14|15|16,0.4285714285714285,0,4.112909659095433,0,0.4643779595692953,0,0,0.16271826038277595,0
889,"'fuck, he's gone frodo' 'he's a loose cannon - he went frodo last week and beat the shit outta me'",gone frodo he's a loose cannon he went frodo last week and beat the,gone frodo he's a loose cannon he went frodo last week and beat the,is_multiword,2,2|3|4|5|6|7|8|9|10|11|12|13|14|15,0.4285714285714285,0,4.412386823784221,0,0.4649969240029653,0,0,0.16271826038277595,0
889,"'fuck, he's gone frodo' 'he's a loose cannon - he went frodo last week and beat the shit outta me'",gone frodo he's a loose cannon he went frodo last week and beat,gone frodo he's a loose cannon he went frodo last week and beat,is_multiword,2,2|3|4|5|6|7|8|9|10|11|12|13|14,0.4285714285714285,0,4.432684818903605,0,0.4748342831929525,0,0,0.16271826038277595,0
889,"'fuck, he's gone frodo' 'he's a loose cannon - he went frodo last week and beat the shit outta me'",gone frodo he's a loose cannon he went frodo last week and,gone frodo he's a loose cannon he went frodo last week and,is_multiword,2,2|3|4|5|6|7|8|9|10|11|12|13,0.4285714285714285,0,4.088726460933685,0,0.4244789580504099,0,0,0.16271826038277595,0
889,"'fuck, he's gone frodo' 'he's a loose cannon - he went frodo last week and beat the shit outta me'",gone frodo he's a loose cannon he went frodo last week,gone frodo he's a loose cannon he went frodo last week,is_multiword,2,2|3|4|5|6|7|8|9|10|11|12,0.4285714285714285,0,3.832715329371001,0,0.7513897325843573,0,0,0.16271826038277595,0
889,"'fuck, he's gone frodo' 'he's a loose cannon - he went frodo last week and beat the shit outta me'",gone frodo he's a loose cannon he went frodo last,gone frodo he's a loose cannon he went frodo last,is_multiword,2,2|3|4|5|6|7|8|9|10|11,0.4285714285714285,0,3.6691685120264688,0,0.7862606874356667,0,0,0.16271826038277595,0
889,"'fuck, he's gone frodo' 'he's a loose cannon - he went frodo last week and beat the shit outta me'",gone frodo he's a loose cannon he went frodo,gone frodo he's a loose cannon he went frodo,is_multiword,2,2|3|4|5|6|7|8|9|10,0.4285714285714285,0,3.747052684426308,0,0.7862606874356667,0,0,0.16271826038277595,0
889,"'fuck, he's gone frodo' 'he's a loose cannon - he went frodo last week and beat the shit outta me'",gone frodo he's a loose cannon he went,gone frodo he's a loose cannon he went,is_multiword,2,2|3|4|5|6|7|8|9,0.4285714285714285,0,3.2207839488983154,0,0.4255683819452921,0,0,0.16271826038277595,0
889,"'fuck, he's gone frodo' 'he's a loose cannon - he went frodo last week and beat the shit outta me'",gone frodo he's a loose cannon he,gone frodo he's a loose cannon he,is_multiword,2,2|3|4|5|6|7|8,0.4285714285714285,0,3.5309739964348927,0,0.7244289616743724,0,0,0.16271826038277595,0
889,"'fuck, he's gone frodo' 'he's a loose cannon - he went frodo last week and beat the shit outta me'",gone frodo he's a loose cannon,gone frodo he's a loose cannon,is_multiword,2,2|3|4|5|6|7,0.4285714285714285,0,3.2678067133976865,0,0.7605971150721113,0,0,0.16271826038277595,0
889,"'fuck, he's gone frodo' 'he's a loose cannon - he went frodo last week and beat the shit outta me'",gone frodo he's a loose,gone frodo he's a loose,is_multiword,2,2|3|4|5|6,0.4285714285714285,0,2.999284570867365,0,0.5487384100755055,0,0,0.16271826038277595,0
889,"'fuck, he's gone frodo' 'he's a loose cannon - he went frodo last week and beat the shit outta me'",gone frodo he's a,gone frodo he's a,is_multiword,2,2|3|4|5,0.4285714285714285,0,2.6142479843563504,0,0.8063038466498256,0,0,0.16271826038277595,0
889,"'fuck, he's gone frodo' 'he's a loose cannon - he went frodo last week and beat the shit outta me'",gone frodo he's,gone frodo he's,is_multiword,2,2|3|4,0.4285714285714285,0,3.2637228667736053,0,0.6587142546971638,0,0,0.16271826038277595,0
889,"'fuck, he's gone frodo' 'he's a loose cannon - he went frodo last week and beat the shit outta me'",gone frodo,gone frodo,is_multiword,2,2|3,0.4285714285714285,0,4.745992600917816,1,0.610759509106477,0,0,0.4988185214043336,1
889,"'fuck, he's gone frodo' 'he's a loose cannon - he went frodo last week and beat the shit outta me'",he went frodo last week and beat the shit outta me,he went frodo last week and beat the shit outta me,is_multiword,8,8|9|10|11|12|13|14|15|16|17|18,0.4285714285714285,0,4.623458596376272,0,0.5991382251183193,0,0,0.16271826038277595,0
889,"'fuck, he's gone frodo' 'he's a loose cannon - he went frodo last week and beat the shit outta me'",he went frodo last week and beat the shit outta,he went frodo last week and beat the shit outta,is_multiword,8,8|9|10|11|12|13|14|15|16|17,0.4285714285714285,0,4.2991104396906765,0,0.5838793218135834,0,0,0.16271826038277595,0
889,"'fuck, he's gone frodo' 'he's a loose cannon - he went frodo last week and beat the shit outta me'",he went frodo last week and beat the shit,he went frodo last week and beat the shit,is_multiword,8,8|9|10|11|12|13|14|15|16,0.4285714285714285,0,4.504904869198799,0,0.584872305393219,0,0,0.16271826038277595,0
889,"'fuck, he's gone frodo' 'he's a loose cannon - he went frodo last week and beat the shit outta me'",he went frodo last week and beat the,he went frodo last week and beat the,is_multiword,8,8|9|10|11|12|13|14|15,0.4285714285714285,0,4.99765604072147,0,0.6700050085783005,0,0,0.16271826038277595,0
889,"'fuck, he's gone frodo' 'he's a loose cannon - he went frodo last week and beat the shit outta me'",he went frodo last week and beat,he went frodo last week and beat,is_multiword,8,8|9|10|11|12|13|14,0.4285714285714285,0,5.098903581500053,0,0.6369003355503082,0,0,0.16271826038277595,0
889,"'fuck, he's gone frodo' 'he's a loose cannon - he went frodo last week and beat the shit outta me'",he went frodo last week and,he went frodo last week and,is_multiword,8,8|9|10|11|12|13,0.4285714285714285,0,4.905331798962185,0,0.8166010305285454,0,0,0.16271826038277595,0
889,"'fuck, he's gone frodo' 'he's a loose cannon - he went frodo last week and beat the shit outta me'",he went frodo last week,he went frodo last week,is_multiword,8,8|9|10|11|12,0.4285714285714285,0,3.8413303891817727,0,0.7268102020025253,0,0,0.16271826038277595,0
889,"'fuck, he's gone frodo' 'he's a loose cannon - he went frodo last week and beat the shit outta me'",he went frodo last,he went frodo last,is_multiword,8,8|9|10|11,0.4285714285714285,0,4.200559240579605,0,0.8341754948099455,1,0,0.4334338556297024,0
889,"'fuck, he's gone frodo' 'he's a loose cannon - he went frodo last week and beat the shit outta me'",he went frodo,he went frodo,is_multiword,8,8|9|10,0.4285714285714285,0,2.078989585240682,0,0.7995432342092196,0,0,0.16271826038277595,0
889,"'fuck, he's gone frodo' 'he's a loose cannon - he went frodo last week and beat the shit outta me'",he went,he went,is_multiword,8,8|9,0.0,0,3.106029510498047,0,0.3729127248128255,0,0,0.16271826038277595,0
889,"'fuck, he's gone frodo' 'he's a loose cannon - he went frodo last week and beat the shit outta me'",he's a loose cannon he went frodo last week and beat the shit outta me,he's a loose cannon he went frodo last week and beat the shit outta me,is_multiword,4,4|5|6|7|8|9|10|11|12|13|14|15|16|17|18,0.4285714285714285,0,4.567949964241548,0,0.2853718797365824,0,0,0.16271826038277595,0
889,"'fuck, he's gone frodo' 'he's a loose cannon - he went frodo last week and beat the shit outta me'",he's a loose cannon he went frodo last week and beat the shit outta,he's a loose cannon he went frodo last week and beat the shit outta,is_multiword,4,4|5|6|7|8|9|10|11|12|13|14|15|16|17,0.4285714285714285,0,4.390129473805428,0,0.2471689581871032,0,0,0.16271826038277595,0
889,"'fuck, he's gone frodo' 'he's a loose cannon - he went frodo last week and beat the shit outta me'",he's a loose cannon he went frodo last week and beat the shit,he's a loose cannon he went frodo last week and beat the shit,is_multiword,4,4|5|6|7|8|9|10|11|12|13|14|15|16,0.4285714285714285,0,4.440312173805739,0,0.2953185439109802,0,0,0.16271826038277595,0
889,"'fuck, he's gone frodo' 'he's a loose cannon - he went frodo last week and beat the shit outta me'",he's a loose cannon he went frodo last week and beat the,he's a loose cannon he went frodo last week and beat the,is_multiword,4,4|5|6|7|8|9|10|11|12|13|14|15,0.4285714285714285,0,4.749221843149927,0,0.2929630279541015,0,0,0.16271826038277595,0
889,"'fuck, he's gone frodo' 'he's a loose cannon - he went frodo last week and beat the shit outta me'",he's a loose cannon he went frodo last week and beat,he's a loose cannon he went frodo last week and beat,is_multiword,4,4|5|6|7|8|9|10|11|12|13|14,0.4285714285714285,0,4.732185439151876,0,0.3230350017547607,0,0,0.16271826038277595,0
889,"'fuck, he's gone frodo' 'he's a loose cannon - he went frodo last week and beat the shit outta me'",he's a loose cannon he went frodo last week and,he's a loose cannon he went frodo last week and,is_multiword,4,4|5|6|7|8|9|10|11|12|13,0.4285714285714285,0,4.533023385331035,0,0.367050031820933,0,0,0.16271826038277595,0
889,"'fuck, he's gone frodo' 'he's a loose cannon - he went frodo last week and beat the shit outta me'",he's a loose cannon he went frodo last week,he's a loose cannon he went frodo last week,is_multiword,4,4|5|6|7|8|9|10|11|12,0.4285714285714285,0,4.337593591213226,0,0.2913093765576681,0,0,0.16271826038277595,0
889,"'fuck, he's gone frodo' 'he's a loose cannon - he went frodo last week and beat the shit outta me'",he's a loose cannon he went frodo last,he's a loose cannon he went frodo last,is_multiword,4,4|5|6|7|8|9|10|11,0.4285714285714285,0,4.209638559392521,0,0.3671255509058634,0,0,0.16271826038277595,0
889,"'fuck, he's gone frodo' 'he's a loose cannon - he went frodo last week and beat the shit outta me'",he's a loose cannon he went frodo,he's a loose cannon he went frodo,is_multiword,4,4|5|6|7|8|9|10,0.4285714285714285,0,4.540883709366123,0,0.3470902641614278,0,0,0.16271826038277595,0
889,"'fuck, he's gone frodo' 'he's a loose cannon - he went frodo last week and beat the shit outta me'",he's a loose cannon he went,he's a loose cannon he went,is_multiword,4,4|5|6|7|8|9,0.0,0,4.164980461651629,0,0.4127236505349477,0,0,0.16271826038277595,0
889,"'fuck, he's gone frodo' 'he's a loose cannon - he went frodo last week and beat the shit outta me'",he's a loose cannon he,he's a loose cannon he,is_multiword,4,4|5|6|7|8,0.0,0,5.063154984265566,0,0.2215961813926696,0,0,0.16271826038277595,0
889,"'fuck, he's gone frodo' 'he's a loose cannon - he went frodo last week and beat the shit outta me'",he's a loose cannon,he's a loose cannon,is_multiword,4,4|5|6|7,0.0,0,4.457880597975519,0,0.154305100440979,0,0,0.16271826038277595,0
889,"'fuck, he's gone frodo' 'he's a loose cannon - he went frodo last week and beat the shit outta me'",he's a loose,he's a loose,is_multiword,4,4|5|6,0.0,0,4.274435803294182,0,0.301083505153656,0,0,0.16271826038277595,0
889,"'fuck, he's gone frodo' 'he's a loose cannon - he went frodo last week and beat the shit outta me'",he's a,he's a,is_multiword,4,4|5,0.0,0,3.507022854685784,0,0.7354948529973626,0,0,0.16271826038277595,0
889,"'fuck, he's gone frodo' 'he's a loose cannon - he went frodo last week and beat the shit outta me'",he's gone frodo he's a loose cannon he went frodo last week and beat the shit outta me,he's gone frodo he's a loose cannon he went frodo last week and beat the shit outta me,is_multiword,1,1|2|3|4|5|6|7|8|9|10|11|12|13|14|15|16|17|18,0.4285714285714285,0,4.453114513693185,0,0.6569036232928436,0,0,0.16271826038277595,0
889,"'fuck, he's gone frodo' 'he's a loose cannon - he went frodo last week and beat the shit outta me'",he's gone frodo he's a loose cannon he went frodo last week and beat the shit outta,he's gone frodo he's a loose cannon he went frodo last week and beat the shit outta,is_multiword,1,1|2|3|4|5|6|7|8|9|10|11|12|13|14|15|16|17,0.4285714285714285,0,4.08393457642308,0,0.7116885576397181,0,0,0.16271826038277595,0
889,"'fuck, he's gone frodo' 'he's a loose cannon - he went frodo last week and beat the shit outta me'",he's gone frodo he's a loose cannon he went frodo last week and beat the shit,he's gone frodo he's a loose cannon he went frodo last week and beat the shit,is_multiword,1,1|2|3|4|5|6|7|8|9|10|11|12|13|14|15|16,0.4285714285714285,0,4.149538338184357,0,0.6620883553599317,0,0,0.16271826038277595,0
889,"'fuck, he's gone frodo' 'he's a loose cannon - he went frodo last week and beat the shit outta me'",he's gone frodo he's a loose cannon he went frodo last week and beat the,he's gone frodo he's a loose cannon he went frodo last week and beat the,is_multiword,1,1|2|3|4|5|6|7|8|9|10|11|12|13|14|15,0.4285714285714285,0,4.1755648040771485,0,0.6684095670158665,0,0,0.16271826038277595,0
889,"'fuck, he's gone frodo' 'he's a loose cannon - he went frodo last week and beat the shit outta me'",he's gone frodo he's a loose cannon he went frodo last week and beat,he's gone frodo he's a loose cannon he went frodo last week and beat,is_multiword,1,1|2|3|4|5|6|7|8|9|10|11|12|13|14,0.4285714285714285,0,4.2938830604155855,0,0.6898623835295439,0,0,0.16271826038277595,0
889,"'fuck, he's gone frodo' 'he's a loose cannon - he went frodo last week and beat the shit outta me'",he's gone frodo he's a loose cannon he went frodo last week and,he's gone frodo he's a loose cannon he went frodo last week and,is_multiword,1,1|2|3|4|5|6|7|8|9|10|11|12|13,0.4285714285714285,0,4.708061285640882,0,0.6896333613743384,0,0,0.16271826038277595,0
889,"'fuck, he's gone frodo' 'he's a loose cannon - he went frodo last week and beat the shit outta me'",he's gone frodo he's a loose cannon he went frodo last week,he's gone frodo he's a loose cannon he went frodo last week,is_multiword,1,1|2|3|4|5|6|7|8|9|10|11|12,0.4285714285714285,0,4.458323467861522,0,0.638801951892674,0,0,0.16271826038277595,0
889,"'fuck, he's gone frodo' 'he's a loose cannon - he went frodo last week and beat the shit outta me'",he's gone frodo he's a loose cannon he went frodo last,he's gone frodo he's a loose cannon he went frodo last,is_multiword,1,1|2|3|4|5|6|7|8|9|10|11,0.4285714285714285,0,4.359714678355625,0,0.618401834120353,0,0,0.16271826038277595,0
889,"'fuck, he's gone frodo' 'he's a loose cannon - he went frodo last week and beat the shit outta me'",he's gone frodo he's a loose cannon he went frodo,he's gone frodo he's a loose cannon he went frodo,is_multiword,1,1|2|3|4|5|6|7|8|9|10,0.4285714285714285,0,4.504531678400542,0,0.618401891241471,0,0,0.16271826038277595,0
889,"'fuck, he's gone frodo' 'he's a loose cannon - he went frodo last week and beat the shit outta me'",he's gone frodo he's a loose cannon he went,he's gone frodo he's a loose cannon he went,is_multiword,1,1|2|3|4|5|6|7|8|9,0.4285714285714285,0,4.16857045226627,0,0.7812566726158062,0,0,0.16271826038277595,0
889,"'fuck, he's gone frodo' 'he's a loose cannon - he went frodo last week and beat the shit outta me'",he's gone frodo he's a loose cannon he,he's gone frodo he's a loose cannon he,is_multiword,1,1|2|3|4|5|6|7|8,0.4285714285714285,0,3.934224549461813,0,0.6422165309389432,0,0,0.16271826038277595,0
889,"'fuck, he's gone frodo' 'he's a loose cannon - he went frodo last week and beat the shit outta me'",he's gone frodo he's a loose cannon,he's gone frodo he's a loose cannon,is_multiword,1,1|2|3|4|5|6|7,0.4285714285714285,0,3.554772138595581,0,0.6425014063715935,0,0,0.16271826038277595,0
889,"'fuck, he's gone frodo' 'he's a loose cannon - he went frodo last week and beat the shit outta me'",he's gone frodo he's a loose,he's gone frodo he's a loose,is_multiword,1,1|2|3|4|5|6,0.4285714285714285,0,3.2767958300454274,0,0.7918955643350879,0,0,0.16271826038277595,0
889,"'fuck, he's gone frodo' 'he's a loose cannon - he went frodo last week and beat the shit outta me'",he's gone frodo he's a,he's gone frodo he's a,is_multiword,1,1|2|3|4|5,0.4285714285714285,0,2.9127093156178794,0,0.9570517148822546,1,0,0.4334338556297024,0
889,"'fuck, he's gone frodo' 'he's a loose cannon - he went frodo last week and beat the shit outta me'",he's gone frodo he's,he's gone frodo he's,is_multiword,1,1|2|3|4,0.4285714285714285,0,3.18629002571106,0,0.7850114833563566,0,0,0.16271826038277595,0
889,"'fuck, he's gone frodo' 'he's a loose cannon - he went frodo last week and beat the shit outta me'",he's gone frodo,he's gone frodo,is_multiword,1,1|2|3,0.4285714285714285,0,3.6284352711268832,0,0.750893276805679,0,0,0.16271826038277595,0
889,"'fuck, he's gone frodo' 'he's a loose cannon - he went frodo last week and beat the shit outta me'",he's gone,he's gone,is_multiword,1,1|2,0.0,0,1.0357474982738497,0,0.2099654078483581,0,0,0.16271826038277595,0
889,"'fuck, he's gone frodo' 'he's a loose cannon - he went frodo last week and beat the shit outta me'",last week and beat the shit outta me,last week and beat the shit outta me,is_multiword,11,11|12|13|14|15|16|17|18,0.0,0,3.577618789672852,0,0.5698118309179943,0,0,0.16271826038277595,0
889,"'fuck, he's gone frodo' 'he's a loose cannon - he went frodo last week and beat the shit outta me'",last week and beat the shit outta,last week and beat the shit outta,is_multiword,11,11|12|13|14|15|16|17,0.0,0,2.6535010635852814,0,0.4840879241625467,0,0,0.16271826038277595,0
889,"'fuck, he's gone frodo' 'he's a loose cannon - he went frodo last week and beat the shit outta me'",last week and beat the shit,last week and beat the shit,is_multiword,11,11|12|13|14|15|16,0.0,0,2.633322596549988,0,0.5211541950702667,0,0,0.16271826038277595,0
889,"'fuck, he's gone frodo' 'he's a loose cannon - he went frodo last week and beat the shit outta me'",last week and beat the,last week and beat the,is_multiword,11,11|12|13|14|15,0.0,0,3.053277373313904,0,0.4887214303016662,0,0,0.16271826038277595,0
889,"'fuck, he's gone frodo' 'he's a loose cannon - he went frodo last week and beat the shit outta me'",last week and beat,last week and beat,is_multiword,11,11|12|13|14,0.0,0,2.6235885620117188,0,0.4659638106822967,0,0,0.16271826038277595,0
889,"'fuck, he's gone frodo' 'he's a loose cannon - he went frodo last week and beat the shit outta me'",last week and,last week and,is_multiword,11,11|12|13,0.0,0,5.489691823720932,0,0.8260617780809602,0,0,0.16271826038277595,0
889,"'fuck, he's gone frodo' 'he's a loose cannon - he went frodo last week and beat the shit outta me'",last week,last week,is_multiword,11,11|12,0.0,0,4.863025625546773,0,0.6425976355870564,0,0,0.16271826038277595,0
889,"'fuck, he's gone frodo' 'he's a loose cannon - he went frodo last week and beat the shit outta me'",loose cannon he went frodo last week and beat the shit outta me,loose cannon he went frodo last week and beat the shit outta me,is_multiword,6,6|7|8|9|10|11|12|13|14|15|16|17|18,0.4285714285714285,0,4.701995134353638,0,0.235373298327128,0,0,0.16271826038277595,0
889,"'fuck, he's gone frodo' 'he's a loose cannon - he went frodo last week and beat the shit outta me'",loose cannon he went frodo last week and beat the shit outta,loose cannon he went frodo last week and beat the shit outta,is_multiword,6,6|7|8|9|10|11|12|13|14|15|16|17,0.4285714285714285,0,4.383803860346476,0,0.3659069736798604,0,0,0.16271826038277595,0
889,"'fuck, he's gone frodo' 'he's a loose cannon - he went frodo last week and beat the shit outta me'",loose cannon he went frodo last week and beat the shit,loose cannon he went frodo last week and beat the shit,is_multiword,6,6|7|8|9|10|11|12|13|14|15|16,0.4285714285714285,0,4.691038915089199,0,0.3039626081784566,0,0,0.16271826038277595,0
889,"'fuck, he's gone frodo' 'he's a loose cannon - he went frodo last week and beat the shit outta me'",loose cannon he went frodo last week and beat the,loose cannon he went frodo last week and beat the,is_multiword,6,6|7|8|9|10|11|12|13|14|15,0.4285714285714285,0,5.005724026606633,0,0.3551920851071676,0,0,0.16271826038277595,0
889,"'fuck, he's gone frodo' 'he's a loose cannon - he went frodo last week and beat the shit outta me'",loose cannon he went frodo last week and beat,loose cannon he went frodo last week and beat,is_multiword,6,6|7|8|9|10|11|12|13|14,0.4285714285714285,0,5.041527181863785,0,0.3889098564783732,0,0,0.16271826038277595,0
889,"'fuck, he's gone frodo' 'he's a loose cannon - he went frodo last week and beat the shit outta me'",loose cannon he went frodo last week and,loose cannon he went frodo last week and,is_multiword,6,6|7|8|9|10|11|12|13,0.4285714285714285,0,4.856399221853777,0,0.3715067307154337,0,0,0.16271826038277595,0
889,"'fuck, he's gone frodo' 'he's a loose cannon - he went frodo last week and beat the shit outta me'",loose cannon he went frodo last week,loose cannon he went frodo last week,is_multiword,6,6|7|8|9|10|11|12,0.4285714285714285,0,4.355942571163178,0,0.3500318725903829,0,0,0.16271826038277595,0
889,"'fuck, he's gone frodo' 'he's a loose cannon - he went frodo last week and beat the shit outta me'",loose cannon he went frodo last,loose cannon he went frodo last,is_multiword,6,6|7|8|9|10|11,0.4285714285714285,0,4.431859784656101,0,0.3866050243377685,0,0,0.16271826038277595,0
889,"'fuck, he's gone frodo' 'he's a loose cannon - he went frodo last week and beat the shit outta me'",loose cannon he went frodo,loose cannon he went frodo,is_multiword,6,6|7|8|9|10,0.4285714285714285,0,4.6511441724640985,0,0.2681930462519327,0,0,0.16271826038277595,0
889,"'fuck, he's gone frodo' 'he's a loose cannon - he went frodo last week and beat the shit outta me'",loose cannon he went,loose cannon he went,is_multiword,6,6|7|8|9,0.0,0,4.298100034395854,0,0.3288057247797648,0,0,0.16271826038277595,0
889,"'fuck, he's gone frodo' 'he's a loose cannon - he went frodo last week and beat the shit outta me'",loose cannon he,loose cannon he,is_multiword,6,6|7|8,0.0,0,5.441626906394959,0,0.1929924686749776,0,0,0.16271826038277595,0
889,"'fuck, he's gone frodo' 'he's a loose cannon - he went frodo last week and beat the shit outta me'",loose cannon,loose cannon,is_multiword,6,6|7,0.0,0,5.380810797214508,0,0.2606944441795349,0,0,0.16271826038277595,0
889,"'fuck, he's gone frodo' 'he's a loose cannon - he went frodo last week and beat the shit outta me'",outta me,outta me,is_multiword,17,17|18,0.0,0,3.404427727063497,0,0.8456913810223341,1,0,0.4334338556297024,0
889,"'fuck, he's gone frodo' 'he's a loose cannon - he went frodo last week and beat the shit outta me'",shit outta me,shit outta me,is_multiword,16,16|17|18,0.0,0,2.6891278624534607,0,0.3747298916180929,0,0,0.16271826038277595,0
889,"'fuck, he's gone frodo' 'he's a loose cannon - he went frodo last week and beat the shit outta me'",shit outta,shit outta,is_multiword,16,16|17,0.0,0,0.0,0,0.6519319678967197,0,0,0.16271826038277595,0
889,"'fuck, he's gone frodo' 'he's a loose cannon - he went frodo last week and beat the shit outta me'",the shit outta me,the shit outta me,is_multiword,15,15|16|17|18,0.0,0,4.469715929031372,1,0.3064661224683126,0,0,0.4988185214043336,1
889,"'fuck, he's gone frodo' 'he's a loose cannon - he went frodo last week and beat the shit outta me'",the shit outta,the shit outta,is_multiword,15,15|16|17,0.0,0,3.097630818684896,0,0.3194774389266968,0,0,0.16271826038277595,0
889,"'fuck, he's gone frodo' 'he's a loose cannon - he went frodo last week and beat the shit outta me'",the shit,the shit,is_multiword,15,15|16,0.0,0,2.236635208129883,0,0.7646047140782078,0,0,0.16271826038277595,0
889,"'fuck, he's gone frodo' 'he's a loose cannon - he went frodo last week and beat the shit outta me'",week and beat the shit outta me,week and beat the shit outta me,is_multiword,12,12|13|14|15|16|17|18,0.0,0,4.825919672846794,0,0.6077838850518067,0,0,0.16271826038277595,0
889,"'fuck, he's gone frodo' 'he's a loose cannon - he went frodo last week and beat the shit outta me'",week and beat the shit outta,week and beat the shit outta,is_multiword,12,12|13|14|15|16|17,0.0,0,4.244239280621211,0,0.5817994276682537,0,0,0.16271826038277595,0
889,"'fuck, he's gone frodo' 'he's a loose cannon - he went frodo last week and beat the shit outta me'",week and beat the shit,week and beat the shit,is_multiword,12,12|13|14|15|16,0.0,0,4.915316146612168,0,0.6371921797593434,0,0,0.16271826038277595,0
889,"'fuck, he's gone frodo' 'he's a loose cannon - he went frodo last week and beat the shit outta me'",week and beat the,week and beat the,is_multiword,12,12|13|14|15,0.0,0,5.770422950387001,0,0.6249066727856796,0,0,0.16271826038277595,0
889,"'fuck, he's gone frodo' 'he's a loose cannon - he went frodo last week and beat the shit outta me'",week and beat,week and beat,is_multiword,12,12|13|14,0.0,0,5.934684664011002,0,0.6853505717590451,0,0,0.16271826038277595,0
889,"'fuck, he's gone frodo' 'he's a loose cannon - he went frodo last week and beat the shit outta me'",week and,week and,is_multiword,12,12|13,0.0,0,7.439679741859436,1,0.5528768400351207,0,0,0.4988185214043336,1
889,"'fuck, he's gone frodo' 'he's a loose cannon - he went frodo last week and beat the shit outta me'",went frodo last week and beat the shit outta me,went frodo last week and beat the shit outta me,is_multiword,9,9|10|11|12|13|14|15|16|17|18,0.4285714285714285,0,4.560078928867976,0,0.4846685330073038,0,0,0.16271826038277595,0
889,"'fuck, he's gone frodo' 'he's a loose cannon - he went frodo last week and beat the shit outta me'",went frodo last week and beat the shit outta,went frodo last week and beat the shit outta,is_multiword,9,9|10|11|12|13|14|15|16|17,0.4285714285714285,0,4.061229705810547,0,0.622858429948489,0,0,0.16271826038277595,0
889,"'fuck, he's gone frodo' 'he's a loose cannon - he went frodo last week and beat the shit outta me'",went frodo last week and beat the shit,went frodo last week and beat the shit,is_multiword,9,9|10|11|12|13|14|15|16,0.4285714285714285,0,4.115331000751919,0,0.6783456603686016,0,0,0.16271826038277595,0
889,"'fuck, he's gone frodo' 'he's a loose cannon - he went frodo last week and beat the shit outta me'",went frodo last week and beat the,went frodo last week and beat the,is_multiword,9,9|10|11|12|13|14|15,0.4285714285714285,0,4.621297478675842,0,0.6347456872463226,0,0,0.16271826038277595,0
889,"'fuck, he's gone frodo' 'he's a loose cannon - he went frodo last week and beat the shit outta me'",went frodo last week and beat,went frodo last week and beat,is_multiword,9,9|10|11|12|13|14,0.4285714285714285,0,4.65048222882407,0,0.6781801978747051,0,0,0.16271826038277595,0
889,"'fuck, he's gone frodo' 'he's a loose cannon - he went frodo last week and beat the shit outta me'",went frodo last week and,went frodo last week and,is_multiword,9,9|10|11|12|13,0.4285714285714285,0,4.501467903455098,0,0.9723531973237792,0,0,0.16271826038277595,0
889,"'fuck, he's gone frodo' 'he's a loose cannon - he went frodo last week and beat the shit outta me'",went frodo last week,went frodo last week,is_multiword,9,9|10|11|12,0.4285714285714285,0,3.0755972385406496,0,0.7102391272783279,0,0,0.16271826038277595,0
889,"'fuck, he's gone frodo' 'he's a loose cannon - he went frodo last week and beat the shit outta me'",went frodo last,went frodo last,is_multiword,9,9|10|11,0.4285714285714285,0,3.657001316547394,0,0.5962773437301319,0,0,0.16271826038277595,0
889,"'fuck, he's gone frodo' 'he's a loose cannon - he went frodo last week and beat the shit outta me'",went frodo,went frodo,is_multiword,9,9|10,0.4285714285714285,0,0.0,0,0.7809177242840329,0,0,0.16271826038277595,0
891,"that little star trek bitch, her ass so loose one finger won't do, so i gave her the spocker",the spocker,the spocker,is_multiword,17,17|18,0.4285714285714285,0,5.795976003011067,0,0.9910174378504356,1,0,0.4334338556297024,0
893,my gym teacher is a dykadellic psycho bitch,dykadellic psycho bitch,dykadellic psycho bitch,is_multiword,5,5|6|7,0.4285714285714285,0,6.974566340446472,0,0.9894161724175016,0,0,0.16271826038277595,0
893,my gym teacher is a dykadellic psycho bitch,dykadellic psycho,dykadellic psycho,is_multiword,5,5|6,0.4285714285714285,0,7.997116756439209,0,0.989113292346398,0,0,0.16271826038277595,0
893,my gym teacher is a dykadellic psycho bitch,psycho bitch,psycho bitch,is_multiword,6,6|7,0.0,0,6.347131172815959,0,0.6521991938352585,1,0,0.4334338556297024,0
894,"""yo dude did you see that girl's data? ""dude she sent me her data",yo dude,yo dude,is_multiword,0,0|1,0.0,0,3.9984944661458335,0,0.3252293268839518,1,0,0.4334338556297024,0
897,"dont get friendly with snaggle-tooth mary,she is a real bar poopsie",bar poopsie,bar poopsie,is_multiword,10,10|11,0.4285714285714285,0,5.620604455471039,0,0.6091572393973668,0,1,0.16271826038277595,0
89,i have caught me a tasty fi.,tasty fi,tasty fi,is_multiword,5,5|6,0.0,0,5.260515809059143,0,0.7262743298585217,1,0,0.4334338556297024,0
901,cbg has the ball everybody duck,everybody duck,everybody duck,is_multiword,4,4|5,0.0,0,6.9218660195668535,0,0.4037921826044718,0,0,0.16271826038277595,0
904,god haylie duff needs face work no wonder why she's known as [the ugly duff],no wonder why she's,no wonder why she's,is_multiword,6,6|7|8|9,0.0,0,3.1037177443504333,0,0.7671313757697741,0,0,0.16271826038277595,0
904,god haylie duff needs face work no wonder why she's known as [the ugly duff],no wonder why,no wonder why,is_multiword,6,6|7|8,0.0,0,3.39696749051412,0,0.6337352643410366,0,0,0.16271826038277595,0
904,god haylie duff needs face work no wonder why she's known as [the ugly duff],no wonder,no wonder,is_multiword,6,6|7,0.0,0,4.047185957431793,1,0.6711598321174581,0,0,0.4988185214043336,1
904,god haylie duff needs face work no wonder why she's known as [the ugly duff],why she's,why she's,is_multiword,8,8|9,0.0,0,0.685089111328125,1,0.5715165634950001,0,0,0.4988185214043336,1
904,god haylie duff needs face work no wonder why she's known as [the ugly duff],wonder why she's,wonder why she's,is_multiword,7,7|8|9,0.0,0,1.2220870494842528,0,0.7861949590345224,1,0,0.4334338556297024,0
904,god haylie duff needs face work no wonder why she's known as [the ugly duff],wonder why,wonder why,is_multiword,7,7|8,0.0,0,1.0145912766456604,0,0.6302354832490284,0,0,0.16271826038277595,0
908,"""dan: tyler can you get the frick over to my house? we have to play [split screen co-op] tyler: no sah, im getting a breejetwa",get the frick,get the frick,is_multiword,4,4|5|6,0.4285714285714285,0,3.690774828195572,0,0.906049546164771,0,0,0.16271826038277595,0
908,"""dan: tyler can you get the frick over to my house? we have to play [split screen co-op] tyler: no sah, im getting a breejetwa",get the,get the,is_multiword,4,4|5,0.0,0,0.5018253326416016,1,0.2803164919217428,0,0,0.4988185214043336,1
908,"""dan: tyler can you get the frick over to my house? we have to play [split screen co-op] tyler: no sah, im getting a breejetwa",split screen,split screen,is_multiword,15,15|16,0.0,0,10.631706058979034,1,0.1845419605573018,0,0,0.4988185214043336,1
908,"""dan: tyler can you get the frick over to my house? we have to play [split screen co-op] tyler: no sah, im getting a breejetwa",the frick,the frick,is_multiword,5,5|6,0.4285714285714285,0,2.9538726011912027,0,0.9807511242106556,1,0,0.4334338556297024,0
909,oh no vivien has got a bit odf an ass biscuit,an ass,an ass,is_multiword,8,8|9,0.0,0,4.781774461269379,1,0.8490900279333194,1,0,0.7966618291597674,1
909,oh no vivien has got a bit odf an ass biscuit,odf an ass,odf an ass,is_multiword,7,7|8|9,0.4285714285714285,0,4.96266371011734,0,0.7353405070801575,0,0,0.16271826038277595,0
909,oh no vivien has got a bit odf an ass biscuit,odf an,odf an,is_multiword,7,7|8,0.4285714285714285,0,5.491095145543416,0,0.9880007449537516,0,0,0.16271826038277595,0
912,"""blataz she is a propa bint or ""he is blataz gettin knocked out""""",blataz gettin,blataz gettin,is_multiword,9,9|10,0.4285714285714285,0,8.64644181728363,0,0.7847068623329202,1,0,0.4334338556297024,0
912,"""blataz she is a propa bint or ""he is blataz gettin knocked out""""",propa bint,propa bint,is_multiword,4,4|5,0.4285714285714285,0,4.530023455619812,0,0.7420307993888855,0,0,0.16271826038277595,0
913,"the big blue bus comes every thirty minutes, so we'll def",we'll def,we'll def,is_multiword,9,9|10,0.0,0,3.990725517272949,0,0.664906170219183,0,0,0.16271826038277595,0
918,that jockstrap is such a fucking [neckhead],fucking neckhead,fucking neckhead,is_multiword,5,5|6,0.4285714285714285,0,5.420840173959732,1,0.7147263142590721,0,0,0.4988185214043336,0
921,the brogre clogged erics toilet,the brogre,the brogre,is_multiword,0,0|1,0.4285714285714285,0,7.356744130452474,0,0.990675450923542,1,0,0.4334338556297024,0
922,"dude #1: yo man, did that guy just walk into a pole? dude #2: yeah man, that foo pulled an erwin",foo pulled,foo pulled,is_multiword,17,17|18,0.0,0,8.920864244302114,0,0.912240279528002,1,0,0.4334338556297024,0
923,"i was feeling very plugged up, until she gave me a clemmow to remember",plugged up,plugged up,is_multiword,4,4|5,0.0,0,6.575839996337891,0,0.4312440752983093,0,0,0.16271826038277595,0
924,"damn, she's got some decent butt tits",butt tits,butt tits,is_multiword,5,5|6,0.0,0,3.656255086263021,0,0.8400212203462919,1,1,0.4334338556297024,0
924,"damn, she's got some decent butt tits",decent butt tits,decent butt tits,is_multiword,4,4|5|6,0.0,0,4.003140211105347,0,0.8173720662792524,0,0,0.16271826038277595,0
924,"damn, she's got some decent butt tits",decent butt,decent butt,is_multiword,4,4|5,0.0,0,4.508231282234192,1,0.3998193144798279,0,0,0.4988185214043336,1
924,"damn, she's got some decent butt tits",she's got,she's got,is_multiword,1,1|2,0.0,0,2.436715096235276,0,0.3252971768379211,0,0,0.16271826038277595,0
925,black ops multiplayer match: 1bmf person 1: dude lets sit in this corner,dude lets,dude lets,is_multiword,8,8|9,0.0,0,5.0936545530955,1,0.7991765588521957,1,0,0.7966618291597674,1
929,i went to the boot store and did a boot jack in all the boots,boot jack,boot jack,is_multiword,9,9|10,0.0,0,5.3361281752586365,0,0.5082497596740723,0,1,0.16271826038277595,0
931,"mira es pinche way, se mira medio joton",es pinche way,es pinche way,is_multiword,1,1|2|3,0.4285714285714285,0,6.820701837539673,0,0.6005412240823109,0,0,0.16271826038277595,0
931,"mira es pinche way, se mira medio joton",es pinche,es pinche,is_multiword,1,1|2,0.4285714285714285,0,5.154723008473714,0,0.3838182191054026,0,0,0.16271826038277595,0
931,"mira es pinche way, se mira medio joton",medio joton,medio joton,is_multiword,6,6|7,0.4285714285714285,0,8.030540506045023,0,0.2907528678576151,0,0,0.16271826038277595,0
931,"mira es pinche way, se mira medio joton",pinche way,pinche way,is_multiword,2,2|3,0.4285714285714285,0,6.469890395800273,0,0.5966612497965496,0,0,0.16271826038277595,0
936,that girl over there has to totally be a leighanne,a leighanne,a leighanne,is_multiword,8,8|9,0.4285714285714285,0,5.21083465218544,0,0.905542585377892,1,0,0.4334338556297024,0
936,that girl over there has to totally be a leighanne,has to totally,has to totally,is_multiword,4,4|5|6,0.0,0,4.989106396834056,0,0.4424197673797607,0,0,0.16271826038277595,0
936,that girl over there has to totally be a leighanne,has to,has to,is_multiword,4,4|5,0.0,0,0.9740504026412964,0,0.7215400723119576,1,0,0.4334338556297024,0
936,that girl over there has to totally be a leighanne,to totally,to totally,is_multiword,5,5|6,0.0,0,7.299199948552996,1,0.2379227677981058,0,0,0.4988185214043336,1
938,the nissan 370z and it's predecessors have represented unparalleled styling and performance within it's affordable price range since 1969,unparalleled styling,unparalleled styling,is_multiword,9,9|10,0.0,0,3.035877227783203,0,0.1927714745203653,0,0,0.16271826038277595,0
939,whoa buckie,whoa buckie,whoa buckie,is_multiword,0,0|1,0.4285714285714285,0,7.595357990264892,0,0.5252183079719543,0,0,0.16271826038277595,0
940,"wow, come check out this print over here, thats empire yo",check out,check out,is_multiword,2,2|3,0.0,0,3.298870086669922,1,0.2253796458244323,0,0,0.4988185214043336,1
943,"dude, this week has fuckin sucked,im ready to get brewdafied",fuckin sucked,fuckin sucked,is_multiword,4,4|5,0.0,0,7.50097531080246,1,0.1408788164456685,0,0,0.4988185214043336,1
943,"dude, this week has fuckin sucked,im ready to get brewdafied",get brewdafied,get brewdafied,is_multiword,9,9|10,0.4285714285714285,0,5.612390567859014,0,0.8485989694794019,1,0,0.4334338556297024,0
944,i was walking to the shops but had to run home once i felt some bum drizzle,bum drizzle,bum drizzle,is_multiword,15,15|16,0.0,0,7.118501973152161,0,0.7627390812461575,0,1,0.16271826038277595,0
947,thats dilopatated just shut up,dilopatated just,dilopatated just,is_multiword,1,1|2,0.4285714285714285,0,7.138042020797729,0,0.9908845312893392,1,0,0.4334338556297024,0
947,thats dilopatated just shut up,thats dilopatated just,thats dilopatated just,is_multiword,0,0|1|2,0.4285714285714285,0,5.387193441390991,0,0.9683399060741068,0,0,0.16271826038277595,0
947,thats dilopatated just shut up,thats dilopatated,thats dilopatated,is_multiword,0,0|1,0.4285714285714285,0,6.891595721244812,0,0.9702022327110172,0,0,0.16271826038277595,0
948,dramastic measures had to be taken in order to insure justice,in order,in order,is_multiword,6,6|7,0.0,0,0.0,0,0.5957283576329548,0,0,0.16271826038277595,0
94,guy#1 hey what school do you go to guy#2 i go to bay path guy#1 wow that sucks major ass hole,ass hole,ass hole,is_multiword,22,22|23,0.0,0,8.045244336128235,1,0.6264268110195796,0,0,0.4988185214043336,1
94,guy#1 hey what school do you go to guy#2 i go to bay path guy#1 wow that sucks major ass hole,guy 2,guy 2,is_multiword,9,9|10,0.1428571428571428,0,2.1322001218795776,0,0.3869615296522776,0,0,0.16271826038277595,0
94,guy#1 hey what school do you go to guy#2 i go to bay path guy#1 wow that sucks major ass hole,major ass hole,major ass hole,is_multiword,21,21|22|23,0.0,0,7.095059633255005,0,0.7459647792081039,0,0,0.16271826038277595,0
94,guy#1 hey what school do you go to guy#2 i go to bay path guy#1 wow that sucks major ass hole,major ass,major ass,is_multiword,21,21|22,0.0,0,4.1637837290763855,0,0.7298338512579601,0,0,0.16271826038277595,0
94,guy#1 hey what school do you go to guy#2 i go to bay path guy#1 wow that sucks major ass hole,sucks major ass hole,sucks major ass hole,is_multiword,20,20|21|22|23,0.0,0,6.353307223320007,0,0.2298158208529154,0,0,0.16271826038277595,0
94,guy#1 hey what school do you go to guy#2 i go to bay path guy#1 wow that sucks major ass hole,sucks major ass,sucks major ass,is_multiword,20,20|21|22,0.0,0,5.45953094959259,0,0.5545471111933391,0,0,0.16271826038277595,0
94,guy#1 hey what school do you go to guy#2 i go to bay path guy#1 wow that sucks major ass hole,sucks major,sucks major,is_multiword,20,20|21,0.0,0,6.23922351996104,0,0.2532800436019897,0,0,0.16271826038277595,0
950,i wish he would use normal words instead of being constripulos cause we know he is really a moron,constripulos cause,constripulos cause,is_multiword,10,10|11,0.4285714285714285,0,5.627760243415833,0,0.5687043070793152,1,0,0.4334338556297024,0
952,look at that rims on that niggered up car,niggered up,niggered up,is_multiword,6,6|7,0.4285714285714285,0,6.037896066904068,1,0.4756776491800943,0,1,0.4988185214043336,0
954,shane: hey did alex ever get that stuff off his chest to danielle? josiah: no he has verbal constipation man,stuff off,stuff off,is_multiword,7,7|8,0.0,0,1.676408767700195,0,0.5103911310434341,0,0,0.16271826038277595,0
955,jane was instructed to commence downloaderisation of the required files from the companies website,commence downloaderisation,commence downloaderisation,is_multiword,4,4|5,0.4285714285714285,0,5.845191955566406,1,0.1031642357508341,0,0,0.4988185214043336,0
957,hey look at that 12 year old boy over their he looks like avrilsguitarist,year old,year old,is_multiword,5,5|6,0.0,0,0.0583381652832031,1,0.4968833525975545,0,0,0.4988185214043336,1
966,he: did you get through all of your schoolwork this semester? she: it was academic waterboarding,get through,get through,is_multiword,3,3|4,0.0,0,0.6536903381347656,0,0.1962574323018392,0,0,0.16271826038277595,0
968,person 1: hey have you met ellen? person 2:well i saw it but it was so ugly to look at i turned and ran away person 1:what a fucking peanut,fucking peanut,fucking peanut,is_multiword,30,30|31,0.0,0,7.376426696777344,0,0.4763757785161336,1,0,0.4334338556297024,0
968,person 1: hey have you met ellen? person 2:well i saw it but it was so ugly to look at i turned and ran away person 1:what a fucking peanut,to look,to look,is_multiword,18,18|19,0.0,0,2.9169901609420776,1,0.2298346360524495,0,0,0.4988185214043336,1
969,girl: omg its hazzachazzawazzamazzacazza boy: he's totally tubular,its hazzachazzawazzamazzacazza,its hazzachazzawazzamazzacazza,is_multiword,2,2|3,0.4285714285714285,0,8.219564056396484,0,0.7356134395425518,1,0,0.4334338556297024,0
969,girl: omg its hazzachazzawazzamazzacazza boy: he's totally tubular,omg its hazzachazzawazzamazzacazza,omg its hazzachazzawazzamazzacazza,is_multiword,1,1|2|3,0.4285714285714285,0,8.70896065235138,0,0.1461028854052225,0,0,0.16271826038277595,0
969,girl: omg its hazzachazzawazzamazzacazza boy: he's totally tubular,omg its,omg its,is_multiword,1,1|2,0.0,0,6.493639548619588,0,0.2539969682693481,0,0,0.16271826038277595,0
969,girl: omg its hazzachazzawazzamazzacazza boy: he's totally tubular,totally tubular,totally tubular,is_multiword,6,6|7,0.0,0,8.388612151145935,0,0.4187176922957102,1,0,0.4334338556297024,0
970,the whore gives chocolate milk because she's a nigga bamboon,gives chocolate,gives chocolate,is_multiword,2,2|3,0.0,0,3.330585479736328,0,0.3752408723036448,0,0,0.16271826038277595,0
970,the whore gives chocolate milk because she's a nigga bamboon,nigga bamboon,nigga bamboon,is_multiword,8,8|9,0.4285714285714285,0,5.868566846847534,0,0.838470010086894,1,0,0.4334338556297024,0
970,the whore gives chocolate milk because she's a nigga bamboon,whore gives chocolate,whore gives chocolate,is_multiword,1,1|2|3,0.0,0,4.120355606079102,0,0.8168629646922151,1,0,0.4334338556297024,0
970,the whore gives chocolate milk because she's a nigga bamboon,whore gives,whore gives,is_multiword,1,1|2,0.0,0,5.283682545026143,0,0.7557402684663733,0,0,0.16271826038277595,0
974,i tore my cock pouch climbing over the picket fence,cock pouch climbing,cock pouch climbing,is_multiword,3,3|4|5,0.0,0,4.421980285644532,0,0.6824915359417598,0,0,0.16271826038277595,0
974,i tore my cock pouch climbing over the picket fence,cock pouch,cock pouch,is_multiword,3,3|4,0.0,0,6.478721698125203,0,0.74562618881464,0,1,0.16271826038277595,0
974,i tore my cock pouch climbing over the picket fence,pouch climbing,pouch climbing,is_multiword,4,4|5,0.0,0,6.391248553991318,0,0.7059826950232189,1,0,0.4334338556297024,0
977,i hooked up with this beautiful nook at randy's party the other day,hooked up,hooked up,is_multiword,1,1|2,0.0,0,2.272954265276591,1,0.5794932444890339,0,0,0.4988185214043336,1
97,"don't dime out dat boy, he didn't do anything wrong",dime out dat,dime out dat,is_multiword,1,1|2|3,0.0,0,5.119057714939117,0,0.2087360223134359,0,0,0.16271826038277595,0
97,"don't dime out dat boy, he didn't do anything wrong",dime out,dime out,is_multiword,1,1|2,0.0,0,3.31305193901062,0,0.327079713344574,0,1,0.16271826038277595,0
97,"don't dime out dat boy, he didn't do anything wrong",out dat,out dat,is_multiword,2,2|3,0.0,0,5.598617672920227,0,0.4220606982707977,1,0,0.4334338556297024,0
980,yo pass me that jawn dayum that jawn is fine as hell what the f*** is that jawn yo,jawn dayum,jawn dayum,is_multiword,4,4|5,0.4285714285714285,0,3.992778897285461,0,0.7129577305167913,1,0,0.4334338556297024,0
980,yo pass me that jawn dayum that jawn is fine as hell what the f*** is that jawn yo,jawn yo,jawn yo,is_multiword,17,17|18,0.4285714285714285,0,1.6686745087305703,0,0.3869632581869761,0,0,0.16271826038277595,0
983,"these marked bills will last me fie lifetimes in nicaragua, mang",fie lifetimes,fie lifetimes,is_multiword,6,6|7,0.4285714285714285,0,8.581190903981527,0,0.4452551404635111,0,0,0.16271826038277595,0
984,example 1: she's jerking me off and i blew a load and gave her an albuquerque wristwatch for mother's day,example 1,example 1,is_multiword,0,0|1,0.1428571428571428,0,9.269628584384918,1,0.7980502744515737,0,0,0.4988185214043336,0
988,i'm feeling so bumgry today,feeling so bumgry,feeling so bumgry,is_multiword,1,1|2|3,0.4285714285714285,0,5.130731725692749,1,0.7051161406561732,0,0,0.4988185214043336,1
988,i'm feeling so bumgry today,feeling so,feeling so,is_multiword,1,1|2,0.0,0,1.0619391202926636,0,0.4576543569564819,0,0,0.16271826038277595,0
988,i'm feeling so bumgry today,so bumgry,so bumgry,is_multiword,2,2|3,0.4285714285714285,0,2.698132574558258,0,0.7488972491895158,1,0,0.4334338556297024,0
989,ain't nothing better than a floridian breakfast after a hard night of partyin' doe,partyin doe,partyin doe,is_multiword,12,12|13,0.4285714285714285,0,3.493772196769714,0,0.3658576309680938,0,0,0.16271826038277595,0
98,'bet you that breezerslut 's comming with us for a few fashionable drinks,bet you,bet you,is_multiword,0,0|1,0.0,0,5.137477993965149,1,0.2216988205909729,0,0,0.4988185214043336,1
98,'bet you that breezerslut 's comming with us for a few fashionable drinks,breezerslut s comming,breezerslut s comming,is_multiword,3,3|4|5,0.4285714285714285,0,7.576503089496067,0,0.7290307975684602,0,0,0.16271826038277595,0
98,'bet you that breezerslut 's comming with us for a few fashionable drinks,breezerslut s,breezerslut s,is_multiword,3,3|4,0.4285714285714285,0,7.944799876213073,0,0.7137968813379605,0,0,0.16271826038277595,0
98,'bet you that breezerslut 's comming with us for a few fashionable drinks,s comming,s comming,is_multiword,4,4|5,0.4285714285714285,0,5.142174690961838,1,0.6510705690210064,0,0,0.4988185214043336,0
990,look at that bolme looking muthafucka right there,bolme looking muthafucka right,bolme looking muthafucka right,is_multiword,3,3|4|5|6,0.4285714285714285,0,5.31526717543602,0,0.8320480516801277,0,0,0.16271826038277595,0
990,look at that bolme looking muthafucka right there,bolme looking muthafucka,bolme looking muthafucka,is_multiword,3,3|4|5,0.4285714285714285,0,5.644467319761004,0,0.8727501050258676,0,0,0.16271826038277595,0
990,look at that bolme looking muthafucka right there,bolme looking,bolme looking,is_multiword,3,3|4,0.4285714285714285,0,5.067931095759074,0,0.8351642731577158,0,0,0.16271826038277595,0
990,look at that bolme looking muthafucka right there,looking muthafucka right,looking muthafucka right,is_multiword,4,4|5|6,0.4285714285714285,0,5.856346607208252,0,0.6229019065697987,0,0,0.16271826038277595,0
990,look at that bolme looking muthafucka right there,looking muthafucka,looking muthafucka,is_multiword,4,4|5,0.4285714285714285,0,6.360084819793701,0,0.5970707374314468,0,0,0.16271826038277595,0
990,look at that bolme looking muthafucka right there,muthafucka right,muthafucka right,is_multiword,5,5|6,0.4285714285714285,0,6.345847415924072,0,0.1511757572491964,0,0,0.16271826038277595,0
991,me: im goin to the h.o.b.o shop to get some new shit friend: iight son hit me up later,b o,b o,is_multiword,7,7|8,0.0,0,1.3284931182861328,0,0.9683293861647448,0,0,0.16271826038277595,0
991,me: im goin to the h.o.b.o shop to get some new shit friend: iight son hit me up later,im goin,im goin,is_multiword,1,1|2,0.0,0,4.193255027135213,0,0.8551166591544946,1,0,0.4334338556297024,0
991,me: im goin to the h.o.b.o shop to get some new shit friend: iight son hit me up later,o b o,o b o,is_multiword,6,6|7|8,0.0,0,5.173383076985677,1,0.9882557407642404,1,0,0.7966618291597674,1
991,me: im goin to the h.o.b.o shop to get some new shit friend: iight son hit me up later,o b,o b,is_multiword,6,6|7,0.0,0,2.113062024116516,0,0.9835818707942964,0,0,0.16271826038277595,0
994,"c'mon kiddies,lets go to uncle spongys chucklehut",c'mon kiddies,c'mon kiddies,is_multiword,0,0|1,0.4285714285714285,0,5.245754321416219,1,0.2225213646888733,0,0,0.4988185214043336,0
994,"c'mon kiddies,lets go to uncle spongys chucklehut",spongys chucklehut,spongys chucklehut,is_multiword,6,6|7,0.4285714285714285,0,6.472796899931772,0,0.4451698164145151,0,0,0.16271826038277595,0
995,mike has terrible case of buckeye blues,buckeye blues,buckeye blues,is_multiword,5,5|6,0.4285714285714285,0,6.981701850891113,0,0.9281891056646904,1,1,0.4334338556297024,0
996,"go back to bainbridge island before the prolitariate rise up and kill you in your bed, you rich bastard",prolitariate rise up,prolitariate rise up,is_multiword,7,7|8|9,0.4285714285714285,0,5.884265269551959,0,0.4125612576802572,0,0,0.16271826038277595,0
996,"go back to bainbridge island before the prolitariate rise up and kill you in your bed, you rich bastard",prolitariate rise,prolitariate rise,is_multiword,7,7|8,0.4285714285714285,0,5.782916982968648,0,0.4597330292065938,0,0,0.16271826038277595,0
996,"go back to bainbridge island before the prolitariate rise up and kill you in your bed, you rich bastard",rise up,rise up,is_multiword,8,8|9,0.0,0,2.6638081868489585,1,0.2530891895294189,0,0,0.4988185214043336,1
999,dude lets hit boo boo kitty fuck,boo boo kitty fuck,boo boo kitty fuck,is_multiword,3,3|4|5|6,0.0,0,4.576359306062971,0,0.918827290336291,0,1,0.16271826038277595,0
999,dude lets hit boo boo kitty fuck,boo boo kitty,boo boo kitty,is_multiword,3,3|4|5,0.0,0,6.594367464383443,0,0.9801590476805964,0,0,0.16271826038277595,0
999,dude lets hit boo boo kitty fuck,boo boo,boo boo,is_multiword,3,3|4,0.0,0,6.406509310007095,1,0.7687410240372022,0,0,0.4988185214043336,1
999,dude lets hit boo boo kitty fuck,boo kitty fuck,boo kitty fuck,is_multiword,4,4|5|6,0.0,0,3.9732841849327087,0,0.9902609316632152,0,0,0.16271826038277595,0
999,dude lets hit boo boo kitty fuck,boo kitty,boo kitty,is_multiword,4,4|5,0.0,0,5.078082129359245,0,0.9721382403125366,0,0,0.16271826038277595,0
999,dude lets hit boo boo kitty fuck,dude lets hit boo boo kitty fuck,dude lets hit boo boo kitty fuck,is_multiword,0,0|1|2|3|4|5|6,0.0,0,6.186873525381088,0,0.906839552645882,0,0,0.16271826038277595,0
999,dude lets hit boo boo kitty fuck,dude lets hit boo boo kitty,dude lets hit boo boo kitty,is_multiword,0,0|1|2|3|4|5,0.0,0,4.478524446487427,0,0.9648809535428882,0,0,0.16271826038277595,0
999,dude lets hit boo boo kitty fuck,dude lets hit boo boo,dude lets hit boo boo,is_multiword,0,0|1|2|3|4,0.0,0,4.666150437461005,0,0.8613341599702835,0,0,0.16271826038277595,0
999,dude lets hit boo boo kitty fuck,dude lets hit boo,dude lets hit boo,is_multiword,0,0|1|2|3,0.0,0,3.8959282466343472,0,0.7726163376743594,0,0,0.16271826038277595,0
999,dude lets hit boo boo kitty fuck,dude lets hit,dude lets hit,is_multiword,0,0|1|2,0.0,0,6.022630739212036,1,0.7711368833358089,0,0,0.4988185214043336,1
999,dude lets hit boo boo kitty fuck,dude lets,dude lets,is_multiword,0,0|1,0.0,0,5.170457690954208,0,0.4935020407040914,1,0,0.4334338556297024,0
999,dude lets hit boo boo kitty fuck,hit boo boo kitty fuck,hit boo boo kitty fuck,is_multiword,2,2|3|4|5|6,0.0,0,4.6789286732673645,0,0.9241748694330454,0,0,0.16271826038277595,0
999,dude lets hit boo boo kitty fuck,hit boo boo kitty,hit boo boo kitty,is_multiword,2,2|3|4|5,0.0,0,6.038262605667114,0,0.8221494837974509,0,0,0.16271826038277595,0
999,dude lets hit boo boo kitty fuck,hit boo boo,hit boo boo,is_multiword,2,2|3|4,0.0,0,5.940328240394592,0,0.9909794330596924,1,0,0.4334338556297024,0
999,dude lets hit boo boo kitty fuck,hit boo,hit boo,is_multiword,2,2|3,0.0,0,3.284990906715393,0,0.9547697730983296,0,0,0.16271826038277595,0
999,dude lets hit boo boo kitty fuck,kitty fuck,kitty fuck,is_multiword,5,5|6,0.0,0,7.199095547199249,0,0.9908110968147716,1,0,0.4334338556297024,0
999,dude lets hit boo boo kitty fuck,lets hit boo boo kitty fuck,lets hit boo boo kitty fuck,is_multiword,1,1|2|3|4|5|6,0.0,0,5.07658703327179,0,0.8803573747475942,0,0,0.16271826038277595,0
999,dude lets hit boo boo kitty fuck,lets hit boo boo kitty,lets hit boo boo kitty,is_multiword,1,1|2|3|4|5,0.0,0,4.314398421181573,0,0.9905447009950876,0,0,0.16271826038277595,0
999,dude lets hit boo boo kitty fuck,lets hit boo boo,lets hit boo boo,is_multiword,1,1|2|3|4,0.0,0,4.6749358858381,0,0.9904197081923484,0,0,0.16271826038277595,0
999,dude lets hit boo boo kitty fuck,lets hit boo,lets hit boo,is_multiword,1,1|2|3,0.0,0,3.186901903152466,0,0.8993759353955587,0,0,0.16271826038277595,0
999,dude lets hit boo boo kitty fuck,lets hit,lets hit,is_multiword,1,1|2,0.0,0,5.945058027903239,0,0.8680092425396045,0,0,0.16271826038277595,0
99,"damn dom your ass is bigger then stacey's, you got a brodonkadonk",damn dom,damn dom,is_multiword,0,0|1,0.0,0,8.47123721241951,0,0.1907223463058471,0,0,0.16271826038277595,0
9,"you just cooked some black rock i've got some resin, so lets make some flail mix and get really stoned",flail mix,flail mix,is_multiword,14,14|15,0.4285714285714285,0,5.668923695882161,0,0.2660008867581686,0,1,0.16271826038277595,0
9,"you just cooked some black rock i've got some resin, so lets make some flail mix and get really stoned",i've got,i've got,is_multiword,6,6|7,0.0,0,3.165515929460525,0,0.4272125760714212,0,0,0.16271826038277595,0
