sentence_id,sentence,candidate,cand_norm,cand_type,is_gold,token_pos,component_token_positions,mt_pred,ma_score,ma_pred,mt_score,is_named_entity,gold_terms,source_dataset,term_type,spanish_sentence,spanish_back_to_english_sentence,spanish_best_back_translation_word,spanish_fuzz_ratio,spanish_specialized,spanish_term_failed_to_translate,arabic_sentence,arabic_back_to_english_sentence,arabic_best_back_translation_word,arabic_fuzz_ratio,arabic_specialized,arabic_term_failed_to_translate,chinese_sentence,chinese_back_to_english_sentence,chinese_best_back_translation_word,chinese_fuzz_ratio,chinese_specialized,chinese_term_failed_to_translate,japanese_sentence,japanese_back_to_english_sentence,japanese_best_back_translation_word,japanese_fuzz_ratio,japanese_specialized,japanese_term_failed_to_translate,specialized_votes,normal_votes,llama_definition,qwen_definition,mistral_definition,llama_qwen_similarity,llama_mistral_similarity,qwen_mistral_similarity,mean_similarity,min_similarity,std_similarity
0,"Doctor, I keep having to bender-over from the pain in my gut, and it's been going on for three days now.",keep having,keep having,is_multiword,0,2,2|3,1,0.2500113646189371,0,1.0,,,,,,,,,,,,,,,,,,,,,,,,,,,,,,,"Continuously experience or suffer from something, such as a condition or a problem, over a period of time.",Continue experiencing repeatedly.,Maintaining a recurring or persistent action or state over a period of time.,0.7770708203315735,0.7781208157539368,0.6947742700576782,0.7499886353810629,0.6947742700576782,0.0478199249910001
0,"Doctor, I keep having to bender-over from the pain in my gut, and it's been going on for three days now.",going on,going on,is_multiword,0,15,15|16,1,0.2710427641868591,0,1.0,,,,,,,,,,,,,,,,,,,,,,,,,,,,,,,"Continuing to exist or persist over a period of time, often without improvement or resolution.",Persisting or continuing.,Continuing or persisting for a certain period of time.,0.6412347555160522,0.6541122794151306,0.8915246725082397,0.7289572358131409,0.6412347555160522,0.1409346879254857
5,"Doctor, my son has been complaining of the mulligrubs for the past two days and can't keep any food down.",any food,any food,is_multiword,0,17,17|18,1,0.6094607164462407,0,1.0,,,,,,,,,,,,,,,,,,,,,,,,,,,,,,,"Any food: solid or liquid nourishment, excluding liquids taken for medicinal purposes.",Refers to food that cannot be kept down due to illness.,"Edible substances, typically solid or liquid items consumed for sustenance.",0.3190586268901825,0.6951835751533508,0.1573756486177444,0.3905392835537593,0.1573756486177444,0.275937410781728
5,"Doctor, my son has been complaining of the mulligrubs for the past two days and can't keep any food down.",any food down,any food down,is_multiword,0,17,17|18|19,1,0.4992670317490896,0,1.0,,,,,,,,,,,,,,,,,,,,,,,,,,,,,,,Unable to swallow or retain any solid or liquid food.,Unable to keep food intake.,Consume or retain food in the stomach.,0.7858870625495911,0.3340039253234863,0.3823079168796539,0.5007329682509104,0.3340039253234863,0.2481289221786533
5,"Doctor, my son has been complaining of the mulligrubs for the past two days and can't keep any food down.",food down,food down,is_multiword,0,18,18|19,1,0.4896372358004252,1,1.0,,,,,,,,,,,,,,,,,,,,,,,,,,,,,,,The act of swallowing or consuming food without regurgitating it.,Food that has been regurgitated or vomited up.,Retained or digested in the stomach after consumption.,0.4366990625858307,0.4927177131175995,0.6016715168952942,0.5103627641995748,0.4366990625858307,0.0838897403797755
6,"Doctor, my son keeps crying and pointing to his tummy—I think he's got a misery in breadbox after eating that spicy snack.",he's got,he's got,is_multiword,0,12,12|13,1,0.8922908886646231,1,1.0,,,,,,,,,,,,,,,,,,,,,,,,,,,,,,,has or is experiencing a particular condition or problem.,He has an upset stomach.,Has (possesses),0.2919065654277801,0.0218852180987596,0.0093355504795908,0.1077091113353769,0.0093355504795908,0.1596430396538795
6,"Doctor, my son keeps crying and pointing to his tummy—I think he's got a misery in breadbox after eating that spicy snack.",misery in,misery in,is_multiword,0,15,15|16,1,0.6169077108303707,0,1.0,,,,,,,,,,,,,,,,,,,,,,,,,,,,,,,"A stomachache or indigestion, typically caused by eating something that is difficult to digest.",A stomachache or discomfort.,Abdominal discomfort or pain.,0.6630744338035583,0.1345752924680709,0.3516271412372589,0.3830922891696294,0.1345752924680709,0.2656508559159773
6,"Doctor, my son keeps crying and pointing to his tummy—I think he's got a misery in breadbox after eating that spicy snack.",misery in breadbox,misery in breadbox,is_multiword,1,15,15|16|17,1,0.3823697666327158,0,1.0,,,,,,,,,,,,,,,,,,,,,,,,,,,,,,,"A stomachache or abdominal pain, likely caused by eating something, such as the spicy snack.",A colloquial term for indigestion or stomachache.,"Intestinal discomfort or pain, possibly indicating food intolerance or indigestion, inferred from the context of the sentence.",0.4993240535259247,0.6366947889328003,0.7168718576431274,0.6176302333672842,0.4993240535259247,0.1100197924386207
6,"Doctor, my son keeps crying and pointing to his tummy—I think he's got a misery in breadbox after eating that spicy snack.",in breadbox,in breadbox,is_multiword,0,16,16|17,1,0.7561859339475632,0,1.0,,,,,,,,,,,,,,,,,,,,,,,,,,,,,,,"A container, typically located in a kitchen, used to store food, often a wooden or plastic box.","Incorrect term; likely meant ""stomach"" or ""abdomen"".","Abdominal cavity or stomach region, figuratively referring to the lower part of the body.",0.0095030982047319,0.0089794527739286,0.7129596471786499,0.2438140660524368,0.0089794527739286,0.4062920756904119
10,"""I’m here because I’ve got a pain in the sawdust that won’t quit, and it’s worse when I try to eat anything.""",I’ve got,i've got,is_multiword,0,3,3|4,1,0.5574220766623814,0,1.0,,,,,,,,,,,,,,,,,,,,,,,,,,,,,,,"Possessive phrase indicating ownership or control, equivalent to ""I have"".",Have obtained or experienced.,"Obtained or possessing (something, typically a problem or condition).",0.1667618304491043,0.4484040141105652,0.712567925453186,0.4425779233376185,0.1667618304491043,0.2729496855396102
10,"""I’m here because I’ve got a pain in the sawdust that won’t quit, and it’s worse when I try to eat anything.""",won’t quit,won't quit,is_multiword,0,11,11|12,1,0.2565931677818298,1,1.0,,,,,,,,,,,,,,,,,,,,,,,,,,,,,,,"Continue or persist without stopping, especially in a situation that is causing discomfort or difficulty.",Persistent; does not stop.,Persists or continues without stopping or abating.,0.6275858879089355,0.7082428932189941,0.8943917155265808,0.7434068322181702,0.6275858879089355,0.1368346241531634
11,"""I came in because these collywobbles keep hitting me after I eat, and it's worse than just a normal bellyache.""",collywobbles keep,collywobbles keep,is_multiword,0,5,5|6,1,0.4665368795394897,1,1.0,,,,,,,,,,,,,,,,,,,,,,,,,,,,,,,"Mild stomach cramps or discomfort, often accompanied by anxiety or nervousness.",Persistent abdominal discomfort following meals.,"Persistent, uncomfortable sensations in the abdomen, often associated with indigestion or food poisoning.",0.4710787236690521,0.4774253070354461,0.6518853306770325,0.5334631204605103,0.4710787236690521,0.1026057244237926
13,"I’ve been having this terrible belly-grunting for two days now, and it gets worse after I eat anything.",terrible belly-grunting,terrible belly-grunting,is_multiword,0,4,4|5,1,0.3261008461316427,1,1.0,,,,,,,,,,,,,,,,,,,,,,,,,,,,,,,"Severe abdominal pain and discomfort, characterized by loud noises and cramping.","Severe abdominal sound or rumbling, especially audible.","Severe, abdominal rumbling or gurgling sounds, often associated with digestive discomfort or distress.",0.6196388602256775,0.6748619079589844,0.7271966934204102,0.6738991538683573,0.6196388602256775,0.0537853794442853
16,My son keeps crying and pointing to his tummy—this hubbub started last night and he hasn't kept any food down.,kept any,kept any,is_multiword,0,17,17|18,1,0.5617521454890568,0,1.0,,,,,,,,,,,,,,,,,,,,,,,,,,,,,,,Consumed or ingested.,Failed to retain in the stomach.,Maintained consumption of food without expulsion from the body.,0.3550346493721008,0.7235311269760132,0.2361777871847152,0.4382478545109431,0.2361777871847152,0.2541095188762954
16,My son keeps crying and pointing to his tummy—this hubbub started last night and he hasn't kept any food down.,kept any food,kept any food,is_multiword,0,17,17|18|19,1,0.5023146271705627,0,1.0,,,,,,,,,,,,,,,,,,,,,,,,,,,,,,,Consumed or ingested any solid or liquid nourishment.,Failed to retain food in the stomach.,Retained or consumed food material within the stomach.,0.4030521214008331,0.7198706865310669,0.3701333105564117,0.4976853728294372,0.3701333105564117,0.1931208099749257
16,My son keeps crying and pointing to his tummy—this hubbub started last night and he hasn't kept any food down.,kept any food down,kept any food down,is_multiword,0,17,17|18|19|20,1,0.5046581824620564,0,1.0,,,,,,,,,,,,,,,,,,,,,,,,,,,,,,,Consumed or retained food in the stomach without vomiting.,Failed to retain food in the stomach.,Not consumed or retained in the stomach and intestines; vomited or not eaten.,0.451186329126358,0.4488748013973236,0.5859643220901489,0.4953418175379435,0.4488748013973236,0.0784899008700889
16,My son keeps crying and pointing to his tummy—this hubbub started last night and he hasn't kept any food down.,any food,any food,is_multiword,0,18,18|19,1,0.2898572285970052,0,1.0,,,,,,,,,,,,,,,,,,,,,,,,,,,,,,,Solid or liquid substances consumed by humans for nutrition.,Refers to substances consumed through eating or drinking.,"Solid or liquid substances intended for consumption, typically prepared and offered for eating.",0.6242591142654419,0.7456607818603516,0.7605084180831909,0.7101427714029948,0.6242591142654419,0.0747470066145929
16,My son keeps crying and pointing to his tummy—this hubbub started last night and he hasn't kept any food down.,any food down,any food down,is_multiword,0,18,18|19|20,1,0.3915708263715108,0,1.0,,,,,,,,,,,,,,,,,,,,,,,,,,,,,,,Consumed or retained in the stomach without being expelled or vomited.,Not retaining any consumed substances.,Consumed or ingested; not expelled from the body.,0.4415244460105896,0.8180274367332458,0.5657356381416321,0.6084291736284891,0.4415244460105896,0.1918480622395019
16,My son keeps crying and pointing to his tummy—this hubbub started last night and he hasn't kept any food down.,food down,food down,is_multiword,0,19,19|20,1,0.3516305685043335,0,1.0,,,,,,,,,,,,,,,,,,,,,,,,,,,,,,,swallowed or retained in the stomach.,Regurgitated or not swallowed food.,"Consumed or ingested, not vomited or expelled.",0.4948875904083252,0.7023906111717224,0.7478300929069519,0.6483694314956665,0.4948875904083252,0.1348469253737788
17,"Doctor, my son has been complaining about benders for the past three days and can't keep any food down.",about benders,about benders,is_multiword,0,6,6|7,1,0.8783402442932129,0,1.0,,,,,,,,,,,,,,,,,,,,,,,,,,,,,,,Episodes of vomiting.,Refers to episodes of heavy drinking or drug use.,"Curvature or distortion, often in reference to objects or paths, as in this context, possibly referring to stomach pains or nausea.",0.1506024003028869,0.2050244808197021,0.0093523859977722,0.1216597557067871,0.0093523859977722,0.1009957904081288
18,"My husband keeps getting these sharp benders after meals, and it's been going on for over a week now.",keeps getting,keeps getting,is_multiword,0,2,2|3,1,0.3888947864373525,0,1.0,,,,,,,,,,,,,,,,,,,,,,,,,,,,,,,"Continuously or repeatedly receiving something, in this case, sharp benders, over a period of time.",Continues to experience repeatedly.,Persists in recurring or happening repeatedly over a period of time.,0.4541878402233124,0.5161615014076233,0.8629662990570068,0.6111052135626475,0.4541878402233124,0.2203081670296057
21,"""Doc, I've been having this awful 'stomach revolution' for two days now—it's like my insides are staging a coup right under my ribs.""",awful stomach,awful stomach,is_multiword,0,5,5|6,1,0.3592721025149027,0,1.0,,,,,,,,,,,,,,,,,,,,,,,,,,,,,,,"Severe and intense gastrointestinal discomfort, characterized by nausea, cramps, and vomiting.",Severe abdominal discomfort or pain.,"Unpleasant, severe stomach discomfort or pain.",0.5667341351509094,0.7021698355674744,0.653279721736908,0.6407278974850973,0.5667341351509094,0.0685847538150253
23,"Doctor, I've had this nagging pain in the puku right here for two days and it gets worse after I eat anything greasy.",puku right,puku right,is_multiword,0,8,8|9,1,0.7108528812726338,1,1.0,,,,,,,,,,,,,,,,,,,,,,,,,,,,,,,The abdomen or stomach region.,The area just below the ribs on the left side.,Abdomen (or stomach area) where the mentioned pain is located.,0.1662767678499221,0.6165687441825867,0.0845958441495895,0.2891471187273661,0.0845958441495895,0.2864814722385008
25,"Doctor, my little boy keeps crying and holding his tummy—I think he's got the wiffle-woffles.",boy keeps,boy keeps,is_multiword,0,3,3|4,1,0.7270084271828334,1,1.0,,,,,,,,,,,,,,,,,,,,,,,,,,,,,,,"A young male child, typically between infancy and puberty.",Child repeatedly maintains behavior.,The boy is consistently maintaining a state of crying.,0.317505270242691,0.17789988219738,0.3235695660114288,0.2729915728171666,0.17789988219738,0.0824076218531367
26,"My wife has been doubled over with the wiffle-woffles all morning, and she can't keep anything down.",doubled over,doubled over,is_multiword,0,4,4|5,1,0.2869334618250528,0,1.0,,,,,,,,,,,,,,,,,,,,,,,,,,,,,,,"Bent forward at an angle, often due to illness or discomfort.",Bent forward with pain or discomfort.,"Folded or bent in half, typically in a position of discomfort or pain.",0.7310667037963867,0.6745508313179016,0.733582079410553,0.7130665381749471,0.6745508313179016,0.0333792830157192
26,"My wife has been doubled over with the wiffle-woffles all morning, and she can't keep anything down.",doubled over with,doubled over with,is_multiword,0,4,4|5|6,1,0.4067552387714386,0,1.0,,,,,,,,,,,,,,,,,,,,,,,,,,,,,,,"Bent forward at an angle, often due to illness or discomfort.","Severely affected by pain or illness, hunched and unable to stand upright.","Bent double, especially due to pain or illness.",0.5892861485481262,0.7340533137321472,0.4563948214054107,0.5932447612285614,0.4563948214054107,0.138871568548261
26,"My wife has been doubled over with the wiffle-woffles all morning, and she can't keep anything down.",over with,over with,is_multiword,0,5,5|6,1,0.853077992486457,1,1.0,,,,,,,,,,,,,,,,,,,,,,,,,,,,,,,"Completely overcome or exhausted, unable to continue or function normally.",In a state of pain or discomfort.,"In this context, ""over with"" refers to the state or period of something (in this case, the wife's discomfort from the wiffle-woffles) having reached its",0.2026465684175491,0.0132514098659157,0.224868044257164,0.1469220075135429,0.0132514098659157,0.1162941099270639
31,"""I’m scared I messed up trying to pick a lock—there’s this awful smell and pain down there, and I’m bleeding real bad.""",messed up,messed up,is_multiword,0,3,3|4,1,0.5293388565381367,0,1.0,,,,,,,,,,,,,,,,,,,,,,,,,,,,,,,"Failed to successfully pick a lock, likely causing injury or damage.",Failed to perform the task incorrectly.,"Attempted unsuccessfully or made a mistake, especially in a task requiring skill or precision.",0.3105098605155945,0.3950901627540588,0.7063834071159363,0.4706611434618632,0.3105098605155945,0.2084758884579647
31,"""I’m scared I messed up trying to pick a lock—there’s this awful smell and pain down there, and I’m bleeding real bad.""",this awful,this awful,is_multiword,0,11,11|12,1,0.5393512348333995,0,1.0,,,,,,,,,,,,,,,,,,,,,,,,,,,,,,,an extremely unpleasant or disagreeable sensation or experience.,Referring to a unpleasant odor and injury.,"Unpleasant, strong, and distressing odor.",0.3353511393070221,0.4203692674636841,0.6262258887290955,0.4606487651666005,0.3353511393070221,0.1495622225504754
32,"""Doc, I think I tried to pick a lock myself a few days back, and now I’ve got this fever and chills that won’t quit.""",I’ve got,i've got,is_multiword,0,16,16|17,1,0.7270324860389035,0,1.0,,,,,,,,,,,,,,,,,,,,,,,,,,,,,,,"Possessive pronoun, indicating the speaker has or owns the fever and chills.",I have developed.,"Acquired; Possession or experience of a certain condition or state (in this case, fever and chills).",0.0092283766716718,0.7990008592605591,0.0106733059510588,0.2729675139610966,0.0092283766716718,0.4555588131409195
33,"""Doctor, I had a 'lock picker' done a few days ago, and now I'm running a fever and feeling real bad down there.""",I'm running,i'm running,is_multiword,0,13,13|14,1,0.512728363275528,0,1.0,,,,,,,,,,,,,,,,,,,,,,,,,,,,,,,"Experiencing or showing symptoms of a disease, such as a fever, while moving or being active.",Experiencing symptoms from an infection or irritation.,"Verb phrase indicating the ongoing state of experiencing or undergoing something, often associated with physical discomfort or illness.",0.3859365284442901,0.5458398461341858,0.5300385355949402,0.487271636724472,0.3859365284442901,0.0881136963321058
33,"""Doctor, I had a 'lock picker' done a few days ago, and now I'm running a fever and feeling real bad down there.""",feeling real,feeling real,is_multiword,0,18,18|19,1,0.3852752645810445,0,1.0,,,,,,,,,,,,,,,,,,,,,,,,,,,,,,,"Experiencing or expressing a strong emotion, such as pain or discomfort.",Experiencing significant discomfort or pain.,"Experiencing a strong, intense emotion or sensation.",0.8672077655792236,0.6540421843528748,0.322924256324768,0.6147247354189554,0.322924256324768,0.2742636158052864
35,"Doctor, my daughter came to me crying last night and admitted she'd tried to end a pregnancy herself—I'm terrified she's got an abigail.",admitted she'd,admitted she'd,is_multiword,0,10,10|11,1,0.2841847141583761,0,1.0,,,,,,,,,,,,,,,,,,,,,,,,,,,,,,,voluntarily disclosed or acknowledged the truth about her situation.,Acknowledged doing something privately disclosed.,"Admitted (in this context) means to acknowledge or confess something, especially something that was previously hidden or secret.",0.73287433385849,0.6217767000198364,0.7927948236465454,0.7158152858416239,0.6217767000198364,0.0867759067462356
35,"Doctor, my daughter came to me crying last night and admitted she'd tried to end a pregnancy herself—I'm terrified she's got an abigail.",she's got,she's got,is_multiword,0,20,20|21,1,0.5893808801968892,0,1.0,,,,,,,,,,,,,,,,,,,,,,,,,,,,,,,"Possessive pronoun indicating ownership or relationship, implying the daughter has something, in this case, an abortion.",She possesses or has an instance of.,"Having or in possession of (a condition or situation), in this case, likely referring to an unintended pregnancy.",0.3184901177883148,0.4135412275791168,0.4998260140419006,0.4106191198031108,0.3184901177883148,0.0907032571240622
42,"""I tried some herbs last week, but it didn’t work, so please just bring it away before I get worse.""",just bring,just bring,is_multiword,0,12,12|13,1,0.7533552960182229,0,1.0,,,,,,,,,,,,,,,,,,,,,,,,,,,,,,,"Remove or take something away, especially something unwanted or causing a problem.",Immediately remove or take away.,"To transport or move (something) to a different location, typically in response to a request or need.",0.6600285768508911,0.0699961557984352,0.0099093792960047,0.246644703981777,0.0099093792960047,0.3592593421733305
43,My daughter's been sick with a high fever and terrible cramps after she said she went to a clinic—could this be a scrape that's gone bad?,scrape that's,scrape that's,is_multiword,0,23,23|24,1,0.2761900424957275,0,1.0,,,,,,,,,,,,,,,,,,,,,,,,,,,,,,,A minor injury or cut that has become infected or worsened over time.,An infected cut or abrasion.,"A superficial wound or abrasion, potentially infected if it has not healed properly or is causing severe symptoms.",0.7330503463745117,0.6962525844573975,0.7421269416809082,0.7238099575042725,0.6962525844573975,0.0242930597604027
45,"""Doc, I went to a pin artist last week, and now I’ve got this fever and sharp pain down below—something’s really wrong.""",I’ve got,i've got,is_multiword,0,11,11|12,1,0.7806864033142725,1,1.0,,,,,,,,,,,,,,,,,,,,,,,,,,,,,,,Possessive pronoun indicating ownership or current experience of a condition or situation.,Have contracted or developed.,"Obtained or possessed (in this case, a medical condition).",0.01070361956954,0.5996931195259094,0.0475440509617328,0.2193135966857274,0.01070361956954,0.3299329331748865
45,"""Doc, I went to a pin artist last week, and now I’ve got this fever and sharp pain down below—something’s really wrong.""",below something’s,below something's,is_multiword,0,19,19|20,1,0.2176265319188436,0,1.0,,,,,,,,,,,,,,,,,,,,,,,,,,,,,,,"In this context, ""below"" refers to the lower part of the body, specifically the pelvic area.","The lower part of the body, often referring to genital or pelvic area.","Anatomical region, typically referring to the lower abdomen or pelvic area.",0.8178058862686157,0.7777398824691772,0.7515746355056763,0.7823734680811564,0.7515746355056763,0.0333578661056653
46,"""I’m bleeding bad and feeling sick, doctor—I think that pin artist I saw didn’t do it clean, and I’m scared it’s gone septic.""",gone septic,gone septic,is_multiword,0,22,22|23,1,0.4558171033859253,0,1.0,,,,,,,,,,,,,,,,,,,,,,,,,,,,,,,"Infected with bacteria that have entered the bloodstream, causing a potentially life-threatening condition.",Referring to an infection spreading in the body.,"A condition where a wound or infected tissue releases pus and toxins, potentially life-threatening if not treated promptly.",0.5716685056686401,0.5225914120674133,0.5382887721061707,0.5441828966140747,0.5225914120674133,0.0250638346402121
54,"My wife's been in agony with a high fever and chills, and she's scared it's a 'throw away belly' from the procedure she had last week.",throw away,throw away,is_multiword,0,16,16|17,1,0.911232380196452,0,1.0,,,,,,,,,,,,,,,,,,,,,,,,,,,,,,,"A condition of severe abdominal pain, often requiring surgical intervention.",Discarded or considered of little value.,Medical term for a surgical procedure resulting in the removal of an organ or tissue that is no longer needed or functional.,0.0087506845593452,0.2400597035884857,0.0174924712628126,0.0887676198035478,0.0087506845593452,0.1310956737298516
54,"My wife's been in agony with a high fever and chills, and she's scared it's a 'throw away belly' from the procedure she had last week.",throw away belly,throw away belly,is_multiword,1,16,16|17|18,1,0.4814201593399048,0,1.0,,,,,,,,,,,,,,,,,,,,,,,,,,,,,,,"A severe and potentially life-threatening complication of a surgical procedure, requiring immediate medical attention.","A severe, unexpected complication following a medical procedure.","A 'throw away belly' refers to a surgical complication where the intestines are accidentally left outside the abdominal cavity during surgery, requiring re-operation.",0.7794585227966309,0.3794104754924774,0.3968705236911773,0.5185798406600952,0.3794104754924774,0.2260961707233161
54,"My wife's been in agony with a high fever and chills, and she's scared it's a 'throw away belly' from the procedure she had last week.",throw away belly from,throw away belly from,is_multiword,0,16,16|17|18|19,1,0.504257082939148,0,1.0,,,,,,,,,,,,,,,,,,,,,,,,,,,,,,,"A severe and potentially life-threatening complication of a medical procedure, requiring immediate attention.","A severe, unexpected complication.","Medical condition characterized by abdominal pain, fever, and nausea, potentially resulting from a surgical procedure.",0.7191728949546814,0.4647628962993622,0.3032929599285126,0.495742917060852,0.3032929599285126,0.2096636624552031
54,"My wife's been in agony with a high fever and chills, and she's scared it's a 'throw away belly' from the procedure she had last week.",away belly,away belly,is_multiword,0,17,17|18,1,0.8125453591346741,0,1.0,,,,,,,,,,,,,,,,,,,,,,,,,,,,,,,"A false pregnancy or a condition where the body thinks it's pregnant, often accompanied by severe abdominal symptoms.","A severe, unexpected complication following a medical procedure.",A 'throw away belly' is a colloquial term for postoperative abdominal pain or discomfort following a surgical procedure.,0.0666130930185318,0.1958913952112198,0.2998594343662262,0.1874546408653259,0.0666130930185318,0.1168518209354951
54,"My wife's been in agony with a high fever and chills, and she's scared it's a 'throw away belly' from the procedure she had last week.",away belly from,away belly from,is_multiword,0,17,17|18|19,1,0.531415194272995,0,1.0,,,,,,,,,,,,,,,,,,,,,,,,,,,,,,,"A condition where the stomach is removed, often due to severe illness or surgery complications.","A severe, unexpected complication following a medical procedure.","A 'throw away belly' refers to a condition where the abdominal cavity is left open following a surgical procedure, requiring a subsequent operation to close it.",0.4966220557689667,0.5765500068664551,0.3325823545455932,0.468584805727005,0.3325823545455932,0.1243769246571679
54,"My wife's been in agony with a high fever and chills, and she's scared it's a 'throw away belly' from the procedure she had last week.",belly from,belly from,is_multiword,0,18,18|19,1,0.7480382074912388,1,1.0,,,,,,,,,,,,,,,,,,,,,,,,,,,,,,,"A term used to describe a condition where the body rejects a transplanted organ, often resulting in its failure.",Post-operative complication affecting the abdominal area.,Abdomen resulting from a medical procedure.,0.0968147963285446,0.1260250508785247,0.5330455303192139,0.2519617925087611,0.0968147963285446,0.2438634053908871
55,"Doctor, I think I might have a 'throw away belly'—I've been bleeding and running a fever since I tried to end it myself.",throw away,throw away,is_multiword,0,7,7|8,1,0.6045534663523238,0,1.0,,,,,,,,,,,,,,,,,,,,,,,,,,,,,,,A temporary or unwanted pregnancy.,Discarded or worthless.,"Discardable, often referring to something unnecessary or unwanted, as in this context, a non-viable pregnancy.",0.0089218458160758,0.6504839062690735,0.5269338488578796,0.3954465336476763,0.0089218458160758,0.3403926481272245
55,"Doctor, I think I might have a 'throw away belly'—I've been bleeding and running a fever since I tried to end it myself.",throw away belly,throw away belly,is_multiword,1,7,7|8|9,1,0.7300035723795493,0,1.0,,,,,,,,,,,,,,,,,,,,,,,,,,,,,,,"A condition of severe abdominal pain, often associated with menstrual disorders or ectopic pregnancy.",A slang term for severe abdominal pain or condition.,"Unwanted pregnancy resulting in non-viable fetus, often requiring surgical removal.",0.5574565529823303,0.2436841875314712,0.0088485423475503,0.2699964276204507,0.0088485423475503,0.2752488652420528
55,"Doctor, I think I might have a 'throw away belly'—I've been bleeding and running a fever since I tried to end it myself.",away belly,away belly,is_multiword,0,8,8|9,1,0.8275934457778931,0,1.0,,,,,,,,,,,,,,,,,,,,,,,,,,,,,,,A false pregnancy or a condition where a woman believes she is pregnant when she is not.,Abdominal pain or discomfort.,Abdominal pregnancy that is not viable and is expelled from the uterus.,0.0230155438184738,0.4253019392490387,0.0689021795988082,0.1724065542221069,0.0230155438184738,0.220212289987978
56,"""Doctor, I think I've got that 'Appendicitis hospital' situation—I was bleeding bad and running a fever after I tried to take care of things myself.""",I've got,i've got,is_multiword,0,3,3|4,1,0.5032434165477753,0,1.0,,,,,,,,,,,,,,,,,,,,,,,,,,,,,,,Experiencing or suffering from a particular condition or problem.,I possess or have the condition.,"Acquired or developed a condition or illness, in this case, appendicitis, as suggested by the symptoms mentioned.",0.5618661046028137,0.479188472032547,0.4492151737213135,0.4967565834522247,0.4492151737213135,0.0583441253362992
58,"Doctor, I think I might need a fix up—I've been bleeding and running a fever since I tried to take care of things myself at home.",fix up,fix up,is_multiword,1,7,7|8,1,0.2746150692303976,0,1.0,,,,,,,,,,,,,,,,,,,,,,,,,,,,,,,"Temporary medical treatment or care to alleviate symptoms, often provided by a medical professional.",Medical treatment to address injuries or illness.,Medical procedure or treatment aimed at repairing or improving a patient's condition.,0.7544481754302979,0.6984229683876038,0.7232836484909058,0.7253849307696024,0.6984229683876038,0.0280716493362121
59,"My daughter's been sick with a high fever and severe cramps after a procedure, and I'm scared she might need a fix up right away.",fix up,fix up,is_multiword,1,21,21|22,1,0.332652231057485,0,1.0,,,,,,,,,,,,,,,,,,,,,,,,,,,,,,,Immediate medical attention or treatment to address a sudden or urgent health issue.,Immediate medical treatment or intervention.,Medical intervention or repair to correct a problem or malfunction.,0.8101279735565186,0.5146484971046448,0.6772668361663818,0.667347768942515,0.5146484971046448,0.1479892603265928
59,"My daughter's been sick with a high fever and severe cramps after a procedure, and I'm scared she might need a fix up right away.",fix up right,fix up right,is_multiword,0,21,21|22|23,1,0.332652231057485,0,1.0,,,,,,,,,,,,,,,,,,,,,,,,,,,,,,,Immediate medical attention or treatment to address a sudden or urgent health issue.,Immediate medical treatment or intervention.,Medical intervention or repair to correct a problem or malfunction.,0.8101279735565186,0.5146484971046448,0.6772668361663818,0.667347768942515,0.5146484971046448,0.1479892603265928
59,"My daughter's been sick with a high fever and severe cramps after a procedure, and I'm scared she might need a fix up right away.",fix up right away,fix up right away,is_multiword,0,21,21|22|23|24,1,0.2304651538530985,0,1.0,,,,,,,,,,,,,,,,,,,,,,,,,,,,,,,Immediate medical attention or treatment to address a serious health issue or injury.,Immediate medical treatment or intervention.,Immediate medical intervention or repair.,0.7555333375930786,0.7409204244613647,0.812150776386261,0.7695348461469015,0.7409204244613647,0.0376227649193041
59,"My daughter's been sick with a high fever and severe cramps after a procedure, and I'm scared she might need a fix up right away.",up right,up right,is_multiword,0,22,22|23,1,0.3546852469444275,0,1.0,,,,,,,,,,,,,,,,,,,,,,,,,,,,,,,"Immediately or promptly, especially in a medical context, requiring urgent attention.",Immediately necessary treatment or repair.,Immediate repair or correction.,0.6520797610282898,0.4832766056060791,0.8005878925323486,0.6453147530555725,0.4832766056060791,0.1587637779921936
59,"My daughter's been sick with a high fever and severe cramps after a procedure, and I'm scared she might need a fix up right away.",up right away,up right away,is_multiword,0,22,22|23|24,1,0.3829053243001302,0,1.0,,,,,,,,,,,,,,,,,,,,,,,,,,,,,,,"Immediate medical attention or treatment, often in a hospital or emergency setting.",Immediate medical attention or intervention needed.,"Immediately, as in requiring prompt attention or repair.",0.7309069037437439,0.5350663661956787,0.5853107571601868,0.6170946756998698,0.5350663661956787,0.1017154960912136
59,"My daughter's been sick with a high fever and severe cramps after a procedure, and I'm scared she might need a fix up right away.",right away,right away,is_multiword,0,23,23|24,1,0.090528666973114,0,1.0,,,,,,,,,,,,,,,,,,,,,,,,,,,,,,,"Immediately or promptly, without delay.","Immediately, promptly.",Immediately or without delay.,0.8926920890808105,0.967506229877472,0.8682156801223755,0.909471333026886,0.8682156801223755,0.0517282378224771
62,"My husband has this swollen, red spot on his back that's throbbing nonstop; I'm worried it's a Conan Doyle from that old injury.",that's throbbing,that's throbbing,is_multiword,0,10,10|11,1,0.3284346262613932,0,1.0,,,,,,,,,,,,,,,,,,,,,,,,,,,,,,,continuously pulsating or beating painfully.,"Referring to the persistent, pulsating pain in the swollen spot.","A condition characterized by a recurring, pulsating pain or sensation, often due to inflammation or irritation.",0.6756247878074646,0.6557773351669312,0.6832939982414246,0.6715653737386068,0.6557773351669312,0.0142003809324126
62,"My husband has this swollen, red spot on his back that's throbbing nonstop; I'm worried it's a Conan Doyle from that old injury.",that's throbbing nonstop,that's throbbing nonstop,is_multiword,0,10,10|11|12,1,0.1891936461130777,0,1.0,,,,,,,,,,,,,,,,,,,,,,,,,,,,,,,"Continuously and persistently painful, with a steady, intense ache.",Refers to the pain persistently pulsating continuously.,"Persisting with continuous, rhythmic pain or pulsation.",0.7985284924507141,0.6922051906585693,0.9416853785514832,0.8108063538869222,0.6922051906585693,0.1251924536418067
62,"My husband has this swollen, red spot on his back that's throbbing nonstop; I'm worried it's a Conan Doyle from that old injury.",throbbing nonstop,throbbing nonstop,is_multiword,0,11,11|12,1,0.2759001652399698,0,1.0,,,,,,,,,,,,,,,,,,,,,,,,,,,,,,,"Continuously and persistently painful, with a steady, intense ache.","Persistent, painful pulsating sensation.","Persistent, continuous pulsation or ache, often indicating inflammation or irritation.",0.7465896606445312,0.7286221981048584,0.6970876455307007,0.7240998347600301,0.6970876455307007,0.0250589545422282
68,"My son keeps crying and pointing to his armpit—I think that red, swollen pluke needs to be looked at.",looked at,looked at,is_multiword,0,18,18|19,1,0.390265017747879,0,1.0,,,,,,,,,,,,,,,,,,,,,,,,,,,,,,,Examined or inspected by a medical professional to determine the cause and appropriate treatment.,Examined or treated medically.,Examined visually or inspected.,0.8528023362159729,0.6113898158073425,0.3650127947330475,0.609734982252121,0.3650127947330475,0.2438989812414194
76,"Doctor, my son's face is covered in these red, angry jack bumps—could it be acne vulgaris like his father had?",jack bumps,jack bumps,is_multiword,1,10,10|11,1,0.1739665468533834,0,1.0,,,,,,,,,,,,,,,,,,,,,,,,,,,,,,,"Small, inflamed, reddish bumps on the skin, often associated with acne.","Small, red, inflamed skin bumps resembling acne.","Elevated, red, inflamed skin lesions, often with a central pore, characteristic of acne.",0.9621227979660034,0.7533685564994812,0.7626090049743652,0.8260334531466166,0.7533685564994812,0.1179473560620657
77,I'm here for my daughter—she's been so self-conscious about the jack bumps on her chin and forehead.,jack bumps,jack bumps,is_multiword,1,11,11|12,1,0.4107601245244344,0,1.0,,,,,,,,,,,,,,,,,,,,,,,,,,,,,,,"Small, usually temporary, acne-like bumps, often appearing on the face, particularly in children, due to hormonal changes.","Small, raised skin bumps often causing embarrassment.","Prominent, small, and painful lumps on the skin, often found on the chin and jawline, particularly in adolescents undergoing puberty.",0.5907403230667114,0.5874660611152649,0.5895132422447205,0.5892398754755656,0.5874660611152649,0.0016541598697016
78,"Doctor, my son's face is covered in acker—it's been getting worse since he started high school.",acker it's,acker it's,is_multiword,0,7,7|8,1,0.5350240121285121,0,1.0,,,,,,,,,,,,,,,,,,,,,,,,,,,,,,,acne it's.,A skin condition or rash appearing on the face.,"Acne outbreak, a skin condition characterized by the appearance of spots and pimples on the face.",0.2226711362600326,0.6656635999679565,0.5065932273864746,0.4649759878714879,0.2226711362600326,0.2244093952893681
78,"Doctor, my son's face is covered in acker—it's been getting worse since he started high school.",acker it's been,acker it's been,is_multiword,0,7,7|8|9,1,0.5219485014677048,0,1.0,,,,,,,,,,,,,,,,,,,,,,,,,,,,,,,acne it has been.,A skin condition or rash appearing on the face.,Acne breakout has been occurring.,0.1780850440263748,0.7732037901878357,0.4828656613826751,0.4780514985322952,0.1780850440263748,0.2975885794703147
78,"Doctor, my son's face is covered in acker—it's been getting worse since he started high school.",acker it's been getting,acker it's been getting,is_multiword,0,7,7|8|9|10,1,0.5059163272380829,0,1.0,,,,,,,,,,,,,,,,,,,,,,,,,,,,,,,"A rash or acne, particularly on the face, often associated with puberty or hormonal changes.",A skin condition or rash affecting the son's face.,"Acne has been getting worse (in this context) - a chronic skin disease characterized by the appearance of spots and pimples on the skin, especially on the face.",0.5749160647392273,0.5991311073303223,0.3082038462162018,0.4940836727619171,0.3082038462162018,0.1614313306313896
78,"Doctor, my son's face is covered in acker—it's been getting worse since he started high school.",acker it's been getting worse,acker it's been getting worse,is_multiword,0,7,7|8|9|10|11,1,0.5270278056462605,0,1.0,,,,,,,,,,,,,,,,,,,,,,,,,,,,,,,"A type of acne, particularly severe and persistent, often associated with hormonal changes during puberty.",A skin condition or rash becoming more severe.,"Acne, a skin condition characterized by the appearance of spots and pimples on the face and other parts of the body, has been worsening.",0.3881727755069732,0.5822560787200928,0.4484877288341522,0.4729721943537394,0.3881727755069732,0.0993312586015289
78,"Doctor, my son's face is covered in acker—it's been getting worse since he started high school.",it's been,it's been,is_multiword,0,8,8|9,1,0.2458524505297342,0,1.0,,,,,,,,,,,,,,,,,,,,,,,,,,,,,,,It has been the case that something has been happening or existing for a certain period.,It has been (indicating duration).,Has been happening or occurring over a period of time.,0.6829258799552917,0.9236865639686584,0.6558302044868469,0.7541475494702657,0.6558302044868469,0.1474488114061537
78,"Doctor, my son's face is covered in acker—it's been getting worse since he started high school.",it's been getting,it's been getting,is_multiword,0,8,8|9|10,1,0.1884220242500305,0,1.0,,,,,,,,,,,,,,,,,,,,,,,,,,,,,,,a condition of gradually worsening or increasing.,It has been progressively worsening.,Has become progressively more noticeable or severe over time.,0.8906548023223877,0.7929614782333374,0.7511176466941833,0.8115779757499695,0.7511176466941833,0.0716071570099142
78,"Doctor, my son's face is covered in acker—it's been getting worse since he started high school.",it's been getting worse,it's been getting worse,is_multiword,0,8,8|9|10|11,1,0.383823037147522,0,1.0,,,,,,,,,,,,,,,,,,,,,,,,,,,,,,,The condition or situation is deteriorating or becoming more severe over time.,Referring to the worsening condition of his son's face.,Worsening or deteriorating progressively over time.,0.4533696472644806,0.9272959232330322,0.4678653180599212,0.616176962852478,0.4533696472644806,0.2695343888062524
78,"Doctor, my son's face is covered in acker—it's been getting worse since he started high school.",been getting,been getting,is_multiword,0,9,9|10,1,0.3525915741920471,0,1.0,,,,,,,,,,,,,,,,,,,,,,,,,,,,,,,to be gradually becoming or increasing in severity or intensity over a period of time.,Have been gradually becoming.,Progressively worsening or deteriorating over a period of time.,0.6636068820953369,0.65533047914505,0.6232879161834717,0.6474084258079529,0.6232879161834717,0.0212949277964823
78,"Doctor, my son's face is covered in acker—it's been getting worse since he started high school.",been getting worse,been getting worse,is_multiword,0,9,9|10|11,1,0.2018488645553589,0,1.0,,,,,,,,,,,,,,,,,,,,,,,,,,,,,,,gradually becoming more severe or unpleasant.,Indicating a deterioration or increase in severity over time.,Deteriorating or worsening over time.,0.8550283312797546,0.6765318512916565,0.8628932237625122,0.7981511354446411,0.6765318512916565,0.1053987753337516
78,"Doctor, my son's face is covered in acker—it's been getting worse since he started high school.",getting worse,getting worse,is_multiword,0,10,10|11,1,0.3571487764517466,1,1.0,,,,,,,,,,,,,,,,,,,,,,,,,,,,,,,Increasing in severity or intensity over time.,Decreasing in quality or severity over time.,Deteriorating or becoming progressively more severe or unfavorable over time.,0.4333700835704803,0.6962044835090637,0.7989791035652161,0.6428512235482534,0.4333700835704803,0.1885534848172054
86,"My daughter keeps picking at her chin and forehead, and I'm worried it's pimgenet—could you take a look and tell us what to do?",it's pimgenet,it's pimgenet,is_multiword,0,12,12|13,1,0.6369000871976216,0,1.0,,,,,,,,,,,,,,,,,,,,,,,,,,,,,,,"A genetic condition causing skin picking or obsessive skin habits, often associated with anxiety or neurological disorders.",It's potentially pigmented skin lesion or condition.,A genetic condition causing excessive acne or pimples.,0.2644545435905456,0.4842356443405151,0.3406095504760742,0.3630999128023783,0.2644545435905456,0.1116032945745482
87,"Doctor, my teenage son's face is covered in what I think is pimgenet—these angry red bumps just won't clear up no matter what we try.",clear up,clear up,is_multiword,0,19,19|20,1,0.4316423038641611,0,1.0,,,,,,,,,,,,,,,,,,,,,,,,,,,,,,,"To become free from or improve a skin condition, such as acne or pimples.",Become free of blemishes or marks.,"To become free from something unwanted, such as a skin condition, through treatment or time.",0.5517670512199402,0.6809108853340149,0.4723951518535614,0.5683576961358389,0.4723951518535614,0.105243241594256
88,"Doctor, I think I'm coming down with a bad case of fruitcake—my face is covered in these red, angry bumps that won't go away.",coming down,coming down,is_multiword,0,4,4|5,1,0.2394943435986837,0,1.0,,,,,,,,,,,,,,,,,,,,,,,,,,,,,,,"Experiencing the initial symptoms of a cold or illness, typically before the full-blown condition sets in.",Experiencing early symptoms of an illness.,"Developing or experiencing the onset of a condition or illness, typically with symptoms becoming more severe.",0.7660525441169739,0.7710102200508118,0.7444542050361633,0.7605056564013163,0.7444542050361633,0.0141202498512647
91,"Doctor, my son's face is covered in these red bumps—I think he's got that louse bag thing that's been going around his school.",he's got,he's got,is_multiword,0,12,12|13,1,0.3919993042945862,0,1.0,,,,,,,,,,,,,,,,,,,,,,,,,,,,,,,Possesses or is afflicted with a particular condition or disease.,He has the condition.,"Has contracted or acquired (a condition or disease), in this case, likely referring to a contagious skin condition.",0.6282383799552917,0.6461662650108337,0.549597442150116,0.6080006957054138,0.549597442150116,0.0513668889949984
93,"Doctor, my son has been really self-conscious about these barnacles on his face—they just won't clear up no matter what we try.",clear up,clear up,is_multiword,0,16,16|17,1,0.6549267104516427,0,1.0,,,,,,,,,,,,,,,,,,,,,,,,,,,,,,,"To become free from or improve a skin condition, such as acne or a rash.",To disappear or resolve.,"To disappear or improve in a noticeable way, especially after a period of time or after attempts to resolve an issue.",0.0151332225650548,0.3213681578636169,0.6987184882164001,0.3450732895483573,0.0151332225650548,0.3424086064996735
98,"""I’ve got this draining sinus on my cheek that keeps coming back, and my neighbor said it sounds like the Clyers she had after her tooth infection.""",draining sinus,draining sinus,is_multiword,0,3,3|4,1,0.644682412346204,1,1.0,,,,,,,,,,,,,,,,,,,,,,,,,,,,,,,"A recurring or persistent skin abscess, often appearing as a painful, inflamed, and draining lesion.",Inflammation causing fluid buildup near a cheek bone.,"A draining sinus in this context refers to a localized infection or inflammation in the sinus cavity, characterized by the discharge of pus or fluid through the affected area.",0.4518865048885345,0.1983724385499954,0.4156938195228576,0.3553175876537959,0.1983724385499954,0.137117878079065
100,"""Doctor, my tongue's been feeling so stiff and hard, I think it might be that 'wooden tongue' thing I heard about.""",tongue's been,tongue's been,is_multiword,0,2,2|3,1,0.7704621528585752,1,1.0,,,,,,,,,,,,,,,,,,,,,,,,,,,,,,,"been in a state of stiffness or rigidity, possibly due to illness or injury.","Refers to the sensation of a stiff, hard tongue.","Tongue's been (in this context) refers to the state or condition of the tongue over a period of time, implying a change or development in its state.",0.0514934621751308,0.0467586033046245,0.590361475944519,0.2295378471414248,0.0467586033046245,0.312491396760144
100,"""Doctor, my tongue's been feeling so stiff and hard, I think it might be that 'wooden tongue' thing I heard about.""",tongue's been feeling,tongue's been feeling,is_multiword,0,2,2|3|4,1,0.5144007404645283,0,1.0,,,,,,,,,,,,,,,,,,,,,,,,,,,,,,,Having a sensation of stiffness or hardness.,Refers to the sensation of tongue stiffness and hardness.,"Tongue's been feeling: has been experiencing a sensation or condition, typically abnormal or unusual.",0.5943650603294373,0.2554158568382263,0.6070168614387512,0.4855992595354716,0.2554158568382263,0.199445020433675
100,"""Doctor, my tongue's been feeling so stiff and hard, I think it might be that 'wooden tongue' thing I heard about.""",been feeling,been feeling,is_multiword,0,3,3|4,1,0.3812308808167776,0,1.0,,,,,,,,,,,,,,,,,,,,,,,,,,,,,,,experienced sensations of stiffness and hardness.,Experiencing a sensation over time.,Experiencing a sensation or state over a period of time.,0.5170149803161621,0.4682585299015045,0.8710338473320007,0.6187691191832224,0.4682585299015045,0.2198236057961974
103,"Doctor, my son's voice has been cracking and squeaking for the past few months—I think he's going through the gosling patch and it's really embarrassing him at school.",gosling patch,gosling patch,is_multiword,1,20,20|21,1,0.4997915575901667,1,1.0,,,,,,,,,,,,,,,,,,,,,,,,,,,,,,,"A period of rapid vocal change in young males, typically occurring during puberty.","Puberty stage, especially vocal changes.","Period of vocal change in young male birds, particularly geese, characterized by a croaky, high-pitched voice.",0.8440686464309692,0.4228657186031341,0.2336909621953964,0.5002084424098333,0.2336909621953964,0.3124526396873207
106,"""Doctor, I'm 44 and just found out I'm pregnant—guess you could call this a late cackling of the hen, but I'm worried about the risks.""",cackling of,cackling of,is_multiword,0,16,16|17,1,0.7252711905166507,0,1.0,,,,,,,,,,,,,,,,,,,,,,,,,,,,,,,"A sudden loud laughter or joyful noise, often associated with a woman's age and reproductive status.",Referring to loud laughter or joyous noise.,"Unusual or late onset of hen's clucking sound, metaphorically referring to a woman's pregnancy at an older age.",0.5596595406532288,0.2494548559188842,0.0150720318779349,0.2747288094833493,0.0150720318779349,0.2731720487625046
108,"Doctor, I'm forty-three and this is my first pregnancy—I guess you'd call it the late cackling of the hen, but I'm worried about the risks.",guess you'd,guess you'd,is_multiword,0,10,10|11,1,0.627820576230685,0,1.0,,,,,,,,,,,,,,,,,,,,,,,,,,,,,,,"Speculate or suppose, often in a casual or informal manner.",An informal expression suggesting something is unexpected or late.,"To infer or suppose, based on given circumstances or evidence.",0.3503943085670471,0.6565265655517578,0.1096173971891403,0.372179423769315,0.1096173971891403,0.2741046388572337
119,"Doctor, I’m worried about my mother, she’s become such a bottle hound lately, drinking first thing in the morning and forgetting to eat.",bottle hound,bottle hound,is_multiword,1,10,10|11,1,0.179981787999471,0,1.0,,,,,,,,,,,,,,,,,,,,,,,,,,,,,,,"A person who drinks excessively, often at the beginning of the day.",A heavy drinker who drinks excessively.,"A person who excessively consumes alcohol, particularly in a compulsive or habitual manner.",0.7922889590263367,0.7663635015487671,0.9014021754264832,0.8200182120005289,0.7663635015487671,0.0716627132024953
121,"Doctor, I think my husband might be a tanker—he’s been hiding bottles around the house and can’t seem to stop drinking even when he says he will.",seem to,seem to,is_multiword,0,18,18|19,1,0.291836937268575,0,1.0,,,,,,,,,,,,,,,,,,,,,,,,,,,,,,,"appear or indicate something, especially a situation or a person's state, without clear or direct evidence.",appear to; suggest without confirmation,"Appear or behave as if (a certain condition or action is true), without necessarily being so.",0.7393568158149719,0.7284903526306152,0.6566420197486877,0.7081630627314249,0.6566420197486877,0.044948119071392
122,My husband's been acting like a bombo-basher lately—he's hiding bottles around the house and I'm worried his liver's giving out.,liver's giving,liver's giving,is_multiword,0,18,18|19,1,0.918631549924612,1,1.0,,,,,,,,,,,,,,,,,,,,,,,,,,,,,,,Suffering from the effects of excessive alcohol consumption.,Referring to liver failure or deterioration.,"Organ (in the body) responsible for detoxification, protein synthesis, and metabolism, particularly of nutrients and drugs.",0.1233862116932869,0.0199096910655498,0.1008094474673271,0.0813684500753879,0.0199096910655498,0.0544087480558104
124,"Doctor, I think my husband's got a bad case of 'colic—he's been hiding bottles around the house and can't go a day without a drink.",husband's got,husband's got,is_multiword,0,4,4|5,1,0.93221604761978,1,1.0,,,,,,,,,,,,,,,,,,,,,,,,,,,,,,,Someone who shares a residence and a marital relationship with the speaker.,Possesses or suffers from an issue.,"Spouse has obtained or acquired something, in this case, a condition (colic).",0.0091606974601745,0.0132472086697816,0.180943951010704,0.0677839523802201,0.0091606974601745,0.098020731791825
126,"Doctor, I think I've caught the booze bug—I can't seem to go a day without a drink and it's starting to wreck my liver.",the booze,the booze,is_multiword,0,5,5|6,1,0.2986795306205749,0,1.0,,,,,,,,,,,,,,,,,,,,,,,,,,,,,,,"Strong intoxicating liquor, especially when associated with excessive drinking.",Alcohol or drinking habit.,Alcoholic beverages or spirits.,0.7117661833763123,0.6186823844909668,0.7735128402709961,0.701320469379425,0.6186823844909668,0.0779419797987033
126,"Doctor, I think I've caught the booze bug—I can't seem to go a day without a drink and it's starting to wreck my liver.",the booze bug,the booze bug,is_multiword,0,5,5|6|7,1,0.4246361553668976,0,1.0,,,,,,,,,,,,,,,,,,,,,,,,,,,,,,,A colloquial term for a hangover or the habit of excessive drinking.,Persistent alcohol addiction.,Chronic alcoholism or alcohol addiction.,0.4524737000465393,0.39627805352211,0.877339780330658,0.5753638446331024,0.39627805352211,0.2630239285262565
126,"Doctor, I think I've caught the booze bug—I can't seem to go a day without a drink and it's starting to wreck my liver.",booze bug,booze bug,is_multiword,1,6,6|7,1,0.4050895969072977,1,1.0,,,,,,,,,,,,,,,,,,,,,,,,,,,,,,,A colloquial term for a hangover or the habit of excessive drinking.,Persistent alcohol addiction.,Chronic alcoholism or excessive alcohol consumption.,0.4524737000465393,0.4942734837532043,0.837984025478363,0.5949104030927023,0.4524737000465393,0.2115428914056109
127,My husband's been hiding bottles around the house and getting shaky in the mornings—I'm worried he's got the booze bug.,getting shaky,getting shaky,is_multiword,0,9,9|10,1,0.376698633035024,0,1.0,,,,,,,,,,,,,,,,,,,,,,,,,,,,,,,"Experiencing physical symptoms of withdrawal, such as tremors, typically due to sudden cessation of alcohol consumption.","Experiencing tremors or anxiety, especially early morning.","Experiencing unsteadiness or trembling, often associated with alcohol withdrawal or excessive consumption.",0.5019801259040833,0.8372251987457275,0.5306987762451172,0.623301366964976,0.5019801259040833,0.1858191178866483
127,My husband's been hiding bottles around the house and getting shaky in the mornings—I'm worried he's got the booze bug.,he's got,he's got,is_multiword,0,16,16|17,1,0.1813778281211853,0,1.0,,,,,,,,,,,,,,,,,,,,,,,,,,,,,,,has a problem with drinking alcohol.,He has developed an alcohol use disorder.,Has acquired or developed a chronic or habitual problem with the excessive consumption of alcohol.,0.7511626482009888,0.8629262447357178,0.8417776226997375,0.8186221718788147,0.7511626482009888,0.0593709234780338
127,My husband's been hiding bottles around the house and getting shaky in the mornings—I'm worried he's got the booze bug.,booze bug,booze bug,is_multiword,1,19,19|20,1,0.2747185031572977,0,1.0,,,,,,,,,,,,,,,,,,,,,,,,,,,,,,,A slang term for a person who is addicted to or has a problem with alcohol.,A colloquial term for alcoholism.,Chronic alcoholism or excessive alcohol consumption habit.,0.8549984693527222,0.7077426314353943,0.6131033897399902,0.7252814968427023,0.6131033897399902,0.1218975645164587
128,"My dad's been acting confused and shaky lately, and the nurses at his home say it's the booze stupe—he's been sneaking liquor into his room.",booze stupe,booze stupe,is_multiword,1,17,17|18,1,0.4363255103429159,0,1.0,,,,,,,,,,,,,,,,,,,,,,,,,,,,,,,A state of intoxication or drunkenness caused by excessive consumption of alcoholic beverages.,A slang term for alcohol-induced confusion.,"Alcoholic intoxication, characterized by confusion and physical instability.",0.4315365552902221,0.6647205948829651,0.5947663187980652,0.5636744896570841,0.4315365552902221,0.1196608768967386
129,"Doctor, I'm worried about my husband—he's been drinking heavily every night for years, and I think he's got that booze stupe; he can't even function without a drink in the morning.",booze stupe,booze stupe,is_multiword,1,20,20|21,1,0.2145264148712158,0,1.0,,,,,,,,,,,,,,,,,,,,,,,,,,,,,,,"A state of physical or mental dependence on alcohol, characterized by withdrawal symptoms when it's absent.",A state of heavy alcohol dependence leading to impaired functioning.,"Chronic alcohol intoxication or impairment, characterized by a loss of mental and physical control due to excessive alcohol consumption.",0.7926300764083862,0.7256218791007996,0.8381687998771667,0.7854735851287842,0.7256218791007996,0.0566137250994556
130,My son's been acting out in school and I think he's picking up alky habits from his friends—he's been coming home smelling of liquor.,acting out,acting out,is_multiword,0,3,3|4,1,0.3122856616973877,0,1.0,,,,,,,,,,,,,,,,,,,,,,,,,,,,,,,"Behaving in a rebellious or disobedient manner, often in a way that is unacceptable or disturbing to others.",Behaving in a disruptive or rebellious manner.,"Engaging in disruptive, unruly, or antisocial behavior, often as a response to emotional distress or as a means of seeking attention.",0.7746176719665527,0.5893447995185852,0.699180543422699,0.6877143383026123,0.5893447995185852,0.0931671332132321
130,My son's been acting out in school and I think he's picking up alky habits from his friends—he's been coming home smelling of liquor.,acting out in,acting out in,is_multiword,0,3,3|4|5,1,0.3074626525243124,0,1.0,,,,,,,,,,,,,,,,,,,,,,,,,,,,,,,"Engaging in unacceptable or disruptive behavior, such as misbehaving or causing trouble.",Behaving mischievously or disruptively.,"Acting out in: exhibiting disruptive, unruly, or antisocial behavior, often as a response to emotional distress or as a means of seeking attention.",0.8350977897644043,0.6753917932510376,0.5671224594116211,0.6925373474756876,0.5671224594116211,0.1348079075635907
130,My son's been acting out in school and I think he's picking up alky habits from his friends—he's been coming home smelling of liquor.,out in,out in,is_multiword,0,4,4|5,1,0.2546191612879435,0,1.0,,,,,,,,,,,,,,,,,,,,,,,,,,,,,,,"Behaving in a rebellious or unacceptable manner, often in a public or social setting.",Behaving badly in a public or visible manner.,"Acting or behaving in a way that is not acceptable or expected, often in a rebellious or uncontrolled manner.",0.7527585029602051,0.8481569290161133,0.6352270841598511,0.7453808387120565,0.6352270841598511,0.1066564679470813
130,My son's been acting out in school and I think he's picking up alky habits from his friends—he's been coming home smelling of liquor.,he's picking,he's picking,is_multiword,0,10,10|11,1,0.4672369758288065,1,1.0,,,,,,,,,,,,,,,,,,,,,,,,,,,,,,,"Acquiring or adopting habits or behaviors from others, often in a casual or informal manner.",Referring to adopting drinking behaviors.,"Adopting or imitating, particularly harmful or undesirable behaviors.",0.4544011950492859,0.6181449890136719,0.5257428884506226,0.5327630241711935,0.4544011950492859,0.0820973156967647
130,My son's been acting out in school and I think he's picking up alky habits from his friends—he's been coming home smelling of liquor.,he's picking up,he's picking up,is_multiword,0,10,10|11|12,1,0.4288350343704223,0,1.0,,,,,,,,,,,,,,,,,,,,,,,,,,,,,,,"Acquiring or adopting undesirable behaviors or characteristics, often from others.",Acquiring drinking habits through influence.,Adopting or acquiring a behavior or habit from others.,0.4407109320163727,0.8488622903823853,0.423921674489975,0.5711649656295776,0.423921674489975,0.2406394043443875
130,My son's been acting out in school and I think he's picking up alky habits from his friends—he's been coming home smelling of liquor.,he's picking up alky,he's picking up alky,is_multiword,0,10,10|11|12|13,1,0.1988075971603393,0,1.0,,,,,,,,,,,,,,,,,,,,,,,,,,,,,,,Developing a habit of drinking alcohol.,He's adopting drinking behaviors.,"Adopting alcohol habits, or imbibing alcohol.",0.6760253310203552,0.9119905829429626,0.8155612945556641,0.8011924028396606,0.6760253310203552,0.1186370465562278
130,My son's been acting out in school and I think he's picking up alky habits from his friends—he's been coming home smelling of liquor.,picking up,picking up,is_multiword,0,11,11|12,1,0.1909862955411275,0,1.0,,,,,,,,,,,,,,,,,,,,,,,,,,,,,,,"Acquiring or adopting a behavior or habit, often from others, through observation or association.",Acquiring or adopting behaviors.,"Adopting or acquiring a behavior or habit from others, often through close association.",0.7612459659576416,0.9056987166404724,0.7600964307785034,0.8090137044588724,0.7600964307785034,0.083733649408103
130,My son's been acting out in school and I think he's picking up alky habits from his friends—he's been coming home smelling of liquor.,picking up alky,picking up alky,is_multiword,0,11,11|12|13,1,0.1945163210233053,0,1.0,,,,,,,,,,,,,,,,,,,,,,,,,,,,,,,Acquiring habits associated with alcohol consumption.,Adopting alcohol-related behaviors.,"Adopting alcohol habits, often through social influence.",0.8972635865211487,0.7531445026397705,0.766042947769165,0.8054836789766947,0.7531445026397705,0.0797449436851038
130,My son's been acting out in school and I think he's picking up alky habits from his friends—he's been coming home smelling of liquor.,up alky,up alky,is_multiword,0,12,12|13,1,0.2006094058354696,0,1.0,,,,,,,,,,,,,,,,,,,,,,,,,,,,,,,Contracting or developing a habit of drinking alcohol.,Engaging in alcohol-related behaviors.,Adopting or influenced by alcohol-related behavior.,0.763784646987915,0.8036757111549377,0.8307114243507385,0.7993905941645304,0.763784646987915,0.0336685320850099
131,"Doctor, I'm worried my husband might be an alky—he's been hiding bottles and can't seem to cut back on his drinking.",cut back,cut back,is_multiword,0,17,17|18,1,0.0602698326110839,0,1.0,,,,,,,,,,,,,,,,,,,,,,,,,,,,,,,"Reduce or limit the amount of something, typically in this case, the amount of alcohol being consumed.",Reduce or limit alcohol consumption.,"Reduce or decrease the frequency or amount of something, in this case, the consumption of alcohol.",0.9364330172538756,0.9626198410987854,0.9201376438140868,0.939730167388916,0.9201376438140868,0.0214321643982533
131,"Doctor, I'm worried my husband might be an alky—he's been hiding bottles and can't seem to cut back on his drinking.",cut back on,cut back on,is_multiword,0,17,17|18|19,1,0.1466593345006307,0,1.0,,,,,,,,,,,,,,,,,,,,,,,,,,,,,,,"Reduce or limit the amount of something, typically a bad habit or behavior, in this case, drinking.",Reduce or limit alcohol consumption.,"Reduce or decrease the frequency or amount of something, in this case, the consumption of alcohol.",0.7785230875015259,0.8613612651824951,0.9201376438140868,0.8533406654993693,0.7785230875015259,0.0711471584419124
131,"Doctor, I'm worried my husband might be an alky—he's been hiding bottles and can't seem to cut back on his drinking.",back on,back on,is_multiword,0,18,18|19,1,0.4590101937452951,1,1.0,,,,,,,,,,,,,,,,,,,,,,,,,,,,,,,Continuing to consume or engage in a habit after a period of reduction or abstinence.,Reducing or limiting alcohol consumption.,Resume regular consumption or usage of something after a period of abstinence.,0.4093358516693115,0.9110988974571228,0.30253466963768,0.5409898062547048,0.30253466963768,0.3249418065805757
133,"Doctor, I'm worried my husband might be a dipso—he's been hiding bottles around the house and can't seem to stop drinking even when he says he will.",a dipso,a dipso,is_multiword,0,7,7|8,1,0.2031698226928711,1,1.0,,,,,,,,,,,,,,,,,,,,,,,,,,,,,,,"A habitual drunkard, typically someone who is unable to control their drinking despite making resolutions to stop.",A person with a severe alcohol addiction.,"Chronic, compulsive drinker of alcohol.",0.7139846086502075,0.8088587522506714,0.8676471710205078,0.7968301773071289,0.7139846086502075,0.077534255203303
134,"Doctor, I think my husband's turned into a real brewhound—he's hiding bottles around the house and can't seem to stop shaking in the mornings.",brewhound he's,brewhound he's,is_multiword,0,9,9|10,1,0.0999640226364135,0,1.0,,,,,,,,,,,,,,,,,,,,,,,,,,,,,,,A person who excessively drinks beer.,A heavy drinker who frequently consumes beer.,A person who excessively consumes or is obsessed with beer.,0.9610866904258728,0.8540698885917664,0.8849513530731201,0.9000359773635864,0.8540698885917664,0.0550800180300306
136,"Doctor, I think my husband's been hitting the canteen pretty hard lately—he's been shaky in the mornings and can't seem to stop.",canteen pretty,canteen pretty,is_multiword,0,8,8|9,1,0.677373718470335,1,1.0,,,,,,,,,,,,,,,,,,,,,,,,,,,,,,,"A place where people buy and consume alcoholic drinks, especially in a social setting.",Military or base cafeteria.,"A canteen, in this context, refers to a place where food and drinks are served, often found in workplaces or institutions. The phrase ""been hitting the canteen"" implies excessive",0.0208399258553981,0.4805136322975158,0.4665252864360809,0.322626281529665,0.0208399258553981,0.2614482201284818
136,"Doctor, I think my husband's been hitting the canteen pretty hard lately—he's been shaky in the mornings and can't seem to stop.",canteen pretty hard,canteen pretty hard,is_multiword,0,8,8|9|10,1,0.3721950650215149,0,1.0,,,,,,,,,,,,,,,,,,,,,,,,,,,,,,,"drinking excessively, especially alcohol.",Military slang for drinking excessively.,"Consuming alcohol excessively, especially at a specific location (in this case, the canteen).",0.6118935942649841,0.7076878547668457,0.5638333559036255,0.6278049349784851,0.5638333559036255,0.0732352871454252
136,"Doctor, I think my husband's been hitting the canteen pretty hard lately—he's been shaky in the mornings and can't seem to stop.",pretty hard,pretty hard,is_multiword,0,9,9|10,1,0.5151327351729076,0,1.0,,,,,,,,,,,,,,,,,,,,,,,,,,,,,,,To a great extent or in large quantities.,To a great extent or frequently.,Consuming or using something excessively or intensely.,0.7936545610427856,0.3619249761104584,0.2990222573280334,0.4848672648270924,0.2990222573280334,0.2692608098771596
136,"Doctor, I think my husband's been hitting the canteen pretty hard lately—he's been shaky in the mornings and can't seem to stop.",seem to,seem to,is_multiword,0,20,20|21,1,0.4747610787550608,0,1.0,,,,,,,,,,,,,,,,,,,,,,,,,,,,,,,appear or indicate something without clear evidence or proof.,appear to be the case but is not confirmed.,Appear or behave as if (without necessarily being so).,0.6850734949111938,0.5276866555213928,0.3629566133022308,0.5252389212449392,0.3629566133022308,0.1610723902681237
137,"My son's been drinking from the canteen every night for months now, and I'm worried his liver might be giving out.",giving out,giving out,is_multiword,0,19,19|20,1,0.4920302430788675,0,1.0,,,,,,,,,,,,,,,,,,,,,,,,,,,,,,,"Failing to function properly due to overuse or damage, often resulting in a loss of efficiency or effectiveness.",Failing or stopping to function properly.,"Failing or on the verge of failure, especially due to excessive use or strain. (In this context, referring to the liver.)",0.5997295379638672,0.5388363599777222,0.3853433728218078,0.5079697569211324,0.3853433728218078,0.1104758676782825
145,"Doctor, my husband's hands have been shaking nonstop since he stopped drinking—I think he's got the jimjams.",he's got,he's got,is_multiword,0,14,14|15,1,0.8915653725465139,1,1.0,,,,,,,,,,,,,,,,,,,,,,,,,,,,,,,"Possessive pronoun, indicating the husband as the owner of the condition described.",He has the shakes due to withdrawal.,Tremors or symptoms suggestive of a condition or illness. (Informal usage),0.0094496086239814,0.1962970793247223,0.1195571944117546,0.1084346274534861,0.0094496086239814,0.0939189967398604
148,"Doctor, my husband hasn't had a drink in two days and now he's shaking and seeing things—I think the Brooklyn boys have come for him.",had a,had a,is_multiword,0,4,4|5,1,0.2695874174435934,0,1.0,,,,,,,,,,,,,,,,,,,,,,,,,,,,,,,"experienced or consumed something, typically a beverage, previously.",Experienced consuming alcohol.,"Consumed or possessed (in this case, alcohol) during a specified period.",0.6732661724090576,0.7305412292480469,0.7874303460121155,0.7304125825564066,0.6732661724090576,0.0570821955262386
148,"Doctor, my husband hasn't had a drink in two days and now he's shaking and seeing things—I think the Brooklyn boys have come for him.",had a drink,had a drink,is_multiword,0,4,4|5|6,1,0.1540457208951314,0,1.0,,,,,,,,,,,,,,,,,,,,,,,,,,,,,,,Consumed alcoholic beverage.,Consumed alcohol recently.,"Consumed alcoholic beverage. (In this context, refers to the action of drinking alcohol.)",0.8549551367759705,0.8444311022758484,0.8384765982627869,0.8459542791048685,0.8384765982627869,0.0083441961039974
148,"Doctor, my husband hasn't had a drink in two days and now he's shaking and seeing things—I think the Brooklyn boys have come for him.",a drink,a drink,is_multiword,0,5,5|6,1,0.2102457682291666,0,1.0,,,,,,,,,,,,,,,,,,,,,,,,,,,,,,,"A small amount of an intoxicating liquid, typically alcoholic, consumed for pleasure or social purposes.","A beverage, especially alcohol.",Consumption of alcoholic beverages.,0.7140321731567383,0.7675053477287292,0.8877251744270325,0.7897542317708334,0.7140321731567383,0.0889582728216429
149,"I'm here for my brother, doc—he stopped drinking cold turkey and now he's sweating, his heart's racing, and he keeps saying the Brooklyn boys are crawling on his skin.",cold turkey,cold turkey,is_multiword,0,9,9|10,1,0.3069897691408793,0,1.0,,,,,,,,,,,,,,,,,,,,,,,,,,,,,,,Quitting a habit abruptly without gradual reduction or medical assistance.,Complete withdrawal from a habit suddenly and entirely.,"Abstaining from a habitual substance (like alcohol) suddenly and without gradual reduction, potentially causing withdrawal symptoms.",0.7221394777297974,0.6466086506843567,0.710282564163208,0.6930102308591207,0.6466086506843567,0.0406199037648746
150,"Doctor, I can’t sleep, my heart’s racing, and I feel like bugs are crawling on me—is this what you call the gallon distemper?",gallon distemper,gallon distemper,is_multiword,1,22,22|23,1,0.7852282949412862,0,1.0,,,,,,,,,,,,,,,,,,,,,,,,,,,,,,,"A colloquial term for anxiety or a panic attack, characterized by intense fear or discomfort.",A colloquial term for severe insomnia or related symptoms.,"Gallon distemper refers to a type of delirium, characterized by hallucinations, rapid heart rate, and insomnia, often associated with severe illness or intoxication.",0.2319930046796798,0.0128450458869338,0.3994770646095276,0.2147717050587137,0.0128450458869338,0.193890457077839
152,"Doctor, I've been trying to quit on my own, but the jerks hit me hard last night and I couldn't stop trembling.",on my,on my,is_multiword,0,6,6|7,1,0.671677418674032,1,1.0,,,,,,,,,,,,,,,,,,,,,,,,,,,,,,,dependent on or associated with something or someone else.,Expressing personal effort or initiative.,"Self-initiated, personal action or effort.",0.0217359568923711,0.0353346914052963,0.9278970956802368,0.3283225813259681,0.0217359568923711,0.5192912767344126
152,"Doctor, I've been trying to quit on my own, but the jerks hit me hard last night and I couldn't stop trembling.",on my own,on my own,is_multiword,0,6,6|7|8,1,0.1205931703249613,0,1.0,,,,,,,,,,,,,,,,,,,,,,,,,,,,,,,Without external assistance or support.,Without external help or support.,"Independently, without assistance or guidance from others.",0.9708650708198548,0.8329904079437256,0.8343650102615356,0.8794068296750387,0.8329904079437256,0.0792081421815998
152,"Doctor, I've been trying to quit on my own, but the jerks hit me hard last night and I couldn't stop trembling.",my own,my own,is_multiword,0,7,7|8,1,0.6301514680186908,0,1.0,,,,,,,,,,,,,,,,,,,,,,,,,,,,,,,Without external assistance or support.,"Self, without external help.","Personal or individual (in this context, referring to the person attempting to quit something, such as smoking or another habit).",0.828847348690033,0.1072976365685463,0.1734006106853485,0.3698485319813092,0.1072976365685463,0.3988763418677247
153,"Doctor, my husband hasn't had a drink in three days and now he's shaking and sweating—I think he's got the jerks.",had a,had a,is_multiword,0,4,4|5,1,0.3191144665082296,0,1.0,,,,,,,,,,,,,,,,,,,,,,,,,,,,,,,experienced or undergone the consumption of a liquid.,Experienced or consumed.,"Experienced or consumed (in this case, a drink) in the past.",0.6383165717124939,0.7730407118797302,0.6312993168830872,0.6808855334917704,0.6312993168830872,0.0798858131593008
153,"Doctor, my husband hasn't had a drink in three days and now he's shaking and sweating—I think he's got the jerks.",had a drink,had a drink,is_multiword,0,4,4|5|6,1,0.4172479311625162,0,1.0,,,,,,,,,,,,,,,,,,,,,,,,,,,,,,,Consumed alcoholic beverage.,Refused alcohol or consumed no alcohol.,Consumption of alcoholic beverages.,0.4306439757347107,0.9634528756141664,0.3541593551635742,0.5827520688374838,0.3541593551635742,0.3319070690815283
153,"Doctor, my husband hasn't had a drink in three days and now he's shaking and sweating—I think he's got the jerks.",a drink,a drink,is_multiword,0,5,5|6,1,0.2628893256187439,0,1.0,,,,,,,,,,,,,,,,,,,,,,,,,,,,,,,"A small amount of an intoxicating liquid, typically alcoholic beverage.","A beverage, especially alcohol.","Alcoholic beverage, typically consumed socially or for intoxication.",0.7144402265548706,0.7907297015190125,0.7061620950698853,0.7371106743812561,0.7061620950698853,0.0466195443845203
154,"I’m here for my husband, doctor; he’s got the clanks bad after trying to quit cold turkey, and now he’s seeing things.",cold turkey,cold turkey,is_multiword,0,15,15|16,1,0.2767077287038167,0,1.0,,,,,,,,,,,,,,,,,,,,,,,,,,,,,,,"Abruptly stopping a habit, especially smoking or drinking, without gradual reduction or medical assistance.",Complete abstinence; referring to quitting smoking or drugs abruptly.,"Abstaining from a habitual substance (such as drugs or nicotine) suddenly and without gradual reduction, often leading to withdrawal symptoms.",0.740460991859436,0.6824139952659607,0.7470018267631531,0.7232922712961832,0.6824139952659607,0.0355523658665878
155,"Doctor, I think my dad’s been going through the clanks ever since he stopped drinking last week—he’s shaking and can’t sleep.",clanks ever,clanks ever,is_multiword,0,9,9|10,1,0.8895074262594184,1,1.0,,,,,,,,,,,,,,,,,,,,,,,,,,,,,,,physical tremors or shivers.,Refers to withdrawal symptoms from alcohol.,"Persistent, unexplained noises or sensations, often associated with physical or emotional distress.",0.0359066911041736,0.2803768217563629,0.0151942083612084,0.1104925737405816,0.0151942083612084,0.1474881182613027
157,"I'm worried about my son, doctor—he's been seeing things that aren't there and can't stop trembling, could this be the jiggers from him quitting cold turkey?",quitting cold,quitting cold,is_multiword,0,24,24|25,1,0.2778372367223104,1,1.0,,,,,,,,,,,,,,,,,,,,,,,,,,,,,,,"Sudden and complete cessation of a habit, especially substance use, without gradual reduction or medical assistance.",Stopping abruptly without tapering.,"Abrupt cessation, especially of a habit or addiction.",0.7480476498603821,0.7907651662826538,0.627675473690033,0.7221627632776896,0.627675473690033,0.0845699856482075
157,"I'm worried about my son, doctor—he's been seeing things that aren't there and can't stop trembling, could this be the jiggers from him quitting cold turkey?",quitting cold turkey,quitting cold turkey,is_multiword,0,24,24|25|26,1,0.274748702843984,0,1.0,,,,,,,,,,,,,,,,,,,,,,,,,,,,,,,"Stopping the use of a substance abruptly, without gradual reduction, often leading to withdrawal symptoms.",Stopping a drug or alcohol use abruptly without tapering off.,"Abrupt cessation of a habitual substance, typically drugs or alcohol, leading to withdrawal symptoms.",0.7065821290016174,0.758914053440094,0.7102577090263367,0.725251297156016,0.7065821290016174,0.0292106717247387
157,"I'm worried about my son, doctor—he's been seeing things that aren't there and can't stop trembling, could this be the jiggers from him quitting cold turkey?",cold turkey,cold turkey,is_multiword,0,25,25|26,1,0.2891402244567871,0,1.0,,,,,,,,,,,,,,,,,,,,,,,,,,,,,,,"abruptly stopping the use of a substance, especially an addictive one, without gradual reduction or medical assistance.",Complete withdrawal from a habit without preparation.,"Abstaining from a habitual substance (such as drugs or alcohol) suddenly and completely, often resulting in withdrawal symptoms.",0.6737512350082397,0.7526755332946777,0.7061525583267212,0.7108597755432129,0.6737512350082397,0.0396721518882463
159,"My brother's been acting really strange and jumpy ever since he quit cold turkey, and last night he said he could see them crawling on the walls.",jumpy ever,jumpy ever,is_multiword,0,7,7|8,1,0.2314984202384948,0,1.0,,,,,,,,,,,,,,,,,,,,,,,,,,,,,,,"Having a nervous or restless disposition, often due to anxiety or fear.",Anxious and easily startled.,"Hyperactive or easily startled, often due to nervousness or agitation.",0.7282487750053406,0.7607755661010742,0.8164803981781006,0.7685015797615051,0.7282487750053406,0.0446203238136597
159,"My brother's been acting really strange and jumpy ever since he quit cold turkey, and last night he said he could see them crawling on the walls.",cold turkey,cold turkey,is_multiword,0,12,12|13,1,0.2476506431897481,0,1.0,,,,,,,,,,,,,,,,,,,,,,,,,,,,,,,"Stopping the use of a substance abruptly, without gradual reduction or medical assistance.",Quitting a habit abruptly without preparation.,Abstaining from a habitual or addictive substance suddenly and completely.,0.7136092782020569,0.7827239036560059,0.7607148885726929,0.7523493568102518,0.7136092782020569,0.0353085606356478
160,"Doctor, my husband hasn't had a drink in three days and now he's got the heebie-jeebies—shaking, sweating, and seeing things that aren't there.",had a,had a,is_multiword,0,4,4|5,1,0.4923997124036153,0,1.0,,,,,,,,,,,,,,,,,,,,,,,,,,,,,,,"experienced or undergone the absence of something (in this case, a drink).",Experienced consuming alcohol.,"Experienced or undergone (in this case, abstained from consuming)",0.4072142839431762,0.6528711318969727,0.4627154469490051,0.5076002875963846,0.4072142839431762,0.1288324820323048
160,"Doctor, my husband hasn't had a drink in three days and now he's got the heebie-jeebies—shaking, sweating, and seeing things that aren't there.",had a drink,had a drink,is_multiword,0,4,4|5|6,1,0.1000626683235168,0,1.0,,,,,,,,,,,,,,,,,,,,,,,,,,,,,,,Consumed alcoholic beverage.,Consumed alcohol recently.,Consumed alcoholic beverage.,0.8549551367759705,0.9682619571685792,0.8765949010848999,0.8999373316764832,0.8549551367759705,0.060151979903515
160,"Doctor, my husband hasn't had a drink in three days and now he's got the heebie-jeebies—shaking, sweating, and seeing things that aren't there.",a drink,a drink,is_multiword,0,5,5|6,1,0.3292790253957113,0,1.0,,,,,,,,,,,,,,,,,,,,,,,,,,,,,,,"A small amount of an intoxicating beverage, typically consumed for pleasure or social purposes.","A beverage, especially alcohol.","Alcoholic beverage, typically consumed for pleasure or to induce intoxication.",0.6160672307014465,0.6848021745681763,0.7112935185432434,0.6707209746042887,0.6160672307014465,0.0491499910310208
161,"Doctor, I think I've got the heebie-jeebies—I stopped drinking cold turkey yesterday and my hands won't stop trembling.",I've got,i've got,is_multiword,0,3,3|4,1,0.5333547045787175,0,1.0,,,,,,,,,,,,,,,,,,,,,,,,,,,,,,,To have a sudden feeling of anxiety or fear.,"I possess or experience something, specifically a mild anxiety or nervousness.","To have or possess (a condition, feeling, etc.), typically implying that it is currently present.",0.671298623085022,0.202093169093132,0.5265440940856934,0.4666452954212824,0.202093169093132,0.2402693053117972
162,"My son's been acting really strange since he quit cold turkey—please tell me if this is the jag snakes, because he's sweating buckets and his hands won't stop trembling.",jag snakes,jag snakes,is_multiword,1,18,18|19,1,0.3166072368621826,0,1.0,,,,,,,,,,,,,,,,,,,,,,,,,,,,,,,"A colloquial or idiomatic expression referring to withdrawal symptoms, typically associated with substance abuse.",A slang term for withdrawal symptoms.,"A colloquial term for symptoms of withdrawal from drug addiction, particularly opiates, characterized by intense drug cravings, sweating, trembling, and other physical discomforts.",0.778771698474884,0.673346221446991,0.5980603694915771,0.6833927631378174,0.5980603694915771,0.0907735966880644
163,"Doctor, I think my husband's got the jag snakes—he stopped drinking three days ago and now he can't stop shaking and seeing things that aren't there.",husband's got,husband's got,is_multiword,0,4,4|5,1,0.77967669069767,1,1.0,,,,,,,,,,,,,,,,,,,,,,,,,,,,,,,Exhibiting symptoms of withdrawal from alcohol.,Possesses or exhibits (a condition).,Spouse is experiencing a symptom or condition.,0.1759915351867675,0.1172356456518173,0.3677427470684051,0.22032330930233,0.1172356456518173,0.131005464054787
163,"Doctor, I think my husband's got the jag snakes—he stopped drinking three days ago and now he can't stop shaking and seeing things that aren't there.",jag snakes,jag snakes,is_multiword,1,7,7|8,1,0.2082396944363912,0,1.0,,,,,,,,,,,,,,,,,,,,,,,,,,,,,,,"Delirium tremens, a severe withdrawal symptom from chronic alcohol abuse.",A colloquial term for delirium tremens caused by alcohol withdrawal.,"Delirium tremens, a severe form of alcohol withdrawal characterized by tremors, hallucinations, and confusion.",0.8691693544387817,0.7549926042556763,0.7511189579963684,0.7917603055636088,0.7511189579963684,0.0670661756748865
165,"Doctor, I think my husband's got a bad case of barrel fever—he's shaking and sweating ever since he stopped drinking.",husband's got,husband's got,is_multiword,0,4,4|5,1,0.7822099973758062,1,1.0,,,,,,,,,,,,,,,,,,,,,,,,,,,,,,,The person who shares one's life in marriage or a similar long-term relationship.,Possesses or exhibits a condition.,Spouse has acquired or is experiencing a condition.,0.0092703253030776,0.0117345750331878,0.6323651075363159,0.2177900026241938,0.0092703253030776,0.3590346868219781
166,"Doctor, my husband has been shaking and seeing things ever since he stopped drinking—I think he’s got the screaming meemies.",he’s got,he's got,is_multiword,0,16,16|17,1,0.8509609876200557,1,1.0,,,,,,,,,,,,,,,,,,,,,,,,,,,,,,,Possesses or is afflicted with.,He has the screaming meemies (a slang term for delirium tremens).,Experiencing a state of agitation or nervous excitement.,0.0121471351012587,0.2252539843320846,0.2097159177064895,0.1490390123799443,0.0121471351012587,0.1188061337948398
166,"Doctor, my husband has been shaking and seeing things ever since he stopped drinking—I think he’s got the screaming meemies.",screaming meemies,screaming meemies,is_multiword,1,19,19|20,1,0.759400567660729,1,1.0,,,,,,,,,,,,,,,,,,,,,,,,,,,,,,,"A state of extreme anxiety or nervousness, often accompanied by physical symptoms such as tremors.",A slang term for acute withdrawal symptoms from alcohol.,A colloquial term for a state of extreme nervousness or agitation.,0.0175619274377822,0.662540078163147,0.0416962914168834,0.2405994323392709,0.0175619274377822,0.3656105145231345
168,"Doctor, I've been sweating and my heart's racing ever since I stopped drinking; I'm pretty sure I have the rats.",I'm pretty,i'm pretty,is_multiword,0,13,13|14,1,0.3185028433799743,0,1.0,,,,,,,,,,,,,,,,,,,,,,,,,,,,,,,Used to express a moderate level of certainty or confidence in a statement.,Expressing certainty about one's condition.,Expressing a degree of certainty or confidence about a statement.,0.6578130125999451,0.8609781265258789,0.5257003307342529,0.6814971566200256,0.5257003307342529,0.1688890289397027
172,"Doctor, my husband hasn't had a drink in two days and now he's shaking and seeing things—I'm worried it's the Mahoney Brothers.",had a,had a,is_multiword,0,4,4|5,1,0.3557973901430765,0,1.0,,,,,,,,,,,,,,,,,,,,,,,,,,,,,,,experienced or undergone the consumption of a drink.,Experienced consuming alcohol.,"Consumed or experienced in the past, typically within a specified timeframe.",0.7286610007286072,0.6127875447273254,0.5911592841148376,0.6442026098569235,0.5911592841148376,0.0739382191816655
172,"Doctor, my husband hasn't had a drink in two days and now he's shaking and seeing things—I'm worried it's the Mahoney Brothers.",had a drink,had a drink,is_multiword,0,4,4|5|6,1,0.4935177067915598,0,1.0,,,,,,,,,,,,,,,,,,,,,,,,,,,,,,,Consumed alcoholic beverage.,Refused alcohol.,Consumed alcoholic beverages.,0.3322280943393707,0.9657983779907228,0.221420407295227,0.5064822932084402,0.221420407295227,0.40161926644748
172,"Doctor, my husband hasn't had a drink in two days and now he's shaking and seeing things—I'm worried it's the Mahoney Brothers.",a drink,a drink,is_multiword,0,5,5|6,1,0.3020594120025635,0,1.0,,,,,,,,,,,,,,,,,,,,,,,,,,,,,,,"A small amount of an intoxicating beverage, typically consumed for pleasure or social purposes.",Refers to alcohol consumption.,Consumption of alcoholic beverages.,0.5561419129371643,0.6195061802864075,0.9181736707687378,0.6979405879974365,0.5561419129371643,0.1933409311407952
176,"Doctor, my husband hasn't had a drink in three days and now he's shaking and seeing things—I think he's got the jumping jimmies.",jumping jimmies,jumping jimmies,is_multiword,1,22,22|23,1,0.3089419603347778,0,1.0,,,,,,,,,,,,,,,,,,,,,,,,,,,,,,,"Delirium tremens, a severe withdrawal symptom characterized by tremors, hallucinations, and altered mental state.",A colloquial term for delirium tremens.,"A colloquial term for delirium tremens, a severe form of alcohol withdrawal characterized by tremors, hallucinations, and other symptoms.",0.6510937213897705,0.7577842473983765,0.6642961502075195,0.6910580396652222,0.6510937213897705,0.0581624116634444
181,My husband's been shaking and sweating for two days since he stopped drinking—I think he's got the jams.,he's got,he's got,is_multiword,0,15,15|16,1,0.6858293948074181,0,1.0,,,,,,,,,,,,,,,,,,,,,,,,,,,,,,,exhibiting symptoms of withdrawal.,He has the flu or is very ill.,"He has acquired a condition or illness, possibly due to withdrawal symptoms from alcohol cessation.",0.0241365320980548,0.6168273687362671,0.3015479147434234,0.3141706051925818,0.0241365320980548,0.2965469713120628
181,My husband's been shaking and sweating for two days since he stopped drinking—I think he's got the jams.,he's got the,he's got the,is_multiword,0,15,15|16|17,1,0.4323077003161112,0,1.0,,,,,,,,,,,,,,,,,,,,,,,,,,,,,,,experiencing withdrawal symptoms.,He has a severe alcohol withdrawal.,experiencing symptoms of withdrawal from alcohol (delirium tremens),0.5075517892837524,0.5994382500648499,0.596086859703064,0.5676922996838888,0.5075517892837524,0.0521101592564343
181,My husband's been shaking and sweating for two days since he stopped drinking—I think he's got the jams.,he's got the jams,he's got the jams,is_multiword,0,15,15|16|17|18,1,0.3314147790273031,0,1.0,,,,,,,,,,,,,,,,,,,,,,,,,,,,,,,"Experiencing withdrawal symptoms, likely due to cessation of alcohol consumption.",He has a severe alcohol withdrawal.,"Experiencing symptoms of withdrawal from alcohol, typically including physical discomfort and agitation.",0.67881840467453,0.6900617480278015,0.6368755102157593,0.6685852209726969,0.6368755102157593,0.028030920599516
181,My husband's been shaking and sweating for two days since he stopped drinking—I think he's got the jams.,got the,got the,is_multiword,0,16,16|17,1,0.713837974704802,0,1.0,,,,,,,,,,,,,,,,,,,,,,,,,,,,,,,experiencing withdrawal symptoms.,Experienced severe withdrawal symptoms.,"Acquired, possibly a health condition or symptom.",0.8303530216217041,0.0159126855432987,0.012220368720591,0.2861620252951979,0.012220368720591,0.4712868432950429
181,My husband's been shaking and sweating for two days since he stopped drinking—I think he's got the jams.,got the jams,got the jams,is_multiword,0,16,16|17|18,1,0.2937395175298055,0,1.0,,,,,,,,,,,,,,,,,,,,,,,,,,,,,,,"Experiencing withdrawal symptoms, likely due to cessation of alcohol consumption.",Experienced severe withdrawal symptoms from alcohol.,"Experiencing symptoms of withdrawal from alcohol, typically including tremors and excessive sweating.",0.7999610900878906,0.6521859765052795,0.6666343808174133,0.7062604824701945,0.6521859765052795,0.0814680428004491
181,My husband's been shaking and sweating for two days since he stopped drinking—I think he's got the jams.,the jams,the jams,is_multiword,0,17,17|18,1,0.4349418481190999,0,1.0,,,,,,,,,,,,,,,,,,,,,,,,,,,,,,,"Withdrawal symptoms, typically associated with alcohol or drug cessation.",A colloquial term for severe withdrawal symptoms.,"Symptoms of alcohol withdrawal, specifically tremors and excessive sweating.",0.6726553440093994,0.5662267804145813,0.4562923312187195,0.5650581518809,0.4562923312187195,0.1081862403240462
182,"My son's been through detox before, but this time the uglies hit him so hard he couldn't even hold a glass of water.",son's been,son's been,is_multiword,0,1,1|2,1,0.4808771212895711,1,1.0,,,,,,,,,,,,,,,,,,,,,,,,,,,,,,,Undergone a process of withdrawal from addictive substances.,Refers to his child who previously underwent detoxification.,"Refers to the state or process of undergoing detoxification, typically in relation to drug or alcohol addiction, in this case, referring to the individual's son.",0.3515509963035583,0.5336832404136658,0.6721343994140625,0.5191228787104288,0.3515509963035583,0.1607869170273962
183,"Doctor, my husband hasn't had a drink in three days and now he's shaking, sweating, and seeing things—I think he's got the uglies bad.",had a,had a,is_multiword,0,4,4|5,1,0.5739322503407795,1,1.0,,,,,,,,,,,,,,,,,,,,,,,,,,,,,,,"experienced or endured something, in this case, the absence of a drink.",Reflected a period of abstinence from alcohol.,"Consumed or experienced in the past, typically within a specified timeframe.",0.6278106570243835,0.3788208365440368,0.2715717554092407,0.4260677496592204,0.2715717554092407,0.1827586984391608
183,"Doctor, my husband hasn't had a drink in three days and now he's shaking, sweating, and seeing things—I think he's got the uglies bad.",had a drink,had a drink,is_multiword,0,4,4|5|6,1,0.1053184072176615,0,1.0,,,,,,,,,,,,,,,,,,,,,,,,,,,,,,,Consumed alcoholic beverage.,Consumed alcohol recently.,Consumed alcoholic beverages.,0.8549551367759705,0.9657983779907228,0.8632912635803223,0.8946815927823385,0.8549551367759705,0.0617298194255106
183,"Doctor, my husband hasn't had a drink in three days and now he's shaking, sweating, and seeing things—I think he's got the uglies bad.",a drink,a drink,is_multiword,0,5,5|6,1,0.229589839776357,0,1.0,,,,,,,,,,,,,,,,,,,,,,,,,,,,,,,"A small amount of an intoxicating liquid, typically alcoholic, consumed for pleasure or social purposes.",A beverage containing alcohol.,"Alcoholic beverage, typically consumed for pleasure or to induce intoxication.",0.7368290424346924,0.863585352897644,0.7108160853385925,0.770410160223643,0.7108160853385925,0.0817335970185993
183,"Doctor, my husband hasn't had a drink in three days and now he's shaking, sweating, and seeing things—I think he's got the uglies bad.",got the,got the,is_multiword,0,21,21|22,1,0.2051475048065185,0,1.0,,,,,,,,,,,,,,,,,,,,,,,,,,,,,,,"experiencing severe withdrawal symptoms, typically from alcohol or drug cessation.",Experienced severe withdrawal symptoms.,"Experiencing a severe withdrawal syndrome, typically associated with alcohol or drug abstinence.",0.684533417224884,0.9631078839302064,0.736916184425354,0.7948524951934814,0.684533417224884,0.1480486253029877
183,"Doctor, my husband hasn't had a drink in three days and now he's shaking, sweating, and seeing things—I think he's got the uglies bad.",got the uglies,got the uglies,is_multiword,0,21,21|22|23,1,0.3726640542348226,0,1.0,,,,,,,,,,,,,,,,,,,,,,,,,,,,,,,"Experiencing severe withdrawal symptoms, typically associated with alcohol or opioid cessation.",Experienced severe withdrawal symptoms from alcohol.,"A colloquial term for experiencing symptoms of alcohol withdrawal, typically characterized by tremors, sweating, and hallucinations.",0.6936084032058716,0.5886468291282654,0.5997526049613953,0.6273359457651774,0.5886468291282654,0.0576616295783894
183,"Doctor, my husband hasn't had a drink in three days and now he's shaking, sweating, and seeing things—I think he's got the uglies bad.",got the uglies bad,got the uglies bad,is_multiword,0,21,21|22|23|24,1,0.2331538597742716,0,1.0,,,,,,,,,,,,,,,,,,,,,,,,,,,,,,,"Experiencing severe withdrawal symptoms, typically associated with alcohol or opioid withdrawal.",Experiencing severe withdrawal symptoms from alcohol cessation.,"Experiencing severe withdrawal symptoms, typically associated with alcohol or drug abstinence.",0.7069535851478577,0.7922213673591614,0.801363468170166,0.7668461402257284,0.7069535851478577,0.0520695027547457
183,"Doctor, my husband hasn't had a drink in three days and now he's shaking, sweating, and seeing things—I think he's got the uglies bad.",the uglies,the uglies,is_multiword,0,22,22|23,1,0.6210766335328419,0,1.0,,,,,,,,,,,,,,,,,,,,,,,,,,,,,,,"Delirium tremens, a severe withdrawal symptom from chronic alcohol use.",Severe withdrawal symptoms from alcohol cessation.,"A colloquial term for a severe hangover, characterized by physical discomfort and hallucinations.",0.6043107509613037,0.3769403994083404,0.1555189490318298,0.378923366467158,0.1555189490318298,0.2244024721088056
183,"Doctor, my husband hasn't had a drink in three days and now he's shaking, sweating, and seeing things—I think he's got the uglies bad.",the uglies bad,the uglies bad,is_multiword,0,22,22|23|24,1,0.2244378725687662,0,1.0,,,,,,,,,,,,,,,,,,,,,,,,,,,,,,,"Severe symptoms of withdrawal from alcohol, characterized by physical and mental distress.",Severe withdrawal symptoms from alcohol cessation.,"Acute alcohol withdrawal syndrome, characterized by physical and psychological symptoms.",0.7009702920913696,0.8979461193084717,0.7277699708938599,0.7755621274312338,0.7009702920913696,0.106831347444629
183,"Doctor, my husband hasn't had a drink in three days and now he's shaking, sweating, and seeing things—I think he's got the uglies bad.",uglies bad,uglies bad,is_multiword,0,23,23|24,1,0.3317768176396688,0,1.0,,,,,,,,,,,,,,,,,,,,,,,,,,,,,,,"Severe symptoms of withdrawal from alcohol, characterized by physical and mental distress.",Severe withdrawal symptoms from alcohol cessation.,"Symptoms of alcohol withdrawal, characterized by tremors, sweating, and hallucinations.",0.7009702920913696,0.6694126725196838,0.6342865824699402,0.6682231823603312,0.6342865824699402,0.0333577644237166
186,"Doctor, I think I’ve got the jimjam jimmies—I can’t stop sweating, my heart’s racing, and I feel like bugs are crawling on me.",jimjam jimmies,jimjam jimmies,is_multiword,1,6,6|7,1,0.2902693748474121,0,1.0,,,,,,,,,,,,,,,,,,,,,,,,,,,,,,,A colloquial term for severe anxiety or panic attack symptoms.,A colloquial term for anxiety or panic attack symptoms.,"A colloquial term for symptoms of anxiety or a panic attack, characterized by feelings of intense discomfort, restlessness, and sensations of insects crawling on the skin.",0.8903421759605408,0.6259796619415283,0.6128700375556946,0.7097306251525879,0.6128700375556946,0.1565514764440908
187,"Doc, my husband’s been shaking and seeing things for two days since he stopped drinking—I’m worried it’s the jimjam jimmies.",jimjam jimmies,jimjam jimmies,is_multiword,1,19,19|20,1,0.3668428659439087,0,1.0,,,,,,,,,,,,,,,,,,,,,,,,,,,,,,,"A colloquial or humorous term for hallucinations, likely referring to withdrawal symptoms from alcohol.",Delirium tremors accompanying alcohol withdrawal.,"Hallucinatory symptoms or delusions, often associated with alcohol withdrawal or other neurological conditions.",0.504405677318573,0.7689117193222046,0.6261540055274963,0.6331571340560913,0.504405677318573,0.1323920104122516
196,"I’m here for my father—he’s had the shiver'n'shakes real bad the last two mornings, and I’m worried it’s from him trying to quit the bottle on his own.",from him,from him,is_multiword,0,20,20|21,1,0.4545244971911112,1,1.0,,,,,,,,,,,,,,,,,,,,,,,,,,,,,,,"Originating or caused by him, the person being referred to in the sentence.",Indicating the source of the condition.,Caused by or originating from someone's actions or presence.,0.3618871569633484,0.7042891383171082,0.5702502131462097,0.5454755028088888,0.3618871569633484,0.1725401950647116
197,"Doctor, I think my husband’s got the shiver'n'shakes again—he’s been shaking and sweating since he stopped drinking three days ago.",husband’s got,husband's got,is_multiword,0,4,4|5,1,0.8501637699082494,1,1.0,,,,,,,,,,,,,,,,,,,,,,,,,,,,,,,The person who is the spouse of the speaker.,Possesses or exhibits (a condition).,"Husband has acquired or is experiencing a condition. (In this case, likely referring to withdrawal symptoms.)",0.0095253372564911,0.0803166478872299,0.3596667051315307,0.1498362300917506,0.0095253372564911,0.1851336641639474
197,"Doctor, I think my husband’s got the shiver'n'shakes again—he’s been shaking and sweating since he stopped drinking three days ago.",shiver'n shakes,shiver'n shakes,is_multiword,1,7,7|8,1,0.427591472864151,1,1.0,,,,,,,,,,,,,,,,,,,,,,,,,,,,,,,"A severe, possibly life-threatening withdrawal symptom, typically associated with alcohol cessation.","Involuntary shaking and sweating, likely due to withdrawal.","Uncontrollable bodily tremors and sweating, often associated with withdrawal symptoms from alcohol or other substances.",0.3214119374752044,0.6010269522666931,0.7947866916656494,0.572408527135849,0.3214119374752044,0.2379814597168093
198,"I'm here for my dad, doctor—he's been sweating and his heart's racing, and I'm worried it's the blue flame after he stopped drinking cold turkey.",cold turkey,cold turkey,is_multiword,0,24,24|25,1,0.2783906459808349,0,1.0,,,,,,,,,,,,,,,,,,,,,,,,,,,,,,,"abruptly stopping a habit, especially quitting drinking or smoking, without gradual reduction or assistance.","Complete abstinence, especially from drugs or alcohol.",Abstaining from a habitual substance (such as alcohol) abruptly and completely.,0.5969419479370117,0.7258284687995911,0.8420576453208923,0.721609354019165,0.5969419479370117,0.1226123035145508
199,"Doctor, I think my husband's got the blue flame—he hasn't had a drink in two days and now he's shaking and seeing things.",husband's got,husband's got,is_multiword,0,4,4|5,1,0.7003579065203667,0,1.0,,,,,,,,,,,,,,,,,,,,,,,,,,,,,,,"Exhibiting symptoms of withdrawal from a substance, likely due to cessation of its use.",Possesses or exhibits (a condition).,The husband is experiencing or possesses a certain condition or state.,0.3389395773410797,0.0423891469836235,0.5175975561141968,0.2996420934796333,0.0423891469836235,0.2400291174117904
203,"""Doc, I haven't had a drink in two days and now I'm seeing things and shaking like crazy—I think the 'alky rats' are finally catching up to me.""",drink in,drink in,is_multiword,0,5,5|6,1,0.4742166896661123,0,1.0,,,,,,,,,,,,,,,,,,,,,,,,,,,,,,,A period of time during which one abstains from alcoholic beverages.,Refusing to consume alcohol.,Consumption of alcoholic beverages.,0.8956938982009888,0.3193126618862152,0.3623433709144592,0.5257833103338877,0.3193126618862152,0.3210736562566393
205,"Doctor, I think my husband's got the admiral of the blue—he hasn't had a drink in two days and now he's shaking and seeing things.",husband's got,husband's got,is_multiword,0,4,4|5,1,0.650969675431649,0,1.0,,,,,,,,,,,,,,,,,,,,,,,,,,,,,,,"Experiencing severe withdrawal symptoms, likely due to cessation of alcohol consumption.",Possesses or exhibits (a condition or behavior).,"Husband has acquired or is experiencing a condition, in this case, likely a symptom of alcohol withdrawal.",0.0454401038587093,0.6585496068000793,0.3431012630462646,0.3490303245683511,0.0454401038587093,0.306597751096046
209,"Doctor, my husband's been shaking and sweating all night, and he keeps saying he's seeing things—I think he's got the whoops and jingles from stopping his drinking cold turkey.",stopping his,stopping his,is_multiword,0,25,25|26,1,0.17262335618337,0,1.0,,,,,,,,,,,,,,,,,,,,,,,,,,,,,,,"abruptly ceasing a habit, especially the consumption of alcohol.",Refusing to consume alcohol entirely abruptly.,"Discontinuing or abruptly ending a habit, in this case, alcohol consumption.",0.9437463879585266,0.9556147456169128,0.5827687978744507,0.82737664381663,0.5827687978744507,0.2119197093257999
213,"Doctor, my husband hasn't had a drink in three days and now he's shaking and seeing things—I think he's got the joe blakes.",had a,had a,is_multiword,0,4,4|5,1,0.2750486334164937,0,1.0,,,,,,,,,,,,,,,,,,,,,,,,,,,,,,,experienced or undergone the effects of alcohol consumption.,Experienced consuming alcohol.,"Consumed or experienced in the past, typically in reference to a substance or action.",0.9010704159736632,0.6108763813972473,0.6629073023796082,0.7249513665835062,0.6108763813972473,0.1547263515149814
213,"Doctor, my husband hasn't had a drink in three days and now he's shaking and seeing things—I think he's got the joe blakes.",had a drink,had a drink,is_multiword,0,4,4|5|6,1,0.1103937228520711,0,1.0,,,,,,,,,,,,,,,,,,,,,,,,,,,,,,,Consumed alcoholic beverage.,Consumed alcohol in the recent past.,Consumed alcoholic beverages.,0.8562494516372681,0.9657983779907228,0.8467710018157959,0.8896062771479288,0.8467710018157959,0.0661542698991031
213,"Doctor, my husband hasn't had a drink in three days and now he's shaking and seeing things—I think he's got the joe blakes.",a drink,a drink,is_multiword,0,5,5|6,1,0.2996147672335306,0,1.0,,,,,,,,,,,,,,,,,,,,,,,,,,,,,,,"A small amount of an intoxicating liquor, typically consumed for pleasure or social purposes.","A beverage, especially alcohol.","Alcoholic beverage, typically consumed for pleasure or to induce intoxication.",0.5745844841003418,0.8152777552604675,0.7112934589385986,0.7003852327664694,0.5745844841003418,0.1207168370365426
215,"Doctor, my husband’s been shaking and seeing things ever since he stopped drinking—could he have the dingbats?",the dingbats,the dingbats,is_multiword,0,16,16|17,1,0.6967423936973016,0,1.0,,,,,,,,,,,,,,,,,,,,,,,,,,,,,,,"Delirium tremens, a severe withdrawal symptom from chronic alcohol consumption.",A colloquial term for mental illness or symptoms.,"Symptoms of delirium or hallucinations, often associated with certain medical conditions or substance withdrawal.",0.0191658791154623,0.5838146209716797,0.3067923188209533,0.3032576063026984,0.0191658791154623,0.2823409659691493
217,"Doctor, my husband hasn't had a drink in three days and now he's shaking and seeing things—I'm scared it's this liquid distemper.",had a,had a,is_multiword,0,4,4|5,1,0.5814329385757446,0,1.0,,,,,,,,,,,,,,,,,,,,,,,,,,,,,,,experienced or undergone the presence of a substance.,"Past tense of have, indicating possession or experience.","Experienced or undergone (in this case, abstained from consuming).",0.3162035644054413,0.642952024936676,0.2965455949306488,0.4185670614242553,0.2965455949306488,0.194571497986783
217,"Doctor, my husband hasn't had a drink in three days and now he's shaking and seeing things—I'm scared it's this liquid distemper.",had a drink,had a drink,is_multiword,0,4,4|5|6,1,0.158441960811615,0,1.0,,,,,,,,,,,,,,,,,,,,,,,,,,,,,,,Consumed alcoholic beverage.,Consumed alcohol within a specified period.,Consumed alcoholic beverages.,0.7740273475646973,0.9657983779907228,0.7848483920097351,0.841558039188385,0.7740273475646973,0.1077312400838777
217,"Doctor, my husband hasn't had a drink in three days and now he's shaking and seeing things—I'm scared it's this liquid distemper.",a drink,a drink,is_multiword,0,5,5|6,1,0.3044377366701761,0,1.0,,,,,,,,,,,,,,,,,,,,,,,,,,,,,,,"A small amount of an intoxicating beverage, typically consumed for pleasure or social purposes.",A beverage containing alcohol.,Consumption of alcoholic beverages.,0.6400973200798035,0.6195060014724731,0.8270834684371948,0.6955622633298238,0.6195060014724731,0.1143650783463576
218,"Doctor, I stopped drinking last week and now I can't stop trembling—I think I have them bad.",them bad,them bad,is_multiword,0,16,16|17,1,0.773123836144805,1,1.0,,,,,,,,,,,,,,,,,,,,,,,,,,,,,,,"Severe withdrawal symptoms, likely from alcohol or another substance.",Referring to the severe or intense tremors.,"A state of severe physical or mental discomfort, often associated with withdrawal symptoms, typically referring to a health condition.",0.0166022460907697,0.5660999417304993,0.0979263037443161,0.226876163855195,0.0166022460907697,0.2965771049749198
219,"I'm here for my dad; he's been real jittery and seeing things that aren't there, and I'm worried it might be Beverley coming on.",real jittery,real jittery,is_multiword,0,7,7|8,1,0.1767803430557251,1,1.0,,,,,,,,,,,,,,,,,,,,,,,,,,,,,,,Excessively anxious or agitated.,Extremely anxious and restless.,"Excessively anxious or restless, characterized by trembling or rapid, involuntary movements.",0.9446189999580384,0.7617447972297668,0.7632951736450195,0.8232196569442749,0.7617447972297668,0.1051377728501383
220,"Doctor, I think my husband's got a touch of Beverley—he's shaking like a leaf and can't keep anything down since he stopped drinking.",husband's got,husband's got,is_multiword,0,4,4|5,1,0.8884279305736223,1,1.0,,,,,,,,,,,,,,,,,,,,,,,,,,,,,,,Possessive pronoun indicating the speaker's spouse.,Possesses or exhibits (a condition).,Spouse is experiencing or has experienced a health issue.,0.0751789733767509,0.2244728058576584,0.0350644290447235,0.1115720694263776,0.0350644290447235,0.0998109532154948
221,"I'm worried about my father, he's been getting the bottle-ache every time he tries to stop drinking, and now his hands won't stop trembling.",he's been,he's been,is_multiword,0,5,5|6,1,0.4666898647944132,1,1.0,,,,,,,,,,,,,,,,,,,,,,,,,,,,,,,"Having been in a particular state or condition for some time, especially one that is ongoing or habitual.","Indicates ongoing, repeated behavior or condition.","Refers to a continuous or repeated action in the past, in this case, the act of getting the ""bottle-ache"" (a term that may refer to symptoms of alcohol withdrawal)",0.8254541754722595,0.3265504837036133,0.4479257464408874,0.5333101352055868,0.3265504837036133,0.2601808866896972
221,"I'm worried about my father, he's been getting the bottle-ache every time he tries to stop drinking, and now his hands won't stop trembling.",he's been getting,he's been getting,is_multiword,0,5,5|6|7,1,0.4263070523738861,0,1.0,,,,,,,,,,,,,,,,,,,,,,,,,,,,,,,"Experiencing withdrawal symptoms, typically due to cessation of alcohol consumption.",He has been experiencing symptoms repeatedly.,"Repeated occurrence or habitual action, in this case, referring to the act of experiencing ""bottle-ache"" (withdrawal symptoms from alcohol) over time.",0.4930371940135956,0.6611803770065308,0.5668612718582153,0.5736929476261139,0.4930371940135956,0.0842795131814202
221,"I'm worried about my father, he's been getting the bottle-ache every time he tries to stop drinking, and now his hands won't stop trembling.",been getting,been getting,is_multiword,0,6,6|7,1,0.5034232338269551,0,1.0,,,,,,,,,,,,,,,,,,,,,,,,,,,,,,,Experiencing recurring episodes of a specific condition.,Experiencing repeatedly over time.,"Recurring consistently over a period of time. (In this context, referring to the habit of drinking alcohol.)",0.6528230905532837,0.3280720114707947,0.5088351964950562,0.4965767661730448,0.3280720114707947,0.162722210152087
223,"""I haven't had a drink in two days, and now I'm sweating and twitching like crazy—is this those alky jerks you hear about?""",alky jerks,alky jerks,is_multiword,1,19,19|20,1,0.3952435255050659,0,1.0,,,,,,,,,,,,,,,,,,,,,,,,,,,,,,,"People who suffer from withdrawal symptoms, typically associated with chronic alcohol consumption.",Severe alcohol withdrawal symptoms.,Individuals exhibiting symptoms of alcoholism or extreme intoxication.,0.8033366203308105,0.5705181360244751,0.4404146671295166,0.6047564744949341,0.4404146671295166,0.1838675716236384
224,"""Doc, I get these shakes real bad in the morning, my buddies call 'em the alky jerks—can you give me something to calm 'em down?""",alky jerks,alky jerks,is_multiword,1,15,15|16,1,0.1805616617202758,0,1.0,,,,,,,,,,,,,,,,,,,,,,,,,,,,,,,Morning tremors associated with withdrawal from alcohol consumption.,Morning shakes from alcohol withdrawal.,"Uncontrolled tremors or shaking episodes, often associated with alcohol withdrawal symptoms.",0.8991878628730774,0.7901596426963806,0.7689675092697144,0.8194383382797241,0.7689675092697144,0.0698732182917231
225,"Doctor, I'm worried about my dad—he stopped drinking cold turkey and now he's confused and sweating, seems like he's in the dingbats.",cold turkey,cold turkey,is_multiword,0,9,9|10,1,0.2923884391784668,0,1.0,,,,,,,,,,,,,,,,,,,,,,,,,,,,,,,Quitting a habit abruptly without gradual reduction or medical assistance.,Complete withdrawal from a substance abruptly.,Abstaining from a habitual substance (like alcohol) suddenly and completely.,0.7184981107711792,0.6564040184020996,0.7479325532913208,0.7076115608215332,0.6564040184020996,0.046725323991348
227,"I'm worried about my dad, doc—he's got the shakes and keeps saying he sees things that aren't there after he quit the bottle cold turkey.",cold turkey,cold turkey,is_multiword,0,24,24|25,1,0.227026363213857,0,1.0,,,,,,,,,,,,,,,,,,,,,,,,,,,,,,,"Quitting a habit, such as drinking, abruptly without gradual reduction or assistance.",Suddenly stopping alcohol use completely.,"Abstaining from a habitual substance (like alcohol) suddenly, experiencing withdrawal symptoms intensely.",0.7886324524879456,0.7496976852416992,0.7805907726287842,0.772973636786143,0.7496976852416992,0.0205546732876925
228,"Doctor, my husband's been having the shakes real bad since he stopped drinking last week—he can't even hold a cup steady.",shakes real,shakes real,is_multiword,0,6,6|7,1,0.408052255709966,0,1.0,,,,,,,,,,,,,,,,,,,,,,,,,,,,,,,"Trembling or quivering violently, typically as a result of withdrawal from a substance.",Severe tremors or shaking.,"Uncontrollable, rapid trembling of the body, often associated with physical or emotional distress.",0.4744879305362701,0.5529848337173462,0.7483704686164856,0.5919477442900339,0.4744879305362701,0.1410372024202714
229,"My dad hasn't had a drop in a week and now he's confused, shaky, and can't sleep—could this be the aggers?",the aggers,the aggers,is_multiword,0,20,20|21,1,0.4112065533796946,0,1.0,,,,,,,,,,,,,,,,,,,,,,,,,,,,,,,"Withdrawal symptoms, likely from alcohol or substance cessation.",A slang term for alcohol withdrawal symptoms.,"Aggers (in this context) refers to a potential side effect of alcohol withdrawal, characterized by confusion, shakiness, and insomnia.",0.7375584840774536,0.5555862784385681,0.4732355773448944,0.5887934466203054,0.4732355773448944,0.1352541562018518
230,"Doctor, I think my husband might have the aggers—he's been shaking, sweating, and seeing things since he stopped drinking three days ago.",aggers he's,aggers he's,is_multiword,0,8,8|9,1,0.4631223678588867,1,1.0,,,,,,,,,,,,,,,,,,,,,,,,,,,,,,,"Delirium tremens, a severe withdrawal symptom from alcohol.",Aggers refers to alcohol withdrawal syndrome symptoms.,"Delirium tremens (DTs), a severe form of alcohol withdrawal characterized by tremors, sweating, and hallucinations.",0.4292396008968353,0.730366587638855,0.4510267078876495,0.5368776321411133,0.4292396008968353,0.1679200745368539
233,"Doc, I think my husband's got the whoofits—he's been shaking and sweating ever since he stopped drinking two days ago.",husband's got,husband's got,is_multiword,0,4,4|5,1,0.418963094552358,0,1.0,,,,,,,,,,,,,,,,,,,,,,,,,,,,,,,Possesses or is afflicted with a particular condition or problem.,Possesses or exhibits (a condition).,Spouse is experiencing a condition or state.,0.8552007079124451,0.5618322491645813,0.3260777592658996,0.581036905447642,0.3260777592658996,0.2650837373610772
233,"Doc, I think my husband's got the whoofits—he's been shaking and sweating ever since he stopped drinking two days ago.",whoofits he's,whoofits he's,is_multiword,0,7,7|8,1,0.3793114026387533,0,1.0,,,,,,,,,,,,,,,,,,,,,,,,,,,,,,,"Symptoms of withdrawal from alcohol, characterized by shaking and sweating.",A colloquial term for withdrawal symptoms.,"Severe withdrawal symptoms associated with alcohol cessation, characterized by shaking and sweating.",0.4768236577510834,0.919808864593506,0.465433269739151,0.6206885973612467,0.465433269739151,0.2591083478712895
237,"I’m here because my father can’t stop seeing things after his last bender, and I’m worried it’s quart-mania setting in.",it’s quart-mania,it's quart-mania,is_multiword,0,16,16|17,1,0.3677043517430624,0,1.0,,,,,,,,,,,,,,,,,,,,,,,,,,,,,,,"A state of delusional thinking, often associated with excessive drinking, characterized by seeing or hearing things that aren't there.",A psychiatric condition causing false perceptions after substance abuse.,"A state of delusional perceptions or hallucinations, typically associated with heavy consumption of alcohol, often referred to as a severe form of delirium tremens.",0.5268456339836121,0.7767261266708374,0.5933151841163635,0.6322956482569376,0.5268456339836121,0.129420526172874
237,"I’m here because my father can’t stop seeing things after his last bender, and I’m worried it’s quart-mania setting in.",it’s quart-mania setting,it's quart-mania setting,is_multiword,0,16,16|17|18,1,0.6783723405872781,0,1.0,,,,,,,,,,,,,,,,,,,,,,,,,,,,,,,"A state of delusional thinking, often associated with excessive drinking, where one sees or believes they see things that aren't there.",It's a severe gambling addiction starting.,"A state of delusional perceptions or hallucinations, typically associated with heavy alcohol consumption, as in this context.",0.0450609475374221,0.9069851636886596,0.0128368670120835,0.3216276594127218,0.0128368670120835,0.5071904511133286
237,"I’m here because my father can’t stop seeing things after his last bender, and I’m worried it’s quart-mania setting in.",it’s quart-mania setting in,it's quart-mania setting in,is_multiword,0,16,16|17|18|19,1,0.961164561410745,1,1.0,,,,,,,,,,,,,,,,,,,,,,,,,,,,,,,"A state of paranoia or irrational fear, especially among people who drink excessively.",It refers to a severe gambling addiction starting.,"A condition, possibly a delusion, characterized by an excessive preoccupation with quartz or quartz-related items.",0.030983168631792,0.0546313449740409,0.0308918021619319,0.038835438589255,0.0308918021619319,0.0136797324844327
237,"I’m here because my father can’t stop seeing things after his last bender, and I’m worried it’s quart-mania setting in.",quart-mania setting,quart-mania setting,is_multiword,0,17,17|18,1,0.5328898628552754,0,1.0,,,,,,,,,,,,,,,,,,,,,,,,,,,,,,,"A state of paranoia or delusional thinking, often associated with substance abuse or withdrawal.",A severe form of delusional disorder.,"A state of excessive or compulsive behavior related to drinking, specifically a delirium tremens episode characterized by hallucinations.",0.5101745128631592,0.472748339176178,0.4184075593948364,0.4671101371447245,0.4184075593948364,0.0461425555081742
237,"I’m here because my father can’t stop seeing things after his last bender, and I’m worried it’s quart-mania setting in.",quart-mania setting in,quart-mania setting in,is_multiword,0,17,17|18|19,1,0.4463075399398803,0,1.0,,,,,,,,,,,,,,,,,,,,,,,,,,,,,,,"A state of paranoia or delusional thinking, often associated with substance abuse or withdrawal.",A psychiatric condition causing false perceptions after alcohol-induced delirium.,"A state of excessive or compulsive behavior related to drinking, specifically a delirium tremens episode characterized by hallucinations.",0.5933919548988342,0.472748339176178,0.5949370861053467,0.5536924600601196,0.472748339176178,0.0701039220505311
237,"I’m here because my father can’t stop seeing things after his last bender, and I’m worried it’s quart-mania setting in.",setting in,setting in,is_multiword,0,18,18|19,1,0.1521007021268209,0,1.0,,,,,,,,,,,,,,,,,,,,,,,,,,,,,,,"Beginning to appear or become noticeable, often as a result of a gradual process.",Becoming evident or prevalent gradually.,A condition or symptom beginning to occur or become more noticeable.,0.91782945394516,0.8044659495353699,0.8214024901390076,0.8478992978731791,0.8044659495353699,0.0611504836292679
239,"Doctor, I can't sleep and my hands won't stop trembling ever since I quit drinking; I'm worried it might be the Rats.",trembling ever,trembling ever,is_multiword,0,9,9|10,1,0.4403060972690582,1,1.0,,,,,,,,,,,,,,,,,,,,,,,,,,,,,,,"Physiological shaking or quivering, typically involuntary, of the body or a part of it.",Uncontrolled shaking of the hands.,"Uncontrollable, involuntary shaking of body parts, often associated with withdrawal symptoms from alcohol or certain medications.",0.460564523935318,0.706887423992157,0.5116297602653503,0.5596939027309418,0.460564523935318,0.1300052464953525
240,"Doctor, my husband hasn't had a drink in three days and now he's shaking and seeing things—I think he's got the Rats.",had a,had a,is_multiword,0,4,4|5,1,0.380390465259552,0,1.0,,,,,,,,,,,,,,,,,,,,,,,,,,,,,,,experienced or undergone the consumption of a liquid.,Experienced consuming alcohol.,"Consumed or experienced in the past, typically within a specified timeframe.",0.644955575466156,0.6227137446403503,0.5911592841148376,0.619609534740448,0.5911592841148376,0.02703215363444
240,"Doctor, my husband hasn't had a drink in three days and now he's shaking and seeing things—I think he's got the Rats.",had a drink,had a drink,is_multiword,0,4,4|5|6,1,0.4060905377070108,0,1.0,,,,,,,,,,,,,,,,,,,,,,,,,,,,,,,Consumed alcoholic beverage.,Refused alcohol or consumed no alcoholic beverages.,Consumed alcoholic beverages.,0.4542521834373474,0.9657983779907228,0.3616778254508972,0.5939094622929891,0.3616778254508972,0.3253744414567282
240,"Doctor, my husband hasn't had a drink in three days and now he's shaking and seeing things—I think he's got the Rats.",a drink,a drink,is_multiword,0,5,5|6,1,0.2335206866264343,0,1.0,,,,,,,,,,,,,,,,,,,,,,,,,,,,,,,"A small amount of an intoxicating liquid, typically alcoholic beverage.",Refers to alcohol consumption.,Consumption of alcoholic beverages.,0.7308861017227173,0.6503781676292419,0.9181736707687378,0.7664793133735657,0.6503781676292419,0.1374000196948694
243,"Doctor, I think my husband's got the Blue Johnnies—he's shaking like a leaf and seeing things since he stopped drinking yesterday.",husband's got,husband's got,is_multiword,0,4,4|5,1,0.698466547143956,0,1.0,,,,,,,,,,,,,,,,,,,,,,,,,,,,,,,Exhibiting symptoms of withdrawal from alcohol.,Possesses or exhibits a condition.,Spouse is experiencing a health issue or condition.,0.4078026413917541,0.0127054816111922,0.4840922355651855,0.301533452856044,0.0127054816111922,0.2530241555165226
245,"Doctor, my husband hasn't had a drink in three days and now he's shaking and seeing things—I think he's got the rams.",had a,had a,is_multiword,0,4,4|5,1,0.4937559564908346,0,1.0,,,,,,,,,,,,,,,,,,,,,,,,,,,,,,,experienced or undergone the consumption of a liquid.,Experienced consuming alcohol.,"Consumed or possessed (in this case, abstained from consuming) in the past.",0.644955575466156,0.4475609362125397,0.4262156188488006,0.5062440435091654,0.4262156188488006,0.1206008808704608
245,"Doctor, my husband hasn't had a drink in three days and now he's shaking and seeing things—I think he's got the rams.",had a drink,had a drink,is_multiword,0,4,4|5|6,1,0.4060905377070108,0,1.0,,,,,,,,,,,,,,,,,,,,,,,,,,,,,,,Consumed alcoholic beverage.,Refused alcohol or consumed no alcoholic beverages.,Consumed alcoholic beverages.,0.4542521834373474,0.9657983779907228,0.3616778254508972,0.5939094622929891,0.3616778254508972,0.3253744414567282
245,"Doctor, my husband hasn't had a drink in three days and now he's shaking and seeing things—I think he's got the rams.",a drink,a drink,is_multiword,0,5,5|6,1,0.308210035165151,0,1.0,,,,,,,,,,,,,,,,,,,,,,,,,,,,,,,"A small amount of an intoxicating liquid, typically alcoholic, consumed for pleasure or to alleviate withdrawal symptoms.",A beverage containing alcohol.,Consumption of alcoholic beverages.,0.6215206384658813,0.6267662644386292,0.8270829916000366,0.691789964834849,0.6215206384658813,0.1171965505739218
249,"My dad's been sweating and his hands won't stop trembling since he quit whiskey last week; could this be the diddleums, doctor?",won't stop,won't stop,is_multiword,0,7,7|8,1,0.1350534359614054,0,1.0,,,,,,,,,,,,,,,,,,,,,,,,,,,,,,,continuing without interruption or pause.,"Refusal to cease, persisting.",Persists continuously or repeatedly without interruption.,0.854848325252533,0.90752375125885,0.8324676156044006,0.8649465640385946,0.8324676156044006,0.0385335787953833
250,"Doctor, my husband hasn't had a drink in three days and now he's shaking and seeing things—I think he's got the diddleums.",had a,had a,is_multiword,0,4,4|5,1,0.5454281071821849,0,1.0,,,,,,,,,,,,,,,,,,,,,,,,,,,,,,,experienced or undergone the absence of a substance.,Experienced consuming alcohol.,"Past tense of ""have"" indicating possession or consumption in the past. In this context, it refers to the action of consuming something (presumably alcohol) at a specific point in the past",0.2790271937847137,0.3372433185577392,0.7474451661109924,0.4545718928178151,0.2790271937847137,0.2553004993199038
250,"Doctor, my husband hasn't had a drink in three days and now he's shaking and seeing things—I think he's got the diddleums.",had a drink,had a drink,is_multiword,0,4,4|5|6,1,0.1578583717346191,0,1.0,,,,,,,,,,,,,,,,,,,,,,,,,,,,,,,Consumed alcoholic beverages.,Consumed alcohol within a specified period.,Consumed alcoholic beverages.,0.7748005986213684,0.9667758941650392,0.7848483920097351,0.8421416282653809,0.7748005986213684,0.1080532957167612
250,"Doctor, my husband hasn't had a drink in three days and now he's shaking and seeing things—I think he's got the diddleums.",a drink,a drink,is_multiword,0,5,5|6,1,0.2578991452852884,0,1.0,,,,,,,,,,,,,,,,,,,,,,,,,,,,,,,"A small amount of an intoxicating liquid, typically alcoholic beverage.","A beverage, especially alcohol.","Alcoholic beverage, typically consumed socially or recreationally.",0.7144402265548706,0.7289663553237915,0.7828959822654724,0.7421008547147115,0.7144402265548706,0.0360684616828186
251,"Doctor, I can't sleep and I keep seeing things that aren't there—could this be the hoo-jahs from quitting whiskey cold turkey?",aren't there,aren't there,is_multiword,0,10,10|11,1,0.4258637825647989,0,1.0,,,,,,,,,,,,,,,,,,,,,,,,,,,,,,,exist or be present in a particular place.,Not present or existing.,Not present; not existing in reality or fact.,0.4444508552551269,0.390680193901062,0.8872776031494141,0.574136217435201,0.390680193901062,0.2725178280239231
253,"Doctor, I think my husband has the horries—he's been shaking, sweating, and seeing things ever since he stopped drinking three days ago.",horries he's,horries he's,is_multiword,0,7,7|8,1,0.287311295668284,1,1.0,,,,,,,,,,,,,,,,,,,,,,,,,,,,,,,"Delirium tremens, a severe withdrawal symptom from alcohol, characterized by tremors, sweating, and hallucinations.",Refers to severe withdrawal symptoms from alcohol.,"Delirium tremens, a severe form of alcohol withdrawal characterized by tremors, sweating, and hallucinations.",0.5970747470855713,0.9715123772621156,0.5694789886474609,0.7126887043317159,0.5694789886474609,0.2245721525987371
254,"I'm worried about my dad, doctor—he's got the horries bad, can't stop trembling and his heart's racing like crazy.",horries bad,horries bad,is_multiword,0,9,9|10,1,0.5124620000521343,0,1.0,,,,,,,,,,,,,,,,,,,,,,,,,,,,,,,"Severe symptoms of a cold or flu, characterized by intense shivering and rapid heartbeat.",Severe tremors or shakes.,"Uncontrolled shaking or trembling, often associated with illness or stress.",0.2017877101898193,0.5185962915420532,0.7422299981117249,0.4875379999478658,0.2017877101898193,0.2715564945846961
257,"Doctor, my husband hasn't had a drink in three days and now he's got the jumps—shaking, sweating, and seeing things that aren't there.",had a,had a,is_multiword,0,4,4|5,1,0.4122690955797831,0,1.0,,,,,,,,,,,,,,,,,,,,,,,,,,,,,,,experienced or undergone the consumption of a drink.,Experienced consuming alcohol.,"Experienced or undergone (in this case, abstained from consuming).",0.7286610007286072,0.5741952061653137,0.4603365063667297,0.5877309044202169,0.4603365063667297,0.1346733823518038
257,"Doctor, my husband hasn't had a drink in three days and now he's got the jumps—shaking, sweating, and seeing things that aren't there.",had a drink,had a drink,is_multiword,0,4,4|5|6,1,0.1044396162033081,0,1.0,,,,,,,,,,,,,,,,,,,,,,,,,,,,,,,Consumed alcoholic beverage.,Consumed alcohol recently.,Consumption of alcoholic beverages.,0.8549551367759705,0.9634528756141664,0.868273138999939,0.8955603837966919,0.8549551367759705,0.0591725031555939
257,"Doctor, my husband hasn't had a drink in three days and now he's got the jumps—shaking, sweating, and seeing things that aren't there.",a drink,a drink,is_multiword,0,5,5|6,1,0.2021719813346862,0,1.0,,,,,,,,,,,,,,,,,,,,,,,,,,,,,,,"A small amount of an intoxicating liquid, typically alcoholic, consumed for pleasure or social purposes.","A beverage, especially alcohol.",Consumption of an alcoholic beverage.,0.7140321731567383,0.7660189867019653,0.9134328961372375,0.7978280186653137,0.7140321731567383,0.1034360815533943
264,My husband hasn't had a drink in two days and now he's seeing things and can't sleep—is this that black dog you warned us about?,had a,had a,is_multiword,0,3,3|4,1,0.5295631488164265,0,1.0,,,,,,,,,,,,,,,,,,,,,,,,,,,,,,,"Consumed or taken a beverage, typically alcoholic, on a previous occasion.",Reflected his abstinence from alcohol.,"Consumed or used (in this case, drink) in the past.",0.3274663686752319,0.7435126900672913,0.340331494808197,0.4704368511835734,0.3274663686752319,0.2365780805656748
264,My husband hasn't had a drink in two days and now he's seeing things and can't sleep—is this that black dog you warned us about?,had a drink,had a drink,is_multiword,0,3,3|4|5,1,0.1040126283963521,0,1.0,,,,,,,,,,,,,,,,,,,,,,,,,,,,,,,Consumed alcoholic beverages.,Consumed alcohol recently.,Consumption of alcoholic beverages.,0.854927122592926,0.9647618532180786,0.868273138999939,0.8959873716036478,0.854927122592926,0.059933096278136
264,My husband hasn't had a drink in two days and now he's seeing things and can't sleep—is this that black dog you warned us about?,a drink,a drink,is_multiword,0,4,4|5,1,0.2388479709625244,0,1.0,,,,,,,,,,,,,,,,,,,,,,,,,,,,,,,"A small amount of an intoxicating liquid, typically alcoholic, consumed for pleasure or relaxation.",Alcohol or alcoholic beverage.,Consumption of alcoholic beverages.,0.6537026166915894,0.7326930165290833,0.8970604538917542,0.7611520290374756,0.6537026166915894,0.1241498923736952
265,I'm worried my dad's been going through the jimmies; he's been so restless and confused since he tried to quit cold turkey.,cold turkey,cold turkey,is_multiword,0,20,20|21,1,0.285016139348348,0,1.0,,,,,,,,,,,,,,,,,,,,,,,,,,,,,,,"Quitting a habit or substance abruptly, without gradual reduction or medical assistance.",Complete withdrawal from a habit without preparation.,"Abstaining from a habitual substance (such as drugs or nicotine) suddenly and without gradual reduction, often resulting in withdrawal symptoms.",0.7615610361099243,0.6962733268737793,0.6871172189712524,0.714983860651652,0.6871172189712524,0.0405959792742297
270,"Doctor, my husband keeps getting completely arseholed every night and I’m worried about his liver—he’s been vomiting bile this morning.",keeps getting,keeps getting,is_multiword,0,3,3|4,1,0.1762593785921732,1,1.0,,,,,,,,,,,,,,,,,,,,,,,,,,,,,,,"Continuously experiencing or undergoing a particular situation or condition, often with a sense of inevitability.",Continues to experience repeatedly over time.,Consistently experiences or occurs repeatedly.,0.7720608711242676,0.8130238652229309,0.8861371278762817,0.8237406214078268,0.7720608711242676,0.0577882750736059
270,"Doctor, my husband keeps getting completely arseholed every night and I’m worried about his liver—he’s been vomiting bile this morning.",he’s been,he's been,is_multiword,0,15,15|16,1,0.8966303716103236,1,1.0,,,,,,,,,,,,,,,,,,,,,,,,,,,,,,,Used to indicate a period of time during which something has been happening or a state has been existing.,He has been experiencing.,"Vomiting something (in this case, bile) repeatedly over a period of time.",0.2088444083929062,0.0534925535321235,0.0477719232439994,0.1033696283896764,0.0477719232439994,0.0913886115184525
270,"Doctor, my husband keeps getting completely arseholed every night and I’m worried about his liver—he’s been vomiting bile this morning.",he’s been vomiting,he's been vomiting,is_multiword,0,15,15|16|17,1,0.2909080584843954,0,1.0,,,,,,,,,,,,,,,,,,,,,,,,,,,,,,,"Expelling stomach contents through the mouth, often due to illness or disease.",He has been expelling stomach contents through his mouth.,Regurgitating stomach contents forcefully through the mouth.,0.6702267527580261,0.6775624752044678,0.7794865965843201,0.7090919415156046,0.6702267527580261,0.0610737980040161
270,"Doctor, my husband keeps getting completely arseholed every night and I’m worried about his liver—he’s been vomiting bile this morning.",been vomiting,been vomiting,is_multiword,0,16,16|17,1,0.5031602183977764,0,1.0,,,,,,,,,,,,,,,,,,,,,,,,,,,,,,,To expel stomach contents through the mouth due to illness or disease.,"Experiencing nausea and regurgitation, often of stomach contents.","Regurgitation of bitter, greenish-yellow stomach contents due to digestive system disruption.",0.4050076603889465,0.4707043766975403,0.6148073077201843,0.4968397816022237,0.4050076603889465,0.1073138739736235
271,"Doctor, I think I might be getting loaded too often—my liver's been aching and I feel sick every morning.",getting loaded,getting loaded,is_multiword,0,6,6|7,1,0.3126339316368103,0,1.0,,,,,,,,,,,,,,,,,,,,,,,,,,,,,,,"Consuming excessive amounts of alcohol, leading to intoxication and potential long-term health consequences.",Consuming alcohol excessively.,"Consuming excessive amounts of alcohol, leading to intoxication or overburdening the body.",0.5995791554450989,0.7666763067245483,0.6958427429199219,0.6873660683631897,0.5995791554450989,0.0838704656007248
274,"My husband comes home soused every evening, and this morning he couldn't even stand up straight—I'm scared he's got something wrong with his balance.",he's got,he's got,is_multiword,0,18,18|19,1,0.3415693243344625,0,1.0,,,,,,,,,,,,,,,,,,,,,,,,,,,,,,,Possesses or has a particular condition.,He has an issue or condition affecting his body.,"Having or showing signs of a physical condition or disorder, typically one affecting the body's equilibrium or coordination.",0.7077237963676453,0.6072900295257568,0.6602782011032104,0.6584306756655375,0.6072900295257568,0.0502423665166643
276,"My husband keeps saying he's just afloat from a little celebration, but he's been stumbling and slurring his words all morning, and I'm worried it's more than that.",afloat from,afloat from,is_multiword,0,6,6|7,1,0.9001706248770157,0,1.0,,,,,,,,,,,,,,,,,,,,,,,,,,,,,,,Temporarily managing to stay sober despite excessive drinking.,Drifting or temporarily present due to a celebration.,"Maintaining a minimal level of stability or buoyancy, typically metaphorically referring to financial or emotional equilibrium.",0.1885933130979538,0.0954591482877731,0.0154356639832258,0.0998293751229842,0.0154356639832258,0.0866615083164273
277,"Doctor, I’m here because my husband’s been showing signs of inebriation every evening, but he says he hasn’t had a drop to drink.",to drink,to drink,is_multiword,0,21,21|22,1,0.0706115365028381,0,1.0,,,,,,,,,,,,,,,,,,,,,,,,,,,,,,,To consume alcoholic beverages.,To consume alcohol.,Consuming alcoholic beverages.,0.925625205039978,0.945786714553833,0.9167534708976746,0.929388463497162,0.9167534708976746,0.0148779667616627
283,"I think I was abroad again this morning, doc—I woke up with no memory of last night and my head's pounding like a drum.",with no,with no,is_multiword,0,12,12|13,1,0.6095260679721832,1,1.0,,,,,,,,,,,,,,,,,,,,,,,,,,,,,,,Without any information or evidence.,Without any memory.,Absent; lacking.,0.3318740725517273,0.4648818075656891,0.3746659159660339,0.3904739320278168,0.3318740725517273,0.0678983388769066
284,"Doctor, my husband came home last night looking really abroad—slurring his words and stumbling—and I'm worried it might be more than just a few drinks.",abroad slurring,abroad slurring,is_multiword,0,9,9|10,1,0.6281078557173412,0,1.0,,,,,,,,,,,,,,,,,,,,,,,,,,,,,,,"Showing or feeling the effects of excessive alcohol consumption, such as impaired speech and coordination.","Drunk, speaking unclearly.","Disoriented in speech (slurring) and unsteady in movement, suggesting a foreign or unfamiliar state (abroad).",0.5142597556114197,0.2727240920066833,0.3286925852298736,0.3718921442826589,0.2727240920066833,0.1264299039982685
285,"Doctor, I think my husband might be airlocked again—he can't even walk straight and keeps slurring his words since last night.",keeps slurring,keeps slurring,is_multiword,0,15,15|16,1,0.2710331281026205,0,1.0,,,,,,,,,,,,,,,,,,,,,,,,,,,,,,,Utters words in a way that they are indistinct or hard to understand due to a speech disorder.,Continually speaking with indistinct or slurred speech.,"Speaks with unclear, slurred words due to impairment, often caused by alcohol intoxication or neurological issues.",0.8360140323638916,0.7008251547813416,0.6500614285469055,0.7289668718973795,0.6500614285469055,0.0961174276510694
286,"I'm worried about my son, he's been acting strange and stumbling around—could he be airlocked from all the partying he did yesterday?",stumbling around,stumbling around,is_multiword,0,10,10|11,1,0.1979538202285766,0,1.0,,,,,,,,,,,,,,,,,,,,,,,,,,,,,,,"Moving unsteadily or awkwardly due to lack of balance or coordination, often due to intoxication or illness.",Walking unsteadily due to intoxication or fatigue.,"Unsteady movement, often due to intoxication or physical impairment.",0.7949680685997009,0.855427622795105,0.7557428479194641,0.8020461797714233,0.7557428479194641,0.0502179084472984
289,"Doctor, my husband's been coming home with that zigzag look every night—he can't walk straight and his words are slurred.",husband's been,husband's been,is_multiword,0,2,2|3,1,0.7613265911738077,0,1.0,,,,,,,,,,,,,,,,,,,,,,,,,,,,,,,"Someone who has been married to the speaker for a certain period, presumably the one they live with.",Refers to the speaker's spouse experiencing symptoms.,"The phrase ""husband's been"" in this context refers to the continuous past tense of the verb ""to be"", indicating the ongoing state of the husband's existence.",0.384548544883728,0.1854044944047927,0.1460671871900558,0.2386734088261922,0.1460671871900558,0.1278535194063115
289,"Doctor, my husband's been coming home with that zigzag look every night—he can't walk straight and his words are slurred.",husband's been coming,husband's been coming,is_multiword,0,2,2|3|4,1,0.8783197946225604,1,1.0,,,,,,,,,,,,,,,,,,,,,,,,,,,,,,,"Arriving at a place or location, typically one's home, after a period of time.",Refers to the patient's spouse exhibiting symptoms of intoxication or illness.,Husband has been returning or arriving repeatedly in a specific time period.,0.0094001302495598,0.3428557813167572,0.0127847045660018,0.1216802053774396,0.0094001302495598,0.1915511429876953
289,"Doctor, my husband's been coming home with that zigzag look every night—he can't walk straight and his words are slurred.",been coming,been coming,is_multiword,0,3,3|4,1,0.3679073254267374,0,1.0,,,,,,,,,,,,,,,,,,,,,,,,,,,,,,,regularly arrive or appear.,Have been regularly experiencing and reporting.,Continuously arriving or occurring repeatedly over a period of time.,0.5128892660140991,0.9293293356895448,0.4540594220161438,0.6320926745732626,0.4540594220161438,0.2590896797826432
292,"Doctor, I think my husband is stewed again—he can't even walk straight and keeps slurring his words.",keeps slurring,keeps slurring,is_multiword,0,14,14|15,1,0.1911973357200622,0,1.0,,,,,,,,,,,,,,,,,,,,,,,,,,,,,,,"Utters words indistinctly due to intoxication, making them difficult to understand.","Continually distorting speech sounds, often due to alcohol.",Speaks with words that are unclear or indistinct due to excessive alcohol consumption.,0.6962552070617676,0.9108049869537354,0.8193477988243103,0.8088026642799377,0.6962552070617676,0.1076629087004533
299,"My husband's been banged up to the eyes for the third time this week, and I'm scared he won't wake up properly.",husband's been,husband's been,is_multiword,0,1,1|2,1,0.7844372261315584,1,1.0,,,,,,,,,,,,,,,,,,,,,,,,,,,,,,,Been repeatedly injured or assaulted.,Refers to his physical injuries.,Spouse has been temporarily detained or imprisoned.,0.6286202669143677,0.0090702781453728,0.0089977765455842,0.2155627738684415,0.0089977765455842,0.3577182840380953
299,"My husband's been banged up to the eyes for the third time this week, and I'm scared he won't wake up properly.",husband's been banged,husband's been banged,is_multiword,0,1,1|2|3,1,0.5309219658374786,0,1.0,,,,,,,,,,,,,,,,,,,,,,,,,,,,,,,"Suffered physical injuries, likely resulting in visible marks or swelling.",Refers to being injured or hurt.,Husband has been physically injured or detained.,0.5245402455329895,0.4037826955318451,0.4789111614227295,0.4690780341625213,0.4037826955318451,0.0609763418413757
299,"My husband's been banged up to the eyes for the third time this week, and I'm scared he won't wake up properly.",been banged,been banged,is_multiword,0,2,2|3,1,0.7826428428913156,0,1.0,,,,,,,,,,,,,,,,,,,,,,,,,,,,,,,"Suffered physical injury, likely a blow to the head, resulting in visible signs of trauma.",Suffered physical injuries.,"Imprisoned or confined, often referring to a person being held in a jail or prison.",0.6298379302024841,0.0107479412108659,0.011485599912703,0.2173571571086844,0.0107479412108659,0.3572190184804472
300,"Doctor, I think I'm banged up to the eyes—I can't stop shaking and my head is pounding since last night.",banged up,banged up,is_multiword,0,4,4|5,1,0.3252249956130981,0,1.0,,,,,,,,,,,,,,,,,,,,,,,,,,,,,,,"Seriously injured or hurt, often resulting in physical pain or discomfort.",Injured or hurt.,"Injured or damaged, particularly in a rough or violent manner.",0.6890272498130798,0.6238522529602051,0.7114455103874207,0.6747750043869019,0.6238522529602051,0.0455026324671839
305,"My son's been showing up to work with all sails set again, and his boss called me saying he needs to see a doctor about his drinking.",showing up,showing up,is_multiword,0,3,3|4,1,0.6365096373483539,1,1.0,,,,,,,,,,,,,,,,,,,,,,,,,,,,,,,"Arriving at a place, in this case, work, as expected or required.",Attending or appearing for work.,"Arrival, especially in an unexpected or unplanned manner.",0.7241563200950623,0.3533207178115845,0.0129940500482916,0.3634903626516461,0.0129940500482916,0.3556901880030551
306,"Doctor, I'm worried about my husband—he's been coming home with all sails set almost every night this week, and I don't know how to help him.",been coming,been coming,is_multiword,0,7,7|8,1,0.2934825420379638,0,1.0,,,,,,,,,,,,,,,,,,,,,,,,,,,,,,,Arrived or appeared repeatedly.,Continuing to act in a certain way repeatedly.,"Repeated occurrence or action in the past, often implying a pattern or regularity.",0.5192184448242188,0.7877640128135681,0.8125699162483215,0.7065174579620361,0.5192184448242188,0.1626792041199605
307,"I’m here for my son, he’s only sixteen and he came home totally afflicted, throwing up and barely conscious—can you check him out?",totally afflicted,totally afflicted,is_multiword,0,12,12|13,1,0.1688272953033447,0,1.0,,,,,,,,,,,,,,,,,,,,,,,,,,,,,,,Severely ill or debilitated.,Extremely sick or distressed.,"Extremely ill or affected, showing severe symptoms.",0.8111937642097473,0.8504646420478821,0.8318597078323364,0.8311727046966553,0.8111937642097473,0.0196444506547206
307,"I’m here for my son, he’s only sixteen and he came home totally afflicted, throwing up and barely conscious—can you check him out?",throwing up,throwing up,is_multiword,0,14,14|15,1,0.1953499515851339,1,1.0,,,,,,,,,,,,,,,,,,,,,,,,,,,,,,,Vomiting or expelling stomach contents through the mouth.,Experiencing nausea and vomiting.,Vomiting; forcible ejection of stomach contents through the mouth.,0.7451791763305664,0.9096539616584778,0.7591170072555542,0.8046500484148661,0.7451791763305664,0.0912026980416551
310,"I'm worried about my dad—he's been getting bamboozled almost every evening, and now his liver tests are all over the place.",been getting,been getting,is_multiword,0,6,6|7,1,0.4892965157826742,0,1.0,,,,,,,,,,,,,,,,,,,,,,,,,,,,,,,"experiencing or undergoing something repeatedly, in this case, being scammed or deceived.",Experiencing repeatedly misled or deceived.,Repeated occurrence of an action or state in the past.,0.8218770623207092,0.4970978796482086,0.2131355106830597,0.5107034842173258,0.2131355106830597,0.3045987582530856
310,"I'm worried about my dad—he's been getting bamboozled almost every evening, and now his liver tests are all over the place.",been getting bamboozled,been getting bamboozled,is_multiword,0,6,6|7|8,1,0.245417575041453,0,1.0,,,,,,,,,,,,,,,,,,,,,,,,,,,,,,,"Deceived or cheated, often financially or through a scam, in a way that is not immediately apparent.",Falling for scams or being misled repeatedly.,"Deceived or swindled repeatedly, especially in a persistent or devious manner.",0.6133505702018738,0.8130921125411987,0.8373045921325684,0.754582424958547,0.6133505702018738,0.1229080495350005
310,"I'm worried about my dad—he's been getting bamboozled almost every evening, and now his liver tests are all over the place.",getting bamboozled,getting bamboozled,is_multiword,0,7,7|8,1,0.198565145333608,0,1.0,,,,,,,,,,,,,,,,,,,,,,,,,,,,,,,"Being deceived or cheated, often financially, by someone's false promises or scams.",Being deceived or tricked.,"Deceived or swindled, often through trickery or deceit.",0.7223309278488159,0.8623828887939453,0.8195907473564148,0.801434854666392,0.7223309278488159,0.0717695288452747
312,"Doctor, I think I've got a real bang-up from last night—my head's pounding and I can't stop shaking.",bang-up from,bang-up from,is_multiword,0,7,7|8,1,0.6551014588524897,0,1.0,,,,,,,,,,,,,,,,,,,,,,,,,,,,,,,"A severe hangover, typically resulting from excessive alcohol consumption.",Severe headache or injury from an incident.,Severe hangover from excessive alcohol consumption.,0.0275571998208761,0.9450093507766724,0.0621290728449821,0.3448985411475102,0.0275571998208761,0.5199985975715945
313,My husband's been acting about right all week—he's slurring his words and stumbling even when he hasn't had a drop since breakfast.,about right,about right,is_multiword,1,4,4|5,1,0.8877806778376301,1,1.0,,,,,,,,,,,,,,,,,,,,,,,,,,,,,,,"Slightly intoxicated or impaired, but not severely so.","Slightly off, not quite normal.","Within the given context, ""about right"" implies that something (in this case, the husband's behavior) is generally satisfactory or acceptable, but not necessarily perfect.",0.2369453310966491,0.0098385019227862,0.0898741334676742,0.1122193221623698,0.0098385019227862,0.1151905315453605
315,"Doctor, I think my husband has his ass on backwards—he's been stumbling and slurring his words since noon.",ass on,ass on,is_multiword,0,7,7|8,1,0.6408688798546791,0,1.0,,,,,,,,,,,,,,,,,,,,,,,,,,,,,,,"The rear part of the body, especially when referring to a person's buttocks or posterior.",Incorrectly positioned or oriented.,"Incorrect orientation or positioning of the anatomical part, colloquially used humorously or disrespectfully.",0.0341541245579719,0.3648543953895569,0.6783848404884338,0.3591311201453209,0.0341541245579719,0.3221534894219056
316,"Doctor, I'm worried my son's got his ass on backwards—he can't even walk straight and keeps saying his head is spinning.",son's got,son's got,is_multiword,0,4,4|5,1,0.672269733933111,0,1.0,,,,,,,,,,,,,,,,,,,,,,,,,,,,,,,Expressing a concern or complaint about someone's behavior or situation.,Expresses concern about child's behavior or condition.,"The phrase ""son's got"" in this context refers to the son having or experiencing a certain condition or state, in this case, a physical or neurological issue that affects his ability to",0.6493322849273682,0.0113671356812119,0.3224913775920868,0.327730266066889,0.0113671356812119,0.3190148388045706
316,"Doctor, I'm worried my son's got his ass on backwards—he can't even walk straight and keeps saying his head is spinning.",ass on,ass on,is_multiword,0,7,7|8,1,0.8438485134392977,1,1.0,,,,,,,,,,,,,,,,,,,,,,,,,,,,,,,Having one's pants or trousers worn with the seat at the front instead of the back.,Incorrectly positioned or misaligned.,Incorrect body part orientation; anus positioned where the back should be.,0.0114107895642519,0.0455196425318717,0.4115240275859833,0.1561514865607023,0.0114107895642519,0.2218156993879677
323,"Doctor, my husband came home last night completely baked again, and this morning he can't stop shaking and says he sees things that aren't there.",aren't there,aren't there,is_multiword,0,23,23|24,1,0.589724878470103,0,1.0,,,,,,,,,,,,,,,,,,,,,,,,,,,,,,,"Present in a physical location, existing or occurring at a particular place.",Not existing; imaginary.,"Existing, present, or in a location; not absent or missing.",0.1991362124681472,0.7987819910049438,0.2329071611166,0.410275121529897,0.1991362124681472,0.3368802605750742
324,"I'm worried about my son, he keeps getting baked every weekend and now he's throwing up bile and complaining about terrible stomach pain.",throwing up,throwing up,is_multiword,0,14,14|15,1,0.2022525668144226,0,1.0,,,,,,,,,,,,,,,,,,,,,,,,,,,,,,,Vomiting or expelling stomach contents through the mouth.,Expelling stomach contents through the mouth due to nausea.,Regurgitation of stomach contents forcefully through the mouth.,0.856569766998291,0.8405383229255676,0.6961342096328735,0.7977474331855774,0.6961342096328735,0.0883639474013188
326,"My son’s been slurring his words and stumbling since lunch, and he hasn’t touched a drop—could this be Adrian acting up?",slurring his,slurring his,is_multiword,0,3,3|4,1,0.1989208062489827,0,1.0,,,,,,,,,,,,,,,,,,,,,,,,,,,,,,,"Speaking indistinctly, with words not clearly enunciated.",Speaking with unclear or blurred speech.,"Impaired articulation, characterized by slow, unclear speech with blurred or indistinct word boundaries.",0.804593563079834,0.8134428262710571,0.7852011919021606,0.8010791937510172,0.7852011919021606,0.014445088154494
326,"My son’s been slurring his words and stumbling since lunch, and he hasn’t touched a drop—could this be Adrian acting up?",acting up,acting up,is_multiword,0,20,20|21,1,0.2733596165974935,0,1.0,,,,,,,,,,,,,,,,,,,,,,,,,,,,,,,"Behaving in a mischievous or troublesome manner, often in a childish or immature way.",Behaving mischievously or improperly.,"Displaying unruly, disruptive, or inappropriate behavior.",0.8363878726959229,0.6546280980110168,0.6889051795005798,0.7266403834025065,0.6546280980110168,0.0965769803499619
329,My husband's been acting strange and stumbling around the house—could he be alky up from his drinking last night?,alky up,alky up,is_multiword,1,13,13|14,1,0.3443648815155029,1,1.0,,,,,,,,,,,,,,,,,,,,,,,,,,,,,,,Physically or mentally affected by excessive alcohol consumption.,Drunk from alcohol consumption.,"Under the influence of alcohol, impaired.",0.4970396757125854,0.6208135485649109,0.8490521311759949,0.6556351184844971,0.4970396757125854,0.1785709900826368
329,My husband's been acting strange and stumbling around the house—could he be alky up from his drinking last night?,alky up from,alky up from,is_multiword,0,13,13|14|15,1,0.2555914521217346,0,1.0,,,,,,,,,,,,,,,,,,,,,,,,,,,,,,,Experiencing or showing the effects of excessive alcohol consumption.,Drunk from consuming alcohol recently.,"Under the influence of alcohol, as a result of recent consumption.",0.5964270830154419,0.8063058853149414,0.8304926753044128,0.7444085478782654,0.5964270830154419,0.1287250389773062
329,My husband's been acting strange and stumbling around the house—could he be alky up from his drinking last night?,up from,up from,is_multiword,0,14,14|15,1,0.4283054371674856,0,1.0,,,,,,,,,,,,,,,,,,,,,,,,,,,,,,,"Recently affected or influenced by something, in this case, the husband's drinking the night before.","Not sober, still under the influence.","Derived from or resulting from a previous state or action, in this case, the effects of excessive alcohol consumption.",0.4549315273761749,0.7066923379898071,0.5534598231315613,0.5716945628325144,0.4549315273761749,0.1268670790204434
330,"Doctor, I think I might be alky up again—I can't stop shaking and my head's pounding worse than ever.",might be,might be,is_multiword,0,4,4|5,1,0.57499860227108,0,1.0,,,,,,,,,,,,,,,,,,,,,,,,,,,,,,,"Possibly or likely to be the case, based on available information or circumstances.",Possibly in a state of alcohol intoxication.,"May possibly be in a state or condition, uncertain or likely but not yet confirmed.",0.2228482216596603,0.6350125074386597,0.4171434640884399,0.42500139772892,0.2228482216596603,0.206194471212862
330,"Doctor, I think I might be alky up again—I can't stop shaking and my head's pounding worse than ever.",might be alky,might be alky,is_multiword,0,4,4|5|6,1,0.534006009499232,0,1.0,,,,,,,,,,,,,,,,,,,,,,,,,,,,,,,Possibly intoxicated with alcohol.,Suspect alcohol poisoning or intoxication.,Experiencing a relapse of alcoholism.,0.719723641872406,0.4371496438980102,0.2411086857318878,0.465993990500768,0.2411086857318878,0.2406077020973197
330,"Doctor, I think I might be alky up again—I can't stop shaking and my head's pounding worse than ever.",might be alky up,might be alky up,is_multiword,0,4,4|5|6|7,1,0.310308039188385,0,1.0,,,,,,,,,,,,,,,,,,,,,,,,,,,,,,,Possibly intoxicated with alcohol.,Suspect alcohol intoxication or hangover.,Experiencing a relapse of alcohol intoxication or withdrawal symptoms.,0.80491042137146,0.6909642815589905,0.5732011795043945,0.689691960811615,0.5732011795043945,0.1158598605717947
330,"Doctor, I think I might be alky up again—I can't stop shaking and my head's pounding worse than ever.",be alky,be alky,is_multiword,0,5,5|6,1,0.5802574654420216,0,1.0,,,,,,,,,,,,,,,,,,,,,,,,,,,,,,,experience withdrawal symptoms from alcohol cessation.,To become intoxicated from alcohol again.,"To be alky, in this context, means to be under the influence of alcohol.",0.3890577554702759,0.3347929418087005,0.5353769063949585,0.4197425345579783,0.3347929418087005,0.1037528238797919
330,"Doctor, I think I might be alky up again—I can't stop shaking and my head's pounding worse than ever.",be alky up,be alky up,is_multiword,0,5,5|6|7,1,0.4974202215671539,0,1.0,,,,,,,,,,,,,,,,,,,,,,,,,,,,,,,experience withdrawal symptoms from alcohol cessation.,To be under the influence of alcohol severely.,Experiencing a state of intoxication due to alcohol consumption.,0.3312264382839203,0.3414403200149536,0.8350725769996643,0.5025797784328461,0.3312264382839203,0.287992494119378
330,"Doctor, I think I might be alky up again—I can't stop shaking and my head's pounding worse than ever.",alky up,alky up,is_multiword,1,6,6|7,1,0.5508798360824585,1,1.0,,,,,,,,,,,,,,,,,,,,,,,,,,,,,,,"Experiencing withdrawal symptoms, typically from a period of heavy drinking.",To become intoxicated or drunk again.,Under the influence of alcohol.,0.3690696358680725,0.3627713918685913,0.6155194640159607,0.4491201639175415,0.3627713918685913,0.1441404255380914
332,"Doctor, I think I might be getting tight again—I've been shaky and seeing things in the corner of my eyes.",might be,might be,is_multiword,0,4,4|5,1,0.3531476259231567,0,1.0,,,,,,,,,,,,,,,,,,,,,,,,,,,,,,,"Possibly or likely to be the case, but not yet confirmed or certain.",Possibly but not definitely.,"May possibly be in a specified state or condition, based on current evidence or indications.",0.8670802712440491,0.5142289996147156,0.5592478513717651,0.6468523740768433,0.5142289996147156,0.1920466590998079
338,"My husband's been sneaking drinks and acting strange all week, is this what happens with too much boob blue?",boob blue,boob blue,is_multiword,1,17,17|18,1,0.4756884674231211,0,1.0,,,,,,,,,,,,,,,,,,,,,,,,,,,,,,,Excessive consumption of beer.,"Alcohol, slang term.","A colloquial term for alcoholic beverages, particularly beer.",0.3238150775432586,0.579792857170105,0.669326663017273,0.5243115325768789,0.3238150775432586,0.1793131254486295
339,"Doctor, I think my husband's been hitting the chateau collapso again—he's shaking and can't remember last night.",hitting the,hitting the,is_multiword,0,6,6|7,1,0.3186555902163187,0,1.0,,,,,,,,,,,,,,,,,,,,,,,,,,,,,,,"Consuming large amounts of a beverage, often to excess.","Consuming alcohol excessively, particularly champagne.","Consuming or using excessively, typically in reference to alcohol or drugs.",0.685620129108429,0.7052204608917236,0.6531926393508911,0.6813444097836813,0.6531926393508911,0.0262761276709334
345,My son's been acting strange and I found empty bottles in his room—he might be sneaking brew.,sneaking brew,sneaking brew,is_multiword,0,16,16|17,1,0.2176243464152017,0,1.0,,,,,,,,,,,,,,,,,,,,,,,,,,,,,,,"Consuming or obtaining alcoholic beverages secretly, often without parental knowledge or permission.",Stealthily consuming alcohol.,"Secretly consuming alcohol, typically in a furtive or clandestine manner.",0.6580701470375061,0.7968008518218994,0.892255961894989,0.7823756535847982,0.6580701470375061,0.1177574359785851
346,"Doctor, I think the brew I had last night is making my stomach burn something fierce.",burn something,burn something,is_multiword,0,13,13|14,1,0.3868562678496042,0,1.0,,,,,,,,,,,,,,,,,,,,,,,,,,,,,,,to feel intense discomfort or pain in the stomach.,Cause intense stomach discomfort or pain.,"Cause a sharp, painful sensation in a part of the body, often due to heat or irritation.",0.909233570098877,0.4758014380931854,0.4543961882591247,0.6131437321503957,0.4543961882591247,0.2566445796863496
346,"Doctor, I think the brew I had last night is making my stomach burn something fierce.",burn something fierce,burn something fierce,is_multiword,0,13,13|14|15,1,0.4748837451140085,0,1.0,,,,,,,,,,,,,,,,,,,,,,,,,,,,,,,"To feel a strong, intense, and uncomfortable sensation of pain or discomfort in the stomach.","Severe, intense discomfort or pain.","Intense, severe burning sensation.",0.6923855543136597,0.3781944811344147,0.5047687292098999,0.5251162548859915,0.3781944811344147,0.1580807514128011
346,"Doctor, I think the brew I had last night is making my stomach burn something fierce.",something fierce,something fierce,is_multiword,0,14,14|15,1,0.125448445479075,0,1.0,,,,,,,,,,,,,,,,,,,,,,,,,,,,,,,severely or intensely.,Extremely intense or severe.,"Intensely, severely, or violently.",0.965764582157135,0.833406925201416,0.8244831562042236,0.8745515545209249,0.8244831562042236,0.0791187128383787
347,"Doctor, I think my wife’s been using the ammunition to cope with her back pain, and now she’s feeling sick every morning.",she’s feeling,she's feeling,is_multiword,0,17,17|18,1,0.4097407559553782,0,1.0,,,,,,,,,,,,,,,,,,,,,,,,,,,,,,,"Experiencing or showing signs of illness, discomfort, or distress.",She is experiencing morning sickness.,"Experiencing a physical sensation or condition, typically discomfort or illness.",0.5348427295684814,0.8205419778823853,0.4153930246829986,0.5902592440446218,0.4153930246829986,0.208181798260926
348,"My son’s been sneaking ammunition from the cabinet, and I’m worried it’s making his stomach problems worse.",it’s making,it's making,is_multiword,0,11,11|12,1,0.601825753847758,1,1.0,,,,,,,,,,,,,,,,,,,,,,,,,,,,,,,causing a negative effect or worsening a situation.,Indicating the ammunition is worsening.,"Causing or contributing to a worsening of (a condition or situation), in this case, stomach problems.",0.3646657764911651,0.5811994075775146,0.2486575543880462,0.398174246152242,0.2486575543880462,0.1687842829914621
350,"Doctor, my son keeps sneaking sips from my bottles—I think he's been baptized again and it's making him dizzy.",keeps sneaking,keeps sneaking,is_multiword,0,3,3|4,1,0.2169780333836873,0,1.0,,,,,,,,,,,,,,,,,,,,,,,,,,,,,,,"Engages in secret or hidden actions, typically without permission.",Repetitively taking secretly.,Repeatedly taking something secretly or surreptitiously.,0.7280198931694031,0.7662420272827148,0.8548039793968201,0.7830219666163126,0.7280198931694031,0.0650363429411563
352,My son's been acting strange and I found a bottle hidden in his room—could it be the creepy pete causing his stomach pain and slurred speech?,creepy pete,creepy pete,is_multiword,1,18,18|19,1,0.9605491987119118,1,1.0,,,,,,,,,,,,,,,,,,,,,,,,,,,,,,,"A fictional, illicit liquor, often associated with underage drinking and its consequences.",A fictional character blamed for causing misfortune or illness.,"A colloquial term for marijuana, often associated with its strong, mind-altering effects.",0.0525513291358947,0.056906621903181,0.0088944528251886,0.0394508012880881,0.0088944528251886,0.0265520237893799
353,"Doctor, I've been drinking more black strap than usual to cope with the pain, and now my liver's giving me trouble.",liver's giving,liver's giving,is_multiword,0,17,17|18,1,0.781997504333655,1,1.0,,,,,,,,,,,,,,,,,,,,,,,,,,,,,,,causing problems or damage.,Referring to symptoms indicating liver distress or disease.,Organ (in the body) experiencing distress or malfunction due to the effects of alcohol consumption or other factors.,0.1055826917290687,0.160282477736473,0.388142317533493,0.2180024956663449,0.1055826917290687,0.1498622230118471
357,"My husband's been on the bivvy every night for months, and now his skin's gone yellow and he's confused all the time.",skin's gone,skin's gone,is_multiword,0,13,13|14,1,0.624433696269989,0,1.0,,,,,,,,,,,,,,,,,,,,,,,,,,,,,,,turned a shade of yellow due to prolonged exposure to the elements.,Refers to a change in skin color and condition.,"Discolored, typically yellow, due to prolonged illness or exposure to certain substances.",0.1532910764217376,0.6828608512878418,0.2905469834804535,0.375566303730011,0.1532910764217376,0.2748313123075802
362,"Doctor, my son's been acting really strange and aggressive lately—I think he's been sneaking too much A-bomb juice with his friends after school.",really strange,really strange,is_multiword,0,5,5|6,1,0.2386200229326883,0,1.0,,,,,,,,,,,,,,,,,,,,,,,,,,,,,,,Unusually different from what is considered normal behavior.,Unusually unusual or bizarre behavior.,"Unusual, abnormal, or deviating from the norm in behavior or appearance.",0.6701891422271729,0.8057131171226501,0.8082376718521118,0.7613799770673116,0.6701891422271729,0.0789836667500098
365,"Doctor, I think this artesian stuff I've been drinking is what's making my liver feel so heavy and sore.",artesian stuff,artesian stuff,is_multiword,0,4,4|5,1,0.3484093447526296,0,1.0,,,,,,,,,,,,,,,,,,,,,,,,,,,,,,,"Water from an underground aquifer that flows to the surface naturally, often without mechanical pumping.",Water from an artesian well.,Groundwater sourced from a well that flows under natural pressure.,0.4957588016986847,0.7043589353561401,0.7546542286872864,0.6515906552473704,0.4957588016986847,0.1372773800308367
366,"My husband has been hitting the artesian hard every night, and now he's shaking and can't keep his breakfast down.",hitting the,hitting the,is_multiword,0,4,4|5,1,0.6165108280256391,0,1.0,,,,,,,,,,,,,,,,,,,,,,,,,,,,,,,drinking excessively.,Drinking from a well or spring vigorously.,Drilling or extracting water from an artesian well.,0.6270204186439514,0.0098462710157036,0.5136008262634277,0.3834891719743609,0.0098462710157036,0.3285160027480271
366,"My husband has been hitting the artesian hard every night, and now he's shaking and can't keep his breakfast down.",hitting the artesian,hitting the artesian,is_multiword,0,4,4|5|6,1,0.5917122612396877,0,1.0,,,,,,,,,,,,,,,,,,,,,,,,,,,,,,,"Consuming large quantities of hard liquor, specifically artesian water, excessively.",Drinking from an artesian well excessively.,"Drilling or extracting water from a natural underground water source, typically under high pressure.",0.6698500514030457,0.1522992998361587,0.4027138650417328,0.4082877387603124,0.1522992998361587,0.2588203936382049
366,"My husband has been hitting the artesian hard every night, and now he's shaking and can't keep his breakfast down.",the artesian,the artesian,is_multiword,0,5,5|6,1,0.2578696807225545,0,1.0,,,,,,,,,,,,,,,,,,,,,,,,,,,,,,,A well or spring that yields water from an underground aquifer.,A well or spring producing water under natural pressure.,A natural underground water source that flows under pressure to the earth's surface without the aid of a pump.,0.7789298295974731,0.7129772305488586,0.7344838976860046,0.7421303192774454,0.7129772305488586,0.033634612420576
367,"My husband has been complaining about sharp pains in his right side, and he's been hitting the booze pretty hard lately—could that be causing it?",booze pretty,booze pretty,is_multiword,0,17,17|18,1,0.0811528166135152,0,1.0,,,,,,,,,,,,,,,,,,,,,,,,,,,,,,,alcoholic beverages consumed in large quantities.,alcoholic beverages heavily consumed recently.,"Alcoholic beverages, consumed excessively.",0.8995963335037231,0.9620813131332396,0.8948639035224915,0.9188471833864847,0.8948639035224915,0.0375165490763909
367,"My husband has been complaining about sharp pains in his right side, and he's been hitting the booze pretty hard lately—could that be causing it?",booze pretty hard,booze pretty hard,is_multiword,0,17,17|18|19,1,0.0673944354057312,0,1.0,,,,,,,,,,,,,,,,,,,,,,,,,,,,,,,Consuming alcoholic beverages excessively or in large quantities.,Intensively consuming alcohol.,Consuming alcohol excessively or heavily.,0.9077795147895812,0.9537288546562196,0.9363083243370056,0.9326055645942688,0.9077795147895812,0.0231973765936857
367,"My husband has been complaining about sharp pains in his right side, and he's been hitting the booze pretty hard lately—could that be causing it?",pretty hard,pretty hard,is_multiword,0,18,18|19,1,0.6052325318257015,0,1.0,,,,,,,,,,,,,,,,,,,,,,,,,,,,,,,"To a considerable extent or degree, especially in a manner that is noticeable or excessive.",To a great extent or degree.,Consuming alcohol excessively or more than usual.,0.6713781952857971,0.3642546236515045,0.1486695855855941,0.3947674681742986,0.1486695855855941,0.2626867867334289
371,"My husband's been shaky and sweating at night, and he admits he's been leaning on Channel Nine pretty hard to get through the day.",pretty hard,pretty hard,is_multiword,0,17,17|18,1,0.5228658393025398,0,1.0,,,,,,,,,,,,,,,,,,,,,,,,,,,,,,,"To a great extent or intensity, almost excessively.",To a great extent or frequently.,Exerting significant effort or force.,0.749578058719635,0.6066272854804993,0.0751971378922462,0.4771341606974602,0.0751971378922462,0.3553501915273945
372,"Doctor, I've been having these sharp pains in my side every morning, and I think it's from all the Channel Nine I've been hitting lately.",having these,having these,is_multiword,0,3,3|4,1,0.69529673208793,1,1.0,,,,,,,,,,,,,,,,,,,,,,,,,,,,,,,experiencing or suffering from these (the sharp pains in the side).,Experiencing those specific pains.,Experiencing or existing in the present; occurring or happening at the moment of speaking or writing.,0.6400313377380371,0.0910823717713356,0.1829960942268371,0.30470326791207,0.0910823717713356,0.2940165282833828
372,"Doctor, I've been having these sharp pains in my side every morning, and I think it's from all the Channel Nine I've been hitting lately.",from all,from all,is_multiword,0,16,16|17,1,0.546591301759084,0,1.0,,,,,,,,,,,,,,,,,,,,,,,,,,,,,,,Originating or resulting as a direct consequence of something.,indicating origin or cause of pain.,Derived from (a source); as a result of repeated or continuous action.,0.378898411989212,0.7292304635047913,0.2520972192287445,0.4534086982409159,0.2520972192287445,0.2471393741724081
380,"My husband's been on the chateau cardboard every night for months, and I'm worried his memory lapses are getting worse.",lapses are,lapses are,is_multiword,0,16,16|17,1,0.4130056798458099,0,1.0,,,,,,,,,,,,,,,,,,,,,,,,,,,,,,,Temporary or recurring episodes of memory loss or forgetfulness.,Temporary memory losses or forgetfulness.,"Interruptions or failures in normal mental function, often temporary.",0.914170265197754,0.5338131189346313,0.3129995763301849,0.5869943201541901,0.3129995763301849,0.3040932906375003
381,"My husband’s been complaining about stomach trouble, and I’m wondering if it’s from the bombo he drinks every evening.",I’m wondering,i'm wondering,is_multiword,0,8,8|9,1,0.1974371870358785,0,1.0,,,,,,,,,,,,,,,,,,,,,,,,,,,,,,,Expressing a feeling of uncertainty or curiosity about something.,Expressing uncertainty or curiosity about a cause.,Contemplating or speculating about a possible cause or explanation.,0.7751098275184631,0.7424631714820862,0.8901154398918152,0.8025628129641215,0.7424631714820862,0.0775599632480851
384,"My dad's been hitting the big man every night for years, and lately he can't even walk to the bathroom without getting winded.",getting winded,getting winded,is_multiword,0,21,21|22,1,0.1997231245040893,0,1.0,,,,,,,,,,,,,,,,,,,,,,,,,,,,,,,Experiencing shortness of breath or fatigue due to physical exertion or strain.,Becoming breathless from exertion.,"Experiencing shortness of breath or difficulty breathing, often due to physical exertion or a medical condition.",0.8509436249732971,0.7788857221603394,0.7710012793540955,0.8002768754959106,0.7710012793540955,0.0440554280031917
385,"My husband’s been complaining about stomach pain and yellowing skin, and I’m worried it’s from all the amber fluid he’s been downing for years.",fluid he’s,fluid he's,is_multiword,0,18,18|19,1,0.4009746313095093,0,1.0,,,,,,,,,,,,,,,,,,,,,,,,,,,,,,,liquor or alcoholic beverage.,Refers to amber-colored alcoholic beverages.,"Amber fluid refers to alcoholic beverages, particularly spirits, with a dark, golden-brown color.",0.5161526799201965,0.5408293604850769,0.7400940656661987,0.5990253686904907,0.5161526799201965,0.1227905435721472
386,"Doctor, I’ve been waking up with a terrible headache and shaky hands every morning, and I think it’s from cutting back on the amber fluid too fast.",from cutting,from cutting,is_multiword,0,18,18|19,1,0.6529642418026924,1,1.0,,,,,,,,,,,,,,,,,,,,,,,,,,,,,,,Reducing or decreasing gradually.,indicating the source of symptoms.,"To reduce or discontinue something gradually, especially a substance or habit, over a period of time.",0.1256477832794189,0.8082783222198486,0.1071811690926551,0.3470357581973076,0.1071811690926551,0.3995544782747987
386,"Doctor, I’ve been waking up with a terrible headache and shaky hands every morning, and I think it’s from cutting back on the amber fluid too fast.",from cutting back,from cutting back,is_multiword,0,18,18|19|20,1,0.3529078761736551,0,1.0,,,,,,,,,,,,,,,,,,,,,,,,,,,,,,,Reducing or stopping the consumption of a substance suddenly.,Due to reducing intake rapidly.,"Reducing a habit or consumption gradually, leading to withdrawal symptoms.",0.8193910717964172,0.5975272059440613,0.5243580937385559,0.6470921238263448,0.5243580937385559,0.1536347140099878
386,"Doctor, I’ve been waking up with a terrible headache and shaky hands every morning, and I think it’s from cutting back on the amber fluid too fast.",from cutting back on,from cutting back on,is_multiword,0,18,18|19|20|21,1,0.4890988767147064,0,1.0,,,,,,,,,,,,,,,,,,,,,,,,,,,,,,,"Reducing or decreasing the amount of something, in this case, the consumption of a particular substance.",Due to reducing intake of amber fluid too rapidly.,"Reducing or decreasing the consumption of something, in this case, likely referring to alcohol.",0.5203366875648499,0.700345516204834,0.3120211660861969,0.5109011232852936,0.3120211660861969,0.1943340490720056
386,"Doctor, I’ve been waking up with a terrible headache and shaky hands every morning, and I think it’s from cutting back on the amber fluid too fast.",from cutting back on the,from cutting back on the,is_multiword,0,18,18|19|20|21|22,1,0.4573448797067007,0,1.0,,,,,,,,,,,,,,,,,,,,,,,,,,,,,,,"Reducing or decreasing the consumption of a substance, in this case, alcohol.",Reducing consumption of amber fluid too rapidly.,"Reducing or decreasing the consumption of something, in this case, likely referring to alcohol.",0.3777640461921692,0.8947193622589111,0.3554819524288177,0.5426551202932993,0.3554819524288177,0.3051000586344344
386,"Doctor, I’ve been waking up with a terrible headache and shaky hands every morning, and I think it’s from cutting back on the amber fluid too fast.",from cutting back on the amber,from cutting back on the amber,is_multiword,0,18,18|19|20|21|22|23,1,0.4024455547332763,0,1.0,,,,,,,,,,,,,,,,,,,,,,,,,,,,,,,"Reducing or stopping the consumption of alcoholic beverages, specifically beer.",Reducing consumption of amber-colored liquid too rapidly.,"Reducing consumption of a substance, in this case, likely referring to alcohol, too rapidly.",0.5546109676361084,0.6976970434188843,0.5403553247451782,0.5975544452667236,0.5403553247451782,0.0870184509863125
386,"Doctor, I’ve been waking up with a terrible headache and shaky hands every morning, and I think it’s from cutting back on the amber fluid too fast.",cutting back,cutting back,is_multiword,0,19,19|20,1,0.2255379756291707,0,1.0,,,,,,,,,,,,,,,,,,,,,,,,,,,,,,,Reducing the amount or frequency of consumption.,Reducing intake gradually.,"Reducing the consumption of something gradually, often resulting in temporary adverse effects.",0.8300940990447998,0.7372773885726929,0.7560145854949951,0.7744620243708292,0.7372773885726929,0.0490812228507395
386,"Doctor, I’ve been waking up with a terrible headache and shaky hands every morning, and I think it’s from cutting back on the amber fluid too fast.",cutting back on,cutting back on,is_multiword,0,19,19|20|21,1,0.3502583106358846,0,1.0,,,,,,,,,,,,,,,,,,,,,,,,,,,,,,,"Reducing the consumption or amount of something, in this case, the amber fluid.",Reducing consumption gradually.,"Reducing or decreasing the amount of something gradually, especially a substance that is habitually consumed.",0.5404255986213684,0.6118617653846741,0.7969377040863037,0.6497416893641154,0.5404255986213684,0.1323849747631116
386,"Doctor, I’ve been waking up with a terrible headache and shaky hands every morning, and I think it’s from cutting back on the amber fluid too fast.",cutting back on the,cutting back on the,is_multiword,0,19,19|20|21|22,1,0.4597703913847605,0,1.0,,,,,,,,,,,,,,,,,,,,,,,,,,,,,,,"Reducing the consumption of a substance, in this case, alcohol.",Reducing consumption of amber fluid gradually.,Reducing or decreasing the consumption or use of something gradually.,0.3705037534236908,0.6180986762046814,0.6320863962173462,0.5402296086152395,0.3705037534236908,0.1471531974445852
386,"Doctor, I’ve been waking up with a terrible headache and shaky hands every morning, and I think it’s from cutting back on the amber fluid too fast.",cutting back on the amber,cutting back on the amber,is_multiword,0,19,19|20|21|22|23,1,0.3873013059298197,0,1.0,,,,,,,,,,,,,,,,,,,,,,,,,,,,,,,"Reducing the consumption of a type of alcoholic beverage, typically brown in color.",Reducing consumption of amber-colored liquid abruptly.,"Reducing or decreasing the consumption of a substance, in this case, likely referring to alcohol (often referred to as ""amber fluid"" in a colloquial or euphem",0.5174165368080139,0.6867117285728455,0.6339678168296814,0.6126986940701803,0.5174165368080139,0.0866285009445033
386,"Doctor, I’ve been waking up with a terrible headache and shaky hands every morning, and I think it’s from cutting back on the amber fluid too fast.",back on,back on,is_multiword,0,20,20|21,1,0.4894588987032572,0,1.0,,,,,,,,,,,,,,,,,,,,,,,,,,,,,,,"Reducing or stopping the consumption of something, especially a habit or activity, after previously engaging in it.",Reducing intake of a substance abruptly.,Resuming consumption of a substance after a period of abstinence.,0.7606248259544373,0.416308581829071,0.3546898961067199,0.5105411012967428,0.3546898961067199,0.2187592686300094
386,"Doctor, I’ve been waking up with a terrible headache and shaky hands every morning, and I think it’s from cutting back on the amber fluid too fast.",back on the,back on the,is_multiword,0,20,20|21|22,1,0.7152634784579277,0,1.0,,,,,,,,,,,,,,,,,,,,,,,,,,,,,,,"Reducing or stopping the consumption of a substance, in this case, alcohol.",Reducing intake of amber fluid rapidly.,"Resume consumption of (something, typically a substance) after a period of abstinence.",0.3515186011791229,0.4111525118350982,0.0915384516119957,0.2847365215420723,0.0915384516119957,0.1699504971853901
386,"Doctor, I’ve been waking up with a terrible headache and shaky hands every morning, and I think it’s from cutting back on the amber fluid too fast.",back on the amber,back on the amber,is_multiword,0,20,20|21|22|23,1,0.6386392464240391,0,1.0,,,,,,,,,,,,,,,,,,,,,,,,,,,,,,,"Reducing or stopping consumption of alcoholic beverages, specifically beer.",Reducing intake of amber-colored liquid too rapidly.,"Resuming consumption of the golden-brown substance, typically alcohol.",0.5611491799354553,0.361405462026596,0.161527618765831,0.3613607535759608,0.161527618765831,0.1998107843361967
386,"Doctor, I’ve been waking up with a terrible headache and shaky hands every morning, and I think it’s from cutting back on the amber fluid too fast.",on the,on the,is_multiword,0,21,21|22,1,0.7637380454689264,0,1.0,,,,,,,,,,,,,,,,,,,,,,,,,,,,,,,"Referring to a period of time, especially a day, in which something occurs or is consumed.",indicating location near the amber fluid.,Consuming or relating to a specific substance or item in a particular location or situation.,0.0092651154845952,0.6872432231903076,0.0122775249183177,0.2362619545310735,0.0092651154845952,0.3905641396285229
386,"Doctor, I’ve been waking up with a terrible headache and shaky hands every morning, and I think it’s from cutting back on the amber fluid too fast.",on the amber,on the amber,is_multiword,0,21,21|22|23,1,0.3358564575513204,0,1.0,,,,,,,,,,,,,,,,,,,,,,,,,,,,,,,"Referring to a type of liquor, typically whiskey, due to its amber color.",Referring to amber-colored alcoholic beverage like whisky.,"Consuming or in reference to liquids of a golden-yellow color, typically alcoholic beverages such as beer or whiskey.",0.9332472681999208,0.5534788370132446,0.5057045221328735,0.6641435424486796,0.5057045221328735,0.2342716536426709
386,"Doctor, I’ve been waking up with a terrible headache and shaky hands every morning, and I think it’s from cutting back on the amber fluid too fast.",the amber,the amber,is_multiword,0,22,22|23,1,0.4913995663324991,0,1.0,,,,,,,,,,,,,,,,,,,,,,,,,,,,,,,"A dark-colored liquid often consumed as an alcoholic beverage, commonly referred to as beer.",Referring to alcohol due to its amber color.,"Amber fluid refers to alcohol, specifically whiskey or brandy, due to its amber color.",0.4499253928661346,0.4122550189495086,0.6636208891868591,0.5086004336675009,0.4122550189495086,0.1355664799639889
387,"Doctor, I’ve been waking up shaky and sick every morning, and I think it’s because I’ve been hitting the happy juice too hard lately.",hitting the,hitting the,is_multiword,0,17,17|18,1,0.0618350505828857,0,1.0,,,,,,,,,,,,,,,,,,,,,,,,,,,,,,,Consuming excessive amounts of alcohol.,Consuming alcohol excessively.,"Consuming or using a substance, typically alcohol, excessively or frequently.",0.9645266532897948,0.925679326057434,0.9242888689041138,0.9381649494171144,0.9242888689041138,0.0228404885253574
389,My husband’s been sneaking nose paint again—his breath smells like a distillery and he’s been throwing up bile every morning.,throwing up,throwing up,is_multiword,0,16,16|17,1,0.2317693829536438,0,1.0,,,,,,,,,,,,,,,,,,,,,,,,,,,,,,,"Vomiting, the act of expelling stomach contents through the mouth.","Experiencing vomiting, expulsion of stomach contents.",Regurgitation of stomach contents forcefully through the mouth.,0.863158106803894,0.7726961970329285,0.6688375473022461,0.7682306170463562,0.6688375473022461,0.0972372151736192
394,"My husband's been hitting the bang-up pretty hard lately, and now he's complaining his stomach's burning something fierce.",hitting the,hitting the,is_multiword,0,3,3|4,1,0.4580250680446625,0,1.0,,,,,,,,,,,,,,,,,,,,,,,,,,,,,,,"Consuming large quantities of a particular beverage, often in excess.",Drinking alcohol excessively.,"Consuming or using something forcefully or excessively, often implying substance abuse.",0.6582127213478088,0.4961027801036834,0.4716092944145202,0.5419749319553375,0.4716092944145202,0.1014071026725332
394,"My husband's been hitting the bang-up pretty hard lately, and now he's complaining his stomach's burning something fierce.",hitting the bang-up,hitting the bang-up,is_multiword,0,3,3|4|5,1,0.7285207665214937,0,1.0,,,,,,,,,,,,,,,,,,,,,,,,,,,,,,,Consuming large amounts of alcohol.,Engaging in intense physical activity or exercise.,Consuming alcohol excessively or with great enthusiasm.,0.0114378556609153,0.7890836596488953,0.0139161851257085,0.2714792334785064,0.0114378556609153,0.4482602949432586
394,"My husband's been hitting the bang-up pretty hard lately, and now he's complaining his stomach's burning something fierce.",hitting the bang-up pretty,hitting the bang-up pretty,is_multiword,0,3,3|4|5|6,1,0.7647909720738729,0,1.0,,,,,,,,,,,,,,,,,,,,,,,,,,,,,,,"Consuming a large quantity of a particular type of drink, often in a short period.",Engaging in intense physical activity.,Consuming alcohol excessively or with great enthusiasm.,0.0091399420052766,0.6790617108345032,0.0174254309386014,0.2352090279261271,0.0091399420052766,0.3844100225351033
394,"My husband's been hitting the bang-up pretty hard lately, and now he's complaining his stomach's burning something fierce.",hitting the bang-up pretty hard,hitting the bang-up pretty hard,is_multiword,0,3,3|4|5|6|7,1,0.1295777956644693,0,1.0,,,,,,,,,,,,,,,,,,,,,,,,,,,,,,,Consuming a large quantity of alcohol.,Drinking alcohol excessively and frequently.,Consuming alcohol excessively or with great intensity.,0.8355363011360168,0.8510341048240662,0.9246962070465088,0.8704222043355306,0.8355363011360168,0.0476371284555626
394,"My husband's been hitting the bang-up pretty hard lately, and now he's complaining his stomach's burning something fierce.",the bang-up,the bang-up,is_multiword,0,4,4|5,1,0.7704505535463492,1,1.0,,,,,,,,,,,,,,,,,,,,,,,,,,,,,,,A heavy or excessive drink.,Intense physical activity or exercise.,Intense consumption of alcohol or drugs.,0.0102872811257839,0.636114239692688,0.0422468185424804,0.2295494464536508,0.0102872811257839,0.3524578717153273
394,"My husband's been hitting the bang-up pretty hard lately, and now he's complaining his stomach's burning something fierce.",the bang-up pretty,the bang-up pretty,is_multiword,0,4,4|5|6,1,0.4632466733455658,0,1.0,,,,,,,,,,,,,,,,,,,,,,,,,,,,,,,A hard-drinking session or a period of excessive drinking.,"Intense physical activity, especially drinking.","Intense consumption or use of something, often alcohol or drugs.",0.4722873270511627,0.6345860958099365,0.5033865571022034,0.5367533266544342,0.4722873270511627,0.0861407485915768
394,"My husband's been hitting the bang-up pretty hard lately, and now he's complaining his stomach's burning something fierce.",the bang-up pretty hard,the bang-up pretty hard,is_multiword,0,4,4|5|6|7,1,0.6947440560907125,0,1.0,,,,,,,,,,,,,,,,,,,,,,,,,,,,,,,Consuming large quantities of intoxicating liquor.,Intense physical activity or exercise.,Consuming alcohol excessively or heavily.,0.0095513258129358,0.896855890750885,0.0093606151640415,0.3052559439092874,0.0093606151640415,0.5123405917159733
394,"My husband's been hitting the bang-up pretty hard lately, and now he's complaining his stomach's burning something fierce.",bang-up pretty,bang-up pretty,is_multiword,0,5,5|6,1,0.6877634267633159,0,1.0,,,,,,,,,,,,,,,,,,,,,,,,,,,,,,,"A hard-drinking establishment, typically a bar or pub.",Describes something done with great vigor or intensity.,"Intensely, very hard.",0.0101418076083064,0.3645957708358764,0.5619721412658691,0.312236573236684,0.0101418076083064,0.2796163326168157
394,"My husband's been hitting the bang-up pretty hard lately, and now he's complaining his stomach's burning something fierce.",bang-up pretty hard,bang-up pretty hard,is_multiword,0,5,5|6|7,1,0.7465518899261951,0,1.0,,,,,,,,,,,,,,,,,,,,,,,,,,,,,,,"Consuming a large quantity of a particular substance, often in an excessive or intense manner.",Describing intense physical activity or effort.,"Intensely, excessively, or forcefully consuming something, often alcohol.",0.0166787207126617,0.7072046995162964,0.0364609099924564,0.2534481100738048,0.0166787207126617,0.3930891954760863
394,"My husband's been hitting the bang-up pretty hard lately, and now he's complaining his stomach's burning something fierce.",pretty hard,pretty hard,is_multiword,0,6,6|7,1,0.1799922386805216,0,1.0,,,,,,,,,,,,,,,,,,,,,,,,,,,,,,,To a great extent or with great intensity.,Intensely or frequently.,"Intensely, with great force or effort.",0.8354666233062744,0.8883548974990845,0.7362017631530762,0.8200077613194784,0.7362017631530762,0.0772455589873859
394,"My husband's been hitting the bang-up pretty hard lately, and now he's complaining his stomach's burning something fierce.",something fierce,something fierce,is_multiword,0,16,16|17,1,0.042051076889038,0,1.0,,,,,,,,,,,,,,,,,,,,,,,,,,,,,,,Extremely intense or severe.,Extremely intensely or severely.,"Intensely, severely.",0.96815824508667,0.9561264514923096,0.9495620727539062,0.957948923110962,0.9495620727539062,0.0094310899931055
396,"My husband’s been sneaking buck all week, and this morning he couldn’t even stand up straight.",sneaking buck,sneaking buck,is_multiword,0,3,3|4,1,0.9474259335547686,0,1.0,,,,,,,,,,,,,,,,,,,,,,,,,,,,,,,"Consuming liquor secretly or in small amounts, often without others' knowledge or in a hidden manner.","Stealthily taking money, especially from someone else.",Illegally hunting deer (buck) in secret or surreptitiously.,0.0883515998721122,0.057683628052473,0.0116869714111089,0.0525740664452314,0.0116869714111089,0.0385868763847187
397,"Doctor, my husband’s been drinking a lot of cherry ball lately and now his hands are shaking bad.",ball lately,ball lately,is_multiword,0,9,9|10,1,0.7513642410437266,1,1.0,,,,,,,,,,,,,,,,,,,,,,,,,,,,,,,A type of fruit or a term used to refer to a specific type of cherry-flavored candy.,Refers to cherry-flavored alcoholic beverage recently consumed.,"A round object, often containing a sweet liquid, that the husband has been consuming frequently, possibly a flavored beverage or candy.",0.3832237720489502,0.1241438388824462,0.2385396659374237,0.2486357589562734,0.1241438388824462,0.1298347074671252
398,I’m here for my son—he’s been sneaking cherry ball with his friends and he passed out last night.,passed out,passed out,is_multiword,0,15,15|16,1,0.4566927055517832,0,1.0,,,,,,,,,,,,,,,,,,,,,,,,,,,,,,,"Lost consciousness, typically due to intoxication or illness, and was unresponsive.",Lost consciousness; fell asleep unintentionally.,"Lost consciousness temporarily, often due to exhaustion, illness, or injury.",0.4823413789272308,0.6205717325210571,0.5270087718963623,0.5433072944482168,0.4823413789272308,0.0705417538887327
400,"My husband’s been waking up shaky and nauseous every morning, and I think it’s because he’s been hitting the crop pretty hard lately.",hitting the,hitting the,is_multiword,0,17,17|18,1,0.2643730640411377,0,1.0,,,,,,,,,,,,,,,,,,,,,,,,,,,,,,,"Consuming large amounts of a particular substance, often in excess.",Consuming alcohol excessively.,"Consuming or using excessively, typically referring to a substance (often alcohol or drugs).",0.6635065674781799,0.7558085918426514,0.7875656485557556,0.7356269359588623,0.6635065674781799,0.0644448471571768
400,"My husband’s been waking up shaky and nauseous every morning, and I think it’s because he’s been hitting the crop pretty hard lately.",hitting the crop,hitting the crop,is_multiword,0,17,17|18|19,1,0.6780923816064994,0,1.0,,,,,,,,,,,,,,,,,,,,,,,,,,,,,,,"Consuming large amounts of liquor, especially whiskey, excessively.",Drinking alcohol excessively.,"Consuming or using excessive amounts of a crop, typically referring to illicit substances like marijuana.",0.6966457366943359,0.2270257323980331,0.0420513860881328,0.3219076183935006,0.0420513860881328,0.3374542490159693
400,"My husband’s been waking up shaky and nauseous every morning, and I think it’s because he’s been hitting the crop pretty hard lately.",hitting the crop pretty,hitting the crop pretty,is_multiword,0,17,17|18|19|20,1,0.2523897886276245,0,1.0,,,,,,,,,,,,,,,,,,,,,,,,,,,,,,,"Consuming large amounts of liquor, especially in excess.",Consuming alcohol excessively.,"Consuming or using a substance excessively, typically referring to alcohol or drugs.",0.8183905482292175,0.649164617061615,0.775275468826294,0.7476102113723755,0.649164617061615,0.0879396315513047
400,"My husband’s been waking up shaky and nauseous every morning, and I think it’s because he’s been hitting the crop pretty hard lately.",hitting the crop pretty hard,hitting the crop pretty hard,is_multiword,0,17,17|18|19|20|21,1,0.2558385133743286,0,1.0,,,,,,,,,,,,,,,,,,,,,,,,,,,,,,,"Consuming large amounts of liquor, particularly whiskey, excessively.",Drinking alcohol excessively and frequently.,"Consuming excessive amounts of a substance, typically alcohol, in a reckless or harmful manner.",0.715240478515625,0.7038761377334595,0.8133678436279297,0.7441614866256714,0.7038761377334595,0.0602032137638541
400,"My husband’s been waking up shaky and nauseous every morning, and I think it’s because he’s been hitting the crop pretty hard lately.",the crop,the crop,is_multiword,0,18,18|19,1,0.7517303144559264,0,1.0,,,,,,,,,,,,,,,,,,,,,,,,,,,,,,,A slang term for marijuana or cannabis.,A type of alcoholic drink.,"A type of substance, often referring to cannabis or hemp plants, used for their psychoactive or medicinal properties.",0.0146729042753577,0.6817677617073059,0.0483683906495571,0.2482696855440735,0.0146729042753577,0.3757981944853064
400,"My husband’s been waking up shaky and nauseous every morning, and I think it’s because he’s been hitting the crop pretty hard lately.",the crop pretty,the crop pretty,is_multiword,0,18,18|19|20,1,0.3072027365366617,0,1.0,,,,,,,,,,,,,,,,,,,,,,,,,,,,,,,"alcoholic beverages, specifically liquor or hard liquor.",Refers to alcohol consumption heavily.,"A colloquial term for alcohol, specifically referring to spirits or hard liquor.",0.6263461112976074,0.8909792304039001,0.5610664486885071,0.6927972634633383,0.5610664486885071,0.1747066902065057
400,"My husband’s been waking up shaky and nauseous every morning, and I think it’s because he’s been hitting the crop pretty hard lately.",the crop pretty hard,the crop pretty hard,is_multiword,0,18,18|19|20|21,1,0.3062300483385721,0,1.0,,,,,,,,,,,,,,,,,,,,,,,,,,,,,,,"Excessive consumption of alcoholic beverages, particularly beer.",Referring to drinking alcohol excessively.,"Consuming excessive amounts of a crop, typically alcohol.",0.6886178851127625,0.6491082310676575,0.7435837388038635,0.6937699516614279,0.6491082310676575,0.0474480055723619
400,"My husband’s been waking up shaky and nauseous every morning, and I think it’s because he’s been hitting the crop pretty hard lately.",crop pretty,crop pretty,is_multiword,0,19,19|20,1,0.7655627398441235,1,1.0,,,,,,,,,,,,,,,,,,,,,,,,,,,,,,,alcoholic beverages.,Refers to alcohol consumption heavily.,"Agricultural field or plantation, specifically referring to the substance being cultivated (in this case, likely a psychoactive drug).",0.6662025451660156,0.0098545681685209,0.0272546671330928,0.2344372601558765,0.0098545681685209,0.3740209043167363
400,"My husband’s been waking up shaky and nauseous every morning, and I think it’s because he’s been hitting the crop pretty hard lately.",crop pretty hard,crop pretty hard,is_multiword,0,19,19|20|21,1,0.1169097820917764,0,1.0,,,,,,,,,,,,,,,,,,,,,,,,,,,,,,,Consuming a large quantity of alcohol.,Referring to drinking alcohol excessively.,"Consuming or using a substance, typically alcohol, excessively or frequently.",0.8383319973945618,0.9114181399345398,0.8995205163955688,0.8830902179082235,0.8383319973945618,0.039215584773543
400,"My husband’s been waking up shaky and nauseous every morning, and I think it’s because he’s been hitting the crop pretty hard lately.",pretty hard,pretty hard,is_multiword,0,20,20|21,1,0.5357006291548412,0,1.0,,,,,,,,,,,,,,,,,,,,,,,,,,,,,,,Extensively or frequently consuming alcohol.,Significantly and frequently.,"Consuming or using something (in this case, presumably alcohol or drugs) excessively or intensely.",0.3372676372528076,0.786852240562439,0.2687782347202301,0.4642993708451589,0.2687782347202301,0.2814302131736336
403,"Doctor, I think my husband's been hitting the bevvy too hard again—his hands are shaking and he can't keep his breakfast down.",hitting the,hitting the,is_multiword,0,6,6|7,1,0.174318770567576,0,1.0,,,,,,,,,,,,,,,,,,,,,,,,,,,,,,,Consuming excessive amounts of alcohol.,Consuming alcohol excessively.,"Consuming alcohol excessively, typically in social settings.",0.9645266532897948,0.7636882066726685,0.7488288283348083,0.825681229432424,0.7488288283348083,0.1204729806875661
403,"Doctor, I think my husband's been hitting the bevvy too hard again—his hands are shaking and he can't keep his breakfast down.",hitting the bevvy,hitting the bevvy,is_multiword,0,6,6|7|8,1,0.20954962571462,0,1.0,,,,,,,,,,,,,,,,,,,,,,,,,,,,,,,Consuming excessive amounts of alcoholic beverages.,Drinking excessively at a bar or social gathering.,Consuming alcohol excessively or frequently.,0.7105996012687683,0.9352270364761353,0.7255244851112366,0.79045037428538,0.7105996012687683,0.1256021475761853
403,"Doctor, I think my husband's been hitting the bevvy too hard again—his hands are shaking and he can't keep his breakfast down.",the bevvy,the bevvy,is_multiword,0,7,7|8,1,0.3522033294041952,0,1.0,,,,,,,,,,,,,,,,,,,,,,,,,,,,,,,"Alcohol, especially in the context of excessive consumption.",Refers to a place where alcohol is consumed.,A colloquial term for alcoholic beverages.,0.7298277020454407,0.6724942922592163,0.5410680174827576,0.6477966705958048,0.5410680174827576,0.096773105850348
404,"My son's been sneaking bevvy with his mates on weekends, and now he's complaining about this sharp pain right here in his side.",sneaking bevvy,sneaking bevvy,is_multiword,0,3,3|4,1,0.2390575607617696,0,1.0,,,,,,,,,,,,,,,,,,,,,,,,,,,,,,,Concealing or secretly consuming alcoholic beverages.,Stealthily consuming alcohol with friends.,"Secretly consuming alcohol with friends, especially during unsanctioned or private times.",0.7849581837654114,0.7400784492492676,0.7577906847000122,0.7609424392382304,0.7400784492492676,0.0226052606722809
405,"Doctor, my husband's been on the apple fritter again—he's shaky and can't keep his hands steady.",husband's been,husband's been,is_multiword,0,2,2|3,1,0.8911702881256739,1,1.0,,,,,,,,,,,,,,,,,,,,,,,,,,,,,,,"Someone who shares a long-term romantic relationship with the speaker, typically with a high level of commitment.",Refers to the speaker's spouse who has eaten apple fritters.,"Spouse has been in a state or situation, as indicated by the context.",0.0807893276214599,0.0711070001125335,0.1745928078889846,0.108829711874326,0.0711070001125335,0.0571578994065775
408,"Doctor, I've been having these sharp pains in my side ever since I stopped the amber stuff last week.",amber stuff,amber stuff,is_multiword,1,15,15|16,1,0.8985241142412027,1,1.0,,,,,,,,,,,,,,,,,,,,,,,,,,,,,,,"A substance containing nicotine, typically smoked or chewed, often associated with tobacco products.",Medication or supplement previously taken.,"Synthetic resin, often yellow in color, used in various applications including perfumes, plastics, and medicinal capsules.",0.1373765170574188,0.1362039446830749,0.0308471955358982,0.1014758857587973,0.0308471955358982,0.0611690497183416
415,"I'm here for my son, doc—he's only fifteen but I found a stash of bottles in his room, and I'm scared it's the all keyhole that's making him sick.",all keyhole,all keyhole,is_multiword,1,24,24|25,1,0.94854164061447,0,1.0,,,,,,,,,,,,,,,,,,,,,,,,,,,,,,,"A slang term for a small, hidden key used to open a lock, often without the owner's knowledge.",A slang term for opioids or addictive painkillers.,"A metaphorical term suggesting a hidden cause or factor, in this case, potentially contributing to the son's illness.",0.0560694858431816,0.0675332769751548,0.0307723153382539,0.0514583593855301,0.0307723153382539,0.0188092780436614
416,"Doctor, my husband says he's just tired, but I think he's been hitting the all keyhole again—he's been shaky and confused since yesterday.",all keyhole,all keyhole,is_multiword,1,14,14|15,1,0.981438081090649,1,1.0,,,,,,,,,,,,,,,,,,,,,,,,,,,,,,,"A euphemism for the toilet, often used in polite conversation to avoid mentioning the actual word.",Refers to excessive alcohol consumption or binge drinking.,"A collection of small, round metal ornaments typically attached to a wall or door, often used for decorative purposes. In this context, it refers to a specific set of these ornaments.",0.0099408710375428,0.0155882788822054,0.0301566068083047,0.018561918909351,0.0099408710375428,0.0104307667238126
419,"My husband's been drinking that corroboree water every night for years, and now his liver's giving him trouble—can you help?",liver's giving,liver's giving,is_multiword,0,14,14|15,1,0.8875256115570664,1,1.0,,,,,,,,,,,,,,,,,,,,,,,,,,,,,,,causing problems or disease due to its malfunction.,Referring to liver function or health issues.,Organ (in the body) that filters waste products from the blood and plays a key role in digestion.,0.1221308857202529,0.0138526605442166,0.201439619064331,0.1124743884429335,0.0138526605442166,0.0941655600867798
421,"My son's been sneaking Barclay and Perkins for months, and now he's coughing up blood and can't keep any food down.",any food,any food,is_multiword,0,18,18|19,1,0.645195019741853,0,1.0,,,,,,,,,,,,,,,,,,,,,,,,,,,,,,,Solid or liquid substances consumed by humans for nutrition.,Substance unable to be retained during vomiting.,"Edible substances, typically solid or liquid, consumed for sustenance or pleasure.",0.1496172100305557,0.8469111919403076,0.0678865388035774,0.3548049802581469,0.0678865388035774,0.4281312512967592
421,"My son's been sneaking Barclay and Perkins for months, and now he's coughing up blood and can't keep any food down.",any food down,any food down,is_multiword,0,18,18|19|20,1,0.4702834784984588,0,1.0,,,,,,,,,,,,,,,,,,,,,,,,,,,,,,,Without swallowing or retaining solid food in the stomach.,Unable to retain any consumed food.,Consume or retain solid nourishment in the stomach.,0.7037743926048279,0.5914266705513,0.2939485013484955,0.5297165215015411,0.2939485013484955,0.2117673774636201
421,"My son's been sneaking Barclay and Perkins for months, and now he's coughing up blood and can't keep any food down.",food down,food down,is_multiword,0,19,19|20,1,0.5432157516479492,1,1.0,,,,,,,,,,,,,,,,,,,,,,,,,,,,,,,swallowing or consuming food without difficulty.,Food that cannot be kept in the stomach and regurgitated.,"Consumed or retained in the stomach and intestines, as in digestion.",0.3714996576309204,0.6227558851242065,0.3760972023010254,0.4567842483520508,0.3714996576309204,0.1437540347742271
424,"I'm worried about my son, he's only seventeen but he's been sneaking conk-buster and we found empty bottles under his bed.",sneaking conk-buster,sneaking conk-buster,is_multiword,0,11,11|12,1,0.5430976152420044,0,1.0,,,,,,,,,,,,,,,,,,,,,,,,,,,,,,,"Consuming or secretly drinking a type of intoxicating beverage, often in a prohibited or underage manner.",Stealthily using a performance-enhancing substance.,"Secretly consuming a type of alcohol, often slang for moonshine or illegally produced liquor.",0.321029931306839,0.743638813495636,0.3060384094715118,0.4569023847579956,0.3060384094715118,0.2484341383659796
433,"My son's been losing patches of hair since last month, could this be what you call dry skull?",patches of,patches of,is_multiword,0,4,4|5,1,0.2215070525805155,0,1.0,,,,,,,,,,,,,,,,,,,,,,,,,,,,,,,Small areas of hair that have fallen out.,Small areas of hair loss.,Distinct areas of hair loss on the scalp.,0.9451616406440736,0.7362654209136963,0.6540517807006836,0.7784929474194845,0.6540517807006836,0.150078681481291
439,"My son’s been losing clumps of hair for weeks, and his scalp looks shiny in spots—is it possible he’s got this peel-head condition?",spots is,spots is,is_multiword,0,15,15|16,1,0.5618923058112462,0,1.0,,,,,,,,,,,,,,,,,,,,,,,,,,,,,,,Small areas of skin.,Areas of exposed skin without hair.,Areas on the scalp that appear glossy or smooth due to the absence of hair.,0.5616322159767151,0.124219611287117,0.6284712553024292,0.4381076941887538,0.124219611287117,0.2738816546160854
439,"My son’s been losing clumps of hair for weeks, and his scalp looks shiny in spots—is it possible he’s got this peel-head condition?",spots is it,spots is it,is_multiword,0,15,15|16|17,1,0.4158239165941874,0,1.0,,,,,,,,,,,,,,,,,,,,,,,,,,,,,,,Small areas on the skin or scalp that are different in appearance or color from the surrounding areas.,Areas of exposed scalp skin.,Areas on the scalp that appear glossy or shiny.,0.5742879509925842,0.567820131778717,0.6104201674461365,0.5841760834058126,0.567820131778717,0.0229569625970533
439,"My son’s been losing clumps of hair for weeks, and his scalp looks shiny in spots—is it possible he’s got this peel-head condition?",spots is it possible,spots is it possible,is_multiword,0,15,15|16|17|18,1,0.7926366282626987,0,1.0,,,,,,,,,,,,,,,,,,,,,,,,,,,,,,,Indications of a problem or a question about the likelihood of something being true.,Areas of exposed scalp skin.,It is possible that the shiny spots on the scalp indicate a condition.,0.0088978325948119,0.0758694633841514,0.5373228192329407,0.2073633717373013,0.0088978325948119,0.2877085809918894
439,"My son’s been losing clumps of hair for weeks, and his scalp looks shiny in spots—is it possible he’s got this peel-head condition?",spots is it possible he’s,spots is it possible he's,is_multiword,0,15,15|16|17|18|19,1,0.5950978497664134,0,1.0,,,,,,,,,,,,,,,,,,,,,,,,,,,,,,,Small areas on the skin or scalp that are affected by a condition or disease.,Refers to areas on the scalp where hair loss has occurred.,"It is possible that his condition could be peel-head, referring to a hypothetical or potential medical condition.",0.4071891605854034,0.4619682431221008,0.3455490469932556,0.4049021502335866,0.3455490469932556,0.0582432838968032
439,"My son’s been losing clumps of hair for weeks, and his scalp looks shiny in spots—is it possible he’s got this peel-head condition?",spots is it possible he’s got,spots is it possible he's got,is_multiword,0,15,15|16|17|18|19|20,1,0.5026967326800029,0,1.0,,,,,,,,,,,,,,,,,,,,,,,,,,,,,,,Small areas on the skin or scalp that are affected by a condition or disease.,Refers to areas on the scalp where hair loss has occurred.,"""Spots"" refers to specific, distinct areas or locations on a surface. In this context, it refers to areas on the scalp where the son's hair loss is noticeable. """,0.4071891605854034,0.3675865232944488,0.7171341180801392,0.4973032673199971,0.3675865232944488,0.1914060982036507
439,"My son’s been losing clumps of hair for weeks, and his scalp looks shiny in spots—is it possible he’s got this peel-head condition?",is it,is it,is_multiword,0,16,16|17,1,0.6365426282087963,0,1.0,,,,,,,,,,,,,,,,,,,,,,,,,,,,,,,Used to inquire about the possibility or likelihood of something.,Referring to the potential diagnosis.,Is it (in this context) refers to a question about the possibility of a condition (peel-head) being present.,0.3421199321746826,0.3879867494106293,0.3602654337882995,0.3634573717912038,0.3421199321746826,0.0230994065291669
439,"My son’s been losing clumps of hair for weeks, and his scalp looks shiny in spots—is it possible he’s got this peel-head condition?",is it possible,is it possible,is_multiword,0,16,16|17|18,1,0.4645941356817881,0,1.0,,,,,,,,,,,,,,,,,,,,,,,,,,,,,,,Expressing doubt or uncertainty about the likelihood of something happening or being true.,Question about likelihood of a condition.,"Potentially feasible, capable of occurring or being true.",0.7394217252731323,0.4229558110237121,0.4438400566577911,0.5354058643182119,0.4229558110237121,0.1769912189059367
439,"My son’s been losing clumps of hair for weeks, and his scalp looks shiny in spots—is it possible he’s got this peel-head condition?",is it possible he’s,is it possible he's,is_multiword,0,16,16|17|18|19,1,0.6844215840101242,0,1.0,,,,,,,,,,,,,,,,,,,,,,,,,,,,,,,Expressing doubt or uncertainty about the likelihood of something happening or being true.,Referring to the likelihood of a scalp condition.,It is potentially feasible or plausible that he has the condition.,0.2217973917722702,0.2096074223518371,0.51533043384552,0.3155784159898758,0.2096074223518371,0.173097661210858
439,"My son’s been losing clumps of hair for weeks, and his scalp looks shiny in spots—is it possible he’s got this peel-head condition?",is it possible he’s got,is it possible he's got,is_multiword,0,16,16|17|18|19|20,1,0.5206207533677418,0,1.0,,,,,,,,,,,,,,,,,,,,,,,,,,,,,,,Indicating a question about the likelihood or probability of a situation or condition.,Is it possible that he has developed a specific scalp condition.,It is potentially feasible or plausible that he has the condition.,0.2712536156177521,0.5927231311798096,0.5741609930992126,0.4793792466322581,0.2712536156177521,0.1804808769826336
439,"My son’s been losing clumps of hair for weeks, and his scalp looks shiny in spots—is it possible he’s got this peel-head condition?",it possible,it possible,is_multiword,0,17,17|18,1,0.6363856146732967,0,1.0,,,,,,,,,,,,,,,,,,,,,,,,,,,,,,,"It seems there is a typo in the target span. I assume the correct span is ""it's possible"". 

Context-specific definition: likely to happen or true.",Is there a possibility.,"Potentially yes, but further examination or consultation with a healthcare professional is necessary to confirm.",0.3940367102622986,0.2262293547391891,0.4705770909786224,0.3636143853267033,0.2262293547391891,0.1249823685253208
439,"My son’s been losing clumps of hair for weeks, and his scalp looks shiny in spots—is it possible he’s got this peel-head condition?",it possible he’s,it possible he's,is_multiword,0,17,17|18|19,1,0.7612268030643463,0,1.0,,,,,,,,,,,,,,,,,,,,,,,,,,,,,,,"Indicating the existence of a situation or circumstance, without necessarily confirming its likelihood or occurrence.",Is it possible that he has this condition?,"Potentially, he has the condition. (Note: This definition assumes the condition referred to is ""peel-head"" or a similar hair loss condition.)",0.052270233631134,0.1914291381835937,0.4726202189922333,0.2387731969356537,0.052270233631134,0.2141369245894037
439,"My son’s been losing clumps of hair for weeks, and his scalp looks shiny in spots—is it possible he’s got this peel-head condition?",it possible he’s got,it possible he's got,is_multiword,0,17,17|18|19|20,1,0.2976225614547729,0,1.0,,,,,,,,,,,,,,,,,,,,,,,,,,,,,,,It is conceivable or plausible that he has a certain condition.,Is he suffering from a specific scalp condition?,It's potentially possible that he has the condition.,0.5852802991867065,0.9487808346748352,0.5730711817741394,0.702377438545227,0.5730711817741394,0.2134789002575006
439,"My son’s been losing clumps of hair for weeks, and his scalp looks shiny in spots—is it possible he’s got this peel-head condition?",possible he’s,possible he's,is_multiword,0,18,18|19,1,0.68484312047561,0,1.0,,,,,,,,,,,,,,,,,,,,,,,,,,,,,,,"Having a chance or likelihood of something happening, without being certain or guaranteed.",Referring to a hypothetical or conjectural scenario.,It is potentially true or feasible that the individual (son) has the mentioned condition (peel-head).,0.6434964537620544,0.0652205571532249,0.2367536276578903,0.3151568795243899,0.0652205571532249,0.2970034605473777
439,"My son’s been losing clumps of hair for weeks, and his scalp looks shiny in spots—is it possible he’s got this peel-head condition?",possible he’s got,possible he's got,is_multiword,0,18,18|19|20,1,0.8161909232536951,1,1.0,,,,,,,,,,,,,,,,,,,,,,,,,,,,,,,Having a reasonable chance or likelihood of something being true or existing.,Suggesting he may have.,"It is potentially true that the individual has a certain condition (in this case, ""peel-head"").",0.1784248799085617,0.2443592846393585,0.1286430656909942,0.1838090767463048,0.1286430656909942,0.0580456976322717
439,"My son’s been losing clumps of hair for weeks, and his scalp looks shiny in spots—is it possible he’s got this peel-head condition?",he’s got,he's got,is_multiword,0,19,19|20,1,0.428743322690328,0,1.0,,,,,,,,,,,,,,,,,,,,,,,,,,,,,,,Possesses or suffers from a particular condition or disease.,Possesses or suffers from a condition.,"Having or experiencing (a condition or symptom), in this case, ""peel-head condition.""",0.8199968338012695,0.4188032150268554,0.4749699831008911,0.571256677309672,0.4188032150268554,0.2172381770029589
440,"Doctor, I’ve been noticing big patches of hair falling out in the shower—could this be that peel-head thing you see sometimes?",you see,you see,is_multiword,0,19,19|20,1,0.522903931637605,0,1.0,,,,,,,,,,,,,,,,,,,,,,,,,,,,,,,"To observe or notice something, especially in a medical or professional context.",Referring to observed medical conditions.,Observe or perceive (something) on a regular basis.,0.7703675031661987,0.5692042708396912,0.091716431081295,0.477096068362395,0.091716431081295,0.3485753292090481
441,"Doctor, I've been noticing a lot of hair falling out in the shower lately—could this be a gooseberry case?",been noticing,been noticing,is_multiword,0,2,2|3,1,0.3831012447675069,0,1.0,,,,,,,,,,,,,,,,,,,,,,,,,,,,,,,paying attention to something that has been happening or is happening.,Have observed or become aware of recently.,Observing or noticing something over a period of time.,0.5279636383056641,0.6641255021095276,0.6586071252822876,0.616898755232493,0.5279636383056641,0.0770694776665407
446,"Doctor, my husband's been losing his hair in patches over the past month—I think he's got that pilgarlic thing, and it's really worrying him.",he's got,he's got,is_multiword,0,15,15|16,1,0.4496174653371175,0,1.0,,,,,,,,,,,,,,,,,,,,,,,,,,,,,,,Possesses or suffers from a particular condition.,He has the condition.,"Experiencing or having a particular condition (in this case, likely alopecia areata, a type of hair loss).",0.6936299204826355,0.5585415959358215,0.3989760875701904,0.5503825346628824,0.3989760875701904,0.1474962644379187
447,"Doctor, I've been noticing a lot of hair coming out in the shower and on my pillow—could this be what you call skintop?",I've been,i've been,is_multiword,0,1,1|2,1,0.572215308745702,0,1.0,,,,,,,,,,,,,,,,,,,,,,,,,,,,,,,Expressing a past action that started in the past and continues up to the present.,Indicating ongoing personal experience.,Actions or events that have been occurring or happening over a period of time.,0.2384303212165832,0.5464627742767334,0.498460978269577,0.4277846912542979,0.2384303212165832,0.1657327704295773
447,"Doctor, I've been noticing a lot of hair coming out in the shower and on my pillow—could this be what you call skintop?",I've been noticing,i've been noticing,is_multiword,0,1,1|2|3,1,0.0919525822003682,0,1.0,,,,,,,,,,,,,,,,,,,,,,,,,,,,,,,"To have become aware of something through observation or experience, often over a period of time.",Observing or becoming aware of something gradually.,Observing or noticing something over a period of time.,0.8964603543281555,0.904577612876892,0.9231042861938475,0.9080474177996316,0.8964603543281555,0.0136566626950844
447,"Doctor, I've been noticing a lot of hair coming out in the shower and on my pillow—could this be what you call skintop?",been noticing,been noticing,is_multiword,0,2,2|3,1,0.0755471587181091,0,1.0,,,,,,,,,,,,,,,,,,,,,,,,,,,,,,,"Become aware of something through observation or experience, often over a period of time.",Observing or becoming aware of something over time.,Observing or noticing something over a period of time.,0.908931314945221,0.902172863483429,0.9622543454170228,0.9244528412818908,0.902172863483429,0.0329110080778322
451,"My husband's been hiding his bald spots with hats, but it's spreading so fast, I'm worried he's got a real bladder of lard.",he's got,he's got,is_multiword,0,16,16|17,1,0.7627842022726933,0,1.0,,,,,,,,,,,,,,,,,,,,,,,,,,,,,,,"Possesses or has something, especially in a way that is noticeable or significant.",He has a large amount of fat.,Has (possesses),0.0101656932383775,0.691442608833313,0.0100390911102294,0.2372157977273067,0.0100390911102294,0.3933719625909723
453,"My son’s been losing patches of hair for a few weeks now, and we’re worried it’s turning into melonhead.",patches of,patches of,is_multiword,0,4,4|5,1,0.5967003802458446,1,1.0,,,,,,,,,,,,,,,,,,,,,,,,,,,,,,,Small areas of hair.,Small areas or sections.,Distinct areas of hair loss on a person's scalp.,0.47127366065979,0.4589042365550995,0.2797209620475769,0.4032996197541554,0.2797209620475769,0.1072008122338175
453,"My son’s been losing patches of hair for a few weeks now, and we’re worried it’s turning into melonhead.",it’s turning,it's turning,is_multiword,0,15,15|16,1,0.612160824239254,0,1.0,,,,,,,,,,,,,,,,,,,,,,,,,,,,,,,indicating a gradual and potentially alarming change.,indicating a progression to a condition.,"Progressing or becoming (in this case, a condition); specifically, a colloquial term for the condition of alopecia universalis, characterized by complete hair loss.",0.5459755659103394,0.0983698889613151,0.5191720724105835,0.387839175760746,0.0983698889613151,0.2510457285358112
458,"Doctor, my husband's been losing hair so fast on the top that it's almost all gone—could this be a case of chrome dome from something like a vitamin problem?",chrome dome,chrome dome,is_multiword,1,22,22|23,1,0.4312832951545715,0,1.0,,,,,,,,,,,,,,,,,,,,,,,,,,,,,,,"A bald or nearly bald head, typically due to aging or male pattern baldness.","Metaphorical term for baldness, especially total hair loss on top of head.","A colloquial term for a bald head, often associated with a shiny, smooth appearance.",0.6502795219421387,0.5382265448570251,0.5176440477371216,0.5687167048454285,0.5176440477371216,0.0713812275495894
458,"Doctor, my husband's been losing hair so fast on the top that it's almost all gone—could this be a case of chrome dome from something like a vitamin problem?",chrome dome from,chrome dome from,is_multiword,0,22,22|23|24,1,0.3438355724016825,0,1.0,,,,,,,,,,,,,,,,,,,,,,,,,,,,,,,"A bald or hairless head, typically due to aging or a medical condition.","A slang term for baldness, especially total hair loss on the crown of the head.","A term referring to a bald head, often used humorously or affectionately, potentially suggesting hair loss due to genetic or other factors, as inferred from the sentence context.",0.6381123065948486,0.6291937232017517,0.701187252998352,0.6561644275983175,0.6291937232017517,0.0392450810635728
458,"Doctor, my husband's been losing hair so fast on the top that it's almost all gone—could this be a case of chrome dome from something like a vitamin problem?",dome from,dome from,is_multiword,0,23,23|24,1,0.3836950262387594,0,1.0,,,,,,,,,,,,,,,,,,,,,,,,,,,,,,,"A bald or hairless head, typically resulting from aging or a medical condition.","Referring to baldness, especially on top of the head.","A structure resembling the top of a dome, often used colloquially to refer to a bald head.",0.6681132316589355,0.5030468702316284,0.677754819393158,0.6163049737612406,0.5030468702316284,0.0982027930603424
460,"Doctor, my little girl's hair has been falling out in clumps since last month; could this be what they call Madame Tussaud?",Madame Tussaud,madame tussaud,is_multiword,1,20,20|21,1,0.5765554706255596,0,1.0,,,,,,,,,,,,,,,,,,,,,,,,,,,,,,,"A wax figure, especially one resembling a famous person, often used in museums or exhibitions.","Refers to wax sculptures, especially those at Madame Tussauds museums.","A waxwork sculptor, not a condition causing hair loss.",0.607357382774353,0.3442752957344055,0.318700909614563,0.4234445293744405,0.318700909614563,0.1597856862820477
465,"My husband's been finding clumps of hair on his pillow for weeks, and his scalp is getting shiny—do you think it's bacon-bonce?",it's bacon-bonce,it's bacon-bonce,is_multiword,0,21,21|22,1,0.4021392862002054,0,1.0,,,,,,,,,,,,,,,,,,,,,,,,,,,,,,,"A colloquial term for alopecia areata, a condition causing hair loss.",A condition causing excessive hair loss.,A colloquial term for male pattern baldness or excessive hair loss in men.,0.6206533312797546,0.5529142618179321,0.6200145483016968,0.5978607137997946,0.5529142618179321,0.0389260795642415
466,"Doctor, I'm really worried about my son—he's been losing patches of hair all over his head, could this be that bacon-bonce thing you mentioned last time?",bacon-bonce thing,bacon-bonce thing,is_multiword,0,21,21|22,1,0.4573191106319427,0,1.0,,,,,,,,,,,,,,,,,,,,,,,,,,,,,,,"A condition causing hair loss, possibly related to a nutritional deficiency or autoimmune disorder.","A colloquial term for alopecia, hair loss.","Alopecia areata, a condition characterized by hair loss in patches on the scalp.",0.4066530466079712,0.4440700709819793,0.7773195505142212,0.5426808893680573,0.4066530466079712,0.2040624522213715
470,My husband keeps finding more goose egg spots on his head every morning—could this be something serious?,keeps finding,keeps finding,is_multiword,0,2,2|3,1,0.3268834749857584,0,1.0,,,,,,,,,,,,,,,,,,,,,,,,,,,,,,,"Continuously discovers or comes across something, in this case, goose egg spots, repeatedly over time.",Continually discovering or noticing repeatedly.,Repeatedly locating or discovering (something) on a regular basis.,0.5659217834472656,0.5693225264549255,0.8841052651405334,0.6731165250142416,0.5659217834472656,0.182729520352654
472,"""Doctor, I’ve been finding clumps of hair on my pillow every morning—could this be that 'Dutch cheese' thing my granddad had?""",been finding,been finding,is_multiword,0,2,2|3,1,0.1066700021425882,0,1.0,,,,,,,,,,,,,,,,,,,,,,,,,,,,,,,experienced or noticed repeatedly.,Have been discovering or noticing repeatedly.,Finding repeatedly or consistently over a period of time.,0.8955764174461365,0.861830472946167,0.9225831031799316,0.8933299978574117,0.861830472946167,0.0304385499130065
473,"Doctor, I've been losing patches of hair for weeks—my wife says I'm turning into an egghead, could it be alopecia?",patches of,patches of,is_multiword,0,4,4|5,1,0.4876792927583059,0,1.0,,,,,,,,,,,,,,,,,,,,,,,,,,,,,,,Small areas of hair that have fallen out.,Small areas or sections.,Distinct areas of hair loss on the scalp or body.,0.459316223859787,0.7651798129081726,0.3124660849571228,0.5123207072416941,0.3124660849571228,0.230964361564228
473,"Doctor, I've been losing patches of hair for weeks—my wife says I'm turning into an egghead, could it be alopecia?",an egghead,an egghead,is_multiword,0,15,15|16,1,0.6653236659864585,0,1.0,,,,,,,,,,,,,,,,,,,,,,,,,,,,,,,"A person with a large head, often used humorously to imply someone is intelligent or book-smart.",A person with a large forehead exposed due to hair loss.,"A person considered to be excessively intellectual or scholarly, often to the point of being socially detached or eccentric.",0.4330544769763946,0.5229942202568054,0.0479803048074245,0.3346763340135415,0.0479803048074245,0.2523256808714732
475,"My son keeps finding clumps of hair on his pillow, and he's starting to get a real ballhead—what's causing this?",clumps of,clumps of,is_multiword,0,4,4|5,1,0.3097527027130127,0,1.0,,,,,,,,,,,,,,,,,,,,,,,,,,,,,,,"A collection of loose, tangled hairs.",Aggregations of hair.,"Aggregated strands of hair, often indicating excessive hair loss.",0.7328747510910034,0.6497154235839844,0.6881517171859741,0.6902472972869873,0.6497154235839844,0.041619250711957
477,"""Doc, I've been noticing my hair's coming out in clumps—looks like I'm getting that 'barefoot dome' thing my uncle had.""",been noticing,been noticing,is_multiword,0,2,2|3,1,0.139290710290273,0,1.0,,,,,,,,,,,,,,,,,,,,,,,,,,,,,,,To have become aware of something through observation or experience.,Observing or becoming aware of something gradually.,Observed or noticed over a period of time.,0.8587062954902649,0.8172131776809692,0.9062083959579468,0.8607092897097269,0.8172131776809692,0.0445314069890467
479,"Doctor, I think I might be getting that bonehead thing—I’ve been finding big clumps of hair on my pillow every morning.",bonehead thing,bonehead thing,is_multiword,0,8,8|9,1,0.4274508754412333,0,1.0,,,,,,,,,,,,,,,,,,,,,,,,,,,,,,,"Excessive hair loss, particularly in clumps, often due to hormonal changes or medical conditions.",Refers to a condition causing hair loss.,"Alopecia, specifically referring to excessive hair loss.",0.6433656811714172,0.4947483539581299,0.5795333385467529,0.5725491245587667,0.4947483539581299,0.0745544225433865
480,"My son’s been losing patches of hair for a few weeks now, could this be the bonehead you mentioned?",patches of,patches of,is_multiword,0,4,4|5,1,0.4876792927583059,0,1.0,,,,,,,,,,,,,,,,,,,,,,,,,,,,,,,Small areas of hair that have fallen out.,Small areas or sections.,Distinct areas of hair loss on the scalp or body.,0.459316223859787,0.7651798129081726,0.3124660849571228,0.5123207072416941,0.3124660849571228,0.230964361564228
481,"My husband keeps finding bald patches on his scalp, and I think it might be that fly rink thing—can you take a look?",keeps finding,keeps finding,is_multiword,0,2,2|3,1,0.3290106256802877,0,1.0,,,,,,,,,,,,,,,,,,,,,,,,,,,,,,,"Continuously discovers or encounters something, often repeatedly, without necessarily being actively searching for it.",Continually discovering or noticing.,"Repeatedly discovers or locates (something, in this case bald patches).",0.7847463488578796,0.6301776170730591,0.5980441570281982,0.6709893743197123,0.5980441570281982,0.0998179681002954
481,"My husband keeps finding bald patches on his scalp, and I think it might be that fly rink thing—can you take a look?",fly rink,fly rink,is_multiword,1,16,16|17,1,0.94696892456462,1,1.0,,,,,,,,,,,,,,,,,,,,,,,,,,,,,,,"A condition causing hair loss, possibly an autoimmune disease affecting the scalp.",A colloquial term for male pattern baldness.,An outdoor recreational area for flying model aircraft or drones. (Incorrect usage in the given sentence.),0.1405689865350723,0.0090255616232752,0.0094986781477928,0.0530310754353801,0.0090255616232752,0.0758104238847445
482,"Doctor, my daughter's hair has been coming out in clumps for weeks now—I'm worried she's got a fly rink.",she's got,she's got,is_multiword,0,15,15|16,1,0.6926697194576263,0,1.0,,,,,,,,,,,,,,,,,,,,,,,,,,,,,,,Possesses or suffers from a condition.,She has developed.,"Has (possesses) a condition or problem, in this case, likely referring to a hair loss issue (fly rink).",0.2923735380172729,0.5155389904975891,0.1140783131122589,0.3073302805423736,0.1140783131122589,0.2011478237065807
482,"Doctor, my daughter's hair has been coming out in clumps for weeks now—I'm worried she's got a fly rink.",fly rink,fly rink,is_multiword,1,18,18|19,1,0.6325492312510808,0,1.0,,,,,,,,,,,,,,,,,,,,,,,,,,,,,,,"A fly rink is a colloquial term for alopecia, a condition causing hair loss.",A scalp condition causing hair loss.,Infestation of a person's hair or scalp with lice (pediculosis capitis).,0.4955888092517853,0.1393689662218094,0.4673945307731628,0.3674507687489192,0.1393689662218094,0.1980270456724135
489,"Doctor, I've been noticing my hair's coming out in clumps when I shower—feels like my head's turning into a skating rink.",hair's coming,hair's coming,is_multiword,0,5,5|6,1,0.4990399678548177,0,1.0,,,,,,,,,,,,,,,,,,,,,,,,,,,,,,,"Falling out in large amounts, often due to a medical condition or excessive stress.",Referring to hair falling out in clusters.,"Excessive shedding of individual hair strands, often in clusters, during the process of washing.",0.4226220846176147,0.3713803887367248,0.7088776230812073,0.5009600321451823,0.3713803887367248,0.1818755654689974
494,"Doctor, I've been noticing a lot of hair coming out in the shower and on my pillow—could this be what you call cheesekop?",been noticing,been noticing,is_multiword,0,2,2|3,1,0.0755471587181091,0,1.0,,,,,,,,,,,,,,,,,,,,,,,,,,,,,,,"Become aware of something through observation or experience, often over a period of time.",Observing or becoming aware of something over time.,Observing or noticing something over a period of time.,0.908931314945221,0.902172863483429,0.9622543454170228,0.9244528412818908,0.902172863483429,0.0329110080778322
496,"Doctor, every time I see a blood box racing down my street, I get this sharp pain in my chest—could that be a sign of something wrong with my heart?",get this,get this,is_multiword,0,13,13|14,1,0.4468563000361124,0,1.0,,,,,,,,,,,,,,,,,,,,,,,,,,,,,,,experience or undergo this (the sharp pain in the chest) suddenly or unexpectedly.,Experience or feel this.,"Experience or perceive a strong, sudden sensation, often associated with discomfort or distress.",0.4870375394821167,0.6327912211418152,0.5396023392677307,0.5531436999638876,0.4870375394821167,0.0738143635511866
497,My son’s asthma has been so bad this week that I’ve almost had to call a bus twice—can you check his breathing again?,a bus,a bus,is_multiword,0,15,15|16,1,0.4931110243002573,0,1.0,,,,,,,,,,,,,,,,,,,,,,,,,,,,,,,"A vehicle designed to transport people, typically on a fixed route, for a fee.",Emergency medical transport service.,"Emergency vehicle used for transportation, typically in public service.",0.2889628708362579,0.5416532754898071,0.6900507807731628,0.5068889756997427,0.2889628708362579,0.2027912603622473
500,"My son is so scared of needles he started shaking and begged me not to call a bobo wagon, but his fever won't come down.",a bobo,a bobo,is_multiword,0,16,16|17,1,0.5375149051348369,1,1.0,,,,,,,,,,,,,,,,,,,,,,,,,,,,,,,A bobo wagon is a colloquial term for an ambulance.,An ambulance or emergency vehicle.,"Mobile medical vehicle for treating minor injuries and illnesses, often equipped with basic medical equipment.",0.4823402464389801,0.4138535559177398,0.4912614822387695,0.4624850948651631,0.4138535559177398,0.0423517065458397
500,"My son is so scared of needles he started shaking and begged me not to call a bobo wagon, but his fever won't come down.",a bobo wagon,a bobo wagon,is_multiword,0,16,16|17|18,1,0.3699091672897339,0,1.0,,,,,,,,,,,,,,,,,,,,,,,,,,,,,,,"A vehicle, typically an ambulance, used to transport people, especially children, to medical facilities.",An ambulance or emergency vehicle.,"Mobile medical vehicle equipped with medical personnel and facilities, often used for treating minor injuries and illnesses on-site.",0.676776647567749,0.6359609961509705,0.5775348544120789,0.6300908327102661,0.5775348544120789,0.0498806324268612
500,"My son is so scared of needles he started shaking and begged me not to call a bobo wagon, but his fever won't come down.",bobo wagon,bobo wagon,is_multiword,1,17,17|18,1,0.4271770318349203,0,1.0,,,,,,,,,,,,,,,,,,,,,,,,,,,,,,,"A vehicle, typically an ambulance, that takes children to a hospital for medical treatment.",An ambulance or emergency vehicle.,"Mobile medical vehicle equipped with medical personnel and facilities, often used for treating minor injuries and illnesses.",0.5898693799972534,0.5592058897018433,0.5693936347961426,0.5728229681650797,0.5592058897018433,0.0156167427714827
500,"My son is so scared of needles he started shaking and begged me not to call a bobo wagon, but his fever won't come down.",won't come,won't come,is_multiword,0,22,22|23,1,0.5204971830050151,0,1.0,,,,,,,,,,,,,,,,,,,,,,,,,,,,,,,fail to decrease or lower in intensity or level.,will not decrease or reduce.,"Fails to decrease or persists in a state. (In this context, referring to the son's fever.)",0.6486490368843079,0.3800910115242004,0.4097684025764465,0.4795028169949849,0.3800910115242004,0.1472345735961916
501,"Doctor, I keep seeing flashing lights and hearing sirens, and I feel like I need to call a bobo wagon just to get here.",bobo wagon,bobo wagon,is_multiword,1,18,18|19,1,0.6822549117108185,1,1.0,,,,,,,,,,,,,,,,,,,,,,,,,,,,,,,"A horse-drawn vehicle, especially in the past, used to transport people, often in a rural or informal setting.",An ambulance or emergency vehicle.,Ambulance (in informal or colloquial speech),0.1008380427956581,0.0276876874268054,0.8247095346450806,0.3177450882891814,0.0276876874268054,0.4405649282731829
504,"Doctor, I keep seeing the meat rack parked outside my building every morning—it's making me think I'm having a heart attack.",keep seeing,keep seeing,is_multiword,0,2,2|3,1,0.2925280531247457,0,1.0,,,,,,,,,,,,,,,,,,,,,,,,,,,,,,,"Notice or become aware of something repeatedly, often in a surprising or disturbing manner.",Continuously perceiving or experiencing something.,Repeatedly observing or noticing something over a period of time.,0.586718738079071,0.6196174621582031,0.9160796403884888,0.7074719468752543,0.586718738079071,0.1814068875654736
506,I keep telling my mom she needs to see a doctor before she ends up on a bang wagon again with her dizzy spells.,bang wagon,bang wagon,is_multiword,1,17,17|18,1,0.9138927347958088,0,1.0,,,,,,,,,,,,,,,,,,,,,,,,,,,,,,,A hospital or a place where medical treatment is received.,A metaphorical term for an unhealthy or addictive lifestyle.,"Ambulance (specifically, a vehicle used to transport patients to a hospital).",0.0088149150833487,0.240505650639534,0.0090012298896908,0.0861072652041912,0.0088149150833487,0.1337129565415493
506,I keep telling my mom she needs to see a doctor before she ends up on a bang wagon again with her dizzy spells.,dizzy spells,dizzy spells,is_multiword,0,22,22|23,1,0.2844222585360209,0,1.0,,,,,,,,,,,,,,,,,,,,,,,,,,,,,,,"Recurring episodes of dizziness, possibly indicating a medical issue that requires professional attention.",Recurring episodes of dizziness that require medical attention.,"Recurring episodes of feeling unsteady, lightheaded, or disoriented.",0.940889537334442,0.6152572631835938,0.5905864238739014,0.7155777414639791,0.5905864238739014,0.195515259242958
507,"Doctor, I'm worried about my husband—if his chest pain gets any worse, he's going to need a bang wagon instead of a prescription.",bang wagon,bang wagon,is_multiword,1,18,18|19,1,0.3369711836179098,1,1.0,,,,,,,,,,,,,,,,,,,,,,,,,,,,,,,"A vehicle used to transport someone to a hospital in an emergency, especially when time is of the essence.",An informal ambulance or emergency vehicle.,"Ambulance (specifically, a vehicle equipped to transport patients to a hospital in an emergency)",0.542105495929718,0.695984959602356,0.7509959936141968,0.6630288163820902,0.542105495929718,0.108274607077021
509,"""My chest feels like it’s got a speed wagon siren inside, and I’m hoping you can shut it off before I actually call one.""",it’s got,it's got,is_multiword,0,4,4|5,1,0.6330475086967151,0,1.0,,,,,,,,,,,,,,,,,,,,,,,,,,,,,,,Possesses or contains.,Indicates something metaphorically exists within the chest.,"Has or possesses (in this case, the chest).",0.0230334773659706,0.5608637928962708,0.5169602036476135,0.3669524913032849,0.0230334773659706,0.2986504602339325
509,"""My chest feels like it’s got a speed wagon siren inside, and I’m hoping you can shut it off before I actually call one.""",I’m hoping,i'm hoping,is_multiword,0,12,12|13,1,0.0918644467989603,0,1.0,,,,,,,,,,,,,,,,,,,,,,,,,,,,,,,Expressing a desire or expectation that something will happen or be done.,Expressing a desire for something to happen.,Anticipating or expressing a desire for a particular outcome or action to occur.,0.9033510088920592,0.9419116973876952,0.8791439533233643,0.9081355532010396,0.8791439533233643,0.0316562209038727
512,"""Last time I had these dizzy spells, I woke up in a meat wagon, so I figured I'd come see you before that happens again.""",figured I'd,figured i'd,is_multiword,0,16,16|17,1,0.4749565819899241,0,1.0,,,,,,,,,,,,,,,,,,,,,,,,,,,,,,,decided or assumed something would likely happen.,Decided to act based on past experience.,Decided to take a preventive action or make a plan.,0.5151317119598389,0.4326906502246856,0.6273078918457031,0.5250434180100759,0.4326906502246856,0.0976864838228047
515,"""I keep joking with my wife that I’m gonna need the faint wagon if this dizziness doesn’t stop, but now it’s happening even when I’m sitting down.""",faint wagon,faint wagon,is_multiword,1,11,11|12,1,0.7912701418002447,1,1.0,,,,,,,,,,,,,,,,,,,,,,,,,,,,,,,A colloquialism for a wheelchair.,A hypothetical vehicle for mobility issues or disorientation.,"A horse-drawn vehicle used for transporting the sick or injured, particularly in an emergency.",0.3908885717391968,0.0454101413488388,0.1898908615112304,0.2087298581997553,0.0454101413488388,0.1735079747833483
516,"""Doc, every time I stand up too fast I see spots and feel like I need a faint wagon—should I be worried about my blood pressure?""",faint wagon,faint wagon,is_multiword,1,17,17|18,1,0.7346311410268147,1,1.0,,,,,,,,,,,,,,,,,,,,,,,,,,,,,,,"A fainting spell or dizziness, often requiring a seat or rest to recover.",A metaphorical expression for feeling like fainting.,Mobile medical vehicle used to treat individuals experiencing sudden loss of consciousness (synonym: ambulance).,0.5514053106307983,0.1181245595216751,0.1265767067670822,0.2653688589731852,0.1181245595216751,0.2477508798287566
517,"My husband's been calling for the butcher wagon himself every time his chest tightens up, but I told him we're coming straight to you first.",butcher wagon,butcher wagon,is_multiword,1,6,6|7,1,0.3245382905006408,1,1.0,,,,,,,,,,,,,,,,,,,,,,,,,,,,,,,"A horse-drawn vehicle used to transport meat, typically from a slaughterhouse to a market or storage facility.",A vehicle used to transport meat.,"A butcher wagon is a vehicle used for transporting meat products, particularly in rural areas, where it may deliver fresh meat to households or small shops.",0.670649528503418,0.696225106716156,0.6595104932785034,0.6754617094993591,0.6595104932785034,0.018824412990113
517,"My husband's been calling for the butcher wagon himself every time his chest tightens up, but I told him we're coming straight to you first.",we're coming,we're coming,is_multiword,0,19,19|20,1,0.443541427453359,0,1.0,,,,,,,,,,,,,,,,,,,,,,,,,,,,,,,Arriving directly without any intermediate stops or detours.,We are traveling to someone directly.,Arriving or going directly to a specified location.,0.4201369881629944,0.7663528323173523,0.4828858971595764,0.556458572546641,0.4201369881629944,0.1844615315142603
518,"My son's asthma attack was so bad last night I nearly called for a daffy chariot, but I managed to calm him down before we came in.",daffy chariot,daffy chariot,is_multiword,1,14,14|15,1,0.7485394378503163,1,1.0,,,,,,,,,,,,,,,,,,,,,,,,,,,,,,,"A horse-drawn vehicle, typically a carriage, used for transportation, especially in a formal or ceremonial context.","A whimsical, imaginary carriage.","A daffy chariot, in this context, refers to an ambulance.",0.2755989730358124,0.2196579277515411,0.2591247856616974,0.2514605621496836,0.2196579277515411,0.0287472673206654
519,"Doctor, I keep joking with my wife that every time I have one of these dizzy spells, I'm going to need a daffy chariot to get here.",daffy chariot,daffy chariot,is_multiword,1,22,22|23,1,0.572070171435674,1,1.0,,,,,,,,,,,,,,,,,,,,,,,,,,,,,,,"A whimsical or fanciful vehicle, often used humorously to refer to an ambulance.",Humorous reference to a cartoon character's vehicle.,"A daffy chariot, in this context, is a playful, humorous reference to a whimsical or eccentric vehicle.",0.3012654781341553,0.4777022302150726,0.50482177734375,0.427929828564326,0.3012654781341553,0.1105294563070811
520,"Doctor, every time I hear an ambie go by, my heart starts racing and I break out in a cold sweat—could this be anxiety?",ambie go,ambie go,is_multiword,0,6,6|7,1,0.9481403222307564,1,1.0,,,,,,,,,,,,,,,,,,,,,,,,,,,,,,,"A vehicle, typically a motorcycle, with a distinctive sound, often associated with a specific type of engine.",Ambulance passing by.,"Public transportation vehicle, typically a bus.",0.0088979247957468,0.1364916265010833,0.0101894820109009,0.0518596777692437,0.0088979247957468,0.0732962624532899
521,"My son keeps covering his ears and crying whenever an ambie passes, and he says the noise makes his head hurt.",keeps covering,keeps covering,is_multiword,0,2,2|3,1,0.4071723123391469,0,1.0,,,,,,,,,,,,,,,,,,,,,,,,,,,,,,,"Protects or shields the ears from something, in this case, the noise of the ambie.",Continues to repeatedly place hands over ears.,"Repeatedly places or holds something over (in this case, his ears) in a protective or habitual manner.",0.3803398907184601,0.6027629375457764,0.7953802347183228,0.592827687660853,0.3803398907184601,0.2076984681686121
521,"My son keeps covering his ears and crying whenever an ambie passes, and he says the noise makes his head hurt.",an ambie,an ambie,is_multiword,0,9,9|10,1,0.8569843703880906,0,1.0,,,,,,,,,,,,,,,,,,,,,,,,,,,,,,,"A type of loudspeaker or sound system, especially one that produces loud, unpleasant noises.","A vehicle, likely an ambulance, producing loud noises.","Public transportation vehicle, typically a double-decker bus with an open upper deck, often used in cities for sightseeing tours.",0.3266120254993438,0.0087160589173436,0.0937188044190406,0.1430156296119094,0.0087160589173436,0.1645815728532457
524,"""Doc, I feel so bad I keep thinking I’ll need an agony wagon just to get out of your parking lot.""",keep thinking,keep thinking,is_multiword,0,6,6|7,1,0.3549506664276123,0,1.0,,,,,,,,,,,,,,,,,,,,,,,,,,,,,,,Continuously considering or mentally rehearsing a situation or outcome.,Continually believing or imagining.,Mentally dwelling on or repeatedly considering a thought or idea.,0.562313973903656,0.7768210768699646,0.5960129499435425,0.6450493335723877,0.562313973903656,0.1153548850083779
525,"""I told my wife to call an agony wagon on the way here, but she said you’d fix me up before I hit the stretcher.""",agony wagon,agony wagon,is_multiword,1,7,7|8,1,0.4261581003665924,0,1.0,,,,,,,,,,,,,,,,,,,,,,,,,,,,,,,"A vehicle, typically an ambulance, that provides medical care and transportation to a hospital.","An informal term for an ambulance, often used colloquially.",Mobile medical vehicle equipped for emergency medical treatment and transportation of injured or ill patients.,0.5472450256347656,0.6855640411376953,0.4887166321277618,0.5738418996334076,0.4887166321277618,0.1010829901039523
526,My husband’s been snoring louder and struggling to button his trousers; I’m worried he’s developed a German goitre from all that belly fat.,goitre from,goitre from,is_multiword,0,17,17|18,1,0.2950706283251444,0,1.0,,,,,,,,,,,,,,,,,,,,,,,,,,,,,,,"A condition associated with an enlarged thyroid gland, often linked to obesity.","Enlarged thyroid gland, often due to thyroid issues.","Enlargement of the thyroid gland, often associated with iodine deficiency or other thyroid disorders.",0.7320731282234192,0.6150436401367188,0.7676713466644287,0.7049293716748556,0.6150436401367188,0.0798523126756699
528,"""I’m worried this 'jelly belly' is more than just fat—it feels hard like android obesity, and I’m getting short of breath.""",getting short,getting short,is_multiword,0,18,18|19,1,0.2859683632850647,0,1.0,,,,,,,,,,,,,,,,,,,,,,,,,,,,,,,"Experiencing a sudden decrease in breathing capacity, often accompanied by a feeling of suffocation or discomfort.",Experiencing a lack of breath during exertion.,"Experiencing a lack of normal or sufficient breath, indicating respiratory distress or breathlessness.",0.6479918956756592,0.8024089932441711,0.6916940212249756,0.7140316367149353,0.6479918956756592,0.0795951430974516
528,"""I’m worried this 'jelly belly' is more than just fat—it feels hard like android obesity, and I’m getting short of breath.""",getting short of,getting short of,is_multiword,0,18,18|19|20,1,0.2028739054997762,0,1.0,,,,,,,,,,,,,,,,,,,,,,,,,,,,,,,experiencing a sudden decrease in breathing capacity.,Experiencing difficulty breathing.,"Experiencing a lack of normal or sufficient breath, indicating potential respiratory distress.",0.8195789456367493,0.7681858539581299,0.8036134839057922,0.7971260945002238,0.7681858539581299,0.0263035574408929
528,"""I’m worried this 'jelly belly' is more than just fat—it feels hard like android obesity, and I’m getting short of breath.""",getting short of breath,getting short of breath,is_multiword,0,18,18|19|20|21,1,0.3305318156878153,0,1.0,,,,,,,,,,,,,,,,,,,,,,,,,,,,,,,"Experiencing difficulty breathing due to insufficient oxygen intake, often accompanied by a feeling of suffocation or discomfort.",Experiencing difficulty in breathing.,"Experiencing difficulty in breathing, typically due to insufficient oxygen intake.",0.6152780652046204,0.704298734664917,0.6888277530670166,0.6694681843121847,0.6152780652046204,0.0475632691745389
528,"""I’m worried this 'jelly belly' is more than just fat—it feels hard like android obesity, and I’m getting short of breath.""",short of,short of,is_multiword,0,19,19|20,1,0.2586205005645752,0,1.0,,,,,,,,,,,,,,,,,,,,,,,,,,,,,,,experiencing difficulty in breathing due to insufficient oxygen supply.,Experiencing difficulty in breathing.,Experiencing a lack or deficiency of breath.,0.6575772166252136,0.6573973894119263,0.9091638922691344,0.7413794994354248,0.6573973894119263,0.1453055743713541
528,"""I’m worried this 'jelly belly' is more than just fat—it feels hard like android obesity, and I’m getting short of breath.""",short of breath,short of breath,is_multiword,0,19,19|20|21,1,0.2489717404047647,0,1.0,,,,,,,,,,,,,,,,,,,,,,,,,,,,,,,"Experiencing difficulty breathing, often accompanied by a feeling of suffocation or a need to gasp for air.",Experiencing difficulty in breathing.,"Experiencing a lack of sufficient air intake, characterized by shallow or rapid breathing.",0.6942483186721802,0.7742619514465332,0.7845745086669922,0.7510282595952352,0.6942483186721802,0.049442476450169
528,"""I’m worried this 'jelly belly' is more than just fat—it feels hard like android obesity, and I’m getting short of breath.""",of breath,of breath,is_multiword,0,20,20|21,1,0.2343344887097677,0,1.0,,,,,,,,,,,,,,,,,,,,,,,,,,,,,,,"Difficulty in inhaling or exhaling, indicating a problem with respiratory function.",Lack of sufficient breath or air.,"Insufficient or limited capacity to inhale and exhale air normally, often due to respiratory issues.",0.638349175453186,0.9082584977149964,0.7503888607025146,0.7656655112902323,0.638349175453186,0.1356015951264654
529,My husband's been complaining about his jelly belly and says his trousers don't fit anymore—could it be something more than just weight gain?,trousers don't,trousers don't,is_multiword,0,11,11|12,1,0.6716112593809764,0,1.0,,,,,,,,,,,,,,,,,,,,,,,,,,,,,,,"Articles of clothing worn around the waist, typically made of fabric, secured by a zipper, buttons, or a belt.",Clothing that no longer fits due to size changes.,"Trousers don't fit: Indicates that the trousers are too small for the wearer due to a change in body size, typically due to weight gain or loss.",0.2696821987628937,0.1136412024497985,0.6018428206443787,0.3283887406190236,0.1136412024497985,0.2493392238386908
531,"My husband has always been a bit stocky, but now he’s gone totally pudding-bellied, and his blood pressure keeps spiking—could that belly be causing it?",gone totally,gone totally,is_multiword,0,11,11|12,1,0.1528658866882324,0,1.0,,,,,,,,,,,,,,,,,,,,,,,,,,,,,,,"Completely changed or transformed, often in a noticeable or extreme way.","Become completely or extremely something, emphasizing a significant change.",Completely transformed or changed in a significant way.,0.8691577911376953,0.8621999621391296,0.8100445866584778,0.8471341133117676,0.8100445866584778,0.032308320702524
531,"My husband has always been a bit stocky, but now he’s gone totally pudding-bellied, and his blood pressure keeps spiking—could that belly be causing it?",gone totally pudding-bellied,gone totally pudding-bellied,is_multiword,0,11,11|12|13,1,0.3491184910138448,0,1.0,,,,,,,,,,,,,,,,,,,,,,,,,,,,,,,"Having a significantly large, rounded abdomen, often due to excess fat.","Extremely obese, with a protruding stomach.","Expanded abdomen, resembling a pudding belly.",0.802864134311676,0.5623376369476318,0.5874427556991577,0.6508815089861552,0.5623376369476318,0.1322180227787055
531,"My husband has always been a bit stocky, but now he’s gone totally pudding-bellied, and his blood pressure keeps spiking—could that belly be causing it?",totally pudding-bellied,totally pudding-bellied,is_multiword,0,12,12|13,1,0.2989604870478312,0,1.0,,,,,,,,,,,,,,,,,,,,,,,,,,,,,,,"Having a large, rounded abdomen, typically due to excess fat.","Extremely obese, with excessive abdominal fat.","Excessively rounded and protruding abdomen, resembling a pudding.",0.7932972311973572,0.6632872819900513,0.6465340256690979,0.7010395129521688,0.6465340256690979,0.080335439447328
531,"My husband has always been a bit stocky, but now he’s gone totally pudding-bellied, and his blood pressure keeps spiking—could that belly be causing it?",keeps spiking,keeps spiking,is_multiword,0,18,18|19,1,0.3439573049545288,0,1.0,,,,,,,,,,,,,,,,,,,,,,,,,,,,,,,"To rise sharply and suddenly, especially in frequency or intensity, often in a sudden and alarming manner.",Recurring and rising sharply.,Increases intermittently to abnormally high levels.,0.6660719513893127,0.6502655148506165,0.6517906188964844,0.6560426950454712,0.6502655148506165,0.008719000670693
535,"Doctor, I’ve got this lager belly that won’t go away no matter how much I exercise—could it be android obesity?",I’ve got,i've got,is_multiword,0,1,1|2,1,0.6201151609420776,0,1.0,,,,,,,,,,,,,,,,,,,,,,,,,,,,,,,"Possessive pronoun indicating ownership or relationship, referring to the speaker's body.",Expressing possession of a physical condition.,"Having or possessing something, in this case, a lager belly.",0.5391997694969177,0.2869432270526886,0.3135115206241607,0.3798848390579223,0.2869432270526886,0.138608815922406
536,"I'm bringing my son in because his stomach's gotten so guttery over the past few months—he's only twelve, but his waist is bigger than mine and he gets winded just climbing stairs.",so guttery,so guttery,is_multiword,0,9,9|10,1,0.7238267200688522,0,1.0,,,,,,,,,,,,,,,,,,,,,,,,,,,,,,,"Extremely bloated or distended, typically due to excessive gas in the digestive system.",Extremely upset or ill.,"Extremely bloated or distended, especially in the abdomen.",0.0614366196095943,0.6943545341491699,0.0727286860346794,0.2761732799311479,0.0614366196095943,0.3621995979091578
537,"""Is this what you call guttery? My jeans won't button and I've got that hard, round stomach that won't go away.""",I've got,i've got,is_multiword,0,11,11|12,1,0.5218529005845387,0,1.0,,,,,,,,,,,,,,,,,,,,,,,,,,,,,,,"Possessive pronoun, indicating ownership or possession of the stomach.",Expressing possession of a physical characteristic.,Possessing or having in one's ownership.,0.5698734521865845,0.4758287072181701,0.388739138841629,0.4781470994154612,0.388739138841629,0.0905894092845431
538,"""Doc, I think I'm getting balconied—my gut's sticking out way past my belt, but my arms and legs are still skinny as ever.""",gut's sticking,gut's sticking,is_multiword,0,7,7|8,1,0.5884207437435787,1,1.0,,,,,,,,,,,,,,,,,,,,,,,,,,,,,,,"The area around the navel, becoming visibly prominent due to weight gain.",Abdomen protruding outward abnormally.,"The protrusion or bulging outward of the abdomen, often due to excess body fat or bloating.",0.169942244887352,0.355170339345932,0.7096251845359802,0.4115792562564214,0.169942244887352,0.2742278127163747
541,"""I keep telling my wife it's just my 'ballast room' acting up, but now I'm getting short of breath just tying my shoes.""",getting short,getting short,is_multiword,0,15,15|16,1,0.2851887941360473,0,1.0,,,,,,,,,,,,,,,,,,,,,,,,,,,,,,,"Experiencing a sudden decrease in breathing capacity, often accompanied by a feeling of suffocation or discomfort.",Experiencing difficulty breathing.,"Experiencing unexpected, abnormal, or difficulty breathing.",0.6931815147399902,0.6597329378128052,0.7915191650390625,0.7148112058639526,0.6597329378128052,0.0685039055472109
544,"My husband’s been short of breath just walking to the car, and that beer pot he’s had is getting harder for him to ignore.",getting harder,getting harder,is_multiword,0,18,18|19,1,0.2633675336837768,0,1.0,,,,,,,,,,,,,,,,,,,,,,,,,,,,,,,becoming increasingly difficult to resist or ignore.,Increasing in difficulty or severity.,Becoming increasingly difficult to resist or overcome.,0.5032662153244019,0.8703968524932861,0.8362343311309814,0.7366324663162231,0.5032662153244019,0.2028216576032766
545,"Doctor, I’ve been carrying this beer pot for years and now my back’s killing me—could it be something more than just belly fat?",back’s killing,back's killing,is_multiword,0,12,12|13,1,0.445893774429957,0,1.0,,,,,,,,,,,,,,,,,,,,,,,,,,,,,,,"Causing severe pain or discomfort, making it difficult to move or function normally.",Refers to severe back pain.,"A condition where the back experiences severe pain, often indicating musculoskeletal issues or injury.",0.4746164381504059,0.4495630264282226,0.7381392121315002,0.554106225570043,0.4495630264282226,0.1598687695166803
545,"Doctor, I’ve been carrying this beer pot for years and now my back’s killing me—could it be something more than just belly fat?",back’s killing me,back's killing me,is_multiword,0,12,12|13|14,1,0.1968992749849955,0,1.0,,,,,,,,,,,,,,,,,,,,,,,,,,,,,,,Experiencing severe pain in the back.,Severe back pain indicating possible health issues.,"Persistent, severe pain in the back region.",0.7626355290412903,0.9104637503623962,0.7362028956413269,0.8031007250150045,0.7362028956413269,0.0939137127150382
545,"Doctor, I’ve been carrying this beer pot for years and now my back’s killing me—could it be something more than just belly fat?",killing me,killing me,is_multiword,0,13,13|14,1,0.0928759972254434,0,1.0,,,,,,,,,,,,,,,,,,,,,,,,,,,,,,,"Causing severe pain or distress, to the point of being unbearable.",Causing severe pain or discomfort.,Causing severe pain or discomfort.,0.876550018787384,0.876550018787384,0.9682719707489014,0.9071240027745564,0.876550018787384,0.0529556936555799
546,"Doctor, I’ve got this beer gut that won’t go away no matter how much I exercise—could it be something more than just belly fat?",I’ve got,i've got,is_multiword,0,1,1|2,1,0.5804717342058818,0,1.0,,,,,,,,,,,,,,,,,,,,,,,,,,,,,,,"Possessive pronoun indicating ownership or possession, referring to the speaker's body.",Expressing possession of a physical condition.,"Obtained or possessing (in this case, referring to the beer gut).",0.6453847289085388,0.4134374558925628,0.199762612581253,0.4195282657941182,0.199762612581253,0.2228734867900283
548,"""I’m worried this 'big kitchen' is running in my family—my dad had the same apple-shaped belly, and now mine’s puffing up just like his.""",mine’s puffing,mine's puffing,is_multiword,0,19,19|20,1,0.4525982439517975,0,1.0,,,,,,,,,,,,,,,,,,,,,,,,,,,,,,,"becoming rounded or swollen, typically due to weight gain or increased fat storage.",Referring to the speaker's belly expanding like their father's.,"Expanding or inflating, specifically in reference to a person's body, particularly the abdomen.",0.3704998791217804,0.6119388341903687,0.6597665548324585,0.5474017560482025,0.3704998791217804,0.1550566936978945
548,"""I’m worried this 'big kitchen' is running in my family—my dad had the same apple-shaped belly, and now mine’s puffing up just like his.""",mine’s puffing up,mine's puffing up,is_multiword,0,19,19|20|21,1,0.3445606231689453,0,1.0,,,,,,,,,,,,,,,,,,,,,,,,,,,,,,,"becoming rounded or swollen, typically due to weight gain or increased fat storage.",Referring to the speaker's belly gradually increasing in size.,"Expanding or inflating, specifically in reference to a person's body, particularly the abdomen.",0.5077410340309143,0.6119388341903687,0.8466382622718811,0.6554393768310547,0.5077410340309143,0.1735858742377331
548,"""I’m worried this 'big kitchen' is running in my family—my dad had the same apple-shaped belly, and now mine’s puffing up just like his.""",puffing up,puffing up,is_multiword,0,20,20|21,1,0.3939478000005086,0,1.0,,,,,,,,,,,,,,,,,,,,,,,,,,,,,,,"becoming visibly swollen or enlarged, typically due to weight gain or fat accumulation.","Gradually increasing in size, especially around the abdomen.","Expanding or inflating, often in reference to a body part.",0.556199848651886,0.6750109195709229,0.5869458317756653,0.6060521999994913,0.556199848651886,0.0616669086565917
549,My husband’s been eating nonstop and his stomach’s gotten huge—could this be that big kitchen problem you mentioned?,stomach’s gotten,stomach's gotten,is_multiword,0,7,7|8,1,0.4725249807039896,1,1.0,,,,,,,,,,,,,,,,,,,,,,,,,,,,,,,become significantly enlarged.,Refers to the husband's abdominal area expanding in size.,"Enlarged or expanded in size, typically due to the accumulation of food or fluid.",0.4692919254302978,0.6706180572509766,0.4425150752067566,0.5274750192960104,0.4425150752067566,0.1246863942585804
549,My husband’s been eating nonstop and his stomach’s gotten huge—could this be that big kitchen problem you mentioned?,stomach’s gotten huge,stomach's gotten huge,is_multiword,0,7,7|8|9,1,0.4588430921236673,0,1.0,,,,,,,,,,,,,,,,,,,,,,,,,,,,,,,become significantly enlarged due to excessive food consumption.,Refers to the significant increase in size of the husband's abdomen.,"Enlarged abdomen, often indicating overeating or obesity.",0.3783667683601379,0.676001250743866,0.5691027045249939,0.5411569078763326,0.3783667683601379,0.1507723347922412
549,My husband’s been eating nonstop and his stomach’s gotten huge—could this be that big kitchen problem you mentioned?,gotten huge,gotten huge,is_multiword,0,8,8|9,1,0.1282658179601034,0,1.0,,,,,,,,,,,,,,,,,,,,,,,,,,,,,,,become significantly larger in size.,Significantly increased in size.,"Expanded in size significantly, often indicating an increase beyond normal or expected dimensions.",0.9372580647468568,0.8341273665428162,0.8438171148300171,0.8717341820398966,0.8341273665428162,0.0569517972430538
550,"Doctor, I’m worried about my husband—his stomach’s gotten really big and hard, like a brewer’s goitre, even though he hasn’t been drinking more than usual.",stomach’s gotten,stomach's gotten,is_multiword,0,7,7|8,1,0.4453939100106557,0,1.0,,,,,,,,,,,,,,,,,,,,,,,,,,,,,,,become noticeably enlarged.,"Refers to an abnormal swelling, likely indicating a health concern.","Enlarged or distended abdomen, often indicating an abnormality or condition.",0.4916035532951355,0.4806288778781891,0.6915858387947083,0.5546060899893442,0.4806288778781891,0.1187547875338602
550,"Doctor, I’m worried about my husband—his stomach’s gotten really big and hard, like a brewer’s goitre, even though he hasn’t been drinking more than usual.",stomach’s gotten really,stomach's gotten really,is_multiword,0,7,7|8|9,1,0.3874819179375967,0,1.0,,,,,,,,,,,,,,,,,,,,,,,,,,,,,,,become significantly enlarged.,"Refers to an abnormal swelling, suggesting a health concern.","Enlarged or distended, often indicating abnormal growth or accumulation of fluid or tissue.",0.4978602230548858,0.6518043279647827,0.6878896951675415,0.6125180820624033,0.4978602230548858,0.1009225292275233
550,"Doctor, I’m worried about my husband—his stomach’s gotten really big and hard, like a brewer’s goitre, even though he hasn’t been drinking more than usual.",gotten really,gotten really,is_multiword,0,8,8|9,1,0.1648017962773641,0,1.0,,,,,,,,,,,,,,,,,,,,,,,,,,,,,,,become noticeably larger or more pronounced.,Become significantly enlarged and firm.,"Become larger or grow unusually, as in size or extent.",0.8283591866493225,0.8465443849563599,0.8306910395622253,0.8351982037226359,0.8283591866493225,0.0098950116696866
550,"Doctor, I’m worried about my husband—his stomach’s gotten really big and hard, like a brewer’s goitre, even though he hasn’t been drinking more than usual.",been drinking,been drinking,is_multiword,0,21,21|22,1,0.1904103954633077,0,1.0,,,,,,,,,,,,,,,,,,,,,,,,,,,,,,,Consuming alcoholic beverages in moderate or excessive amounts.,Referring to alcohol consumption.,"Consumed or imbibed liquids, typically alcoholic beverages, over a period of time.",0.8160107731819153,0.8687653541564941,0.7439926862716675,0.8095896045366923,0.7439926862716675,0.062633682774144
553,"Doctor, I’ve been having trouble with my breathing and this big boep just keeps getting in the way when I try to bend down to tie my shoes.",boep just,boep just,is_multiword,0,11,11|12,1,0.9284709052493176,0,1.0,,,,,,,,,,,,,,,,,,,,,,,,,,,,,,,"A large, protruding stomach.","A loud, persistent sound hindering movement.","Obstruction or hindrance, specifically in the act of bending down.",0.0092050023376941,0.0090572331100702,0.1963250488042831,0.0715290947506825,0.0090572331100702,0.1080764917549022
553,"Doctor, I’ve been having trouble with my breathing and this big boep just keeps getting in the way when I try to bend down to tie my shoes.",boep just keeps,boep just keeps,is_multiword,0,11,11|12|13,1,0.8194206776097417,0,1.0,,,,,,,,,,,,,,,,,,,,,,,,,,,,,,,"a large, protruding stomach.",Persistent sound or feeling hindering movement.,Persists or continues to obstruct repeatedly,0.0096341297030448,0.0087737450376153,0.5233300924301147,0.1805793223902583,0.0087737450376153,0.2968311857565324
553,"Doctor, I’ve been having trouble with my breathing and this big boep just keeps getting in the way when I try to bend down to tie my shoes.",boep just keeps getting,boep just keeps getting,is_multiword,0,11,11|12|13|14,1,0.5152598520119984,0,1.0,,,,,,,,,,,,,,,,,,,,,,,,,,,,,,,"a large, protruding stomach that obstructs movement.",Persistent obstruction during movement.,"Obstructs repeatedly upon action (e.g., bending down), possibly a foreign object or body part.",0.5186331868171692,0.3840300738811493,0.551557183265686,0.4847401479880015,0.3840300738811493,0.0887574597174301
553,"Doctor, I’ve been having trouble with my breathing and this big boep just keeps getting in the way when I try to bend down to tie my shoes.",boep just keeps getting in,boep just keeps getting in,is_multiword,0,11,11|12|13|14|15,1,0.78508520933489,0,1.0,,,,,,,,,,,,,,,,,,,,,,,,,,,,,,,"a large, protruding stomach.",Persistent obstruction during movement.,"Obstacle persistently impedes or obstructs, specifically when bending down.",0.0087974937632679,0.0088858688250184,0.6270610094070435,0.2149147906651099,0.0087974937632679,0.3569290982394026
553,"Doctor, I’ve been having trouble with my breathing and this big boep just keeps getting in the way when I try to bend down to tie my shoes.",boep just keeps getting in the,boep just keeps getting in the,is_multiword,0,11,11|12|13|14|15|16,1,0.8365247131635746,0,1.0,,,,,,,,,,,,,,,,,,,,,,,,,,,,,,,"A large, protruding stomach.",Persistent obstruction during movement.,"A lump or growth obstructing movement, specifically interfering with bending down.",0.0088293757289648,0.0544660240411758,0.4271304607391357,0.1634752868364254,0.0088293757289648,0.2294694183579686
553,"Doctor, I’ve been having trouble with my breathing and this big boep just keeps getting in the way when I try to bend down to tie my shoes.",boep just keeps getting in the way,boep just keeps getting in the way,is_multiword,0,11,11|12|13|14|15|16|17,1,0.7072230375682313,0,1.0,,,,,,,,,,,,,,,,,,,,,,,,,,,,,,,"A large, protruding stomach.",Persistent obstruction hindering bending down.,"Obstruction or hindrance caused by a lump or protrusion, preventing easy movement or action (e.g., bending down).",0.0088756987825036,0.162533551454544,0.7069216370582581,0.2927769624317686,0.0088756987825036,0.3667963229955505
553,"Doctor, I’ve been having trouble with my breathing and this big boep just keeps getting in the way when I try to bend down to tie my shoes.",just keeps,just keeps,is_multiword,0,12,12|13,1,0.0615456302960714,0,1.0,,,,,,,,,,,,,,,,,,,,,,,,,,,,,,,Continuously persists or recurs without interruption.,Continually persists or recurs repeatedly.,Persists or continues in a consistent manner.,0.9404026865959167,0.9297052025794984,0.9452552199363708,0.9384543697039286,0.9297052025794984,0.007955986047214
553,"Doctor, I’ve been having trouble with my breathing and this big boep just keeps getting in the way when I try to bend down to tie my shoes.",just keeps getting,just keeps getting,is_multiword,0,12,12|13|14,1,0.4099275271097818,0,1.0,,,,,,,,,,,,,,,,,,,,,,,,,,,,,,,continually occurring or persisting without change or improvement.,continually interferes or obstructs,Persists or continues to occur repeatedly.,0.4391955137252807,0.7991037368774414,0.5319181680679321,0.5900724728902181,0.4391955137252807,0.1868687364171944
553,"Doctor, I’ve been having trouble with my breathing and this big boep just keeps getting in the way when I try to bend down to tie my shoes.",just keeps getting in,just keeps getting in,is_multiword,0,12,12|13|14|15,1,0.3737667699654897,0,1.0,,,,,,,,,,,,,,,,,,,,,,,,,,,,,,,"Continuously obstructs or interferes with something, causing difficulty or hindrance.",continually interferes or obstructs,"Persists or continues to occur or exist, especially in an unwanted or inconvenient manner.",0.8603532910346985,0.4735284745693207,0.5448179244995117,0.6262332300345103,0.4735284745693207,0.2058633008573558
553,"Doctor, I’ve been having trouble with my breathing and this big boep just keeps getting in the way when I try to bend down to tie my shoes.",just keeps getting in the,just keeps getting in the,is_multiword,0,12,12|13|14|15|16,1,0.2766213814417521,0,1.0,,,,,,,,,,,,,,,,,,,,,,,,,,,,,,,obstructing or interfering with movement or action.,continually obstructing or interfering.,"Obstructs or persistently remains in a position that impedes movement, in this case, bending down.",0.8464787602424622,0.6596848368644714,0.6639722585678101,0.7233786185582479,0.6596848368644714,0.1066294010028228
553,"Doctor, I’ve been having trouble with my breathing and this big boep just keeps getting in the way when I try to bend down to tie my shoes.",just keeps getting in the way,just keeps getting in the way,is_multiword,0,12,12|13|14|15|16|17,1,0.2118745843569437,0,1.0,,,,,,,,,,,,,,,,,,,,,,,,,,,,,,,"Continuously obstructs or interferes with movement or action, causing inconvenience or difficulty.",Causes obstruction or difficulty.,"Obstructs or hinders repeatedly, persistently remaining in an inconvenient position.",0.8266568779945374,0.880006730556488,0.6577126383781433,0.7881254156430563,0.6577126383781433,0.1160481410775558
553,"Doctor, I’ve been having trouble with my breathing and this big boep just keeps getting in the way when I try to bend down to tie my shoes.",keeps getting,keeps getting,is_multiword,0,13,13|14,1,0.0766185720761617,0,1.0,,,,,,,,,,,,,,,,,,,,,,,,,,,,,,,continuously occurring or persisting.,Continually appearing or occurring.,Persists or recurs in a continuous manner.,0.8850736021995544,0.9477025270462036,0.9373681545257568,0.9233814279238384,0.8850736021995544,0.033575540913579
553,"Doctor, I’ve been having trouble with my breathing and this big boep just keeps getting in the way when I try to bend down to tie my shoes.",keeps getting in,keeps getting in,is_multiword,0,13,13|14|15,1,0.6169541403651237,0,1.0,,,,,,,,,,,,,,,,,,,,,,,,,,,,,,,Obstructs or hinders movement or action.,Continues to interfere or obstruct.,Persists or recurs repeatedly in a certain state or condition.,0.8787857890129089,0.0457292720675468,0.2246225178241729,0.3830458596348762,0.0457292720675468,0.4385421946964029
553,"Doctor, I’ve been having trouble with my breathing and this big boep just keeps getting in the way when I try to bend down to tie my shoes.",keeps getting in the,keeps getting in the,is_multiword,0,13,13|14|15|16,1,0.3309139211972555,0,1.0,,,,,,,,,,,,,,,,,,,,,,,,,,,,,,,obstructing or interfering with movement.,Continuously hindering or obstructing.,Obstructs or repeatedly impedes the action of bending down.,0.8111138939857483,0.5389797687530518,0.6571645736694336,0.6690860788027445,0.5389797687530518,0.1364581886239294
553,"Doctor, I’ve been having trouble with my breathing and this big boep just keeps getting in the way when I try to bend down to tie my shoes.",keeps getting in the way,keeps getting in the way,is_multiword,0,13,13|14|15|16|17,1,0.1616381406784057,0,1.0,,,,,,,,,,,,,,,,,,,,,,,,,,,,,,,"Obstructs or hinders movement or action, causing difficulty or inconvenience.",Causes obstruction or difficulty.,Obstructs or hinders progress or action repeatedly.,0.8960371017456055,0.8123483657836914,0.8067001104354858,0.8383618593215942,0.8067001104354858,0.0500280010456242
553,"Doctor, I’ve been having trouble with my breathing and this big boep just keeps getting in the way when I try to bend down to tie my shoes.",getting in,getting in,is_multiword,0,14,14|15,1,0.2863087852795919,0,1.0,,,,,,,,,,,,,,,,,,,,,,,,,,,,,,,Obstructing or hindering movement or action.,Causing obstruction or hindrance.,Obstructing or hindering the action of bending down.,0.9057708978652954,0.5968443751335144,0.6384583711624146,0.7136912147204081,0.5968443751335144,0.1676421327535341
553,"Doctor, I’ve been having trouble with my breathing and this big boep just keeps getting in the way when I try to bend down to tie my shoes.",getting in the,getting in the,is_multiword,0,14,14|15|16,1,0.2857594887415567,0,1.0,,,,,,,,,,,,,,,,,,,,,,,,,,,,,,,obstructing or hindering movement or action.,Causing obstruction or hindrance.,Obstructing or hindering the action of bending down.,0.9065142273902892,0.5977489352226257,0.6384583711624146,0.7142405112584432,0.5977489352226257,0.1677533933486779
553,"Doctor, I’ve been having trouble with my breathing and this big boep just keeps getting in the way when I try to bend down to tie my shoes.",getting in the way,getting in the way,is_multiword,0,14,14|15|16|17,1,0.3075592517852783,0,1.0,,,,,,,,,,,,,,,,,,,,,,,,,,,,,,,"Obstructing or hindering movement or action, causing difficulty or inconvenience.",Obstructing or hindering the action of bending down.,"Obstructing or hindering the normal progress or movement of something else, particularly when bending down.",0.5872808694839478,0.6442357301712036,0.8458056449890137,0.6924407482147217,0.5872808694839478,0.1358365109641664
553,"Doctor, I’ve been having trouble with my breathing and this big boep just keeps getting in the way when I try to bend down to tie my shoes.",in the,in the,is_multiword,0,15,15|16,1,0.6759561027089755,0,1.0,,,,,,,,,,,,,,,,,,,,,,,,,,,,,,,"A location or position within something, such as a space or a container.",Indicating location within.,"In the context of the sentence, ""in the"" refers to a specific location or area where the speaker is trying to bend down to tie their shoes.",0.7390605807304382,0.112946406006813,0.1201247051358223,0.3240438972910245,0.112946406006813,0.3594329111870312
553,"Doctor, I’ve been having trouble with my breathing and this big boep just keeps getting in the way when I try to bend down to tie my shoes.",in the way,in the way,is_multiword,0,15,15|16|17,1,0.3023553689320882,0,1.0,,,,,,,,,,,,,,,,,,,,,,,,,,,,,,,"Obstructing or hindering movement or action, causing difficulty or inconvenience.",hindering or obstructing the action,"Obstructing or hindering the intended action or movement, particularly when bending down.",0.7765220999717712,0.6428518891334534,0.6735599040985107,0.6976446310679117,0.6428518891334534,0.0700141904993768
553,"Doctor, I’ve been having trouble with my breathing and this big boep just keeps getting in the way when I try to bend down to tie my shoes.",the way,the way,is_multiword,0,16,16|17,1,0.7653960247213641,0,1.0,,,,,,,,,,,,,,,,,,,,,,,,,,,,,,,"A path or course that something or someone follows, often implying an obstacle or hindrance.",The manner or method of something occurring.,"Method or manner in which something is done, especially when bending down.",0.0561436526477336,0.0099182436242699,0.6377500295639038,0.2346039752786358,0.0099182436242699,0.3498989181523455
556,"""I'm worried about this beer barrel look I've got, Doctor. My arms and legs are still thin, but my stomach sticks out like I'm nine months pregnant.""",look I've,look i've,is_multiword,0,6,6|7,1,0.3827501138051351,0,1.0,,,,,,,,,,,,,,,,,,,,,,,,,,,,,,,"Appearance or physical condition, especially one that is noticeable or unflattering.",Physical appearance or condition noticed.,"Visual appearance or aspect, as inferred from the surrounding context of a physical object or person.",0.6822137832641602,0.5942191481590271,0.5753167271614075,0.6172498861948649,0.5753167271614075,0.0570487188437681
556,"""I'm worried about this beer barrel look I've got, Doctor. My arms and legs are still thin, but my stomach sticks out like I'm nine months pregnant.""",look I've got,look i've got,is_multiword,0,6,6|7|8,1,0.5424044628938038,0,1.0,,,,,,,,,,,,,,,,,,,,,,,,,,,,,,,"Physical appearance or condition, especially one that is noticeable or unflattering.",Unusual or noticeable appearance.,Visual appearance or aspect currently present.,0.5249829292297363,0.3897923827171325,0.4580112993717193,0.4575955371061961,0.3897923827171325,0.0675962322196303
556,"""I'm worried about this beer barrel look I've got, Doctor. My arms and legs are still thin, but my stomach sticks out like I'm nine months pregnant.""",I've got,i've got,is_multiword,0,7,7|8,1,0.774773026506106,0,1.0,,,,,,,,,,,,,,,,,,,,,,,,,,,,,,,"Possessive pronoun referring to a physical appearance or condition, indicating ownership or association.",Expressed concern about a physical appearance change.,"Acquired or obtained, in this case, referring to the beer barrel-like appearance of the body.",0.2774513661861419,0.2025398164987564,0.1956897377967834,0.2252269734938939,0.1956897377967834,0.0453571525628693
556,"""I'm worried about this beer barrel look I've got, Doctor. My arms and legs are still thin, but my stomach sticks out like I'm nine months pregnant.""",sticks out,sticks out,is_multiword,0,20,20|21,1,0.3182009061177572,0,1.0,,,,,,,,,,,,,,,,,,,,,,,,,,,,,,,"projects outward from the body, often in an unsightly or unflattering manner.",Protrudes or bulges outward abnormally.,Protrudes or extends abnormally from the body.,0.5376983284950256,0.6894895434379578,0.8182094097137451,0.6817990938822428,0.5376983284950256,0.1404135817234234
560,My husband's potbelly keeps getting bigger and he's always tired—is that what you call android obesity?,potbelly keeps,potbelly keeps,is_multiword,0,2,2|3,1,0.2579406102498373,0,1.0,,,,,,,,,,,,,,,,,,,,,,,,,,,,,,,"A protruding stomach area, typically resulting from excessive fat accumulation.",Excess abdominal fat persistently increasing.,"A potbelly that keeps getting bigger refers to an enlargement of the abdomen, often associated with obesity or excessive accumulation of fat in the stomach area.",0.6964454054832458,0.7900049686431885,0.739727795124054,0.7420593897501627,0.6964454054832458,0.0468233404916308
561,"""Doc, I’ve got this potbelly that won’t go away no matter how much I diet—could it be that android obesity thing you mentioned last time?""",I’ve got,i've got,is_multiword,0,1,1|2,1,0.7289625902970631,0,1.0,,,,,,,,,,,,,,,,,,,,,,,,,,,,,,,"Possessive pronoun indicating ownership or association, referring to the speaker's body.",Expressing possession of a condition or characteristic.,Acquired or obtained; in possession of.,0.4131372570991516,0.2427917122840881,0.1571832597255706,0.2710374097029368,0.1571832597255706,0.130293809369005
562,"Doctor, I’ve been getting this beer goitre over the last year—my belly’s huge but my arms and legs stayed thin, and I’m worried it’s more than just weight.",goitre over,goitre over,is_multiword,0,6,6|7,1,0.2767484188079834,0,1.0,,,,,,,,,,,,,,,,,,,,,,,,,,,,,,,"A swelling of the thyroid gland, often visible as a lump in the neck.","Enlarged neck gland, here metaphorically describing abdominal swelling.","Enlargement or swelling of the thyroid gland, often visible as a noticeable neck mass.",0.6025509238243103,0.9531105160713196,0.6140933036804199,0.7232515811920166,0.6025509238243103,0.1991473175593169
562,"Doctor, I’ve been getting this beer goitre over the last year—my belly’s huge but my arms and legs stayed thin, and I’m worried it’s more than just weight.",belly’s huge,belly's huge,is_multiword,0,12,12|13,1,0.282267153263092,0,1.0,,,,,,,,,,,,,,,,,,,,,,,,,,,,,,,Abdominal area significantly enlarged due to excess fat or fluid accumulation.,Significantly enlarged abdomen.,"Enlarged abdomen, often associated with weight gain or certain medical conditions.",0.6844797730445862,0.7168266773223877,0.75189208984375,0.717732846736908,0.6844797730445862,0.0337152928403946
563,"My husband’s been complaining about his beer goitre for months, and now he’s short of breath just walking to the car—could that be causing his high blood pressure?",he’s short,he's short,is_multiword,0,12,12|13,1,0.7737908239165942,0,1.0,,,,,,,,,,,,,,,,,,,,,,,,,,,,,,,experiencing difficulty breathing due to insufficient oxygen intake.,Indicating a lack or insufficiency.,"The person is experiencing a state of having less than the usual amount of something, in this case, physical distance, while moving.",0.4144822955131531,0.0632345452904701,0.2009106874465942,0.2262091760834058,0.0632345452904701,0.1769851848449588
564,"Doctor, I'm worried about my husband's beer drinker's paunch—he's got this big hard belly but his arms and legs are still thin.",drinker's paunch,drinker's paunch,is_multiword,0,7,7|8,1,0.0634949604670206,0,1.0,,,,,,,,,,,,,,,,,,,,,,,,,,,,,,,"A condition of excessive fat accumulation around the abdomen, often associated with alcohol consumption.","Excess abdominal fat, suggesting alcohol consumption.","Excessive abdominal fat, often associated with regular alcohol consumption.",0.9428918361663818,0.9408080577850342,0.925815224647522,0.9365050395329794,0.925815224647522,0.0093160957380037
564,"Doctor, I'm worried about my husband's beer drinker's paunch—he's got this big hard belly but his arms and legs are still thin.",drinker's paunch he's,drinker's paunch he's,is_multiword,0,7,7|8|9,1,0.2554221351941427,0,1.0,,,,,,,,,,,,,,,,,,,,,,,,,,,,,,,"A condition of excessive fat accumulation around the abdomen, often associated with alcohol consumption.","Excess abdominal fat, indicating potential health concerns.","Excessive abdominal fat, often associated with regular alcohol consumption.",0.6536146402359009,0.9408080577850342,0.639310896396637,0.7445778648058573,0.639310896396637,0.170090757389808
564,"Doctor, I'm worried about my husband's beer drinker's paunch—he's got this big hard belly but his arms and legs are still thin.",drinker's paunch he's got,drinker's paunch he's got,is_multiword,0,7,7|8|9|10,1,0.2809367179870605,0,1.0,,,,,,,,,,,,,,,,,,,,,,,,,,,,,,,"A condition of excessive abdominal fat, often associated with alcohol consumption.","Excess abdominal fat, indicating potential health concerns.","Abdominal protrusion, typically associated with excessive alcohol consumption and/or obesity.",0.6591830849647522,0.8826438188552856,0.6153629422187805,0.7190632820129395,0.6153629422187805,0.1433492073671562
564,"Doctor, I'm worried about my husband's beer drinker's paunch—he's got this big hard belly but his arms and legs are still thin.",paunch he's,paunch he's,is_multiword,0,8,8|9,1,0.2701929608980814,1,1.0,,,,,,,,,,,,,,,,,,,,,,,,,,,,,,,"A protruding abdomen, typically resulting from excessive fat accumulation.","Excess abdominal fat, indicating potential health concerns.","Enlarged, protruding abdomen, often associated with obesity or excessive alcohol consumption.",0.7914324402809143,0.7363442778587341,0.6616443991661072,0.7298070391019186,0.6616443991661072,0.0651405060007014
564,"Doctor, I'm worried about my husband's beer drinker's paunch—he's got this big hard belly but his arms and legs are still thin.",paunch he's got,paunch he's got,is_multiword,0,8,8|9|10,1,0.2944366733233133,0,1.0,,,,,,,,,,,,,,,,,,,,,,,,,,,,,,,"A protruding abdomen, typically resulting from excessive fat accumulation.","Excess abdominal fat, indicating potential health concerns.","Abdominal protrusion, often associated with excessive alcohol consumption or obesity.",0.7914324402809143,0.7025527358055115,0.622704803943634,0.7055633266766866,0.622704803943634,0.0844040968142932
564,"Doctor, I'm worried about my husband's beer drinker's paunch—he's got this big hard belly but his arms and legs are still thin.",he's got,he's got,is_multiword,0,9,9|10,1,0.4381707608699798,0,1.0,,,,,,,,,,,,,,,,,,,,,,,,,,,,,,,"Possesses or has a particular characteristic, in this case, a large hard belly.",He possesses.,Possesses or has in this context.,0.4348401725292206,0.5364218354225159,0.714225709438324,0.5618292391300201,0.4348401725292206,0.1414150687899421
565,"My dad's been complaining about his beer drinker's paunch, and I'm concerned it might be more than just weight gain since his waist is getting huge.",drinker's paunch,drinker's paunch,is_multiword,0,7,7|8,1,0.3172430197397867,0,1.0,,,,,,,,,,,,,,,,,,,,,,,,,,,,,,,A man's stomach that becomes prominent due to excessive alcohol consumption.,"Excess abdominal fat, specifically from drinking alcohol.","Abdominal protrusion, typically associated with excessive alcohol consumption.",0.6269424557685852,0.6026694178581238,0.8186590671539307,0.6827569802602133,0.6026694178581238,0.1183187559472348
566,"My husband's booze balloon is getting out of control, doc—he can't even tie his shoes anymore because his belly's in the way, and he's been short of breath.",booze balloon,booze balloon,is_multiword,1,2,2|3,1,0.7247853778923552,0,1.0,,,,,,,,,,,,,,,,,,,,,,,,,,,,,,,"Excessive abdominal weight gain, often due to obesity, which can impair physical abilities and lead to related health issues.",Figurative term for alcohol addiction.,"Excessive accumulation of alcohol in the body, often resulting from chronic consumption.",0.0113220503553748,0.1404506564140319,0.6738711595535278,0.2752146221076448,0.0113220503553748,0.3512318683746087
567,"Doctor, I've got this booze balloon that's been growing for months—my stomach's huge but the rest of me is normal, and I'm worried it's from all the beer I drink.",I've got,i've got,is_multiword,0,1,1|2,1,0.4962640106678009,0,1.0,,,,,,,,,,,,,,,,,,,,,,,,,,,,,,,"Possessive pronoun indicating ownership or control, referring to the speaker's personal experience or situation.",I possess or suffer from something.,"Obtained or possessing (in this case, referring to a situation or object).",0.4243284165859222,0.6494327187538147,0.4374468326568603,0.5037359893321991,0.4243284165859222,0.1263474413400175
570,"""Could this be what they call a 'Milwaukee goiter'? I’ve been packing on weight only around my middle, and it’s making me feel awful.""",packing on,packing on,is_multiword,0,11,11|12,1,0.3633723060290018,0,1.0,,,,,,,,,,,,,,,,,,,,,,,,,,,,,,,"Gaining weight rapidly, especially in the abdominal area.",Accumulating fat around the midsection.,"Accumulating or gaining weight, especially in a gradual and continuous manner.",0.642207145690918,0.5764201879501343,0.6912557482719421,0.6366276939709982,0.5764201879501343,0.0576207357617644
572,"I've been trying to cut back on beer, but this booze belly just won't shrink, and my back's been killing me.",killing me,killing me,is_multiword,0,19,19|20,1,0.2042295138041178,0,1.0,,,,,,,,,,,,,,,,,,,,,,,,,,,,,,,Causing severe pain or discomfort.,Causing severe pain or discomfort.,Causing severe pain or discomfort in the back.,0.9682719707489014,0.7095197439193726,0.7095197439193726,0.7957704861958822,0.7095197439193726,0.1493906678134435
573,"Doctor, I think my husband's got that booze belly—he can't even see his feet anymore, and his pants don't fit.",husband's got,husband's got,is_multiword,0,4,4|5,1,0.3821360270182291,0,1.0,,,,,,,,,,,,,,,,,,,,,,,,,,,,,,,Having a noticeable stomach bulge due to excessive alcohol consumption.,Refers to the husband having a noticeable potbelly due to alcohol consumption.,"The husband is in possession of or experiencing something, in this case, a condition or state, which is ""booze belly."" This refers to a protruding abdomen, often associated",0.6632997989654541,0.4905582070350647,0.6997339129447937,0.6178639729817709,0.4905582070350647,0.1117449314189373
574,"""I came in 'cause my wife said my 'big front' is getting out of hand—I'm downing a six-pack a night and my belt won't fit.""",in cause,in cause,is_multiword,0,2,2|3,1,0.5077979664007823,1,1.0,,,,,,,,,,,,,,,,,,,,,,,,,,,,,,,"Because of a reason or circumstance, in this case, a wife's statement.",because of the reason,"To enter a place or situation due to a request, instruction, or reason given by someone else.",0.5118837356567383,0.3740126192569732,0.5907097458839417,0.4922020335992177,0.3740126192569732,0.1096810750266738
576,"""Doc, I can't seem to keep anything down, and I've lost so much weight—I think I'm 'off chump' like my cousin was.""",so much,so much,is_multiword,0,11,11|12,1,0.5584392882883549,0,1.0,,,,,,,,,,,,,,,,,,,,,,,,,,,,,,,To such a great extent or degree; to a considerable or excessive amount.,To an excessive degree.,"Significant quantity, often referring to a substantial decrease or loss.",0.8578377366065979,0.4248831868171692,0.0419612117111682,0.4415607117116451,0.0419612117111682,0.4081938642928321
576,"""Doc, I can't seem to keep anything down, and I've lost so much weight—I think I'm 'off chump' like my cousin was.""",off chump,off chump,is_multiword,1,17,17|18,1,0.8191728256642818,0,1.0,,,,,,,,,,,,,,,,,,,,,,,,,,,,,,,"Completely recovered from an illness, especially after a period of being severely weakened or emaciated.",Slang for severely ill or sick.,"Noun: A condition of severe, persistent vomiting, often due to a gastrointestinal disorder.",0.2399078458547592,0.050386693328619,0.2521869838237762,0.1808271743357181,0.050386693328619,0.1131314881955421
577,"""Every time I look in the mirror, I feel huge, but the scale says I'm wasting away—could this be that 'off chump' thing?""",wasting away,wasting away,is_multiword,0,15,15|16,1,0.3762616713841756,0,1.0,,,,,,,,,,,,,,,,,,,,,,,,,,,,,,,Gradually losing weight and strength due to illness or disease.,Gradually becoming thinner or weaker.,"Progressive loss or reduction of body weight, often due to illness or lack of nutrition, despite normal or increased appetite.",0.6209128499031067,0.7422863841056824,0.5080157518386841,0.6237383286158243,0.5080157518386841,0.1171608713827351
577,"""Every time I look in the mirror, I feel huge, but the scale says I'm wasting away—could this be that 'off chump' thing?""",off chump,off chump,is_multiword,1,21,21|22,1,0.8061449627081553,0,1.0,,,,,,,,,,,,,,,,,,,,,,,,,,,,,,,"A person who has lost weight, often unexpectedly, due to a change in metabolism or other factors.",A condition causing significant discrepancy between appearance and weight.,"An 'off chump' in this context refers to a misleading or deceptive situation, where something appears to be one way (in this case, the person feeling large), but the reality",0.3442430198192596,0.0984322875738143,0.13888980448246,0.1938550372918447,0.0984322875738143,0.1318014098373112
579,"Doctor, my daughter's been barely eating for weeks now—I'm worried she's got the chuck horrors.",she's got,she's got,is_multiword,0,11,11|12,1,0.6692772097885609,0,1.0,,,,,,,,,,,,,,,,,,,,,,,,,,,,,,,appears to be suffering from a condition.,She is experiencing severe nausea or vomiting.,Has (a condition or characteristic),0.4845269918441772,0.4933888912200928,0.0142524875700473,0.3307227902114391,0.0142524875700473,0.2741071371846924
579,"Doctor, my daughter's been barely eating for weeks now—I'm worried she's got the chuck horrors.",chuck horrors,chuck horrors,is_multiword,1,14,14|15,1,0.5949721659223239,0,1.0,,,,,,,,,,,,,,,,,,,,,,,,,,,,,,,"A colloquial term for anorexia nervosa, a psychological eating disorder characterized by food avoidance.",A colloquial term for severe nausea or stomach issues.,"Acute anorexia nervosa, a severe eating disorder characterized by a persistent refusal to eat.",0.3076812326908111,0.8257676959037781,0.0816345736384391,0.4050278340776761,0.0816345736384391,0.381498095033606
580,"My husband says his ass pussy has been itching and bleeding after he goes to the bathroom, could you take a look?",ass pussy,ass pussy,is_multiword,1,4,4|5,1,0.4719178775946299,0,1.0,,,,,,,,,,,,,,,,,,,,,,,,,,,,,,,"The anal area, specifically the skin around the anus.",An informal term for the perineal area.,Anatomically incorrect slang referring to the anus.,0.7262791991233826,0.4822995960712433,0.3756675720214844,0.5280821224053701,0.3756675720214844,0.1797335751964874
581,"Doctor, my son keeps complaining about a sharp pain in his ass pussy when he sits down, and I'm worried it might be infected.",ass pussy,ass pussy,is_multiword,1,11,11|12,1,0.5345770816008251,0,1.0,,,,,,,,,,,,,,,,,,,,,,,,,,,,,,,The area around the anus.,Anatomical term referring to the buttocks and genital area.,Anatomical error for anus or rectum. Incorrect slang for the anus.,0.4437297582626343,0.4000302255153656,0.5525087714195251,0.465422918399175,0.4000302255153656,0.078519880525851
585,"Doctor, I've been feeling a sharp pain right around my keyster whenever I sit down for too long.",keyster whenever,keyster whenever,is_multiword,0,10,10|11,1,0.6506391167640686,0,1.0,,,,,,,,,,,,,,,,,,,,,,,,,,,,,,,"The lower part of the abdomen, specifically the area around the rectum.",Refers to the buttocks area.,"Anatomical region referring to the lower back and buttocks, specifically where pain is felt when sitting for extended periods.",0.2537593245506286,0.1813165545463562,0.6130067706108093,0.3493608832359314,0.1813165545463562,0.2311792684881974
589,"Doctor, my son keeps complaining about pain in his bakery goods when he sits down after playing outside.",bakery goods,bakery goods,is_multiword,1,9,9|10,1,0.3693420092264811,0,1.0,,,,,,,,,,,,,,,,,,,,,,,,,,,,,,,"Baked items such as cakes, pastries, and breads made and sold by a baker.",Food items like bread or cakes.,"Edible products made from flour, water, and leavening agents, typically baked in an oven.",0.7475965619087219,0.6118083000183105,0.5325691103935242,0.6306579907735189,0.5325691103935242,0.1087459624880639
593,My son keeps pointing at his back tottie and crying when he sits down—could something be wrong down there?,back tottie,back tottie,is_multiword,1,6,6|7,1,0.6375359892845154,0,1.0,,,,,,,,,,,,,,,,,,,,,,,,,,,,,,,"Lower back region of the body, specifically the area around the tailbone.",Back protrusion indicating possible discomfort or injury.,"Lower back region, possibly referring to a specific toy or object attached there.",0.3524732291698456,0.3988683521747589,0.3360504508018493,0.3624640107154846,0.3360504508018493,0.0325788884117254
594,"""I noticed some bleeding from my bog hole after I went to the toilet this morning; could that be something serious?""",bog hole,bog hole,is_multiword,1,6,6|7,1,0.1764869689941406,0,1.0,,,,,,,,,,,,,,,,,,,,,,,,,,,,,,,A colloquial or informal term for the anus.,An informal term for the anus.,Anus or rectum (in informal context).,0.869331955909729,0.8279791474342346,0.7732279896736145,0.8235130310058594,0.7732279896736145,0.0482073928826472
595,"""Doctor, I've been feeling a sharp pain down in my bog hole every time I sit down—it's getting worse.""",bog hole,bog hole,is_multiword,1,10,10|11,1,0.857017216583093,0,1.0,,,,,,,,,,,,,,,,,,,,,,,,,,,,,,,"The anal region, specifically the area around the anus.",An informal term for the buttocks.,"Anatomical depression in the lower abdomen, specifically the area over the coccyx.",0.3018813729286194,0.1135841608047485,0.013482816517353,0.1429827834169069,0.013482816517353,0.1464296455423036
598,I’m here with my mom—she says she feels like something is stuck in her back hole and it’s been bleeding when she wipes.,it’s been,it's been,is_multiword,0,18,18|19,1,0.5091128249963124,0,1.0,,,,,,,,,,,,,,,,,,,,,,,,,,,,,,,a period of time during which something has been occurring or persisting.,Indicates a persistent condition.,Has occurred repeatedly in the past.,0.6805123686790466,0.5399098992347717,0.2522392570972442,0.4908871750036875,0.2522392570972442,0.2183045696825135
599,"Doctor, my son keeps complaining about a sharp pain in his back hole whenever he sits down to do his homework.",hole whenever,hole whenever,is_multiword,0,12,12|13,1,0.6208342115084331,0,1.0,,,,,,,,,,,,,,,,,,,,,,,,,,,,,,,A cavity or opening at the end of the rectum.,"Anatomical opening, specifically referring to the anus.",Anatomical cavity in the lower part of the back where the spinal cord ends and the large intestine begins.,0.5099232792854309,0.3573448061943054,0.2702292799949646,0.3791657884915669,0.2702292799949646,0.1213277370401243
601,"""Doctor, ever since I started that new medication, my farter's been itching something fierce—I can't sit still.""",something fierce,something fierce,is_multiword,0,12,12|13,1,0.1716835896174112,0,1.0,,,,,,,,,,,,,,,,,,,,,,,,,,,,,,,Extremely severely or intensely.,Extremely intensely or severely.,"Intensely, severely, or extremely agitated or irritated.",0.968601942062378,0.7641998529434204,0.7521474361419678,0.8283164103825887,0.7521474361419678,0.1216401988928818
603,"My mom keeps complaining about a burning itch around her ass canal, and she's too embarrassed to check it herself.",mom keeps,mom keeps,is_multiword,0,1,1|2,1,0.3709179759025574,0,1.0,,,,,,,,,,,,,,,,,,,,,,,,,,,,,,,Female parent or guardian who has raised the speaker.,Refers to the speaker's mother.,"A parent, typically a female figure, who consistently maintains and cares for their child or children. In this context, the speaker's mother.",0.5403584837913513,0.7109301686286926,0.6359574198722839,0.6290820240974426,0.5403584837913513,0.0854934396159018
603,"My mom keeps complaining about a burning itch around her ass canal, and she's too embarrassed to check it herself.",ass canal,ass canal,is_multiword,1,10,10|11,1,0.2397164503733316,0,1.0,,,,,,,,,,,,,,,,,,,,,,,,,,,,,,,"The anal canal, a short tube at the end of the digestive tract, connecting the rectum to the outside of the body.",The anal opening or rectal opening.,"Anus or anal canal, the lower part of the digestive tract through which feces exit the body.",0.7878845930099487,0.7587313652038574,0.7342346906661987,0.7602835496266683,0.7342346906661987,0.0268586105883251
604,My son keeps complaining that his ass chute hurts when he goes to the bathroom—could he have some kind of infection?,ass chute,ass chute,is_multiword,1,6,6|7,1,0.3148363828659057,0,1.0,,,,,,,,,,,,,,,,,,,,,,,,,,,,,,,The anal canal or the passage through which feces pass out of the body.,An informal term for the anus.,"Anatomical term for the anus and rectum, collectively referring to the lower part of the digestive tract through which waste is expelled.",0.6181317567825317,0.824891984462738,0.6124671101570129,0.6851636171340942,0.6124671101570129,0.1210414579084138
605,"Doctor, my ass chute has been feeling really sore and itchy ever since I started that new medication.",ass chute,ass chute,is_multiword,1,2,2|3,1,0.6697634930411975,1,1.0,,,,,,,,,,,,,,,,,,,,,,,,,,,,,,,"The anal region, specifically the opening at the end of the digestive tract.",The buttocks area experiencing discomfort.,Anatomical term for the anus and the surrounding area.,0.1195699796080589,0.7263398766517639,0.1447996646165847,0.3302365069588025,0.1195699796080589,0.3432674523793313
605,"Doctor, my ass chute has been feeling really sore and itchy ever since I started that new medication.",really sore,really sore,is_multiword,0,7,7|8,1,0.1359014511108398,0,1.0,,,,,,,,,,,,,,,,,,,,,,,,,,,,,,,"Extremely painful, causing discomfort.",Extremely painful.,Experiencing a high level of pain or discomfort.,0.8184667229652405,0.9058563113212584,0.8679726123809814,0.8640985488891602,0.8184667229652405,0.043823410572576
608,"""I keep getting this sharp pain near my windmill when I sit down, and I was wondering if maybe I strained something.""",keep getting,keep getting,is_multiword,0,1,1|2,1,0.1832784414291381,0,1.0,,,,,,,,,,,,,,,,,,,,,,,,,,,,,,,"To repeatedly experience or encounter something, such as a problem or a sensation, over a period of time.",Continuously experiencing repeatedly.,Repeatedly experiencing or encountering something over a period of time.,0.7831301093101501,0.7448200583457947,0.9222145080566406,0.8167215585708618,0.7448200583457947,0.0933460593417295
608,"""I keep getting this sharp pain near my windmill when I sit down, and I was wondering if maybe I strained something.""",was wondering,was wondering,is_multiword,0,15,15|16,1,0.2264544566472371,0,1.0,,,,,,,,,,,,,,,,,,,,,,,,,,,,,,,"To be in a state of curiosity or uncertainty about something, often accompanied by a desire to know or understand.",Expressing doubt or inquiry about a possible explanation.,Contemplated or pondered about a possibility.,0.8513240218162537,0.7455877065658569,0.723724901676178,0.7735455433527628,0.723724901676178,0.0682393899700372
609,"""Doctor, ever since I started that new medication, my windmill's been feeling really sore and itchy—like something's not right back there.""",really sore,really sore,is_multiword,0,12,12|13,1,0.1129570802052816,0,1.0,,,,,,,,,,,,,,,,,,,,,,,,,,,,,,,Extremely painful.,Experiencing significant discomfort and pain.,Experiencing a high degree of pain or discomfort.,0.849089503288269,0.8651160597801208,0.9469231963157654,0.8870429197947184,0.849089503288269,0.0524733100292369
612,"My mother-in-law says her back bum has been itching and bleeding a bit when she wipes, and she's too embarrassed to ask about it herself.",back bum,back bum,is_multiword,1,5,5|6,1,0.434793750445048,0,1.0,,,,,,,,,,,,,,,,,,,,,,,,,,,,,,,"The area of the body at the base of the spine, specifically the buttocks.","The buttocks, specifically referring to discomfort there.","The back bum refers to the lower back area of one's body, particularly when referring to the buttocks from a rear perspective.",0.5692546963691711,0.5666399598121643,0.5597240924835205,0.565206249554952,0.5597240924835205,0.004924403154954
616,"My husband says his ass cunt feels sore when he sits down, and he's been avoiding the toilet.",ass cunt,ass cunt,is_multiword,1,4,4|5,1,0.9305662944292028,1,1.0,,,,,,,,,,,,,,,,,,,,,,,,,,,,,,,I can't provide a definition for the target span. Is there anything else I can help you with?,Slang terms for the buttocks area.,Anatomical term referring to the anus or rectum.,0.0098560666665434,0.0094776879996061,0.1889673620462417,0.0694337055707971,0.0094776879996061,0.1035193559939207
617,"Doctor, my son keeps pointing to his bottom and crying—I think his ass cunt might be irritated or infected.",ass cunt,ass cunt,is_multiword,1,13,13|14,1,0.5345907807350159,0,1.0,,,,,,,,,,,,,,,,,,,,,,,,,,,,,,,The buttocks or the region around the anus.,Refers to the buttocks area in a vulgar manner.,Anatomical term for the anus or anal opening.,0.5483524203300476,0.6641979813575745,0.1836772561073303,0.4654092192649841,0.1836772561073303,0.2507682651392413
617,"Doctor, my son keeps pointing to his bottom and crying—I think his ass cunt might be irritated or infected.",ass cunt might,ass cunt might,is_multiword,0,13,13|14|15,1,0.5497544209162395,0,1.0,,,,,,,,,,,,,,,,,,,,,,,,,,,,,,,The buttocks or anal region.,Refers to a sensitive skin irritation or infection in the buttocks area.,Anus or anus-related cavity might be irritated or infected.,0.4058413803577423,0.458335280418396,0.4865600764751434,0.4502455790837605,0.4058413803577423,0.0409629030524697
617,"Doctor, my son keeps pointing to his bottom and crying—I think his ass cunt might be irritated or infected.",cunt might,cunt might,is_multiword,0,14,14|15,1,0.6792180786530178,1,1.0,,,,,,,,,,,,,,,,,,,,,,,,,,,,,,,"Vulva or genital area, particularly the labia or vulval opening.",Refers to a sensitive skin irritation or infection in the buttocks area.,Might be a potential sign of irritation or infection in the anus.,0.1300892978906631,0.3338349163532257,0.4984215497970581,0.3207819213469823,0.1300892978906631,0.1845127297982005
621,"Doctor, I've been having a sharp pain in my cornhole every time I sit down to use the bathroom.",I've been,i've been,is_multiword,0,1,1|2,1,0.1820073922475179,0,1.0,,,,,,,,,,,,,,,,,,,,,,,,,,,,,,,"Having experienced or undergone something for a period of time, typically since a specific point in the past.",Indicating a recurring experience over time.,A sequence of events or actions that have been ongoing or recurring in the past.,0.8502990007400513,0.7480940818786621,0.8555847406387329,0.8179926077524821,0.7480940818786621,0.0605915646032427
621,"Doctor, I've been having a sharp pain in my cornhole every time I sit down to use the bathroom.",I've been having,i've been having,is_multiword,0,1,1|2|3,1,0.4785093665122986,0,1.0,,,,,,,,,,,,,,,,,,,,,,,,,,,,,,,Experiencing or suffering from a condition or problem over a period of time.,Expressing a recurring health issue.,Experiencing repeatedly over a period of time.,0.6146524548530579,0.7555425763130188,0.1942768692970276,0.5214906334877014,0.1942768692970276,0.292000243472712
621,"Doctor, I've been having a sharp pain in my cornhole every time I sit down to use the bathroom.",been having,been having,is_multiword,0,2,2|3,1,0.1659638086954752,0,1.0,,,,,,,,,,,,,,,,,,,,,,,,,,,,,,,experiencing or suffering from a condition or problem repeatedly.,Experiencing consistently over time.,Experiencing repeatedly over a period of time.,0.7600429654121399,0.7785128951072693,0.963552713394165,0.8340361913045248,0.7600429654121399,0.1125441322165796
622,"Doctor, I've been having some real sharp pain around my bunghole every time I go to the bathroom.",I've been,i've been,is_multiword,0,1,1|2,1,0.5166090031464894,0,1.0,,,,,,,,,,,,,,,,,,,,,,,,,,,,,,,"Having experienced or undergone something for a period of time, typically since a specific point in the past.",Indicate a persistent experience of symptoms.,A sequence of events or actions that have occurred in the past and continue to occur up to the present moment.,0.5909770131111145,0.7003830671310425,0.1588129103183746,0.4833909968535105,0.1588129103183746,0.2863662372874297
622,"Doctor, I've been having some real sharp pain around my bunghole every time I go to the bathroom.",I've been having,i've been having,is_multiword,0,1,1|2|3,1,0.2258882919947306,0,1.0,,,,,,,,,,,,,,,,,,,,,,,,,,,,,,,Experiencing or suffering from a particular condition or problem over a period of time.,Indicating ongoing experience of symptoms.,Experiencing repeatedly over a period of time.,0.8331605792045593,0.7301436066627502,0.7590309381484985,0.7741117080052694,0.7301436066627502,0.0531384641528585
622,"Doctor, I've been having some real sharp pain around my bunghole every time I go to the bathroom.",been having,been having,is_multiword,0,2,2|3,1,0.2732846538225809,0,1.0,,,,,,,,,,,,,,,,,,,,,,,,,,,,,,,experiencing or suffering from a particular condition or sensation.,Experiencing consistently over time.,Experiencing repeatedly over a period of time.,0.5855929255485535,0.6310003995895386,0.963552713394165,0.7267153461774191,0.5855929255485535,0.2063599126703525
628,My husband says he feels a sharp pain in his back bottie whenever he sits down after his long truck drives.,bottie whenever,bottie whenever,is_multiword,0,11,11|12,1,0.8247218274821838,1,1.0,,,,,,,,,,,,,,,,,,,,,,,,,,,,,,,"lower back area, especially when referring to a specific, recurring condition.","Buttock area, colloquially used.","Lower back area, specifically when referring to a seated position after prolonged driving.",0.0184340085834264,0.4706838726997375,0.0367166362702846,0.1752781725178162,0.0184340085834264,0.2559921080692967
631,"Doctor, I've been having this sharp pain in my rectum every time I sit down to use the toilet.",I've been,i've been,is_multiword,0,1,1|2,1,0.3627696633338928,0,1.0,,,,,,,,,,,,,,,,,,,,,,,,,,,,,,,Having experienced or undergone something repeatedly over a period of time.,Indicating a recurring condition over time.,A sequence of events or actions that have occurred in the past and continue to occur up to the present moment.,0.6887012124061584,0.6403922438621521,0.582597553730011,0.6372303366661072,0.582597553730011,0.0531224513643092
631,"Doctor, I've been having this sharp pain in my rectum every time I sit down to use the toilet.",I've been having,i've been having,is_multiword,0,1,1|2|3,1,0.2068671186765035,0,1.0,,,,,,,,,,,,,,,,,,,,,,,,,,,,,,,Experiencing or suffering from a condition or symptom over a period of time.,Expressing a recurring symptom over time.,Experiencing repeatedly over a period of time.,0.8691122531890869,0.7780762314796448,0.7322101593017578,0.7931328813234965,0.7322101593017578,0.0696819406738506
631,"Doctor, I've been having this sharp pain in my rectum every time I sit down to use the toilet.",been having,been having,is_multiword,0,2,2|3,1,0.2237435181935628,0,1.0,,,,,,,,,,,,,,,,,,,,,,,,,,,,,,,experiencing recurring episodes of a particular condition or symptom.,Experiencing consistently over time.,Experiencing repeatedly over a period of time.,0.6439687013626099,0.7212480306625366,0.963552713394165,0.7762564818064371,0.6439687013626099,0.1667421136350516
632,"My mom keeps complaining about itching around her ass channel, and she’s too embarrassed to mention it herself.",mom keeps,mom keeps,is_multiword,0,1,1|2,1,0.4586672882239023,0,1.0,,,,,,,,,,,,,,,,,,,,,,,,,,,,,,,Female parent who is the speaker's mother.,Refers to the speaker's mother.,"A parent, typically a female figure, consistently maintains or holds something, in this case, complaints, over a period of time.",0.7903792262077332,0.4533687829971313,0.3802501261234283,0.5413327117760977,0.3802501261234283,0.2187571924729875
632,"My mom keeps complaining about itching around her ass channel, and she’s too embarrassed to mention it herself.",ass channel,ass channel,is_multiword,1,8,8|9,1,0.2371464371681213,0,1.0,,,,,,,,,,,,,,,,,,,,,,,,,,,,,,,"The anal region, specifically the area around the anus.",The anal canal.,Anatomical term for the anus and the surrounding area.,0.738692581653595,0.8573135137557983,0.6925545930862427,0.7628535628318787,0.6925545930862427,0.0849952365940131
633,"Doctor, I’ve been having some burning pain down in my ass channel after I go to the bathroom.",ass channel,ass channel,is_multiword,1,10,10|11,1,0.3287596702575683,0,1.0,,,,,,,,,,,,,,,,,,,,,,,,,,,,,,,"The anal canal, a short tube at the end of the digestive tract where waste leaves the body.",Anatomical term for the rectal opening.,Anatomical region referring to the lower part of the anus and rectum.,0.6472586393356323,0.5645237565040588,0.8019385933876038,0.6712403297424316,0.5645237565040588,0.1205105484975723
634,"Doctor, I've been having this sharp pain near my abyss every time I sit down to use the bathroom.",I've been,i've been,is_multiword,0,1,1|2,1,0.1713303526242574,0,1.0,,,,,,,,,,,,,,,,,,,,,,,,,,,,,,,Having experienced or undergone something repeatedly over a period of time.,Indicating a recurring experience over time.,"A sequence of events or actions that have been ongoing or recurring in the past, continuing up to the present.",0.8991060256958008,0.7363210320472717,0.8505818843841553,0.8286696473757426,0.7363210320472717,0.0835754039016417
634,"Doctor, I've been having this sharp pain near my abyss every time I sit down to use the bathroom.",I've been having,i've been having,is_multiword,0,1,1|2|3,1,0.2572182019551595,0,1.0,,,,,,,,,,,,,,,,,,,,,,,,,,,,,,,Experiencing recurring or persistent symptoms.,Indicating ongoing experience of a condition.,Experiencing repeatedly over a period of time.,0.743557870388031,0.6987482309341431,0.7860392928123474,0.7427817980448405,0.6987482309341431,0.0436507054601357
634,"Doctor, I've been having this sharp pain near my abyss every time I sit down to use the bathroom.",been having,been having,is_multiword,0,2,2|3,1,0.2011204560597738,0,1.0,,,,,,,,,,,,,,,,,,,,,,,,,,,,,,,experiencing recurring episodes of a particular condition or sensation.,Experiencing consistently over time.,Experiencing repeatedly over a period of time.,0.6725295782089233,0.7605563402175903,0.963552713394165,0.7988795439402262,0.6725295782089233,0.1492485084043953
637,"Doctor, I've been having some itching and irritation around my batcave and I'm not sure what's causing it.",I've been,i've been,is_multiword,0,1,1|2,1,0.7007172616819541,0,1.0,,,,,,,,,,,,,,,,,,,,,,,,,,,,,,,Having been in existence or experiencing something for a certain period of time.,Indicating a recent onset of symptoms.,"A sequence of events or actions that have occurred in the past, typically ongoing or recurring.",0.3226551115512848,0.5375654697418213,0.0376276336610317,0.2992827383180459,0.0376276336610317,0.2507870827199857
637,"Doctor, I've been having some itching and irritation around my batcave and I'm not sure what's causing it.",I've been having,i've been having,is_multiword,0,1,1|2|3,1,0.3996387422084808,0,1.0,,,,,,,,,,,,,,,,,,,,,,,,,,,,,,,Experiencing or suffering from something for a period of time.,Indicating ongoing personal health symptoms.,Experiencing or continuing to undergo (a particular condition or experience) over a period of time.,0.5316369533538818,0.8538614511489868,0.4155853688716888,0.6003612577915192,0.4155853688716888,0.2270765368535728
637,"Doctor, I've been having some itching and irritation around my batcave and I'm not sure what's causing it.",been having,been having,is_multiword,0,2,2|3,1,0.2914271752039591,0,1.0,,,,,,,,,,,,,,,,,,,,,,,,,,,,,,,experiencing or suffering from a particular condition or problem.,Experiencing symptoms over time.,Experiencing repeatedly over a period of time.,0.749049961566925,0.5936937928199768,0.7829747200012207,0.7085728247960409,0.5936937928199768,0.100923814333013
640,"My husband keeps complaining about itching around his dirt chute, and I'm worried it might be something serious.",dirt chute,dirt chute,is_multiword,1,8,8|9,1,0.9824545585239928,1,1.0,,,,,,,,,,,,,,,,,,,,,,,,,,,,,,,A colloquial term for the anal region.,An opening for waste disposal in a toilet.,"A dirt chute is a narrow, vertical shaft designed to transport soil or debris from an excavation site to the surface. (In this context, it likely refers to a specific area on the",0.0089519117027521,0.0097674811258912,0.0339169315993785,0.0175454414760073,0.0089519117027521,0.0141839893900031
641,"Doctor, I've been having this sharp pain near my dirt chute every time I sit down to use the bathroom.",I've been,i've been,is_multiword,0,1,1|2,1,0.1713303526242574,0,1.0,,,,,,,,,,,,,,,,,,,,,,,,,,,,,,,Having experienced or undergone something repeatedly over a period of time.,Indicating a recurring experience over time.,"A sequence of events or actions that have been ongoing or recurring in the past, continuing up to the present.",0.8991060256958008,0.7363210320472717,0.8505818843841553,0.8286696473757426,0.7363210320472717,0.0835754039016417
641,"Doctor, I've been having this sharp pain near my dirt chute every time I sit down to use the bathroom.",I've been having,i've been having,is_multiword,0,1,1|2|3,1,0.6315697077661753,0,1.0,,,,,,,,,,,,,,,,,,,,,,,,,,,,,,,Experiencing recurring symptoms or sensations.,Indicating ongoing personal health issue.,Experiencing repeatedly over a period of time.,0.3156370222568512,0.7754048705101013,0.0142489839345216,0.3684302922338247,0.0142489839345216,0.3833143852418147
641,"Doctor, I've been having this sharp pain near my dirt chute every time I sit down to use the bathroom.",been having,been having,is_multiword,0,2,2|3,1,0.2011204560597738,0,1.0,,,,,,,,,,,,,,,,,,,,,,,,,,,,,,,experiencing recurring episodes of a particular condition or sensation.,Experiencing consistently over time.,Experiencing repeatedly over a period of time.,0.6725295782089233,0.7605563402175903,0.963552713394165,0.7988795439402262,0.6725295782089233,0.1492485084043953
641,"Doctor, I've been having this sharp pain near my dirt chute every time I sit down to use the bathroom.",dirt chute,dirt chute,is_multiword,1,9,9|10,1,0.2375689347585042,0,1.0,,,,,,,,,,,,,,,,,,,,,,,,,,,,,,,A colloquial term for the anal region.,An informal term for the anus.,"Anatomical term for the rectum, particularly referring to the lower part near the anus.",0.9359063506126404,0.6262990236282349,0.7250878214836121,0.7624310652414957,0.6262990236282349,0.1581457006098417
642,"Doctor, my son keeps complaining about a sharp pain in his bazoo whenever he sits down—could it be a fissure?",bazoo whenever,bazoo whenever,is_multiword,0,11,11|12,1,0.5898973445097606,0,1.0,,,,,,,,,,,,,,,,,,,,,,,,,,,,,,,the lower part of the abdomen or stomach.,An informal term for the buttocks.,"Abdominal region, specifically lower part, when referring to a child.",0.1367619633674621,0.6739915013313293,0.4195545017719269,0.4101026554902394,0.1367619633674621,0.2687394596329632
646,"Doctor, my son keeps scratching back there and saying his ars musica hurts when he wipes.",ars musica,ars musica,is_multiword,1,10,10|11,1,0.7462250562384725,0,1.0,,,,,,,,,,,,,,,,,,,,,,,,,,,,,,,"A region of the buttocks, specifically the area where the buttocks meet the thighs.","A euphemism for anus, referring to pain during bowel movements.",Anatomical term for the anal region or anus.,0.0140950018540024,0.2289706021547317,0.5182592272758484,0.2537749437615275,0.0140950018540024,0.2529957174948075
647,"Doctor, my husband has been complaining about a burning sensation in his ars musica, especially after spicy food.",ars musica,ars musica,is_multiword,1,12,12|13,1,0.9528378713876008,0,1.0,,,,,,,,,,,,,,,,,,,,,,,,,,,,,,,The vocal cords or the part of the throat where music is produced.,Anatomical term for the buttocks.,"Ars musica refers to the Latin term for ""art of music,"" but in this context, it is likely used as a metaphor for the area of the body where the burning sensation is being",0.0091365259140729,0.1202431693673133,0.0121066905558109,0.0471621286123991,0.0091365259140729,0.0633074589433649
651,My husband says he's got a sharp pain right in his batty-hole that won't go away.,he's got,he's got,is_multiword,0,3,3|4,1,0.2930529316266378,0,1.0,,,,,,,,,,,,,,,,,,,,,,,,,,,,,,,"Possesses or has something, especially in a casual or informal manner.",He possesses or experiences.,Possesses or has obtained.,0.7206065654754639,0.7421097159385681,0.6581249237060547,0.7069470683733622,0.6581249237060547,0.0436268005633733
659,My mother has been complaining about a sharp pain near her ass-bud ever since she had that fall last week.,ass-bud ever,ass-bud ever,is_multiword,0,11,11|12,1,0.566944142182668,0,1.0,,,,,,,,,,,,,,,,,,,,,,,,,,,,,,,The area near the anus.,Refers to the buttocks area where pain is experienced.,"Gluteal region, specifically the buttock.",0.3146966397762298,0.4944809377193451,0.4899899959564209,0.4330558578173319,0.3146966397762298,0.1025266819464833
661,"Doctor, my little boy keeps complaining that his annie hurts when he goes to the bathroom, and I'm worried it might be something serious.",boy keeps,boy keeps,is_multiword,0,3,3|4,1,0.6150033473968506,1,1.0,,,,,,,,,,,,,,,,,,,,,,,,,,,,,,,"A male child, typically in the early years of life, in this case, likely under the age of puberty.",Refers to the child repeatedly expressing discomfort.,The boy consistently experiences or reports something repeatedly over a period of time.,0.263731837272644,0.3187382817268371,0.572519838809967,0.3849966526031494,0.263731837272644,0.1647122832600552
664,"""Doctor, I've got this sharp pain in my arse when I sit down—it's been going on for three days now.""",I've got,i've got,is_multiword,0,1,1|2,1,0.2586922844250997,0,1.0,,,,,,,,,,,,,,,,,,,,,,,,,,,,,,,I possess or have this condition.,Expressing possession of a current physical condition.,"Obtained or possessing (in this case, a physical condition or symptom).",0.7131894826889038,0.6446430683135986,0.8660905957221985,0.7413077155749003,0.6446430683135986,0.1133698730453509
665,"""I noticed a weird rash on my arse after I started using that new soap—could it be an allergy?""",weird rash,weird rash,is_multiword,0,3,3|4,1,0.3573400378227234,1,1.0,,,,,,,,,,,,,,,,,,,,,,,,,,,,,,,"A skin condition characterized by abnormal changes in skin texture, often accompanied by redness, itching, and discomfort.",Unusual skin irritation or lesion.,"Irregular skin eruption, typically red, itchy, and patchy, appearing on the buttocks.",0.6288425922393799,0.6900357604026794,0.6091015338897705,0.6426599621772766,0.6091015338897705,0.0421992540136817
666,"""Doctor, I've been having a sharp pain around my bucket filler every time I sit down—could it be a fissure or something?""",I've been,i've been,is_multiword,0,1,1|2,1,0.1373881896336873,0,1.0,,,,,,,,,,,,,,,,,,,,,,,,,,,,,,,Having experienced or undergone something repeatedly over a period of time.,Indicate a recurring experience over time.,A sequence of events or actions that have occurred repeatedly over a period of time.,0.8907878398895264,0.8564881086349487,0.8405594825744629,0.8626118103663126,0.8405594825744629,0.0256680104763391
666,"""Doctor, I've been having a sharp pain around my bucket filler every time I sit down—could it be a fissure or something?""",I've been having,i've been having,is_multiword,0,1,1|2|3,1,0.3908564845720926,0,1.0,,,,,,,,,,,,,,,,,,,,,,,,,,,,,,,Experiencing recurring or persistent symptoms.,Experiencing symptoms over time.,A sequence of events or experiences that have occurred repeatedly over a period of time.,0.8750304579734802,0.3656929731369018,0.5867071151733398,0.6091435154279073,0.3656929731369018,0.2554089121530419
666,"""Doctor, I've been having a sharp pain around my bucket filler every time I sit down—could it be a fissure or something?""",been having,been having,is_multiword,0,2,2|3,1,0.4121623237927755,0,1.0,,,,,,,,,,,,,,,,,,,,,,,,,,,,,,,experiencing recurring or persistent symptoms.,Experiencing repeatedly over time.,"Repeated occurrence or continuous experience of a specified event (in this case, the sharp pain).",0.73704993724823,0.5080145001411438,0.5184485912322998,0.5878376762072245,0.5080145001411438,0.1293268792554413
666,"""Doctor, I've been having a sharp pain around my bucket filler every time I sit down—could it be a fissure or something?""",bucket filler,bucket filler,is_multiword,1,9,9|10,1,0.9028780361016592,0,1.0,,,,,,,,,,,,,,,,,,,,,,,,,,,,,,,"The part of the body where the pain is located, specifically the anal region.",An informal term for the perineum area.,The bucket filler in this context refers to the gas tank of a vehicle.,0.2730125188827514,0.0093866074457764,0.0089667653664946,0.0971219638983408,0.0089667653664946,0.1523258335489613
667,"Doctor, I've been having this sharp pain around my bucket filler whenever I sit down for too long.",I've been,i've been,is_multiword,0,1,1|2,1,0.3481502135594686,0,1.0,,,,,,,,,,,,,,,,,,,,,,,,,,,,,,,Expressing a state of affairs that has been true for some time in the past.,I have experienced repeatedly over time.,"A sequence of events or actions that have been ongoing or recurring in the past, continuing up to the present.",0.6392009854316711,0.7087033987045288,0.6076449751853943,0.6518497864405314,0.6076449751853943,0.0517029531677301
667,"Doctor, I've been having this sharp pain around my bucket filler whenever I sit down for too long.",I've been having,i've been having,is_multiword,0,1,1|2|3,1,0.251347521940867,0,1.0,,,,,,,,,,,,,,,,,,,,,,,,,,,,,,,Experiencing or suffering from a particular condition or sensation.,Expressing ongoing experience of a condition.,Experiencing repeatedly over a period of time.,0.8344442248344421,0.6389175057411194,0.7725957036018372,0.7486524780591329,0.6389175057411194,0.0999381459048115
667,"Doctor, I've been having this sharp pain around my bucket filler whenever I sit down for too long.",been having,been having,is_multiword,0,2,2|3,1,0.1923859318097432,0,1.0,,,,,,,,,,,,,,,,,,,,,,,,,,,,,,,experiencing recurring or persistent symptoms.,Experiencing consistently over time.,Experiencing repeatedly over a period of time.,0.7201748490333557,0.7391146421432495,0.963552713394165,0.8076140681902567,0.7201748490333557,0.1353784500641966
667,"Doctor, I've been having this sharp pain around my bucket filler whenever I sit down for too long.",bucket filler,bucket filler,is_multiword,1,9,9|10,1,0.9757963763549924,0,1.0,,,,,,,,,,,,,,,,,,,,,,,,,,,,,,,"Lower back region, specifically the area where the buttocks and spine meet.",An informal term for the scrotum.,"A component of a vehicle's fuel system, typically located in the fuel tank, used for filling fuel into the vehicle's tank.",0.0525019727647304,0.0096603808924555,0.0104485172778368,0.0242036236450076,0.0096603808924555,0.0245102572796937
667,"Doctor, I've been having this sharp pain around my bucket filler whenever I sit down for too long.",bucket filler whenever,bucket filler whenever,is_multiword,0,9,9|10|11,1,0.7969176567470034,0,1.0,,,,,,,,,,,,,,,,,,,,,,,,,,,,,,,"Lower back region, specifically the area where the buttocks and spine meet.",An informal term for the area around the buttocks.,The bucket filler refers to the opening or spout through which a bucket is filled with liquid or other contents.,0.5860558748245239,0.009231717325747,0.0139594376087188,0.2030823432529966,0.009231717325747,0.3316732311297435
667,"Doctor, I've been having this sharp pain around my bucket filler whenever I sit down for too long.",filler whenever,filler whenever,is_multiword,0,10,10|11,1,0.99120216909796,1,1.0,,,,,,,,,,,,,,,,,,,,,,,,,,,,,,,"A part of the body, specifically the pelvic region, where pain is being experienced.",Soft tissue or cushion in a chair.,"Mechanism or component that allows a container to be filled or emptied. In this context, likely referring to the fuel tank of a vehicle.",0.0088175246492028,0.0088134994730353,0.0087624685838818,0.00879783090204,0.0087624685838818,3.069072612261695e-05
668,"""I keep feeling like there's something stuck in my shithole, and wiping just makes it worse—could it be a hemorrhoid?""",keep feeling,keep feeling,is_multiword,0,1,1|2,1,0.1547514001528421,0,1.0,,,,,,,,,,,,,,,,,,,,,,,,,,,,,,,Continuously experiencing a sensation or emotion.,Continuously experiencing or perceiving.,Persistently experiencing or continuing to have a sensation or emotion over a period of time.,0.7550714015960693,0.9411823749542236,0.8394920229911804,0.8452485998471578,0.7550714015960693,0.0931889330012099
669,"Doctor, my kid keeps complaining that his shithole hurts when he goes to the bathroom.",kid keeps,kid keeps,is_multiword,0,2,2|3,1,0.4531528949737549,0,1.0,,,,,,,,,,,,,,,,,,,,,,,,,,,,,,,"A child, typically in the early stages of development, in this case, likely a minor.",Child repeatedly,Child consistently experiences or reports a recurring situation or condition.,0.4361447691917419,0.3516544699668884,0.852742075920105,0.5468471050262451,0.3516544699668884,0.2682600465581724
670,"""There’s this weird itching near my keester that’s been keeping me up at night, and I’m wondering if it’s a sign of an infection.""",keester that’s,keester that's,is_multiword,0,6,6|7,1,0.385803739229838,0,1.0,,,,,,,,,,,,,,,,,,,,,,,,,,,,,,,A colloquial or informal term for buttocks.,rear end or buttocks area,"The term ""keester that’s"" refers to the buttocks region in this context.",0.6892719268798828,0.6533792614936829,0.4999375939369201,0.614196260770162,0.4999375939369201,0.1005651682592623
671,My husband says there's a sharp pain near his keester whenever he has a bowel movement.,keester whenever,keester whenever,is_multiword,0,9,9|10,1,0.8036835497866074,1,1.0,,,,,,,,,,,,,,,,,,,,,,,,,,,,,,,"rear end, especially when referring to the area affected by a particular condition or action.",Buttocks during a bowel movement.,"Anatomical region referring to the buttocks, specifically the lower part.",0.0088904183357954,0.2078034877777099,0.3722554445266723,0.1963164502133925,0.0088904183357954,0.1819546635529774
676,"Doctor, my arsehole has been itching like crazy for the past week and it's keeping me up at night.",the past,the past,is_multiword,0,9,9|10,1,0.403711219628652,0,1.0,,,,,,,,,,,,,,,,,,,,,,,,,,,,,,,"A period of time preceding the present moment, especially one that has recently ended.",Referring to events from recent weeks.,"A period or time in the past, referring to the week preceding the current moment in the sentence.",0.3672615885734558,0.595110297203064,0.8264944553375244,0.596288780371348,0.3672615885734558,0.229618701538049
679,My husband says he’s been having sharp pains near his blowhole whenever he sits down for too long.,blowhole whenever,blowhole whenever,is_multiword,0,10,10|11,1,0.9012604812160134,1,1.0,,,,,,,,,,,,,,,,,,,,,,,,,,,,,,,The external opening at the top of a whale's or dolphin's skull through which air is exchanged.,Refers to the area near the naval or abdomen where pain occurs.,"Anus or anus-like opening, typically found in marine mammals, that serves as an exit for waste and reproductive fluids.",0.0092742247506976,0.2745941579341888,0.0123501736670732,0.0987395187839865,0.0092742247506976,0.1523023504362947
680,"Doctor, I've got a terrible case of the dikk—my heart's been racing and I can't stop worrying about every little thing.",I've got,i've got,is_multiword,0,1,1|2,1,0.2962786356608072,0,1.0,,,,,,,,,,,,,,,,,,,,,,,,,,,,,,,"I've got: I possess or am experiencing something, often referring to a condition or a problem.","I possess or experience something, indicating a health issue.","Obtained or possessing (in this case, a medical condition).",0.8369122743606567,0.5810810327529907,0.6931707859039307,0.7037213643391927,0.5810810327529907,0.128241538023446
681,"My mom's been dealing with this constant dikk ever since her diagnosis, and she can't sleep at night.",dikk ever,dikk ever,is_multiword,0,7,7|8,1,0.8100755177438259,1,1.0,,,,,,,,,,,,,,,,,,,,,,,,,,,,,,,Persistent anxiety or worry.,Persistent discomfort or pain.,"Persistent health issue (in this context, likely a chronic or long-term medical condition)",0.1394038498401641,0.0553133599460125,0.3750562369823456,0.1899244822561741,0.0553133599460125,0.1657501963155793
700,"Doctor, my mother has been too weak to get out of bed to use the bathroom, so I’ve been bringing her the chamber pot, but now she’s complaining of pain when she uses it.",chamber pot,chamber pot,is_multiword,1,22,22|23,1,0.3730415900548299,0,1.0,,,,,,,,,,,,,,,,,,,,,,,,,,,,,,,"A container, typically a bowl with a lid, used for collecting urine and feces when a person is unable to use a toilet.",A portable container for collecting urine or feces.,"A chamber pot is a portable, usually ceramic, toilet used when access to a bathroom is difficult or unavailable.",0.7642371654510498,0.6490604877471924,0.467577576637268,0.62695840994517,0.467577576637268,0.149559701427776
700,"Doctor, my mother has been too weak to get out of bed to use the bathroom, so I’ve been bringing her the chamber pot, but now she’s complaining of pain when she uses it.",she’s complaining,she's complaining,is_multiword,0,26,26|27,1,0.3371865351994833,0,1.0,,,,,,,,,,,,,,,,,,,,,,,,,,,,,,,Expressing dissatisfaction or unhappiness about a situation or condition.,She is expressing discomfort or pain.,"Expressing discomfort or distress, typically due to physical or emotional discomfort.",0.5927904844284058,0.6513580083847046,0.7442919015884399,0.6628134648005167,0.5927904844284058,0.0763975815169931
704,"My husband has developed a chuck habit lately—he'll consume a whole pizza and a liter of soda in under twenty minutes, and we're concerned it might be a medical issue.",we're concerned,we're concerned,is_multiword,0,23,23|24,1,0.378338078657786,0,1.0,,,,,,,,,,,,,,,,,,,,,,,,,,,,,,,Expressing worry or apprehension about a potential problem or situation.,Expressing worry or anxiety about a potential health issue.,Expressing apprehension or worry about a potential medical issue related to the husband's new eating habit.,0.6848899722099304,0.5494241118431091,0.6306716799736023,0.621661921342214,0.5494241118431091,0.0681808744750145
706,"Doctor, my mother keeps bumping into furniture and squinting at everything—I think this groperess is getting worse for her.",keeps bumping,keeps bumping,is_multiword,0,3,3|4,1,0.3638487259546915,0,1.0,,,,,,,,,,,,,,,,,,,,,,,,,,,,,,,Collides with furniture repeatedly due to loss of coordination or spatial awareness.,Continually colliding or hitting repeatedly.,"Repeatedly collides or comes into contact with something unintentionally, often due to loss of balance or poor vision.",0.5749655961990356,0.6459072232246399,0.6875810027122498,0.6361512740453085,0.5749655961990356,0.0569380483888093
709,"Doctor, I've been having trouble reading street signs and my vision's gone all blurry lately, could this be that puppy thing you mentioned?",vision's gone,vision's gone,is_multiword,0,10,10|11,1,0.4107642372449239,0,1.0,,,,,,,,,,,,,,,,,,,,,,,,,,,,,,,become severely impaired or distorted.,Refers to the patient's eyesight deteriorating.,Impaired ability to see clearly or distinctly.,0.5240646600723267,0.590613603591919,0.6530290246009827,0.589235762755076,0.5240646600723267,0.0644932218422895
709,"Doctor, I've been having trouble reading street signs and my vision's gone all blurry lately, could this be that puppy thing you mentioned?",vision's gone all,vision's gone all,is_multiword,0,10,10|11|12,1,0.3854004939397176,0,1.0,,,,,,,,,,,,,,,,,,,,,,,,,,,,,,,become severely impaired or distorted.,Refers to deteriorating eyesight.,Impaired or lost clarity of sight.,0.4097906351089477,0.7259888648986816,0.7080190181732178,0.6145995060602824,0.4097906351089477,0.1775971116406584
709,"Doctor, I've been having trouble reading street signs and my vision's gone all blurry lately, could this be that puppy thing you mentioned?",gone all,gone all,is_multiword,0,11,11|12,1,0.7609946491817633,0,1.0,,,,,,,,,,,,,,,,,,,,,,,,,,,,,,,become completely or severely diminished or lost.,Become completely blurred or unclear.,"Transitory state of being absent or missing, as in the phrase ""gone all blurry.""",0.2361885607242584,0.0360320918262004,0.4447953999042511,0.2390053508182366,0.0360320918262004,0.2043962114070439
710,"Doctor, my granddad's gone completely gammy-eyed in his left eye since last night—he can't see my hand waving right in front of his face.",granddad's gone,granddad's gone,is_multiword,0,2,2|3,1,0.7960846979791919,0,1.0,,,,,,,,,,,,,,,,,,,,,,,,,,,,,,,become severely ill or deteriorate rapidly.,"Refers to his elderly father figure, indicating a severe vision problem.","Granddad has become or has been in a state of being, especially in relation to a specific condition (in this case, the eye problem).",0.0098782228305935,0.112229086458683,0.4896385967731476,0.203915302020808,0.0098782228305935,0.2526801846098209
711,"My wife's been saying her vision's all blurry, and now she's gone gammy-eyed in one eye—could it be a stroke or something?",wife's been,wife's been,is_multiword,0,1,1|2,1,0.6655654609203339,1,1.0,,,,,,,,,,,,,,,,,,,,,,,,,,,,,,,"Been in this context means to have been doing something for a period of time, implying a recent past.",Refers to the speaker's spouse.,"The phrase ""wife's been"" in this context refers to the ongoing action or state of the speaker's wife, specifically that she has been experiencing something (in this case, blurry",0.1009523272514343,0.4467606246471405,0.4555906653404236,0.3344345390796661,0.1009523272514343,0.2022497214702995
711,"My wife's been saying her vision's all blurry, and now she's gone gammy-eyed in one eye—could it be a stroke or something?",wife's been saying,wife's been saying,is_multiword,0,1,1|2|3,1,0.6076456209023793,0,1.0,,,,,,,,,,,,,,,,,,,,,,,,,,,,,,,Expressing her thoughts or feelings verbally.,Refers to her spouse expressing ongoing visual issues.,"The phrase ""wife's been saying"" refers to the act of one's spouse expressing something repeatedly, in this case, her vision problems.",0.1260881870985031,0.2497955411672592,0.8011794090270996,0.3923543790976206,0.1260881870985031,0.3594152280932218
711,"My wife's been saying her vision's all blurry, and now she's gone gammy-eyed in one eye—could it be a stroke or something?",been saying,been saying,is_multiword,0,2,2|3,1,0.2506144841512044,0,1.0,,,,,,,,,,,,,,,,,,,,,,,,,,,,,,,"Expressing something that has been done or is happening, often in the past, before the present situation.",Expressing repeatedly or continuously.,Repeated expression of a statement or information over time.,0.605334997177124,0.7578305006027222,0.8849910497665405,0.7493855158487955,0.605334997177124,0.1400191603427694
711,"My wife's been saying her vision's all blurry, and now she's gone gammy-eyed in one eye—could it be a stroke or something?",vision's all,vision's all,is_multiword,0,5,5|6,1,0.4344698985417684,1,1.0,,,,,,,,,,,,,,,,,,,,,,,,,,,,,,,state of seeing things unclearly.,Refers to complete visual impairment or significant vision problems.,Impaired clarity or focus of sight in general.,0.2830733060836792,0.7000083327293396,0.713508665561676,0.5655301014582316,0.2830733060836792,0.2447078782683391
711,"My wife's been saying her vision's all blurry, and now she's gone gammy-eyed in one eye—could it be a stroke or something?",she's gone,she's gone,is_multiword,0,10,10|11,1,0.9891585605219008,1,1.0,,,,,,,,,,,,,,,,,,,,,,,,,,,,,,,become severely ill or deteriorate rapidly.,She has developed a squint in one eye.,Gone (in this context): Has moved away or departed from a place or situation.,0.0106646092608571,0.0102461790665984,0.0116135301068425,0.0108414394780993,0.0102461790665984,0.0007006168076142
711,"My wife's been saying her vision's all blurry, and now she's gone gammy-eyed in one eye—could it be a stroke or something?",she's gone gammy-eyed,she's gone gammy-eyed,is_multiword,0,10,10|11|12,1,0.5881375074386597,0,1.0,,,,,,,,,,,,,,,,,,,,,,,,,,,,,,,Suddenly developed a squint or a tendency to squint due to a medical issue.,"She has developed a droopy eyelid, possibly due to nerve weakness.","One eye has developed a condition characterized by partial or complete loss of sight, often due to inflammation or injury.",0.4100915491580963,0.4861157536506653,0.3393801748752594,0.4118624925613403,0.3393801748752594,0.0733838176987369
711,"My wife's been saying her vision's all blurry, and now she's gone gammy-eyed in one eye—could it be a stroke or something?",gone gammy-eyed,gone gammy-eyed,is_multiword,0,11,11|12,1,0.4961709578831991,0,1.0,,,,,,,,,,,,,,,,,,,,,,,,,,,,,,,Suddenly developed a squint or a tendency to squint due to a medical issue.,Experiencing vision problems in one eye.,"Suffering from temporary or permanent loss of vision in one or both eyes, often due to a neurological condition or injury.",0.4244317710399627,0.4272648990154266,0.6597904562950134,0.5038290421168009,0.4244317710399627,0.1350739748725945
717,"I'm worried about my husband, doctor; he keeps describing his vision as burnt lamps, like the light's just gone out in his eyes.",light's just,light's just,is_multiword,0,16,16|17,1,0.4782276153564453,0,1.0,,,,,,,,,,,,,,,,,,,,,,,,,,,,,,,a sudden and complete loss of vision.,"Refers to visual perception, metaphorically indicating blindness or severe vision loss.","The phrase ""light's just gone out"" metaphorically refers to the loss or diminishing of something essential or vital, in this case, the vision's brightness or clarity.",0.5201520919799805,0.4828466176986694,0.5623184442520142,0.5217723846435547,0.4828466176986694,0.0397606817744358
718,"Doctor, my grandpa keeps bumping into furniture and grabbing at things he can't see—I think he's got the groper pretty bad now.",grandpa keeps,grandpa keeps,is_multiword,0,2,2|3,1,0.860895871805648,1,1.0,,,,,,,,,,,,,,,,,,,,,,,,,,,,,,,"a close relative, typically an older male, in a family.",Refers to the elderly family member with cognitive decline.,"Grandpa repeatedly maintains or continues a specific action (in this case, bumping into furniture).",0.3995538651943207,0.0090496260672807,0.0087088933214545,0.139104128194352,0.0087088933214545,0.2255561529912577
718,"Doctor, my grandpa keeps bumping into furniture and grabbing at things he can't see—I think he's got the groper pretty bad now.",grandpa keeps bumping,grandpa keeps bumping,is_multiword,0,2,2|3|4,1,0.7278414089232683,0,1.0,,,,,,,,,,,,,,,,,,,,,,,,,,,,,,,"Moving uncontrolledly due to loss of coordination or balance, often as a result of illness or injury.",Grandfather frequently collides with objects.,Grandpa repeatedly collides with furniture or other objects.,0.0137490686029195,0.0113775320351123,0.7913491725921631,0.2721585910767317,0.0113775320351123,0.4496337965468921
718,"Doctor, my grandpa keeps bumping into furniture and grabbing at things he can't see—I think he's got the groper pretty bad now.",keeps bumping,keeps bumping,is_multiword,0,3,3|4,1,0.2673219641049703,0,1.0,,,,,,,,,,,,,,,,,,,,,,,,,,,,,,,Recurringly collides with objects due to loss of spatial awareness or motor control.,Continually colliding or hitting repeatedly.,"Repeatedly collides or comes into contact with something unintentionally, often due to lack of coordination or awareness.",0.6152372360229492,0.8384705781936646,0.7443262934684753,0.7326780358950297,0.6152372360229492,0.1120715962791193
718,"Doctor, my grandpa keeps bumping into furniture and grabbing at things he can't see—I think he's got the groper pretty bad now.",grabbing at,grabbing at,is_multiword,0,8,8|9,1,0.3382555246353149,0,1.0,,,,,,,,,,,,,,,,,,,,,,,,,,,,,,,Seizing or holding onto something without realizing its presence or nature.,Reaching for or seizing objects.,"Seizing or attempting to seize hold of something, often in a vague or unsuccessful manner.",0.5749536752700806,0.6747684478759766,0.735511302947998,0.6617444753646851,0.5749536752700806,0.081067292087323
719,"My husband's been acting like he's got the groper lately, squinting and stumbling around the house, so I brought him in to get his eyes checked.",he's got,he's got,is_multiword,0,5,5|6,1,0.6502297520637512,1,1.0,,,,,,,,,,,,,,,,,,,,,,,,,,,,,,,"Possessive pronoun indicating ownership or control, implying a condition or state of being.",Possesses or exhibits (a behavior).,"Having or possessing, in this case, referring to a condition or state of the husband's eyes.",0.2525658011436462,0.4928615987300873,0.3038833439350128,0.3497702479362488,0.2525658011436462,0.1265492929792179
723,I’m here with my son because he keeps bumping into furniture; I’m worried he’s got a touch of the bacon.,he’s got,he's got,is_multiword,0,13,13|14,1,0.3895198702812195,0,1.0,,,,,,,,,,,,,,,,,,,,,,,,,,,,,,,Possibly having a characteristic or a problem.,He has a condition or symptom.,Has obtained or possesses (a certain condition or characteristic).,0.6499800086021423,0.5578370690345764,0.6236233115196228,0.6104801297187805,0.5578370690345764,0.0474566934048877
723,I’m here with my son because he keeps bumping into furniture; I’m worried he’s got a touch of the bacon.,the bacon,the bacon,is_multiword,0,18,18|19,1,0.2266038258870443,0,1.0,,,,,,,,,,,,,,,,,,,,,,,,,,,,,,,A colloquial expression implying clumsiness or a tendency to be accident-prone.,A colloquial term for clumsiness.,A colloquial term for clumsiness or awkwardness in movement.,0.7178822755813599,0.7764918804168701,0.8258143663406372,0.7733961741129557,0.7178822755813599,0.0540325975875423
728,"My mom keeps saying she's having a blink in her right eye, and yesterday she couldn't see my face at all for almost a minute.",she's having,she's having,is_multiword,0,4,4|5,1,0.4837778111298879,0,1.0,,,,,,,,,,,,,,,,,,,,,,,,,,,,,,,Experiencing or suffering from a particular condition or problem.,She is experiencing a temporary vision issue.,Transient visual disturbance or temporary loss of vision in one eye.,0.4436044991016388,0.3476958274841308,0.7573662400245667,0.5162221888701121,0.3476958274841308,0.2142719262485064
730,"Doctor, my husband keeps walking into furniture and missing the doorways—I'm scared he's got that golden hind thing.",he's got,he's got,is_multiword,0,13,13|14,1,0.8228079428275427,1,1.0,,,,,,,,,,,,,,,,,,,,,,,,,,,,,,,"Possessive pronoun indicating ownership or relationship, implying the husband has a condition.",He has the condition of impaired spatial awareness.,"Has acquired or is affected by (a condition or characteristic), often implying an inherited or genetic trait.",0.128639668226242,0.3076405227184295,0.0952959805727005,0.1771920571724573,0.0952959805727005,0.1141952363238425
744,My husband's gums have been bleeding and he's spitting up amontillado when he coughs—could it be something serious?,he's spitting,he's spitting,is_multiword,0,7,7|8,1,0.2770605683326721,0,1.0,,,,,,,,,,,,,,,,,,,,,,,,,,,,,,,Expelling saliva from the mouth through the action of coughing.,Referring to expelling a small amount of liquid from the mouth.,"Expelling saliva forcefully from the mouth, often due to coughing or other respiratory actions.",0.65061354637146,0.8693413734436035,0.6488633751869202,0.7229394316673279,0.6488633751869202,0.1267908206128969
747,"Doctor, my son took a bad spill from his bike and there’s quite a bit of claret on his knee—should I be worried about infection?",bad spill,bad spill,is_multiword,0,5,5|6,1,0.3320098519325256,0,1.0,,,,,,,,,,,,,,,,,,,,,,,,,,,,,,,"A severe or injurious fall, typically resulting in physical harm or injury.",Fall resulting in a wound or injury.,"A severe fall, typically from a bicycle, causing injury.",0.8036859035491943,0.6426859498023987,0.5575985908508301,0.6679901480674744,0.5575985908508301,0.1249798711999429
747,"Doctor, my son took a bad spill from his bike and there’s quite a bit of claret on his knee—should I be worried about infection?",bad spill from,bad spill from,is_multiword,0,5,5|6|7,1,0.316095232963562,0,1.0,,,,,,,,,,,,,,,,,,,,,,,,,,,,,,,"A severe or unfortunate fall, typically resulting in injury.",Fall resulting in injury.,"A severe fall, particularly from a bicycle, causing injury.",0.7955930233001709,0.6471758484840393,0.6089454293251038,0.683904767036438,0.6089454293251038,0.0985955941089252
747,"Doctor, my son took a bad spill from his bike and there’s quite a bit of claret on his knee—should I be worried about infection?",spill from,spill from,is_multiword,0,6,6|7,1,0.4119533896446228,0,1.0,,,,,,,,,,,,,,,,,,,,,,,,,,,,,,,"A fall from a vehicle, typically a bicycle, resulting in injury or damage.",Accident resulting in falling off a bike.,"An uncontrolled fall or overturning of a person, vehicle, or object.",0.8352856040000916,0.4934380054473877,0.4354162216186523,0.5880466103553772,0.4354162216186523,0.2160716821647516
749,"""Doc, I’ve been coughing up some angry boy this morning—it’s not stopping and it’s freaking me out.""",some angry,some angry,is_multiword,0,5,5|6,1,0.6166162192821503,0,1.0,,,,,,,,,,,,,,,,,,,,,,,,,,,,,,,"A small amount of mucus, typically yellow or greenish in color, often associated with infection or irritation.",Phlegm or mucus from coughing.,"Phlegm with an abnormal color or consistency, often indicating an underlying respiratory condition.",0.3135580718517303,0.2684442400932312,0.5681490302085876,0.3833837807178497,0.2684442400932312,0.1615935101373644
749,"""Doc, I’ve been coughing up some angry boy this morning—it’s not stopping and it’s freaking me out.""",some angry boy,some angry boy,is_multiword,0,5,5|6|7,1,0.406571755806605,0,1.0,,,,,,,,,,,,,,,,,,,,,,,,,,,,,,,"A large amount of phlegm, typically yellow or greenish in color, indicating a respiratory infection.",Mucus or phlegm expelled from lungs or throat.,"Phlegm with an abnormal color or consistency, possibly indicating an underlying respiratory infection.",0.5638535618782043,0.7512297034263611,0.4652014672756195,0.593428244193395,0.4652014672756195,0.1452894846312335
749,"""Doc, I’ve been coughing up some angry boy this morning—it’s not stopping and it’s freaking me out.""",angry boy,angry boy,is_multiword,1,6,6|7,1,0.523591270049413,0,1.0,,,,,,,,,,,,,,,,,,,,,,,,,,,,,,,"A glob of mucus, typically yellow or greenish in color, that has been coughed up.",Mucus or phlegm expelled from lungs or throat.,"Phlegm tinged with blood, often indicating respiratory infection.",0.6365309357643127,0.3008761703968048,0.4918190836906433,0.476408729950587,0.3008761703968048,0.1683571787310373
749,"""Doc, I’ve been coughing up some angry boy this morning—it’s not stopping and it’s freaking me out.""",not stopping,not stopping,is_multiword,0,11,11|12,1,0.1179186701774597,0,1.0,,,,,,,,,,,,,,,,,,,,,,,,,,,,,,,"Continuing without interruption or pause, persisting in a particular state or activity.",Continuing without cessation or relief.,Persisting continuously or without interruption.,0.8645169138908386,0.8639035224914551,0.9178235530853271,0.8820813298225403,0.8639035224914551,0.0309551926997294
759,"Doctor, I noticed these blue lines popping up on my legs after standing all day—could that be a sign of something wrong with my blood vessels?",popping up,popping up,is_multiword,0,6,6|7,1,0.2008514801661173,0,1.0,,,,,,,,,,,,,,,,,,,,,,,,,,,,,,,"Appearing suddenly or becoming visible, often in a noticeable or sudden manner.",Appearing suddenly or temporarily.,"Emerging or appearing unexpectedly, often in a sporadic or intermittent manner.",0.8234334588050842,0.7101003527641296,0.8639117479324341,0.7991485198338827,0.7101003527641296,0.0797295742904182
761,"Doctor, I think this vein in my leg might be a popped bitch—it's been throbbing and swollen since I stood up all day at work.",popped bitch,popped bitch,is_multiword,0,11,11|12,1,0.3923574487368265,0,1.0,,,,,,,,,,,,,,,,,,,,,,,,,,,,,,,"A colloquial or informal term for a blood clot or a swollen, inflamed vein.",A colloquial term for a varicose vein.,"A colloquial term for a varicose vein that has ruptured, characterized by throbbing and swelling.",0.5133888721466064,0.6393035054206848,0.670235276222229,0.6076425512631735,0.5133888721466064,0.0830783403269853
761,"Doctor, I think this vein in my leg might be a popped bitch—it's been throbbing and swollen since I stood up all day at work.",popped bitch it's,popped bitch it's,is_multiword,0,11,11|12|13,1,0.4490067561467489,0,1.0,,,,,,,,,,,,,,,,,,,,,,,,,,,,,,,"A painful or inflamed vein, typically swollen and throbbing, often caused by prolonged standing.",A colloquial term for a varicose vein.,"A ""popped bitch"" in this context refers to a blood vessel (vein) that has become swollen and painful due to increased pressure, often due to prolonged standing or other physical ex",0.4279464185237884,0.740662157535553,0.484371155500412,0.5509932438532511,0.4279464185237884,0.166663314345985
761,"Doctor, I think this vein in my leg might be a popped bitch—it's been throbbing and swollen since I stood up all day at work.",bitch it's,bitch it's,is_multiword,0,12,12|13,1,0.6172339022159576,1,1.0,,,,,,,,,,,,,,,,,,,,,,,,,,,,,,,"a colloquial expression referring to a painful or inflamed area, especially a swollen or throbbing part of the body.",Slang term for vein or artery.,"Informal term for a vein, often used when it is swollen or inflamed.",0.0449215471744537,0.5141677260398865,0.5892090201377869,0.3827660977840423,0.0449215471744537,0.2949779724613654
762,My mother keeps rubbing her calf and says it feels like a hard knot inside—could it be a busted bitch causing that pain?,busted bitch,busted bitch,is_multiword,0,19,19|20,1,0.7163226793830593,0,1.0,,,,,,,,,,,,,,,,,,,,,,,,,,,,,,,"A ruptured or inflamed tendon or muscle, often causing pain and stiffness in the affected area.",A colloquial term for a blood clot.,"Informal term for a blood clot in the leg, often causing pain and swelling.",0.0089603392407298,0.1950050890445709,0.6470665335655212,0.2836773206169407,0.0089603392407298,0.328164520169282
766,"Doctor, I think my Danny McGrain just popped in my nose—I can't stop the bleeding.",popped in,popped in,is_multiword,0,7,7|8,1,0.7875513692076007,1,1.0,,,,,,,,,,,,,,,,,,,,,,,,,,,,,,,"Suddenly appeared or became visible, often unexpectedly.",Entered suddenly and unexpectedly.,Inserted forcefully into a body cavity or opening.,0.5939748287200928,0.0091837653890252,0.0341872982680797,0.2124486307923992,0.0091837653890252,0.3306478095239399
768,"My son keeps complaining about his legs hurting after playing, and I'm worried his sewers might be getting blocked.",getting blocked,getting blocked,is_multiword,0,17,17|18,1,0.5804439584414165,1,1.0,,,,,,,,,,,,,,,,,,,,,,,,,,,,,,,"Physically obstructed or narrowed, preventing normal flow or function.","Referring to veins or lymph nodes, becoming obstructed.","Obstruction of a passageway, typically within a system (e.g., plumbing), due to the accumulation of solid matter or debris.",0.5547561645507812,0.523921012878418,0.1799909472465515,0.4195560415585835,0.1799909472465515,0.208041528196209
770,"My son keeps complaining his head hurts, and I'm worried he's got a line that's popped in his brain from all that roughhousing.",that's popped,that's popped,is_multiword,0,14,14|15,1,0.7157279712458451,1,1.0,,,,,,,,,,,,,,,,,,,,,,,,,,,,,,,"Suffered a rupture or burst, typically due to increased pressure or force.",Refers to a perceived mental issue from physical activity.,"A reference to a sudden, forceful separation or bursting, often used in relation to physical objects. In this context, it implies a potential injury or fracture in the brain.",0.0095884315669536,0.5767614841461182,0.2664661705493927,0.2842720287541548,0.0095884315669536,0.2840054653220568
772,"Doctor, my wife's bra has been leaving red marks on her skin—could this 'booby trap' be causing her rash?",been leaving,been leaving,is_multiword,0,5,5|6,1,0.6462123766541481,1,1.0,,,,,,,,,,,,,,,,,,,,,,,,,,,,,,,"causing a persistent or recurring effect, such as marks or a rash, to appear on the skin.",Indicating continued presence of marks.,Causing something to remain in a particular location or state over a period of time.,0.6950061321258545,0.2687759399414062,0.0975807979702949,0.3537876233458519,0.0975807979702949,0.3076515841161292
774,My wife says her tit pants are leaving deep grooves in her shoulders and she’s worried it might be cutting off her circulation.,tit pants,tit pants,is_multiword,1,4,4|5,1,0.77224176004529,1,1.0,,,,,,,,,,,,,,,,,,,,,,,,,,,,,,,A colloquial or humorous term for a type of bra or breast-supporting garment.,Underwear with tight fit around the buttocks.,"High-cut, tight-fitting tops, typically worn by women, that expose the upper chest area.",0.0427943207323551,0.3246027529239654,0.3158776462078094,0.22775823995471,0.0427943207323551,0.1602428483033562
774,My wife says her tit pants are leaving deep grooves in her shoulders and she’s worried it might be cutting off her circulation.,be cutting,be cutting,is_multiword,0,18,18|19,1,0.2288999756177266,0,1.0,,,,,,,,,,,,,,,,,,,,,,,,,,,,,,,To cause a reduction or obstruction of the flow of blood through a part of the body.,To cause or indicate potential circulation issues.,"Cause harm or impediment to, as in causing a reduction or interruption in the flow of something, such as blood circulation.",0.7131159901618958,0.9169018864631652,0.683282196521759,0.7711000243822733,0.683282196521759,0.1271461798499354
777,"My wife says her over-the-shoulder boulder-holder has been digging into her shoulders for weeks, and she's worried it might be causing those headaches.",digging into,digging into,is_multiword,0,9,9|10,1,0.1389546593030294,0,1.0,,,,,,,,,,,,,,,,,,,,,,,,,,,,,,,causing discomfort or pain by pressing against the skin.,Causing discomfort by pressing into skin.,"Pressing or penetrating deeply into a surface, often causing discomfort or pain.",0.8911216259002686,0.8533172011375427,0.8386971950531006,0.8610453406969706,0.8386971950531006,0.0270531577306581
780,"Doctor, I’ve been having this sharp pain under my left double slingshot—right where the underwire sits—ever since I bent over to pick up my toddler.",double slingshot,double slingshot,is_multiword,1,10,10|11,1,0.491475502649943,0,1.0,,,,,,,,,,,,,,,,,,,,,,,,,,,,,,,A type of bra design with two straps that cross over the body.,A supportive bra component providing lateral support.,"A double slingshot refers to a type of women's undergarment, specifically a bra with two cups connected by a single underwire.",0.6133630275726318,0.5907798409461975,0.3214306235313415,0.508524497350057,0.3214306235313415,0.1624210217149281
780,"Doctor, I’ve been having this sharp pain under my left double slingshot—right where the underwire sits—ever since I bent over to pick up my toddler.",double slingshot right,double slingshot right,is_multiword,0,10,10|11|12,1,0.5234083235263824,0,1.0,,,,,,,,,,,,,,,,,,,,,,,,,,,,,,,"A type of bra, specifically a style with two straps that cross over the body.",Breast implant with support straps.,"A double slingshot, in this context, refers to a type of women's undergarment, specifically a bra with two cups, designed to provide additional support.",0.5301316380500793,0.6139295697212219,0.2857138216495514,0.4765916764736175,0.2857138216495514,0.1705323721020977
780,"Doctor, I’ve been having this sharp pain under my left double slingshot—right where the underwire sits—ever since I bent over to pick up my toddler.",slingshot right,slingshot right,is_multiword,0,11,11|12,1,0.7203968328734238,1,1.0,,,,,,,,,,,,,,,,,,,,,,,,,,,,,,,"A type of bra, specifically a style with a strap that crosses over the body.","Referring to the bra wire, not an actual slingshot.","A device consisting of two flexible pieces of material connected by a yoke, used for launching projectiles. In this context, it is not referring to the device but rather a colloquial",0.3559732139110565,0.0142898373305797,0.468546450138092,0.2796031671265761,0.0142898373305797,0.2365619487665679
780,"Doctor, I’ve been having this sharp pain under my left double slingshot—right where the underwire sits—ever since I bent over to pick up my toddler.",underwire sits,underwire sits,is_multiword,0,15,15|16,1,0.3936251600583395,0,1.0,,,,,,,,,,,,,,,,,,,,,,,,,,,,,,,A thin metal strip inside a bra that provides support and maintains its shape.,The metal wire framework within a bra cup.,"A horizontal band of firm material within a bra, designed to support and separate the breasts.",0.6890838742256165,0.6487814784049988,0.4812591671943664,0.6063748399416605,0.4812591671943664,0.1102112492102164
780,"Doctor, I’ve been having this sharp pain under my left double slingshot—right where the underwire sits—ever since I bent over to pick up my toddler.",underwire sits ever,underwire sits ever,is_multiword,0,15,15|16|17,1,0.4757694800694784,0,1.0,,,,,,,,,,,,,,,,,,,,,,,,,,,,,,,A metal strip inside a bra that provides support and sits against the body.,Refers to the position of a bra's underwire.,"The underwire is positioned horizontally within a bra, typically at the base of the breast.",0.4486629366874695,0.474162757396698,0.6498658657073975,0.5242305199305216,0.4486629366874695,0.1095478904197021
780,"Doctor, I’ve been having this sharp pain under my left double slingshot—right where the underwire sits—ever since I bent over to pick up my toddler.",sits ever,sits ever,is_multiword,0,16,16|17,1,0.342846155166626,0,1.0,,,,,,,,,,,,,,,,,,,,,,,,,,,,,,,"remains in a fixed position, typically supported by the surrounding structure.",Remains positioned consistently.,"Remains stationary or in a particular position, especially in relation to an action or event.",0.6321914792060852,0.6365770697593689,0.702692985534668,0.657153844833374,0.6321914792060852,0.0394989664799529
782,"Doctor, my wife says her lochinvar feels way too tight and it's leaving red marks on her skin.",it's leaving,it's leaving,is_multiword,0,11,11|12,1,0.500671645005544,0,1.0,,,,,,,,,,,,,,,,,,,,,,,,,,,,,,,causing as a result or consequence.,Indicating the cause of visible marks on skin.,"Causing or resulting in the presence or appearance of something, typically undesirable. In this case, causing the red marks on her skin.",0.3222562372684479,0.4745729267597198,0.7011559009552002,0.499328354994456,0.3222562372684479,0.1906590207826458
784,"My daughter keeps complaining that her titty bag feels too tight around her ribs, and she's having trouble taking a deep breath.",titty bag,titty bag,is_multiword,1,6,6|7,1,0.7810685339694222,1,1.0,,,,,,,,,,,,,,,,,,,,,,,,,,,,,,,A colloquial or informal term for a bra.,"A small handbag, informal term.","Bra or breast pocket, worn to support or cover the breasts.",0.0564325377345085,0.5913458466529846,0.0090160137042403,0.2189314660305778,0.0090160137042403,0.3233905299456934
787,"My daughter’s been complaining that her titty warmers are too tight and leaving red marks, and she’s only twelve—should we be worried about her development?",titty warmers,titty warmers,is_multiword,1,6,6|7,1,0.4813189456860224,1,1.0,,,,,,,,,,,,,,,,,,,,,,,,,,,,,,,Breast support or bra.,Breast pads or supportive undergarments.,"Heated, often disposable, breast pads worn by nursing mothers to absorb and retain milk leakage. (In this context, an unconventional use for a young girl.)",0.7983679175376892,0.2205938249826431,0.5370814204216003,0.5186810543139776,0.2205938249826431,0.2893262096866142
788,"Doctor, my wife says her titty warmers are chafing something awful, and she’s got a rash underneath—could it be a skin infection?",titty warmers,titty warmers,is_multiword,1,5,5|6,1,0.4071675539016723,1,1.0,,,,,,,,,,,,,,,,,,,,,,,,,,,,,,,Breast warmers or warm compresses applied to the breasts.,Breast pads for bras.,Breast heat packs or heat pads designed for comfort during cold weather.,0.4200561046600342,0.8251437544822693,0.5332974791526794,0.5928324460983276,0.4200561046600342,0.2090031344897487
788,"Doctor, my wife says her titty warmers are chafing something awful, and she’s got a rash underneath—could it be a skin infection?",chafing something,chafing something,is_multiword,0,8,8|9,1,0.2702927986780802,0,1.0,,,,,,,,,,,,,,,,,,,,,,,,,,,,,,,"causing friction or discomfort, particularly between two surfaces in close contact.",Causing discomfort due to friction.,"Rubbing or irritation of skin, often due to friction between surfaces or parts of the body.",0.7255805730819702,0.723979651927948,0.7395613789558411,0.7297072013219198,0.723979651927948,0.0085714263553976
788,"Doctor, my wife says her titty warmers are chafing something awful, and she’s got a rash underneath—could it be a skin infection?",chafing something awful,chafing something awful,is_multiword,0,8,8|9|10,1,0.2051885326703389,0,1.0,,,,,,,,,,,,,,,,,,,,,,,,,,,,,,,"Severe discomfort or irritation, often due to friction or rubbing, causing distress.",Severe irritation or discomfort due to friction.,Repeated friction causing skin irritation or soreness.,0.8286266922950745,0.7898801565170288,0.7659275531768799,0.794811467329661,0.7659275531768799,0.0316391194771404
788,"Doctor, my wife says her titty warmers are chafing something awful, and she’s got a rash underneath—could it be a skin infection?",something awful,something awful,is_multiword,0,9,9|10,1,0.3318977554639181,0,1.0,,,,,,,,,,,,,,,,,,,,,,,,,,,,,,,To a great or unpleasant degree.,Extremely bad or painful.,Extremely unpleasant or distressing.,0.5003669261932373,0.826055109500885,0.6778846979141235,0.6681022445360819,0.5003669261932373,0.163064313944312
788,"Doctor, my wife says her titty warmers are chafing something awful, and she’s got a rash underneath—could it be a skin infection?",she’s got,she's got,is_multiword,0,12,12|13,1,0.6300617655118306,0,1.0,,,,,,,,,,,,,,,,,,,,,,,,,,,,,,,Possesses or has a specified condition.,She has developed.,Possesses or has in this instance.,0.0885279178619384,0.7439202070236206,0.277366578578949,0.3699382344881693,0.0885279178619384,0.3373601884951436
790,My wife says her Roseanne feels too tight and is leaving dents in her shoulders—could that be causing her headaches?,dents in,dents in,is_multiword,0,11,11|12,1,0.5028928617636363,0,1.0,,,,,,,,,,,,,,,,,,,,,,,,,,,,,,,"Small depressions or impressions on a surface, often caused by pressure or impact.",Indents or marks left on shoulders from tight clothing.,"Impressions or indentations on a surface, often temporary.",0.1624670326709747,0.818689227104187,0.5101651549339294,0.4971071382363637,0.1624670326709747,0.3283059182633487
792,"Doctor, I’ve been having this rash under my hammocks and it’s really itchy—could it be from the new detergent I’m using?",I’ve been,i've been,is_multiword,0,1,1|2,1,0.3323206007480621,0,1.0,,,,,,,,,,,,,,,,,,,,,,,,,,,,,,,Expressing a state of affairs that has been true for some time in the past.,Indicating a past ongoing condition.,Past continuous tense form indicating ongoing action in the past.,0.8614294528961182,0.4803896248340606,0.6612191200256348,0.6676793992519379,0.4803896248340606,0.190602043662055
792,"Doctor, I’ve been having this rash under my hammocks and it’s really itchy—could it be from the new detergent I’m using?",I’ve been having,i've been having,is_multiword,0,1,1|2|3,1,0.4608098467191061,0,1.0,,,,,,,,,,,,,,,,,,,,,,,,,,,,,,,Experiencing or suffering from a condition or problem over a period of time.,Indicating a persistent personal health issue.,"A sequence of events or experiences that have occurred over a period of time, typically implying a recurring or persistent situation.",0.6128487586975098,0.701027512550354,0.3036941885948181,0.5391901532808939,0.3036941885948181,0.2086567401147857
792,"Doctor, I’ve been having this rash under my hammocks and it’s really itchy—could it be from the new detergent I’m using?",been having,been having,is_multiword,0,2,2|3,1,0.1724781394004821,0,1.0,,,,,,,,,,,,,,,,,,,,,,,,,,,,,,,experiencing or suffering from a condition or problem over a period of time.,Experiencing repeatedly over time.,Experiencing repeatedly over a period of time.,0.7601032853126526,0.7583127617835999,0.964149534702301,0.8275218605995178,0.7583127617835999,0.1183264234720177
796,"Doctor, my wife says her brassiere buddies have been feeling tender and swollen since she started the new medication.",brassiere buddies,brassiere buddies,is_multiword,1,5,5|6,1,0.8388597772767147,1,1.0,,,,,,,,,,,,,,,,,,,,,,,,,,,,,,,Close female friends.,Breast nipples in colloquial terms.,Breasts or mammary glands.,0.0104461945593357,0.0122381392866373,0.460736334323883,0.1611402227232853,0.0104461945593357,0.2594593905240756
801,"""I keep getting a sharp pain under my right baby's public-house when I breathe in deep—could it be something serious?""",keep getting,keep getting,is_multiword,0,1,1|2,1,0.3822688062985738,0,1.0,,,,,,,,,,,,,,,,,,,,,,,,,,,,,,,"To repeatedly experience or encounter something, such as a problem or a sensation, over time.",Continuously experiencing repeatedly.,"Repeated occurrence or continuous happening of an event, in this case, a sharp pain.",0.7570487856864929,0.5298879146575928,0.5662568807601929,0.6177311937014262,0.5298879146575928,0.122015240856342
801,"""I keep getting a sharp pain under my right baby's public-house when I breathe in deep—could it be something serious?""",baby's public-house,baby's public-house,is_multiword,1,9,9|10,1,0.7074114854137104,0,1.0,,,,,,,,,,,,,,,,,,,,,,,,,,,,,,,"The lower part of the abdomen, specifically the area below the navel.","Refers to the area of the ribs, likely meaning costal region.",Abdomen (informal slang),0.2849977612495422,0.52214115858078,0.0706266239285469,0.2925885145862897,0.0706266239285469,0.22585295748057
805,"Doctor, I’ve been feeling a lump in my left Mae West and it’s been tender for about a week now.",Mae West,mae west,is_multiword,1,9,9|10,1,0.3390763998031616,0,1.0,,,,,,,,,,,,,,,,,,,,,,,,,,,,,,,A colloquial term for the breast.,A colloquial term for breast.,"A Mae West, in this context, refers to the chest area of a woman's torso.",0.9674014449119568,0.5399790406227112,0.4753903150558471,0.6609236001968384,0.4753903150558471,0.2673750695998153
810,"Doctor, I’ve been feeling a sharp ache in my left ninny ever since I lifted that heavy box yesterday.",ninny ever,ninny ever,is_multiword,0,10,10|11,1,0.8593639669318994,0,1.0,,,,,,,,,,,,,,,,,,,,,,,,,,,,,,,"The back of the head, specifically the region behind the ear.",Left ear.,Left lower abdomen or groin region.,0.3795993328094482,0.0091293640434741,0.0331794023513793,0.1406360330681006,0.0091293640434741,0.2072973590114157
817,"Doctor, my wife says her Charleys are so tender she can't even stand wearing a bra, and she's worried it might be something serious.",stand wearing,stand wearing,is_multiword,0,12,12|13,1,0.2825104792912801,0,1.0,,,,,,,,,,,,,,,,,,,,,,,,,,,,,,,tolerate or endure the discomfort of wearing.,tolerate or bear wearing.,"To physically endure or tolerate wearing (a piece of clothing, in this case a bra).",0.8528786897659302,0.6617067456245422,0.6378831267356873,0.7174895207087199,0.6378831267356873,0.1178539839281717
830,"Doctor, I’ve noticed a lump in my left jiggler and it’s been feeling tender for the past few weeks.",feeling tender,feeling tender,is_multiword,0,12,12|13,1,0.4961828192075094,0,1.0,,,,,,,,,,,,,,,,,,,,,,,,,,,,,,,Slightly painful or sensitive to the touch.,Sensation of tenderness or soreness in the lump.,"Sensation of discomfort or pain in a body part, often associated with inflammation or injury.",0.3717969059944153,0.6024861931800842,0.5371684432029724,0.5038171807924906,0.3717969059944153,0.118905915890832
836,"Doctor, my left jutters has been feeling really sore and tender since yesterday—could it be something serious?",really sore,really sore,is_multiword,0,7,7|8,1,0.0782397985458374,0,1.0,,,,,,,,,,,,,,,,,,,,,,,,,,,,,,,Extremely painful or uncomfortable.,Experiencing significant pain and discomfort.,Experiencing a high degree of pain or discomfort.,0.9003564119338989,0.9194099307060242,0.9455142617225648,0.9217602014541626,0.9003564119338989,0.0226704803395537
844,My mother says her goodie has been hurting ever since she started that new medication.,hurting ever,hurting ever,is_multiword,0,7,7|8,1,0.2330702344576517,0,1.0,,,,,,,,,,,,,,,,,,,,,,,,,,,,,,,experiencing physical pain or discomfort.,Causing pain continuously.,Persisting in a state of pain or discomfort.,0.6097404360771179,0.8309021592140198,0.860146701335907,0.7669297655423483,0.6097404360771179,0.1369130190459485
846,"My wife's feeding bottles are all red and itchy, and she's worried it might be something serious.",feeding bottles,feeding bottles,is_multiword,1,2,2|3,1,0.2971535325050354,0,1.0,,,,,,,,,,,,,,,,,,,,,,,,,,,,,,,Containers used to hold and deliver milk or formula to infants.,Containers for baby's milk or liquids.,Containers used to administer liquid nourishment to infants or animals.,0.7632772922515869,0.6851679682731628,0.660094141960144,0.7028464674949646,0.660094141960144,0.0538153103407204
859,"Doctor, my tits have been feeling really tender and lumpy, especially on the left side.",really tender,really tender,is_multiword,0,6,6|7,1,0.3899547855059305,0,1.0,,,,,,,,,,,,,,,,,,,,,,,,,,,,,,,"Sensitively painful to the touch, as if inflamed or irritated.",Extremely sensitive and soft to touch.,"Sensitive to touch, exhibiting a soft, delicate quality.",0.4356213510036468,0.4506004154682159,0.9439138770103456,0.6100452144940695,0.4356213510036468,0.2892357273070941
864,"Doctor, my cabman's rests have been feeling really tender and lumpy for the past few weeks, and I'm worried it might be something serious.",cabman's rests,cabman's rests,is_multiword,1,2,2|3,1,0.9906864715740084,1,1.0,,,,,,,,,,,,,,,,,,,,,,,,,,,,,,,"The bony prominences at the base of the spine, where the muscles and ligaments attach.",Patient's lymph nodes being checked.,"Seat of a horse-drawn vehicle, especially a taxi.",0.0086469408124685,0.009665404446423,0.009628240019083,0.0093135284259915,0.0086469408124685,0.0005775808026082
865,My wife is worried because she noticed a lump in her cabman's rests during her self-check last week.,cabman's rests,cabman's rests,is_multiword,1,11,11|12,1,0.989478452441593,1,1.0,,,,,,,,,,,,,,,,,,,,,,,,,,,,,,,"A part of a vehicle, typically a taxi, where the driver rests or leans against.","Breast tissue; specifically, nipples.","Anatomical region on the back of the hand, specifically the fleshy area between the base of the thumb and index finger.",0.0092212809249758,0.0087816854938864,0.0135616762563586,0.0105215475584069,0.0087816854938864,0.0026419874925594
873,"My wife says her right boob has been feeling tender and swollen since she started breastfeeding, and she's concerned it might be mastitis.",she's concerned,she's concerned,is_multiword,0,17,17|18,1,0.4394471049308777,0,1.0,,,,,,,,,,,,,,,,,,,,,,,,,,,,,,,Expressing apprehension or worry about a potential problem or its consequences.,Expressing worry about a health issue.,Expresses worry or apprehension about the possibility of having mastitis.,0.6017435193061829,0.5458771586418152,0.5340380072593689,0.5605528950691223,0.5340380072593689,0.0361599504997332
881,"Doctor, I've been feeling a lump in my right prize faggots for a few weeks now and it's starting to worry me.",prize faggots,prize faggots,is_multiword,1,9,9|10,1,0.8475675331428647,0,1.0,,,,,,,,,,,,,,,,,,,,,,,,,,,,,,,"Meatballs, typically made from minced meat and served as a dish.",Right breast.,"Anatomical error in sentence; intended meaning is likely ""breast,"" referring to the female mammary glands.",0.1025008410215377,0.0089030573144555,0.3458935022354126,0.1524324668571353,0.0089030573144555,0.1739554984355071
882,"Doctor, my right bazoom has been feeling really tender and I found a lump when I was showering this morning.",really tender,really tender,is_multiword,0,7,7|8,1,0.2643797000249227,0,1.0,,,,,,,,,,,,,,,,,,,,,,,,,,,,,,,"Sensitively painful to the touch, often associated with inflammation or irritation.",Extremely sensitive or painful.,"Sensitive to touch, experiencing discomfort or pain.",0.6962449550628662,0.724522590637207,0.7860933542251587,0.7356202999750773,0.6962449550628662,0.045940756114996
887,"Doctor, my left titty has been feeling really tender and I found a lump there this morning.",really tender,really tender,is_multiword,0,7,7|8,1,0.2533011635144552,0,1.0,,,,,,,,,,,,,,,,,,,,,,,,,,,,,,,"Sensitively painful, as if touched or pressed, often associated with a medical issue or injury.",Extremely sensitive or painful.,"Sensitive to touch, exhibiting increased softness or pain.",0.749360203742981,0.7063490152359009,0.7843872904777527,0.7466988364855448,0.7063490152359009,0.0390871495179677
890,"Doctor, my right hooter has been feeling really tender and I found a lump this morning.",hooter has,hooter has,is_multiword,0,3,3|4,1,0.6534210195144017,0,1.0,,,,,,,,,,,,,,,,,,,,,,,,,,,,,,,A colloquial term for the ear.,Refers to the breast.,"Refers to the right chest area, often used colloquially to refer to the breast.",0.1070400029420852,0.192009150981903,0.7406877875328064,0.3465789804855982,0.1070400029420852,0.3439422231622387
890,"Doctor, my right hooter has been feeling really tender and I found a lump this morning.",really tender,really tender,is_multiword,0,7,7|8,1,0.2108988761901855,0,1.0,,,,,,,,,,,,,,,,,,,,,,,,,,,,,,,"Sensitively painful, as if touched or pressed.",Extremely sensitive or painful.,Sensation of increased sensitivity or pain in a body part.,0.7670932412147522,0.7465346455574036,0.8536754846572876,0.7891011238098145,0.7465346455574036,0.0568599157842793
893,"Doctor, I've been having a sharp pain in my left frontispiece that comes and goes, especially when I lift my arm.",I've been,i've been,is_multiword,0,1,1|2,1,0.5673329432805378,0,1.0,,,,,,,,,,,,,,,,,,,,,,,,,,,,,,,Expressing a state of affairs that has been true for some time in the past.,Indicating ongoing experience of symptoms.,A sequence of events or actions that have occurred in the past and continue to happen over a period of time.,0.4004365801811218,0.664631187915802,0.2329334020614624,0.4326670567194621,0.2329334020614624,0.2176461515655656
893,"Doctor, I've been having a sharp pain in my left frontispiece that comes and goes, especially when I lift my arm.",I've been having,i've been having,is_multiword,0,1,1|2|3,1,0.2034688393274942,0,1.0,,,,,,,,,,,,,,,,,,,,,,,,,,,,,,,Experiencing recurring or intermittent symptoms.,Experiencing symptoms over time.,Experiencing repeatedly over a period of time.,0.8764106035232544,0.7302080988883972,0.7829747796058655,0.7965311606725057,0.7302080988883972,0.0740379949154103
893,"Doctor, I've been having a sharp pain in my left frontispiece that comes and goes, especially when I lift my arm.",been having,been having,is_multiword,0,2,2|3,1,0.1814530889193216,0,1.0,,,,,,,,,,,,,,,,,,,,,,,,,,,,,,,experiencing recurring episodes of a particular condition or sensation.,Experiencing repeatedly over time.,Experiencing repeatedly over a period of time.,0.7309348583221436,0.7605563402175903,0.964149534702301,0.8185469110806783,0.7309348583221436,0.1269624001488059
896,My wife says her right booby has been sore and tender ever since she started breastfeeding.,tender ever,tender ever,is_multiword,0,10,10|11,1,0.313719113667806,0,1.0,,,,,,,,,,,,,,,,,,,,,,,,,,,,,,,Slightly painful or sensitive to the touch.,Sensitive and soft to the touch.,"Sensitive to touch, delicate.",0.5310054421424866,0.6381643414497375,0.8896728754043579,0.686280886332194,0.5310054421424866,0.184111334086834
898,My wife says her herman has been sore and she's worried it might be something serious.,herman has,herman has,is_multiword,0,4,4|5,1,0.9101058002561332,0,1.0,,,,,,,,,,,,,,,,,,,,,,,,,,,,,,,"a male donkey, especially one that is castrated.",Her brother has.,"Herman (in this context) refers to a sibling, specifically a brother in Spanish.",0.0092664640396833,0.0087366253137588,0.2516795098781585,0.0898941997438669,0.0087366253137588,0.1401104389890545
898,My wife says her herman has been sore and she's worried it might be something serious.,herman has been,herman has been,is_multiword,0,4,4|5|6,1,0.9451575229565302,0,1.0,,,,,,,,,,,,,,,,,,,,,,,,,,,,,,,"a male horse, especially one that is old or no longer used for breeding.",Her brother has been feeling ill.,"Herman (in this context) refers to a sibling, specifically a brother in Spanish. The phrase ""herman has been"" indicates that the sibling has been in a state or situation for",0.0085673946887254,0.0130007546395063,0.1429592818021774,0.0548424770434697,0.0085673946887254,0.0763435794993688
898,My wife says her herman has been sore and she's worried it might be something serious.,herman has been sore,herman has been sore,is_multiword,0,4,4|5|6|7,1,0.6491024245818455,0,1.0,,,,,,,,,,,,,,,,,,,,,,,,,,,,,,,"A herman is an old-fashioned term for a hernia, typically referring to an inguinal hernia.",Her brother has experienced pain.,"Herman (in this context) refers to a sibling (brother or sister) in Spanish, experiencing physical discomfort or pain (sore).",0.0940966457128524,0.439561516046524,0.5190345644950867,0.3508975754181544,0.0940966457128524,0.2259181920088717
898,My wife says her herman has been sore and she's worried it might be something serious.,has been,has been,is_multiword,0,5,5|6,1,0.4377982715765635,0,1.0,,,,,,,,,,,,,,,,,,,,,,,,,,,,,,,"experienced or existed for a period of time, often in a particular condition.",Indicates a past condition continuing into present.,Has been (in this context) refers to the continuous state or action of something happening in the past.,0.6499359011650085,0.4000939428806305,0.6365753412246704,0.5622017284234365,0.4000939428806305,0.1405483074984331
898,My wife says her herman has been sore and she's worried it might be something serious.,has been sore,has been sore,is_multiword,0,5,5|6|7,1,0.1802658041318258,0,1.0,,,,,,,,,,,,,,,,,,,,,,,,,,,,,,,"Experiencing or showing physical pain or discomfort, typically in the muscles or joints.",Experience persistent pain or discomfort.,Experiencing persistent pain or discomfort.,0.746885359287262,0.7456409335136414,0.9666762948036194,0.8197341958681742,0.7456409335136414,0.127257111701241
898,My wife says her herman has been sore and she's worried it might be something serious.,been sore,been sore,is_multiword,0,6,6|7,1,0.2489876945813497,0,1.0,,,,,,,,,,,,,,,,,,,,,,,,,,,,,,,"Experienced or shown signs of physical pain or discomfort, possibly indicating an underlying medical issue.",Experienced pain or discomfort.,"A state of physical discomfort or pain in a part of the body, often temporary but potentially indicative of an underlying condition.",0.6740145087242126,0.8479897379875183,0.73103266954422,0.7510123054186503,0.6740145087242126,0.0886917949224225
902,"Doctor, I’ve been feeling a lump in my left milky way and it’s been sore for a few days.",milky way,milky way,is_multiword,1,9,9|10,1,0.8490866863479217,1,1.0,,,,,,,,,,,,,,,,,,,,,,,,,,,,,,,"A region in the night sky containing stars, gas, and dust in the galaxy closest to the Sun.",Left breast area experiencing a lump.,"Galactic structure, specifically the galaxy in which our solar system resides, not a celestial body within the human body. (Misuse in this context.)",0.0089883543550968,0.4346307516098022,0.0091208349913358,0.1509133136520783,0.0089883543550968,0.2457065176969283
926,My son's been acting really spaced out and failing his classes—I found some biftah in his room and I'm worried it's affecting his health.,spaced out,spaced out,is_multiword,0,5,5|6,1,0.376556913057963,1,1.0,,,,,,,,,,,,,,,,,,,,,,,,,,,,,,,"Dazed or disoriented, often due to substance use or lack of attention.","Detached or absent in demeanor, suggesting distraction or disconnection.","Displaying a state of mental distraction or detachment, often associated with a lack of focus or awareness.",0.3993498086929321,0.6092936992645264,0.8616857528686523,0.623443086942037,0.3993498086929321,0.2314925165052858
929,"Doctor, my son has been coughing non-stop and his eyes are always red—I'm worried he's been smoking bo-bo jockey behind the schoolyard.",bo-bo jockey,bo-bo jockey,is_multiword,1,18,18|19,1,0.4978737235069275,0,1.0,,,,,,,,,,,,,,,,,,,,,,,,,,,,,,,"A term used to refer to a person who smokes, especially a child.",Refers to young smokers congregating secretly.,"Substance or activity associated with illicit smoking, often slang for marijuana.",0.5451463460922241,0.5422634482383728,0.4189690351486206,0.5021262764930725,0.4189690351486206,0.0720307077989901
930,"My husband keeps getting dizzy spells and losing his appetite, and I found a strange smell on his clothes—could it be from using bo-bo jockey?",keeps getting,keeps getting,is_multiword,0,2,2|3,1,0.4460817873477936,0,1.0,,,,,,,,,,,,,,,,,,,,,,,,,,,,,,,"Continuously or repeatedly experiencing something, in this case, dizzy spells and losing appetite.",Continues to experience repeatedly.,"Maintains a recurring or persistent occurrence of an event or condition (in this case, dizzy spells).",0.4842876493930816,0.6739080548286438,0.5035589337348938,0.5539182126522064,0.4842876493930816,0.1043600367439112
930,"My husband keeps getting dizzy spells and losing his appetite, and I found a strange smell on his clothes—could it be from using bo-bo jockey?",bo-bo jockey,bo-bo jockey,is_multiword,1,24,24|25,1,0.7777031616618236,0,1.0,,,,,,,,,,,,,,,,,,,,,,,,,,,,,,,"A type of strong, pungent incense or perfume, often associated with a distinctive odor.",A type of perfume or cologne.,A topical ointment or cream used for the treatment and prevention of diaper rash in infants.,0.6467726826667786,0.0091480379924178,0.0109697943553328,0.2222968383381764,0.0091480379924178,0.3676079929937885
947,"My son keeps sneaking out to smoke budlies with his friends, and I'm worried it's making his asthma worse.",keeps sneaking,keeps sneaking,is_multiword,0,2,2|3,1,0.5125889331102371,1,1.0,,,,,,,,,,,,,,,,,,,,,,,,,,,,,,,"Engaging in secret or hidden behavior, often without permission or knowledge of others.",Continually hiding actions from parents.,"Repeatedly secretly exiting, typically in an unauthorized manner.",0.5985314846038818,0.6550219058990479,0.2086798101663589,0.4874110668897629,0.2086798101663589,0.2430352382484532
947,"My son keeps sneaking out to smoke budlies with his friends, and I'm worried it's making his asthma worse.",it's making,it's making,is_multiword,0,14,14|15,1,0.4194761713345846,0,1.0,,,,,,,,,,,,,,,,,,,,,,,,,,,,,,,causing a negative effect or worsening a situation.,It is worsening.,"Causing or contributing to a worsening of (in this case, his asthma).",0.6897391676902771,0.541232168674469,0.5106001496315002,0.5805238286654154,0.5106001496315002,0.0958153059609935
951,"Doctor, my son's been messing around with the barn cats again, and I'm worried he might need a hamstring the fiddle—he keeps grabbing at himself and crying.",messing around,messing around,is_multiword,0,4,4|5,1,0.3852747480074564,0,1.0,,,,,,,,,,,,,,,,,,,,,,,,,,,,,,,"Behaving in a careless or uncontrolled manner, often in a playful or mischievous way.",Playing mischievously or causing trouble.,"Engaging in casual, playful, or unsupervised activity with something or someone.",0.6787240505218506,0.7040567994117737,0.4613949060440063,0.6147252519925436,0.4613949060440063,0.1333907166301446
951,"Doctor, my son's been messing around with the barn cats again, and I'm worried he might need a hamstring the fiddle—he keeps grabbing at himself and crying.",grabbing at,grabbing at,is_multiword,0,23,23|24,1,0.5763778338829677,0,1.0,,,,,,,,,,,,,,,,,,,,,,,,,,,,,,,seizing or holding onto something or someone roughly or impulsively.,"Tugging or holding oneself, often in distress.","Seizing or holding onto something, often in a quick, repeated manner. In this context, it refers to the action of touching or pulling at one's own body part.",0.2003314346075058,0.6460602879524231,0.4244747757911682,0.4236221661170323,0.2003314346075058,0.2228656498509494
952,"Doctor, my husband's been acting strange ever since the accident down there—could he be needing a hamstring the fiddle to stop the pain?",be needing,be needing,is_multiword,0,14,14|15,1,0.5057820081710815,0,1.0,,,,,,,,,,,,,,,,,,,,,,,,,,,,,,,require medical attention or treatment due to a specific condition or injury.,Expressing a requirement or necessity.,"Requiring medical treatment or relief for a condition, in this case, potentially referring to a hamstring injury causing pain.",0.4648196697235107,0.630641758441925,0.3871925473213196,0.4942179918289184,0.3871925473213196,0.1243586571404309
955,"My son keeps trying to hock the dock on our farm cat, and I'm worried he's picking up bad habits from somewhere.",dock on,dock on,is_multiword,0,7,7|8,1,0.318986713886261,0,1.0,,,,,,,,,,,,,,,,,,,,,,,,,,,,,,,"A dock is a wooden platform or structure near a body of water, especially a boat dock.",A structure for mooring boats.,"A structure, typically a platform, built over water, often used for boats or fishing, found on the farm in the given sentence.",0.7664247751235962,0.6611806154251099,0.615434467792511,0.681013286113739,0.615434467792511,0.0774242813784319
955,"My son keeps trying to hock the dock on our farm cat, and I'm worried he's picking up bad habits from somewhere.",he's picking,he's picking,is_multiword,0,15,15|16,1,0.6999931928391259,0,1.0,,,,,,,,,,,,,,,,,,,,,,,,,,,,,,,Acquiring undesirable traits or behaviors from an unknown or unspecified source.,Indicating he is adopting不良行为。,He is acquiring or learning (bad) habits from somewhere.,0.0091279568150639,0.8382917642593384,0.0526007004082202,0.3000068071608742,0.0091279568150639,0.4666749309077472
955,"My son keeps trying to hock the dock on our farm cat, and I'm worried he's picking up bad habits from somewhere.",he's picking up,he's picking up,is_multiword,0,15,15|16|17,1,0.2198436458905538,0,1.0,,,,,,,,,,,,,,,,,,,,,,,,,,,,,,,"Acquiring undesirable behaviors or traits from others, often through observation or interaction.",Acquiring undesirable behaviors.,Acquiring or learning (bad habits) from an external source.,0.772689938545227,0.7806544303894043,0.7871246933937073,0.7801563541094462,0.772689938545227,0.0072302556572657
955,"My son keeps trying to hock the dock on our farm cat, and I'm worried he's picking up bad habits from somewhere.",picking up,picking up,is_multiword,0,16,16|17,1,0.4188080827395121,0,1.0,,,,,,,,,,,,,,,,,,,,,,,,,,,,,,,"Acquiring or learning undesirable behaviors or traits, often unintentionally or through observation.","Acquiring unintentionally, especially不良行为。",Acquiring or learning (bad habits) from an external source.,0.5691636204719543,0.7347919940948486,0.4396201372146606,0.5811919172604879,0.4396201372146606,0.1479530878902138
957,"My son has been acting out a lot lately, and I'm wondering if getting him cut might help calm him down.",I'm wondering,i'm wondering,is_multiword,0,10,10|11,1,0.1966168880462646,0,1.0,,,,,,,,,,,,,,,,,,,,,,,,,,,,,,,"Expressing curiosity or uncertainty about a situation, often used to introduce a question or inquiry.",Expressing doubt or consideration about an action.,"Contemplating, questioning, or speculating about a possible solution or outcome.",0.7890384197235107,0.8372418880462646,0.7838690280914307,0.8033831119537354,0.7838690280914307,0.0294362564081182
958,"My husband is worried about his prostate, but he's scared of the surgery—could you explain what happens when he gets cut?",he's scared,he's scared,is_multiword,0,8,8|9,1,0.3941402037938436,0,1.0,,,,,,,,,,,,,,,,,,,,,,,,,,,,,,,Feeling anxious or fearful about something.,Expressing fear about a medical procedure.,Fearful or anxious about the prospect of undergoing a surgical procedure.,0.5343000292778015,0.5787643194198608,0.7045150399208069,0.6058597962061564,0.5343000292778015,0.0882831303747047
959,"Doctor, we're considering having our old dog put hors de combat because of his prostate problems—will that help with his constant urinary infections?",hors de,hors de,is_multiword,0,8,8|9,1,0.2975889245669046,0,1.0,,,,,,,,,,,,,,,,,,,,,,,,,,,,,,,"Temporarily or permanently out of action, especially in a military context, or no longer active.",Removed from action or use.,"Out of service or combat, temporarily unavailable for duty.",0.6521512866020203,0.8650056719779968,0.5900762677192688,0.7024110754330953,0.5900762677192688,0.1441911200855412
960,"Doctor, our cat got into a fight and I think we need to have him put hors de combat to calm him down, but could that cause any health issues later?",hors de,hors de,is_multiword,0,16,16|17,1,0.2491770386695861,0,1.0,,,,,,,,,,,,,,,,,,,,,,,,,,,,,,,Temporarily removing from combat or activity.,Exempt from further combat or conflict.,"Out of service or combat, temporarily inactive.",0.884710967540741,0.9021171927452089,0.4656407237052917,0.7508229613304138,0.4656407237052917,0.2471283586754479
960,"Doctor, our cat got into a fight and I think we need to have him put hors de combat to calm him down, but could that cause any health issues later?",hors de combat,hors de combat,is_multiword,0,16,16|17|18,1,0.5998959789673488,0,1.0,,,,,,,,,,,,,,,,,,,,,,,,,,,,,,,Temporarily removing an animal from competition or activity to prevent further injury or stress.,"Removed from battle; figuratively, rendered inactive or incapacitated.","Out of combat, temporarily incapacitated or unable to fight.",0.200200006365776,0.1157238483428955,0.8843882083892822,0.4001040210326512,0.1157238483428955,0.4215239446476688
960,"Doctor, our cat got into a fight and I think we need to have him put hors de combat to calm him down, but could that cause any health issues later?",de combat,de combat,is_multiword,0,17,17|18,1,0.5127563575903575,0,1.0,,,,,,,,,,,,,,,,,,,,,,,,,,,,,,,"Out of action; temporarily removed from active service or competition, often to prevent further injury or harm.",Rendering temporarily incapacitated or neutralized.,"Out of combat, inactive or incapacitated, especially in a military or medical context.",0.3479915559291839,0.5928877592086792,0.5208516120910645,0.4872436424096425,0.3479915559291839,0.1258596810529825
966,"Doctor, my husband has been in so much pain since the accident—I’m terrified he might need to cut the G-string to save his life.",so much,so much,is_multiword,0,6,6|7,1,0.4603530168533325,0,1.0,,,,,,,,,,,,,,,,,,,,,,,,,,,,,,,To a great or considerable extent or degree.,Extremely great or intense.,"Extremely great or excessive amount, as indicated by the intensity of the pain experienced by the husband after the accident.",0.7091353535652161,0.411318302154541,0.4984872937202453,0.5396469831466675,0.411318302154541,0.1531154435483136
968,"Doctor, my husband's prostate issues have been getting worse, and we're considering whether to take out the starch—what would you recommend for his long-term health?",take out,take out,is_multiword,0,14,14|15,1,0.7489687915270526,1,1.0,,,,,,,,,,,,,,,,,,,,,,,,,,,,,,,Remove surgically.,Remove or eliminate from diet.,"Surgical removal of a body organ or tissue, often referring to a prostatectomy in this context.",0.1052036881446838,0.6357001066207886,0.0121898306533694,0.2510312084729473,0.0121898306533694,0.3363636652836619
970,"Doctor, my husband’s old injury keeps flaring up and the vet said it’s like a lame the duck for his nerves—does that sound right for a man too?",keeps flaring,keeps flaring,is_multiword,0,5,5|6,1,0.2566569050153097,0,1.0,,,,,,,,,,,,,,,,,,,,,,,,,,,,,,,"Recurring and worsening, especially in a sudden or unpredictable manner.",Persistently recurring or worsening.,"Recurring intermittently, often with increased severity or intensity.",0.7022659778594971,0.6853959560394287,0.8423673510551453,0.7433430949846903,0.6853959560394287,0.0861713518333248
970,"Doctor, my husband’s old injury keeps flaring up and the vet said it’s like a lame the duck for his nerves—does that sound right for a man too?",sound right,sound right,is_multiword,0,23,23|24,1,0.6052908829102914,1,1.0,,,,,,,,,,,,,,,,,,,,,,,,,,,,,,,"Be acceptable or reasonable, based on one's judgment or opinion.",Seem accurate or appropriate for a man.,"Suitable, appropriate, or valid in a given situation or context.",0.0160049404948949,0.609912633895874,0.5582097768783569,0.3947091170897086,0.0160049404948949,0.3289847053948106
980,"Doctor, I think my husband had an attack last night—he couldn't move his left side and his speech was slurred.",an attack,an attack,is_multiword,0,6,6|7,1,0.3987284700075785,0,1.0,,,,,,,,,,,,,,,,,,,,,,,,,,,,,,,"A sudden onset of symptoms, typically including weakness or paralysis, and often associated with stroke.",A sudden onset of symptoms indicating a neurological event.,"Sudden onset of symptoms, often indicating a disease or injury, typically involving a physical or physiological disturbance.",0.6286783218383789,0.6686473488807678,0.5064889192581177,0.6012715299924215,0.5064889192581177,0.0844818812165468
981,"My mother's been acting confused all morning, and I'm scared she might be having an attack.",an attack,an attack,is_multiword,0,14,14|15,1,0.3175213535626729,0,1.0,,,,,,,,,,,,,,,,,,,,,,,,,,,,,,,"A sudden, severe episode of a medical condition, such as a heart attack or seizure.",A sudden onset of symptoms indicating a health crisis.,"A sudden onset of symptoms or a critical phase of a disease, often requiring immediate medical attention.",0.6509005427360535,0.6303574442863464,0.7661779522895813,0.682478646437327,0.6303574442863464,0.073209870055823
982,My wife had a belly pull with our first baby and now she's feeling some pain in the same spot—could it be scar tissue?,belly pull,belly pull,is_multiword,1,4,4|5,1,0.7700794593741497,1,1.0,,,,,,,,,,,,,,,,,,,,,,,,,,,,,,,"A severe, intense contraction of the uterus during pregnancy, often causing abdominal pain.",A type of episiotomy or tear during childbirth.,"Abdominal muscle separation during pregnancy, particularly in the lower abdomen.",0.016421353444457,0.6173034310340881,0.0560368373990058,0.2299205406258503,0.016421353444457,0.3360676635411667
982,My wife had a belly pull with our first baby and now she's feeling some pain in the same spot—could it be scar tissue?,she's feeling,she's feeling,is_multiword,0,12,12|13,1,0.4382141828536987,1,1.0,,,,,,,,,,,,,,,,,,,,,,,,,,,,,,,"Experiencing physical sensations, such as pain or discomfort, due to a medical condition or injury.",Experiencing pain from previous surgery.,Experiencing sensations or discomfort in a particular location.,0.6449950337409973,0.6015113592147827,0.4388510584831238,0.5617858171463013,0.4388510584831238,0.1086619696731828
983,"Doctor, I'm scheduled for a belly pull next week and I'm a bit nervous about the recovery time.",belly pull,belly pull,is_multiword,1,5,5|6,1,0.5226474801699321,1,1.0,,,,,,,,,,,,,,,,,,,,,,,,,,,,,,,A surgical procedure to repair a hernia in the abdominal wall.,A surgical procedure for delivering a baby through the abdomen.,"Abdominal muscle repair surgery (e.g., hernia repair)",0.3190050721168518,0.8553152084350586,0.2577372789382934,0.4773525198300679,0.2577372789382934,0.3287556556218881
990,"My wife is having strong contractions every three minutes, doctor, it looks like the loosing of the cat is starting.",loosing of,loosing of,is_multiword,0,14,14|15,1,0.6452955553929012,0,1.0,,,,,,,,,,,,,,,,,,,,,,,,,,,,,,,The onset of labor.,Loss of fetal membranes during childbirth.,"Onset of labor, specifically the dilation and effacement of the cervix, as indicated by regular contractions.",0.2275786697864532,0.6925233006477356,0.1440113633871078,0.3547044446070989,0.1440113633871078,0.2955284390666384
991,"Doctor, my daughter's been having those piss bones pains for hours now—I think the baby's finally coming.",piss bones,piss bones,is_multiword,1,6,6|7,1,0.7961798906326294,1,1.0,,,,,,,,,,,,,,,,,,,,,,,,,,,,,,,"Lower back region, often associated with menstrual cramps or labor pains.","Refers to kidney pain, colloquially mentioned.","Intense, sharp pains, especially in childbirth.",0.0870215073227882,0.409506231546402,0.1149325892329216,0.2038201093673706,0.0870215073227882,0.1786752438535739
992,"My wife says she feels like she's piss bones with this one, doc—should we head to the delivery room?",she's piss,she's piss,is_multiword,0,6,6|7,1,0.9508285329987606,1,1.0,,,,,,,,,,,,,,,,,,,,,,,,,,,,,,,extremely tired or exhausted.,She's feeling extremely cold or unresponsive.,"Pregnant woman experiencing strong contractions or intense discomfort, indicating imminent labor.",0.0678740218281745,0.0206415932625532,0.0589987859129905,0.0491714670012394,0.0206415932625532,0.025102942552549
993,"My wife's been having sharp pains in her lower belly, and I'm worried she's about to pop before her due date.",she's about,she's about,is_multiword,0,13,13|14,1,0.7956365641827384,1,1.0,,,,,,,,,,,,,,,,,,,,,,,,,,,,,,,"imminent, as in something is likely to happen soon, especially before a scheduled time.",Referring to the woman speaking or her wife.,"The target span ""she's about"" in the given sentence implies that the event or occurrence is imminent or close at hand, in this case, the birth of the baby.",0.0120677957311272,0.415403813123703,0.1856186985969543,0.2043634358172615,0.0120677957311272,0.2023203143819715
996,"Doctor, I'm hoping to be relieved of tympany with two heels soon—my due date was yesterday and I can't wait any longer.",I'm hoping,i'm hoping,is_multiword,0,1,1|2,1,0.0992407202720642,0,1.0,,,,,,,,,,,,,,,,,,,,,,,,,,,,,,,Expressing a desire or expectation for something to happen or be achieved.,Expressing a desire or expectation.,Expressing a desire for something to happen or occur.,0.9044774770736694,0.9201039671897888,0.8776963949203491,0.9007592797279358,0.8776963949203491,0.0214468946487202
999,"Doctor, my daughter’s been in labor for twelve hours now and she can’t seem to piss hard—should we be worried?",to piss,to piss,is_multiword,0,14,14|15,1,0.4605627655982971,0,1.0,,,,,,,,,,,,,,,,,,,,,,,,,,,,,,,"To urinate with difficulty or in small amounts, often indicating a medical issue.",To urinate forcefully.,To expel urine from the body.,0.3987025618553161,0.4595617055892944,0.760047435760498,0.5394372344017029,0.3987025618553161,0.1934621527629742
999,"Doctor, my daughter’s been in labor for twelve hours now and she can’t seem to piss hard—should we be worried?",to piss hard,to piss hard,is_multiword,0,14,14|15|16,1,0.298765222231547,0,1.0,,,,,,,,,,,,,,,,,,,,,,,,,,,,,,,"Urinate with a strong, forceful stream, typically indicating a normal or healthy condition in this context.",To strain to urinate forcefully.,To expel urine forcefully or with difficulty.,0.6151154637336731,0.6486119031906128,0.839976966381073,0.701234777768453,0.6151154637336731,0.1213159059638841
999,"Doctor, my daughter’s been in labor for twelve hours now and she can’t seem to piss hard—should we be worried?",piss hard,piss hard,is_multiword,1,15,15|16,1,0.55808025598526,1,1.0,,,,,,,,,,,,,,,,,,,,,,,,,,,,,,,"Urinate with a weak or reduced stream, possibly indicating a medical issue such as urinary retention.",Refers to having difficulty urinating forcefully during labor.,To pass urine forcefully or with difficulty.,0.3250445127487182,0.4443087577819824,0.5564059615135193,0.44191974401474,0.3250445127487182,0.1156992244300797
1000,"Doctor, I think my wife’s about to piss hard—her water broke an hour ago and the contractions are coming fast.",piss hard,piss hard,is_multiword,1,7,7|8,1,0.4514391322930654,0,1.0,,,,,,,,,,,,,,,,,,,,,,,,,,,,,,,"To urinate with great urgency, often due to a full bladder or a medical condition.",Refers to intense urination.,"Intensely or forcefully urinate. (In this context, it refers to the expulsion of amniotic fluid from the uterus during labor.)",0.6102051138877869,0.4305987060070038,0.6048787832260132,0.5485608677069346,0.4305987060070038,0.1021929358824283
1008,"My wife's been in labor for hours, and we're worried she might do a trio right here in the waiting room.",do a,do a,is_multiword,0,12,12|13,1,0.2457228700319925,0,1.0,,,,,,,,,,,,,,,,,,,,,,,,,,,,,,,give birth to a baby.,Give birth unexpectedly.,Deliver a baby.,0.7125229239463806,0.8666492104530334,0.6836592555046082,0.7542771299680074,0.6836592555046082,0.0983813559236658
1008,"My wife's been in labor for hours, and we're worried she might do a trio right here in the waiting room.",do a trio,do a trio,is_multiword,1,12,12|13|14,1,0.6994793343668182,0,1.0,,,,,,,,,,,,,,,,,,,,,,,,,,,,,,,Give birth to triplets.,Engage in sexual activity unexpectedly.,Deliver a baby (triplets).,0.0089970706030726,0.8834778666496277,0.0090870596468448,0.3005206656331817,0.0089970706030726,0.5048557474043488
1008,"My wife's been in labor for hours, and we're worried she might do a trio right here in the waiting room.",do a trio right,do a trio right,is_multiword,0,12,12|13|14|15,1,0.6994013758376241,0,1.0,,,,,,,,,,,,,,,,,,,,,,,,,,,,,,,Give birth to triplets.,Engage in sexual activity.,Deliver a baby (triplets).,0.0091534769162535,0.8834778666496277,0.0091645289212465,0.3005986241623759,0.0091534769162535,0.504788231362837
1008,"My wife's been in labor for hours, and we're worried she might do a trio right here in the waiting room.",a trio,a trio,is_multiword,0,13,13|14,1,0.7893696399405599,0,1.0,,,,,,,,,,,,,,,,,,,,,,,,,,,,,,,"A trio refers to a group of three people, especially musicians, performing together.",A sexual encounter happening unexpectedly.,"A trio is a musical ensemble consisting of three performers, in this context, it is likely a reference to the three stages of labor (first, second, and third).",0.0086824633181095,0.6138423085212708,0.0093663083389401,0.2106303600594401,0.0086824633181095,0.349191957879606
1008,"My wife's been in labor for hours, and we're worried she might do a trio right here in the waiting room.",a trio right,a trio right,is_multiword,0,13,13|14|15,1,0.8297509578987956,1,1.0,,,,,,,,,,,,,,,,,,,,,,,,,,,,,,,A trio is a group of three people performing music together.,A sexual encounter occurring unexpectedly.,"A trio (in this context) refers to a group of three people, implying that a third person might be born in the waiting room.",0.0087150493636727,0.4759462177753448,0.0260858591645956,0.1702490421012044,0.0087150493636727,0.2648839532128073
1008,"My wife's been in labor for hours, and we're worried she might do a trio right here in the waiting room.",trio right,trio right,is_multiword,0,14,14|15,1,0.6243134935696919,0,1.0,,,,,,,,,,,,,,,,,,,,,,,,,,,,,,,"A sudden, intense, and usually involuntary contraction of the uterus, signaling the onset of childbirth.",A slang term for giving birth.,"A trio, in this context, refers to a delivery of three babies at once, also known as a triplet birth.",0.4422912895679474,0.2650741040706634,0.4196941256523132,0.375686506430308,0.2650741040706634,0.0964571698791045
1020,"Doctor, my wife's been having contractions all morning—I think she's about to drop a packet.",a packet,a packet,is_multiword,0,14,14|15,1,0.6524220108985901,1,1.0,,,,,,,,,,,,,,,,,,,,,,,,,,,,,,,"A packet refers to a baby, specifically one that is being delivered prematurely.","A baby, likely used colloquially.","A container or bundle, often used to refer to the amniotic sac containing the fetus during pregnancy.",0.4317603409290313,0.2723550200462341,0.3386186063289642,0.3475779891014099,0.2723550200462341,0.0800794417199838
1023,"My wife's been having back pain for days, and now she says the pressure is really strong—could she be starting her pup?",her pup,her pup,is_multiword,0,21,21|22,1,0.940581189158062,1,1.0,,,,,,,,,,,,,,,,,,,,,,,,,,,,,,,A woman in the early stages of giving birth.,"Possible mispronunciation of ""period.""","Offspring, specifically a female dog's first litter.",0.0097298910841345,0.1590651124715805,0.0094614289700984,0.0594188108419378,0.0094614289700984,0.0862963330004581
1025,"My wife's water broke this morning, so I'm pretty sure she's about to ring the stork bell—can you check how far along she is?",pretty sure,pretty sure,is_multiword,0,8,8|9,1,0.2637085517247518,0,1.0,,,,,,,,,,,,,,,,,,,,,,,,,,,,,,,"Confident or convinced, based on available information or circumstances.",Confident but not absolutely certain.,"Highly confident or certain, based on available evidence.",0.7352008819580078,0.9259016513824464,0.5477718114852905,0.7362914482752482,0.5477718114852905,0.1890672789150237
1030,"Doctor, I’m here because I think I’m about to bear a child—the contractions started an hour ago and they’re getting stronger.",bear a,bear a,is_multiword,0,9,9|10,1,0.1298080086708068,0,1.0,,,,,,,,,,,,,,,,,,,,,,,,,,,,,,,Give birth to a child.,To give birth to.,Give birth to a child.,0.8058657646179199,0.9623987078666688,0.8423115015029907,0.8701919913291931,0.8058657646179199,0.0819062382559517
1030,"Doctor, I’m here because I think I’m about to bear a child—the contractions started an hour ago and they’re getting stronger.",bear a child,bear a child,is_multiword,1,9,9|10|11,1,0.1696661909421285,0,1.0,,,,,,,,,,,,,,,,,,,,,,,,,,,,,,,Give birth to a baby.,To give birth to a child.,Give birth to a newborn offspring.,0.8572222590446472,0.8238892555236816,0.8098899126052856,0.8303338090578715,0.8098899126052856,0.0243153646395692
1030,"Doctor, I’m here because I think I’m about to bear a child—the contractions started an hour ago and they’re getting stronger.",a child,a child,is_multiword,0,10,10|11,1,0.4007258812586466,0,1.0,,,,,,,,,,,,,,,,,,,,,,,,,,,,,,,"A newly born human being, especially one born to a mother after a period of pregnancy.",A human offspring from birth.,"Offspring resulting from the fertilization of an egg by a sperm, carried in the womb of a woman until birth.",0.6645904183387756,0.518570601940155,0.6146613359451294,0.5992741187413534,0.518570601940155,0.0742160463459813
1031,"Doctor, I've been feeling these strong cramps every ten minutes, and I'm pretty sure we're about to ring the stork bell.",I'm pretty,i'm pretty,is_multiword,0,11,11|12,1,0.2626107931137085,0,1.0,,,,,,,,,,,,,,,,,,,,,,,,,,,,,,,"Used to express certainty or confidence in a statement, often with a hint of humor or irony.",Expressing certainty or conviction.,Expressing a degree of certainty or confidence.,0.6228492856025696,0.6517888307571411,0.9375295042991638,0.7373892068862915,0.6228492856025696,0.1739295210849012
1042,"My husband's been coughing nonstop since last night, so I dragged him to the clap-shack to get his lungs checked out.",checked out,checked out,is_multiword,0,19,19|20,1,0.1665421923001607,0,1.0,,,,,,,,,,,,,,,,,,,,,,,,,,,,,,,"Examined or evaluated for health purposes, typically by a medical professional.",Examined for medical issues.,"Examined or assessed thoroughly, typically by a medical professional.",0.871106743812561,0.8095119595527649,0.8197547197341919,0.8334578076998392,0.8095119595527649,0.0330047015870225
1046,"My wife has been shaking with fever for two days, and we just moved here—can you tell me if this is a proper clap-clinic or just a regular doctor’s office?",proper clap-clinic,proper clap-clinic,is_multiword,0,23,23|24,1,0.5745103855927784,0,1.0,,,,,,,,,,,,,,,,,,,,,,,,,,,,,,,"A medical facility that specializes in treating infectious diseases, particularly those caused by claps or other contagious illnesses.",A specialized clinic for sexually transmitted infections.,A proper clap-clinic is a specialized medical facility that primarily treats patients with Hansen's disease (leprosy).,0.4605976939201355,0.5461910963058472,0.2696800529956817,0.4254896144072215,0.2696800529956817,0.1415592533303028
1049,I brought my son to this croaker joint because he's been coughing non-stop for three days and can't keep any food down.,croaker joint,croaker joint,is_multiword,1,6,6|7,1,0.5605717500050862,1,1.0,,,,,,,,,,,,,,,,,,,,,,,,,,,,,,,"A casual or informal restaurant, often associated with a laid-back or unpretentious atmosphere.","A casual, informal eatery; slang term.","Seafood restaurant specializing in fish, particularly soft-shell crabs or other types of crabs.",0.7940329313278198,0.3046512603759765,0.2196005582809448,0.4394282499949137,0.2196005582809448,0.31002703994833
1050,My husband insisted we come to the croaker joint after he felt a sharp pain in his chest while lifting boxes this morning.,croaker joint,croaker joint,is_multiword,1,7,7|8,1,0.5262190401554108,0,1.0,,,,,,,,,,,,,,,,,,,,,,,,,,,,,,,"A local or informal restaurant or bar, often associated with a particular neighborhood or community.","A casual or informal restaurant, likely serving fish dishes.","Seafood restaurant specializing in dishes made from various types of fish, particularly catfish.",0.5195938348770142,0.2339183390140533,0.6678307056427002,0.4737809598445892,0.2339183390140533,0.2205540752681091
1054,"Doctor, I’ve been so dizzy and thirsty all the time, I think I need to check into the dry-out farm for a few days.",check into,check into,is_multiword,0,15,15|16,1,0.3005269567171732,0,1.0,,,,,,,,,,,,,,,,,,,,,,,,,,,,,,,"To enter a place, such as a hospital or a facility, for a period of time, usually for treatment or care.",Admit oneself voluntarily for treatment or recovery.,"Admit oneself to a facility for treatment or rehabilitation, often in relation to substance abuse or addiction.",0.6242288947105408,0.6879681348800659,0.7862221002578735,0.6994730432828268,0.6242288947105408,0.0816071188616044
1057,"My husband twisted his ankle on the job yesterday, and we figured we'd better come down to the farm for a proper look.",figured we'd,figured we'd,is_multiword,0,11,11|12,1,0.466416577498118,0,1.0,,,,,,,,,,,,,,,,,,,,,,,,,,,,,,,decided or concluded something after thinking or considering the possibilities.,thought it wise to consider.,Decided it would be necessary or advisable.,0.4939726591110229,0.600308358669281,0.5064692497253418,0.533583422501882,0.4939726591110229,0.0581223195008
1060,"My son's been limping since yesterday's football match, so I brought him straight to your doctor's chambers to get it checked out.",get it,get it,is_multiword,0,18,18|19,1,0.3542879025141398,0,1.0,,,,,,,,,,,,,,,,,,,,,,,,,,,,,,,"To have a medical examination or diagnosis performed on something (in this case, the son's condition).",Obtain a medical assessment.,Obtain professional examination or diagnosis.,0.5587229132652283,0.5421927571296692,0.8362206220626831,0.6457120974858602,0.5421927571296692,0.1651921153318007
1062,"My wife's been dizzy and short of breath since yesterday, so I figured we'd better come to the blue-light to get it checked out.",figured we'd,figured we'd,is_multiword,0,12,12|13,1,0.4204471906026205,0,1.0,,,,,,,,,,,,,,,,,,,,,,,,,,,,,,,Concluded or assumed something based on available information or circumstances.,Thought it wise to act.,"Decided to do something, based on previous information or circumstances.",0.2480548024177551,0.8558222651481628,0.6347813606262207,0.5795528093973795,0.2480548024177551,0.3076247175400035
1063,My husband dragged me to this moan-and-groan shop because I can't shake this cough and fever.,moan-and groan,moan-and groan,is_multiword,0,6,6|7,1,0.9349879284078876,1,1.0,,,,,,,,,,,,,,,,,,,,,,,,,,,,,,,A store that sells items for relieving or treating coughs and fevers.,Refers to a pharmacy or clinic.,"A place where people express deep, prolonged discomfort or distress, often through vocalizations.",0.1771328002214431,0.0087796319276094,0.0091237826272845,0.0650120715921123,0.0087796319276094,0.0970995517559429
1064,"Doctor, I've been coming to this moan-and-groan shop for weeks now, but my back still won't stop aching.",moan-and groan,moan-and groan,is_multiword,0,6,6|7,1,0.6759973391890526,0,1.0,,,,,,,,,,,,,,,,,,,,,,,,,,,,,,,A place where people complain or express dissatisfaction.,A store known for its unpleasant or uncomfortable shopping experience.,"A place where people express physical discomfort verbally, often with groans or sighs.",0.0766419097781181,0.6220607757568359,0.2733052968978882,0.3240026608109474,0.0766419097781181,0.276221110475245
1064,"Doctor, I've been coming to this moan-and-groan shop for weeks now, but my back still won't stop aching.",moan-and groan shop,moan-and groan shop,is_multiword,1,6,6|7|8,1,0.5716135203838348,0,1.0,,,,,,,,,,,,,,,,,,,,,,,,,,,,,,,"A place where people complain or express dissatisfaction, often about their health or physical condition.",A chiropractic or massage clinic.,"Establishment specializing in physical therapy or chiropractic care, where patients express discomfort through vocalizations like moaning and groaning.",0.099868506193161,0.6386201977729797,0.5466707348823547,0.4283864796161651,0.099868506193161,0.2881956281381396
1064,"Doctor, I've been coming to this moan-and-groan shop for weeks now, but my back still won't stop aching.",groan shop,groan shop,is_multiword,0,7,7|8,1,0.6939359158277512,1,1.0,,,,,,,,,,,,,,,,,,,,,,,,,,,,,,,"A place where people complain or express dissatisfaction, often about their health or physical condition.",A place where chronic pain sufferers seek relief.,"A ""groan shop"" in this context is a store specializing in selling items intended to provide relief for physical discomfort or pain, often associated with health or wellness products.",0.199249729514122,0.2569473385810852,0.4619951844215393,0.3060640841722488,0.199249729514122,0.1380874163047695
1064,"Doctor, I've been coming to this moan-and-groan shop for weeks now, but my back still won't stop aching.",won't stop,won't stop,is_multiword,0,16,16|17,1,0.0734199086825052,0,1.0,,,,,,,,,,,,,,,,,,,,,,,,,,,,,,,Continuing or persisting without interruption or cessation.,Continues to not cease or alleviate.,Persists in continuing; does not cease or come to an end.,0.9001671075820923,0.9433680772781372,0.9362050890922546,0.9265800913174947,0.9001671075820923,0.0231529994232442
1064,"Doctor, I've been coming to this moan-and-groan shop for weeks now, but my back still won't stop aching.",won't stop aching,won't stop aching,is_multiword,0,16,16|17|18,1,0.1325997908910116,0,1.0,,,,,,,,,,,,,,,,,,,,,,,,,,,,,,,Continuing to cause persistent pain or discomfort.,Continues to experience pain without relief.,Persists in experiencing pain or discomfort without relief.,0.8588221669197083,0.8562263250350952,0.8871521353721619,0.8674002091089884,0.8562263250350952,0.0171548401945881
1064,"Doctor, I've been coming to this moan-and-groan shop for weeks now, but my back still won't stop aching.",stop aching,stop aching,is_multiword,0,17,17|18,1,0.2093483805656433,0,1.0,,,,,,,,,,,,,,,,,,,,,,,,,,,,,,,To cease experiencing pain or discomfort.,Cease experiencing pain in the back.,Cease experiencing pain or discomfort.,0.6799972653388977,0.955739200115204,0.7362183928489685,0.7906516194343567,0.6799972653388977,0.1457073634581222
1065,"""Doc, I've been told I was born 'agee-jawed'—my left foot's always turned in since birth, and it's starting to ache something fierce.""",turned in,turned in,is_multiword,0,12,12|13,1,0.3606403668721517,0,1.0,,,,,,,,,,,,,,,,,,,,,,,,,,,,,,,"Positioned inward, away from the midline of the body, in this case, the left foot.",Feet pointing inward.,"Pronouncing the word as ""toed-in"" or ""knocked-knee,"" it refers to a condition where the foot or knee points inward, deviating from",0.6449037194252014,0.5815862417221069,0.6915889382362366,0.6393596331278483,0.5815862417221069,0.0552105151193982
1065,"""Doc, I've been told I was born 'agee-jawed'—my left foot's always turned in since birth, and it's starting to ache something fierce.""",ache something,ache something,is_multiword,0,20,20|21,1,0.1489230990409851,0,1.0,,,,,,,,,,,,,,,,,,,,,,,,,,,,,,,"to feel a sharp, intense pain.",Severe pain causing discomfort.,"Experience a sharp, persistent pain or discomfort.",0.7855126261711121,0.9005495309829712,0.8671685457229614,0.8510769009590149,0.7855126261711121,0.0591825830847215
1065,"""Doc, I've been told I was born 'agee-jawed'—my left foot's always turned in since birth, and it's starting to ache something fierce.""",ache something fierce,ache something fierce,is_multiword,0,20,20|21|22,1,0.1196996569633483,0,1.0,,,,,,,,,,,,,,,,,,,,,,,,,,,,,,,"To feel a sharp, intense pain.",Severe pain or discomfort.,"Intense, severe pain or discomfort.",0.817013144493103,0.8652553558349609,0.9586325287818908,0.8803003430366516,0.817013144493103,0.0719984460353702
1065,"""Doc, I've been told I was born 'agee-jawed'—my left foot's always turned in since birth, and it's starting to ache something fierce.""",something fierce,something fierce,is_multiword,0,21,21|22,1,0.4416422347227732,0,1.0,,,,,,,,,,,,,,,,,,,,,,,,,,,,,,,"To a great or considerable degree, especially in a way that is unpleasant or causes pain.",Extremely; very intensely.,"Intensely, severely, or extremely (in pain or other strong feelings)",0.1995252072811126,0.7478609085083008,0.7276871800422668,0.5583577652772268,0.1995252072811126,0.3109217720562219
1066,"""Could my baby's crooked little finger be that 'agee-jawed' thing you mentioned? It's been like that since she came out, and I'm worried.""",came out,came out,is_multiword,0,18,18|19,1,0.3912743330001831,0,1.0,,,,,,,,,,,,,,,,,,,,,,,,,,,,,,,"Born or emerged from the womb, typically referring to childbirth.",Born or delivered.,"Emerged from a confined space, typically during birth.",0.655479907989502,0.756556510925293,0.4141405820846557,0.6087256669998169,0.4141405820846557,0.175930771523461
1067,"Doctor, my little boy hasn't been able to go for three days and he's all bunged up—could you give him something to help?",bunged up,bunged up,is_multiword,1,15,15|16,1,0.4613519608974457,0,1.0,,,,,,,,,,,,,,,,,,,,,,,,,,,,,,,"Severely congested, especially with mucus, often due to a cold or other respiratory illness.","Nose or sinuses congested, blocked.","Blocked or congested, typically referring to the nose or digestive system.",0.4495028555393219,0.4638872146606445,0.7025540471076965,0.5386480391025543,0.4495028555393219,0.1421288571753431
1068,"My mother's been feeling really uncomfortable and bunged up since she started that new medication, doctor—is there a gentler option?",bunged up,bunged up,is_multiword,1,7,7|8,1,0.6966035539905231,0,1.0,,,,,,,,,,,,,,,,,,,,,,,,,,,,,,,"Having a bowel obstruction or severe constipation, often accompanied by discomfort, pain, and difficulty passing stools.",Experiencing congestion or blockage in the nasal passages.,"Blocked or congested, typically referring to the digestive system or a part of the body where fluid or waste should be moving freely.",0.122271604835987,0.4237008690834045,0.3642168641090393,0.3033964460094769,0.122271604835987,0.1596535085099573
1072,"Doctor, I think my little boy is closed for business—he hasn't gone number two in three days and keeps crying when he tries.",number two,number two,is_multiword,0,13,13|14,1,0.6119035234053929,1,1.0,,,,,,,,,,,,,,,,,,,,,,,,,,,,,,,urine.,Refers to a bowel movement.,Bowel movement; defecation.,0.2162615060806274,0.1525980979204177,0.7954298257827759,0.388096476594607,0.1525980979204177,0.3541942975335449
1077,"Doctor, I think my son's been feeling really backed up—he hasn't gone in three days, and I'm worried he's hard-baked.",backed up,backed up,is_multiword,0,8,8|9,1,0.1213160355885824,0,1.0,,,,,,,,,,,,,,,,,,,,,,,,,,,,,,,Having difficulty passing stools or experiencing constipation.,"Stool is constipated, not passing easily.","A state of being constipated, characterized by infrequent or difficult bowel movements.",0.8805136680603027,0.9181221127510072,0.8374161124229431,0.8786839644114176,0.8374161124229431,0.0403840993934546
1081,"Doctor, I've been feeling really tied up for the past few days—nothing's moving at all.",nothing's moving,nothing's moving,is_multiword,0,12,12|13,1,0.4604800740877787,0,1.0,,,,,,,,,,,,,,,,,,,,,,,,,,,,,,,"Lacking any physical sensation or activity, especially in the body or limbs.",Refers to a sensation of generalized body heaviness or lack of energy.,Lack of motion or movement in a particular context.,0.5701305866241455,0.756426215171814,0.2920029759407043,0.5395199259122213,0.2920029759407043,0.2337199086436466
1083,My mother keeps saying she feels bloated and strained; I'm worried she's corked from her new medication.,strained I'm,strained i'm,is_multiword,0,8,8|9,1,0.6286153693993886,0,1.0,,,,,,,,,,,,,,,,,,,,,,,,,,,,,,,Expressing anxiety or concern about someone's well-being.,Feeling tense or uncomfortable physically.,"Feeling or showing physical tension or stress, often due to exertion or discomfort. In this context, it suggests a sense of pressure or discomfort.",0.0864863097667694,0.2462078332901001,0.7814597487449646,0.3713846306006114,0.0864863097667694,0.364004042779723
1083,My mother keeps saying she feels bloated and strained; I'm worried she's corked from her new medication.,she's corked,she's corked,is_multiword,0,11,11|12,1,0.7117330394685268,0,1.0,,,,,,,,,,,,,,,,,,,,,,,,,,,,,,,"Physically obstructed or blocked, often due to a foreign object or substance.",Medically intoxicated or affected.,"Feeling blocked or obstructed, often in a medical sense, due to the new medication.",0.0473145954310894,0.5313878655433655,0.2860984206199646,0.2882669605314731,0.0473145954310894,0.2420439208765818
1083,My mother keeps saying she feels bloated and strained; I'm worried she's corked from her new medication.,she's corked from,she's corked from,is_multiword,0,11,11|12|13,1,0.6200150723258655,0,1.0,,,,,,,,,,,,,,,,,,,,,,,,,,,,,,,"Physically obstructed or blocked, likely due to a physical or medical issue.",She is intoxicated or affected by alcohol due to medication side effects.,"Feeling blocked or obstructed, often in a medical sense, due to the effects of a new medication.",0.0307317748665809,0.6884779334068298,0.4207450747489929,0.3799849276741345,0.0307317748665809,0.3307620662361187
1083,My mother keeps saying she feels bloated and strained; I'm worried she's corked from her new medication.,corked from,corked from,is_multiword,0,12,12|13,1,0.6606026962399483,0,1.0,,,,,,,,,,,,,,,,,,,,,,,,,,,,,,,"Physically obstructed or blocked, often due to an accumulation of gas or fluid.","Impaired, likely due to medication side effects.","Blocked or obstructed, often in a metaphorical sense, as if a cork in a bottle. In this context, it suggests the medication may be causing an obstruction or block",0.0415679588913917,0.3711962103843689,0.6054277420043945,0.3393973037600517,0.0415679588913917,0.2832716745457215
1089,"""I've been soaking my feet, but these 'Achecorns' just won't go away—feels like I'm walking on pebbles all day.""",go away,go away,is_multiword,0,10,10|11,1,0.2530117034912109,0,1.0,,,,,,,,,,,,,,,,,,,,,,,,,,,,,,,To disappear or cease to be a problem.,Disappear or cease to be noticeable.,Cease to exist or be present in a particular place or situation.,0.8345166444778442,0.6764675378799438,0.7299807071685791,0.7469882965087891,0.6764675378799438,0.0803854688079415
1098,"""Doctor, I've had this terrible 'Barking Creek' for three days now—it's keeping me up all night and nothing helps.""",it's keeping,it's keeping,is_multiword,0,11,11|12,1,0.3786253631114959,0,1.0,,,,,,,,,,,,,,,,,,,,,,,,,,,,,,,"causing something to persist or continue, in this case, the patient's sleep disturbance.","Indicating persistent, troublesome symptoms.","Persists in causing or maintaining a state or condition, specifically, the persistent disturbance that prevents sleep.",0.4798078835010528,0.9130594730377196,0.4712565541267395,0.621374636888504,0.4712565541267395,0.2526426607642959
1103,"Doctor, my husband can't stop with the Chinese consumption, and it's been going on for two weeks now.",with the,with the,is_multiword,0,5,5|6,1,0.8609861691171924,1,1.0,,,,,,,,,,,,,,,,,,,,,,,,,,,,,,,Accompanied by or involving the consumption of Chinese food.,Indicates dependency or habit of consuming.,"Continuously, persistently, or repeatedly in the context of an action or state.",0.3662458062171936,0.0103035243228077,0.0404921621084213,0.1390138308828075,0.0103035243228077,0.1973667054586791
1107,"My son has this on and off cough that just won't go away, especially after he runs around.",just won't,just won't,is_multiword,0,9,9|10,1,0.6242844533796112,1,1.0,,,,,,,,,,,,,,,,,,,,,,,,,,,,,,,Refuses to disappear or cease.,"Indicates persistent, ongoing nature of the cough.",Persists despite efforts to resolve or cease.,0.0134767675772309,0.7595307230949402,0.3541391491889953,0.3757155466203888,0.0134767675772309,0.3734946878209824
1109,"My son keeps getting these Christmas compliments every time he lies down, and I'm worried it might be bronchitis.",keeps getting,keeps getting,is_multiword,0,2,2|3,1,0.264389673868815,0,1.0,,,,,,,,,,,,,,,,,,,,,,,,,,,,,,,"Continuously receive or experience something repeatedly, often in a short period of time.",Continues to receive repeatedly.,Repeated occurrence or frequent happening of an event.,0.8573829531669617,0.8529822826385498,0.4964657425880432,0.7356103261311849,0.4964657425880432,0.2071169726357352
1111,"Doctor, my husband keeps saying he needs more of his medication for his anxiety, and I'm worried it's turned into a kickback.",it's turned,it's turned,is_multiword,0,17,17|18,1,0.5361969769001007,0,1.0,,,,,,,,,,,,,,,,,,,,,,,,,,,,,,,"become or develop into something else, often in a way that is not desirable or expected.",It has become a form of improper benefit or payment.,Transitioned or developed into a situation involving illicit payments or bribes.,0.084886759519577,0.511686384677887,0.7948359251022339,0.4638030230998993,0.084886759519577,0.3573885373999618
1111,"Doctor, my husband keeps saying he needs more of his medication for his anxiety, and I'm worried it's turned into a kickback.",it's turned into,it's turned into,is_multiword,0,17,17|18|19,1,0.9325672996540864,1,1.0,,,,,,,,,,,,,,,,,,,,,,,,,,,,,,,become excessive or habitual.,It has become a form of abuse or exploitation.,"Transitioned or evolved into, implying a change in state or nature.",0.1805980652570724,0.0128089450299739,0.0088910907506942,0.0674327003459135,0.0088910907506942,0.0980236566199467
1111,"Doctor, my husband keeps saying he needs more of his medication for his anxiety, and I'm worried it's turned into a kickback.",turned into,turned into,is_multiword,0,18,18|19,1,0.7609073010583719,0,1.0,,,,,,,,,,,,,,,,,,,,,,,,,,,,,,,become excessive or habitual.,changed into something undesirable or problematic.,"Transformed or changed into, implying a shift from one state to another, often with negative connotations.",0.1831956654787063,0.0130192823708057,0.5210631489753723,0.2390926989416281,0.0130192823708057,0.2585933126766737
1112,"Doctor, ever since my back surgery, I've had this real kickback for the pain pills—I can't stop thinking about them.",real kickback,real kickback,is_multiword,0,9,9|10,1,0.952693283247451,1,1.0,,,,,,,,,,,,,,,,,,,,,,,,,,,,,,,"A strong aversion or intense dislike, often resulting in obsessive thoughts about the object or subject causing it.",Persistent craving or side effect from medication.,"Unexpected or unwanted reaction or complication, often referring to a physical response.",0.0103857656940817,0.0158333498984575,0.1157010346651077,0.047306716752549,0.0103857656940817,0.059293811527503
1112,"Doctor, ever since my back surgery, I've had this real kickback for the pain pills—I can't stop thinking about them.",real kickback for,real kickback for,is_multiword,0,9,9|10|11,1,0.4274798134962717,0,1.0,,,,,,,,,,,,,,,,,,,,,,,,,,,,,,,"A strong and unpleasant reaction, often an adverse effect, to a particular substance or situation.",Persistent craving or side effect from medication.,"Unanticipated, persistent side effect or reaction, in this case, referring to an uncontrollable craving for pain medication.",0.4764487445354461,0.5421617031097412,0.6989501118659973,0.5725201865037283,0.4764487445354461,0.1143151029019282
1112,"Doctor, ever since my back surgery, I've had this real kickback for the pain pills—I can't stop thinking about them.",kickback for,kickback for,is_multiword,0,10,10|11,1,0.7615707796066999,0,1.0,,,,,,,,,,,,,,,,,,,,,,,,,,,,,,,"A negative reaction or side effect, especially a strong aversion or craving.",Side effect causing increased desire for pain medication.,"Unauthorized payment or reward, typically in return for favors or services. In this context, it refers to an uncontrollable craving or obsession.",0.3474760055541992,0.3578193485736847,0.0099923070520162,0.2384292203933,0.0099923070520162,0.1978997567428383
1113,My husband keeps picking at his nose and now there’s this painful snottery buildup inside—should we be using a saline spray?,keeps picking,keeps picking,is_multiword,0,2,2|3,1,0.4990380704402923,0,1.0,,,,,,,,,,,,,,,,,,,,,,,,,,,,,,,"To repeatedly touch or remove something, typically with the fingers, often in a habitual or nervous manner.",Continually and habitually poking or manipulating.,"Repeatedly and habitually touching or scratching a part of the body, in this case, the nose.",0.505730390548706,0.5995768308639526,0.3975785672664642,0.5009619295597076,0.3975785672664642,0.1010835213536449
1113,My husband keeps picking at his nose and now there’s this painful snottery buildup inside—should we be using a saline spray?,keeps picking at,keeps picking at,is_multiword,0,2,2|3|4,1,0.3754009405771891,0,1.0,,,,,,,,,,,,,,,,,,,,,,,,,,,,,,,Repeatedly and habitually touching or removing nasal mucus with the fingers.,Repetitively touching or manipulating with fingers.,"Repeatedly and persistently touching or scratching, often in an unconscious manner.",0.6337054967880249,0.5937822461128235,0.6463094353675842,0.6245990594228109,0.5937822461128235,0.0274221042931845
1113,My husband keeps picking at his nose and now there’s this painful snottery buildup inside—should we be using a saline spray?,picking at,picking at,is_multiword,0,3,3|4,1,0.7474265669782956,1,1.0,,,,,,,,,,,,,,,,,,,,,,,,,,,,,,,"Removing nasal mucus with fingers or other objects, often causing irritation or damage.",Gently probing or manipulating with fingers.,"Repeatedly poking or scratching at a part of the body, often in an anxious or nervous manner.",0.3923048079013824,0.080478735268116,0.2849367558956146,0.2525734330217044,0.080478735268116,0.1584121630243476
1113,My husband keeps picking at his nose and now there’s this painful snottery buildup inside—should we be using a saline spray?,snottery buildup,snottery buildup,is_multiword,0,12,12|13,1,0.1740601460138956,0,1.0,,,,,,,,,,,,,,,,,,,,,,,,,,,,,,,A nasal mucous accumulation causing discomfort or obstruction.,Painful accumulation of mucus in nasal passages.,"Nasal mucus congestion with a thick, mucus-like consistency.",0.8971883654594421,0.7847704291343689,0.795860767364502,0.8259398539861044,0.7847704291343689,0.0619516883618957
1113,My husband keeps picking at his nose and now there’s this painful snottery buildup inside—should we be using a saline spray?,be using,be using,is_multiword,0,17,17|18,1,0.5099039276440938,0,1.0,,,,,,,,,,,,,,,,,,,,,,,,,,,,,,,to be in the process of employing or applying something.,Consider employing (a mild nasal solution) for relief.,To employ or make use of a saline spray.,0.4210051596164703,0.4843015372753143,0.5649815201759338,0.4900960723559062,0.4210051596164703,0.0721628753417386
1114,"Doctor, my little boy’s nose is all clogged up with this thick snottery crust, and he can’t breathe through it at night.",all clogged,all clogged,is_multiword,0,6,6|7,1,0.3284751176834106,0,1.0,,,,,,,,,,,,,,,,,,,,,,,,,,,,,,,"Completely blocked or obstructed, preventing normal flow or passage of air, mucus, or other substances.",Completely blocked or obstructed.,"Blocked or obstructed, especially with mucus.",0.6244404911994934,0.7749338746070862,0.6152002811431885,0.6715248823165894,0.6152002811431885,0.0896739100038198
1114,"Doctor, my little boy’s nose is all clogged up with this thick snottery crust, and he can’t breathe through it at night.",all clogged up,all clogged up,is_multiword,0,6,6|7|8,1,0.3261709610621134,0,1.0,,,,,,,,,,,,,,,,,,,,,,,,,,,,,,,"Completely blocked or obstructed, usually by a thick, sticky substance, such as mucus.",Completely blocked or obstructed.,"Blocked or obstructed, especially with mucus.",0.566411018371582,0.8398758172988892,0.6152002811431885,0.6738290389378866,0.566411018371582,0.1458552278579693
1114,"Doctor, my little boy’s nose is all clogged up with this thick snottery crust, and he can’t breathe through it at night.",clogged up,clogged up,is_multiword,0,7,7|8,1,0.8064784705638885,0,1.0,,,,,,,,,,,,,,,,,,,,,,,,,,,,,,,"Blocked or obstructed, preventing normal flow or passage, often due to a buildup or accumulation.",阻塞住，无法通过。,"Blocked or obstructed, especially with mucus or debris.",0.0103346277028322,0.5612977743148804,0.0089321862906217,0.1935215294361114,0.0089321862906217,0.3185043428798496
1118,"Doctor, my little boy's nose has been full of bears—he can barely breathe through it at night and keeps waking up.",has been,has been,is_multiword,0,5,5|6,1,0.1647219061851501,0,1.0,,,,,,,,,,,,,,,,,,,,,,,,,,,,,,,experienced or endured a condition for some time.,Indicates a ongoing condition or situation.,Persisted or continued in a state or condition over a period of time.,0.7049916386604309,0.9085285663604736,0.892314076423645,0.8352780938148499,0.7049916386604309,0.1131222688886065
1118,"Doctor, my little boy's nose has been full of bears—he can barely breathe through it at night and keeps waking up.",keeps waking,keeps waking,is_multiword,0,19,19|20,1,0.3328714768091837,0,1.0,,,,,,,,,,,,,,,,,,,,,,,,,,,,,,,"Continues to wake or become awake repeatedly, often due to discomfort or difficulty breathing.",Continues to wake up repeatedly.,"Repeatedly resuming consciousness or awareness, typically due to sleep interruption.",0.6083004474639893,0.5713213682174683,0.8217637538909912,0.6671285231908163,0.5713213682174683,0.1351884018906665
1119,"Doctor, my son's been waking up with a thick katzenjammer every morning—he can barely breathe through his nose.",son's been,son's been,is_multiword,0,2,2|3,1,0.7519737215091785,0,1.0,,,,,,,,,,,,,,,,,,,,,,,,,,,,,,,Having been waking up with a condition.,Indicates a recurring health issue for the doctor's patient's child.,"The phrase ""son's been"" in this context refers to the ongoing action or state of the son, implying that he has been in a certain condition (in this case, waking up",0.1445594280958175,0.5762952566146851,0.0232241507619619,0.2480262784908215,0.0232241507619619,0.2906904777943115
1119,"Doctor, my son's been waking up with a thick katzenjammer every morning—he can barely breathe through his nose.",son's been waking,son's been waking,is_multiword,0,2,2|3|4,1,0.7571627000967661,1,1.0,,,,,,,,,,,,,,,,,,,,,,,,,,,,,,,"Having been waking up, presumably due to a recurring issue, such as a cold or allergies.",Indicates recurring early-morning nasal congestion issues.,Son has been repeatedly starting the day by becoming conscious.,0.4988641440868377,0.2127726972103119,0.0168750584125518,0.2428372999032338,0.0168750584125518,0.2423969470282081
1119,"Doctor, my son's been waking up with a thick katzenjammer every morning—he can barely breathe through his nose.",been waking,been waking,is_multiword,0,3,3|4,1,0.1984973748524984,0,1.0,,,,,,,,,,,,,,,,,,,,,,,,,,,,,,,Having a habit of waking up.,Have been experiencing and awakening repeatedly.,"Actions or instances of repeatedly waking up, typically at night or early in the morning.",0.8599505424499512,0.7781163454055786,0.7664409875869751,0.8015026251475016,0.7664409875869751,0.05095289758977
1119,"Doctor, my son's been waking up with a thick katzenjammer every morning—he can barely breathe through his nose.",thick katzenjammer,thick katzenjammer,is_multiword,0,8,8|9,1,0.8575307559221983,1,1.0,,,,,,,,,,,,,,,,,,,,,,,,,,,,,,,Severe hangover.,Severe morning alcohol-induced nausea and discomfort.,Thick katzenjammer refers to a severe headache or migraine in this context.,0.377526044845581,0.0396426767110824,0.0102390106767416,0.1424692440778017,0.0102390106767416,0.2040953663963305
1123,"My husband keeps picking at his nose and I can see thick, dry eagers building up inside—could that be why he’s snoring so loudly?",keeps picking,keeps picking,is_multiword,0,2,2|3,1,0.4591580828030904,0,1.0,,,,,,,,,,,,,,,,,,,,,,,,,,,,,,,"Continuously selects or removes something, often in a habitual or repetitive manner.",Continually and habitually plucking or touching.,"Continuously or repeatedly touching or nudging (something, typically a part of one's own body) in a persistent manner.",0.4727601110935211,0.4083553850650787,0.7414102554321289,0.5408419171969095,0.4083553850650787,0.1766571139539183
1123,"My husband keeps picking at his nose and I can see thick, dry eagers building up inside—could that be why he’s snoring so loudly?",keeps picking at,keeps picking at,is_multiword,0,2,2|3|4,1,0.4371224443117777,0,1.0,,,,,,,,,,,,,,,,,,,,,,,,,,,,,,,Continuously removes or touches something repeatedly with the fingers.,Repetitively probing or manipulating with fingers.,"Repeatedly and persistently touching or scratching a part, in this case, the nose.",0.7198665738105774,0.5673750042915344,0.4013910889625549,0.5628775556882223,0.4013910889625549,0.1592853693697268
1123,"My husband keeps picking at his nose and I can see thick, dry eagers building up inside—could that be why he’s snoring so loudly?",picking at,picking at,is_multiword,0,3,3|4,1,0.7264768145978451,0,1.0,,,,,,,,,,,,,,,,,,,,,,,,,,,,,,,Removing or breaking off small parts with the fingers.,Gently probing or manipulating with fingers.,"Repeatedly and persistently touching or scratching a part of the body, often in an unconscious manner.",0.5254796743392944,0.0471753440797328,0.2479145377874374,0.2735231854021549,0.0471753440797328,0.2401782883833445
1123,"My husband keeps picking at his nose and I can see thick, dry eagers building up inside—could that be why he’s snoring so loudly?",eagers building,eagers building,is_multiword,0,13,13|14,1,0.2414318720499674,0,1.0,,,,,,,,,,,,,,,,,,,,,,,,,,,,,,,Mucous or nasal secretions forming in the nasal passages.,"Thick, dry nasal secretions accumulating inside the nose.","Thick, dry boogers (nasal mucus) accumulating inside the nose.",0.7111741900444031,0.742489755153656,0.8220404386520386,0.7585681279500326,0.7111741900444031,0.0571551994477926
1123,"My husband keeps picking at his nose and I can see thick, dry eagers building up inside—could that be why he’s snoring so loudly?",eagers building up,eagers building up,is_multiword,0,13,13|14|15,1,0.317275603612264,0,1.0,,,,,,,,,,,,,,,,,,,,,,,,,,,,,,,Mucous or nasal secretions accumulating inside the nasal passages.,"Thick, dry nasal secretions accumulating.","Thick, dry boogers accumulating inside the nose.",0.6908093094825745,0.5432420969009399,0.8141217827796936,0.682724396387736,0.5432420969009399,0.1356207042462779
1123,"My husband keeps picking at his nose and I can see thick, dry eagers building up inside—could that be why he’s snoring so loudly?",building up,building up,is_multiword,0,14,14|15,1,0.275211751461029,0,1.0,,,,,,,,,,,,,,,,,,,,,,,,,,,,,,,"Accumulating or increasing in size or amount, often in a gradual or imperceptible manner.",Accumulating gradually within the nasal passages.,Accumulating or increasing gradually over time.,0.6100339293479919,0.8965535759925842,0.6677772402763367,0.724788248538971,0.6100339293479919,0.1515291004252223
1125,"Doctor, I’ve been having this ‘whim-wham’ feeling inside my nose for a few days—it gets crusty and uncomfortable, especially when I wake up.",gets crusty,gets crusty,is_multiword,0,15,15|16,1,0.3702800869941711,0,1.0,,,,,,,,,,,,,,,,,,,,,,,,,,,,,,,"Becomes dry and forms a hard, thick layer, often requiring removal or cleaning.",Becomes hardened or covered with a crusty substance.,"Becomes hard and dry, forming a layer of solid material.",0.5272645354270935,0.6855719089508057,0.6763232946395874,0.6297199130058289,0.5272645354270935,0.0888493810488871
1131,"Doctor, my little boy keeps picking at his nose—I think he’s got a slug in there that won’t come out.",he’s got,he's got,is_multiword,0,11,11|12,1,0.4985594749450683,0,1.0,,,,,,,,,,,,,,,,,,,,,,,,,,,,,,,"Possesses or has something, especially a problem or an object that is difficult to remove.","He possesses or contains something, specifically a slug.","Presence or possession of (something, in this case, a slug).",0.4098664820194244,0.2829672396183014,0.8114878535270691,0.5014405250549316,0.2829672396183014,0.2759037220662796
1133,"My wife's been complaining about a dry, crusty feeling inside her nose; could this boo-boo be from the dry winter air?",crusty feeling,crusty feeling,is_multiword,0,7,7|8,1,0.5167771279811859,1,1.0,,,,,,,,,,,,,,,,,,,,,,,,,,,,,,,"A sensation of roughness or irritation, typically due to dryness or lack of moisture.","Dry, flaky sensation inside the nose.","A rough, hardened texture or layer on a surface, often associated with dryness.",0.4891841411590576,0.7771140336990356,0.183370441198349,0.4832228720188141,0.183370441198349,0.2969166818422757
1134,"Doctor, my toddler keeps rubbing his nose and crying—I think his little boo-boo is making it hard for him to breathe.",toddler keeps,toddler keeps,is_multiword,0,2,2|3,1,0.4940201938152313,1,1.0,,,,,,,,,,,,,,,,,,,,,,,,,,,,,,,"Young child, typically between one and three years old, in the early stages of development.",Young child frequently continues an action.,"A toddler keeps refers to the continuous or repeated action of a young child (aged approximately 1-3 years) in doing something, in this case, rubbing his nose and crying.",0.4398838579654693,0.4979324340820312,0.5801231265068054,0.5059798061847687,0.4398838579654693,0.0704651208653769
1136,"Doctor, my little boy keeps picking at his nose and I noticed he has this thick, crusted worrit that won't come off with just a tissue.",crusted worrit,crusted worrit,is_multiword,0,16,16|17,1,0.2134283979733785,0,1.0,,,,,,,,,,,,,,,,,,,,,,,,,,,,,,,"A hardened, dried nasal discharge or mucus that has accumulated and become difficult to remove.","Thick, hardened secretion from the nose.","Thick, scab-like accumulation of dried nasal secretions.",0.7311137914657593,0.8219064474105835,0.8066945672035217,0.7865716020266215,0.7311137914657593,0.048626401152171
1138,"Doctor, my son’s got a bad rattle again—he can barely breathe through his nose and keeps picking at it.",son’s got,son's got,is_multiword,0,2,2|3,1,0.6627605358759563,1,1.0,,,,,,,,,,,,,,,,,,,,,,,,,,,,,,,Possessive pronoun referring to the child previously mentioned in the conversation.,Possesses or has.,Son has or possesses a certain condition or state.,0.3847174942493438,0.0748191773891449,0.5521817207336426,0.3372394641240437,0.0748191773891449,0.2421969693359436
1138,"Doctor, my son’s got a bad rattle again—he can barely breathe through his nose and keeps picking at it.",picking at,picking at,is_multiword,0,17,17|18,1,0.7356252670288086,0,1.0,,,,,,,,,,,,,,,,,,,,,,,,,,,,,,,"Removing or breaking off small parts of something, often repeatedly, with one's fingers.","Gently manipulating or fussing with something, here referring to the nose.",Repeatedly touching or scratching a body part in an irritated or nervous manner.,0.210051953792572,0.3179351985454559,0.2651370465755462,0.2643747329711914,0.210051953792572,0.053945662162274
1143,"Doctor, my little boy keeps picking at his nose and I noticed he has a hard, green booger stuck in there that won't come out with a tissue.",booger stuck,booger stuck,is_multiword,0,17,17|18,1,0.2566256125768026,0,1.0,,,,,,,,,,,,,,,,,,,,,,,,,,,,,,,A mucus-filled nasal secretion that has dried and become lodged in the nasal passage.,"Hard, green nasal secretion lodged in nostril.","Nasal mucus, often hardened and discolored, lodged within the nostril.",0.6703625321388245,0.7946570515632629,0.7651035785675049,0.7433743874231974,0.6703625321388245,0.0649338139999293
1144,"My husband says he can't breathe through one nostril and when I checked, there was a dried booger blocking it completely.",dried booger,dried booger,is_multiword,0,16,16|17,1,0.2642711202303568,0,1.0,,,,,,,,,,,,,,,,,,,,,,,,,,,,,,,A hardened accumulation of mucus and debris in the nasal passage.,A hardened mass of mucus and tissue from the nose.,A dried booger is a solidified mucus particle found in the nose.,0.9329965114593506,0.6401597857475281,0.6340303421020508,0.7357288797696432,0.6340303421020508,0.1708662676018889
1145,"Doctor, my little boy keeps picking at his nose and now he’s got this hard goober in there that won’t come out.",he’s got,he's got,is_multiword,0,11,11|12,1,0.5401424566904705,0,1.0,,,,,,,,,,,,,,,,,,,,,,,,,,,,,,,"Possesses or has something, typically in a state of being stuck or difficult to remove.",He possesses or has something inside him.,"Obtained or possessed. In this context, it refers to the state of having something (the hard goober) that was previously not present.",0.5463805794715881,0.375689685344696,0.4575023651123047,0.4598575433095296,0.375689685344696,0.0853698159932126
1147,"Doctor, my little boy keeps picking at his nose and crying about a sore spot inside—I think it's that bugaboo again, the crusted stuff won't stop coming back.",crusted stuff,crusted stuff,is_multiword,0,23,23|24,1,0.2663078109423319,0,1.0,,,,,,,,,,,,,,,,,,,,,,,,,,,,,,,"A hardened, dried mucus or discharge, often yellowish or brownish in color, that has accumulated inside the nasal passages.","Hard, crusty substance recurring in the nasal passage.","A hard, dry, and often yellowish or brownish accumulation on the skin, typically found inside the nose, caused by dried mucus or pus.",0.6781477928161621,0.8436711430549622,0.6792576313018799,0.7336921890576681,0.6781477928161621,0.0952461845803825
1148,"My husband has been complaining about a blocked nose for weeks, and when I look inside, there's this hard, crusted bugaboo that won't clear up even with saline sprays.",crusted bugaboo,crusted bugaboo,is_multiword,0,19,19|20,1,0.3165161808331808,0,1.0,,,,,,,,,,,,,,,,,,,,,,,,,,,,,,,"A hardened mass of dried mucus, often associated with a persistent cold or sinus infection.","A stubborn, crusty buildup in the nasal passage.","A crusted bugaboo, in this context, refers to a hard, accumulated mucus or debris within the nose that is difficult to remove and has a crusty texture.",0.5011070966720581,0.6818193793296814,0.8675249814987183,0.6834838191668192,0.5011070966720581,0.1832146128183816
1149,"Doctor, my son keeps picking at his nose and now he's got a real bad case of Jimmy Logie—I can't even get the crust off without him screaming.",keeps picking,keeps picking,is_multiword,0,3,3|4,1,0.4793048004309336,1,1.0,,,,,,,,,,,,,,,,,,,,,,,,,,,,,,,Continuously removes or manipulates nasal discharge with fingers.,Continually and habitually poking or extracting nasal contents.,"Repeatedly and compulsively touching or scratching a part of the body, in this case, the nose.",0.7252728343009949,0.4143780469894409,0.4224347174167633,0.5206951995690664,0.4143780469894409,0.1772152193209612
1149,"Doctor, my son keeps picking at his nose and now he's got a real bad case of Jimmy Logie—I can't even get the crust off without him screaming.",keeps picking at,keeps picking at,is_multiword,0,3,3|4|5,1,0.7088495790958405,0,1.0,,,,,,,,,,,,,,,,,,,,,,,,,,,,,,,Continuously removes or manipulates with fingers.,Repetitively probing or extracting nasal contents.,"Repeatedly and compulsively touching or scratching a specific part, in this case, the nose.",0.2309955209493637,0.2201328128576278,0.422322928905487,0.2911504209041595,0.2201328128576278,0.1137284913655778
1149,"Doctor, my son keeps picking at his nose and now he's got a real bad case of Jimmy Logie—I can't even get the crust off without him screaming.",picking at,picking at,is_multiword,0,4,4|5,1,0.7257379414513707,0,1.0,,,,,,,,,,,,,,,,,,,,,,,,,,,,,,,"Removing nasal mucus with fingers, often repeatedly and habitually.",Gently probing or removing nasal contents.,"Repeatedly and compulsively touching or scratching a specific area, often causing irritation or injury.",0.6659497022628784,0.1478442102670669,0.0089922631159424,0.2742620585486293,0.0089922631159424,0.3462432287940518
1149,"Doctor, my son keeps picking at his nose and now he's got a real bad case of Jimmy Logie—I can't even get the crust off without him screaming.",he's got,he's got,is_multiword,0,10,10|11,1,0.565997838973999,0,1.0,,,,,,,,,,,,,,,,,,,,,,,,,,,,,,,has a severe or unpleasant condition.,He has developed an infection or condition.,"Acquired, as in ""he has/got"" a condition or state.",0.505158543586731,0.3661858737468719,0.4306620657444,0.434002161026001,0.3661858737468719,0.0695465162173652
1149,"Doctor, my son keeps picking at his nose and now he's got a real bad case of Jimmy Logie—I can't even get the crust off without him screaming.",case of,case of,is_multiword,0,15,15|16,1,0.6586380948623021,0,1.0,,,,,,,,,,,,,,,,,,,,,,,,,,,,,,,"A recurring or persistent problem, especially one that is difficult to resolve or overcome.",Instance or condition affecting the son.,"A collection or instance of a particular problem or condition, often referring to a group of similar symptoms or issues.",0.0991640537977218,0.5202910304069519,0.4046306312084198,0.3413619051376979,0.0991640537977218,0.2175756911536001
1149,"Doctor, my son keeps picking at his nose and now he's got a real bad case of Jimmy Logie—I can't even get the crust off without him screaming.",crust off,crust off,is_multiword,0,24,24|25,1,0.5561411504944165,0,1.0,,,,,,,,,,,,,,,,,,,,,,,,,,,,,,,Removing dried nasal mucus from the nostrils.,Hardened nasal discharge removed from nostril.,"A layer of dried skin or matter that needs to be removed, often causing discomfort or difficulty when doing so.",0.8627051711082458,0.434303730726242,0.0345676466822624,0.4438588495055834,0.0345676466822624,0.4141514397678276
1154,"Doctor, my son keeps picking at his nose and I think it's because of the wind-up—he says it feels like there's something crusted up in there that won't come out.",crusted up,crusted up,is_multiword,0,23,23|24,1,0.4808967808882395,0,1.0,,,,,,,,,,,,,,,,,,,,,,,,,,,,,,,"Covered with a hard, dry deposit, often mucus or dirt, that is difficult to remove.","Dry and hardened, like scabbed skin.","Aggregated and hardened, often dry and flaky, accumulation on a surface, typically in a body orifice.",0.3379621803760528,0.579666256904602,0.6396812200546265,0.5191032191117605,0.3379621803760528,0.1597169555374852
1156,"Doctor, I keep feeling like there's ants in my nose, and when I blow it, these hard crusts come out.",keep feeling,keep feeling,is_multiword,0,2,2|3,1,0.2239225506782531,0,1.0,,,,,,,,,,,,,,,,,,,,,,,,,,,,,,,"To experience a persistent sensation or emotion, often without a clear cause or explanation.",Continuously experience or perceive something.,Persistently experiencing or perceiving a sensation over a period of time.,0.6301607489585876,0.7653311491012573,0.9327404499053956,0.7760774493217468,0.6301607489585876,0.1515758261814415
1159,"Doctor, my wife has been complaining about a dry nose for weeks, and I noticed she has a prang out—the crusted stuff is blocking her breathing.",prang out,prang out,is_multiword,1,18,18|19,1,0.6689123411973317,1,1.0,,,,,,,,,,,,,,,,,,,,,,,,,,,,,,,"A crust or scab, especially one that has formed on the nose due to dryness or irritation.","A painful, inflamed area on skin or mucous membrane.",Nasal passage blocked by crusted mucus.,0.3902694582939148,0.4664263129234314,0.1365672051906585,0.3310876588026682,0.1365672051906585,0.1727096458853177
1159,"Doctor, my wife has been complaining about a dry nose for weeks, and I noticed she has a prang out—the crusted stuff is blocking her breathing.",crusted stuff,crusted stuff,is_multiword,0,21,21|22,1,0.270967165629069,0,1.0,,,,,,,,,,,,,,,,,,,,,,,,,,,,,,,"Mucus or nasal discharge that has dried and hardened, often causing obstruction.","Hard, crusty substance causing nasal blockage.","Hardened, dry mucus or secretions, often yellowish or brownish, that accumulate and block the nasal passages.",0.6345011591911316,0.839654266834259,0.7129430770874023,0.729032834370931,0.6345011591911316,0.1035186437845391
1160,"Doctor, my little boy keeps picking his nose and I think he's got a prang out—his nostrils are all crusty inside.",he's got,he's got,is_multiword,0,11,11|12,1,0.6286862194538116,0,1.0,,,,,,,,,,,,,,,,,,,,,,,,,,,,,,,has a problem or injury.,He has an injury or inflammation.,"Has or possesses (in this case, a blocked or infected nose).",0.6393400430679321,0.3144216239452362,0.1601796746253967,0.3713137805461883,0.1601796746253967,0.2445939549202453
1160,"Doctor, my little boy keeps picking his nose and I think he's got a prang out—his nostrils are all crusty inside.",prang out,prang out,is_multiword,1,14,14|15,1,0.5734744866689045,0,1.0,,,,,,,,,,,,,,,,,,,,,,,,,,,,,,,"To become inflamed or infected, often with a discharge or crust.","Inflammation or swelling, particularly of the nostrils.","Nasal congestion or blockage, often accompanied by crusty or hardened mucus.",0.6297546625137329,0.4447503983974457,0.2050714790821075,0.4265255133310954,0.2050714790821075,0.2129273617907434
1163,"Doctor, my mom's been saying she feels like she took an earth bath—she hasn't moved from the chair since yesterday morning.",an earth,an earth,is_multiword,0,10,10|11,1,0.8064894691730539,0,1.0,,,,,,,,,,,,,,,,,,,,,,,,,,,,,,,"A natural or organic bath, typically using natural elements like mud or water from the ground.","Refers to a deep, relaxing sleep or state of rest.","A mixture of soil, water, and organic matter, often used in alternative therapy for its therapeutic properties.",0.0090595344081521,0.5624721050262451,0.008999953046441,0.1935105308269461,0.008999953046441,0.319530097665624
1164,"I'm here with my husband, doc, he's been acting like he had an earth bath—won't eat, won't talk, just stares at the wall.",had an,had an,is_multiword,0,11,11|12,1,0.8120508293310801,1,1.0,,,,,,,,,,,,,,,,,,,,,,,,,,,,,,,experienced a period of intense emotional distress.,"Experienced a deep, metaphorical cleaning.","Experienced or undergone (in this case, referring to a hypothetical event of taking a bath on earth).",0.0756806209683418,0.1061057969927787,0.382061094045639,0.1879491706689199,0.0756806209683418,0.1687927780794737
1167,"My husband's been complaining of chest pain all night, and now he's just pipe off on the couch—I think he's gone.",pipe off,pipe off,is_multiword,1,13,13|14,1,0.7532914134984215,0,1.0,,,,,,,,,,,,,,,,,,,,,,,,,,,,,,,"Suddenly become unresponsive or stop functioning, often due to illness or death.",Leave or depart abruptly.,"To be in a state of quiet, unresponsive rest, often due to illness or exhaustion.",0.0315048545598983,0.6988100409507751,0.0098108639940619,0.2467085865015784,0.0098108639940619,0.3916815685515173
1171,"Doctor, when I checked on my grandpa this morning, I found him cease—he wasn't breathing and his skin was cold.",checked on,checked on,is_multiword,0,3,3|4,1,0.2277854681015014,0,1.0,,,,,,,,,,,,,,,,,,,,,,,,,,,,,,,visited or looked at someone's condition to see how they are doing.,Visited to see if someone was okay.,Verified: To visit or examine (someone or something) at a particular time or place.,0.8527271747589111,0.808976411819458,0.6549400091171265,0.7722145318984985,0.6549400091171265,0.1038918552372849
1178,"My son hasn't woken up since the accident, and I'm terrified he might give an earth bath soon.",give an,give an,is_multiword,0,13,13|14,1,0.7481233303745587,0,1.0,,,,,,,,,,,,,,,,,,,,,,,,,,,,,,,"to provide or yield something, such as a bowel movement.",To produce or provide.,"Provide a cleansing treatment, typically involving water and earth, for an animal.",0.5572522282600403,0.1355442255735397,0.0628335550427436,0.2518766696254412,0.0628335550427436,0.2669501531387547
1178,"My son hasn't woken up since the accident, and I'm terrified he might give an earth bath soon.",give an earth,give an earth,is_multiword,0,13,13|14|15,1,0.9902849939341346,1,1.0,,,,,,,,,,,,,,,,,,,,,,,,,,,,,,,To give birth.,To take a mud bath.,"Perform a natural burial, using the earth as a means of interment.",0.0090688122436404,0.0110189989209175,0.0090572070330381,0.0097150060658653,0.0090572070330381,0.0011293058464156
1178,"My son hasn't woken up since the accident, and I'm terrified he might give an earth bath soon.",give an earth bath,give an earth bath,is_multiword,1,13,13|14|15|16,1,0.9673579450075824,0,1.0,,,,,,,,,,,,,,,,,,,,,,,,,,,,,,,"To die or pass away, especially in a natural or peaceful manner.","Toilet accident, referring to an involuntary bowel movement.","Perform a cleansing ritual using natural materials, typically involving the application of earth or clay to the body.",0.0089370161294937,0.0800779163837432,0.0089112324640154,0.0326420549924174,0.0089112324640154,0.0410806630381272
1178,"My son hasn't woken up since the accident, and I'm terrified he might give an earth bath soon.",an earth,an earth,is_multiword,0,14,14|15,1,0.9615607553472122,0,1.0,,,,,,,,,,,,,,,,,,,,,,,,,,,,,,,"A natural body of water, especially one that is not part of the ocean.",A metaphorical expression for a severe shock or trauma.,"A mixture of soil, water, and herbs used for cleaning or bathing.",0.0089586796239018,0.0969492346048355,0.0094098197296261,0.0384392446527878,0.0089586796239018,0.0506716397503602
1178,"My son hasn't woken up since the accident, and I'm terrified he might give an earth bath soon.",an earth bath,an earth bath,is_multiword,0,14,14|15|16,1,0.933794234568874,0,1.0,,,,,,,,,,,,,,,,,,,,,,,,,,,,,,,"A natural process where the body returns to the earth after death, decomposing and merging with the soil.",A severe shock or trauma.,"A ritual bath using earth or soil, often associated with certain spiritual practices.",0.0160114374011755,0.1736169904470443,0.008988868445158,0.0662057654311259,0.008988868445158,0.0930870966528159
1178,"My son hasn't woken up since the accident, and I'm terrified he might give an earth bath soon.",earth bath,earth bath,is_multiword,0,15,15|16,1,0.9506666756545504,0,1.0,,,,,,,,,,,,,,,,,,,,,,,,,,,,,,,"A natural process where the body returns to the earth after death, decomposing and releasing nutrients.",A colloquial term for a severe shock or trauma.,A mixture of soil or earth used for therapeutic bathing or cleansing.,0.0092668132856488,0.1295996159315109,0.009133543819189,0.0493333243454496,0.009133543819189,0.069512679519075
1182,"My mother's been so weak lately, and with her heart condition, I'm scared she's about to bail out on us.",bail out,bail out,is_multiword,1,16,16|17,1,0.2117528518040975,0,1.0,,,,,,,,,,,,,,,,,,,,,,,,,,,,,,,"To leave or abandon a situation, especially a relationship or responsibility, often unexpectedly.",Abandon or leave suddenly.,"Abandon, leave suddenly or unexpectedly, especially under pressure or in a difficult situation.",0.7964342832565308,0.8018935918807983,0.7664135694503784,0.7882471481959025,0.7664135694503784,0.0191044466889648
1182,"My mother's been so weak lately, and with her heart condition, I'm scared she's about to bail out on us.",bail out on,bail out on,is_multiword,0,16,16|17|18,1,0.3595210909843445,0,1.0,,,,,,,,,,,,,,,,,,,,,,,,,,,,,,,"Leave or abandon someone or something, especially in a time of need or crisis.",Abandon or leave suddenly.,"Abandon, forsake, or fail to fulfill obligations or promises.",0.6975275278091431,0.5265527963638306,0.6973564028739929,0.6404789090156555,0.5265527963638306,0.0986629448116317
1182,"My mother's been so weak lately, and with her heart condition, I'm scared she's about to bail out on us.",out on,out on,is_multiword,0,17,17|18,1,0.5076134602228801,0,1.0,,,,,,,,,,,,,,,,,,,,,,,,,,,,,,,"Leave or depart suddenly, often unexpectedly, without warning or notice.",Leaving abruptly.,"Abandon, leave behind, forsake, desert, or fail to fulfill a commitment.",0.8296980857849121,0.29176065325737,0.3557008802890777,0.4923865397771199,0.29176065325737,0.2938645903487553
1183,"""Doc, when I woke up this morning, my left leg was all up—I can’t feel a thing from the knee down.""",a thing,a thing,is_multiword,0,16,16|17,1,0.396207590897878,0,1.0,,,,,,,,,,,,,,,,,,,,,,,,,,,,,,,"A sensation or feeling, especially one that is absent or diminished.","In this context, ""a thing"" refers to sensation or feeling.","Sensation or feeling, in this case, the loss of sensation in the lower left leg.",0.6417533159255981,0.593555212020874,0.5760686993598938,0.603792409102122,0.5760686993598938,0.0340178977364289
1184,"""I’m worried, doctor—the whole right side of my face feels all up, like it’s dead to the touch.""",all up,all up,is_multiword,1,11,11|12,1,0.2341822783152262,0,1.0,,,,,,,,,,,,,,,,,,,,,,,,,,,,,,,"Completely numb or insensitive, lacking sensation.",Feeling numb or insensitive.,Sensation of numbness or lack of sensation in a specific area.,0.8813382983207703,0.6680609583854675,0.7480539083480835,0.7658177216847738,0.6680609583854675,0.1077426133461837
1189,"Doctor, I found my hamster belly up in his cage this morning, and now my son's been crying all day—could this be some kind of infection that spread to him?",belly up,belly up,is_multiword,1,5,5|6,1,0.6221456031004589,0,1.0,,,,,,,,,,,,,,,,,,,,,,,,,,,,,,,"Lying on its side with its paws in the air, often a sign of death or illness.","On its back, unable to right itself.","Upside-down position of an animal, often indicating illness or death.",0.2352309823036193,0.6103604435920715,0.2879717648029327,0.3778543968995412,0.2352309823036193,0.2030755865339351
1190,"Doctor, my wife's been complaining of severe stomach pain for days, and when I checked on her last night, she was lying belly up and barely breathing—please tell me what's wrong.",belly up,belly up,is_multiword,1,22,22|23,1,0.3509341875712076,0,1.0,,,,,,,,,,,,,,,,,,,,,,,,,,,,,,,"Lying on one's back with the abdomen exposed, often in a helpless or vulnerable position.","On her back, face downward.","Lying on one's back with the abdomen exposed, often indicating discomfort or distress.",0.5211135149002075,0.8396273255348206,0.5864565968513489,0.6490658124287924,0.5211135149002075,0.1682340551067548
1192,"Doctor, my husband’s been complaining about that African pill feeling—he says everything inside him just went dead, like he can’t feel his own heartbeat anymore.",just went,just went,is_multiword,0,15,15|16,1,0.3222981492678324,0,1.0,,,,,,,,,,,,,,,,,,,,,,,,,,,,,,,"happened suddenly and completely, without any gradual or noticeable change.",Indicated a sudden complete cessation.,Transpired suddenly or abruptly; occurred without warning or gradual progression.,0.677940845489502,0.9054479598999025,0.4497167468070984,0.6777018507321676,0.4497167468070984,0.2278657005466821
1193,"Doctor, I think my husband has been taking the sod cure—I found him in the garden this morning and he wouldn't wake up.",sod cure,sod cure,is_multiword,0,9,9|10,1,0.8316899202764034,1,1.0,,,,,,,,,,,,,,,,,,,,,,,,,,,,,,,"A colloquial term for a hangover remedy, typically involving drinking beer or other intoxicating beverages.","A home remedy or treatment, likely involving soil.","Mixture of soil and organic matter used for gardening purposes, often used for seed germination or as a growing medium.",0.0594949424266815,0.0088148824870586,0.4366204142570495,0.1683100797235965,0.0088148824870586,0.2337411898488604
1194,"My son was taking the sod cure when I checked on him after his nap, and I couldn't get a pulse.",the sod,the sod,is_multiword,0,4,4|5,1,0.9783234636609752,0,1.0,,,,,,,,,,,,,,,,,,,,,,,,,,,,,,,A piece of sod or turf used to cool a fever by applying it to the body.,A method of curing tobacco leaves.,"A mixture of salt and water, often used as a remedy or treatment, as in this case, possibly referring to a homemade saline solution.",0.0091679720208048,0.0459009185433387,0.0099607184529304,0.0216765363390247,0.0091679720208048,0.0209826745581188
1194,"My son was taking the sod cure when I checked on him after his nap, and I couldn't get a pulse.",the sod cure,the sod cure,is_multiword,0,4,4|5|6,1,0.8481298834085464,0,1.0,,,,,,,,,,,,,,,,,,,,,,,,,,,,,,,A method of treating a person who has been overcome by laughing or excessive merriment.,A traditional folk remedy involving wrapping a person in sod to induce sweating.,"A homemade remedy, typically consisting of salt and water, used for various purposes, such as soothing skin irritations or aiding in dehydration.",0.1132888719439506,0.0641975626349449,0.2781239151954651,0.1518701165914535,0.0641975626349449,0.1120602757843958
1194,"My son was taking the sod cure when I checked on him after his nap, and I couldn't get a pulse.",sod cure,sod cure,is_multiword,0,5,5|6,1,0.9682257231324912,0,1.0,,,,,,,,,,,,,,,,,,,,,,,,,,,,,,,A method of treating a person who has been overcome by laughing or excessive merriment.,A traditional folk remedy involving wrapping the body in sod to promote healing.,"A mixture of salt and water, often used as a temporary remedy for dehydration or electrolyte imbalance.",0.0255095213651657,0.0093638878315687,0.0604494214057922,0.0317742768675088,0.0093638878315687,0.0261126081858722
1195,"Doctor, I'm here with my mother—she's been bedridden for weeks and I'm terrified she's going to be sewed up in a dirt blanket if we don't figure out what's wrong.",sewed up,sewed up,is_multiword,0,18,18|19,1,0.8134902883321047,1,1.0,,,,,,,,,,,,,,,,,,,,,,,,,,,,,,,"Wrapped in a burial shroud or cloth, typically for burial or as a makeshift coffin.",Metaphorically entombed or buried.,"Stitched or closed, often referring to surgical repair of a body part.",0.5412704944610596,0.0090056462213397,0.0092529943212866,0.1865097116678953,0.0090056462213397,0.307231875057398
1200,"Doctor, we found our father gone home by crate this morning, and we're not sure if it was his heart or something else—can you help us understand the cause?",by crate,by crate,is_multiword,0,7,7|8,1,0.705997144182523,0,1.0,,,,,,,,,,,,,,,,,,,,,,,,,,,,,,,Using a crate as a makeshift stretcher or ambulance to transport someone home.,By crate indicates the father was found in a container or box.,"Transported or placed in a container, often for moving or storing.",0.1997915357351303,0.2764998078346252,0.4057172238826751,0.2940028558174769,0.1997915357351303,0.1040726418242444
1201,"Doctor, I'm here about my mother—she's gone home by crate, but the nursing home says it was just old age and I need to know what really happened.",by crate,by crate,is_multiword,0,9,9|10,1,0.3416988054911295,0,1.0,,,,,,,,,,,,,,,,,,,,,,,,,,,,,,,"Transported in a shipping crate, often used for deceased individuals.",By crate indicates she was transported in a crate.,"Transported in a large, sturdy box, often used for moving heavy or fragile items, but in this context, used metaphorically to refer to a person being transported in a",0.6377119421958923,0.6163687705993652,0.7208228707313538,0.6583011945088705,0.6163687705993652,0.0551869798204384
1202,"We found my dad in his chair last night, and it seemed his old ticker had just shut up shop.",shut up,shut up,is_multiword,0,17,17|18,1,0.2984019915262857,0,1.0,,,,,,,,,,,,,,,,,,,,,,,,,,,,,,,ceased functioning or stopped working.,"Stopped functioning, especially referring to heart failure.",Cease functioning or operating; stop working.,0.5800954103469849,0.9653031826019288,0.559395432472229,0.7015980084737142,0.559395432472229,0.228609790729745
1203,"Doctor, when I checked on my granddad this morning, it looked like his heart had shut up shop for good.",checked on,checked on,is_multiword,0,3,3|4,1,0.458021322886149,0,1.0,,,,,,,,,,,,,,,,,,,,,,,,,,,,,,,visited or inquired about someone's condition or well-being.,Visited to see if the grandfather was still alive.,Verified: To visit or inspect (someone or something) to ensure their well-being or status.,0.4143952429294586,0.9022443890571594,0.3092963993549347,0.541978677113851,0.3092963993549347,0.3163937090583341
1203,"Doctor, when I checked on my granddad this morning, it looked like his heart had shut up shop for good.",looked like,looked like,is_multiword,0,10,10|11,1,0.2658218741416931,0,1.0,,,,,,,,,,,,,,,,,,,,,,,,,,,,,,,"appeared to have a certain condition or situation, without confirmation or verification.",Seemed; appeared to be the case.,Appeared as if; seemed to be the case.,0.6355625987052917,0.6045114398002625,0.9624603390693665,0.7341781258583069,0.6045114398002625,0.1983068840679543
1203,"Doctor, when I checked on my granddad this morning, it looked like his heart had shut up shop for good.",shut up,shut up,is_multiword,0,15,15|16,1,0.1015341281890869,0,1.0,,,,,,,,,,,,,,,,,,,,,,,,,,,,,,,ceased functioning or operating.,ceased functioning completely.,Ceased functioning; stopped operating.,0.8503016233444214,0.9606698155403136,0.8844261765480042,0.8984658718109131,0.8503016233444214,0.0565076919052076
1203,"Doctor, when I checked on my granddad this morning, it looked like his heart had shut up shop for good.",shut up shop,shut up shop,is_multiword,1,15,15|16|17,1,0.1758513649304708,0,1.0,,,,,,,,,,,,,,,,,,,,,,,,,,,,,,,ceased functioning or operating permanently.,Stopped operating or functioning.,"To cease trading or operating, often used metaphorically to indicate a permanent closure or end.",0.882662832736969,0.8193935751914978,0.7703894972801208,0.8241486350695292,0.7703894972801208,0.0562875066909544
1203,"Doctor, when I checked on my granddad this morning, it looked like his heart had shut up shop for good.",shut up shop for,shut up shop for,is_multiword,0,15,15|16|17|18,1,0.1447039246559143,0,1.0,,,,,,,,,,,,,,,,,,,,,,,,,,,,,,,ceased functioning permanently.,ceased operations; stopped functioning,"To cease operating permanently, especially in a business or service context.",0.909007728099823,0.8314346671104431,0.825445830821991,0.8552960753440857,0.825445830821991,0.0466119380774619
1203,"Doctor, when I checked on my granddad this morning, it looked like his heart had shut up shop for good.",shut up shop for good,shut up shop for good,is_multiword,0,15,15|16|17|18|19,1,0.3367946545282999,0,1.0,,,,,,,,,,,,,,,,,,,,,,,,,,,,,,,"ceased functioning permanently, especially in a way that is irreversible or fatal.",ceased functioning permanently,"Permanently cease operating or functioning, often in a business or metaphorical sense.",0.6166905164718628,0.5600708723068237,0.8128546476364136,0.6632053454717001,0.5600708723068237,0.1326560637706894
1203,"Doctor, when I checked on my granddad this morning, it looked like his heart had shut up shop for good.",up shop,up shop,is_multiword,0,16,16|17,1,0.1430694262186685,0,1.0,,,,,,,,,,,,,,,,,,,,,,,,,,,,,,,permanently closed or ceased operations.,ceased functioning permanently.,To close down or abandon a business or activity permanently.,0.911371111869812,0.8958444595336914,0.7635761499404907,0.8569305737813314,0.7635761499404907,0.0812191822858564
1203,"Doctor, when I checked on my granddad this morning, it looked like his heart had shut up shop for good.",up shop for,up shop for,is_multiword,0,16,16|17|18,1,0.1850980321566263,0,1.0,,,,,,,,,,,,,,,,,,,,,,,,,,,,,,,permanently cease operations or stop functioning.,ceased functioning permanently.,"To cease operations permanently, especially in a business or workplace context.",0.9179800152778624,0.7585722208023071,0.7681536674499512,0.8149019678433737,0.7585722208023071,0.0893966661970426
1203,"Doctor, when I checked on my granddad this morning, it looked like his heart had shut up shop for good.",up shop for good,up shop for good,is_multiword,0,16,16|17|18|19,1,0.1831710338592529,0,1.0,,,,,,,,,,,,,,,,,,,,,,,,,,,,,,,permanently stopped functioning or ceased to exist.,Terminated permanently; stopped functioning.,Permanently close or abandon a business or activity.,0.8809767961502075,0.8355852961540222,0.7339248061180115,0.8168289661407471,0.7339248061180115,0.0752988836556189
1203,"Doctor, when I checked on my granddad this morning, it looked like his heart had shut up shop for good.",shop for,shop for,is_multiword,0,17,17|18,1,0.7022332701211174,0,1.0,,,,,,,,,,,,,,,,,,,,,,,,,,,,,,,ceased functioning or operating.,To cease operating permanently.,"A place where goods are bought and sold, metaphorically used here to refer to the functioning of the heart.",0.864041268825531,0.020045755431056,0.0092131653800606,0.2977667298788826,0.0092131653800606,0.4904380453698843
1203,"Doctor, when I checked on my granddad this morning, it looked like his heart had shut up shop for good.",shop for good,shop for good,is_multiword,0,17,17|18|19,1,0.0940126180648803,0,1.0,,,,,,,,,,,,,,,,,,,,,,,,,,,,,,,permanently ceased functioning or stopped working.,ceased functioning permanently,Permanently ceased to operate or function effectively.,0.9093816876411438,0.8949121236801147,0.9136683344841005,0.9059873819351196,0.8949121236801147,0.0098280132453282
1203,"Doctor, when I checked on my granddad this morning, it looked like his heart had shut up shop for good.",for good,for good,is_multiword,0,18,18|19,1,0.3481421073277791,0,1.0,,,,,,,,,,,,,,,,,,,,,,,,,,,,,,,"Permanently or finally, with no intention of resuming.",Permanently; indicating final cessation.,"Permanently, irreversibly, or beyond repair.",0.73093581199646,0.5567221641540527,0.6679157018661499,0.6518578926722208,0.5567221641540527,0.0882099127123536
1204,"Doctor, I’m worried about my son—he’s been so limp and unresponsive since the fever spiked, and I’m afraid he’s camp down.",camp down,camp down,is_multiword,1,20,20|21,1,0.4607956608136495,0,1.0,,,,,,,,,,,,,,,,,,,,,,,,,,,,,,,"Become severely ill or incapacitated, often to the point of being unable to move or respond.",Sudden severe deterioration in condition.,"To be in a state of collapse or to be unresponsive, often due to illness or exhaustion.",0.5401901006698608,0.8465670943260193,0.2308558225631714,0.5392043391863505,0.2308558225631714,0.3078568195415406
1205,"My mother hasn’t opened her eyes or moved for hours, and when I check her pulse, it feels like she’s camp down.",camp down,camp down,is_multiword,1,20,20|21,1,0.6509404877821605,0,1.0,,,,,,,,,,,,,,,,,,,,,,,,,,,,,,,"Lying motionless, as if lifeless or deceased, often with a lack of breathing or pulse.","Feeling faint or weak, as if about to faint.","To be motionless or immobile, often in a prolonged state of rest or unconsciousness.",0.1118827164173126,0.7177997827529907,0.2174960374832153,0.3490595122178395,0.1118827164173126,0.32367512065711
1209,My wife brought our son in because he collapsed at school—please tell me this isn't a daisy-pusher situation.,daisy-pusher situation,daisy-pusher situation,is_multiword,0,17,17|18,1,0.9312370779613652,1,1.0,,,,,,,,,,,,,,,,,,,,,,,,,,,,,,,"A person who faints or collapses easily, often due to anxiety or stress, rather than a serious medical issue.","A situation involving drug use, especially among young people.","A ""daisy-pusher situation"" refers to a scenario where someone is falsely claiming that a person is ill, often for personal gain or attention.",0.0141338445246219,0.0776128992438316,0.1145420223474502,0.0687629220386346,0.0141338445246219,0.0507857471720615
1213,"Doctor, my husband's cough has been so bad this week, if it doesn't clear up soon, I'm scared it's gonna fill a casket.",it's gonna,it's gonna,is_multiword,0,18,18|19,1,0.7230625996987026,0,1.0,,,,,,,,,,,,,,,,,,,,,,,,,,,,,,,Used to express a prediction or expectation of a future event or consequence.,It's going to.,"Will likely result in (in this case, a serious or fatal outcome, such as filling a casket)",0.2862608432769775,0.3012478053569793,0.2433035522699356,0.2769374003012975,0.2433035522699356,0.0300762208088784
1213,"Doctor, my husband's cough has been so bad this week, if it doesn't clear up soon, I'm scared it's gonna fill a casket.",it's gonna fill,it's gonna fill,is_multiword,0,18,18|19|20,1,0.8177399436632792,0,1.0,,,,,,,,,,,,,,,,,,,,,,,,,,,,,,,become so severe that it leads to death.,It's going to completely occupy or take up space.,"To occupy or be filled by (something), often implying a negative or undesirable outcome.",0.009122334420681,0.0114427581429481,0.5262150764465332,0.1822600563367208,0.009122334420681,0.2978760446655937
1213,"Doctor, my husband's cough has been so bad this week, if it doesn't clear up soon, I'm scared it's gonna fill a casket.",it's gonna fill a,it's gonna fill a,is_multiword,0,18,18|19|20|21,1,0.754845529794693,0,1.0,,,,,,,,,,,,,,,,,,,,,,,,,,,,,,,a container for holding a deceased person's body.,It's going to completely occupy or fill.,"Indicates a potential outcome of something becoming full or complete, often in a negative or ominous context, as in this case, referring to a casket being filled with a deceased person.",0.063820868730545,0.27960205078125,0.392040491104126,0.245154470205307,0.063820868730545,0.1667993015075785
1213,"Doctor, my husband's cough has been so bad this week, if it doesn't clear up soon, I'm scared it's gonna fill a casket.",it's gonna fill a casket,it's gonna fill a casket,is_multiword,0,18,18|19|20|21|22,1,0.8560795203472177,1,1.0,,,,,,,,,,,,,,,,,,,,,,,,,,,,,,,"A casket is a container for a deceased person's body, typically used for burial or cremation.",Refers to the husband's condition worsening severely.,"Indicates a serious and potentially fatal outcome, suggesting that a person is going to die.",0.0091860173270106,0.3331575393676758,0.0894178822636604,0.1439204796527823,0.0091860173270106,0.1687225136576527
1213,"Doctor, my husband's cough has been so bad this week, if it doesn't clear up soon, I'm scared it's gonna fill a casket.",gonna fill,gonna fill,is_multiword,0,19,19|20,1,0.7858729958534241,0,1.0,,,,,,,,,,,,,,,,,,,,,,,,,,,,,,,Will result in the contents being placed inside.,will completely occupy or take up.,"To result in (something), typically in an unfortunate or negative way; to cause to become full or occupied with (something).",0.0132439360022544,0.0726661458611488,0.5564709305763245,0.2141270041465759,0.0132439360022544,0.297963542616595
1213,"Doctor, my husband's cough has been so bad this week, if it doesn't clear up soon, I'm scared it's gonna fill a casket.",gonna fill a,gonna fill a,is_multiword,0,19,19|20|21,1,0.8233693071330587,0,1.0,,,,,,,,,,,,,,,,,,,,,,,,,,,,,,,result in the contents being placed inside.,Intend to completely occupy or fill.,"Indicates a potential future event of something (in this case, a casket) being filled by something else (in this case, a body).",0.0100324964150786,0.2689022123813629,0.2509573698043823,0.1766306928669413,0.0100324964150786,0.1445569909742805
1213,"Doctor, my husband's cough has been so bad this week, if it doesn't clear up soon, I'm scared it's gonna fill a casket.",gonna fill a casket,gonna fill a casket,is_multiword,0,19,19|20|21|22,1,0.8540698348854979,0,1.0,,,,,,,,,,,,,,,,,,,,,,,,,,,,,,,To be buried in a coffin.,Expression indicating something is very likely to happen.,"Indicates a serious, potentially fatal outcome, suggesting that a person's health condition may lead to death.",0.009591226466,0.0161942020058631,0.412005066871643,0.1459301651145021,0.009591226466,0.2304512743082562
1213,"Doctor, my husband's cough has been so bad this week, if it doesn't clear up soon, I'm scared it's gonna fill a casket.",fill a,fill a,is_multiword,0,20,20|21,1,0.7874448463941613,0,1.0,,,,,,,,,,,,,,,,,,,,,,,,,,,,,,,"to cause the death of someone, resulting in a funeral and a coffin.",To completely occupy or overflow.,"To occupy or be contained within (a container or space), often implying a complete or full state.",0.0091753080487251,0.0107879666611552,0.6177021861076355,0.2125551536058386,0.0091753080487251,0.3508685489263879
1213,"Doctor, my husband's cough has been so bad this week, if it doesn't clear up soon, I'm scared it's gonna fill a casket.",fill a casket,fill a casket,is_multiword,1,20,20|21|22,1,0.5083330571651459,0,1.0,,,,,,,,,,,,,,,,,,,,,,,,,,,,,,,"To cause death, resulting in the need for a coffin or casket for burial.",Metaphor for causing great loss or death.,"To occupy or be placed within a casket, typically as a result of death.",0.5274754166603088,0.8316408395767212,0.1158845722675323,0.4916669428348541,0.1158845722675323,0.3592192139159276
1213,"Doctor, my husband's cough has been so bad this week, if it doesn't clear up soon, I'm scared it's gonna fill a casket.",a casket,a casket,is_multiword,0,21,21|22,1,0.2875913381576538,0,1.0,,,,,,,,,,,,,,,,,,,,,,,,,,,,,,,"A container for a deceased person's body, typically made of wood or metal, used in funerals.",A container for storing or transporting a corpse.,"A container, typically made of wood, used for burying a deceased person.",0.6953502297401428,0.8369888067245483,0.6048869490623474,0.7124086618423462,0.6048869490623474,0.1169874380516996
1214,"Doctor, I found my husband this morning and he's gone the way of all flesh—his body was cold and there was no pulse.",way of,way of,is_multiword,0,11,11|12,1,0.353535940249761,0,1.0,,,,,,,,,,,,,,,,,,,,,,,,,,,,,,,"A manner or method of dying, especially referring to death as a natural part of life.",Method or manner of death.,Natural course of death or decay.,0.7938748598098755,0.6791970133781433,0.4663203060626983,0.646464059750239,0.4663203060626983,0.166212457746202
1215,"Doctor, we found our father this morning and he's gone the way of all flesh—can you come confirm it for the coroner's report?",way of,way of,is_multiword,0,11,11|12,1,0.3408105274041494,0,1.0,,,,,,,,,,,,,,,,,,,,,,,,,,,,,,,"A manner of dying or a stage of life, especially referring to death as a natural part of life.",Manner or method of death.,Natural course of death or decay for a living organism.,0.7575185894966125,0.7395983338356018,0.4804514944553375,0.6591894725958506,0.4804514944553375,0.1550507417365615
1221,"Doctor, I'm worried because my husband's heart condition has gotten so bad that the last specialist said he might step out of the picture any day now.",step out,step out,is_multiword,0,19,19|20,1,0.6730081935723622,0,1.0,,,,,,,,,,,,,,,,,,,,,,,,,,,,,,,to die or pass away.,Withdraw from involvement or life.,"To cease participation or presence, often implying a sudden or unexpected departure.",0.0525236800312995,0.1176451072096824,0.8108066320419312,0.3269918064276377,0.0525236800312995,0.4202591928590964
1221,"Doctor, I'm worried because my husband's heart condition has gotten so bad that the last specialist said he might step out of the picture any day now.",step out of,step out of,is_multiword,0,19,19|20|21,1,0.6932988821839292,0,1.0,,,,,,,,,,,,,,,,,,,,,,,,,,,,,,,to die or pass away.,Withdraw from active participation or involvement.,"To cease participation or presence, often implying a sudden or unexpected departure.",0.0133494930341839,0.1176451072096824,0.7891087532043457,0.3067011178160707,0.0133494930341839,0.4210192855377782
1221,"Doctor, I'm worried because my husband's heart condition has gotten so bad that the last specialist said he might step out of the picture any day now.",out of,out of,is_multiword,0,20,20|21,1,0.6626040699581306,0,1.0,,,,,,,,,,,,,,,,,,,,,,,,,,,,,,,Beyond the normal range of life or expected duration.,No longer present or involved.,Extraneous from a situation or no longer participating.,0.1557598859071731,0.0424828492105007,0.8139450550079346,0.3373959300418694,0.0424828492105007,0.4165719903451702
1226,"Doctor, my son's been subbing for a dead Indian since the accident—he's completely unresponsive, and we're terrified he's not coming back.",subbing for,subbing for,is_multiword,0,4,4|5,1,0.112062414487203,0,1.0,,,,,,,,,,,,,,,,,,,,,,,,,,,,,,,Acting in place of or temporarily taking over someone's role or responsibilities.,Replaced or acting in place of another.,"Standing in for, temporarily replacing someone's duties or responsibilities.",0.863554835319519,0.950285792350769,0.849972128868103,0.887937585512797,0.849972128868103,0.0544205535672804
1227,"Doctor, I'm subbing for a dead Indian here—my wife hasn't moved or responded since last night, and I think she's gone.",subbing for,subbing for,is_multiword,0,2,2|3,1,0.1393541892369588,0,1.0,,,,,,,,,,,,,,,,,,,,,,,,,,,,,,,Acting in place of or temporarily taking over someone's responsibilities.,temporarily replacing another person.,"Standing in for, temporarily replacing someone in a role or position.",0.8385567665100098,0.8909125328063965,0.8524681329727173,0.8606458107630411,0.8385567665100098,0.0271189486642132
1231,"Doctor, I'm here about my father—he collapsed at home and when we checked his pupils, they were fixed and dilated; I'm terrified he's grounded for good.",grounded for,grounded for,is_multiword,0,24,24|25,1,0.6538834298650424,0,1.0,,,,,,,,,,,,,,,,,,,,,,,,,,,,,,,permanently unable to fly or function.,Detained or forbidden from flying.,Permanently restricted or unable to engage in usual activities due to a serious condition or situation.,0.578681468963623,0.3735685050487518,0.086099736392498,0.3461165701349576,0.086099736392498,0.2474356428721946
1231,"Doctor, I'm here about my father—he collapsed at home and when we checked his pupils, they were fixed and dilated; I'm terrified he's grounded for good.",grounded for good,grounded for good,is_multiword,1,24,24|25|26,1,0.5682624330123265,0,1.0,,,,,,,,,,,,,,,,,,,,,,,,,,,,,,,Permanently unable to fly or function due to a fatal or irreversible condition.,No longer able to fly or function.,Permanently unable to leave or do something due to a serious illness or condition.,0.6235717535018921,0.4983665943145752,0.173274353146553,0.4317375669876734,0.173274353146553,0.2324252732677556
1231,"Doctor, I'm here about my father—he collapsed at home and when we checked his pupils, they were fixed and dilated; I'm terrified he's grounded for good.",for good,for good,is_multiword,0,25,25|26,1,0.2111677527427673,0,1.0,,,,,,,,,,,,,,,,,,,,,,,,,,,,,,,"Permanently or irreversibly, without possibility of recovery or return to a previous state.",Permanently; indefinitely,"Permanently, irreversibly, or indefinitely.",0.7651119232177734,0.7789939641952515,0.8223908543586731,0.7888322472572327,0.7651119232177734,0.0298799740355765
1236,"Doctor, my mother's breathing stopped ten minutes ago, and I need to know if she's already found eternal rest.",she's already,she's already,is_multiword,0,14,14|15,1,0.2431268095970153,0,1.0,,,,,,,,,,,,,,,,,,,,,,,,,,,,,,,Passed away or deceased.,She has already died.,Has passed away or died.,0.6819291114807129,0.9609168171882628,0.627773642539978,0.7568731904029846,0.627773642539978,0.1787695581686523
1239,"Doctor, my father’s been unconscious since the fall—are you saying it’s curtains for him?",curtains for,curtains for,is_multiword,0,12,12|13,1,0.3397680521011352,0,1.0,,,,,,,,,,,,,,,,,,,,,,,,,,,,,,,A euphemistic expression indicating that someone's life is coming to an end or they are dying.,Metaphor for death.,"Imminent or certain end, often referring to a tragic or unfortunate outcome.",0.6684156060218811,0.7342073321342468,0.5780729055404663,0.6602319478988647,0.5780729055404663,0.0783882579672999
1239,"Doctor, my father’s been unconscious since the fall—are you saying it’s curtains for him?",curtains for him,curtains for him,is_multiword,0,12,12|13|14,1,0.3491321404774984,0,1.0,,,,,,,,,,,,,,,,,,,,,,,,,,,,,,,A euphemistic expression meaning death or the end of a person's life.,Metaphor for death.,Imminent or certain death for him.,0.817964494228363,0.6239451169967651,0.5106939673423767,0.6508678595225016,0.5106939673423767,0.1553944005491453
1239,"Doctor, my father’s been unconscious since the fall—are you saying it’s curtains for him?",for him,for him,is_multiword,0,13,13|14,1,0.6219535681108634,0,1.0,,,,,,,,,,,,,,,,,,,,,,,,,,,,,,,"Indicating the person being referred to, in this case, the father.",Indicating death.,"Implying the end or death of someone (in this case, the father).",0.0488357804715633,0.4808976948261261,0.6044058203697205,0.3780464318891366,0.0488357804715633,0.2917161360362335
1240,"My wife hasn’t moved or responded since last night, and I’m terrified she’s head for center—please, can you take a look?",head for,head for,is_multiword,0,13,13|14,1,0.4659394820531209,0,1.0,,,,,,,,,,,,,,,,,,,,,,,,,,,,,,,"To be on the way to a destination, often implying a departure or departure point.",Moving towards or into a central area.,Navigate or proceed towards a specific location or destination.,0.3086590766906738,0.7224910855293274,0.571031391620636,0.534060517946879,0.3086590766906738,0.2093785256658608
1240,"My wife hasn’t moved or responded since last night, and I’m terrified she’s head for center—please, can you take a look?",head for center,head for center,is_multiword,1,13,13|14|15,1,0.9890967269117632,1,1.0,,,,,,,,,,,,,,,,,,,,,,,,,,,,,,,To go to the hospital's emergency room or a similar central medical facility.,Referring to death or a fatal condition.,Navigate or proceed towards the center of a location or area.,0.0138578535988926,0.0098494514822959,0.0090025141835212,0.0109032730882366,0.0090025141835212,0.0025935468363758
1240,"My wife hasn’t moved or responded since last night, and I’m terrified she’s head for center—please, can you take a look?",for center,for center,is_multiword,0,14,14|15,1,0.8996040693794688,0,1.0,,,,,,,,,,,,,,,,,,,,,,,,,,,,,,,heading towards the hospital emergency room.,Referring to a medical condition indicating severe illness.,Navigating towards the central point or location.,0.1405141800642013,0.1512474566698074,0.0094261551275849,0.1003959306205312,0.0094261551275849,0.0789647126671205
1241,"Doctor, I’m worried about my mother—she’s been so weak and confused, and when I checked on her this morning, she was completely head for center.",head for,head for,is_multiword,0,23,23|24,1,0.6489678447445233,0,1.0,,,,,,,,,,,,,,,,,,,,,,,,,,,,,,,completely oriented or aware of one's surroundings.,Moving towards or toward the center.,Moving or directed towards a specific point or location.,0.1134378835558891,0.3452032208442688,0.594455361366272,0.3510321552554766,0.1134378835558891,0.2405617090208729
1241,"Doctor, I’m worried about my mother—she’s been so weak and confused, and when I checked on her this morning, she was completely head for center.",head for center,head for center,is_multiword,1,23,23|24|25,1,0.9277800203611454,0,1.0,,,,,,,,,,,,,,,,,,,,,,,,,,,,,,,"Fully awake and alert, with no signs of drowsiness or confusion.",Referring to someone being severely ill or in critical condition.,"Disoriented or unable to maintain balance, often indicating confusion or disorientation.",0.0110804345458745,0.1890891939401626,0.0164903104305267,0.0722199796388546,0.0110804345458745,0.101247847521938
1241,"Doctor, I’m worried about my mother—she’s been so weak and confused, and when I checked on her this morning, she was completely head for center.",for center,for center,is_multiword,0,24,24|25,1,0.961242955798904,1,1.0,,,,,,,,,,,,,,,,,,,,,,,,,,,,,,,"In a state of complete recovery or normalcy, with no signs of illness or confusion.",Toward the middle or core area.,"Aligned with the vertical axis, at the center point.",0.0123568577691912,0.0091541474685072,0.0947601273655891,0.0387570442010959,0.0091541474685072,0.0485265219366109
1245,"Doctor, my husband collapsed at work and they couldn't find a pulse; I think it's a say thirty finding.",say thirty,say thirty,is_multiword,1,16,16|17,1,0.7473338656127453,0,1.0,,,,,,,,,,,,,,,,,,,,,,,,,,,,,,,A finding of death after thirty minutes of unsuccessful resuscitation attempts.,A medical term for third-degree heart block.,Cardiac arrest or cessation of heart function for approximately 30 minutes.,0.0213950835168361,0.4227899610996246,0.3138133585453033,0.2526661343872547,0.0213950835168361,0.2075661321220334
1248,"Doctor, my father's been sleeping way more than usual and barely eating—I'm scared he's about to cash out on us.",cash out,cash out,is_multiword,1,17,17|18,1,0.6594911875824134,0,1.0,,,,,,,,,,,,,,,,,,,,,,,,,,,,,,,"To die or pass away, especially unexpectedly, leaving one's family in a difficult financial situation.","To stop participating in an activity, often used metaphorically for ending involvement or withdrawal from a situation.","To cash out (in this context) means to die or leave a situation, often implying a financial or emotional impact on others.",0.019174288958311,0.5396084785461426,0.4627436697483063,0.3405088124175866,0.019174288958311,0.2809251798664224
1248,"Doctor, my father's been sleeping way more than usual and barely eating—I'm scared he's about to cash out on us.",cash out on,cash out on,is_multiword,0,17,17|18|19,1,0.4265297750631968,0,1.0,,,,,,,,,,,,,,,,,,,,,,,,,,,,,,,"To die or pass away, leaving one's family or dependents without financial support.",To stop living and leave behind financial burdens.,"To financially or emotionally abandon or leave behind, often implying a sudden or unexpected departure.",0.6457088589668274,0.3677971065044403,0.7069047093391418,0.5734702249368032,0.3677971065044403,0.1807271611019418
1248,"Doctor, my father's been sleeping way more than usual and barely eating—I'm scared he's about to cash out on us.",out on,out on,is_multiword,0,18,18|19,1,0.950891920675834,1,1.0,,,,,,,,,,,,,,,,,,,,,,,,,,,,,,,"To die or pass away, especially suddenly or unexpectedly.",Refusing to participate or continue.,"To be no longer a part of or responsible for (a financial obligation, in this case, the family).",0.0100179724395275,0.0646776407957077,0.0726286247372627,0.0491080793241659,0.0100179724395275,0.0340856550266979
1251,"Doctor, I’m worried about my grandmother—she’s been so weak and confused lately, I’m scared she might be boxed up and stored before we can get her help.",boxed up,boxed up,is_multiword,0,18,18|19,1,0.5844569470112522,0,1.0,,,,,,,,,,,,,,,,,,,,,,,,,,,,,,,"Placed in a coffin or other container for burial or storage, often prematurely.",Metaphorically detained and isolated.,"Confined or enclosed in a container or storage space, often temporarily.",0.0092965764924883,0.6071309447288513,0.6302016377449036,0.4155430529887478,0.0092965764924883,0.3520088265488233
1252,"My husband hasn’t woken up since his fall last night, and I’m terrified we’re going to find him boxed up and stored if you don’t do something fast.",we’re going,we're going,is_multiword,0,13,13|14,1,0.8241792364666859,1,1.0,,,,,,,,,,,,,,,,,,,,,,,,,,,,,,,implying urgency or a sense of inevitability.,We are going to be found.,"Expressing a potential future situation or event, often indicating a concern or warning.",0.0868054330348968,0.4308073222637176,0.0098495353013277,0.175820763533314,0.0098495353013277,0.2241520943441641
1257,My son's high fever just won't go away no matter what medicine we give him.,just won't,just won't,is_multiword,0,4,4|5,1,0.5284204880396526,0,1.0,,,,,,,,,,,,,,,,,,,,,,,,,,,,,,,"Refusing to do something, in this case, the fever is persisting despite efforts to alleviate it.",used to emphasize unwillingness or persistence.,Persists despite efforts or attempts to change or resolve it.,0.3037036061286926,0.5458953380584717,0.5651395916938782,0.4715795119603475,0.3037036061286926,0.1457028659415969
1257,My son's high fever just won't go away no matter what medicine we give him.,just won't go,just won't go,is_multiword,0,4,4|5|6,1,0.1931416591008504,0,1.0,,,,,,,,,,,,,,,,,,,,,,,,,,,,,,,Refusing to disappear or subside; persisting stubbornly despite efforts to alleviate or eliminate it.,indicates persistence despite efforts.,Persists despite efforts to resolve or change.,0.767318069934845,0.8153515458106995,0.8379054069519043,0.8068583408991495,0.767318069934845,0.0360519615838328
1257,My son's high fever just won't go away no matter what medicine we give him.,just won't go away,just won't go away,is_multiword,0,4,4|5|6|7,1,0.0778429905573526,0,1.0,,,,,,,,,,,,,,,,,,,,,,,,,,,,,,,Persisting or continuing to exist despite efforts to eliminate or alleviate it.,Persist despite attempts to alleviate it.,Persists despite efforts to resolve or subside.,0.9325466752052308,0.9003161191940308,0.9336082339286804,0.9221570094426472,0.9003161191940308,0.018922211600918
1257,My son's high fever just won't go away no matter what medicine we give him.,won't go,won't go,is_multiword,0,5,5|6,1,0.3858421444892883,0,1.0,,,,,,,,,,,,,,,,,,,,,,,,,,,,,,,Refuse to disappear or subside.,will not cease or disappear.,Persists in not occurring or changing despite efforts made to cause it to do so.,0.8903955817222595,0.3870385885238647,0.5650393962860107,0.6141578555107117,0.3870385885238647,0.2552479832004333
1257,My son's high fever just won't go away no matter what medicine we give him.,won't go away,won't go away,is_multiword,0,5,5|6|7,1,0.3009156386057535,0,1.0,,,,,,,,,,,,,,,,,,,,,,,,,,,,,,,Remains or persists without improvement or resolution.,Persist despite treatment efforts.,Persists or remains unchanged despite efforts to resolve or alleviate.,0.581354558467865,0.8099664449691772,0.705932080745697,0.6990843613942465,0.581354558467865,0.114459674591794
1257,My son's high fever just won't go away no matter what medicine we give him.,go away,go away,is_multiword,1,6,6|7,1,0.4675978521505991,0,1.0,,,,,,,,,,,,,,,,,,,,,,,,,,,,,,,"To decrease or disappear, especially a symptom like fever, often requiring medical treatment or time.",disappear or cease,"Disappear or subside, as in resolving or ceasing to exist.",0.3582985699176788,0.3525115251541137,0.8863963484764099,0.5324021478494009,0.3525115251541137,0.3065816253951633
1258,"Doctor, my mother's breathing has gotten so shallow and her pulse is weak—I think we're looking at the final payoff from her lung condition.",looking at,looking at,is_multiword,0,16,16|17,1,0.403339942296346,0,1.0,,,,,,,,,,,,,,,,,,,,,,,,,,,,,,,"Considering the context, ""looking at"" means observing or anticipating the outcome or consequences of a situation.",Considering or observing the outcome.,"Considering the context, ""looking at"" refers to anticipating or observing a potential outcome or situation. In this case, it implies the speaker is expecting the consequences of her mother's lung",0.8235805630683899,0.6238401532173157,0.3425594568252563,0.5966600577036539,0.3425594568252563,0.2416596663842372
1258,"Doctor, my mother's breathing has gotten so shallow and her pulse is weak—I think we're looking at the final payoff from her lung condition.",payoff from,payoff from,is_multiword,0,20,20|21,1,0.4361578027407328,0,1.0,,,,,,,,,,,,,,,,,,,,,,,,,,,,,,,The last and most severe stage or consequence of a disease or condition.,Outcome resulting from the condition.,Compensation or consequence resulting from a previous action or condition.,0.5837470293045044,0.326241135597229,0.7815384268760681,0.5638421972592672,0.326241135597229,0.2283003670945884
1260,"My husband hasn't moved or breathed for the last ten minutes, doctor—it's like he got a pat on the face with a spade.",pat on,pat on,is_multiword,0,17,17|18,1,0.6951774954795837,0,1.0,,,,,,,,,,,,,,,,,,,,,,,,,,,,,,,"A sudden, severe blow or shock, often causing unconsciousness or death.","A light, unexpected hit.","A forceful blow or strike, typically with the flat side of an implement such as a spade.",0.3121839761734009,0.2623551785945892,0.3399283587932586,0.3048225045204162,0.2623551785945892,0.0393070352507929
1261,"Doctor, I'm here with my father—he's been unresponsive since this morning, and honestly, it looks like someone gave him a pat on the face with a spade.",pat on,pat on,is_multiword,0,21,21|22,1,0.5685690939426422,0,1.0,,,,,,,,,,,,,,,,,,,,,,,,,,,,,,,"A blow or strike, typically with a blunt object, causing injury or harm.","A light, informal strike, often playful or accidental.","A forceful blow, typically with the flat side of an object, such as a spade.",0.352828711271286,0.6579886674880981,0.2834753394126892,0.4314309060573578,0.2834753394126892,0.1992455444807246
1262,"My mother hasn't woken up since last night, and the nurse said her vitals are gone—please tell me she didn't lose a medical decision.",vitals are,vitals are,is_multiword,0,13,13|14,1,0.3030971884727478,0,1.0,,,,,,,,,,,,,,,,,,,,,,,,,,,,,,,"Life signs, such as pulse, breathing, and blood pressure, that indicate a person's health and well-being.",Life-sustaining signs indicating health status.,"Physiological signs (such as pulse, blood pressure, temperature, and respiratory rate) that indicate a person's overall health status.",0.671297013759613,0.8598810434341431,0.5595303773880005,0.6969028115272522,0.5595303773880005,0.151803732852912
1262,"My mother hasn't woken up since last night, and the nurse said her vitals are gone—please tell me she didn't lose a medical decision.",vitals are gone,vitals are gone,is_multiword,0,13,13|14|15,1,0.6546531965335209,0,1.0,,,,,,,,,,,,,,,,,,,,,,,,,,,,,,,"Cardiac and respiratory functions have ceased, indicating the patient is clinically dead.",Signs of life have ceased.,"Heart rate, blood pressure, breathing rate, and pulse oximetry readings are absent or abnormal, indicating a critical health condition.",0.5780448913574219,0.3833360970020294,0.0746594220399856,0.345346803466479,0.0746594220399856,0.2538338482107568
1262,"My mother hasn't woken up since last night, and the nurse said her vitals are gone—please tell me she didn't lose a medical decision.",are gone,are gone,is_multiword,0,14,14|15,1,0.5531630317370098,0,1.0,,,,,,,,,,,,,,,,,,,,,,,,,,,,,,,"ceased to be measurable or detectable, indicating a life-threatening or fatal condition.",Indicating cessation of vital signs.,"Absent or no longer detectable (in this case, referring to a patient's vital signs, such as heart rate, blood pressure, etc.)",0.4116859436035156,0.2980461120605469,0.6307788491249084,0.4468369682629903,0.2980461120605469,0.1691285442482836
1264,"Doctor, after what happened to my mom, I think we need to call off the bets—she's not waking up at all.",call off,call off,is_multiword,0,12,12|13,1,0.421349823474884,0,1.0,,,,,,,,,,,,,,,,,,,,,,,,,,,,,,,"Cancel or withdraw, especially a wager or an agreement, due to a change in circumstances.",Cancel or terminate the bets.,"To cancel or postpone, typically in a situation where an action or event is no longer appropriate or feasible.",0.7002789378166199,0.6062985062599182,0.4293730854988098,0.578650176525116,0.4293730854988098,0.1375529636462008
1264,"Doctor, after what happened to my mom, I think we need to call off the bets—she's not waking up at all.",not waking,not waking,is_multiword,0,17,17|18,1,0.3652078211307525,0,1.0,,,,,,,,,,,,,,,,,,,,,,,,,,,,,,,"Remaining in a state of unconsciousness or unresponsiveness, without any signs of regaining awareness or movement.",Refusing to regain consciousness.,Unresponsive to stimuli; not conscious or awake.,0.7116074562072754,0.7398215532302856,0.4529475271701813,0.6347921788692474,0.4529475271701813,0.1581126713181836
1265,"My grandpa keeps saying he's ready to buy the farm, but I think his cough is just a bad cold, not the end.",grandpa keeps,grandpa keeps,is_multiword,0,1,1|2,1,0.9623488563423356,1,1.0,,,,,,,,,,,,,,,,,,,,,,,,,,,,,,,"A close relative, typically male, who is older and considered to be a source of wisdom or authority.",Refers to the speaker's father's father.,Grandpa repeatedly maintains a consistent state or condition.,0.0942006111145019,0.0091690458357334,0.009583774022758,0.0376511436576644,0.0091690458357334,0.0489737143997289
1270,"Doctor, when I checked on my grandpa this morning, his leg was all cold and bung out—I think he might have had a stroke in his sleep.",bung out,bung out,is_multiword,1,15,15|16,1,0.5381354838609695,0,1.0,,,,,,,,,,,,,,,,,,,,,,,,,,,,,,,"Swollen or severely distorted, often due to injury or illness.",Excessively swollen or protruding.,"Protruding abnormally or out of place, especially a limb.",0.6663945317268372,0.156900480389595,0.5622985363006592,0.4618645161390304,0.156900480389595,0.2691863506780738
1272,"Doctor, I’m worried about my grandpa—he’s been so weak lately, and I’m scared he might cash in any day now.",cash in,cash in,is_multiword,1,16,16|17,1,0.8106212501103679,1,1.0,,,,,,,,,,,,,,,,,,,,,,,,,,,,,,,"to die or pass away, especially suddenly or unexpectedly.","Die offensively, end one's life.","To use or spend (money, a chip, etc.) in exchange for something, especially when it is a final or decisive action.",0.5371579527854919,0.0132522964850068,0.0177260003983974,0.189378749889632,0.0132522964850068,0.3011939308515958
1284,"My husband was in so much pain last night, and now he's just resting easy—can you check on him?",so much,so much,is_multiword,0,4,4|5,1,0.4704699218273163,0,1.0,,,,,,,,,,,,,,,,,,,,,,,,,,,,,,,To a great or considerable extent.,To an extreme degree.,Extremely great or considerable amount of pain.,0.7667883634567261,0.3656187057495117,0.4561831653118133,0.5295300781726837,0.3656187057495117,0.2104022356960495
1286,"Doctor, my mother's heart condition has gotten worse, and she keeps saying she's ready to exit for good—please, can you do something?",gotten worse,gotten worse,is_multiword,0,6,6|7,1,0.6268832584222157,0,1.0,,,,,,,,,,,,,,,,,,,,,,,,,,,,,,,"Become more severe or serious, requiring more urgent medical attention.",Degraded in condition or state.,Deteriorated or worsened in condition or state.,0.103983923792839,0.1832479685544967,0.8321183323860168,0.3731167415777842,0.103983923792839,0.3994778372718074
1287,"Doctor, my father has been so weak lately, and his breathing is so shallow—I'm terrified he might exit for good if this keeps up.",exit for,exit for,is_multiword,0,18,18|19,1,0.4146143893400827,0,1.0,,,,,,,,,,,,,,,,,,,,,,,,,,,,,,,leave this life or die.,"Depart permanently, especially from life.",To cease to be present or continue in a particular place or situation permanently.,0.6342906355857849,0.4809459745883941,0.6409202218055725,0.5853856106599172,0.4809459745883941,0.090508099308435
1287,"Doctor, my father has been so weak lately, and his breathing is so shallow—I'm terrified he might exit for good if this keeps up.",exit for good,exit for good,is_multiword,1,18,18|19|20,1,0.1074260274569193,0,1.0,,,,,,,,,,,,,,,,,,,,,,,,,,,,,,,"Leave this life permanently, die.","Death, permanently leaving life.",Permanently leave or die.,0.9492411017417908,0.8567174673080444,0.8717633485794067,0.8925739725430807,0.8567174673080444,0.0496484368789739
1287,"Doctor, my father has been so weak lately, and his breathing is so shallow—I'm terrified he might exit for good if this keeps up.",for good,for good,is_multiword,0,19,19|20,1,0.3324028054873148,0,1.0,,,,,,,,,,,,,,,,,,,,,,,,,,,,,,,Permanently or until death.,Permanently or finally.,"Permanently, without returning.",0.6682069301605225,0.6498605012893677,0.6847241520881653,0.6675971945126852,0.6498605012893677,0.0174398213845586
1289,"""Doc, I keep finding blue birds in my garden every morning—last week I found three, and now I'm worried there's something wrong with my heart.""",keep finding,keep finding,is_multiword,0,2,2|3,1,0.065349797407786,0,1.0,,,,,,,,,,,,,,,,,,,,,,,,,,,,,,,Continuously discover or encounter.,Continuously discovering or encountering repeatedly.,Repeatedly discovering or observing something over a period of time.,0.9285584092140198,0.9380335807800292,0.9373586177825928,0.934650202592214,0.9285584092140198,0.0052864310913824
1290,"Doctor, I checked on my husband this morning and he was completely burn out—no pulse, no breathing, just gone.",burn out,burn out,is_multiword,1,12,12|13,1,0.3675481975078583,0,1.0,,,,,,,,,,,,,,,,,,,,,,,,,,,,,,,"A state of extreme physical or mental exhaustion, often resulting in a complete loss of energy or responsiveness.","Extreme fatigue from stress, here mistakenly used for clinical death.","Exhausted or depleted, especially metaphorically, often referring to a state of emotional, mental, or physical exhaustion. In this context, it is used metaphorically to describe the",0.5649209022521973,0.843021810054779,0.4894126951694488,0.6324518024921417,0.4894126951694488,0.1862261216851966
1291,"My son found our father in his chair, already burn out by the time the ambulance arrived.",burn out,burn out,is_multiword,1,9,9|10,1,0.2244415879249572,0,1.0,,,,,,,,,,,,,,,,,,,,,,,,,,,,,,,"Physically exhausted or extremely tired, often due to prolonged mental or physical strain.",Exhausted to the point of collapse.,"Exhausted or depleted, often metaphorically referring to a state of physical, emotional, or mental exhaustion.",0.7104189395904541,0.8569033145904541,0.75935298204422,0.7755584120750427,0.7104189395904541,0.0745746605868781
1292,"Doctor, my husband's been complaining of chest pain for days and now he's just lying there so still—I'm scared he might be salted away.",salted away,salted away,is_multiword,0,23,23|24,1,0.4181015888849894,0,1.0,,,,,,,,,,,,,,,,,,,,,,,,,,,,,,,"Presumably dead or deceased, and possibly hidden or concealed, often in a secret or hidden location.","Metaphorically, put to rest; often used for the dead.","Preserved or buried, often in an informal or metaphorical sense, implying death or being out of reach.",0.2906804084777832,0.6965405941009521,0.7584742307662964,0.5818984111150106,0.2906804084777832,0.2540962172734196
1293,"Doctor, my husband's breathing is so shallow and weak—it looks like he's pegging out right in front of me.",pegging out,pegging out,is_multiword,1,13,13|14,1,0.4639843503634134,0,1.0,,,,,,,,,,,,,,,,,,,,,,,,,,,,,,,"Falling into a coma or dying, often used to describe a sudden and severe deterioration in a person's health.",Describing someone as dying or nearly dying.,"Expiring, dying, or appearing to be near death.",0.6116375923156738,0.3502869009971618,0.6461224555969238,0.5360156496365865,0.3502869009971618,0.1617673561082598
1294,"Doctor, my father's been sleeping all day and barely eating—I'm scared he's pegging out on us.",barely eating,barely eating,is_multiword,0,8,8|9,1,0.1043449640274047,0,1.0,,,,,,,,,,,,,,,,,,,,,,,,,,,,,,,"Consuming food in very small amounts, often less than usual.",Eating very little or scarcely.,Consuming food sparingly or less than usual.,0.8642033934593201,0.9393010139465332,0.8834607005119324,0.8956550359725952,0.8642033934593201,0.0390056343840958
1294,"Doctor, my father's been sleeping all day and barely eating—I'm scared he's pegging out on us.",pegging out,pegging out,is_multiword,1,13,13|14,1,0.4117889602979024,1,1.0,,,,,,,,,,,,,,,,,,,,,,,,,,,,,,,Falling seriously ill or dying.,Referring to dying or passing away.,"Deteriorating severely, approaching death.",0.6553012132644653,0.6472989320755005,0.4620329737663269,0.5882110397020975,0.4620329737663269,0.109346638578996
1296,"Doctor, I'm here with my mother—she's been sleeping almost all day and barely eats, and I'm terrified this might be her final summons.",final summons,final summons,is_multiword,1,22,22|23,1,0.5204219818115234,0,1.0,,,,,,,,,,,,,,,,,,,,,,,,,,,,,,,A person's last illness or a doctor's visit that may result in their death.,Deathbed or last warning.,"Terminal or imminent end-of-life event, often used in a medical context to refer to a patient's last call or request for assistance.",0.2966998815536499,0.5319925546646118,0.610041618347168,0.4795780181884765,0.2966998815536499,0.1631141432546567
1297,"Doctor, my son keeps telling his classmates that their hamster got installed in furnace, and the teacher said we need to talk about how he's processing loss.",hamster got,hamster got,is_multiword,0,9,9|10,1,0.882318881029884,1,1.0,,,,,,,,,,,,,,,,,,,,,,,,,,,,,,,"A deceased pet, likely a hamster, whose death the child is struggling to cope with.",Refers to the pet hamster being mistakenly believed to be placed in the furnace.,"Installed (in this context) refers to an incorrect or metaphorical use of the term, meaning placed or put in a location where it does not belong, often implying a serious mistake or",0.3000785112380981,0.0090960543602705,0.0438687913119792,0.1176811189701159,0.0090960543602705,0.1589147329179969
1302,"My wife's been feeling so weak lately, and with her heart condition, I keep thinking she's about to have the last payday.",keep thinking,keep thinking,is_multiword,0,13,13|14,1,0.3187977075576782,0,1.0,,,,,,,,,,,,,,,,,,,,,,,,,,,,,,,"Continuously consider or suppose something, often with a sense of anxiety or concern.",Continuously pondering or worrying about something.,Mentally speculating or assuming repeatedly.,0.8870370388031006,0.610112190246582,0.5464576482772827,0.6812022924423218,0.5464576482772827,0.181077144569338
1302,"My wife's been feeling so weak lately, and with her heart condition, I keep thinking she's about to have the last payday.",keep thinking she's,keep thinking she's,is_multiword,0,13,13|14|15,1,0.376786063114802,0,1.0,,,,,,,,,,,,,,,,,,,,,,,,,,,,,,,speculate or assume something will happen.,Continuously believing or imagining something即将出现的内容与提供的选项不匹配。我将根据给出的指令和要求继续完成任务。连续认为或想象某事。,"Anticipate, expect, or believe that something is about to happen.",0.5096626281738281,0.893003523349762,0.4669756591320038,0.623213936885198,0.4669756591320038,0.2346174760222152
1302,"My wife's been feeling so weak lately, and with her heart condition, I keep thinking she's about to have the last payday.",thinking she's,thinking she's,is_multiword,0,14,14|15,1,0.7708957952757677,1,1.0,,,,,,,,,,,,,,,,,,,,,,,,,,,,,,,"Believing or assuming something is likely to happen, often accompanied by a sense of anxiety or concern.",Believing she is close to death.,"Anticipating, considering as a possibility.",0.1540532559156417,0.5239895582199097,0.0092698000371456,0.2291042047242323,0.0092698000371456,0.2654403719363975
1304,"Doctor, I'm completely conflummoxed—I've been feeling fine, but the machine keeps showing no pulse, what's going on?",conflummoxed I've,conflummoxed i've,is_multiword,0,3,3|4,1,0.1323638558387756,0,1.0,,,,,,,,,,,,,,,,,,,,,,,,,,,,,,,Utterly perplexed or bewildered.,Feeling extremely confused or perplexed.,"Perplexed, confused, or bewildered, especially in a state of uncertainty or difficulty.",0.9404715895652772,0.831709623336792,0.830727219581604,0.8676361441612244,0.830727219581604,0.0630792585537402
1304,"Doctor, I'm completely conflummoxed—I've been feeling fine, but the machine keeps showing no pulse, what's going on?",conflummoxed I've been,conflummoxed i've been,is_multiword,0,3,3|4|5,1,0.3319251934687296,0,1.0,,,,,,,,,,,,,,,,,,,,,,,,,,,,,,,"Perplexed or confused, having been in a state of normal health.",Feeling extremely confused or perplexed.,"Perplexed, confused, or bewildered, especially due to a lack of understanding or clarity.",0.6155458092689514,0.6336812973022461,0.7549973130226135,0.6680748065312704,0.6155458092689514,0.0758212739447487
1304,"Doctor, I'm completely conflummoxed—I've been feeling fine, but the machine keeps showing no pulse, what's going on?",conflummoxed I've been feeling,conflummoxed i've been feeling,is_multiword,0,3,3|4|5|6,1,0.2437458038330078,0,1.0,,,,,,,,,,,,,,,,,,,,,,,,,,,,,,,"Perplexed and confused, having no clear understanding of a situation.",Feeling extremely confused or perplexed.,"Perplexed, confused, or bewildered, despite feeling fine.",0.8850541710853577,0.6762070655822754,0.7075013518333435,0.7562541961669922,0.6762070655822754,0.1126361764364346
1304,"Doctor, I'm completely conflummoxed—I've been feeling fine, but the machine keeps showing no pulse, what's going on?",I've been,i've been,is_multiword,0,4,4|5,1,0.4590966502825419,0,1.0,,,,,,,,,,,,,,,,,,,,,,,,,,,,,,,"Having been in a state or condition for some time, especially since a particular point in the past.",I have been experiencing.,"The phrase ""I've been"" in this context refers to the continuous or ongoing state of the speaker, indicating that they have been in a particular condition for a period of time.",0.28463876247406,0.8184767961502075,0.5195944905281067,0.5409033497174581,0.28463876247406,0.2675561850523504
1304,"Doctor, I'm completely conflummoxed—I've been feeling fine, but the machine keeps showing no pulse, what's going on?",I've been feeling,i've been feeling,is_multiword,0,4,4|5|6,1,0.5101374089717865,0,1.0,,,,,,,,,,,,,,,,,,,,,,,,,,,,,,,Experiencing a normal state of physical and mental health.,Indicating ongoing physical well-being.,Experiencing or continuing to have a particular sensation or state over a period of time.,0.7483754754066467,0.4725813269615173,0.2486309707164764,0.4898625910282135,0.2486309707164764,0.2503200432602492
1304,"Doctor, I'm completely conflummoxed—I've been feeling fine, but the machine keeps showing no pulse, what's going on?",been feeling,been feeling,is_multiword,0,5,5|6,1,0.4754087875286737,0,1.0,,,,,,,,,,,,,,,,,,,,,,,,,,,,,,,Experienced a normal state of health and well-being.,Have been experiencing or sensing.,Experiencing or continuing in a state of well-being or health.,0.2221023291349411,0.8797965049743652,0.4718748033046722,0.5245912124713262,0.2221023291349411,0.3320010121668975
1306,"Doctor, my mother keeps saying she feels like she's going to croak any day now, and her breathing has gotten really shallow.",gotten really,gotten really,is_multiword,0,19,19|20,1,0.6699663003285725,0,1.0,,,,,,,,,,,,,,,,,,,,,,,,,,,,,,,become noticeably worse or more severe.,Become; come to be.,"Become noticeably or significantly deeper or slower, often in a negative or concerning sense (as in breathing).",0.1674582064151764,0.2960681617259979,0.5265747308731079,0.3300336996714274,0.1674582064151764,0.1819516772679709
1307,"Doctor, I found my wife in bed and I had to call it a night—she wasn't responding at all, and her pulse was gone.",it a,it a,is_multiword,0,12,12|13,1,0.6818915121257305,0,1.0,,,,,,,,,,,,,,,,,,,,,,,,,,,,,,,a point in time when an activity or situation is ended or terminated.,Referring to going to sleep for the night.,"To refer to the act of ending or terminating something, as in the sentence, ""I had to call it a night."" (verb phrase)",0.0229261182248592,0.5287374258041382,0.402661919593811,0.3181084878742695,0.0229261182248592,0.2632930531374277
1308,"Doctor, when I checked on my father this morning, I had to call it a night—he wasn't breathing and his skin was cold.",it a,it a,is_multiword,0,13,13|14,1,0.9243766457463304,0,1.0,,,,,,,,,,,,,,,,,,,,,,,,,,,,,,,a point in time when a task or activity is stopped or ended.,Referring to calling an ambulance or ending the visit.,"Pronoun used as an informal expression for 'it is', indicating a situation or state.",0.2000964432954788,0.0169945787638425,0.0097790407016873,0.0756233542536695,0.0097790407016873,0.1078572131064456
1315,"Doctor, my wife's been feeling totally burned out for weeks—no energy, no appetite—I'm scared she's just going to burn out on us completely.",totally burned,totally burned,is_multiword,0,5,5|6,1,0.1544049382209777,0,1.0,,,,,,,,,,,,,,,,,,,,,,,,,,,,,,,"Extremely exhausted and mentally drained, lacking motivation and energy.",Extremely exhausted and lacking energy.,"Exhausted to the point of incapacity, with no energy or vitality.",0.8143168687820435,0.8460332751274109,0.8764350414276123,0.8455950617790222,0.8143168687820435,0.0310614047720028
1315,"Doctor, my wife's been feeling totally burned out for weeks—no energy, no appetite—I'm scared she's just going to burn out on us completely.",just going,just going,is_multiword,0,17,17|18,1,0.8739061330755552,0,1.0,,,,,,,,,,,,,,,,,,,,,,,,,,,,,,,"Continuing to deteriorate or lose strength, especially in a relationship.","simply, merely","Approaching an end, exhausting, depleting, or nearing a conclusion.",0.0202166363596916,0.2266570478677749,0.1314079165458679,0.1260938669244448,0.0202166363596916,0.1033227478266083
1316,"Doctor, my husband's been feeling terrible for months and now the latest scan shows it's hit the rocks—we're here to discuss the next steps.",rocks we're,rocks we're,is_multiword,0,17,17|18,1,0.7615455177923044,1,1.0,,,,,,,,,,,,,,,,,,,,,,,,,,,,,,,"Metaphorical expression referring to a critical or precarious situation, especially one that has reached a turning point or a point of no return.",Metaphorically indicates a severe worsening condition.,"A geological term is inappropriate here. In this context, ""rocks"" is a colloquialism for a serious problem or a difficult situation.",0.4563238024711609,0.2474130243062973,0.0116266198456287,0.2384544822076956,0.0116266198456287,0.2224839042856151
1320,"Doctor, I’m worried about my dad—he’s been sleeping all day and barely eating, and I’m scared we might get the call any day now.",barely eating,barely eating,is_multiword,0,12,12|13,1,0.0909095406532287,0,1.0,,,,,,,,,,,,,,,,,,,,,,,,,,,,,,,Consume very little food.,Infrequent or minimal food consumption.,Consuming food in minimal or insufficient quantities.,0.9226893186569214,0.9217578768730164,0.882824182510376,0.9090904593467712,0.882824182510376,0.0227520300211611
1322,"Doctor, my husband has been complaining of chest pain for three days and he's terrified he's going to get the big one before you can see him.",big one,big one,is_multiword,0,20,20|21,1,0.3312841057777405,1,1.0,,,,,,,,,,,,,,,,,,,,,,,,,,,,,,,"A heart attack, typically a severe and potentially fatal event caused by a blockage in the coronary arteries.",Refers to a severe or fatal heart attack.,Myocardial infarction (heart attack),0.7175104022026062,0.6698487401008606,0.6187885403633118,0.6687158942222595,0.6187885403633118,0.0493706796195138
1323,"Doctor, my son's been feeling terrible all week—I think we might be looking at a coil up the cable situation with that lump in his neck.",coil up,coil up,is_multiword,0,16,16|17,1,0.7507046684622765,0,1.0,,,,,,,,,,,,,,,,,,,,,,,,,,,,,,,"A coil or knot forming in the neck, possibly indicating a serious medical issue such as a tumor.",A misdiagnosis or misunderstanding of symptoms.,"To coil up refers to winding or twisting a cable or cord into a spiral shape. In this context, it implies a malfunction or entanglement of a cable within the neck",0.0918750315904617,0.5549631118774414,0.1010478511452674,0.2492953315377235,0.0918750315904617,0.2647557914531876
1328,"Doctor, I'm afraid my husband is completely dished—he's been unresponsive since the fall and his pupils are fixed.",dished he's,dished he's,is_multiword,0,7,7|8,1,0.6542343922580283,0,1.0,,,,,,,,,,,,,,,,,,,,,,,,,,,,,,,"Completely incapacitated or severely impaired, often due to a serious injury or illness.",Completely incapacitated or unconscious.,"Sunken or concave, as in a body part (e.g., eye) due to injury or illness.",0.5913213491439819,0.4331065118312835,0.0128689622506499,0.3457656077419718,0.0128689622506499,0.2989533678034118
1329,"Doctor, I'm worried about my elderly mother—she's been so weak and confused lately, I'm scared she might kick the bucket any day now.",kick the,kick the,is_multiword,0,18,18|19,1,0.4444401959578196,0,1.0,,,,,,,,,,,,,,,,,,,,,,,,,,,,,,,to die or pass away.,Expresses fear of death.,"To pass away, die.",0.4265943765640259,0.927213191986084,0.3128718435764313,0.5555598040421804,0.3128718435764313,0.3268453521237757
1329,"Doctor, I'm worried about my elderly mother—she's been so weak and confused lately, I'm scared she might kick the bucket any day now.",kick the bucket,kick the bucket,is_multiword,1,18,18|19|20,1,0.2904438376426697,0,1.0,,,,,,,,,,,,,,,,,,,,,,,,,,,,,,,"To die or pass away, often used in a casual or informal manner.","To die, often suddenly or unexpectedly.",To die or pass away.,0.6506730914115906,0.8165687918663025,0.6614266037940979,0.7095561623573303,0.6506730914115906,0.0928314960719614
1329,"Doctor, I'm worried about my elderly mother—she's been so weak and confused lately, I'm scared she might kick the bucket any day now.",the bucket,the bucket,is_multiword,0,19,19|20,1,0.3964319229125976,0,1.0,,,,,,,,,,,,,,,,,,,,,,,,,,,,,,,"A euphemism for death, referring to the end of a person's life.",A colloquial term for death.,"A container used for disposal of waste, especially human remains. (In this context, a metaphorical expression for death.)",0.81132572889328,0.4877331256866455,0.5116453766822815,0.6035680770874023,0.4877331256866455,0.1803202161429461
1332,"My husband's been so unresponsive this morning, I think he might have checked out during the night.",checked out,checked out,is_multiword,1,12,12|13,1,0.6996784092237551,0,1.0,,,,,,,,,,,,,,,,,,,,,,,,,,,,,,,"Left a place or situation, especially a hotel or a relationship, without paying or without intending to return.",Detached from emotional connection or awareness.,"Abandoned or disengaged, often in a hotel context, but in this case, metaphorically indicating emotional withdrawal.",0.0094033237546682,0.5149680376052856,0.3765934109687805,0.3003215907762448,0.0094033237546682,0.2612699042931007
1333,"My husband collapsed at the grocery store and when I got to him, he was already a kiss-off, just gone.",got to,got to,is_multiword,0,10,10|11,1,0.1985675493876139,0,1.0,,,,,,,,,,,,,,,,,,,,,,,,,,,,,,,Arrived at or reached the location of someone or something.,Arrived at; reached him.,Arrived or reached a specific location.,0.8406082391738892,0.9161451458930968,0.6475439667701721,0.8014324506123861,0.6475439667701721,0.1385196923315168
1333,"My husband collapsed at the grocery store and when I got to him, he was already a kiss-off, just gone.",a kiss-off,a kiss-off,is_multiword,0,16,16|17,1,0.7251390262196462,0,1.0,,,,,,,,,,,,,,,,,,,,,,,,,,,,,,,"A person who has been rejected or dismissed, often in a sudden or abrupt manner.",Refused to be consoled or interacted with.,"Sudden departure, often without explanation or warning.",0.2592998445034027,0.5565626621246338,0.008720414713025,0.2748609737803538,0.008720414713025,0.2742524267359015
1335,"Doctor, we’ve done all the tests you asked for—could this be the moment to fire the last shot and tell us what’s really going on with my mother’s lungs?",asked for,asked for,is_multiword,0,7,7|8,1,0.2275780836741129,0,1.0,,,,,,,,,,,,,,,,,,,,,,,,,,,,,,,"Requested or required as a necessary step or action, typically in a formal or official context.",requested (something needed or desired),Requested; requested the performance of a specific action or the provision of certain information.,0.7525392174720764,0.7617835402488708,0.8029429912567139,0.7724219163258871,0.7525392174720764,0.0268331210838442
1337,"Doctor, my husband hasn't woken up since last night, and I'm terrified he's shuffled out of the deck.",shuffled out,shuffled out,is_multiword,0,13,13|14,1,0.7569452648361524,1,1.0,,,,,,,,,,,,,,,,,,,,,,,,,,,,,,,"Removed from a place of importance or relevance, often implying death or dismissal.","Moved quietly and suddenly, implying death.","Departed or moved away, often in an uncontrolled or disorganized manner, typically in a group.",0.4230975210666656,0.0585791394114494,0.2474875450134277,0.2430547351638476,0.0585791394114494,0.1822996159993387
1337,"Doctor, my husband hasn't woken up since last night, and I'm terrified he's shuffled out of the deck.",shuffled out of,shuffled out of,is_multiword,0,13,13|14|15,1,0.4793924589951833,0,1.0,,,,,,,,,,,,,,,,,,,,,,,,,,,,,,,"Removed or died, often unexpectedly, leaving no survivors.",Departed quietly or unexpectedly.,"Departed or moved away from a location, often in an uncontrolled or unnoticed manner.",0.4896760582923889,0.2720749676227569,0.8000715970993042,0.5206075410048167,0.2720749676227569,0.2653538725018734
1337,"Doctor, my husband hasn't woken up since last night, and I'm terrified he's shuffled out of the deck.",out of,out of,is_multiword,0,14,14|15,1,0.6250306020180385,0,1.0,,,,,,,,,,,,,,,,,,,,,,,,,,,,,,,"Removed from a place or position, especially one that is considered safe or secure.","Departed from, left physically or metaphorically.","Exited or departed from a specific location, often unintentionally or unexpectedly.",0.143362894654274,0.2822053134441376,0.6993399858474731,0.3749693979819615,0.143362894654274,0.2893639801668793
1342,"Doctor, my mother's breathing is so shallow and her pulse is barely there—please tell me she's not going to receive the last applause.",barely there,barely there,is_multiword,0,11,11|12,1,0.4369016289710998,0,1.0,,,,,,,,,,,,,,,,,,,,,,,,,,,,,,,"Existing or perceivable only to a slight degree, not entirely absent but almost imperceptible.",Almost non-existent or imperceptible.,Present in a minimal or insignificant amount.,0.6364858150482178,0.6631640791893005,0.3896452188491821,0.5630983710289001,0.3896452188491821,0.150805933057044
1342,"Doctor, my mother's breathing is so shallow and her pulse is barely there—please tell me she's not going to receive the last applause.",she's not,she's not,is_multiword,0,16,16|17,1,0.8169327403108279,0,1.0,,,,,,,,,,,,,,,,,,,,,,,,,,,,,,,indicating that something is about to happen or occur for the last time.,Indicating death or a critical condition.,Not imminently experiencing the event of receiving applause.,0.4790141582489013,0.0605353713035583,0.0096522495150566,0.1830672596891721,0.0096522495150566,0.2575571744216764
1342,"Doctor, my mother's breathing is so shallow and her pulse is barely there—please tell me she's not going to receive the last applause.",she's not going,she's not going,is_multiword,0,16,16|17|18,1,0.872215712753435,1,1.0,,,,,,,,,,,,,,,,,,,,,,,,,,,,,,,"Receive one's final recognition or tribute before death, often in a dramatic or emotional context.",Indicating death or terminal condition.,"Not experiencing or receiving something, in this case, applause.",0.2719883918762207,0.1024060025811195,0.0089584672823548,0.127784287246565,0.0089584672823548,0.133338772708406
1342,"Doctor, my mother's breathing is so shallow and her pulse is barely there—please tell me she's not going to receive the last applause.",not going,not going,is_multiword,0,17,17|18,1,0.7612427038451036,0,1.0,,,,,,,,,,,,,,,,,,,,,,,,,,,,,,,"Marking the end of something, especially a person's life, in a final or conclusive manner.",Referring to death or a negative outcome.,"Not going refers to a situation where someone or something is not moving towards a particular destination or event, in this case, a person (mother) not moving towards receiving applause.",0.6678704619407654,0.02156338468194,0.0268380418419837,0.2387572961548964,0.02156338468194,0.3716322608306725
1356,"My mother was in so much pain from the cancer, and when she finally went this morning, I just kept thinking she's out of misery.",so much,so much,is_multiword,0,4,4|5,1,0.6018939117590587,1,1.0,,,,,,,,,,,,,,,,,,,,,,,,,,,,,,,To a great or considerable extent.,To an extreme degree.,"Extremely great or intense, as in the degree of pain experienced by the mother due to cancer.",0.7667878866195679,0.0678929388523101,0.359637439250946,0.3981060882409413,0.0678929388523101,0.3510319283483855
1356,"My mother was in so much pain from the cancer, and when she finally went this morning, I just kept thinking she's out of misery.",just kept,just kept,is_multiword,0,18,18|19,1,0.2515930732091268,0,1.0,,,,,,,,,,,,,,,,,,,,,,,,,,,,,,,"Continued to do something, in this case, thinking, without changing one's emotional state or behavior.",Continually repeated thought or action.,"Continued a thought or action persistently, without interruption or pause.",0.6390475034713745,0.719992458820343,0.8861808180809021,0.7484069267908732,0.6390475034713745,0.1259930763574298
1358,"I'm worried about my little boy, he keeps saying his tooth feels like it's going to bite the dust any minute, and he's been running a fever since yesterday.",bite the,bite the,is_multiword,0,16,16|17,1,0.6178846545517445,0,1.0,,,,,,,,,,,,,,,,,,,,,,,,,,,,,,,to fail or come to an end suddenly.,Figurative expression meaning falling out.,"To cease to exist or to fail completely. (In this context, it is a metaphorical expression for the tooth to fall out.)",0.0203079022467136,0.5300434231758118,0.5959947109222412,0.3821153454482555,0.0203079022467136,0.3150648545234469
1359,"Doctor, my husband keeps saying ""what?"" every time I talk to him—I think he's got a case of the cosmetic ear.",keeps saying,keeps saying,is_multiword,0,3,3|4,1,0.3274591167767843,0,1.0,,,,,,,,,,,,,,,,,,,,,,,,,,,,,,,"Continuously repeats the same phrase or sound, often in response to not understanding or hearing something.",Repetitively uttering words or phrases repeatedly.,"Repeatedly uttering or expressing a phrase, in this case ""what?"", in response to speech.",0.6650888919830322,0.6568971276283264,0.6956366300582886,0.6725408832232157,0.6568971276283264,0.0204165715097586
1359,"Doctor, my husband keeps saying ""what?"" every time I talk to him—I think he's got a case of the cosmetic ear.",he's got,he's got,is_multiword,0,14,14|15,1,0.508589078982671,0,1.0,,,,,,,,,,,,,,,,,,,,,,,,,,,,,,,Possesses or suffers from a particular condition.,He has developed a temporary or minor issue affecting his hearing.,"Has (possesses) or is affected by (a condition of) [something not specified in the sentence, but likely a hearing issue, as indicated by the phrase ""every time I talk to",0.3991198241710663,0.5273074507713318,0.5478054881095886,0.4914109210173289,0.3991198241710663,0.0805808742909557
1359,"Doctor, my husband keeps saying ""what?"" every time I talk to him—I think he's got a case of the cosmetic ear.",case of,case of,is_multiword,0,17,17|18,1,0.1617814898490905,0,1.0,,,,,,,,,,,,,,,,,,,,,,,,,,,,,,,A situation or condition where a person exhibits a particular problem or symptom.,Instance or example of a condition.,A specific instance or occurrence of a condition or problem.,0.7415396571159363,0.9061169624328612,0.8669989109039307,0.8382185101509094,0.7415396571159363,0.0859805556912344
1361,"Doctor, I think I’ve got a blind ear in my left side—I can’t hear a thing out of it since yesterday.",thing out,thing out,is_multiword,0,16,16|17,1,0.7241039713844657,0,1.0,,,,,,,,,,,,,,,,,,,,,,,,,,,,,,,"A noticeable or significant aspect, especially one that is unusual or worthy of attention.",Refers to sound or hearing ability.,Audible sensation or sound perceived.,0.0185519158840179,0.0118813691660761,0.7972548007965088,0.2758960286155343,0.0118813691660761,0.4515222597457616
1361,"Doctor, I think I’ve got a blind ear in my left side—I can’t hear a thing out of it since yesterday.",thing out of,thing out of,is_multiword,0,16,16|17|18,1,0.698869454363982,0,1.0,,,,,,,,,,,,,,,,,,,,,,,,,,,,,,,A sound or noise.,Inability to hear.,Audible signals or sounds perceived by the affected ear.,0.1215328946709632,0.4835194051265716,0.2983393371105194,0.3011305456360181,0.1215328946709632,0.181009396363094
1361,"Doctor, I think I’ve got a blind ear in my left side—I can’t hear a thing out of it since yesterday.",out of,out of,is_multiword,0,17,17|18,1,0.9502935484051704,1,1.0,,,,,,,,,,,,,,,,,,,,,,,,,,,,,,,"Located away from or on the opposite side of something, in this case, the ear.",Not from; lacking ability to perceive.,External to; from; without the presence or influence of.,0.0098757147789001,0.0150172859430313,0.1242263540625572,0.0497064515948295,0.0098757147789001,0.0645873117288425
1366,"Doctor, my husband has become a real pudding chef lately—he keeps turning up the TV so loud it shakes the walls, and he didn't even hear me call him for dinner three times.",keeps turning,keeps turning,is_multiword,0,11,11|12,1,0.3309477170308431,1,1.0,,,,,,,,,,,,,,,,,,,,,,,,,,,,,,,"Continuously or repeatedly doing something, especially in a habitual or annoying manner.",Continues to repeatedly do something.,Maintains a consistent action or state over a period of time.,0.7337955236434937,0.6426565647125244,0.6307047605514526,0.6690522829691569,0.6307047605514526,0.0563868496676084
1367,"Doctor, I'm worried about my little boy—he's been ignoring me when I call his name, and I wonder if it's flannel ear starting up.",it's flannel,it's flannel,is_multiword,0,20,20|21,1,0.6780887966354687,0,1.0,,,,,,,,,,,,,,,,,,,,,,,,,,,,,,,"A condition where the ears become inflamed, often due to a cold or infection.",Referring to a condition causing false alarms.,"A condition of inflammation or infection in the ear, often causing discomfort and hearing difficulties.",0.118912473320961,0.7805839776992798,0.0662371590733528,0.3219112033645312,0.0662371590733528,0.3980944707223682
1368,"Doctor, I think my husband's got a bad case of flannel ear—he couldn't hear me shouting from the next room this morning.",husband's got,husband's got,is_multiword,0,4,4|5,1,0.493348071972529,0,1.0,,,,,,,,,,,,,,,,,,,,,,,,,,,,,,,"Possessive pronoun referring to the speaker, indicating the husband belongs to or is associated with the speaker.",Refers to the speaker's spouse.,Husband has a current possession or state.,0.7370585799217224,0.5866896510124207,0.1962075531482696,0.5066519280274709,0.1962075531482696,0.279167487569624
1369,"Doctor, my son hasn't been able to unload for three days and he's been complaining about his tummy hurting.",tummy hurting,tummy hurting,is_multiword,0,17,17|18,1,0.2374689181645711,0,1.0,,,,,,,,,,,,,,,,,,,,,,,,,,,,,,,"Abdominal pain or discomfort, typically referring to stomach or digestive issues.",Abdominal pain or discomfort.,"Abdominal discomfort or pain, typically referring to the stomach area.",0.6749119162559509,0.8630279898643494,0.7496533393859863,0.7625310818354288,0.6749119162559509,0.094716901740955
1374,"My husband has been complaining he can't drain the bunghole properly since his surgery, and he's getting really uncomfortable.",he's getting,he's getting,is_multiword,0,15,15|16,1,0.4986827274163564,0,1.0,,,,,,,,,,,,,,,,,,,,,,,,,,,,,,,"Expressing a growing or increasing state of something, typically a feeling or condition.",He is experiencing increasing discomfort.,"Becoming, in this context, refers to a state of increasing or growing, as in the husband's discomfort.",0.3835465908050537,0.4853530824184418,0.6350521445274353,0.5013172725836436,0.3835465908050537,0.1265104834154999
1374,"My husband has been complaining he can't drain the bunghole properly since his surgery, and he's getting really uncomfortable.",he's getting really,he's getting really,is_multiword,0,15,15|16|17,1,0.1991310119628906,0,1.0,,,,,,,,,,,,,,,,,,,,,,,,,,,,,,,Feeling increasingly uncomfortable or annoyed.,He is experiencing increasing discomfort.,Becoming increasingly distressed or uncomfortable.,0.7970375418663025,0.8170398473739624,0.7885295748710632,0.8008689880371094,0.7885295748710632,0.0146362185815611
1374,"My husband has been complaining he can't drain the bunghole properly since his surgery, and he's getting really uncomfortable.",getting really,getting really,is_multiword,0,16,16|17,1,0.1213051478068033,0,1.0,,,,,,,,,,,,,,,,,,,,,,,,,,,,,,,becoming extremely uncomfortable or distressed.,Experiencing an increasing level of discomfort.,Becoming increasingly distressed or uneasy.,0.8155890107154846,0.9510879516601562,0.869407594203949,0.8786948521931967,0.8155890107154846,0.0682252198237648
1375,"My mom keeps saying she feels bloated and uncomfortable, and she hasn't been able to pass any caca since yesterday.",pass any,pass any,is_multiword,0,15,15|16,1,0.2246796290079752,0,1.0,,,,,,,,,,,,,,,,,,,,,,,,,,,,,,,To expel or discharge solid waste from the body through the anus.,To defecate or have a bowel movement.,To move or expel feces from the body through the anus.,0.6742923259735107,0.9065774083137512,0.7450913786888123,0.7753203709920248,0.6742923259735107,0.1190564313727059
1375,"My mom keeps saying she feels bloated and uncomfortable, and she hasn't been able to pass any caca since yesterday.",pass any caca,pass any caca,is_multiword,0,15,15|16|17,1,0.1780101656913757,0,1.0,,,,,,,,,,,,,,,,,,,,,,,,,,,,,,,To expel or discharge feces from the body through the anus.,To defecate or have a bowel movement.,To expel or move feces from the body through the anus.,0.758847177028656,0.955605924129486,0.7515164017677307,0.8219898343086243,0.7515164017677307,0.1157729660186004
1375,"My mom keeps saying she feels bloated and uncomfortable, and she hasn't been able to pass any caca since yesterday.",any caca,any caca,is_multiword,0,16,16|17,1,0.4134710331757864,0,1.0,,,,,,,,,,,,,,,,,,,,,,,,,,,,,,,"Feces, specifically solid waste matter eliminated from the body through the anus.",Any feces or stool.,Solid waste matter expelled from the body through the anus.,0.5984793305397034,0.7198836207389832,0.4412239491939544,0.5865289668242136,0.4412239491939544,0.139713676965053
1379,"Doctor, my little boy has had the backdoor trot for three days now—he can't keep anything down and his diapers are a mess.",backdoor trot,backdoor trot,is_multiword,1,7,7|8,1,0.3755462368329366,0,1.0,,,,,,,,,,,,,,,,,,,,,,,,,,,,,,,"Recurring episodes of diarrhea, often accompanied by vomiting, resulting in frequent bowel movements and incontinence.",Persistent diarrhea in children.,"Recurrent diarrhea, often associated with gastrointestinal infection, characterized by loose, watery stools.",0.6084383130073547,0.6811573505401611,0.5837656259536743,0.6244537631670634,0.5837656259536743,0.0506325783201498
1380,"My husband's been dealing with the backdoor trot since we got back from the camping trip, and he's feeling really weak and dehydrated.",backdoor trot,backdoor trot,is_multiword,1,6,6|7,1,0.7863384528706471,1,1.0,,,,,,,,,,,,,,,,,,,,,,,,,,,,,,,"A long, arduous hike, often uphill, typically at the end of a camping trip, leaving one exhausted.","A colloquial term for diarrhea, likely due to a stomach illness.","A backdoor trot refers to a sudden onset of diarrhea, often caused by consuming contaminated food or water, especially in outdoor settings like camping trips.",0.0089009199291467,0.0781441405415535,0.5539395809173584,0.2136615471293529,0.0089009199291467,0.2967162130878052
1380,"My husband's been dealing with the backdoor trot since we got back from the camping trip, and he's feeling really weak and dehydrated.",he's feeling,he's feeling,is_multiword,0,17,17|18,1,0.5636637508869171,0,1.0,,,,,,,,,,,,,,,,,,,,,,,,,,,,,,,"Expressing a subjective experience of physical or emotional sensations, such as pain, discomfort, or a lack of a particular quality.",Indicating physical discomfort and fatigue.,"Experiencing a certain emotional or physical state, in this case, weak and dehydrated.",0.5430799126625061,0.3807898163795471,0.3851390182971954,0.4363362491130829,0.3807898163795471,0.0924682981907554
1383,My mother keeps saying she feels blocked up and hasn't had an eartha since last Tuesday.,an eartha,an eartha,is_multiword,0,11,11|12,1,0.2559328476587931,0,1.0,,,,,,,,,,,,,,,,,,,,,,,,,,,,,,,A bowel movement or a defecation.,A bowel movement or evacuation.,A colloquial term for a bowel movement.,0.7884513735771179,0.7411791086196899,0.7025709748268127,0.7440671523412069,0.7025709748268127,0.0430129785039457
1384,"Doctor, I haven't had an eartha in three days and my stomach feels like it's about to burst.",had an,had an,is_multiword,0,3,3|4,1,0.6450052956740062,0,1.0,,,,,,,,,,,,,,,,,,,,,,,,,,,,,,,"experienced or consumed something (in this case, food) previously.",Experienced an orgasm.,"Experienced or occurred in the past. (Past tense of ""to have"")",0.1433372497558593,0.5583992600440979,0.3632476031780243,0.3549947043259938,0.1433372497558593,0.2076540412578691
1384,"Doctor, I haven't had an eartha in three days and my stomach feels like it's about to burst.",had an eartha,had an eartha,is_multiword,0,3,3|4|5,1,0.8769310411686698,0,1.0,,,,,,,,,,,,,,,,,,,,,,,,,,,,,,,A bowel movement or an act of defecation.,Experienced an earthquake.,Consumed a laxative (medication to promote bowel movement).,0.0093972366303205,0.3508736789226532,0.0089359609410166,0.1230689588313301,0.0089359609410166,0.1972848095159126
1384,"Doctor, I haven't had an eartha in three days and my stomach feels like it's about to burst.",had an eartha in,had an eartha in,is_multiword,0,3,3|4|5|6,1,0.9264498641714454,0,1.0,,,,,,,,,,,,,,,,,,,,,,,,,,,,,,,Consumed a meal.,Experienced an earthquake.,Consumed (past tense) a laxative.,0.0093895597383379,0.2018842250108719,0.009376622736454,0.0735501358285546,0.009376622736454,0.1111405815916613
1384,"Doctor, I haven't had an eartha in three days and my stomach feels like it's about to burst.",an eartha,an eartha,is_multiword,0,4,4|5,1,0.7462825328111649,0,1.0,,,,,,,,,,,,,,,,,,,,,,,,,,,,,,,A bowel movement or a stool.,A colloquial term for bowel movement.,"A digestive aid, typically a type of antacid, used to neutralize stomach acid.",0.6994747519493103,0.0433192253112793,0.0183584243059158,0.2537174671888351,0.0183584243059158,0.3862388226013548
1384,"Doctor, I haven't had an eartha in three days and my stomach feels like it's about to burst.",an eartha in,an eartha in,is_multiword,0,4,4|5|6,1,0.4706200063228607,0,1.0,,,,,,,,,,,,,,,,,,,,,,,,,,,,,,,A bowel movement.,A bowel movement or defecation.,A laxative medication used to promote bowel movements.,0.797328770160675,0.4075621962547302,0.3832490146160126,0.5293799936771393,0.3832490146160126,0.2323686571261649
1384,"Doctor, I haven't had an eartha in three days and my stomach feels like it's about to burst.",eartha in,eartha in,is_multiword,0,5,5|6,1,0.855678635959824,0,1.0,,,,,,,,,,,,,,,,,,,,,,,,,,,,,,,A bowel movement.,Three-day period of abstinence from food.,"Eartha (in this context) refers to a laxative, a substance that helps to promote bowel movements.",0.0109946234151721,0.4116674661636352,0.0103020025417208,0.144321364040176,0.0103020025417208,0.2315287750396781
1385,"My wife says she hasn't po'd since giving birth, and she's feeling really bloated and uncomfortable.",she's feeling,she's feeling,is_multiword,0,10,10|11,1,0.3561115662256876,0,1.0,,,,,,,,,,,,,,,,,,,,,,,,,,,,,,,"Expressing a subjective emotional state, such as happiness, sadness, or discomfort.",Indicating physical discomfort or distress.,"Experiencing a sensation or emotion, in this case, discomfort.",0.3925111293792724,0.7400939464569092,0.7990602254867554,0.6438884337743124,0.3925111293792724,0.2196865207274761
1392,"My husband’s been complaining about irregular Andy Capp for weeks now, and he’s getting worried about what it might mean.",he’s getting,he's getting,is_multiword,0,12,12|13,1,0.1233518123626709,0,1.0,,,,,,,,,,,,,,,,,,,,,,,,,,,,,,,To become increasingly anxious or concerned about something.,He is becoming concerned or anxious.,Becoming increasingly concerned or anxious about a situation.,0.8458070158958435,0.9569271206855774,0.8272104263305664,0.8766481876373291,0.8272104263305664,0.07014263043534
1393,"Doctor, ever since the surgery, I really have to squeeze the diaphragm every time I try to go to the bathroom, and it hurts a lot.",a lot,a lot,is_multiword,0,24,24|25,1,0.1999929745992025,0,1.0,,,,,,,,,,,,,,,,,,,,,,,,,,,,,,,To a great extent or degree; to an extent that is noticeable or significant.,To a significant degree.,"Intensely, significantly, or more than usual.",0.8742982745170593,0.7487465143203735,0.7769762873649597,0.8000070254007975,0.7487465143203735,0.0658682191423
1402,"Doctor, my toddler has been having this problem where it's bombs away every time he eats anything with dairy.",bombs away,bombs away,is_multiword,1,10,10|11,1,0.7698190032194058,0,1.0,,,,,,,,,,,,,,,,,,,,,,,,,,,,,,,Explosively vomits.,Refers to something happening repeatedly or continuously.,"Refers to a loud, explosive sound, often used humorously to describe frequent, sudden, and forceful bowel movements.",0.0140516255050897,0.4889471530914306,0.1875442117452621,0.2301809967805942,0.0140516255050897,0.2403016065468333
1403,"Doctor, my husband says he feels fine, but I've noticed he's been running to the bathroom for bombs away at least five times a day.",for bombs,for bombs,is_multiword,0,16,16|17,1,0.5473032832766573,0,1.0,,,,,,,,,,,,,,,,,,,,,,,,,,,,,,,"Frequent or sudden trips to the bathroom, often associated with urination.","Frequently, indicating frequent trips.",To defecate repeatedly or uncontrollably.,0.6025499701499939,0.7453957200050354,0.0101444600149989,0.4526967167233427,0.0101444600149989,0.3898597209268331
1403,"Doctor, my husband says he feels fine, but I've noticed he's been running to the bathroom for bombs away at least five times a day.",for bombs away,for bombs away,is_multiword,0,16,16|17|18,1,0.4426273504892984,0,1.0,,,,,,,,,,,,,,,,,,,,,,,,,,,,,,,"Frequent urination, often associated with a urinary tract infection or other underlying medical issue.","Frequently, indicating frequent bowel movements.","Repeated frequent visits to the bathroom, often with urgency or discomfort.",0.4968602061271667,0.5708117485046387,0.6044459939002991,0.5573726495107015,0.4968602061271667,0.0550375550784916
1403,"Doctor, my husband says he feels fine, but I've noticed he's been running to the bathroom for bombs away at least five times a day.",bombs away,bombs away,is_multiword,1,17,17|18,1,0.2731557885805765,0,1.0,,,,,,,,,,,,,,,,,,,,,,,,,,,,,,,Frequent and urgent trips to the bathroom to urinate.,A euphemism for frequent and urgent bowel movements.,"A colloquial expression referring to frequent, urgent visits to the bathroom.",0.6521316170692444,0.6960172653198242,0.8323837518692017,0.7268442114194235,0.6521316170692444,0.0939969865440173
1404,"My son keeps having these sudden kangaroo shit episodes during the day, and he's been complaining his tummy hurts right before it happens.",kangaroo shit,kangaroo shit,is_multiword,1,6,6|7,1,0.8090356948475043,1,1.0,,,,,,,,,,,,,,,,,,,,,,,,,,,,,,,"A sudden, involuntary release of gas, often accompanied by discomfort or pain.","Sudden, unexpected diarrhea.","Abnormal bowel movement in humans, characterized by the passage of undigested food in large, dry, and often hard pellets, resembling kangaroo's droppings",0.1535884588956833,0.0392002426087856,0.3801042139530182,0.1909643051524957,0.0392002426087856,0.1734981118978734
1405,"Doctor, I've been having this kangaroo shit problem for weeks—it's like my bowels just empty out without any warning, and I can't control it.",bowels just,bowels just,is_multiword,0,13,13|14,1,0.4025794764359792,0,1.0,,,,,,,,,,,,,,,,,,,,,,,,,,,,,,,"The intestines, specifically the large intestine, that absorb water and nutrients from food.",Intestines that pass feces.,"Large intestine and adjacent organs, responsible for digestion and excretion of waste material.",0.4347769916057586,0.6725520491600037,0.6849325299263,0.5974205235640208,0.4347769916057586,0.1409893894656432
1405,"Doctor, I've been having this kangaroo shit problem for weeks—it's like my bowels just empty out without any warning, and I can't control it.",bowels just empty,bowels just empty,is_multiword,0,13,13|14|15,1,0.3494354089101156,0,1.0,,,,,,,,,,,,,,,,,,,,,,,,,,,,,,,"The intestines suddenly release their contents, resulting in involuntary defecation.",Intestines completely emptied of their contents.,"Intestines release fecal matter involuntarily, without warning.",0.6427935361862183,0.9005612134933472,0.4083390235900879,0.6505645910898844,0.4083390235900879,0.2462030930533305
1405,"Doctor, I've been having this kangaroo shit problem for weeks—it's like my bowels just empty out without any warning, and I can't control it.",bowels just empty out,bowels just empty out,is_multiword,0,13,13|14|15|16,1,0.2447996536890665,0,1.0,,,,,,,,,,,,,,,,,,,,,,,,,,,,,,,"The intestines suddenly release their contents without warning, causing involuntary defecation.",Complete evacuation of the intestines.,"Intestines release feces involuntarily, without warning.",0.6551814675331116,0.9559996128082277,0.6544199585914612,0.7552003463109335,0.6544199585914612,0.17389768268541
1405,"Doctor, I've been having this kangaroo shit problem for weeks—it's like my bowels just empty out without any warning, and I can't control it.",just empty,just empty,is_multiword,0,14,14|15,1,0.6196983009576797,1,1.0,,,,,,,,,,,,,,,,,,,,,,,,,,,,,,,"occur suddenly and completely, without any preceding or intervening action.",Refers to completely emptying one's bowels uncontrollably.,"Void or discharge contents spontaneously, without control.",0.1495383828878402,0.2946175038814544,0.696749210357666,0.3803016990423202,0.1495383828878402,0.2834894326078608
1405,"Doctor, I've been having this kangaroo shit problem for weeks—it's like my bowels just empty out without any warning, and I can't control it.",just empty out,just empty out,is_multiword,0,14,14|15|16,1,0.6189353863398235,0,1.0,,,,,,,,,,,,,,,,,,,,,,,,,,,,,,,"Occur suddenly and completely, without any preceding or intervening action.",To completely evacuate without control.,"Void spontaneously, without control.",0.1563244760036468,0.5113866329193115,0.4754827320575714,0.3810646136601766,0.1563244760036468,0.1954568229294628
1405,"Doctor, I've been having this kangaroo shit problem for weeks—it's like my bowels just empty out without any warning, and I can't control it.",empty out,empty out,is_multiword,0,15,15|16,1,0.1961118380228678,0,1.0,,,,,,,,,,,,,,,,,,,,,,,,,,,,,,,To suddenly and involuntarily release the contents of the bowels.,To completely evacuate or discharge the bowels suddenly.,Void or discharge contents abruptly and unintentionally.,0.9120041728019714,0.7801579236984253,0.7195023894309998,0.8038881619771322,0.7195023894309998,0.0984204110275113
1407,"Doctor, my son's been feeling really backed up and he had a hard hit this morning that left him in tears.",backed up,backed up,is_multiword,0,6,6|7,1,0.253646711508433,0,1.0,,,,,,,,,,,,,,,,,,,,,,,,,,,,,,,Having difficulty passing stools or experiencing constipation.,Referring to constipation or digestive issues.,"Experiencing constipation or having a blockage, especially in the digestive system.",0.737343430519104,0.7231739163398743,0.7785425186157227,0.746353288491567,0.7231739163398743,0.0287628872856713
1408,"Doctor, my son hasn't had an egon in three days and he's been complaining his tummy hurts.",egon in,egon in,is_multiword,0,6,6|7,1,0.4418449103832245,0,1.0,,,,,,,,,,,,,,,,,,,,,,,,,,,,,,,A bowel movement.,A bout of diarrhea.,Atypical term for bowel movement or defecation.,0.4705924987792969,0.7933449149131775,0.4105278551578522,0.5581550896167755,0.4105278551578522,0.2058825655454022
1413,My wife is eight months pregnant and she says the call of nature is so painful and urgent that she's scared to leave the house.,she's scared,she's scared,is_multiword,0,19,19|20,1,0.4475307166576385,0,1.0,,,,,,,,,,,,,,,,,,,,,,,,,,,,,,,"Extremely fearful or anxious about something, in this case, the pain and urgency of her pregnancy.",She is afraid or anxious.,Feeling fear or anxious due to a perceived threat or dangerous situation.,0.5691508650779724,0.3770769536495209,0.7111800312995911,0.5524692833423615,0.3770769536495209,0.1676750518136601
1414,"Doctor, my three-year-old hasn't had a proper dump in four days and she keeps crying when she tries to go.",proper dump,proper dump,is_multiword,0,7,7|8,1,0.2795151869455973,0,1.0,,,,,,,,,,,,,,,,,,,,,,,,,,,,,,,"A bowel movement, typically a regular and normal one, as opposed to constipation or diarrhea.",Complete bowel movement.,"Regular, complete bowel movement.",0.6197202801704407,0.6942718029022217,0.8474623560905457,0.7204848130544027,0.6197202801704407,0.1161118198635628
1414,"Doctor, my three-year-old hasn't had a proper dump in four days and she keeps crying when she tries to go.",keeps crying,keeps crying,is_multiword,0,14,14|15,1,0.2682182391484579,0,1.0,,,,,,,,,,,,,,,,,,,,,,,,,,,,,,,Continues to weep or show signs of distress.,Continually expressing tears or distress.,"Repeated, audible expression of distress or discomfort, typically by a child.",0.9299563765525818,0.590488076210022,0.6749008297920227,0.7317817608515421,0.590488076210022,0.1767378340169839
1415,"My husband says he can't get a good dump out without straining, and there's been some blood on the toilet paper.",dump out,dump out,is_multiword,0,8,8|9,1,0.5263134191433589,0,1.0,,,,,,,,,,,,,,,,,,,,,,,,,,,,,,,The act of defecating or passing stool from the body.,Emptying the contents of a container.,Emptying or passing waste from the body through the process of defecation.,0.1071407347917556,0.7510124444961548,0.5629065632820129,0.4736865808566411,0.1071407347917556,0.3310783118650393
1416,"Doctor, my little boy has been crying every time he tries to go number two, and I’m worried something’s wrong inside.",number two,number two,is_multiword,0,13,13|14,1,0.1440448562304178,0,1.0,,,,,,,,,,,,,,,,,,,,,,,,,,,,,,,Referring to the act of defecation or passing stools.,Refers to having a bowel movement.,Refers to bowel movement or defecation.,0.876636266708374,0.8592942357063293,0.831934928894043,0.8559551437695821,0.831934928894043,0.0225369596844666
1421,"Doctor, my little boy keeps saying his tummy hurts and he hasn't had a jim crack in three days.",jim crack,jim crack,is_multiword,1,14,14|15,1,0.9429639649266998,0,1.0,,,,,,,,,,,,,,,,,,,,,,,,,,,,,,,"A small, round, crunchy snack, typically made from peanuts in a caramel coating.",A colloquial expression for a bowel movement.,Diaper or disposable nappy used for absorbing and containing feces and urine in infants and toddlers.,0.0088665932416915,0.0089592123404145,0.1532822996377945,0.0570360350733002,0.0088665932416915,0.0833517229968183
1422,My mom's been complaining of constipation and says she feels better only after a good jim crack.,jim crack,jim crack,is_multiword,1,15,15|16,1,0.8543887982765833,1,1.0,,,,,,,,,,,,,,,,,,,,,,,,,,,,,,,"A type of carbonated water, often flavored, that is believed to aid digestion and relieve constipation.",A colloquial expression for a bowel movement.,"Medical device: A manual, handheld instrument used for manual evacuation of fecal matter from the rectum.",0.0805564299225807,0.1191500797867775,0.2371270954608917,0.1456112017234166,0.0805564299225807,0.0815704392374264
1429,"My mother keeps saying she feels too backed up to brown, and she's been complaining of stomach cramps all week.",backed up,backed up,is_multiword,0,7,7|8,1,0.9085842976346612,0,1.0,,,,,,,,,,,,,,,,,,,,,,,,,,,,,,,"Overwhelmed or burdened with too much work or responsibilities, often resulting in stress or anxiety.",Referring to constipation issues.,"Overloaded or congested, often referring to a blockage in the digestive system.",0.0089957909658551,0.10952178388834,0.1557295322418213,0.0914157023653388,0.0089957909658551,0.0750237985461861
1439,"My wife keeps complaining about a sharp pain in her jaw, and she's convinced she needs to see a tusk jerker right away.",tusk jerker,tusk jerker,is_multiword,1,19,19|20,1,0.2889842192331949,0,1.0,,,,,,,,,,,,,,,,,,,,,,,,,,,,,,,"A dentist, especially one who specializes in treating problems with the teeth or jaw.",A dentist specializing in tooth extraction.,"Dentist (specifically, one who specializes in oral surgery)",0.6891034245491028,0.7809090614318848,0.6630348563194275,0.711015780766805,0.6630348563194275,0.0619168440247241
1441,"Doctor, I think my son needs to see an ivory carpenter—he’s been crying all night with a toothache and won’t let me look in his mouth.",an ivory,an ivory,is_multiword,0,8,8|9,1,0.9278795113787056,1,1.0,,,,,,,,,,,,,,,,,,,,,,,,,,,,,,,"A dentist, specifically one skilled in working with gold or other precious materials.","Referring to dentists, especially those skilled in children's teeth care.","Material resembling elephant tusk, used historically for carving ornaments, artifacts, and musical instruments.",0.1705165058374405,0.0366680175065994,0.0091769425198435,0.0721204886212945,0.0091769425198435,0.0863149578809022
1441,"Doctor, I think my son needs to see an ivory carpenter—he’s been crying all night with a toothache and won’t let me look in his mouth.",an ivory carpenter,an ivory carpenter,is_multiword,0,8,8|9|10,1,0.3801316320896148,0,1.0,,,,,,,,,,,,,,,,,,,,,,,,,,,,,,,"A dentist, specifically one who specializes in children's oral care.",A dentist specializing in children's teeth.,"Dentist specializing in tooth-related issues, often referred to metaphorically as a 'carpenter' due to the work involved in fixing teeth.",0.8220311999320984,0.4488767087459564,0.5886971950531006,0.6198683679103851,0.4488767087459564,0.188520025689769
1441,"Doctor, I think my son needs to see an ivory carpenter—he’s been crying all night with a toothache and won’t let me look in his mouth.",an ivory carpenter he’s,an ivory carpenter he's,is_multiword,0,8,8|9|10|11,1,0.5451180338859558,0,1.0,,,,,,,,,,,,,,,,,,,,,,,,,,,,,,,A dentist.,Refers to a dentist specializing in children's teeth.,"A dental specialist, specifically a dentist who specializes in treating tooth issues, referred to metaphorically as a 'carpenter' due to the work involved in fixing teeth.",0.4380939900875091,0.4003746211528778,0.5261772871017456,0.4548819661140442,0.4003746211528778,0.0645596994591923
1441,"Doctor, I think my son needs to see an ivory carpenter—he’s been crying all night with a toothache and won’t let me look in his mouth.",ivory carpenter,ivory carpenter,is_multiword,1,9,9|10,1,0.2781668702761332,0,1.0,,,,,,,,,,,,,,,,,,,,,,,,,,,,,,,"A dentist, specifically one who specializes in treating children's teeth.",A dentist specializing in children's teeth.,"Dentist specializing in tooth-related issues, not a craftsman working with ivory.",0.9325510263442992,0.6144715547561646,0.6184768080711365,0.7218331297238668,0.6144715547561646,0.1824980396624406
1441,"Doctor, I think my son needs to see an ivory carpenter—he’s been crying all night with a toothache and won’t let me look in his mouth.",ivory carpenter he’s,ivory carpenter he's,is_multiword,0,9,9|10|11,1,0.4516728917757669,0,1.0,,,,,,,,,,,,,,,,,,,,,,,,,,,,,,,A dentist.,Refers to a dentist specializing in children's teeth.,"Dentist (he's): A professional who specializes in oral health, particularly in diagnosing and treating dental conditions.",0.4380939900875091,0.7519758343696594,0.4549115002155304,0.548327108224233,0.4380939900875091,0.1765653134316525
1441,"Doctor, I think my son needs to see an ivory carpenter—he’s been crying all night with a toothache and won’t let me look in his mouth.",carpenter he’s,carpenter he's,is_multiword,0,10,10|11,1,0.4052304029464721,0,1.0,,,,,,,,,,,,,,,,,,,,,,,,,,,,,,,A person skilled in the care and maintenance of children's teeth.,Refers to a dentist specializing in children's teeth.,"Dentist specialized in treating dental issues, particularly tooth-related problems.",0.6787053346633911,0.4878212809562683,0.6177821755409241,0.5947695970535278,0.4878212809562683,0.0975005875182035
1442,"Doctor, my son's been terrified of the fang-lifter ever since his last visit—he won't even open his mouth for me to check his teeth.",fang-lifter ever,fang-lifter ever,is_multiword,0,7,7|8,1,0.4093569119771322,1,1.0,,,,,,,,,,,,,,,,,,,,,,,,,,,,,,,A dental instrument used to lift or remove a patient's tongue or lips to access their teeth.,A device used for lifting jaws during dental procedures.,"Dental instrument used to extract teeth, causing fear or apprehension.",0.6950538754463196,0.6559172868728638,0.4209581017494201,0.5906430880228678,0.4209581017494201,0.1482486562038829
1446,"Doctor, my son's been complaining about a sharp pain in his back tooth ever since that jawbreaker pulled his last molar—could it be infected?",jawbreaker pulled,jawbreaker pulled,is_multiword,0,16,16|17,1,0.3477375507354736,0,1.0,,,,,,,,,,,,,,,,,,,,,,,,,,,,,,,A jawbreaker is a type of hard candy that is difficult to break apart.,A hard candy that can cause toothache when biting down.,"A jawbreaker, in this context, refers to a hard candy that was consumed, causing the extraction (pulling) of a molar.",0.6181980967521667,0.5760021209716797,0.7625871300697327,0.6522624492645264,0.5760021209716797,0.0978456769054967
1448,"My mom's dentures have been rubbing a sore spot, so I brought her in to have the tooth carpenter check the fit.",tooth carpenter,tooth carpenter,is_multiword,1,17,17|18,1,0.1119671861330667,0,1.0,,,,,,,,,,,,,,,,,,,,,,,,,,,,,,,A dentist specializing in the adjustment and fitting of dentures.,Dentist skilled in fitting and repairing dentures.,"Dental technician specializing in creating, fitting, and adjusting dentures.",0.8942250609397888,0.8976340889930725,0.8722392916679382,0.8880328138669332,0.8722392916679382,0.0137833912973051
1450,"Doctor, my little girl has been refusing to eat anything hard and keeps pointing to her mouth—I think we need to see a tooth yanker soon.",tooth yanker,tooth yanker,is_multiword,1,24,24|25,1,0.2177897890408834,0,1.0,,,,,,,,,,,,,,,,,,,,,,,,,,,,,,,A dentist or someone who specializes in extracting teeth.,Pediatric dentist or oral surgeon for tooth extraction.,Dentist specializing in tooth extraction.,0.704782247543335,0.9498177766799928,0.6920306086540222,0.7822102109591166,0.6920306086540222,0.1452923712338304
1451,"My husband’s been complaining about a sharp pain in his molar for days, so I finally dragged him in to talk to a tooth yanker.",tooth yanker,tooth yanker,is_multiword,1,23,23|24,1,0.0592043201128641,0,1.0,,,,,,,,,,,,,,,,,,,,,,,,,,,,,,,"A dentist, especially one who specializes in extracting teeth.",Dentist who extracts teeth.,Dental practitioner specializing in tooth extraction.,0.9265261888504028,0.9525911211967468,0.9432697296142578,0.940795679887136,0.9265261888504028,0.0132074170863979
1454,"Doctor, my son has been crying all night about his toothache, and I think we need to see the fang faker.",fang faker,fang faker,is_multiword,1,19,19|20,1,0.3924360076586405,0,1.0,,,,,,,,,,,,,,,,,,,,,,,,,,,,,,,"A dentist, someone who specializes in the diagnosis and treatment of problems with teeth and gums.","Dentist, colloquially referred to humorously.",Dentist (one who repairs or extracts teeth),0.4956814646720886,0.7857537269592285,0.5412567853927612,0.6075639923413595,0.4956814646720886,0.1559902676678516
1455,My wife's been avoiding chewing on the right side for days—could you recommend a good fang faker for her?,fang faker,fang faker,is_multiword,1,16,16|17,1,0.4760812620321909,0,1.0,,,,,,,,,,,,,,,,,,,,,,,,,,,,,,,A dental appliance resembling a tooth to help maintain the shape of the gum and surrounding bone.,A dental appliance mimicking a fang to correct bite issues.,"Artificial tooth replacement for aesthetic purposes, designed to mimic the appearance of a tooth in the mouth.",0.4764637947082519,0.5989503860473633,0.4963420331478119,0.5239187379678091,0.4764637947082519,0.0657350534419464
1461,"Doctor, I've been having this sharp pain in my back tooth for days—do I need to see an ivory smith before it gets worse?",an ivory,an ivory,is_multiword,0,18,18|19,1,0.6806020410731435,1,1.0,,,,,,,,,,,,,,,,,,,,,,,,,,,,,,,"A material obtained from elephant tusks, often used in crafting or as a decorative element.","Refers to a toothcutter or jeweler, not a dentist.","A hard, white material derived from elephant tusks, historically used for carving ornaments, artifacts, and sometimes in dentistry. (In this context, it is a mistaken",0.0094315791502594,0.6698789000511169,0.2788833975791931,0.3193979589268565,0.0094315791502594,0.3320824267891561
1461,"Doctor, I've been having this sharp pain in my back tooth for days—do I need to see an ivory smith before it gets worse?",an ivory smith,an ivory smith,is_multiword,0,18,18|19|20,1,0.4472628633181253,0,1.0,,,,,,,,,,,,,,,,,,,,,,,,,,,,,,,"A person skilled in working with ivory, often creating decorative or functional items.",A maker of items from ivory.,"Dentist (specifically, a dental specialist who works with ivory or bone).",0.8145751357078552,0.4797446131706238,0.3638916611671448,0.5527371366818746,0.3638916611671448,0.2340402314185045
1461,"Doctor, I've been having this sharp pain in my back tooth for days—do I need to see an ivory smith before it gets worse?",ivory smith,ivory smith,is_multiword,1,19,19|20,1,0.7515711539114515,0,1.0,,,,,,,,,,,,,,,,,,,,,,,,,,,,,,,"A person skilled in working with ivory, often creating decorative or functional items.","A person who works with ivory, not a dental professional.","Dentist (specifically, a dental practitioner who specializes in the diagnosis and treatment of tooth disorders)",0.5914182066917419,0.0091443946585059,0.1447239369153976,0.2484288460885485,0.0091443946585059,0.3046747924999501
1463,"My husband's gums have been bleeding non-stop, and I'm worried he needs to see a fang hustler before it gets worse.",fang hustler,fang hustler,is_multiword,1,15,15|16,1,0.1188862721125284,0,1.0,,,,,,,,,,,,,,,,,,,,,,,,,,,,,,,A dentist specializing in the treatment of gum diseases and other oral health issues.,Dentist specializing in severe gum issues.,"Dental practitioner specializing in treating oral health issues, particularly gum diseases.",0.8343722224235535,0.9636969566345216,0.8452720046043396,0.8811137278874716,0.8343722224235535,0.0717265192631904
1466,"Doctor, my son has been complaining of a toothache for days—should we take him to see an ivory-carpenter?",an ivory-carpenter,an ivory-carpenter,is_multiword,0,17,17|18,1,0.6193417807420094,0,1.0,,,,,,,,,,,,,,,,,,,,,,,,,,,,,,,"A dentist specializing in the care and treatment of teeth, particularly those made of ivory.","Refers to a dentist, given the dental context.","A craftsperson who specializes in creating or restoring items made from ivory, not a dental professional.",0.5246003270149231,0.499118447303772,0.1182558834552764,0.3806582192579905,0.1182558834552764,0.2276039782702482
1467,My husband's been avoiding hard foods because his gum is swollen; do you think we need to call an ivory-carpenter?,an ivory-carpenter,an ivory-carpenter,is_multiword,0,18,18|19,1,0.7352358823021252,0,1.0,,,,,,,,,,,,,,,,,,,,,,,,,,,,,,,"A dentist specializing in the care of teeth, particularly those requiring intricate or delicate work.","A term likely meant dentist, not a carpenter using ivory.","A specialist craftsperson who works with ivory, creating or repairing intricate carvings or sculptures.",0.3083080053329468,0.0746403262019157,0.4113440215587616,0.2647641176978747,0.0746403262019157,0.1725236135418011
1469,"My husband’s been avoiding hard foods for weeks because his gums are so swollen, and I’m wondering if it’s time we book him an appointment with a bone-bender.",we book,we book,is_multiword,0,20,20|21,1,0.3839800159136454,0,1.0,,,,,,,,,,,,,,,,,,,,,,,,,,,,,,,"Arrange or schedule (an appointment or event) in advance, typically by making a formal agreement or commitment.",Schedule a dental visit.,"Schedule or arrange a visit for (someone) to a dental professional for a dental procedure, typically involving the manipulation of the jawbone.",0.5632590651512146,0.5893946290016174,0.6954062581062317,0.6160199840863546,0.5632590651512146,0.069981442550964
1470,"Doctor, I’ve been avoiding the gum-tickler for years, but this toothache’s got me scared it’s too late.",toothache’s got,toothache's got,is_multiword,0,10,10|11,1,0.6598476463307936,0,1.0,,,,,,,,,,,,,,,,,,,,,,,,,,,,,,,"A severe pain in the tooth, often caused by decay or infection.",Caused a strong fear or concern.,"Persistent pain or discomfort in a tooth, causing concern or anxiety.",0.0182538051158189,0.6457341313362122,0.3564691245555877,0.3401523536692063,0.0182538051158189,0.3140582234356103
1474,"My wife’s been avoiding chewing on the left side for weeks, and I think she needs to see a tooth carpenter to check for a crack.",tooth carpenter,tooth carpenter,is_multiword,1,19,19|20,1,0.2532171805699666,0,1.0,,,,,,,,,,,,,,,,,,,,,,,,,,,,,,,"A dentist, a medical professional specializing in the diagnosis, treatment, and prevention of disorders and conditions affecting the teeth and mouth.",A dentist specializing in tooth repairs.,"Dental professional specializing in repairing damaged teeth, particularly cracks.",0.7288601398468018,0.7199627161026001,0.7915256023406982,0.7467828194300333,0.7199627161026001,0.0390029294318277
1475,My son has been complaining about a sharp pain in his back molar—could you refer us to a good tooth carpenter?,back molar,back molar,is_multiword,0,11,11|12,1,0.3036722540855407,0,1.0,,,,,,,,,,,,,,,,,,,,,,,,,,,,,,,"A molar located at the back of the jaw, typically one of the six molars in the upper or lower posterior region.","A tooth located at the back of the mouth, often affecting chewing.",Back molar refers to a wisdom tooth located at the back of the upper or lower jaw.,0.7255474328994751,0.7701510190963745,0.5932847857475281,0.6963277459144592,0.5932847857475281,0.0919823825815513
1475,My son has been complaining about a sharp pain in his back molar—could you refer us to a good tooth carpenter?,tooth carpenter,tooth carpenter,is_multiword,1,20,20|21,1,0.3487152059872945,0,1.0,,,,,,,,,,,,,,,,,,,,,,,,,,,,,,,A dentist.,Specialist dentist for tooth repairs.,Dentist specializing in tooth structure repair (misinterpreted colloquial term).,0.6174331307411194,0.5391827821731567,0.7972384691238403,0.6512847940127054,0.5391827821731567,0.1323164227206394
1476,"Doctor, my son has been complaining about a sharp pain in his back tooth—can you recommend a good fang farrier for him?",fang farrier,fang farrier,is_multiword,1,19,19|20,1,0.6665192792812984,1,1.0,,,,,,,,,,,,,,,,,,,,,,,,,,,,,,,"A dentist specializing in the care and treatment of children's teeth, particularly those with sharp pain.","Veterinarian for animal teeth, especially for non-human mammals.","Dentist specializing in tooth care, particularly for children.",0.1551699191331863,0.7195874452590942,0.1256847977638244,0.3334807207187016,0.1256847977638244,0.3347030701189107
1477,"My husband’s been avoiding the fang farrier for years, but now his gums are so swollen he can barely eat.",fang farrier,fang farrier,is_multiword,1,5,5|6,1,0.7824825489272674,0,1.0,,,,,,,,,,,,,,,,,,,,,,,,,,,,,,,"A dentist specializing in the treatment of gums and teeth, particularly in relation to fangs or canine teeth.","A farrier who treats dental issues, particularly fangs (canines).","Blacksmith specializing in horseshoes, particularly known for the intricate designs on the horses' hooves.",0.6328253746032715,0.0098988767713308,0.0098281018435955,0.2175174510727326,0.0098281018435955,0.3596672139112885
1481,"Doctor, I'm sorry to bother you, but my tooth plugger said this abscess needs a specialist—he couldn't handle it himself.",tooth plugger,tooth plugger,is_multiword,1,8,8|9,1,0.4297037124633789,0,1.0,,,,,,,,,,,,,,,,,,,,,,,,,,,,,,,"A dentist or dental hygienist who inserts and removes dental appliances, including fillings and temporary tooth coverings.",Dentist or tooth doctor.,"A tooth plugger, in this context, is a dental instrument used to temporarily fill a cavity or tooth cavity until a permanent filling or other dental treatment can be performed.",0.7505177855491638,0.5558863878250122,0.4044846892356872,0.5702962875366211,0.4044846892356872,0.1734660192756694
1485,"My mom keeps saying her gums are too sore to chew, so I'm wondering if we should get her a referral to a tooth doctor.",tooth doctor,tooth doctor,is_multiword,1,23,23|24,1,0.1495574315388997,0,1.0,,,,,,,,,,,,,,,,,,,,,,,,,,,,,,,A dentist specializing in the diagnosis and treatment of disorders and conditions affecting the teeth and mouth.,Dentist specializing in oral health and teeth.,"Dentist: A healthcare professional specializing in oral health, diagnosing and treating conditions affecting the teeth and gums.",0.8585804104804993,0.8615033626556396,0.8312439322471619,0.8504425684611002,0.8312439322471619,0.0166906152286516
1486,"My son keeps complaining his jaw hurts and he won't let me look inside his mouth—should I take him to a tusk-hoister, or is this something you can handle first?",a tusk-hoister,a tusk-hoister,is_multiword,0,21,21|22,1,0.6253767808278401,0,1.0,,,,,,,,,,,,,,,,,,,,,,,,,,,,,,,"A dentist specializing in the care of elephants, or a veterinarian with expertise in large animal oral health.",A dentist who extracts teeth.,"Dentist specialized in treating oral conditions, particularly those involving teeth and jaws.",0.2667987048625946,0.3470188677310943,0.5100520849227905,0.3746232191721598,0.2667987048625946,0.1239538296767748
1488,"My son's been through rehab twice, but he keeps relapsing—could you please put him on the rat-tail cure to finally break this cycle?",son's been,son's been,is_multiword,0,1,1|2,1,0.3927662968635559,0,1.0,,,,,,,,,,,,,,,,,,,,,,,,,,,,,,,Been through a period of treatment or recovery for a substance use disorder.,Refers to the speaker's child who has struggled with addiction.,Refers to the state or action of one's child experiencing a specific period of treatment (rehab) for addiction or recovery.,0.4491649270057678,0.648760974407196,0.7237752079963684,0.6072337031364441,0.4491649270057678,0.1419369131016668
1489,"Doctor, I've been trying to get off the painkillers on my own, but the withdrawal is too much—I think I need that rat-tail cure you mentioned.",get off,get off,is_multiword,0,5,5|6,1,0.247012197971344,0,1.0,,,,,,,,,,,,,,,,,,,,,,,,,,,,,,,Discontinue or stop using.,"To stop using a substance, especially a medication.","Discontinue or stop using something, especially a habit or medication.",0.6600643396377563,0.7113291621208191,0.8875699043273926,0.752987802028656,0.6600643396377563,0.119336822483321
1489,"Doctor, I've been trying to get off the painkillers on my own, but the withdrawal is too much—I think I need that rat-tail cure you mentioned.",rat-tail cure,rat-tail cure,is_multiword,1,23,23|24,1,0.7404452711343765,1,1.0,,,,,,,,,,,,,,,,,,,,,,,,,,,,,,,"A colloquial term for a hair from the tail of a rat, used in traditional medicine for unspecified purposes.",A medical treatment method.,"A ""rat-tail cure"" (in this context) refers to a tapering regimen for gradually reducing the dosage of opioid medications, often used to manage withdrawal symptoms in patients trying",0.094716802239418,0.3455643653869629,0.3383830189704895,0.2595547288656235,0.094716802239418,0.1427989827516571
1494,"Doctor, my son has been acting really strange and irritable since I stopped giving him his usual medication—I think he might need a slack-off cure.",really strange,really strange,is_multiword,0,6,6|7,1,0.1531223257382711,0,1.0,,,,,,,,,,,,,,,,,,,,,,,,,,,,,,,"Behaving in an unusual or unexpected manner, deviating from normal behavior or typical characteristics.",Behaving unusually and unpredictably.,"Unusual, abnormal, or unexpected in behavior or appearance.",0.8735902905464172,0.8267017602920532,0.8403409719467163,0.8468776742617289,0.8267017602920532,0.0241180414880628
1495,"My husband can’t seem to function without his pills, and he’s been shaking and sweating—could a slack-off cure help him get through this?",slack-off cure,slack-off cure,is_multiword,1,17,17|18,1,0.675989846388499,1,1.0,,,,,,,,,,,,,,,,,,,,,,,,,,,,,,,A treatment or remedy that helps alleviate withdrawal symptoms from abruptly stopping or reducing medication use.,A treatment or method for overcoming laziness or lack of effort.,"A slack-off cure, in this context, refers to a treatment or remedy aimed at increasing productivity or focus, as the husband's symptoms suggest a state of physical or mental distress.",0.1969415843486786,0.3837232887744903,0.3913655877113342,0.324010153611501,0.1969415843486786,0.1101109311291824
1496,My husband needs help to sweat it out safely—he’s been shaking and vomiting since he stopped the pills cold turkey.,it out,it out,is_multiword,0,6,6|7,1,0.8349809714903434,0,1.0,,,,,,,,,,,,,,,,,,,,,,,,,,,,,,,To rid the body of a substance or toxins through intense physical or mental effort.,To endure or work through a difficult situation.,Release or discharge (physically or metaphorically) through perspiration.,0.0156990587711334,0.4701804518699646,0.0091775748878717,0.1650190285096565,0.0091775748878717,0.2642976601645894
1498,"Doctor, I think my son might need a quarry cure—he's been through withdrawal before but keeps relapsing on the opioids.",he's been,he's been,is_multiword,0,10,10|11,1,0.3575671315193176,0,1.0,,,,,,,,,,,,,,,,,,,,,,,,,,,,,,,Having experienced a particular situation or condition previously.,He has experienced it previously.,"The subject, in this context, has experienced a previous state or situation. In this case, the son has undergone or experienced withdrawal before.",0.8428652286529541,0.5660710334777832,0.5183623433113098,0.6424328684806824,0.5183623433113098,0.1752109529467852
1500,"""I keep getting this uncomfortable big belly after meals, like my stomach is swelling up, and I wanted to check if it's something serious.""",keep getting,keep getting,is_multiword,0,1,1|2,1,0.4614419738451639,0,1.0,,,,,,,,,,,,,,,,,,,,,,,,,,,,,,,"To repeatedly experience or encounter something, such as a problem or a situation, over a period of time.",Continuously experiencing repeatedly.,"Repeated occurrence or happening of an event, in this case, the uncomfortable big belly after meals.",0.8253634572029114,0.3872662782669067,0.4030443429946899,0.5385580261548361,0.3872662782669067,0.2485060427648445
1508,"""My wife said I look like I've got a frog belly, and it's getting hard to button my pants even in the morning.""",I've got,i've got,is_multiword,0,6,6|7,1,0.9563209113354484,1,1.0,,,,,,,,,,,,,,,,,,,,,,,,,,,,,,,"Having a noticeable stomach bulge, typically due to weight gain.",Have obtained or developed.,Possessing or having in one's possession.,0.0171905346214771,0.0093935625627636,0.1044531688094139,0.0436790886645515,0.0093935625627636,0.0527760817644859
1514,"My husband keeps denying he needs to go to dry dock, but he's been acting strange and losing weight fast.",keeps denying,keeps denying,is_multiword,0,2,2|3,1,0.1384673913319906,0,1.0,,,,,,,,,,,,,,,,,,,,,,,,,,,,,,,Continuously refuses to accept or admit the truth of something.,Continues to refuse or deny something repeatedly.,"Persists in asserting the opposite, repeatedly refusing or negating.",0.9057733416557312,0.8049539923667908,0.8738704919815063,0.8615326086680094,0.8049539923667908,0.0515296305173483
1532,My husband's been acting paranoid and staying up all night—I'm worried he's been on coke.,on coke,on coke,is_multiword,0,14,14|15,1,0.214200476805369,0,1.0,,,,,,,,,,,,,,,,,,,,,,,,,,,,,,,"Using cocaine, a highly addictive and illegal stimulant.","Referring to drug use, specifically cocaine.","Consuming cocaine, a powerful stimulant drug.",0.7829509973526001,0.8765203356742859,0.6979272365570068,0.785799523194631,0.6979272365570068,0.089330618142287
1533,"Doctor, I think my son has been using coke—he's been losing weight fast and his nose keeps bleeding for no reason.",coke he's,coke he's,is_multiword,0,8,8|9,1,0.4087483286857605,0,1.0,,,,,,,,,,,,,,,,,,,,,,,,,,,,,,,"A slang term for a stimulant drug, specifically cocaine.",Coke refers to a street drug causing health issues.,"Illicit stimulant drug, typically cocaine.",0.625091016292572,0.8525605201721191,0.2961034774780273,0.5912516713142395,0.2961034774780273,0.2797676465254435
1534,"Doctor, I'm worried my son has been into snow biz—he's lost a lot of weight and his pupils are always tiny.",biz he's,biz he's,is_multiword,0,9,9|10,1,0.7909884167214235,1,1.0,,,,,,,,,,,,,,,,,,,,,,,,,,,,,,,Engaging in a secret or illicit activity.,Refers to drug dealing or related activities.,"Business or activity, in this case, likely referring to snow sports or snow-related activities.",0.4885786473751068,0.0447010956704616,0.0937550067901611,0.2090115832785765,0.0447010956704616,0.2433513489683177
1535,"Doctor, I think my son's been into snow biz—he’s lost weight, can’t sleep, and his pupils are huge.",son's been,son's been,is_multiword,0,4,4|5,1,0.7099898755550385,0,1.0,,,,,,,,,,,,,,,,,,,,,,,,,,,,,,,"Engaged in an activity or behavior, likely related to substance use, without explicit confirmation.",Indicates his child has engaged in risky or illicit snowboarding activities.,"The phrase ""son's been"" in this context refers to the action of the son having done something, implying a past continuous action. In this case, it suggests that the son has been",0.2082984447479248,0.3522060215473175,0.3095259070396423,0.2900101244449615,0.2082984447479248,0.0739120896253137
1535,"Doctor, I think my son's been into snow biz—he’s lost weight, can’t sleep, and his pupils are huge.",biz he’s,biz he's,is_multiword,0,8,8|9,1,0.8497361913323402,0,1.0,,,,,,,,,,,,,,,,,,,,,,,,,,,,,,,"a state of being preoccupied or engaged in an activity, often to the point of neglecting other aspects of life.","Business activity, likely drug dealing.","Business or activity involving snow, possibly snow sports.",0.1803186237812042,0.0890405997633934,0.1814322024583816,0.1502638086676597,0.0890405997633934,0.0530237776452144
1537,"Doctor, I think my son's been into narcotics—he's been losing weight and his pupils are tiny, even in bright light.",into narcotics,into narcotics,is_multiword,0,6,6|7,1,0.2888031403223673,0,1.0,,,,,,,,,,,,,,,,,,,,,,,,,,,,,,,"Using or consuming narcotics, often in a manner that is not medically prescribed or controlled.","Involved with or using drugs, especially opioids.","Consuming or using narcotic drugs, typically for recreational or non-medical purposes.",0.6003931760787964,0.8894912004470825,0.643706202507019,0.7111968596776327,0.6003931760787964,0.1559187561757805
1545,"Doctor, I think my son's been into powdered grog—he's lost weight, can't sleep, and his eyes look wild all the time.",son's been,son's been,is_multiword,0,4,4|5,1,0.8186922601113716,1,1.0,,,,,,,,,,,,,,,,,,,,,,,,,,,,,,,"Engaged in the consumption of a substance, likely alcohol, in this case, powdered grog.",Refers to the doctor's patient's child.,"The phrase ""son's been"" in this context refers to the action of the son being in a particular state or situation over a period of time, in this case, being into powdered gro",0.0088470075279474,0.5071958303451538,0.0278803817927837,0.1813077398886283,0.0088470075279474,0.2823877705567766
1547,My husband's been acting really paranoid and staying out all night—I'm scared he's back on the junk.,the junk,the junk,is_multiword,0,16,16|17,1,0.4791834155718485,0,1.0,,,,,,,,,,,,,,,,,,,,,,,,,,,,,,,"Illicit or addictive substances, especially narcotics.","Refers to a drug, indicating addiction relapse.","Illicit drugs, specifically heroin or opioids.",0.5360022783279419,0.691224992275238,0.3352224826812744,0.5208165844281515,0.3352224826812744,0.1784864159641109
1548,My husband keeps nodding off at weird times and his mood swings are terrible—I'm afraid it might be nocks.,keeps nodding,keeps nodding,is_multiword,0,2,2|3,1,0.1427165468533834,0,1.0,,,,,,,,,,,,,,,,,,,,,,,,,,,,,,,"Falls asleep or dozes off repeatedly, often at unexpected or inconvenient times.",Continually falling asleep unintentionally.,"Intermittently falls asleep, especially at unexpected times.",0.858571469783783,0.8774524927139282,0.8358263969421387,0.8572834531466166,0.8358263969421387,0.0208429173208493
1548,My husband keeps nodding off at weird times and his mood swings are terrible—I'm afraid it might be nocks.,keeps nodding off,keeps nodding off,is_multiword,0,2,2|3|4,1,0.1276567180951436,0,1.0,,,,,,,,,,,,,,,,,,,,,,,,,,,,,,,"Frequently falls asleep or dozes off unexpectedly, often at unusual or inconvenient times.",Frequently falling asleep or dozing unintentionally.,"Intermittently falling asleep, especially at unexpected times.",0.8758324980735779,0.8999392986297607,0.8412580490112305,0.8723432819048563,0.8412580490112305,0.029495817267913
1548,My husband keeps nodding off at weird times and his mood swings are terrible—I'm afraid it might be nocks.,nodding off,nodding off,is_multiword,0,3,3|4,1,0.2020498712857564,0,1.0,,,,,,,,,,,,,,,,,,,,,,,,,,,,,,,"Falling asleep or dozing off suddenly, often at unexpected or inconvenient times.",Falling asleep unintentionally.,"Unintentional, brief sleep episodes, often during inappropriate or inconvenient times.",0.7327330708503723,0.9241905808448792,0.7369267344474792,0.7979501287142435,0.7327330708503723,0.1093475446418523
1551,"My husband keeps nodding off at odd times and his money's been disappearing—I think it's locus, doc.",nodding off,nodding off,is_multiword,0,3,3|4,1,0.207104742527008,0,1.0,,,,,,,,,,,,,,,,,,,,,,,,,,,,,,,Falling asleep or dozing off at unexpected or irregular times.,Falling asleep unintentionally.,"Unintentional, brief sleep episodes, often during inappropriate or inconvenient times.",0.7540284991264343,0.8877305388450623,0.7369267344474792,0.7928952574729919,0.7369267344474792,0.08257369758872
1551,"My husband keeps nodding off at odd times and his money's been disappearing—I think it's locus, doc.",money's been,money's been,is_multiword,0,10,10|11,1,0.2468891342480977,0,1.0,,,,,,,,,,,,,,,,,,,,,,,,,,,,,,,funds that have been lost or stolen.,Refers to financial funds disappearing mysteriously.,Money has been disappearing or lost. (Verb phrase: money has been + past participle disappeared),0.6914828419685364,0.762455403804779,0.8053943514823914,0.7531108657519022,0.6914828419685364,0.0575278045252686
1551,"My husband keeps nodding off at odd times and his money's been disappearing—I think it's locus, doc.",it's locus,it's locus,is_multiword,0,15,15|16,1,0.5390072464942932,0,1.0,,,,,,,,,,,,,,,,,,,,,,,,,,,,,,,"A condition where a person's brain has a seizure, causing loss of consciousness or unusual behavior.",It suggests his condition or behavior is due to a medical issue.,"A condition or situation, often a problem or cause, that is being referred to or suspected.",0.5002943277359009,0.3639065623283386,0.5187773704528809,0.4609927535057068,0.3639065623283386,0.0845854721865154
1555,"My husband’s been spending all his money and staying out late, and I’m scared he’s fallen into the locust—he’s got track marks on his arms and won’t eat.",the locust,the locust,is_multiword,0,17,17|18,1,0.264729380607605,0,1.0,,,,,,,,,,,,,,,,,,,,,,,,,,,,,,,"A person who has fallen into a state of destructive or chaotic behavior, often due to addiction.","A metaphor for addiction, likely referring to substance abuse.","A metaphorical reference to a destructive, compulsive behavior or habit, often associated with drug addiction.",0.5953456163406372,0.7961191534996033,0.8143470883369446,0.735270619392395,0.5953456163406372,0.1215208593673712
1558,My husband keeps nodding off at weird times and his mood swings are crazy—I'm worried he's been using Ajax behind my back.,keeps nodding,keeps nodding,is_multiword,0,2,2|3,1,0.1208633780479431,0,1.0,,,,,,,,,,,,,,,,,,,,,,,,,,,,,,,"Falls asleep or dozes off suddenly, often without warning or control.",Continually falling asleep unexpectedly.,Repeatedly falls asleep at unexpected times.,0.8245282769203186,0.8546817898750305,0.9581997990608216,0.8791366219520569,0.8245282769203186,0.0701109696607913
1563,"My husband's been acting really strange lately, and I think he's into grinds again—he's losing weight and can't sleep.",really strange,really strange,is_multiword,0,4,4|5,1,0.1187088290850321,0,1.0,,,,,,,,,,,,,,,,,,,,,,,,,,,,,,,"Uncharacteristically unusual or abnormal in behavior, differing from one's typical manner or habits.",Behaving unusually or differently.,"Unusual, abnormal, or deviating from the norm in behavior or character.",0.8667527437210083,0.9092883467674256,0.8678324222564697,0.8812911709149679,0.8667527437210083,0.0242522744958089
1563,"My husband's been acting really strange lately, and I think he's into grinds again—he's losing weight and can't sleep.",into grinds,into grinds,is_multiword,0,11,11|12,1,0.9269527696693936,1,1.0,,,,,,,,,,,,,,,,,,,,,,,,,,,,,,,"Involved in or enthusiastic about consuming cannabis, particularly in the form of edible products.","Engaged in grinding teeth, a sign of stress or anxiety.","Engaging in the excessive use of crystal methamphetamine, a highly addictive stimulant drug.",0.0095141278579831,0.1828036457300186,0.0268239174038171,0.0730472303306063,0.0095141278579831,0.0954450640134236
1564,"Doctor, I'm worried my son's been into a-boot—he's lost weight and won't look me in the eye.",son's been,son's been,is_multiword,0,4,4|5,1,0.5634895364443462,0,1.0,,,,,,,,,,,,,,,,,,,,,,,,,,,,,,,"Been implies a recent or repeated action, suggesting the son has been engaging in a-boot.",Indicates his child has engaged in problematic behavior.,"The phrase ""son's been"" in this context refers to the son's current state or situation, implying that he is presently in a certain condition or location.",0.6358779668807983,0.4515019357204437,0.2221514880657196,0.4365104635556538,0.2221514880657196,0.2072702535252748
1567,"Doctor, I think my son needs a boilout—he’s been using again and I’m scared he won’t stop.",a boilout,a boilout,is_multiword,0,6,6|7,1,0.895016503209869,1,1.0,,,,,,,,,,,,,,,,,,,,,,,,,,,,,,,A family intervention or a drastic measure to address a loved one's addiction.,A detoxification or rehabilitation process.,"Medical procedure involving the cleaning and disinfection of a wound, often used to treat infections.",0.2823088765144348,0.0088848397135734,0.0237567741423845,0.1049834967901309,0.0088848397135734,0.1537482075641538
1567,"Doctor, I think my son needs a boilout—he’s been using again and I’m scared he won’t stop.",a boilout he’s,a boilout he's,is_multiword,0,6,6|7|8,1,0.7854583033670982,0,1.0,,,,,,,,,,,,,,,,,,,,,,,,,,,,,,,"A period of intense treatment or rehabilitation, often for addiction.",A detoxification treatment for drug addiction.,Medical procedure: the application of a caustic substance or hot water to cleanse and disinfect a wound or body cavity.,0.6244484186172485,0.0088412435725331,0.0103354277089238,0.2145416966329018,0.0088412435725331,0.3549904205644467
1567,"Doctor, I think my son needs a boilout—he’s been using again and I’m scared he won’t stop.",boilout he’s,boilout he's,is_multiword,0,7,7|8,1,0.7629084680229425,0,1.0,,,,,,,,,,,,,,,,,,,,,,,,,,,,,,,A severe relapse or a complete breakdown of someone's efforts to overcome a problem.,A medical procedure to treat infected skin lesions.,Medical procedure: the application of hot water or saline solution to cleanse and disinfect a wound or infected area.,0.008562583476305,0.0087952148169279,0.6939167976379395,0.2370915319770574,0.008562583476305,0.3956223022517015
1570,"Doctor, I think I've got a bit of a 'limber leg' problem lately—nothing seems to work like it used to.",I've got,i've got,is_multiword,0,3,3|4,1,0.7925818624595801,0,1.0,,,,,,,,,,,,,,,,,,,,,,,,,,,,,,,"Possessive pronoun indicating ownership or control, referring to the speaker's leg.",I have developed,"Having or possessing a certain condition or state, in this case, a 'limber leg' problem.",0.0095533020794391,0.5767443180084229,0.0359567925333976,0.2074181375404199,0.0095533020794391,0.3201181918625541
1572,"Doctor, I've been having trouble lately and I think I'm giving soft for soft—it's been hard to perform when we try.",soft for,soft for,is_multiword,0,11,11|12,1,0.817894233080248,0,1.0,,,,,,,,,,,,,,,,,,,,,,,,,,,,,,,Lacking or without sexual arousal.,Difficulty achieving or maintaining an erection.,Substitute or replace with something less demanding or challenging.,0.5255746245384216,0.0104628484696149,0.0102798277512192,0.1821057669197519,0.0102798277512192,0.297452770183018
1572,"Doctor, I've been having trouble lately and I think I'm giving soft for soft—it's been hard to perform when we try.",soft for soft,soft for soft,is_multiword,0,11,11|12|13,1,0.6970781534910202,0,1.0,,,,,,,,,,,,,,,,,,,,,,,,,,,,,,,Lacking or reduced sexual desire.,Difficulty in achieving erection during sexual activity.,"A colloquial term referring to a sexual act, specifically intercourse.",0.387676864862442,0.2395458966493606,0.2815427780151367,0.3029218465089798,0.2395458966493606,0.0763445765145406
1572,"Doctor, I've been having trouble lately and I think I'm giving soft for soft—it's been hard to perform when we try.",for soft,for soft,is_multiword,0,12,12|13,1,0.7828879163910946,0,1.0,,,,,,,,,,,,,,,,,,,,,,,,,,,,,,,Lacking or reduced sexual arousal.,Referring to sexual performance issues.,Performing or functioning poorly or ineffectively.,0.4529891610145569,0.0088660698384046,0.1894810199737548,0.2171120836089054,0.0088660698384046,0.2233471217346946
1574,"Doctor, I've been having some trouble lately—could this be what they call brewer's droop?",brewer's droop,brewer's droop,is_multiword,1,13,13|14,1,0.7434383382399876,0,1.0,,,,,,,,,,,,,,,,,,,,,,,,,,,,,,,"A condition of fatigue or lethargy, often associated with excessive beer consumption.",A condition affecting beer quality during brewing.,"A condition characterized by temporary impotence or reduced sexual performance in males, often associated with excessive alcohol consumption.",0.3723943531513214,0.3231310844421386,0.0741595476865768,0.2565616617600123,0.0741595476865768,0.1598737496427171
1575,"My husband's been struggling with brewer's droop for a few months, and we're hoping you can help.",brewer's droop,brewer's droop,is_multiword,1,5,5|6,1,0.8410618342459202,0,1.0,,,,,,,,,,,,,,,,,,,,,,,,,,,,,,,"A condition causing fatigue, typically in horses, resulting from a lack of water or excessive heat.",A condition affecting beer quality or a humorous term for sexual dysfunction.,"A condition affecting beer brewers, characterized by a temporary loss of manual dexterity and coordination, often due to prolonged exposure to yeast and fermentation processes.",0.0322539843618869,0.0690212696790695,0.3755392432212829,0.1589381657540798,0.0322539843618869,0.1884807109159019
1575,"My husband's been struggling with brewer's droop for a few months, and we're hoping you can help.",we're hoping,we're hoping,is_multiword,0,12,12|13,1,0.3086126248041788,0,1.0,,,,,,,,,,,,,,,,,,,,,,,,,,,,,,,Expressing a desire for a favorable outcome or assistance in a situation.,Expressing a desire for assistance.,"Expressing optimism or desire for a positive outcome, often in relation to a request or expectation.",0.8977242112159729,0.8330965042114258,0.3433414101600647,0.6913873751958212,0.3433414101600647,0.3031438280114237
1578,"Doctor, I think I’ve got a bad case of the tins—it’s been months since I could get anything going down there.",I’ve got,i've got,is_multiword,0,3,3|4,1,0.5383745034535725,0,1.0,,,,,,,,,,,,,,,,,,,,,,,,,,,,,,,"Possessive pronoun indicating ownership or control, referring to one's body or personal experience.",Possess or experience a condition.,Has obtained or possesses.,0.4891702234745025,0.4305599331855774,0.4651463329792022,0.4616254965464274,0.4305599331855774,0.0294633458525637
1578,"Doctor, I think I’ve got a bad case of the tins—it’s been months since I could get anything going down there.",could get,could get,is_multiword,0,16,16|17,1,0.7197948495546977,0,1.0,,,,,,,,,,,,,,,,,,,,,,,,,,,,,,,be able to swallow or pass food through the digestive system.,Failed to swallow or pass food/drink comfortably.,"Ability to pass something (in this case, likely referring to urine) through a bodily opening (urethra).",0.4640330672264099,0.2510203421115875,0.1255620419979095,0.2802051504453023,0.1255620419979095,0.1711124586577926
1582,"Doctor, I'm a bit embarrassed to say this, but lately I've been fresh out and it's starting to worry me.",fresh out,fresh out,is_multiword,1,12,12|13,1,0.990083849367996,1,1.0,,,,,,,,,,,,,,,,,,,,,,,,,,,,,,,"Completely out of a particular substance, such as money or a product.",Lacking sexual desire or ability.,"Not currently employed or supplied, especially in a job or business.",0.0091483360156416,0.0107535747811198,0.0098465410992503,0.0099161506320039,0.0091483360156416,0.0008048801083615
1583,"My husband keeps saying he's fresh out, and I think it's really affecting his mood—could there be something wrong?",fresh out,fresh out,is_multiword,1,5,5|6,1,0.7830896784241,0,1.0,,,,,,,,,,,,,,,,,,,,,,,,,,,,,,,"Recently spent or exhausted one's resources, typically money.",Running low or depleted.,"Not currently employed or engaged, having recently left a job or completed a project.",0.5328986644744873,0.106317400932312,0.0115148993209004,0.2169103215758999,0.0115148993209004,0.2777289203770321
1585,"Doctor, I think I might be dealing with a case of 'man lacking energy'—I just can't seem to get things going lately.",can't seem,can't seem,is_multiword,0,16,16|17,1,0.7504731745769581,1,1.0,,,,,,,,,,,,,,,,,,,,,,,,,,,,,,,"appearing to be true or real, but not actually proven or confirmed.",appear to be unable to,Unable to perform or accomplish tasks as usual due to a lack of ability or effort.,0.018408952280879,0.0089894756674766,0.7211820483207703,0.2495268254230419,0.0089894756674766,0.408492556358065
1587,"My husband has been avoiding intimacy lately, and I'm worried it could be a case of dead on the vine.",on the,on the,is_multiword,0,17,17|18,1,0.8810130233565966,1,1.0,,,,,,,,,,,,,,,,,,,,,,,,,,,,,,,"completely failed or unproductive, especially in a romantic relationship.",Not progressing or being considered.,"Matured or ripe; in a state of readiness or development. (In this context, it refers to a situation or relationship that has reached its full potential or peak.)",0.0705648362636566,0.179591879248619,0.1068042144179344,0.1189869766434033,0.0705648362636566,0.0555251186139475
1587,"My husband has been avoiding intimacy lately, and I'm worried it could be a case of dead on the vine.",on the vine,on the vine,is_multiword,0,17,17|18|19,1,0.8010856341570616,0,1.0,,,,,,,,,,,,,,,,,,,,,,,,,,,,,,,"Fruit or flowers that are not harvested or developed, often due to lack of care or attention.",Not progressing or being pursued.,"Ripe fruit or vegetable still attached to the vine, not yet harvested. In this context, metaphorically refers to a situation or relationship that has stagnated or failed to develop.",0.0093104261904954,0.5499334335327148,0.0374992378056049,0.1989143658429384,0.0093104261904954,0.3043179943519901
1587,"My husband has been avoiding intimacy lately, and I'm worried it could be a case of dead on the vine.",the vine,the vine,is_multiword,0,18,18|19,1,0.8158202342068156,0,1.0,,,,,,,,,,,,,,,,,,,,,,,,,,,,,,,"A phrase suggesting something is unproductive or unsuccessful, often used to describe a romantic relationship.",Metaphor for potential or opportunity that fails to develop.,"A vine is a climbing or trailing plant, typically woody, that grows along the ground or up trees or other structures, and produces fruit or flowers. In this context, it is a metaphor",0.4192054569721222,0.013484694994986,0.119849145412445,0.1841797657931844,0.013484694994986,0.2103714707695772
1593,"I brought my son in because his nose looks all flushed and patchy, almost like a likkered nose, and it's been bothering him since he started that new allergy medicine.",all flushed,all flushed,is_multiword,0,9,9|10,1,0.4819753666718801,0,1.0,,,,,,,,,,,,,,,,,,,,,,,,,,,,,,,"Completely red or inflamed, typically due to illness, heat, or other health issues.",Completely red and blotchy.,"Reddened or swollen, typically due to increased blood flow.",0.5795143842697144,0.4892467856407165,0.4853127300739288,0.5180246333281199,0.4853127300739288,0.0532880033538988
1594,"Doctor, I've had this bull-teaser for a few days—my nose is all red and tender, and it's not going away with anything I've tried.",not going,not going,is_multiword,0,18,18|19,1,0.5488158042232196,0,1.0,,,,,,,,,,,,,,,,,,,,,,,,,,,,,,,Remaining unchanged or unimproved; continuing in a particular state without any progress or resolution.,refusing to disappear or heal.,"Persisting, continuing to exist or occur despite efforts to change or resolve it.",0.1239660456776619,0.7185037732124329,0.5110827684402466,0.4511841957767804,0.1239660456776619,0.3017609262659643
1594,"Doctor, I've had this bull-teaser for a few days—my nose is all red and tender, and it's not going away with anything I've tried.",not going away,not going away,is_multiword,0,18,18|19|20,1,0.214577575524648,0,1.0,,,,,,,,,,,,,,,,,,,,,,,,,,,,,,,Remaining or persisting without being resolved or alleviated.,Persisting without improvement despite treatment attempts.,Persisting or continuing to exist without improvement or resolution.,0.7316794991493225,0.9094467759132384,0.7151409983634949,0.7854224244753519,0.7151409983634949,0.1077260892924829
1594,"Doctor, I've had this bull-teaser for a few days—my nose is all red and tender, and it's not going away with anything I've tried.",going away,going away,is_multiword,0,19,19|20,1,0.4834695955117544,0,1.0,,,,,,,,,,,,,,,,,,,,,,,,,,,,,,,"Remaining or persisting, rather than disappearing or resolving, often in reference to a problem or condition.",Disappearing or ceasing to be a problem.,Receding or becoming less noticeable; disappearing or subsiding.,0.4469492435455322,0.2823449075222015,0.8202970623970032,0.5165304044882456,0.2823449075222015,0.2756433995259318
1595,"My son keeps rubbing his nose and complaining it's sore—look at this bull-teaser, it's been like that since yesterday.",it's sore,it's sore,is_multiword,0,8,8|9,1,0.5403503477573395,0,1.0,,,,,,,,,,,,,,,,,,,,,,,,,,,,,,,Causing physical discomfort or pain.,Refers to the nasal discomfort experienced by the speaker's son.,"A condition characterized by pain, discomfort, or tenderness in the nose.",0.2474325001239776,0.6038152575492859,0.527701199054718,0.4596496522426605,0.2474325001239776,0.1876843819158956
1598,"Doctor, my son’s nose has been really red and sore for three days—I think it’s that nase nab thing you mentioned last time.",nase nab,nase nab,is_multiword,1,17,17|18,1,0.3954846660296122,0,1.0,,,,,,,,,,,,,,,,,,,,,,,,,,,,,,,"A common cold or rhinitis, characterized by nasal congestion, sneezing, and soreness.",Refers to a nasal condition discussed previously by the doctor.,Nasal congestion or nasal blockage.,0.5645213723182678,0.6309122443199158,0.6181123852729797,0.6045153339703878,0.5645213723182678,0.0352221070405901
1598,"Doctor, my son’s nose has been really red and sore for three days—I think it’s that nase nab thing you mentioned last time.",nase nab thing,nase nab thing,is_multiword,0,17,17|18|19,1,0.524066726366679,0,1.0,,,,,,,,,,,,,,,,,,,,,,,,,,,,,,,"A common cold or rhinitis, characterized by nasal congestion, sneezing, and a sore, red nose.",Referral to a nasal issue discussed previously.,"Nasal polyps, a growth of mucous membrane on the lining of the nasal passages or sinuses.",0.5639238953590393,0.2844520211219787,0.5794239044189453,0.4759332736333211,0.2844520211219787,0.1660086296482765
1598,"Doctor, my son’s nose has been really red and sore for three days—I think it’s that nase nab thing you mentioned last time.",nab thing,nab thing,is_multiword,0,18,18|19,1,0.8417530609294772,1,1.0,,,,,,,,,,,,,,,,,,,,,,,,,,,,,,,"A common cold or viral infection, such as rhinovirus.",Referral for allergy testing or diagnosis.,"Allergy or irritation causing redness and soreness in the nose, as mentioned by the doctor.",0.0123683167621493,0.0239146836102008,0.4384578168392181,0.1582469390705227,0.0123683167621493,0.2427384017039217
1599,"My husband’s nose is all inflamed and peeling, could it be nase nab from that new allergy medicine he started?",nase nab,nase nab,is_multiword,1,11,11|12,1,0.4843526979287466,0,1.0,,,,,,,,,,,,,,,,,,,,,,,,,,,,,,,A colloquial or informal term for nasal congestion or stuffiness.,A colloquial term for nasal irritation or allergic reaction.,Topical nasal cream used to treat nasal congestion or allergies.,0.6829550266265869,0.4081775248050689,0.4558093547821045,0.5156473020712534,0.4081775248050689,0.1468369974790168
1599,"My husband’s nose is all inflamed and peeling, could it be nase nab from that new allergy medicine he started?",nase nab from,nase nab from,is_multiword,0,11,11|12|13,1,0.4900004764397939,0,1.0,,,,,,,,,,,,,,,,,,,,,,,,,,,,,,,A colloquial or informal term for nasal congestion or stuffiness.,A colloquial term for nasal irritation or allergic reaction.,"Derived from a specific allergy medicine, potentially causing inflammation and peeling of the nose.",0.6829550266265869,0.2953774034976959,0.5516661405563354,0.5099995235602061,0.2953774034976959,0.1971197192481938
1599,"My husband’s nose is all inflamed and peeling, could it be nase nab from that new allergy medicine he started?",nab from,nab from,is_multiword,0,12,12|13,1,0.2308799227078756,0,1.0,,,,,,,,,,,,,,,,,,,,,,,,,,,,,,,A colloquial or informal term for a side effect or an unwanted consequence.,Term for side effect or reaction.,Derived from (in this context): an adverse reaction or side effect of a medication.,0.8469871282577515,0.6941695213317871,0.7662035822868347,0.7691200772921244,0.6941695213317871,0.0764505376304283
1614,My son’s nose has been bright red and sore for days—is this a bottlenose thing from playing outside too much?,bottlenose thing,bottlenose thing,is_multiword,0,14,14|15,1,0.831525223950545,1,1.0,,,,,,,,,,,,,,,,,,,,,,,,,,,,,,,A colloquial expression referring to a common cold or other minor illness.,Refers to nasal irritation or condition related to frequent outdoor play.,"A ""bottlenose thing"" in this context likely refers to a bottlenose dolphin, but since the sentence is about a human son's nose, it is incorrect. The",0.3267810344696045,0.0315326228737831,0.1471106708049774,0.168474776049455,0.0315326228737831,0.1487791144016415
1616,"Doctor, I've been having trouble with my sights—everything looks blurry up close, and I can't read the chart.",I've been,i've been,is_multiword,0,1,1|2,1,0.5322143236796062,0,1.0,,,,,,,,,,,,,,,,,,,,,,,,,,,,,,,"Having experienced or undergone something for a period of time, typically since a specific point in the past.",I have recently experienced.,A sequence of events or actions that have occurred in the past and continue to the present.,0.497095376253128,0.6777857542037964,0.2284758985042572,0.4677856763203938,0.2284758985042572,0.2260843437520505
1616,"Doctor, I've been having trouble with my sights—everything looks blurry up close, and I can't read the chart.",I've been having,i've been having,is_multiword,0,1,1|2|3,1,0.1327189604441324,0,1.0,,,,,,,,,,,,,,,,,,,,,,,,,,,,,,,Experienced a problem or condition for a period of time.,Expressing a persistent issue or condition.,Experiencing a continuous problem or difficulty over a period of time.,0.7751241326332092,0.9043117165565492,0.9224072694778442,0.8672810395558676,0.7751241326332092,0.080321440967188
1616,"Doctor, I've been having trouble with my sights—everything looks blurry up close, and I can't read the chart.",I've been having trouble,i've been having trouble,is_multiword,0,1,1|2|3|4,1,0.1433250109354654,0,1.0,,,,,,,,,,,,,,,,,,,,,,,,,,,,,,,Experiencing difficulties or problems with a particular aspect of life.,Experiencing ongoing difficulties or issues.,Experiencing difficulties or problems over a period of time.,0.829780101776123,0.7837674617767334,0.9564774036407472,0.8566749890645345,0.7837674617767334,0.0894409426736995
1616,"Doctor, I've been having trouble with my sights—everything looks blurry up close, and I can't read the chart.",been having,been having,is_multiword,0,2,2|3,1,0.2645622491836548,0,1.0,,,,,,,,,,,,,,,,,,,,,,,,,,,,,,,experienced or endured a problem or difficulty.,Experiencing consistently over time.,Experiencing repeatedly over a period of time.,0.5958772897720337,0.6468831300735474,0.9635528326034546,0.7354377508163452,0.5958772897720337,0.1991927881231411
1616,"Doctor, I've been having trouble with my sights—everything looks blurry up close, and I can't read the chart.",been having trouble,been having trouble,is_multiword,0,2,2|3|4,1,0.1208163301150003,0,1.0,,,,,,,,,,,,,,,,,,,,,,,,,,,,,,,Experiencing difficulties or problems with a particular aspect of one's life or situation.,Experiencing ongoing difficulties or issues.,Experiencing ongoing difficulties or problems.,0.839749276638031,0.8299404978752136,0.9678612351417542,0.8791836698849996,0.8299404978752136,0.0769534662643856
1616,"Doctor, I've been having trouble with my sights—everything looks blurry up close, and I can't read the chart.",having trouble,having trouble,is_multiword,0,3,3|4,1,0.367281456788381,0,1.0,,,,,,,,,,,,,,,,,,,,,,,,,,,,,,,"Experiencing difficulties or problems with something, in this case, vision.",Experiencing difficulty or problems.,Experiencing difficulty or failure in performing a task or achieving a goal.,0.5865249037742615,0.4624586701393127,0.849172055721283,0.632718543211619,0.4624586701393127,0.1974517659845533
1620,"Doctor, I feel like my orbits are getting really dry and scratchy, especially when I'm looking at screens all day at work.",getting really,getting really,is_multiword,0,7,7|8,1,0.7432571146637201,0,1.0,,,,,,,,,,,,,,,,,,,,,,,,,,,,,,,becoming severely uncomfortable or irritated.,Experiencing an intensification of dryness.,Becoming unusually or excessively intense or severe.,0.0112917143851518,0.367538571357727,0.3913983702659607,0.2567428853362798,0.0112917143851518,0.2129014572330242
1648,"Doctor, my little boy took a spill on his scooter and his whole beezer is swollen up on one side.",took a,took a,is_multiword,0,4,4|5,1,0.7207112203662593,0,1.0,,,,,,,,,,,,,,,,,,,,,,,,,,,,,,,Suffered or experienced a fall.,To experience or cause to enter a state of falling.,"Took (past tense of take) - Acquired or obtained by action, typically by physical contact. (In this context, the child acquired the condition of a swollen beezer",0.8161066770553589,0.0118762366473674,0.0098834251984953,0.2792887796337406,0.0098834251984953,0.464899004159498
1648,"Doctor, my little boy took a spill on his scooter and his whole beezer is swollen up on one side.",took a spill,took a spill,is_multiword,0,4,4|5|6,1,0.4006449083487192,0,1.0,,,,,,,,,,,,,,,,,,,,,,,,,,,,,,,"Suffered a fall from a vehicle or object, typically resulting in injury or damage.",fell off or had an accident on the scooter.,"Experienced a fall, typically resulting in injury or damage.",0.535060465335846,0.7686598896980286,0.4943449199199676,0.5993550916512808,0.4943449199199676,0.1480287975053018
1648,"Doctor, my little boy took a spill on his scooter and his whole beezer is swollen up on one side.",a spill,a spill,is_multiword,0,5,5|6,1,0.4383376936117807,0,1.0,,,,,,,,,,,,,,,,,,,,,,,,,,,,,,,"A fall from a vehicle, especially a bicycle or scooter, resulting in injury.",A fall from a bicycle or scooter.,An unintentional fall or overturning of a person or object.,0.7080109715461731,0.4722188413143158,0.5047571063041687,0.5616623063882192,0.4722188413143158,0.1277815852041038
1650,"My son keeps scratching his smiler raw, and I'm worried it might be an allergic reaction or something.",keeps scratching,keeps scratching,is_multiword,0,2,2|3,1,0.4844310581684112,1,1.0,,,,,,,,,,,,,,,,,,,,,,,,,,,,,,,Continuously rubs or rubs repeatedly with the fingers.,Continues to scratch repeatedly.,Repeatedly or persistently scratches (a body part) in a compulsive or irritated manner.,0.3146573305130005,0.3994963467121124,0.8325531482696533,0.5155689418315887,0.3146573305130005,0.2777744678975831
1650,"My son keeps scratching his smiler raw, and I'm worried it might be an allergic reaction or something.",smiler raw,smiler raw,is_multiword,0,5,5|6,1,0.5694038048386574,0,1.0,,,,,,,,,,,,,,,,,,,,,,,,,,,,,,,"A smiler is a colloquial term for the lips, and raw refers to the lips being irritated or inflamed.",Face severely scratched.,"Exposed, reddened, and irritated skin on the face, often due to persistent scratching or irritation.",0.1164501681923866,0.4343709051609039,0.7409675121307373,0.4305961951613426,0.1164501681923866,0.3122757828372841
1652,"Doctor, I've been feeling a sharp pain right here in my plan whenever I chew.",plan whenever,plan whenever,is_multiword,0,11,11|12,1,0.9419157365337014,1,1.0,,,,,,,,,,,,,,,,,,,,,,,,,,,,,,,a dental implant or a false tooth.,Area behind the eye.,"Area or location where an action (in this case, chewing) is performed, specifically referring to the jaw or mouth region.",0.0092155942693352,0.1172609478235244,0.0477762483060359,0.0580842634662985,0.0092155942693352,0.0547552827457825
1654,"Doctor, my little boy took a bad fall at the playground—his whole Jem Mace is swollen and he can't stop crying.",took a,took a,is_multiword,0,4,4|5,1,0.6322278585284948,0,1.0,,,,,,,,,,,,,,,,,,,,,,,,,,,,,,,"Took a: experienced or suffered a particular event or action, in this case, a fall.",began to experience or suffer from.,"Took (past tense of take) - Acquired or obtained (in this case, the action of the child being involved in a fall at the playground).",0.4855591356754303,0.6081216335296631,0.0096356552094221,0.3677721414715051,0.0096356552094221,0.3161513855167815
1654,"Doctor, my little boy took a bad fall at the playground—his whole Jem Mace is swollen and he can't stop crying.",took a bad,took a bad,is_multiword,0,4,4|5|6,1,0.2590088446935018,0,1.0,,,,,,,,,,,,,,,,,,,,,,,,,,,,,,,"experienced a severe or unpleasant outcome, especially one involving injury or harm.",Experienced a severe accident.,Experienced an unfortunate or severe incident.,0.6722540855407715,0.769357442855835,0.7813619375228882,0.7409911553064982,0.6722540855407715,0.0598298883755988
1654,"Doctor, my little boy took a bad fall at the playground—his whole Jem Mace is swollen and he can't stop crying.",took a bad fall,took a bad fall,is_multiword,0,4,4|5|6|7,1,0.2992147207260132,0,1.0,,,,,,,,,,,,,,,,,,,,,,,,,,,,,,,"Suffered a severe injury, likely a physical impact, resulting in pain and distress.",Experienced a severe accidental injury.,"Experienced an unexpected and potentially harmful impact or collision, resulting in injury or discomfort.",0.6149612665176392,0.7780613899230957,0.7093331813812256,0.7007852792739868,0.6149612665176392,0.0818853621628737
1654,"Doctor, my little boy took a bad fall at the playground—his whole Jem Mace is swollen and he can't stop crying.",a bad,a bad,is_multiword,0,5,5|6,1,0.510151594877243,0,1.0,,,,,,,,,,,,,,,,,,,,,,,,,,,,,,,Causing or resulting in pain or discomfort.,Severe or serious.,"Injurious or harmful, causing damage or pain.",0.3499482572078705,0.6487809419631958,0.4708160161972046,0.4898484051227569,0.3499482572078705,0.1503227103290751
1654,"Doctor, my little boy took a bad fall at the playground—his whole Jem Mace is swollen and he can't stop crying.",a bad fall,a bad fall,is_multiword,0,5,5|6|7,1,0.3566299875577291,0,1.0,,,,,,,,,,,,,,,,,,,,,,,,,,,,,,,"A severe or injurious drop or landing, often resulting in physical harm or pain.",A significant accident resulting in injury.,"An unintended, forceful impact resulting in injury or discomfort.",0.5882919430732727,0.6679844856262207,0.6738336086273193,0.6433700124422709,0.5882919430732727,0.0477885797448786
1654,"Doctor, my little boy took a bad fall at the playground—his whole Jem Mace is swollen and he can't stop crying.",bad fall,bad fall,is_multiword,0,6,6|7,1,0.2695082227389017,0,1.0,,,,,,,,,,,,,,,,,,,,,,,,,,,,,,,"A severe injury resulting from a sudden, unexpected, and often violent collision or impact.",A severe accident resulting in injury.,"An unexpected and potentially harmful incident resulting in injury, typically involving a sudden impact or loss of balance.",0.7527773380279541,0.7853119373321533,0.6533860564231873,0.7304917772610983,0.6533860564231873,0.0687284088090332
1654,"Doctor, my little boy took a bad fall at the playground—his whole Jem Mace is swollen and he can't stop crying.",Jem Mace,jem mace,is_multiword,1,13,13|14,1,0.7290055863559246,0,1.0,,,,,,,,,,,,,,,,,,,,,,,,,,,,,,,"A type of boxing glove, typically worn on the hands to protect the fists.",Anatomical term referring to the jaw or cheekbone area.,"Facial area, specifically the jaw and cheek.",0.0092753628268837,0.0091082854196429,0.7945995926856995,0.2709944136440754,0.0091082854196429,0.4534553942981861
1655,"Doctor, my little boy took a spill off his bike and his Jem Mace is all scraped up—should I be worried about infection?",boy took,boy took,is_multiword,0,3,3|4,1,0.8154966669778029,0,1.0,,,,,,,,,,,,,,,,,,,,,,,,,,,,,,,"A child, typically between infancy and puberty.",The child who fell from the bicycle.,Action of the subject (boy) of taking possession (of his bike) and experiencing an event (a spill).,0.1671316772699356,0.0094566084444522,0.3769217133522033,0.1845033330221971,0.0094566084444522,0.1843474481757136
1655,"Doctor, my little boy took a spill off his bike and his Jem Mace is all scraped up—should I be worried about infection?",Jem Mace,jem mace,is_multiword,1,12,12|13,1,0.9899994836499294,1,1.0,,,,,,,,,,,,,,,,,,,,,,,,,,,,,,,"A protective helmet designed for cycling, typically worn by children to prevent head injuries.",A nickname for knee.,"A Jem Mace is a toy weapon, typically made of plastic, resembling a short, thick cane with a knobbed end, often associated with the character Jem from the",0.0090112639591097,0.0093624591827392,0.0116278259083628,0.0100005163500706,0.0090112639591097,0.001420189008603
1662,"Doctor, I've been waking up with my snoot all puffy and red, especially around the nose and eyes.",I've been,i've been,is_multiword,0,1,1|2,1,0.3352416157722473,0,1.0,,,,,,,,,,,,,,,,,,,,,,,,,,,,,,,Expressing a state of affairs that has been occurring repeatedly over a period of time.,Indicating a recent ongoing condition or habit.,A sequence of events or actions that have been ongoing or recurring in the past.,0.5791658163070679,0.7959396839141846,0.6191696524620056,0.6647583842277527,0.5791658163070679,0.1153537028766041
1662,"Doctor, I've been waking up with my snoot all puffy and red, especially around the nose and eyes.",I've been waking,i've been waking,is_multiword,0,1,1|2|3,1,0.6392670373121898,0,1.0,,,,,,,,,,,,,,,,,,,,,,,,,,,,,,,"Having been experiencing or suffering from something, typically a problem or a condition, over a period of time.",I have been experiencing waking up.,"A sequence of events where one awakens from sleep, typically multiple times, over a period.",0.2613868117332458,0.1838809549808502,0.6369311213493347,0.3607329626878102,0.1838809549808502,0.2423135501653656
1662,"Doctor, I've been waking up with my snoot all puffy and red, especially around the nose and eyes.",been waking,been waking,is_multiword,0,2,2|3,1,0.3511770367622375,0,1.0,,,,,,,,,,,,,,,,,,,,,,,,,,,,,,,"Having experienced or undergone something, in this case, waking up, previously.",Experiencing repeated occurrences of waking.,"Actions or instances of starting the day or becoming conscious at a specific point in time, typically in the morning.",0.6514310836791992,0.6324433088302612,0.6625944972038269,0.6488229632377625,0.6324433088302612,0.0152438597232571
1662,"Doctor, I've been waking up with my snoot all puffy and red, especially around the nose and eyes.",snoot all,snoot all,is_multiword,0,7,7|8,1,0.2961102724075317,0,1.0,,,,,,,,,,,,,,,,,,,,,,,,,,,,,,,"The area around the nose and eyes, typically the face.","Face area including nose, emphasized by swelling and redness.",Facial area including the nose and surrounding eyes.,0.5627357959747314,0.9241910576820374,0.624742329120636,0.7038897275924683,0.5627357959747314,0.1932891863701084
1662,"Doctor, I've been waking up with my snoot all puffy and red, especially around the nose and eyes.",snoot all puffy,snoot all puffy,is_multiword,0,7,7|8|9,1,0.2853376865386963,0,1.0,,,,,,,,,,,,,,,,,,,,,,,,,,,,,,,swollen and inflamed nasal area.,"Face swollen and red, particularly around nose and eyes.","Swollen or inflamed nose area, often associated with nasal congestion or allergies.",0.6870332956314087,0.7799742817878723,0.6769793629646301,0.7146623134613037,0.6769793629646301,0.0567847716869149
1662,"Doctor, I've been waking up with my snoot all puffy and red, especially around the nose and eyes.",all puffy,all puffy,is_multiword,0,8,8|9,1,0.3039750655492147,1,1.0,,,,,,,,,,,,,,,,,,,,,,,,,,,,,,,"Swollen to a larger size than normal, typically due to fluid accumulation.",Swollen and enlarged appearance.,"Swollen or bloated, often appearing rounded and soft.",0.6516348719596863,0.6528500914573669,0.7835898399353027,0.6960249344507853,0.6516348719596863,0.075835866804509
1672,"My husband’s been having trouble with body wax for days now, it’s all watery and he feels weak—could it be something serious?",having trouble,having trouble,is_multiword,0,3,3|4,1,0.4308594465255737,0,1.0,,,,,,,,,,,,,,,,,,,,,,,,,,,,,,,"Experiencing difficulties or problems with something, in this case, the husband's use of body wax.",Experiencing difficulties or discomfort.,Experiencing difficulty or failure in accomplishing a task or overcoming a problem.,0.5359495878219604,0.4752647876739502,0.6962072849273682,0.5691405534744263,0.4752647876739502,0.1141495813564444
1674,"My husband keeps complaining about his stomach, and yesterday I saw bowel sewage in his underwear when I did the laundry.",bowel sewage,bowel sewage,is_multiword,1,11,11|12,1,0.3999706904093424,0,1.0,,,,,,,,,,,,,,,,,,,,,,,,,,,,,,,Feces or waste matter from the intestines.,Fecal matter contaminating clothing.,"Fecal matter from the intestines, indicating possible bowel incontinence or malfunction.",0.611722469329834,0.7646942734718323,0.4236711859703064,0.6000293095906576,0.4236711859703064,0.1708119844764493
1675,"Doctor, my son has been passing what I can only describe as bowel sewage for the past two days—it's completely liquid and smells terrible.",bowel sewage,bowel sewage,is_multiword,1,12,12|13,1,0.3186808824539184,0,1.0,,,,,,,,,,,,,,,,,,,,,,,,,,,,,,,"Liquid, foul-smelling waste matter produced by the intestines, often associated with gastrointestinal disorders or infections.",Medical term for severely liquid feces with a foul odor.,"Fecal matter that is completely liquid, often indicating a bowel disorder or diarrhea.",0.6205739974975586,0.7561026215553284,0.6672807335853577,0.6813191175460815,0.6205739974975586,0.0688462718883136
1680,"My husband's been complaining of stomach pain, and when he goes to the toilet, it's nothing but bowel broth coming out.",broth coming,broth coming,is_multiword,0,18,18|19,1,0.5954032739003499,1,1.0,,,,,,,,,,,,,,,,,,,,,,,,,,,,,,,"A liquid waste product of the digestive process, similar to but thinner than stool.",Fluid from intestines.,"A semi-solid or liquid food made by simmering meat, vegetables, or other ingredients in water or stock. In this context, it refers to the liquid waste expelled from the body during",0.3896621465682983,0.5443772077560425,0.2797508239746094,0.4045967260996501,0.2797508239746094,0.1329438302353414
1681,My husband's been complaining of stomach cramps and all he's producing is this watery bowel broth—could it be something serious?,bowel broth,bowel broth,is_multiword,1,14,14|15,1,0.4732876618703207,0,1.0,,,,,,,,,,,,,,,,,,,,,,,,,,,,,,,"Liquid waste produced by the body, typically having a pale yellow or clear appearance.","Loose, watery fecal matter.","Semi-liquid or watery fecal matter, often indicating diarrhea or digestive issues.",0.32659912109375,0.5672320127487183,0.6863058805465698,0.5267123381296793,0.32659912109375,0.1832447031224553
1683,"""Doctor, my baby-yellow has been looking kind of pale and floaty lately, and I’m worried something’s off with my digestion.""",kind of,kind of,is_multiword,0,6,6|7,1,0.2616703510284424,0,1.0,,,,,,,,,,,,,,,,,,,,,,,,,,,,,,,"To some extent or degree, but not entirely or precisely.",To some degree but not completely.,"Slightly; not entirely, but noticeably different.",0.8952137231826782,0.6620437502861023,0.6577314734458923,0.7383296489715576,0.6577314734458923,0.1358827012121004
1683,"""Doctor, my baby-yellow has been looking kind of pale and floaty lately, and I’m worried something’s off with my digestion.""",something’s off,something's off,is_multiword,0,15,15|16,1,0.4279897113641103,0,1.0,,,,,,,,,,,,,,,,,,,,,,,,,,,,,,,"Indicating a deviation from normal or expected condition, suggesting a problem or anomaly.",An indication of an underlying health issue.,An indication that there is a problem or abnormality in a situation or system.,0.4708898961544037,0.8565581440925598,0.3885828256607055,0.5720102886358897,0.3885828256607055,0.2498383977635467
1686,"Doctor, my son's been passing jere that looks like black tar, and he's been complaining about his tummy hurting.",tummy hurting,tummy hurting,is_multiword,0,17,17|18,1,0.1839417815208435,0,1.0,,,,,,,,,,,,,,,,,,,,,,,,,,,,,,,Abdominal pain or discomfort.,Abdominal pain or discomfort.,"Abdominal discomfort or pain, typically localized in the stomach region.",0.9680537581443788,0.7400603890419006,0.7400605082511902,0.8160582184791565,0.7400603890419006,0.1316319986120211
