sentence_id,sentence,candidate,cand_norm,cand_type,is_gold,token_pos,component_token_positions,mt_pred,lg_score,lg_pred,mt_score,is_named_entity,gold_terms,source_dataset,term_type,spanish_sentence,spanish_back_to_english_sentence,spanish_best_back_translation_word,spanish_fuzz_ratio,spanish_specialized,spanish_term_failed_to_translate,arabic_sentence,arabic_back_to_english_sentence,arabic_best_back_translation_word,arabic_fuzz_ratio,arabic_specialized,arabic_term_failed_to_translate,chinese_sentence,chinese_back_to_english_sentence,chinese_best_back_translation_word,chinese_fuzz_ratio,chinese_specialized,chinese_term_failed_to_translate,japanese_sentence,japanese_back_to_english_sentence,japanese_best_back_translation_word,japanese_fuzz_ratio,japanese_specialized,japanese_term_failed_to_translate,specialized_votes,normal_votes,masked sentence,subwords,number of subwords,candidate probability,candidate surprise,candidate avg surprise,top token,top token probability,gap,average gap,start word index,end word index,window start word index,window end word index,windowed_context,number of words
0,"Mate, IRL you fold faster than a Walmart chair",Mate,mate,is_single_word,1,0,,1,9.063976287841797,1,1.0,0.0,fold; irl; mate,genz-alpha-slangs,slang,"Amigo, en la vida real, tú te rindes más rápido que una silla de Walmart.","Friend, in real life, you give up faster than a Walmart chair.",faster,60.0,1.0,0.0,أيها الإخوة، في الواقع، أنت ت折 بشكل أسرع من كرسي وولمارت.,"Oh brothers, in fact, you fold faster than a Walmart chair.",faster,60.0,1.0,0.0,老兄，你在现实生活中折叠得比沃尔玛椅子还快。,"Old fellow, you fold up in real life faster than a Walmart chair.",faster,60.0,1.0,0.0,お前、リアルタイムでワルマートの椅子より速く折れるぞ。,"You, you can fold faster than a Walmart chair in real time.",faster,60.0,1.0,0.0,4.0,0.0,<mask> irl you fold faster than a walmart chair,▁mate,1.0,9.821982188678138e-06,11.530887603759766,11.530887603759766,Why,0.0848465187933417,9.063976287841797,9.063976287841797,0.0,0.0,0.0,8.0,0.0,1.0
0,"Mate, IRL you fold faster than a Walmart chair",IRL,irl,is_single_word,1,1,,1,7.688880801200867,1,1.0,0.0,fold; irl; mate,genz-alpha-slangs,slang,"Amigo, en la vida real, tú te rindes más rápido que una silla de Walmart.","Friend, in real life, you give up faster than a Walmart chair.",real,57.14285714285714,1.0,0.0,أيها الإخوة، في الواقع، أنت ت折 بشكل أسرع من كرسي وولمارت.,"Oh brothers, in fact, you fold faster than a Walmart chair.",chair,50.0,1.0,0.0,老兄，你在现实生活中折叠得比沃尔玛椅子还快。,"Old fellow, you fold up in real life faster than a Walmart chair.",real,57.14285714285714,1.0,0.0,お前、リアルタイムでワルマートの椅子より速く折れるぞ。,"You, you can fold faster than a Walmart chair in real time.",real,57.14285714285714,1.0,0.0,4.0,0.0,mate <mask> <mask> you fold faster than a walmart chair,▁ir l,2.0,1.0493728731835896e-08,18.372488021850582,9.186244010925291,s makes,0.0500503180073016,15.377761602401732,7.688880801200867,1.0,1.0,0.0,8.0,0.0,1.0
0,"Mate, IRL you fold faster than a Walmart chair",you,you,is_single_word,0,2,,0,0.0,0,0.0,0.0,fold; irl; mate,genz-alpha-slangs,slang,"Amigo, en la vida real, tú te rindes más rápido que una silla de Walmart.","Friend, in real life, you give up faster than a Walmart chair.",you,100.0,0.0,0.0,أيها الإخوة، في الواقع، أنت ت折 بشكل أسرع من كرسي وولمارت.,"Oh brothers, in fact, you fold faster than a Walmart chair.",you,100.0,0.0,0.0,老兄，你在现实生活中折叠得比沃尔玛椅子还快。,"Old fellow, you fold up in real life faster than a Walmart chair.",you,100.0,0.0,0.0,お前、リアルタイムでワルマートの椅子より速く折れるぞ。,"You, you can fold faster than a Walmart chair in real time.",you,100.0,0.0,0.0,0.0,4.0,,,,,,,,,,,,,,,,
0,"Mate, IRL you fold faster than a Walmart chair",fold,fold,is_single_word,1,3,,0,0.0,0,0.25,0.0,fold; irl; mate,genz-alpha-slangs,slang,"Amigo, en la vida real, tú te rindes más rápido que una silla de Walmart.","Friend, in real life, you give up faster than a Walmart chair.",friend,40.0,1.0,0.0,أيها الإخوة، في الواقع، أنت ت折 بشكل أسرع من كرسي وولمارت.,"Oh brothers, in fact, you fold faster than a Walmart chair.",fold,100.0,0.0,0.0,老兄，你在现实生活中折叠得比沃尔玛椅子还快。,"Old fellow, you fold up in real life faster than a Walmart chair.",fold,100.0,0.0,0.0,お前、リアルタイムでワルマートの椅子より速く折れるぞ。,"You, you can fold faster than a Walmart chair in real time.",fold,100.0,0.0,0.0,1.0,3.0,,,,,,,,,,,,,,,,
0,"Mate, IRL you fold faster than a Walmart chair",faster,faster,is_single_word,0,4,,0,0.0,0,0.0,0.0,fold; irl; mate,genz-alpha-slangs,slang,"Amigo, en la vida real, tú te rindes más rápido que una silla de Walmart.","Friend, in real life, you give up faster than a Walmart chair.",faster,100.0,0.0,0.0,أيها الإخوة، في الواقع، أنت ت折 بشكل أسرع من كرسي وولمارت.,"Oh brothers, in fact, you fold faster than a Walmart chair.",faster,100.0,0.0,0.0,老兄，你在现实生活中折叠得比沃尔玛椅子还快。,"Old fellow, you fold up in real life faster than a Walmart chair.",faster,100.0,0.0,0.0,お前、リアルタイムでワルマートの椅子より速く折れるぞ。,"You, you can fold faster than a Walmart chair in real time.",faster,100.0,0.0,0.0,0.0,4.0,,,,,,,,,,,,,,,,
0,"Mate, IRL you fold faster than a Walmart chair",than,than,is_single_word,0,5,,0,0.0,0,0.0,0.0,fold; irl; mate,genz-alpha-slangs,slang,"Amigo, en la vida real, tú te rindes más rápido que una silla de Walmart.","Friend, in real life, you give up faster than a Walmart chair.",than,100.0,0.0,0.0,أيها الإخوة، في الواقع، أنت ت折 بشكل أسرع من كرسي وولمارت.,"Oh brothers, in fact, you fold faster than a Walmart chair.",than,100.0,0.0,0.0,老兄，你在现实生活中折叠得比沃尔玛椅子还快。,"Old fellow, you fold up in real life faster than a Walmart chair.",than,100.0,0.0,0.0,お前、リアルタイムでワルマートの椅子より速く折れるぞ。,"You, you can fold faster than a Walmart chair in real time.",than,100.0,0.0,0.0,0.0,4.0,,,,,,,,,,,,,,,,
0,"Mate, IRL you fold faster than a Walmart chair",a,a,is_single_word,0,6,,0,0.0,0,0.0,0.0,fold; irl; mate,genz-alpha-slangs,slang,"Amigo, en la vida real, tú te rindes más rápido que una silla de Walmart.","Friend, in real life, you give up faster than a Walmart chair.",a,100.0,0.0,0.0,أيها الإخوة، في الواقع، أنت ت折 بشكل أسرع من كرسي وولمارت.,"Oh brothers, in fact, you fold faster than a Walmart chair.",a,100.0,0.0,0.0,老兄，你在现实生活中折叠得比沃尔玛椅子还快。,"Old fellow, you fold up in real life faster than a Walmart chair.",a,100.0,0.0,0.0,お前、リアルタイムでワルマートの椅子より速く折れるぞ。,"You, you can fold faster than a Walmart chair in real time.",a,100.0,0.0,0.0,0.0,4.0,,,,,,,,,,,,,,,,
0,"Mate, IRL you fold faster than a Walmart chair",Walmart,walmart,is_single_word,0,7,,0,0.0,0,0.0,1.0,fold; irl; mate,genz-alpha-slangs,slang,"Amigo, en la vida real, tú te rindes más rápido que una silla de Walmart.","Friend, in real life, you give up faster than a Walmart chair.",walmart,100.0,0.0,1.0,أيها الإخوة، في الواقع، أنت ت折 بشكل أسرع من كرسي وولمارت.,"Oh brothers, in fact, you fold faster than a Walmart chair.",walmart,100.0,0.0,0.0,老兄，你在现实生活中折叠得比沃尔玛椅子还快。,"Old fellow, you fold up in real life faster than a Walmart chair.",walmart,100.0,0.0,0.0,お前、リアルタイムでワルマートの椅子より速く折れるぞ。,"You, you can fold faster than a Walmart chair in real time.",walmart,100.0,0.0,0.0,0.0,4.0,,,,,,,,,,,,,,,,
0,"Mate, IRL you fold faster than a Walmart chair",chair,chair,is_single_word,0,8,,0,0.0,0,0.0,0.0,fold; irl; mate,genz-alpha-slangs,slang,"Amigo, en la vida real, tú te rindes más rápido que una silla de Walmart.","Friend, in real life, you give up faster than a Walmart chair.",chair,100.0,0.0,0.0,أيها الإخوة، في الواقع، أنت ت折 بشكل أسرع من كرسي وولمارت.,"Oh brothers, in fact, you fold faster than a Walmart chair.",chair,100.0,0.0,0.0,老兄，你在现实生活中折叠得比沃尔玛椅子还快。,"Old fellow, you fold up in real life faster than a Walmart chair.",chair,100.0,0.0,0.0,お前、リアルタイムでワルマートの椅子より速く折れるぞ。,"You, you can fold faster than a Walmart chair in real time.",chair,100.0,0.0,0.0,0.0,4.0,,,,,,,,,,,,,,,,
1,"Homie, this vibe is straight mid",Homie,homie,is_single_word,1,0,,1,12.57915723323822,1,1.0,1.0,homie; mid,genz-alpha-slangs,slang,"Hombre, esta onda es completamente normal.","Dude, this wave is completely normal.",this,44.44444444444444,1.0,0.0,أخي، هذه الطاقة على صراحة وسط,"Brother, this energy is on the surface honestly.",the,50.0,1.0,0.0,兄弟，这种气氛超级平淡。,"Brother, this kind of atmosphere is super dull.",this,44.44444444444444,1.0,0.0,ホミー、この気分はまさに真っ直ぐだ。,"Homi, this mood is just straightforward.",homi,88.88888888888889,1.0,0.0,4.0,0.0,<mask> <mask> this vibe is straight mid,▁hom ie,2.0,3.3718379363914614e-13,28.718148231506348,14.359074115753174,I of,0.0284435526343222,25.15831446647644,12.57915723323822,0.0,0.0,0.0,5.0,0.0,1.0
1,"Homie, this vibe is straight mid",this,this,is_single_word,0,1,,0,0.0,0,0.0,0.0,homie; mid,genz-alpha-slangs,slang,"Hombre, esta onda es completamente normal.","Dude, this wave is completely normal.",this,100.0,0.0,0.0,أخي، هذه الطاقة على صراحة وسط,"Brother, this energy is on the surface honestly.",this,100.0,0.0,0.0,兄弟，这种气氛超级平淡。,"Brother, this kind of atmosphere is super dull.",this,100.0,0.0,0.0,ホミー、この気分はまさに真っ直ぐだ。,"Homi, this mood is just straightforward.",this,100.0,0.0,0.0,0.0,4.0,,,,,,,,,,,,,,,,
1,"Homie, this vibe is straight mid",vibe,vibe,is_single_word,0,2,,1,7.886289477348328,1,1.0,0.0,homie; mid,genz-alpha-slangs,slang,"Hombre, esta onda es completamente normal.","Dude, this wave is completely normal.",wave,50.0,1.0,0.0,أخي، هذه الطاقة على صراحة وسط,"Brother, this energy is on the surface honestly.",brother,36.36363636363637,1.0,0.0,兄弟，这种气氛超级平淡。,"Brother, this kind of atmosphere is super dull.",brother,36.36363636363637,1.0,0.0,ホミー、この気分はまさに真っ直ぐだ。,"Homi, this mood is just straightforward.",is,33.333333333333336,1.0,0.0,4.0,0.0,homie this <mask> <mask> is straight mid,▁vi be,2.0,3.257654879223627e-09,19.54225826263428,9.77112913131714,is it,0.0230594570864462,15.772578954696655,7.886289477348328,2.0,2.0,0.0,5.0,0.0,1.0
1,"Homie, this vibe is straight mid",is,is,is_single_word,0,3,,0,0.0,0,0.0,0.0,homie; mid,genz-alpha-slangs,slang,"Hombre, esta onda es completamente normal.","Dude, this wave is completely normal.",is,100.0,0.0,0.0,أخي، هذه الطاقة على صراحة وسط,"Brother, this energy is on the surface honestly.",is,100.0,0.0,0.0,兄弟，这种气氛超级平淡。,"Brother, this kind of atmosphere is super dull.",is,100.0,0.0,0.0,ホミー、この気分はまさに真っ直ぐだ。,"Homi, this mood is just straightforward.",is,100.0,0.0,0.0,0.0,4.0,,,,,,,,,,,,,,,,
1,"Homie, this vibe is straight mid",straight,straight,is_single_word,0,4,,1,8.57663369178772,1,1.0,0.0,homie; mid,genz-alpha-slangs,slang,"Hombre, esta onda es completamente normal.","Dude, this wave is completely normal.",this,33.333333333333336,1.0,0.0,أخي، هذه الطاقة على صراحة وسط,"Brother, this energy is on the surface honestly.",surface,40.0,1.0,0.0,兄弟，这种气氛超级平淡。,"Brother, this kind of atmosphere is super dull.",this,33.333333333333336,1.0,0.0,ホミー、この気分はまさに真っ直ぐだ。,"Homi, this mood is just straightforward.",straightforward,69.56521739130434,1.0,0.0,4.0,0.0,homie this vibe is <mask> mid,▁straight,1.0,5.786451462596135e-05,9.757406234741213,9.757406234741213,from,0.3070414442487091,8.57663369178772,8.57663369178772,4.0,4.0,0.0,5.0,0.0,1.0
1,"Homie, this vibe is straight mid",mid,mid,is_single_word,1,5,,1,12.734294891357422,1,1.0,0.0,homie; mid,genz-alpha-slangs,slang,"Hombre, esta onda es completamente normal.","Dude, this wave is completely normal.",is,40.0,1.0,0.0,أخي، هذه الطاقة على صراحة وسط,"Brother, this energy is on the surface honestly.",is,40.0,1.0,0.0,兄弟，这种气氛超级平淡。,"Brother, this kind of atmosphere is super dull.",kind,57.14285714285714,1.0,0.0,ホミー、この気分はまさに真っ直ぐだ。,"Homi, this mood is just straightforward.",homi,57.14285714285714,1.0,0.0,4.0,0.0,homie this vibe is straight <mask>,▁mid,1.0,4.963376823148897e-07,14.516009330749512,14.516009330749512,up,0.1683492750835926,12.734294891357422,12.734294891357422,5.0,5.0,0.0,5.0,0.0,1.0
2,"Bro, you ghosted again",Bro,bro,is_single_word,1,0,,1,11.55944800376892,1,1.0,0.0,bro; ghosted,genz-alpha-slangs,slang,"Hombre, volviste a hacerme desaparecer.","Man, you've done it again, made me disappear.",done,28.57142857142857,1.0,0.0,أخ، أنت فجعتني مرة أخرى.,"Brother, you've surprised me again.",brother,60.0,1.0,0.0,兄弟，你又幽灵了。,"Brother, you've ghosted me again.",brother,60.0,1.0,0.0,ブラ、またまた消えたね。,The balloon has disappeared again.,balloon,40.0,1.0,0.0,4.0,0.0,<mask> you ghosted again,▁bro,1.0,4.160138477643343e-06,12.389962196350098,12.389962196350098,Have,0.4358251306480126,11.55944800376892,11.55944800376892,0.0,0.0,0.0,3.0,0.0,1.0
2,"Bro, you ghosted again",you,you,is_single_word,0,1,,1,6.538581609725952,1,1.0,0.0,bro; ghosted,genz-alpha-slangs,slang,"Hombre, volviste a hacerme desaparecer.","Man, you've done it again, made me disappear.",you've,66.66666666666667,1.0,0.0,أخ، أنت فجعتني مرة أخرى.,"Brother, you've surprised me again.",you've,66.66666666666667,1.0,0.0,兄弟，你又幽灵了。,"Brother, you've ghosted me again.",you've,66.66666666666667,1.0,0.0,ブラ、またまた消えたね。,The balloon has disappeared again.,balloon,20.0,1.0,0.0,4.0,0.0,bro <mask> ghosted again,▁you,1.0,0.0002273040191598,8.389222145080566,8.389222145080566,ke,0.1571364825987263,6.538581609725952,6.538581609725952,1.0,1.0,0.0,3.0,0.0,1.0
2,"Bro, you ghosted again",ghosted,ghosted,is_single_word,1,2,,0,0.0,0,0.75,0.0,bro; ghosted,genz-alpha-slangs,slang,"Hombre, volviste a hacerme desaparecer.","Man, you've done it again, made me disappear.",done,36.36363636363637,1.0,0.0,أخ، أنت فجعتني مرة أخرى.,"Brother, you've surprised me again.",brother,42.85714285714286,1.0,0.0,兄弟，你又幽灵了。,"Brother, you've ghosted me again.",ghosted,100.0,0.0,0.0,ブラ、またまた消えたね。,The balloon has disappeared again.,the,40.0,1.0,0.0,3.0,1.0,,,,,,,,,,,,,,,,
2,"Bro, you ghosted again",again,again,is_single_word,0,3,,0,0.0,0,0.0,0.0,bro; ghosted,genz-alpha-slangs,slang,"Hombre, volviste a hacerme desaparecer.","Man, you've done it again, made me disappear.",again,100.0,0.0,0.0,أخ، أنت فجعتني مرة أخرى.,"Brother, you've surprised me again.",again,100.0,0.0,0.0,兄弟，你又幽灵了。,"Brother, you've ghosted me again.",again,100.0,0.0,0.0,ブラ、またまた消えたね。,The balloon has disappeared again.,again,100.0,0.0,0.0,0.0,4.0,,,,,,,,,,,,,,,,
3,"Homie, pull up or stay sus",Homie,homie,is_single_word,1,0,,1,10.537477493286133,1,1.0,1.0,homie; sus,genz-alpha-slangs,slang,"Hombre, acércate o quédate así.","Man, come closer or stay like that.",come,66.66666666666667,1.0,0.0,أيها الإخوة، جاءوا أو تبقى مشكوكًا.,"Oh brothers, they came or they remain questionable.",they,44.44444444444444,1.0,0.0,兄弟，过来或者保持谨慎,"Brother, come over or be cautious.",come,66.66666666666667,1.0,0.0,ホミー、車を停めておいてススだ。,"Homi, the car to stop and let's go.",homi,88.88888888888889,1.0,0.0,4.0,0.0,<mask> <mask> pull up or stay sus,▁hom ie,2.0,1.523034866145825e-11,24.90773105621338,12.45386552810669,How to,0.0216494318008794,21.074954986572266,10.537477493286133,0.0,0.0,0.0,5.0,0.0,1.0
3,"Homie, pull up or stay sus",pull,pull,is_single_word,0,1,,1,5.705482482910156,1,1.0,0.0,homie; sus,genz-alpha-slangs,slang,"Hombre, acércate o quédate así.","Man, come closer or stay like that.",like,25.0,1.0,0.0,أيها الإخوة، جاءوا أو تبقى مشكوكًا.,"Oh brothers, they came or they remain questionable.",questionable,25.0,1.0,0.0,兄弟，过来或者保持谨慎,"Brother, come over or be cautious.",cautious,16.666666666666664,1.0,0.0,ホミー、車を停めておいてススだ。,"Homi, the car to stop and let's go.",stop,25.0,1.0,0.0,4.0,0.0,homie <mask> up or stay sus,▁pull,1.0,0.0010706856071152,6.839456081390381,6.839456081390381,stay,0.3217521988552749,5.705482482910156,5.705482482910156,1.0,1.0,0.0,5.0,0.0,1.0
3,"Homie, pull up or stay sus",up,up,is_single_word,0,2,,1,0.6716917753219604,1,1.0,0.0,homie; sus,genz-alpha-slangs,slang,"Hombre, acércate o quédate así.","Man, come closer or stay like that.",man,0.0,1.0,0.0,أيها الإخوة، جاءوا أو تبقى مشكوكًا.,"Oh brothers, they came or they remain questionable.",questionable,14.28571428571429,1.0,0.0,兄弟，过来或者保持谨慎,"Brother, come over or be cautious.",cautious,20.0,1.0,0.0,ホミー、車を停めておいてススだ。,"Homi, the car to stop and let's go.",stop,33.333333333333336,1.0,0.0,4.0,0.0,homie pull <mask> or stay sus,▁up,1.0,0.1293677803519191,2.045095920562744,2.045095920562744,in,0.2532434132082905,0.6716917753219604,0.6716917753219604,2.0,2.0,0.0,5.0,0.0,1.0
3,"Homie, pull up or stay sus",or,or,is_single_word,0,3,,0,0.0,0,0.25,0.0,homie; sus,genz-alpha-slangs,slang,"Hombre, acércate o quédate así.","Man, come closer or stay like that.",or,100.0,0.0,0.0,أيها الإخوة، جاءوا أو تبقى مشكوكًا.,"Oh brothers, they came or they remain questionable.",or,100.0,0.0,0.0,兄弟，过来或者保持谨慎,"Brother, come over or be cautious.",or,100.0,0.0,0.0,ホミー、車を停めておいてススだ。,"Homi, the car to stop and let's go.",to,50.0,1.0,0.0,1.0,3.0,,,,,,,,,,,,,,,,
3,"Homie, pull up or stay sus",stay,stay,is_single_word,0,4,,0,0.0,0,0.75,0.0,homie; sus,genz-alpha-slangs,slang,"Hombre, acércate o quédate así.","Man, come closer or stay like that.",stay,100.0,0.0,0.0,أيها الإخوة، جاءوا أو تبقى مشكوكًا.,"Oh brothers, they came or they remain questionable.",they,50.0,1.0,0.0,兄弟，过来或者保持谨慎,"Brother, come over or be cautious.",brother,18.181818181818176,1.0,0.0,ホミー、車を停めておいてススだ。,"Homi, the car to stop and let's go.",stop,50.0,1.0,0.0,3.0,1.0,,,,,,,,,,,,,,,,
3,"Homie, pull up or stay sus",sus,sus,is_single_word,1,5,,1,14.612697690725328,1,1.0,0.0,homie; sus,genz-alpha-slangs,slang,"Hombre, acércate o quédate así.","Man, come closer or stay like that.",stay,28.57142857142857,1.0,0.0,أيها الإخوة، جاءوا أو تبقى مشكوكًا.,"Oh brothers, they came or they remain questionable.",questionable,26.66666666666667,1.0,0.0,兄弟，过来或者保持谨慎,"Brother, come over or be cautious.",cautious,36.36363636363637,1.0,0.0,ホミー、車を停めておいてススだ。,"Homi, the car to stop and let's go.",stop,28.57142857142857,1.0,0.0,4.0,0.0,homie pull up or stay <mask>,▁sus,1.0,3.7271737522396194e-07,14.802445411682127,14.802445411682127,up,0.8271677847204396,14.612697690725328,14.612697690725328,5.0,5.0,0.0,5.0,0.0,1.0
4,"Bro, skibidi outta here, sigma style",Bro,bro,is_single_word,1,0,,1,6.530422210693359,1,1.0,0.0,bro,genz-alpha-slangs,slang,"Hermano, skibidi fuera de aquí, estilo sigma","Brother, skibidi get out of here, sigma style",brother,60.0,1.0,0.0,أخي، اذهب إلى هناك، بطرق سيجيما,"Brother, go there, by the scenic routes.",brother,60.0,1.0,0.0,兄弟，斯基比迪滚蛋，西格玛风格,"Brother, Ski Bidi roll away, Sigma style.",brother,60.0,1.0,0.0,ブラ、スキビディ アウトタ ヘア、シグマ スタイルです。,"Bra, Skividi outta hair, Sigma style.",bra,66.66666666666667,1.0,0.0,4.0,0.0,<mask> skibidi outta here sigma style,▁bro,1.0,5.7592492371011645e-05,9.762118339538574,9.762118339538574,I,0.0394904610420582,6.530422210693359,6.530422210693359,0.0,0.0,0.0,5.0,0.0,1.0
4,"Bro, skibidi outta here, sigma style",skibidi,skibidi,is_single_word,0,1,,1,6.315938154856364,1,1.0,0.0,bro,genz-alpha-slangs,slang,"Hermano, skibidi fuera de aquí, estilo sigma","Brother, skibidi get out of here, sigma style",skibidi,100.0,1.0,1.0,أخي، اذهب إلى هناك، بطرق سيجيما,"Brother, go there, by the scenic routes.",scenic,30.76923076923077,1.0,0.0,兄弟，斯基比迪滚蛋，西格玛风格,"Brother, Ski Bidi roll away, Sigma style.",bidi,72.72727272727273,1.0,0.0,ブラ、スキビディ アウトタ ヘア、シグマ スタイルです。,"Bra, Skividi outta hair, Sigma style.",skividi,85.71428571428572,1.0,0.0,4.0,0.0,bro <mask> <mask> <mask> outta here sigma style,▁ski bi di,3.0,2.2093638940919798e-13,29.14090156555176,9.71363385518392,ke  me,3.742816354454623e-05,18.94781446456909,6.315938154856364,1.0,1.0,0.0,5.0,0.0,1.0
4,"Bro, skibidi outta here, sigma style",outta,outta,is_single_word,0,2,,0,0.0,0,0.75,0.0,bro,genz-alpha-slangs,slang,"Hermano, skibidi fuera de aquí, estilo sigma","Brother, skibidi get out of here, sigma style",out,75.0,1.0,0.0,أخي، اذهب إلى هناك، بطرق سيجيما,"Brother, go there, by the scenic routes.",routes,54.54545454545454,1.0,0.0,兄弟，斯基比迪滚蛋，西格玛风格,"Brother, Ski Bidi roll away, Sigma style.",brother,33.333333333333336,1.0,0.0,ブラ、スキビディ アウトタ ヘア、シグマ スタイルです。,"Bra, Skividi outta hair, Sigma style.",outta,100.0,0.0,0.0,3.0,1.0,,,,,,,,,,,,,,,,
4,"Bro, skibidi outta here, sigma style",here,here,is_single_word,0,3,,0,0.0,0,0.75,0.0,bro,genz-alpha-slangs,slang,"Hermano, skibidi fuera de aquí, estilo sigma","Brother, skibidi get out of here, sigma style",here,100.0,0.0,0.0,أخي، اذهب إلى هناك، بطرق سيجيما,"Brother, go there, by the scenic routes.",there,88.88888888888889,1.0,0.0,兄弟，斯基比迪滚蛋，西格玛风格,"Brother, Ski Bidi roll away, Sigma style.",brother,54.54545454545454,1.0,0.0,ブラ、スキビディ アウトタ ヘア、シグマ スタイルです。,"Bra, Skividi outta hair, Sigma style.",hair,50.0,1.0,0.0,3.0,1.0,,,,,,,,,,,,,,,,
4,"Bro, skibidi outta here, sigma style",sigma,sigma,is_single_word,0,4,,0,0.0,0,0.5,0.0,bro,genz-alpha-slangs,slang,"Hermano, skibidi fuera de aquí, estilo sigma","Brother, skibidi get out of here, sigma style",sigma,100.0,1.0,1.0,أخي، اذهب إلى هناك، بطرق سيجيما,"Brother, go there, by the scenic routes.",scenic,36.36363636363637,1.0,0.0,兄弟，斯基比迪滚蛋，西格玛风格,"Brother, Ski Bidi roll away, Sigma style.",sigma,100.0,0.0,0.0,ブラ、スキビディ アウトタ ヘア、シグマ スタイルです。,"Bra, Skividi outta hair, Sigma style.",sigma,100.0,0.0,0.0,2.0,2.0,,,,,,,,,,,,,,,,
4,"Bro, skibidi outta here, sigma style",style,style,is_single_word,0,5,,0,0.0,0,0.25,0.0,bro,genz-alpha-slangs,slang,"Hermano, skibidi fuera de aquí, estilo sigma","Brother, skibidi get out of here, sigma style",style,100.0,0.0,0.0,أخي، اذهب إلى هناك، بطرق سيجيما,"Brother, go there, by the scenic routes.",the,50.0,1.0,0.0,兄弟，斯基比迪滚蛋，西格玛风格,"Brother, Ski Bidi roll away, Sigma style.",style,100.0,0.0,0.0,ブラ、スキビディ アウトタ ヘア、シグマ スタイルです。,"Bra, Skividi outta hair, Sigma style.",style,100.0,0.0,0.0,1.0,3.0,,,,,,,,,,,,,,,,
5,"Bro, lowkey flexin’",Bro,bro,is_single_word,1,0,,1,7.444328308105469,1,1.0,0.0,bro; flexin; lowkey,genz-alpha-slangs,slang,"Hombre, bajo la mesa, me estoy luciendo.","Man, under the table, I'm showing off.",off,33.333333333333336,1.0,0.0,أخي، أظهر بعض الإنجازاتخفية,"Brother, show some hidden achievements.",brother,60.0,1.0,0.0,兄弟，低调炫耀,"Brother, subtle bragging.",brother,60.0,1.0,0.0,ブラ、低くて自慢している,"Pride, low and proud.",proud,50.0,1.0,0.0,4.0,0.0,<mask> lowkey flexin,▁bro,1.0,3.159289223231883e-05,10.362578392028809,10.362578392028809,</s>,0.0540281493530636,7.444328308105469,7.444328308105469,0.0,0.0,0.0,2.0,0.0,1.0
5,"Bro, lowkey flexin’",lowkey,lowkey,is_single_word,1,1,,1,8.840899169445038,1,1.0,0.0,bro; flexin; lowkey,genz-alpha-slangs,slang,"Hombre, bajo la mesa, me estoy luciendo.","Man, under the table, I'm showing off.",table,36.36363636363637,1.0,0.0,أخي، أظهر بعض الإنجازاتخفية,"Brother, show some hidden achievements.",show,40.0,1.0,0.0,兄弟，低调炫耀,"Brother, subtle bragging.",subtle,33.333333333333336,1.0,0.0,ブラ、低くて自慢している,"Pride, low and proud.",low,66.66666666666667,1.0,0.0,4.0,0.0,bro <mask> <mask> flexin,▁low key,2.0,9.325921190055014e-11,23.095638275146484,11.547819137573242,cco de,0.0044545023232324,17.681798338890076,8.840899169445038,1.0,1.0,0.0,2.0,0.0,1.0
5,"Bro, lowkey flexin’",flexin,flexin,is_single_word,1,2,,1,4.998167196909587,1,1.0,0.0,bro; flexin; lowkey,genz-alpha-slangs,slang,"Hombre, bajo la mesa, me estoy luciendo.","Man, under the table, I'm showing off.",table,36.36363636363637,1.0,0.0,أخي، أظهر بعض الإنجازاتخفية,"Brother, show some hidden achievements.",hidden,33.333333333333336,1.0,0.0,兄弟，低调炫耀,"Brother, subtle bragging.",subtle,33.333333333333336,1.0,0.0,ブラ、低くて自慢している,"Pride, low and proud.",low,22.22222222222222,1.0,0.0,4.0,0.0,bro lowkey <mask> <mask> <mask>,▁ flex in,3.0,1.7499624165378188e-10,22.46625661849976,7.488752206166585,s . </s>,0.0005689289341003,14.99450159072876,4.998167196909587,2.0,2.0,0.0,2.0,0.0,1.0
6,"Bro, pull up or stay sus",Bro,bro,is_single_word,1,0,,1,11.707053899765016,1,1.0,0.0,bro; sus,genz-alpha-slangs,slang,"Hombre, acércate o quédate así.","Man, come closer or stay like that.",or,40.0,1.0,0.0,"أخ, جاء أو تبقى مشكوك","Brother, will he come or will he stay is uncertain.",brother,60.0,1.0,0.0,兄弟，拉上来或保持怀疑,"Brother, pull it up or keep it suspicious.",brother,60.0,1.0,0.0,ブラ、上がってきてくれよ、または疑問のままにしてくれ。,"Bring the beer, or leave it as it is.",beer,57.14285714285714,1.0,0.0,4.0,0.0,<mask> pull up or stay sus,▁bro,1.0,1.91813188697583e-06,13.164158821105955,13.164158821105955,Please,0.2329095911943694,11.707053899765016,11.707053899765016,0.0,0.0,0.0,5.0,0.0,1.0
6,"Bro, pull up or stay sus",pull,pull,is_single_word,0,1,,0,0.0,0,0.75,0.0,bro; sus,genz-alpha-slangs,slang,"Hombre, acércate o quédate así.","Man, come closer or stay like that.",like,25.0,1.0,0.0,"أخ, جاء أو تبقى مشكوك","Brother, will he come or will he stay is uncertain.",will,50.0,1.0,0.0,兄弟，拉上来或保持怀疑,"Brother, pull it up or keep it suspicious.",pull,100.0,0.0,0.0,ブラ、上がってきてくれよ、または疑問のままにしてくれ。,"Bring the beer, or leave it as it is.",leave,22.22222222222222,1.0,0.0,3.0,1.0,,,,,,,,,,,,,,,,
6,"Bro, pull up or stay sus",up,up,is_single_word,0,2,,0,0.0,0,0.75,0.0,bro; sus,genz-alpha-slangs,slang,"Hombre, acércate o quédate así.","Man, come closer or stay like that.",man,0.0,1.0,0.0,"أخ, جاء أو تبقى مشكوك","Brother, will he come or will he stay is uncertain.",uncertain,18.181818181818176,1.0,0.0,兄弟，拉上来或保持怀疑,"Brother, pull it up or keep it suspicious.",up,100.0,0.0,0.0,ブラ、上がってきてくれよ、または疑問のままにしてくれ。,"Bring the beer, or leave it as it is.",bring,0.0,1.0,0.0,3.0,1.0,,,,,,,,,,,,,,,,
6,"Bro, pull up or stay sus",or,or,is_single_word,0,3,,0,0.0,0,0.0,0.0,bro; sus,genz-alpha-slangs,slang,"Hombre, acércate o quédate así.","Man, come closer or stay like that.",or,100.0,0.0,0.0,"أخ, جاء أو تبقى مشكوك","Brother, will he come or will he stay is uncertain.",or,100.0,0.0,0.0,兄弟，拉上来或保持怀疑,"Brother, pull it up or keep it suspicious.",or,100.0,0.0,0.0,ブラ、上がってきてくれよ、または疑問のままにしてくれ。,"Bring the beer, or leave it as it is.",or,100.0,0.0,0.0,0.0,4.0,,,,,,,,,,,,,,,,
6,"Bro, pull up or stay sus",stay,stay,is_single_word,0,4,,0,0.0,0,0.5,0.0,bro; sus,genz-alpha-slangs,slang,"Hombre, acércate o quédate así.","Man, come closer or stay like that.",stay,100.0,0.0,0.0,"أخ, جاء أو تبقى مشكوك","Brother, will he come or will he stay is uncertain.",stay,100.0,0.0,0.0,兄弟，拉上来或保持怀疑,"Brother, pull it up or keep it suspicious.",it,33.333333333333336,1.0,0.0,ブラ、上がってきてくれよ、または疑問のままにしてくれ。,"Bring the beer, or leave it as it is.",it,33.333333333333336,1.0,0.0,2.0,2.0,,,,,,,,,,,,,,,,
6,"Bro, pull up or stay sus",sus,sus,is_single_word,1,5,,1,12.828323483467102,1,1.0,0.0,bro; sus,genz-alpha-slangs,slang,"Hombre, acércate o quédate así.","Man, come closer or stay like that.",stay,28.57142857142857,1.0,0.0,"أخ, جاء أو تبقى مشكوك","Brother, will he come or will he stay is uncertain.",is,40.0,1.0,0.0,兄弟，拉上来或保持怀疑,"Brother, pull it up or keep it suspicious.",suspicious,46.15384615384615,1.0,0.0,ブラ、上がってきてくれよ、または疑問のままにしてくれ。,"Bring the beer, or leave it as it is.",as,40.0,1.0,0.0,4.0,0.0,bro pull up or stay <mask>,▁sus,1.0,1.537958626146329e-06,13.385054588317873,13.385054588317873,up,0.5730793415923173,12.828323483467102,12.828323483467102,5.0,5.0,0.0,5.0,0.0,1.0
7,"Yo, you ghosted again",Yo,yo,is_single_word,1,0,,1,14.174751043319702,1,1.0,0.0,ghosted; yo,genz-alpha-slangs,slang,Tú me has vuelto a fantasma de nuevo.,You've turned me into a ghost again.,you've,50.0,1.0,0.0,يا صديقي، أنت فعلت ذلك مجددًا.,"Oh my friend, you did that again.",you,80.0,1.0,0.0,又一次被你冷落了,You've been ignored by you again.,you,80.0,1.0,0.0,よ、またあなたは幽霊になったね。,"Oh, you're a ghost again.",oh,50.0,1.0,0.0,4.0,0.0,<mask> you ghosted again,▁yo,1.0,3.042959054101434e-07,15.00526523590088,15.00526523590088,Have,0.4358251306480126,14.174751043319702,14.174751043319702,0.0,0.0,0.0,3.0,0.0,1.0
7,"Yo, you ghosted again",you,you,is_single_word,0,1,,0,0.0,0,0.5,0.0,ghosted; yo,genz-alpha-slangs,slang,Tú me has vuelto a fantasma de nuevo.,You've turned me into a ghost again.,you've,66.66666666666667,1.0,0.0,يا صديقي، أنت فعلت ذلك مجددًا.,"Oh my friend, you did that again.",you,100.0,0.0,0.0,又一次被你冷落了,You've been ignored by you again.,you,100.0,0.0,0.0,よ、またあなたは幽霊になったね。,"Oh, you're a ghost again.",you're,66.66666666666667,1.0,0.0,2.0,2.0,,,,,,,,,,,,,,,,
7,"Yo, you ghosted again",ghosted,ghosted,is_single_word,1,2,,1,9.528819411993029,1,1.0,0.0,ghosted; yo,genz-alpha-slangs,slang,Tú me has vuelto a fantasma de nuevo.,You've turned me into a ghost again.,ghost,83.33333333333334,1.0,0.0,يا صديقي، أنت فعلت ذلك مجددًا.,"Oh my friend, you did that again.",that,36.36363636363637,1.0,0.0,又一次被你冷落了,You've been ignored by you again.,ignored,57.14285714285714,1.0,0.0,よ、またあなたは幽霊になったね。,"Oh, you're a ghost again.",ghost,83.33333333333334,1.0,0.0,4.0,0.0,yo you <mask> <mask> again,▁gho sted,2.0,5.964583361496439e-11,23.5425968170166,11.7712984085083, me,0.0112773612385598,19.057638823986053,9.528819411993029,2.0,2.0,0.0,3.0,0.0,1.0
7,"Yo, you ghosted again",again,again,is_single_word,0,3,,0,0.0,0,0.0,0.0,ghosted; yo,genz-alpha-slangs,slang,Tú me has vuelto a fantasma de nuevo.,You've turned me into a ghost again.,again,100.0,0.0,0.0,يا صديقي، أنت فعلت ذلك مجددًا.,"Oh my friend, you did that again.",again,100.0,0.0,0.0,又一次被你冷落了,You've been ignored by you again.,again,100.0,0.0,0.0,よ、またあなたは幽霊になったね。,"Oh, you're a ghost again.",again,100.0,0.0,0.0,0.0,4.0,,,,,,,,,,,,,,,,
8,"Bro, IRL you fold faster than a Walmart chair",Bro,bro,is_single_word,1,0,,1,8.340866088867188,1,1.0,0.0,bro; fold; irl,genz-alpha-slangs,slang,"Hombre, en la vida real, tú te rindes más rápido que una silla de Walmart.","Listen, in real life, you give up faster than a Walmart office chair.",you,33.333333333333336,1.0,0.0,أخي، في الواقع، أنت ت折 بشكل أسرع من كرسي وولمارت.,"Brother, in fact, you fold faster than a Walmart chair.",brother,60.0,1.0,0.0,兄弟，你在现实生活中折叠得比沃尔玛椅子还快。,"Brother, you fold up in real life faster than a Walmart chair.",brother,60.0,1.0,0.0,ブラ、IRLあなたはワルマートの椅子より速く折れる。,"Bra, IRL you are faster than folding a Walmart chair.",bra,66.66666666666667,1.0,0.0,4.0,0.0,<mask> irl you fold faster than a walmart chair,▁bro,1.0,2.024146358221369e-05,10.807777404785156,10.807777404785156,Why,0.0848465187933417,8.340866088867188,8.340866088867188,0.0,0.0,0.0,8.0,0.0,1.0
8,"Bro, IRL you fold faster than a Walmart chair",IRL,irl,is_single_word,1,1,,0,0.0,0,0.75,1.0,bro; fold; irl,genz-alpha-slangs,slang,"Hombre, en la vida real, tú te rindes más rápido que una silla de Walmart.","Listen, in real life, you give up faster than a Walmart office chair.",real,57.14285714285714,1.0,0.0,أخي، في الواقع، أنت ت折 بشكل أسرع من كرسي وولمارت.,"Brother, in fact, you fold faster than a Walmart chair.",chair,50.0,1.0,0.0,兄弟，你在现实生活中折叠得比沃尔玛椅子还快。,"Brother, you fold up in real life faster than a Walmart chair.",real,57.14285714285714,1.0,0.0,ブラ、IRLあなたはワルマートの椅子より速く折れる。,"Bra, IRL you are faster than folding a Walmart chair.",irl,100.0,0.0,0.0,3.0,1.0,,,,,,,,,,,,,,,,
8,"Bro, IRL you fold faster than a Walmart chair",you,you,is_single_word,0,2,,0,0.0,0,0.0,0.0,bro; fold; irl,genz-alpha-slangs,slang,"Hombre, en la vida real, tú te rindes más rápido que una silla de Walmart.","Listen, in real life, you give up faster than a Walmart office chair.",you,100.0,0.0,0.0,أخي، في الواقع، أنت ت折 بشكل أسرع من كرسي وولمارت.,"Brother, in fact, you fold faster than a Walmart chair.",you,100.0,0.0,0.0,兄弟，你在现实生活中折叠得比沃尔玛椅子还快。,"Brother, you fold up in real life faster than a Walmart chair.",you,100.0,0.0,0.0,ブラ、IRLあなたはワルマートの椅子より速く折れる。,"Bra, IRL you are faster than folding a Walmart chair.",you,100.0,0.0,0.0,0.0,4.0,,,,,,,,,,,,,,,,
8,"Bro, IRL you fold faster than a Walmart chair",fold,fold,is_single_word,1,3,,0,0.0,0,0.5,0.0,bro; fold; irl,genz-alpha-slangs,slang,"Hombre, en la vida real, tú te rindes más rápido que una silla de Walmart.","Listen, in real life, you give up faster than a Walmart office chair.",you,28.57142857142857,1.0,0.0,أخي، في الواقع، أنت ت折 بشكل أسرع من كرسي وولمارت.,"Brother, in fact, you fold faster than a Walmart chair.",fold,100.0,0.0,0.0,兄弟，你在现实生活中折叠得比沃尔玛椅子还快。,"Brother, you fold up in real life faster than a Walmart chair.",fold,100.0,0.0,0.0,ブラ、IRLあなたはワルマートの椅子より速く折れる。,"Bra, IRL you are faster than folding a Walmart chair.",folding,72.72727272727273,1.0,0.0,2.0,2.0,,,,,,,,,,,,,,,,
8,"Bro, IRL you fold faster than a Walmart chair",faster,faster,is_single_word,0,4,,0,0.0,0,0.0,0.0,bro; fold; irl,genz-alpha-slangs,slang,"Hombre, en la vida real, tú te rindes más rápido que una silla de Walmart.","Listen, in real life, you give up faster than a Walmart office chair.",faster,100.0,0.0,0.0,أخي، في الواقع، أنت ت折 بشكل أسرع من كرسي وولمارت.,"Brother, in fact, you fold faster than a Walmart chair.",faster,100.0,0.0,0.0,兄弟，你在现实生活中折叠得比沃尔玛椅子还快。,"Brother, you fold up in real life faster than a Walmart chair.",faster,100.0,0.0,0.0,ブラ、IRLあなたはワルマートの椅子より速く折れる。,"Bra, IRL you are faster than folding a Walmart chair.",faster,100.0,0.0,0.0,0.0,4.0,,,,,,,,,,,,,,,,
8,"Bro, IRL you fold faster than a Walmart chair",than,than,is_single_word,0,5,,0,0.0,0,0.0,0.0,bro; fold; irl,genz-alpha-slangs,slang,"Hombre, en la vida real, tú te rindes más rápido que una silla de Walmart.","Listen, in real life, you give up faster than a Walmart office chair.",than,100.0,0.0,0.0,أخي، في الواقع، أنت ت折 بشكل أسرع من كرسي وولمارت.,"Brother, in fact, you fold faster than a Walmart chair.",than,100.0,0.0,0.0,兄弟，你在现实生活中折叠得比沃尔玛椅子还快。,"Brother, you fold up in real life faster than a Walmart chair.",than,100.0,0.0,0.0,ブラ、IRLあなたはワルマートの椅子より速く折れる。,"Bra, IRL you are faster than folding a Walmart chair.",than,100.0,0.0,0.0,0.0,4.0,,,,,,,,,,,,,,,,
8,"Bro, IRL you fold faster than a Walmart chair",a,a,is_single_word,0,6,,0,0.0,0,0.0,0.0,bro; fold; irl,genz-alpha-slangs,slang,"Hombre, en la vida real, tú te rindes más rápido que una silla de Walmart.","Listen, in real life, you give up faster than a Walmart office chair.",a,100.0,0.0,0.0,أخي، في الواقع، أنت ت折 بشكل أسرع من كرسي وولمارت.,"Brother, in fact, you fold faster than a Walmart chair.",a,100.0,0.0,0.0,兄弟，你在现实生活中折叠得比沃尔玛椅子还快。,"Brother, you fold up in real life faster than a Walmart chair.",a,100.0,0.0,0.0,ブラ、IRLあなたはワルマートの椅子より速く折れる。,"Bra, IRL you are faster than folding a Walmart chair.",a,100.0,0.0,0.0,0.0,4.0,,,,,,,,,,,,,,,,
8,"Bro, IRL you fold faster than a Walmart chair",Walmart,walmart,is_single_word,0,7,,0,0.0,0,0.0,1.0,bro; fold; irl,genz-alpha-slangs,slang,"Hombre, en la vida real, tú te rindes más rápido que una silla de Walmart.","Listen, in real life, you give up faster than a Walmart office chair.",walmart,100.0,0.0,1.0,أخي، في الواقع، أنت ت折 بشكل أسرع من كرسي وولمارت.,"Brother, in fact, you fold faster than a Walmart chair.",walmart,100.0,0.0,0.0,兄弟，你在现实生活中折叠得比沃尔玛椅子还快。,"Brother, you fold up in real life faster than a Walmart chair.",walmart,100.0,0.0,0.0,ブラ、IRLあなたはワルマートの椅子より速く折れる。,"Bra, IRL you are faster than folding a Walmart chair.",walmart,100.0,0.0,0.0,0.0,4.0,,,,,,,,,,,,,,,,
8,"Bro, IRL you fold faster than a Walmart chair",chair,chair,is_single_word,0,8,,0,0.0,0,0.0,0.0,bro; fold; irl,genz-alpha-slangs,slang,"Hombre, en la vida real, tú te rindes más rápido que una silla de Walmart.","Listen, in real life, you give up faster than a Walmart office chair.",chair,100.0,0.0,0.0,أخي، في الواقع، أنت ت折 بشكل أسرع من كرسي وولمارت.,"Brother, in fact, you fold faster than a Walmart chair.",chair,100.0,0.0,0.0,兄弟，你在现实生活中折叠得比沃尔玛椅子还快。,"Brother, you fold up in real life faster than a Walmart chair.",chair,100.0,0.0,0.0,ブラ、IRLあなたはワルマートの椅子より速く折れる。,"Bra, IRL you are faster than folding a Walmart chair.",chair,100.0,0.0,0.0,0.0,4.0,,,,,,,,,,,,,,,,
9,"Bruh, IRL you fold faster than a Walmart chair",Bruh,bruh,is_single_word,1,0,,1,8.121963262557983,1,1.0,0.0,bruh; fold; irl,genz-alpha-slangs,slang,"Hombre, en la vida real, tú te rindes más rápido que una silla de Walmart.","Listen, in real life, you give up faster than a Walmart office chair.",up,33.333333333333336,1.0,0.0,أنا أعتقد أنك ت折 في الواقع أسرع من كرسي وولمارت.,I think you're actually folding faster than a Walmart chair.,than,25.0,1.0,0.0,兄弟，你在现实生活中折叠得比沃尔玛椅子还快,"Brother, you fold up in real life faster than a Walmart chair.",brother,54.54545454545454,1.0,0.0,ブラフ、IRLあなたはワルマートの椅子より速く折れる,"Brah, IRL you fold faster than a Walmart chair.",brah,75.0,1.0,0.0,4.0,0.0,<mask> <mask> irl you fold faster than a walmart chair,▁bru h,2.0,9.72282030845387e-10,20.751375198364254,10.375687599182127,Why can,0.0110265566679063,16.243926525115967,8.121963262557983,0.0,0.0,0.0,8.0,0.0,1.0
9,"Bruh, IRL you fold faster than a Walmart chair",IRL,irl,is_single_word,1,1,,0,0.0,0,0.75,1.0,bruh; fold; irl,genz-alpha-slangs,slang,"Hombre, en la vida real, tú te rindes más rápido que una silla de Walmart.","Listen, in real life, you give up faster than a Walmart office chair.",real,57.14285714285714,1.0,0.0,أنا أعتقد أنك ت折 في الواقع أسرع من كرسي وولمارت.,I think you're actually folding faster than a Walmart chair.,i,50.0,1.0,0.0,兄弟，你在现实生活中折叠得比沃尔玛椅子还快,"Brother, you fold up in real life faster than a Walmart chair.",real,57.14285714285714,1.0,0.0,ブラフ、IRLあなたはワルマートの椅子より速く折れる,"Brah, IRL you fold faster than a Walmart chair.",irl,100.0,0.0,0.0,3.0,1.0,,,,,,,,,,,,,,,,
9,"Bruh, IRL you fold faster than a Walmart chair",you,you,is_single_word,0,2,,0,0.0,0,0.25,0.0,bruh; fold; irl,genz-alpha-slangs,slang,"Hombre, en la vida real, tú te rindes más rápido que una silla de Walmart.","Listen, in real life, you give up faster than a Walmart office chair.",you,100.0,0.0,0.0,أنا أعتقد أنك ت折 في الواقع أسرع من كرسي وولمارت.,I think you're actually folding faster than a Walmart chair.,you're,66.66666666666667,1.0,0.0,兄弟，你在现实生活中折叠得比沃尔玛椅子还快,"Brother, you fold up in real life faster than a Walmart chair.",you,100.0,0.0,0.0,ブラフ、IRLあなたはワルマートの椅子より速く折れる,"Brah, IRL you fold faster than a Walmart chair.",you,100.0,0.0,0.0,1.0,3.0,,,,,,,,,,,,,,,,
9,"Bruh, IRL you fold faster than a Walmart chair",fold,fold,is_single_word,1,3,,0,0.0,0,0.5,0.0,bruh; fold; irl,genz-alpha-slangs,slang,"Hombre, en la vida real, tú te rindes más rápido que una silla de Walmart.","Listen, in real life, you give up faster than a Walmart office chair.",you,28.57142857142857,1.0,0.0,أنا أعتقد أنك ت折 في الواقع أسرع من كرسي وولمارت.,I think you're actually folding faster than a Walmart chair.,folding,72.72727272727273,1.0,0.0,兄弟，你在现实生活中折叠得比沃尔玛椅子还快,"Brother, you fold up in real life faster than a Walmart chair.",fold,100.0,0.0,0.0,ブラフ、IRLあなたはワルマートの椅子より速く折れる,"Brah, IRL you fold faster than a Walmart chair.",fold,100.0,0.0,0.0,2.0,2.0,,,,,,,,,,,,,,,,
9,"Bruh, IRL you fold faster than a Walmart chair",faster,faster,is_single_word,0,4,,0,0.0,0,0.0,0.0,bruh; fold; irl,genz-alpha-slangs,slang,"Hombre, en la vida real, tú te rindes más rápido que una silla de Walmart.","Listen, in real life, you give up faster than a Walmart office chair.",faster,100.0,0.0,0.0,أنا أعتقد أنك ت折 في الواقع أسرع من كرسي وولمارت.,I think you're actually folding faster than a Walmart chair.,faster,100.0,0.0,0.0,兄弟，你在现实生活中折叠得比沃尔玛椅子还快,"Brother, you fold up in real life faster than a Walmart chair.",faster,100.0,0.0,0.0,ブラフ、IRLあなたはワルマートの椅子より速く折れる,"Brah, IRL you fold faster than a Walmart chair.",faster,100.0,0.0,0.0,0.0,4.0,,,,,,,,,,,,,,,,
9,"Bruh, IRL you fold faster than a Walmart chair",than,than,is_single_word,0,5,,0,0.0,0,0.0,0.0,bruh; fold; irl,genz-alpha-slangs,slang,"Hombre, en la vida real, tú te rindes más rápido que una silla de Walmart.","Listen, in real life, you give up faster than a Walmart office chair.",than,100.0,0.0,0.0,أنا أعتقد أنك ت折 في الواقع أسرع من كرسي وولمارت.,I think you're actually folding faster than a Walmart chair.,than,100.0,0.0,0.0,兄弟，你在现实生活中折叠得比沃尔玛椅子还快,"Brother, you fold up in real life faster than a Walmart chair.",than,100.0,0.0,0.0,ブラフ、IRLあなたはワルマートの椅子より速く折れる,"Brah, IRL you fold faster than a Walmart chair.",than,100.0,0.0,0.0,0.0,4.0,,,,,,,,,,,,,,,,
9,"Bruh, IRL you fold faster than a Walmart chair",a,a,is_single_word,0,6,,0,0.0,0,0.0,0.0,bruh; fold; irl,genz-alpha-slangs,slang,"Hombre, en la vida real, tú te rindes más rápido que una silla de Walmart.","Listen, in real life, you give up faster than a Walmart office chair.",a,100.0,0.0,0.0,أنا أعتقد أنك ت折 في الواقع أسرع من كرسي وولمارت.,I think you're actually folding faster than a Walmart chair.,a,100.0,0.0,0.0,兄弟，你在现实生活中折叠得比沃尔玛椅子还快,"Brother, you fold up in real life faster than a Walmart chair.",a,100.0,0.0,0.0,ブラフ、IRLあなたはワルマートの椅子より速く折れる,"Brah, IRL you fold faster than a Walmart chair.",a,100.0,0.0,0.0,0.0,4.0,,,,,,,,,,,,,,,,
9,"Bruh, IRL you fold faster than a Walmart chair",Walmart,walmart,is_single_word,0,7,,0,0.0,0,0.0,1.0,bruh; fold; irl,genz-alpha-slangs,slang,"Hombre, en la vida real, tú te rindes más rápido que una silla de Walmart.","Listen, in real life, you give up faster than a Walmart office chair.",walmart,100.0,0.0,1.0,أنا أعتقد أنك ت折 في الواقع أسرع من كرسي وولمارت.,I think you're actually folding faster than a Walmart chair.,walmart,100.0,0.0,0.0,兄弟，你在现实生活中折叠得比沃尔玛椅子还快,"Brother, you fold up in real life faster than a Walmart chair.",walmart,100.0,0.0,0.0,ブラフ、IRLあなたはワルマートの椅子より速く折れる,"Brah, IRL you fold faster than a Walmart chair.",walmart,100.0,0.0,0.0,0.0,4.0,,,,,,,,,,,,,,,,
9,"Bruh, IRL you fold faster than a Walmart chair",chair,chair,is_single_word,0,8,,0,0.0,0,0.0,0.0,bruh; fold; irl,genz-alpha-slangs,slang,"Hombre, en la vida real, tú te rindes más rápido que una silla de Walmart.","Listen, in real life, you give up faster than a Walmart office chair.",chair,100.0,0.0,0.0,أنا أعتقد أنك ت折 في الواقع أسرع من كرسي وولمارت.,I think you're actually folding faster than a Walmart chair.,chair,100.0,0.0,0.0,兄弟，你在现实生活中折叠得比沃尔玛椅子还快,"Brother, you fold up in real life faster than a Walmart chair.",chair,100.0,0.0,0.0,ブラフ、IRLあなたはワルマートの椅子より速く折れる,"Brah, IRL you fold faster than a Walmart chair.",chair,100.0,0.0,0.0,0.0,4.0,,,,,,,,,,,,,,,,
10,"Fam, stop cappin’, lowkey annoyed",Fam,fam,is_single_word,1,0,,0,0.0,0,0.75,1.0,cappin; fam; lowkey,genz-alpha-slangs,slang,"Hombre, detente con eso, estoy un poco molesto.","Listen, stop that, I'm a bit annoyed.",a,50.0,1.0,0.0,أنا، توقف عن الكذب، أنا متوتر قليلًا.,"I, stop lying, I am a bit anxious.",am,80.0,1.0,0.0,兄弟，别瞎扯了，低调生气,"Brother, stop talking nonsense, be low-key angry.",angry,25.0,1.0,0.0,ファム、止めろキャピン、低調に不満,"Fam, stop Capin, in a low tone, dissatisfaction.",fam,100.0,0.0,0.0,3.0,1.0,,,,,,,,,,,,,,,,
10,"Fam, stop cappin’, lowkey annoyed",stop,stop,is_single_word,0,1,,0,0.0,0,0.0,0.0,cappin; fam; lowkey,genz-alpha-slangs,slang,"Hombre, detente con eso, estoy un poco molesto.","Listen, stop that, I'm a bit annoyed.",stop,100.0,0.0,0.0,أنا، توقف عن الكذب، أنا متوتر قليلًا.,"I, stop lying, I am a bit anxious.",stop,100.0,0.0,0.0,兄弟，别瞎扯了，低调生气,"Brother, stop talking nonsense, be low-key angry.",stop,100.0,0.0,0.0,ファム、止めろキャピン、低調に不満,"Fam, stop Capin, in a low tone, dissatisfaction.",stop,100.0,0.0,0.0,0.0,4.0,,,,,,,,,,,,,,,,
10,"Fam, stop cappin’, lowkey annoyed",cappin,cappin,is_single_word,1,2,,1,5.773427248001099,1,1.0,0.0,cappin; fam; lowkey,genz-alpha-slangs,slang,"Hombre, detente con eso, estoy un poco molesto.","Listen, stop that, I'm a bit annoyed.",listen,33.333333333333336,1.0,0.0,أنا، توقف عن الكذب، أنا متوتر قليلًا.,"I, stop lying, I am a bit anxious.",lying,36.36363636363637,1.0,0.0,兄弟，别瞎扯了，低调生气,"Brother, stop talking nonsense, be low-key angry.",talking,46.15384615384615,1.0,0.0,ファム、止めろキャピン、低調に不満,"Fam, stop Capin, in a low tone, dissatisfaction.",capin,90.9090909090909,1.0,0.0,4.0,0.0,fam stop <mask> <mask> <mask> lowkey annoyed,▁cap pin ',3.0,1.0337916521949324e-12,27.597787857055664,9.199262619018556,by the the,3.439820713704177e-05,17.320281744003296,5.773427248001099,2.0,2.0,0.0,4.0,0.0,1.0
10,"Fam, stop cappin’, lowkey annoyed",lowkey,lowkey,is_single_word,1,3,,1,7.530342221260071,1,1.0,0.0,cappin; fam; lowkey,genz-alpha-slangs,slang,"Hombre, detente con eso, estoy un poco molesto.","Listen, stop that, I'm a bit annoyed.",listen,33.333333333333336,1.0,0.0,أنا، توقف عن الكذب، أنا متوتر قليلًا.,"I, stop lying, I am a bit anxious.",lying,36.36363636363637,1.0,0.0,兄弟，别瞎扯了，低调生气,"Brother, stop talking nonsense, be low-key angry.",low-key,92.3076923076923,1.0,0.0,ファム、止めろキャピン、低調に不満,"Fam, stop Capin, in a low tone, dissatisfaction.",low,66.66666666666667,1.0,0.0,4.0,0.0,fam stop cappin' <mask> <mask> annoyed,▁low key,2.0,2.08049756047943e-09,19.9906587600708,9.9953293800354,me get,0.0072266888780641,15.060684442520142,7.530342221260071,3.0,3.0,0.0,4.0,0.0,1.0
10,"Fam, stop cappin’, lowkey annoyed",annoyed,annoyed,is_single_word,0,4,,0,0.0,0,0.75,0.0,cappin; fam; lowkey,genz-alpha-slangs,slang,"Hombre, detente con eso, estoy un poco molesto.","Listen, stop that, I'm a bit annoyed.",annoyed,100.0,0.0,0.0,أنا، توقف عن الكذب، أنا متوتر قليلًا.,"I, stop lying, I am a bit anxious.",anxious,42.85714285714286,1.0,0.0,兄弟，别瞎扯了，低调生气,"Brother, stop talking nonsense, be low-key angry.",angry,50.0,1.0,0.0,ファム、止めろキャピン、低調に不満,"Fam, stop Capin, in a low tone, dissatisfaction.",tone,36.36363636363637,1.0,0.0,3.0,1.0,,,,,,,,,,,,,,,,
11,"Bruh, you ghosted again",Bruh,bruh,is_single_word,1,0,,1,7.8453369140625,1,1.0,0.0,bruh; ghosted,genz-alpha-slangs,slang,"Hombre, me has vuelto a esquivir.","Man, you've dodged me again.",you've,20.0,1.0,0.0,أنت مجنون، أنت فجعتني مرة أخرى,"You're crazy, you've shocked me again.",crazy,22.22222222222222,1.0,0.0,兄弟，你又躲了,"Brother, you've dodged again.",brother,54.54545454545454,1.0,0.0,ブラフ、またあなたは幽霊になったね。,"Brah, and you're a ghost now.",brah,75.0,1.0,0.0,4.0,0.0,<mask> <mask> you ghosted again,▁bru h,2.0,1.208340338792428e-09,20.53401803970337,10.267009019851685,I get,0.0078806553558982,15.690673828125,7.8453369140625,0.0,0.0,0.0,3.0,0.0,1.0
11,"Bruh, you ghosted again",you,you,is_single_word,0,1,,1,2.397594451904297,1,1.0,0.0,bruh; ghosted,genz-alpha-slangs,slang,"Hombre, me has vuelto a esquivir.","Man, you've dodged me again.",you've,66.66666666666667,1.0,0.0,أنت مجنون، أنت فجعتني مرة أخرى,"You're crazy, you've shocked me again.",you're,66.66666666666667,1.0,0.0,兄弟，你又躲了,"Brother, you've dodged again.",you've,66.66666666666667,1.0,0.0,ブラフ、またあなたは幽霊になったね。,"Brah, and you're a ghost now.",you're,66.66666666666667,1.0,0.0,4.0,0.0,bruh <mask> ghosted again,▁you,1.0,0.005139457534742,5.27080774307251,5.27080774307251,is,0.0565170288215623,2.397594451904297,2.397594451904297,1.0,1.0,0.0,3.0,0.0,1.0
11,"Bruh, you ghosted again",ghosted,ghosted,is_single_word,1,2,,1,8.825021415948868,1,1.0,0.0,bruh; ghosted,genz-alpha-slangs,slang,"Hombre, me has vuelto a esquivir.","Man, you've dodged me again.",dodged,46.15384615384615,1.0,0.0,أنت مجنون، أنت فجعتني مرة أخرى,"You're crazy, you've shocked me again.",shocked,57.14285714285714,1.0,0.0,兄弟，你又躲了,"Brother, you've dodged again.",dodged,46.15384615384615,1.0,0.0,ブラフ、またあなたは幽霊になったね。,"Brah, and you're a ghost now.",ghost,83.33333333333334,1.0,0.0,4.0,0.0,bruh you <mask> <mask> again,▁gho sted,2.0,2.8819319047307256e-10,21.967390060424805,10.983695030212402,love me,0.0133352119324533,17.650042831897736,8.825021415948868,2.0,2.0,0.0,3.0,0.0,1.0
11,"Bruh, you ghosted again",again,again,is_single_word,0,3,,0,0.0,0,0.25,0.0,bruh; ghosted,genz-alpha-slangs,slang,"Hombre, me has vuelto a esquivir.","Man, you've dodged me again.",again,100.0,0.0,0.0,أنت مجنون، أنت فجعتني مرة أخرى,"You're crazy, you've shocked me again.",again,100.0,0.0,0.0,兄弟，你又躲了,"Brother, you've dodged again.",again,100.0,0.0,0.0,ブラフ、またあなたは幽霊になったね。,"Brah, and you're a ghost now.",and,50.0,1.0,0.0,1.0,3.0,,,,,,,,,,,,,,,,
12,"Yo, lowkey flexin’",Yo,yo,is_single_word,1,0,,1,7.012233734130859,1,1.0,0.0,flexin; lowkey; yo,genz-alpha-slangs,slang,"Yo, estoy mostrando un poco de orgullo (sin mostrarlo abiertamente).","I, am showing a little pride (without showing it openly).",openly,25.0,1.0,0.0,يا، منخفضًا إظهارًا للقوة.,"Hail, a display of power.",of,50.0,1.0,0.0,嘿，低调炫耀中,"Hey, subtle bragging.",hey,40.0,1.0,0.0,よ、低くて自慢している,"Yes, you're being proud of something so low.",you're,50.0,1.0,0.0,4.0,0.0,<mask> lowkey flexin,▁yo,1.0,4.8668243826554544e-05,9.9304838180542,9.9304838180542,</s>,0.0540281493530636,7.012233734130859,7.012233734130859,0.0,0.0,0.0,2.0,0.0,1.0
12,"Yo, lowkey flexin’",lowkey,lowkey,is_single_word,1,1,,1,8.229122281074524,1,1.0,0.0,flexin; lowkey; yo,genz-alpha-slangs,slang,"Yo, estoy mostrando un poco de orgullo (sin mostrarlo abiertamente).","I, am showing a little pride (without showing it openly).",openly,50.0,1.0,0.0,يا، منخفضًا إظهارًا للقوة.,"Hail, a display of power.",power,54.54545454545454,1.0,0.0,嘿，低调炫耀中,"Hey, subtle bragging.",hey,44.44444444444444,1.0,0.0,よ、低くて自慢している,"Yes, you're being proud of something so low.",low,66.66666666666667,1.0,0.0,4.0,0.0,yo <mask> <mask> flexin,▁low key,2.0,5.16788422697196e-10,21.383387565612797,10.691693782806396,- yo,0.0072616877590584,16.458244562149048,8.229122281074524,1.0,1.0,0.0,2.0,0.0,1.0
12,"Yo, lowkey flexin’",flexin,flexin,is_single_word,1,2,,1,5.3865063190460205,1,1.0,0.0,flexin; lowkey; yo,genz-alpha-slangs,slang,"Yo, estoy mostrando un poco de orgullo (sin mostrarlo abiertamente).","I, am showing a little pride (without showing it openly).",little,33.333333333333336,1.0,0.0,يا، منخفضًا إظهارًا للقوة.,"Hail, a display of power.",of,25.0,1.0,0.0,嘿，低调炫耀中,"Hey, subtle bragging.",subtle,33.333333333333336,1.0,0.0,よ、低くて自慢している,"Yes, you're being proud of something so low.",being,54.54545454545454,1.0,0.0,4.0,0.0,yo lowkey <mask> <mask> <mask>,▁ flex in,3.0,1.1571532247364388e-10,22.87988805770874,7.62662935256958,s . </s>,0.0012060929621911,16.15951895713806,5.3865063190460205,2.0,2.0,0.0,2.0,0.0,1.0
13,"Mate, pull up or stay sus",Mate,mate,is_single_word,1,0,,1,14.884846448898315,1,1.0,0.0,mate; sus,genz-alpha-slangs,slang,"Amigo, acércate o quédate allí.","Friend, come closer or stay there.",come,50.0,1.0,0.0,أيها الإخوة، قم بزيارة أو احتفظ بالسuspense,"Dear brothers, either visit or keep the suspense.",the,57.14285714285714,1.0,0.0,老兄，拉上来或保持怀疑,"Old fellow, pull it up or keep it in suspense.",it,33.333333333333336,1.0,0.0,お前、上がってきてくれよ、または疑問を残すだけだ。,"Come up here, or just leave me with doubts.",me,66.66666666666667,1.0,0.0,4.0,0.0,<mask> pull up or stay sus,▁mate,1.0,7.994304684517511e-08,16.341951370239258,16.341951370239258,Please,0.2329095911943694,14.884846448898315,14.884846448898315,0.0,0.0,0.0,5.0,0.0,1.0
13,"Mate, pull up or stay sus",pull,pull,is_single_word,0,1,,0,0.0,0,0.75,0.0,mate; sus,genz-alpha-slangs,slang,"Amigo, acércate o quédate allí.","Friend, come closer or stay there.",closer,20.0,1.0,0.0,أيها الإخوة، قم بزيارة أو احتفظ بالسuspense,"Dear brothers, either visit or keep the suspense.",keep,25.0,1.0,0.0,老兄，拉上来或保持怀疑,"Old fellow, pull it up or keep it in suspense.",pull,100.0,0.0,0.0,お前、上がってきてくれよ、または疑問を残すだけだ。,"Come up here, or just leave me with doubts.",up,33.333333333333336,1.0,0.0,3.0,1.0,,,,,,,,,,,,,,,,
13,"Mate, pull up or stay sus",up,up,is_single_word,0,2,,0,0.0,0,0.5,0.0,mate; sus,genz-alpha-slangs,slang,"Amigo, acércate o quédate allí.","Friend, come closer or stay there.",friend,0.0,1.0,0.0,أيها الإخوة، قم بزيارة أو احتفظ بالسuspense,"Dear brothers, either visit or keep the suspense.",suspense,40.0,1.0,0.0,老兄，拉上来或保持怀疑,"Old fellow, pull it up or keep it in suspense.",up,100.0,0.0,0.0,お前、上がってきてくれよ、または疑問を残すだけだ。,"Come up here, or just leave me with doubts.",up,100.0,0.0,0.0,2.0,2.0,,,,,,,,,,,,,,,,
13,"Mate, pull up or stay sus",or,or,is_single_word,0,3,,0,0.0,0,0.0,0.0,mate; sus,genz-alpha-slangs,slang,"Amigo, acércate o quédate allí.","Friend, come closer or stay there.",or,100.0,0.0,0.0,أيها الإخوة، قم بزيارة أو احتفظ بالسuspense,"Dear brothers, either visit or keep the suspense.",or,100.0,0.0,0.0,老兄，拉上来或保持怀疑,"Old fellow, pull it up or keep it in suspense.",or,100.0,0.0,0.0,お前、上がってきてくれよ、または疑問を残すだけだ。,"Come up here, or just leave me with doubts.",or,100.0,0.0,0.0,0.0,4.0,,,,,,,,,,,,,,,,
13,"Mate, pull up or stay sus",stay,stay,is_single_word,0,4,,0,0.0,0,0.75,0.0,mate; sus,genz-alpha-slangs,slang,"Amigo, acércate o quédate allí.","Friend, come closer or stay there.",stay,100.0,0.0,0.0,أيها الإخوة، قم بزيارة أو احتفظ بالسuspense,"Dear brothers, either visit or keep the suspense.",visit,44.44444444444444,1.0,0.0,老兄，拉上来或保持怀疑,"Old fellow, pull it up or keep it in suspense.",it,33.333333333333336,1.0,0.0,お前、上がってきてくれよ、または疑問を残すだけだ。,"Come up here, or just leave me with doubts.",just,50.0,1.0,0.0,3.0,1.0,,,,,,,,,,,,,,,,
13,"Mate, pull up or stay sus",sus,sus,is_single_word,1,5,,1,13.202514320611954,1,1.0,0.0,mate; sus,genz-alpha-slangs,slang,"Amigo, acércate o quédate allí.","Friend, come closer or stay there.",stay,28.57142857142857,1.0,0.0,أيها الإخوة، قم بزيارة أو احتفظ بالسuspense,"Dear brothers, either visit or keep the suspense.",suspense,54.54545454545454,1.0,0.0,老兄，拉上来或保持怀疑,"Old fellow, pull it up or keep it in suspense.",suspense,54.54545454545454,1.0,0.0,お前、上がってきてくれよ、または疑問を残すだけだ。,"Come up here, or just leave me with doubts.",just,57.14285714285714,1.0,0.0,4.0,0.0,mate pull up or stay <mask>,▁sus,1.0,1.3403916969797711e-06,13.52254867553711,13.52254867553711,up,0.7261240907063882,13.202514320611954,13.202514320611954,5.0,5.0,0.0,5.0,0.0,1.0
14,"Sis, this vibe is straight mid",Sis,sis,is_single_word,1,0,,1,6.400127291679382,1,1.0,0.0,mid; sis,genz-alpha-slangs,slang,"Sí, esta vibra es completamente normal.","Yes, this vibration is completely normal.",is,80.0,1.0,0.0,أختي، هذا المood حقيقي,"My sister, this mood is real.",is,80.0,1.0,0.0,姐姐，这种气氛很平淡。,"Sister, this atmosphere is very dull.",is,80.0,1.0,0.0,姉、この雰囲気は真っ直ぐだ。,"Sister, this atmosphere is straightforward.",is,80.0,1.0,0.0,4.0,0.0,<mask> <mask> this vibe is straight mid,▁si s,2.0,7.850619105001763e-08,16.360088348388672,8.180044174194336,I of,0.0284435526343222,12.800254583358765,6.400127291679382,0.0,0.0,0.0,5.0,0.0,1.0
14,"Sis, this vibe is straight mid",this,this,is_single_word,0,1,,0,0.0,0,0.0,0.0,mid; sis,genz-alpha-slangs,slang,"Sí, esta vibra es completamente normal.","Yes, this vibration is completely normal.",this,100.0,0.0,0.0,أختي، هذا المood حقيقي,"My sister, this mood is real.",this,100.0,0.0,0.0,姐姐，这种气氛很平淡。,"Sister, this atmosphere is very dull.",this,100.0,0.0,0.0,姉、この雰囲気は真っ直ぐだ。,"Sister, this atmosphere is straightforward.",this,100.0,0.0,0.0,0.0,4.0,,,,,,,,,,,,,,,,
14,"Sis, this vibe is straight mid",vibe,vibe,is_single_word,0,2,,1,6.963277697563171,1,1.0,0.0,mid; sis,genz-alpha-slangs,slang,"Sí, esta vibra es completamente normal.","Yes, this vibration is completely normal.",vibration,46.15384615384615,1.0,0.0,أختي، هذا المood حقيقي,"My sister, this mood is real.",sister,40.0,1.0,0.0,姐姐，这种气氛很平淡。,"Sister, this atmosphere is very dull.",very,50.0,1.0,0.0,姉、この雰囲気は真っ直ぐだ。,"Sister, this atmosphere is straightforward.",sister,40.0,1.0,0.0,4.0,0.0,sis this <mask> <mask> is straight mid,▁vi be,2.0,8.933967034149424e-09,18.53340530395508,9.26670265197754,is this,0.0099832168710421,13.926555395126345,6.963277697563171,2.0,2.0,0.0,5.0,0.0,1.0
14,"Sis, this vibe is straight mid",is,is,is_single_word,0,3,,0,0.0,0,0.0,0.0,mid; sis,genz-alpha-slangs,slang,"Sí, esta vibra es completamente normal.","Yes, this vibration is completely normal.",is,100.0,0.0,0.0,أختي، هذا المood حقيقي,"My sister, this mood is real.",is,100.0,0.0,0.0,姐姐，这种气氛很平淡。,"Sister, this atmosphere is very dull.",is,100.0,0.0,0.0,姉、この雰囲気は真っ直ぐだ。,"Sister, this atmosphere is straightforward.",is,100.0,0.0,0.0,0.0,4.0,,,,,,,,,,,,,,,,
14,"Sis, this vibe is straight mid",straight,straight,is_single_word,0,4,,1,8.821609735488892,1,1.0,0.0,mid; sis,genz-alpha-slangs,slang,"Sí, esta vibra es completamente normal.","Yes, this vibration is completely normal.",vibration,35.29411764705882,1.0,0.0,أختي، هذا المood حقيقي,"My sister, this mood is real.",sister,42.85714285714286,1.0,0.0,姐姐，这种气氛很平淡。,"Sister, this atmosphere is very dull.",sister,42.85714285714286,1.0,0.0,姉、この雰囲気は真っ直ぐだ。,"Sister, this atmosphere is straightforward.",straightforward,69.56521739130434,1.0,0.0,4.0,0.0,sis this vibe is <mask> mid,▁straight,1.0,3.5984788675074886e-05,10.232414245605469,10.232414245605469,in,0.2439469464002875,8.821609735488892,8.821609735488892,4.0,4.0,0.0,5.0,0.0,1.0
14,"Sis, this vibe is straight mid",mid,mid,is_single_word,1,5,,1,12.524162411689758,1,1.0,0.0,mid; sis,genz-alpha-slangs,slang,"Sí, esta vibra es completamente normal.","Yes, this vibration is completely normal.",is,40.0,1.0,0.0,أختي، هذا المood حقيقي,"My sister, this mood is real.",mood,57.14285714285714,1.0,0.0,姐姐，这种气氛很平淡。,"Sister, this atmosphere is very dull.",is,40.0,1.0,0.0,姉、この雰囲気は真っ直ぐだ。,"Sister, this atmosphere is straightforward.",is,40.0,1.0,0.0,4.0,0.0,sis this vibe is straight <mask>,▁mid,1.0,1.0294384319652711e-06,13.786497116088867,13.786497116088867,up,0.2829925506720057,12.524162411689758,12.524162411689758,5.0,5.0,0.0,5.0,0.0,1.0
15,"Bruh, lowkey flexin’",Bruh,bruh,is_single_word,1,0,,1,6.63826584815979,1,1.0,0.0,bruh; flexin; lowkey,genz-alpha-slangs,slang,"Hombre, bajo la mesa, me estoy luciendo.","Man, under the table, I'm showing off.",the,28.57142857142857,1.0,0.0,أنا أعتقد أنك تقصد:  أهلاً أخي، أكون مخففًا على نفسي,"I think you mean:  Hello brother, I'm being sarcastic about myself.",brother,54.54545454545454,1.0,0.0,兄弟，低调炫耀,"Brother, subtle bragging.",brother,54.54545454545454,1.0,0.0,ブラフ、ローキー フレキン,"Brahm, Loki Freyin",brahm,66.66666666666667,1.0,0.0,4.0,0.0,<mask> <mask> lowkey flexin,▁bru h,2.0,9.67667969817444e-09,18.45354700088501,9.226773500442505, :,0.0056448293926992,13.27653169631958,6.63826584815979,0.0,0.0,0.0,2.0,0.0,1.0
15,"Bruh, lowkey flexin’",lowkey,lowkey,is_single_word,1,1,,1,7.190354585647583,0,1.0,0.0,bruh; flexin; lowkey,genz-alpha-slangs,slang,"Hombre, bajo la mesa, me estoy luciendo.","Man, under the table, I'm showing off.",table,36.36363636363637,1.0,0.0,أنا أعتقد أنك تقصد:  أهلاً أخي، أكون مخففًا على نفسي,"I think you mean:  Hello brother, I'm being sarcastic about myself.",hello,36.36363636363637,1.0,0.0,兄弟，低调炫耀,"Brother, subtle bragging.",subtle,33.333333333333336,1.0,0.0,ブラフ、ローキー フレキン,"Brahm, Loki Freyin",loki,60.0,1.0,0.0,4.0,0.0,bruh <mask> <mask> flexin,▁low key,2.0,1.1443975572049852e-09,20.588387489318848,10.294193744659424,"n ,",0.0020139076937728,14.380709171295166,7.190354585647583,1.0,1.0,0.0,2.0,0.0,1.0
15,"Bruh, lowkey flexin’",flexin,flexin,is_single_word,1,2,,1,4.930924693743388,0,1.0,0.0,bruh; flexin; lowkey,genz-alpha-slangs,slang,"Hombre, bajo la mesa, me estoy luciendo.","Man, under the table, I'm showing off.",table,36.36363636363637,1.0,0.0,أنا أعتقد أنك تقصد:  أهلاً أخي، أكون مخففًا على نفسي,"I think you mean:  Hello brother, I'm being sarcastic about myself.",being,54.54545454545454,1.0,0.0,兄弟，低调炫耀,"Brother, subtle bragging.",subtle,33.333333333333336,1.0,0.0,ブラフ、ローキー フレキン,"Brahm, Loki Freyin",freyin,66.66666666666667,1.0,0.0,4.0,0.0,bruh lowkey <mask> <mask> <mask>,▁ flex in,3.0,2.6694672336942806e-10,22.04397201538086,7.34799067179362,s s </s>,0.0007093241560523,14.792774081230164,4.930924693743388,2.0,2.0,0.0,2.0,0.0,1.0
16,"Dude, lowkey flexin’",Dude,dude,is_single_word,1,0,,1,5.810210466384888,1,1.0,0.0,dude; flexin; lowkey,genz-alpha-slangs,slang,"Hombre, bajito, mostrando orgullo.","Man, short, showing pride.",pride,44.44444444444444,1.0,0.0,أنا رجل، أظهر بعض الإنجازاتخفية,"I am a man, I show some hidden achievements.",hidden,60.0,1.0,0.0,兄弟，低调炫耀,"Brother, subtle bragging.",subtle,40.0,1.0,0.0,ダメ、低調に自慢しているよ。,"It's no good, you're boasting in a low-key manner.",you're,40.0,1.0,0.0,4.0,0.0,<mask> <mask> lowkey flexin,▁du de,2.0,5.0695117268147416e-08,16.797436237335205,8.398718118667603, :,0.0056448293926992,11.620420932769775,5.810210466384888,0.0,0.0,0.0,2.0,0.0,1.0
16,"Dude, lowkey flexin’",lowkey,lowkey,is_single_word,1,1,,1,6.958069682121277,0,1.0,0.0,dude; flexin; lowkey,genz-alpha-slangs,slang,"Hombre, bajito, mostrando orgullo.","Man, short, showing pride.",showing,30.76923076923077,1.0,0.0,أنا رجل، أظهر بعض الإنجازاتخفية,"I am a man, I show some hidden achievements.",show,40.0,1.0,0.0,兄弟，低调炫耀,"Brother, subtle bragging.",subtle,33.333333333333336,1.0,0.0,ダメ、低調に自慢しているよ。,"It's no good, you're boasting in a low-key manner.",low-key,92.3076923076923,1.0,0.0,4.0,0.0,dude <mask> <mask> flexin,▁low key,2.0,6.787357095233896e-10,21.11078929901123,10.555394649505615, sex,0.0007505907950693,13.916139364242554,6.958069682121277,1.0,1.0,0.0,2.0,0.0,1.0
16,"Dude, lowkey flexin’",flexin,flexin,is_single_word,1,2,,1,4.971279581387837,0,1.0,0.0,dude; flexin; lowkey,genz-alpha-slangs,slang,"Hombre, bajito, mostrando orgullo.","Man, short, showing pride.",showing,30.76923076923077,1.0,0.0,أنا رجل، أظهر بعض الإنجازاتخفية,"I am a man, I show some hidden achievements.",hidden,33.333333333333336,1.0,0.0,兄弟，低调炫耀,"Brother, subtle bragging.",subtle,33.333333333333336,1.0,0.0,ダメ、低調に自慢しているよ。,"It's no good, you're boasting in a low-key manner.",in,50.0,1.0,0.0,4.0,0.0,dude lowkey <mask> <mask> <mask>,▁ flex in,3.0,4.609324439085875e-11,23.800354719161987,7.933451573053996,s . </s>,0.000138240453139,14.913838744163511,4.971279581387837,2.0,2.0,0.0,2.0,0.0,1.0
17,"Bruh, big yikes",Bruh,bruh,is_single_word,1,0,,1,7.1523038148880005,1,1.0,0.0,bruh; yikes,genz-alpha-slangs,slang,"Hombre, gran asco.","Man, that's disgusting.",that's,20.0,1.0,0.0,أيها الإخوة، كبيرة الإثارة,"Oh brothers, great excitement.",brothers,50.0,1.0,0.0,兄弟，太吓人了,"Brother, it's too scary.",brother,54.54545454545454,1.0,0.0,ブラフ、ビッグ・ヤイクスです。,"Brahm, Big Yakus are.",brahm,66.66666666666667,1.0,0.0,4.0,0.0,<mask> <mask> big yikes,▁bru h,2.0,3.791392414666497e-09,19.39053249359131,9.695266246795654,</s> the,0.0061831658586669,14.304607629776,7.1523038148880005,0.0,0.0,0.0,2.0,0.0,1.0
17,"Bruh, big yikes",big,big,is_single_word,0,1,,0,0.0,0,0.75,0.0,bruh; yikes,genz-alpha-slangs,slang,"Hombre, gran asco.","Man, that's disgusting.",disgusting,30.76923076923077,1.0,0.0,أيها الإخوة، كبيرة الإثارة,"Oh brothers, great excitement.",great,25.0,1.0,0.0,兄弟，太吓人了,"Brother, it's too scary.",it's,28.57142857142857,1.0,0.0,ブラフ、ビッグ・ヤイクスです。,"Brahm, Big Yakus are.",big,100.0,0.0,0.0,3.0,1.0,,,,,,,,,,,,,,,,
17,"Bruh, big yikes",yikes,yikes,is_single_word,1,2,,1,9.777679443359377,1,1.0,0.0,bruh; yikes,genz-alpha-slangs,slang,"Hombre, gran asco.","Man, that's disgusting.",disgusting,26.66666666666667,1.0,0.0,أيها الإخوة، كبيرة الإثارة,"Oh brothers, great excitement.",brothers,30.76923076923077,1.0,0.0,兄弟，太吓人了,"Brother, it's too scary.",it's,44.44444444444444,1.0,0.0,ブラフ、ビッグ・ヤイクスです。,"Brahm, Big Yakus are.",yakus,60.0,1.0,0.0,4.0,0.0,bruh big <mask> <mask>,▁yi kes,2.0,4.6526794810181176e-11,23.790992736816406,11.895496368408203,tit tits,0.0144706350767846,19.55535888671875,9.777679443359377,2.0,2.0,0.0,2.0,0.0,1.0
18,"Homie, skibidi outta here, sigma style",Homie,homie,is_single_word,1,0,,1,6.613576889038086,1,1.0,1.0,homie,genz-alpha-slangs,slang,"Amigo, skibidi fuera de aquí, estilo sigma","Friend, skibidi get out of here, sigma style.",here,44.44444444444444,1.0,0.0,أخي، اذهب إلى هناك، بطرق سيجيما,"Brother, go there, by the scenic routes.",the,50.0,1.0,0.0,兄弟，跳出这里，sigma风格,"Brother, jump out of here, in the style of sigma.",the,50.0,1.0,0.0,ホミー、スキビディはここから出る、シグマスタイル,"Homi, Skibidi is coming out from here, Sigma Style.",homi,88.88888888888889,1.0,0.0,4.0,0.0,<mask> <mask> skibidi outta here sigma style,▁hom ie,2.0,1.761519173589393e-09,20.15708923339844,10.07854461669922,I a,0.0009780639951834,13.227153778076172,6.613576889038086,0.0,0.0,0.0,5.0,0.0,1.0
18,"Homie, skibidi outta here, sigma style",skibidi,skibidi,is_single_word,0,1,,0,0.0,0,0.75,0.0,homie,genz-alpha-slangs,slang,"Amigo, skibidi fuera de aquí, estilo sigma","Friend, skibidi get out of here, sigma style.",skibidi,100.0,1.0,1.0,أخي، اذهب إلى هناك، بطرق سيجيما,"Brother, go there, by the scenic routes.",scenic,30.76923076923077,1.0,0.0,兄弟，跳出这里，sigma风格,"Brother, jump out of here, in the style of sigma.",sigma,33.333333333333336,1.0,0.0,ホミー、スキビディはここから出る、シグマスタイル,"Homi, Skibidi is coming out from here, Sigma Style.",skibidi,100.0,0.0,0.0,3.0,1.0,,,,,,,,,,,,,,,,
18,"Homie, skibidi outta here, sigma style",outta,outta,is_single_word,0,2,,1,4.939227819442749,1,1.0,0.0,homie,genz-alpha-slangs,slang,"Amigo, skibidi fuera de aquí, estilo sigma","Friend, skibidi get out of here, sigma style.",out,75.0,1.0,0.0,أخي، اذهب إلى هناك، بطرق سيجيما,"Brother, go there, by the scenic routes.",routes,54.54545454545454,1.0,0.0,兄弟，跳出这里，sigma风格,"Brother, jump out of here, in the style of sigma.",out,75.0,1.0,0.0,ホミー、スキビディはここから出る、シグマスタイル,"Homi, Skibidi is coming out from here, Sigma Style.",out,75.0,1.0,0.0,4.0,0.0,homie skibidi <mask> <mask> here sigma style,▁out ta,2.0,9.898459346543273e-08,16.1283016204834,8.0641508102417,. on,0.001930751484587,9.878455638885498,4.939227819442749,2.0,2.0,0.0,5.0,0.0,1.0
18,"Homie, skibidi outta here, sigma style",here,here,is_single_word,0,3,,0,0.0,0,0.25,0.0,homie,genz-alpha-slangs,slang,"Amigo, skibidi fuera de aquí, estilo sigma","Friend, skibidi get out of here, sigma style.",here,100.0,0.0,0.0,أخي، اذهب إلى هناك، بطرق سيجيما,"Brother, go there, by the scenic routes.",there,88.88888888888889,1.0,0.0,兄弟，跳出这里，sigma风格,"Brother, jump out of here, in the style of sigma.",here,100.0,0.0,0.0,ホミー、スキビディはここから出る、シグマスタイル,"Homi, Skibidi is coming out from here, Sigma Style.",here,100.0,0.0,0.0,1.0,3.0,,,,,,,,,,,,,,,,
18,"Homie, skibidi outta here, sigma style",sigma,sigma,is_single_word,0,4,,0,0.0,0,0.5,0.0,homie,genz-alpha-slangs,slang,"Amigo, skibidi fuera de aquí, estilo sigma","Friend, skibidi get out of here, sigma style.",sigma,100.0,1.0,1.0,أخي، اذهب إلى هناك، بطرق سيجيما,"Brother, go there, by the scenic routes.",scenic,36.36363636363637,1.0,0.0,兄弟，跳出这里，sigma风格,"Brother, jump out of here, in the style of sigma.",sigma,100.0,0.0,0.0,ホミー、スキビディはここから出る、シグマスタイル,"Homi, Skibidi is coming out from here, Sigma Style.",sigma,100.0,0.0,0.0,2.0,2.0,,,,,,,,,,,,,,,,
18,"Homie, skibidi outta here, sigma style",style,style,is_single_word,0,5,,0,0.0,0,0.25,0.0,homie,genz-alpha-slangs,slang,"Amigo, skibidi fuera de aquí, estilo sigma","Friend, skibidi get out of here, sigma style.",style,100.0,0.0,0.0,أخي، اذهب إلى هناك، بطرق سيجيما,"Brother, go there, by the scenic routes.",the,50.0,1.0,0.0,兄弟，跳出这里，sigma风格,"Brother, jump out of here, in the style of sigma.",style,100.0,0.0,0.0,ホミー、スキビディはここから出る、シグマスタイル,"Homi, Skibidi is coming out from here, Sigma Style.",style,100.0,0.0,0.0,1.0,3.0,,,,,,,,,,,,,,,,
19,"Mate, this vibe is straight mid",Mate,mate,is_single_word,1,0,,1,8.78070855140686,1,1.0,0.0,mate; mid,genz-alpha-slangs,slang,"Hombre, esta onda es completamente normal.","Dude, this wave is completely normal.",wave,50.0,1.0,0.0,أيها الإخوة، هذا المood حقيقي,"Dear brothers, this mood is real.",brothers,33.333333333333336,1.0,0.0,兄弟，这种气氛有点平淡。,"Brother, this atmosphere is a bit dull.",atmosphere,42.85714285714286,1.0,0.0,お兄さん、この雰囲気はとても平凡だ。,"Older brother, this atmosphere is very ordinary.",atmosphere,42.85714285714286,1.0,0.0,4.0,0.0,<mask> this vibe is straight mid,▁mate,1.0,1.4172697528704716e-05,11.164193153381348,11.164193153381348,And,0.0922286368285408,8.78070855140686,8.78070855140686,0.0,0.0,0.0,5.0,0.0,1.0
19,"Mate, this vibe is straight mid",this,this,is_single_word,0,1,,0,0.0,0,0.0,0.0,mate; mid,genz-alpha-slangs,slang,"Hombre, esta onda es completamente normal.","Dude, this wave is completely normal.",this,100.0,0.0,0.0,أيها الإخوة، هذا المood حقيقي,"Dear brothers, this mood is real.",this,100.0,0.0,0.0,兄弟，这种气氛有点平淡。,"Brother, this atmosphere is a bit dull.",this,100.0,0.0,0.0,お兄さん、この雰囲気はとても平凡だ。,"Older brother, this atmosphere is very ordinary.",this,100.0,0.0,0.0,0.0,4.0,,,,,,,,,,,,,,,,
19,"Mate, this vibe is straight mid",vibe,vibe,is_single_word,0,2,,1,6.269302308559418,1,1.0,0.0,mate; mid,genz-alpha-slangs,slang,"Hombre, esta onda es completamente normal.","Dude, this wave is completely normal.",wave,50.0,1.0,0.0,أيها الإخوة، هذا المood حقيقي,"Dear brothers, this mood is real.",brothers,33.333333333333336,1.0,0.0,兄弟，这种气氛有点平淡。,"Brother, this atmosphere is a bit dull.",brother,36.36363636363637,1.0,0.0,お兄さん、この雰囲気はとても平凡だ。,"Older brother, this atmosphere is very ordinary.",very,50.0,1.0,0.0,4.0,0.0,mate this <mask> <mask> is straight mid,▁vi be,2.0,3.0159761485354994e-08,17.316757202148438,8.658378601074219,is this,0.0084115241980315,12.538604617118835,6.269302308559418,2.0,2.0,0.0,5.0,0.0,1.0
19,"Mate, this vibe is straight mid",is,is,is_single_word,0,3,,0,0.0,0,0.0,0.0,mate; mid,genz-alpha-slangs,slang,"Hombre, esta onda es completamente normal.","Dude, this wave is completely normal.",is,100.0,0.0,0.0,أيها الإخوة، هذا المood حقيقي,"Dear brothers, this mood is real.",is,100.0,0.0,0.0,兄弟，这种气氛有点平淡。,"Brother, this atmosphere is a bit dull.",is,100.0,0.0,0.0,お兄さん、この雰囲気はとても平凡だ。,"Older brother, this atmosphere is very ordinary.",is,100.0,0.0,0.0,0.0,4.0,,,,,,,,,,,,,,,,
19,"Mate, this vibe is straight mid",straight,straight,is_single_word,0,4,,1,7.550541043281555,1,1.0,0.0,mate; mid,genz-alpha-slangs,slang,"Hombre, esta onda es completamente normal.","Dude, this wave is completely normal.",this,33.333333333333336,1.0,0.0,أيها الإخوة، هذا المood حقيقي,"Dear brothers, this mood is real.",this,33.333333333333336,1.0,0.0,兄弟，这种气氛有点平淡。,"Brother, this atmosphere is a bit dull.",bit,36.36363636363637,1.0,0.0,お兄さん、この雰囲気はとても平凡だ。,"Older brother, this atmosphere is very ordinary.",this,33.333333333333336,1.0,0.0,4.0,0.0,mate this vibe is <mask> mid,▁straight,1.0,0.0001059185013968,9.152840614318848,9.152840614318848,from,0.201432776017511,7.550541043281555,7.550541043281555,4.0,4.0,0.0,5.0,0.0,1.0
19,"Mate, this vibe is straight mid",mid,mid,is_single_word,1,5,,1,12.63193941116333,1,1.0,0.0,mate; mid,genz-alpha-slangs,slang,"Hombre, esta onda es completamente normal.","Dude, this wave is completely normal.",is,40.0,1.0,0.0,أيها الإخوة، هذا المood حقيقي,"Dear brothers, this mood is real.",mood,57.14285714285714,1.0,0.0,兄弟，这种气氛有点平淡。,"Brother, this atmosphere is a bit dull.",is,40.0,1.0,0.0,お兄さん、この雰囲気はとても平凡だ。,"Older brother, this atmosphere is very ordinary.",is,40.0,1.0,0.0,4.0,0.0,mate this vibe is straight <mask>,▁mid,1.0,7.335598304914988e-07,14.125356674194336,14.125356674194336,up,0.224603812313423,12.63193941116333,12.63193941116333,5.0,5.0,0.0,5.0,0.0,1.0
20,"Mate, big yikes",Mate,mate,is_single_word,1,0,,1,8.21393609046936,1,1.0,0.0,mate; yikes,genz-alpha-slangs,slang,"Amigo, ¡gran horror!","Friend, great horror!",great,44.44444444444444,1.0,0.0,أيها الإخوة، كبيرة الإثارة,"Oh brothers, great excitement.",great,44.44444444444444,1.0,0.0,朋友，好大的惊讶。,"Friend, you're so surprised.",friend,20.0,1.0,0.0,お兄さん、すごい驚きです。,"Big brother, you're amazing!",brother,36.36363636363637,1.0,0.0,4.0,0.0,<mask> big yikes,▁mate,1.0,2.1422657389307272e-05,10.75106143951416,10.75106143951416,</s>,0.0790934393355413,8.21393609046936,8.21393609046936,0.0,0.0,0.0,2.0,0.0,1.0
20,"Mate, big yikes",big,big,is_single_word,0,1,,0,0.0,0,0.75,0.0,mate; yikes,genz-alpha-slangs,slang,"Amigo, ¡gran horror!","Friend, great horror!",great,25.0,1.0,0.0,أيها الإخوة، كبيرة الإثارة,"Oh brothers, great excitement.",great,25.0,1.0,0.0,朋友，好大的惊讶。,"Friend, you're so surprised.",friend,22.22222222222222,1.0,0.0,お兄さん、すごい驚きです。,"Big brother, you're amazing!",big,100.0,0.0,0.0,3.0,1.0,,,,,,,,,,,,,,,,
20,"Mate, big yikes",yikes,yikes,is_single_word,1,2,,1,9.397380113601685,1,1.0,0.0,mate; yikes,genz-alpha-slangs,slang,"Amigo, ¡gran horror!","Friend, great horror!",friend,36.36363636363637,1.0,0.0,أيها الإخوة، كبيرة الإثارة,"Oh brothers, great excitement.",brothers,30.76923076923077,1.0,0.0,朋友，好大的惊讶。,"Friend, you're so surprised.",friend,36.36363636363637,1.0,0.0,お兄さん、すごい驚きです。,"Big brother, you're amazing!",you're,36.36363636363637,1.0,0.0,4.0,0.0,mate big <mask> <mask>,▁yi kes,2.0,3.947427757847995e-11,23.955371856689453,11.977685928344728,tit tits,0.0057381889665653,18.79476022720337,9.397380113601685,2.0,2.0,0.0,2.0,0.0,1.0
21,"Bro, this vibe is straight mid",Bro,bro,is_single_word,1,0,,1,10.519924402236938,1,1.0,0.0,bro; mid,genz-alpha-slangs,slang,"Hombre, esta onda es completamente medio.","Dude, this wave is totally lame.",totally,20.0,1.0,0.0,أخي، هذا المood حقيقي جدا,"Brother, this mood is very real.",brother,60.0,1.0,0.0,兄弟，这种气氛很平淡。,"Brother, this atmosphere is very dull.",brother,60.0,1.0,0.0,ブラ、この気分はまさに真っ直だぜ。,"Blare, this mood is just straight up.",blare,50.0,1.0,0.0,4.0,0.0,<mask> this vibe is straight mid,▁bro,1.0,2.48954896061346e-06,12.903409004211426,12.903409004211426,And,0.0922286368285408,10.519924402236938,10.519924402236938,0.0,0.0,0.0,5.0,0.0,1.0
21,"Bro, this vibe is straight mid",this,this,is_single_word,0,1,,0,0.0,0,0.0,0.0,bro; mid,genz-alpha-slangs,slang,"Hombre, esta onda es completamente medio.","Dude, this wave is totally lame.",this,100.0,0.0,0.0,أخي، هذا المood حقيقي جدا,"Brother, this mood is very real.",this,100.0,0.0,0.0,兄弟，这种气氛很平淡。,"Brother, this atmosphere is very dull.",this,100.0,0.0,0.0,ブラ、この気分はまさに真っ直だぜ。,"Blare, this mood is just straight up.",this,100.0,0.0,0.0,0.0,4.0,,,,,,,,,,,,,,,,
21,"Bro, this vibe is straight mid",vibe,vibe,is_single_word,0,2,,1,6.814773678779602,1,1.0,0.0,bro; mid,genz-alpha-slangs,slang,"Hombre, esta onda es completamente medio.","Dude, this wave is totally lame.",wave,50.0,1.0,0.0,أخي، هذا المood حقيقي جدا,"Brother, this mood is very real.",very,50.0,1.0,0.0,兄弟，这种气氛很平淡。,"Brother, this atmosphere is very dull.",very,50.0,1.0,0.0,ブラ、この気分はまさに真っ直だぜ。,"Blare, this mood is just straight up.",blare,44.44444444444444,1.0,0.0,4.0,0.0,bro this <mask> <mask> is straight mid,▁vi be,2.0,1.2342332371030096e-08,18.210230827331543,9.105115413665771,is it,0.0102478897794109,13.629547357559204,6.814773678779602,2.0,2.0,0.0,5.0,0.0,1.0
21,"Bro, this vibe is straight mid",is,is,is_single_word,0,3,,0,0.0,0,0.0,0.0,bro; mid,genz-alpha-slangs,slang,"Hombre, esta onda es completamente medio.","Dude, this wave is totally lame.",is,100.0,0.0,0.0,أخي، هذا المood حقيقي جدا,"Brother, this mood is very real.",is,100.0,0.0,0.0,兄弟，这种气氛很平淡。,"Brother, this atmosphere is very dull.",is,100.0,0.0,0.0,ブラ、この気分はまさに真っ直だぜ。,"Blare, this mood is just straight up.",is,100.0,0.0,0.0,0.0,4.0,,,,,,,,,,,,,,,,
21,"Bro, this vibe is straight mid",straight,straight,is_single_word,0,4,,0,0.0,0,0.75,0.0,bro; mid,genz-alpha-slangs,slang,"Hombre, esta onda es completamente medio.","Dude, this wave is totally lame.",this,33.333333333333336,1.0,0.0,أخي، هذا المood حقيقي جدا,"Brother, this mood is very real.",this,33.333333333333336,1.0,0.0,兄弟，这种气氛很平淡。,"Brother, this atmosphere is very dull.",this,33.333333333333336,1.0,0.0,ブラ、この気分はまさに真っ直だぜ。,"Blare, this mood is just straight up.",straight,100.0,0.0,0.0,3.0,1.0,,,,,,,,,,,,,,,,
21,"Bro, this vibe is straight mid",mid,mid,is_single_word,1,5,,1,12.359852075576782,1,1.0,0.0,bro; mid,genz-alpha-slangs,slang,"Hombre, esta onda es completamente medio.","Dude, this wave is totally lame.",is,40.0,1.0,0.0,أخي، هذا المood حقيقي جدا,"Brother, this mood is very real.",mood,57.14285714285714,1.0,0.0,兄弟，这种气氛很平淡。,"Brother, this atmosphere is very dull.",is,40.0,1.0,0.0,ブラ、この気分はまさに真っ直だぜ。,"Blare, this mood is just straight up.",mood,57.14285714285714,1.0,0.0,4.0,0.0,bro this vibe is straight <mask>,▁mid,1.0,8.632474381303197e-07,13.962564468383787,13.962564468383787,up,0.2013496373443448,12.359852075576782,12.359852075576782,5.0,5.0,0.0,5.0,0.0,1.0
22,"Fam, pull up or stay sus",Fam,fam,is_single_word,1,0,,0,0.0,0,0.75,1.0,fam; sus,genz-alpha-slangs,slang,"Hombre, acércate o quédate allí.","Man, come closer or stay there.",man,33.333333333333336,1.0,0.0,أنا، جاءوا أو تبقى مشكوك,"I, they came or you stay questionable.",came,57.14285714285714,1.0,0.0,兄弟，拉上来或者保持怀疑,"Brother, pull it up or keep it suspicious.",brother,0.0,1.0,0.0,ファム、上がりなさいか、疑問を残すな。,"Fam, come up, don't leave any questions.",fam,100.0,0.0,0.0,3.0,1.0,,,,,,,,,,,,,,,,
22,"Fam, pull up or stay sus",pull,pull,is_single_word,0,1,,0,0.0,0,0.75,0.0,fam; sus,genz-alpha-slangs,slang,"Hombre, acércate o quédate allí.","Man, come closer or stay there.",closer,20.0,1.0,0.0,أنا، جاءوا أو تبقى مشكوك,"I, they came or you stay questionable.",you,28.57142857142857,1.0,0.0,兄弟，拉上来或者保持怀疑,"Brother, pull it up or keep it suspicious.",pull,100.0,0.0,0.0,ファム、上がりなさいか、疑問を残すな。,"Fam, come up, don't leave any questions.",up,33.333333333333336,1.0,0.0,3.0,1.0,,,,,,,,,,,,,,,,
22,"Fam, pull up or stay sus",up,up,is_single_word,0,2,,0,0.0,0,0.5,0.0,fam; sus,genz-alpha-slangs,slang,"Hombre, acércate o quédate allí.","Man, come closer or stay there.",man,0.0,1.0,0.0,أنا، جاءوا أو تبقى مشكوك,"I, they came or you stay questionable.",you,40.0,1.0,0.0,兄弟，拉上来或者保持怀疑,"Brother, pull it up or keep it suspicious.",up,100.0,0.0,0.0,ファム、上がりなさいか、疑問を残すな。,"Fam, come up, don't leave any questions.",up,100.0,0.0,0.0,2.0,2.0,,,,,,,,,,,,,,,,
22,"Fam, pull up or stay sus",or,or,is_single_word,0,3,,0,0.0,0,0.25,0.0,fam; sus,genz-alpha-slangs,slang,"Hombre, acércate o quédate allí.","Man, come closer or stay there.",or,100.0,0.0,0.0,أنا، جاءوا أو تبقى مشكوك,"I, they came or you stay questionable.",or,100.0,0.0,0.0,兄弟，拉上来或者保持怀疑,"Brother, pull it up or keep it suspicious.",or,100.0,0.0,0.0,ファム、上がりなさいか、疑問を残すな。,"Fam, come up, don't leave any questions.",come,33.333333333333336,1.0,0.0,1.0,3.0,,,,,,,,,,,,,,,,
22,"Fam, pull up or stay sus",stay,stay,is_single_word,0,4,,0,0.0,0,0.5,0.0,fam; sus,genz-alpha-slangs,slang,"Hombre, acércate o quédate allí.","Man, come closer or stay there.",stay,100.0,0.0,0.0,أنا، جاءوا أو تبقى مشكوك,"I, they came or you stay questionable.",stay,100.0,0.0,0.0,兄弟，拉上来或者保持怀疑,"Brother, pull it up or keep it suspicious.",it,33.333333333333336,1.0,0.0,ファム、上がりなさいか、疑問を残すな。,"Fam, come up, don't leave any questions.",any,57.14285714285714,1.0,0.0,2.0,2.0,,,,,,,,,,,,,,,,
22,"Fam, pull up or stay sus",sus,sus,is_single_word,1,5,,1,12.978530645370483,1,1.0,0.0,fam; sus,genz-alpha-slangs,slang,"Hombre, acércate o quédate allí.","Man, come closer or stay there.",stay,28.57142857142857,1.0,0.0,أنا، جاءوا أو تبقى مشكوك,"I, they came or you stay questionable.",you,33.333333333333336,1.0,0.0,兄弟，拉上来或者保持怀疑,"Brother, pull it up or keep it suspicious.",suspicious,46.15384615384615,1.0,0.0,ファム、上がりなさいか、疑問を残すな。,"Fam, come up, don't leave any questions.",up,40.0,1.0,0.0,4.0,0.0,fam pull up or stay <mask>,▁sus,1.0,7.404817200295103e-07,14.115964889526367,14.115964889526367,up,0.32064065294228,12.978530645370483,12.978530645370483,5.0,5.0,0.0,5.0,0.0,1.0
23,"Yo, this vibe is straight mid",Yo,yo,is_single_word,1,0,,1,11.208160638809204,1,1.0,0.0,mid; yo,genz-alpha-slangs,slang,"Yo, esta onda es completamente normal.","I, this wave is completely normal.",normal,25.0,1.0,0.0,يا، هذا المood حقيقي,"Oh, this mood is real.",oh,50.0,1.0,0.0,嘿，这种气氛很平淡。,"Hey, this atmosphere is very dull.",hey,40.0,1.0,0.0,よ、この気分はまさに真っ直だ,This is not a Japanese sentence.,not,40.0,1.0,0.0,4.0,0.0,<mask> this vibe is straight mid,▁yo,1.0,1.2509025330025423e-06,13.591645240783691,13.591645240783691,And,0.0922286368285408,11.208160638809204,11.208160638809204,0.0,0.0,0.0,5.0,0.0,1.0
23,"Yo, this vibe is straight mid",this,this,is_single_word,0,1,,0,0.0,0,0.0,0.0,mid; yo,genz-alpha-slangs,slang,"Yo, esta onda es completamente normal.","I, this wave is completely normal.",this,100.0,0.0,0.0,يا، هذا المood حقيقي,"Oh, this mood is real.",this,100.0,0.0,0.0,嘿，这种气氛很平淡。,"Hey, this atmosphere is very dull.",this,100.0,0.0,0.0,よ、この気分はまさに真っ直だ,This is not a Japanese sentence.,this,100.0,0.0,0.0,0.0,4.0,,,,,,,,,,,,,,,,
23,"Yo, this vibe is straight mid",vibe,vibe,is_single_word,0,2,,1,6.250614047050476,1,1.0,0.0,mid; yo,genz-alpha-slangs,slang,"Yo, esta onda es completamente normal.","I, this wave is completely normal.",wave,50.0,1.0,0.0,يا، هذا المood حقيقي,"Oh, this mood is real.",is,33.333333333333336,1.0,0.0,嘿，这种气氛很平淡。,"Hey, this atmosphere is very dull.",very,50.0,1.0,0.0,よ、この気分はまさに真っ直だ,This is not a Japanese sentence.,is,33.333333333333336,1.0,0.0,4.0,0.0,yo this <mask> <mask> is straight mid,▁vi be,2.0,1.5961216609492863e-08,17.95310401916504,8.97655200958252,is it,0.004288252699927,12.501228094100952,6.250614047050476,2.0,2.0,0.0,5.0,0.0,1.0
23,"Yo, this vibe is straight mid",is,is,is_single_word,0,3,,0,0.0,0,0.0,0.0,mid; yo,genz-alpha-slangs,slang,"Yo, esta onda es completamente normal.","I, this wave is completely normal.",is,100.0,0.0,0.0,يا، هذا المood حقيقي,"Oh, this mood is real.",is,100.0,0.0,0.0,嘿，这种气氛很平淡。,"Hey, this atmosphere is very dull.",is,100.0,0.0,0.0,よ、この気分はまさに真っ直だ,This is not a Japanese sentence.,is,100.0,0.0,0.0,0.0,4.0,,,,,,,,,,,,,,,,
23,"Yo, this vibe is straight mid",straight,straight,is_single_word,0,4,,1,7.449375510215759,1,1.0,0.0,mid; yo,genz-alpha-slangs,slang,"Yo, esta onda es completamente normal.","I, this wave is completely normal.",this,33.333333333333336,1.0,0.0,يا، هذا المood حقيقي,"Oh, this mood is real.",this,33.333333333333336,1.0,0.0,嘿，这种气氛很平淡。,"Hey, this atmosphere is very dull.",this,33.333333333333336,1.0,0.0,よ、この気分はまさに真っ直だ,This is not a Japanese sentence.,this,33.333333333333336,1.0,0.0,4.0,0.0,yo this vibe is <mask> mid,▁straight,1.0,9.190764243112169e-05,9.294726371765137,9.294726371765137,in,0.1579698856063429,7.449375510215759,7.449375510215759,4.0,4.0,0.0,5.0,0.0,1.0
23,"Yo, this vibe is straight mid",mid,mid,is_single_word,1,5,,1,12.181015253067017,1,1.0,0.0,mid; yo,genz-alpha-slangs,slang,"Yo, esta onda es completamente normal.","I, this wave is completely normal.",i,50.0,1.0,0.0,يا، هذا المood حقيقي,"Oh, this mood is real.",mood,57.14285714285714,1.0,0.0,嘿，这种气氛很平淡。,"Hey, this atmosphere is very dull.",is,40.0,1.0,0.0,よ、この気分はまさに真っ直だ,This is not a Japanese sentence.,is,40.0,1.0,0.0,4.0,0.0,yo this vibe is straight <mask>,▁mid,1.0,8.856989808855496e-07,13.936888694763184,13.936888694763184,up,0.1727562838330328,12.181015253067017,12.181015253067017,5.0,5.0,0.0,5.0,0.0,1.0
24,"Mate, lowkey flexin’",Mate,mate,is_single_word,1,0,,1,7.806911468505859,1,1.0,0.0,flexin; lowkey; mate,genz-alpha-slangs,slang,"Amigo, en realidad me estoy destacando.","Friend, actually I'm standing out.",actually,33.333333333333336,1.0,0.0,أيها الإخوة، أظنني أظهرت بعض الموهبة.,"Dear brothers, I think I have shown some talent.",have,50.0,1.0,0.0,兄弟，低调炫耀,"Brother, subtle bragging.",subtle,40.0,1.0,0.0,マテ、低調に自慢している,"Pride, boasting in a low tone.",tone,50.0,1.0,0.0,4.0,0.0,<mask> lowkey flexin,▁mate,1.0,2.1984749436234948e-05,10.7251615524292,10.7251615524292,</s>,0.0540281493530636,7.806911468505859,7.806911468505859,0.0,0.0,0.0,2.0,0.0,1.0
24,"Mate, lowkey flexin’",lowkey,lowkey,is_single_word,1,1,,1,7.91589891910553,1,1.0,0.0,flexin; lowkey; mate,genz-alpha-slangs,slang,"Amigo, en realidad me estoy destacando.","Friend, actually I'm standing out.",actually,28.57142857142857,1.0,0.0,أيها الإخوة، أظنني أظهرت بعض الموهبة.,"Dear brothers, I think I have shown some talent.",some,40.0,1.0,0.0,兄弟，低调炫耀,"Brother, subtle bragging.",subtle,33.333333333333336,1.0,0.0,マテ、低調に自慢している,"Pride, boasting in a low tone.",low,66.66666666666667,1.0,0.0,4.0,0.0,mate <mask> <mask> flexin,▁low key,2.0,4.5486056379419127e-10,21.511030197143555,10.755515098571776,s mg,0.0034161798370588,15.83179783821106,7.91589891910553,1.0,1.0,0.0,2.0,0.0,1.0
24,"Mate, lowkey flexin’",flexin,flexin,is_single_word,1,2,,1,5.191871603329976,1,1.0,0.0,flexin; lowkey; mate,genz-alpha-slangs,slang,"Amigo, en realidad me estoy destacando.","Friend, actually I'm standing out.",friend,50.0,1.0,0.0,أيها الإخوة، أظنني أظهرت بعض الموهبة.,"Dear brothers, I think I have shown some talent.",talent,50.0,1.0,0.0,兄弟，低调炫耀,"Brother, subtle bragging.",subtle,33.333333333333336,1.0,0.0,マテ、低調に自慢している,"Pride, boasting in a low tone.",in,50.0,1.0,0.0,4.0,0.0,mate lowkey <mask> <mask> <mask>,▁ flex in,3.0,1.3451199576743178e-10,22.72936773300171,7.576455911000569,s . </s>,0.0007819240671132,15.57561480998993,5.191871603329976,2.0,2.0,0.0,2.0,0.0,1.0
25,"Sis, big yikes",Sis,sis,is_single_word,1,0,,1,3.7198582887649536,1,1.0,0.0,sis; yikes,genz-alpha-slangs,slang,"Madre mía, ¡ay, caramba!","Mother of mine, oh dear!",mine,28.57142857142857,1.0,0.0,أختي، إعجاب كبير,"My sister, great admiration.",sister,66.66666666666667,1.0,0.0,姐姐，好吓人。,"Older sister, you're scary.",sister,66.66666666666667,1.0,0.0,姉、大変な感じです。,"Sister, I feel really bad.",sister,66.66666666666667,1.0,0.0,4.0,0.0,<mask> <mask> big yikes,▁si s,2.0,3.63231111548045e-06,12.525641441345217,6.262820720672607,</s> the,0.0061831658586669,7.439716577529907,3.7198582887649536,0.0,0.0,0.0,2.0,0.0,1.0
25,"Sis, big yikes",big,big,is_single_word,0,1,,1,7.335781097412109,1,1.0,0.0,sis; yikes,genz-alpha-slangs,slang,"Madre mía, ¡ay, caramba!","Mother of mine, oh dear!",mine,28.57142857142857,1.0,0.0,أختي، إعجاب كبير,"My sister, great admiration.",great,25.0,1.0,0.0,姐姐，好吓人。,"Older sister, you're scary.",sister,22.22222222222222,1.0,0.0,姉、大変な感じです。,"Sister, I feel really bad.",i,50.0,1.0,0.0,4.0,0.0,sis <mask> yikes,▁big,1.0,6.400719100521551e-05,9.65651512145996,9.65651512145996,ley,0.0982014768972595,7.335781097412109,7.335781097412109,1.0,1.0,0.0,2.0,0.0,1.0
25,"Sis, big yikes",yikes,yikes,is_single_word,1,2,,1,10.15902614593506,1,1.0,0.0,sis; yikes,genz-alpha-slangs,slang,"Madre mía, ¡ay, caramba!","Mother of mine, oh dear!",mine,44.44444444444444,1.0,0.0,أختي، إعجاب كبير,"My sister, great admiration.",sister,36.36363636363637,1.0,0.0,姐姐，好吓人。,"Older sister, you're scary.",sister,36.36363636363637,1.0,0.0,姉、大変な感じです。,"Sister, I feel really bad.",sister,36.36363636363637,1.0,0.0,4.0,0.0,sis big <mask> <mask>,▁yi kes,2.0,4.1069817051751125e-11,23.91574764251709,11.957873821258543,tits tits,0.0273867666660575,20.31805229187012,10.15902614593506,2.0,2.0,0.0,2.0,0.0,1.0
26,"Bruh, skibidi outta here, sigma style",Bruh,bruh,is_single_word,1,0,,1,5.511592626571655,1,1.0,0.0,bruh,genz-alpha-slangs,slang,"Hombre, skibidi fuera de aquí, estilo sigma","Man, skibidi get out of here, sigma style.",out,28.57142857142857,1.0,0.0,برأيي، اذهب إلى هناك، بطرق سيجيما,"In my opinion, go there, by the scenic route.",route,44.44444444444444,1.0,0.0,兄弟，斯基比迪滚蛋，西格玛风格,"Brother, Ski Bidi roll away, Sigma style.",brother,54.54545454545454,1.0,0.0,ブラフ、スキビディ アウトタ ヘア、シグマ スタイルです。,"Braff, Skividi outta hair, Sigma style.",braff,44.44444444444444,1.0,0.0,4.0,0.0,<mask> <mask> skibidi outta here sigma style,▁bru h,2.0,1.5960950230174778e-08,17.953120708465576,8.976560354232788,I a,0.0009780639951834,11.02318525314331,5.511592626571655,0.0,0.0,0.0,5.0,0.0,1.0
26,"Bruh, skibidi outta here, sigma style",skibidi,skibidi,is_single_word,0,1,,1,5.741046905517578,1,1.0,0.0,bruh,genz-alpha-slangs,slang,"Hombre, skibidi fuera de aquí, estilo sigma","Man, skibidi get out of here, sigma style.",skibidi,100.0,1.0,1.0,برأيي، اذهب إلى هناك، بطرق سيجيما,"In my opinion, go there, by the scenic route.",scenic,30.76923076923077,1.0,0.0,兄弟，斯基比迪滚蛋，西格玛风格,"Brother, Ski Bidi roll away, Sigma style.",bidi,72.72727272727273,1.0,0.0,ブラフ、スキビディ アウトタ ヘア、シグマ スタイルです。,"Braff, Skividi outta hair, Sigma style.",skividi,85.71428571428572,1.0,0.0,4.0,0.0,bruh <mask> <mask> <mask> outta here sigma style,▁ski bi di,3.0,1.1568182726140657e-12,27.48534774780273,9.161782582600912,", s me",3.492851438518437e-05,17.223140716552734,5.741046905517578,1.0,1.0,0.0,5.0,0.0,1.0
26,"Bruh, skibidi outta here, sigma style",outta,outta,is_single_word,0,2,,0,0.0,0,0.75,0.0,bruh,genz-alpha-slangs,slang,"Hombre, skibidi fuera de aquí, estilo sigma","Man, skibidi get out of here, sigma style.",out,75.0,1.0,0.0,برأيي، اذهب إلى هناك، بطرق سيجيما,"In my opinion, go there, by the scenic route.",route,60.0,1.0,0.0,兄弟，斯基比迪滚蛋，西格玛风格,"Brother, Ski Bidi roll away, Sigma style.",brother,33.333333333333336,1.0,0.0,ブラフ、スキビディ アウトタ ヘア、シグマ スタイルです。,"Braff, Skividi outta hair, Sigma style.",outta,100.0,0.0,0.0,3.0,1.0,,,,,,,,,,,,,,,,
26,"Bruh, skibidi outta here, sigma style",here,here,is_single_word,0,3,,0,0.0,0,0.75,0.0,bruh,genz-alpha-slangs,slang,"Hombre, skibidi fuera de aquí, estilo sigma","Man, skibidi get out of here, sigma style.",here,100.0,0.0,0.0,برأيي، اذهب إلى هناك، بطرق سيجيما,"In my opinion, go there, by the scenic route.",there,88.88888888888889,1.0,0.0,兄弟，斯基比迪滚蛋，西格玛风格,"Brother, Ski Bidi roll away, Sigma style.",brother,54.54545454545454,1.0,0.0,ブラフ、スキビディ アウトタ ヘア、シグマ スタイルです。,"Braff, Skividi outta hair, Sigma style.",hair,50.0,1.0,0.0,3.0,1.0,,,,,,,,,,,,,,,,
26,"Bruh, skibidi outta here, sigma style",sigma,sigma,is_single_word,0,4,,0,0.0,0,0.5,0.0,bruh,genz-alpha-slangs,slang,"Hombre, skibidi fuera de aquí, estilo sigma","Man, skibidi get out of here, sigma style.",sigma,100.0,1.0,1.0,برأيي، اذهب إلى هناك، بطرق سيجيما,"In my opinion, go there, by the scenic route.",scenic,36.36363636363637,1.0,0.0,兄弟，斯基比迪滚蛋，西格玛风格,"Brother, Ski Bidi roll away, Sigma style.",sigma,100.0,0.0,0.0,ブラフ、スキビディ アウトタ ヘア、シグマ スタイルです。,"Braff, Skividi outta hair, Sigma style.",sigma,100.0,0.0,0.0,2.0,2.0,,,,,,,,,,,,,,,,
26,"Bruh, skibidi outta here, sigma style",style,style,is_single_word,0,5,,0,0.0,0,0.25,0.0,bruh,genz-alpha-slangs,slang,"Hombre, skibidi fuera de aquí, estilo sigma","Man, skibidi get out of here, sigma style.",style,100.0,0.0,0.0,برأيي، اذهب إلى هناك، بطرق سيجيما,"In my opinion, go there, by the scenic route.",the,50.0,1.0,0.0,兄弟，斯基比迪滚蛋，西格玛风格,"Brother, Ski Bidi roll away, Sigma style.",style,100.0,0.0,0.0,ブラフ、スキビディ アウトタ ヘア、シグマ スタイルです。,"Braff, Skividi outta hair, Sigma style.",style,100.0,0.0,0.0,1.0,3.0,,,,,,,,,,,,,,,,
27,"Homie, big yikes",Homie,homie,is_single_word,1,0,,1,7.770807385444641,1,1.0,1.0,homie; yikes,genz-alpha-slangs,slang,"Amigo, gran asco.","Friend, great disgust.",friend,36.36363636363637,1.0,0.0,أخي، يائس كبير,"My brother, a great despair.",brother,33.333333333333336,1.0,0.0,兄弟，好吓人,"Brother, you scared me.",me,57.14285714285714,1.0,0.0,ホミー、ビッグ・ヤイクスです。,"Homi, Big Yakus.",homi,88.88888888888889,1.0,0.0,4.0,0.0,<mask> <mask> big yikes,▁hom ie,2.0,1.1004577198855154e-09,20.62753963470459,10.313769817352297,</s> the,0.0061831658586669,15.541614770889282,7.770807385444641,0.0,0.0,0.0,2.0,0.0,1.0
27,"Homie, big yikes",big,big,is_single_word,0,1,,0,0.0,0,0.75,0.0,homie; yikes,genz-alpha-slangs,slang,"Amigo, gran asco.","Friend, great disgust.",disgust,40.0,1.0,0.0,أخي، يائس كبير,"My brother, a great despair.",great,25.0,1.0,0.0,兄弟，好吓人,"Brother, you scared me.",brother,20.0,1.0,0.0,ホミー、ビッグ・ヤイクスです。,"Homi, Big Yakus.",big,100.0,0.0,0.0,3.0,1.0,,,,,,,,,,,,,,,,
27,"Homie, big yikes",yikes,yikes,is_single_word,1,2,,1,9.32874310016632,1,1.0,0.0,homie; yikes,genz-alpha-slangs,slang,"Amigo, gran asco.","Friend, great disgust.",friend,36.36363636363637,1.0,0.0,أخي، يائس كبير,"My brother, a great despair.",despair,33.333333333333336,1.0,0.0,兄弟，好吓人,"Brother, you scared me.",me,28.57142857142857,1.0,0.0,ホミー、ビッグ・ヤイクスです。,"Homi, Big Yakus.",yakus,60.0,1.0,0.0,4.0,0.0,homie big <mask> <mask>,▁yi kes,2.0,7.268467186923898e-11,23.344890594482425,11.672445297241213,boobs tits,0.0092105621454999,18.65748620033264,9.32874310016632,2.0,2.0,0.0,2.0,0.0,1.0
28,"Fam, lowkey flexin’",Fam,fam,is_single_word,1,0,,1,8.594867706298828,1,1.0,1.0,fam; flexin; lowkey,genz-alpha-slangs,slang,"Hombre, en secreto me estoy destacando.","Listen, I'm secretly getting ahead.",i'm,33.333333333333336,1.0,0.0,أنا، سرّيًا، أُظهرُ قوّتي.,"I, secretly, show my strength.",my,40.0,1.0,0.0,兄弟，低调炫耀,"Brother, subtle bragging.",bragging,18.181818181818176,1.0,0.0,ファム、低調に自慢している。,"Famu, low-key bragging.",famu,85.71428571428572,1.0,0.0,4.0,0.0,<mask> lowkey flexin,▁fam,1.0,9.99807693241376e-06,11.513117790222168,11.513117790222168,</s>,0.0540281493530636,8.594867706298828,8.594867706298828,0.0,0.0,0.0,2.0,0.0,1.0
28,"Fam, lowkey flexin’",lowkey,lowkey,is_single_word,1,1,,1,7.24466872215271,1,1.0,0.0,fam; flexin; lowkey,genz-alpha-slangs,slang,"Hombre, en secreto me estoy destacando.","Listen, I'm secretly getting ahead.",listen,33.333333333333336,1.0,0.0,أنا، سرّيًا، أُظهرُ قوّتي.,"I, secretly, show my strength.",show,40.0,1.0,0.0,兄弟，低调炫耀,"Brother, subtle bragging.",subtle,33.333333333333336,1.0,0.0,ファム、低調に自慢している。,"Famu, low-key bragging.",low-key,92.3076923076923,1.0,0.0,4.0,0.0,fam <mask> <mask> flexin,▁low key,2.0,1.1283273458409919e-09,20.60252952575684,10.301264762878418,". ,",0.0022134739347315,14.48933744430542,7.24466872215271,1.0,1.0,0.0,2.0,0.0,1.0
28,"Fam, lowkey flexin’",flexin,flexin,is_single_word,1,2,,1,5.053969581921895,1,1.0,0.0,fam; flexin; lowkey,genz-alpha-slangs,slang,"Hombre, en secreto me estoy destacando.","Listen, I'm secretly getting ahead.",listen,50.0,1.0,0.0,أنا، سرّيًا، أُظهرُ قوّتي.,"I, secretly, show my strength.",i,28.57142857142857,1.0,0.0,兄弟，低调炫耀,"Brother, subtle bragging.",subtle,33.333333333333336,1.0,0.0,ファム、低調に自慢している。,"Famu, low-key bragging.",low-key,30.76923076923077,1.0,0.0,4.0,0.0,fam lowkey <mask> <mask> <mask>,▁ flex in,3.0,2.1452103941735417e-10,22.26261329650879,7.420871098836263,s for </s>,0.0008245237997186,15.161908745765686,5.053969581921895,2.0,2.0,0.0,2.0,0.0,1.0
29,"Yo, pull up or stay sus",Yo,yo,is_single_word,1,0,,1,12.216678380966188,1,1.0,0.0,sus; yo,genz-alpha-slangs,slang,"Yo, arrímese o se quede allí.","He, sit down or stay there.",or,50.0,1.0,0.0,يا، جاءوا أو بقىوا مشكوكين.,They came or remained doubting.,or,50.0,1.0,0.0,嘿，拉上或保持怀疑,"Hey, raise or maintain doubts.",or,50.0,1.0,0.0,よ、近づいてきてくれ or すれすれしていることを気に留めろ。,Come closer and don't mind the proximity.,come,33.333333333333336,1.0,0.0,4.0,0.0,<mask> pull up or stay sus,▁yo,1.0,1.1522623326422997e-06,13.673783302307127,13.673783302307127,Please,0.2329095911943694,12.216678380966188,12.216678380966188,0.0,0.0,0.0,5.0,0.0,1.0
29,"Yo, pull up or stay sus",pull,pull,is_single_word,0,1,,1,5.296604037284851,1,1.0,0.0,sus; yo,genz-alpha-slangs,slang,"Yo, arrímese o se quede allí.","He, sit down or stay there.",he,0.0,1.0,0.0,يا، جاءوا أو بقىوا مشكوكين.,They came or remained doubting.,doubting,16.666666666666664,1.0,0.0,嘿，拉上或保持怀疑,"Hey, raise or maintain doubts.",doubts,20.0,1.0,0.0,よ、近づいてきてくれ or すれすれしていることを気に留めろ。,Come closer and don't mind the proximity.,closer,20.0,1.0,0.0,4.0,0.0,yo <mask> up or stay sus,▁pull,1.0,0.0016689433854436,6.395564556121826,6.395564556121826,stay,0.3332172768187408,5.296604037284851,5.296604037284851,1.0,1.0,0.0,5.0,0.0,1.0
29,"Yo, pull up or stay sus",up,up,is_single_word,0,2,,1,0.0,1,1.0,0.0,sus; yo,genz-alpha-slangs,slang,"Yo, arrímese o se quede allí.","He, sit down or stay there.",he,0.0,1.0,0.0,يا، جاءوا أو بقىوا مشكوكين.,They came or remained doubting.,doubting,20.0,1.0,0.0,嘿，拉上或保持怀疑,"Hey, raise or maintain doubts.",doubts,25.0,1.0,0.0,よ、近づいてきてくれ or すれすれしていることを気に留めろ。,Come closer and don't mind the proximity.,proximity,18.181818181818176,1.0,0.0,4.0,0.0,yo pull <mask> or stay sus,▁up,1.0,0.1276978563604043,2.0580883026123047,2.0580883026123047,up,0.1276978563604043,0.0,0.0,2.0,2.0,0.0,5.0,0.0,1.0
29,"Yo, pull up or stay sus",or,or,is_single_word,0,3,,0,0.0,0,0.25,0.0,sus; yo,genz-alpha-slangs,slang,"Yo, arrímese o se quede allí.","He, sit down or stay there.",or,100.0,0.0,0.0,يا، جاءوا أو بقىوا مشكوكين.,They came or remained doubting.,or,100.0,0.0,0.0,嘿，拉上或保持怀疑,"Hey, raise or maintain doubts.",or,100.0,0.0,0.0,よ、近づいてきてくれ or すれすれしていることを気に留めろ。,Come closer and don't mind the proximity.,closer,50.0,1.0,0.0,1.0,3.0,,,,,,,,,,,,,,,,
29,"Yo, pull up or stay sus",stay,stay,is_single_word,0,4,,0,0.0,0,0.75,0.0,sus; yo,genz-alpha-slangs,slang,"Yo, arrímese o se quede allí.","He, sit down or stay there.",stay,100.0,0.0,0.0,يا، جاءوا أو بقىوا مشكوكين.,They came or remained doubting.,they,50.0,1.0,0.0,嘿，拉上或保持怀疑,"Hey, raise or maintain doubts.",maintain,33.333333333333336,1.0,0.0,よ、近づいてきてくれ or すれすれしていることを気に留めろ。,Come closer and don't mind the proximity.,proximity,30.76923076923077,1.0,0.0,3.0,1.0,,,,,,,,,,,,,,,,
29,"Yo, pull up or stay sus",sus,sus,is_single_word,1,5,,1,13.669326812028885,1,1.0,0.0,sus; yo,genz-alpha-slangs,slang,"Yo, arrímese o se quede allí.","He, sit down or stay there.",sit,33.333333333333336,1.0,0.0,يا، جاءوا أو بقىوا مشكوكين.,They came or remained doubting.,doubting,18.181818181818176,1.0,0.0,嘿，拉上或保持怀疑,"Hey, raise or maintain doubts.",doubts,44.44444444444444,1.0,0.0,よ、近づいてきてくれ or すれすれしていることを気に留めろ。,Come closer and don't mind the proximity.,closer,22.22222222222222,1.0,0.0,4.0,0.0,yo pull up or stay <mask>,▁sus,1.0,7.937529817005452e-07,14.046493530273438,14.046493530273438,up,0.6858017287042495,13.669326812028885,13.669326812028885,5.0,5.0,0.0,5.0,0.0,1.0
30,"Homie, touch some grass",Homie,homie,is_single_word,1,0,,1,12.355883061885834,1,1.0,1.0,homie,genz-alpha-slangs,slang,"Hombre, toca algo verde.","Man, play something green.",something,42.85714285714286,1.0,0.0,أخي، اذهب إلى الميدان,"Brother, go to the square.",the,50.0,1.0,0.0,老朋友，多去看看外面,"Old friend, go out and take a look more often.",more,44.44444444444444,1.0,0.0,ホミー、芝生に触れろ。,"Homi, the grass, touch it.",homi,88.88888888888889,1.0,0.0,4.0,0.0,<mask> <mask> touch some grass,▁hom ie,2.0,5.984907587787076e-13,28.144365310668945,14.072182655334473,Let to,0.0323028703654879,24.711766123771667,12.355883061885834,0.0,0.0,0.0,3.0,0.0,1.0
30,"Homie, touch some grass",touch,touch,is_single_word,0,1,,0,0.0,0,0.75,0.0,homie,genz-alpha-slangs,slang,"Hombre, toca algo verde.","Man, play something green.",something,28.57142857142857,1.0,0.0,أخي، اذهب إلى الميدان,"Brother, go to the square.",to,57.14285714285714,1.0,0.0,老朋友，多去看看外面,"Old friend, go out and take a look more often.",out,50.0,1.0,0.0,ホミー、芝生に触れろ。,"Homi, the grass, touch it.",touch,100.0,0.0,0.0,3.0,1.0,,,,,,,,,,,,,,,,
30,"Homie, touch some grass",some,some,is_single_word,0,2,,1,6.530811309814453,1,1.0,0.0,homie,genz-alpha-slangs,slang,"Hombre, toca algo verde.","Man, play something green.",something,61.53846153846154,1.0,0.0,أخي، اذهب إلى الميدان,"Brother, go to the square.",square,40.0,1.0,0.0,老朋友，多去看看外面,"Old friend, go out and take a look more often.",more,50.0,1.0,0.0,ホミー、芝生に触れろ。,"Homi, the grass, touch it.",homi,50.0,1.0,0.0,4.0,0.0,homie touch <mask> grass,▁some,1.0,0.0002524565911579,8.284271240234375,8.284271240234375,apple,0.1731737366329862,6.530811309814453,6.530811309814453,2.0,2.0,0.0,3.0,0.0,1.0
30,"Homie, touch some grass",grass,grass,is_single_word,0,3,,0,0.0,0,0.75,0.0,homie,genz-alpha-slangs,slang,"Hombre, toca algo verde.","Man, play something green.",green,40.0,1.0,0.0,أخي، اذهب إلى الميدان,"Brother, go to the square.",go,28.57142857142857,1.0,0.0,老朋友，多去看看外面,"Old friend, go out and take a look more often.",a,33.333333333333336,1.0,0.0,ホミー、芝生に触れろ。,"Homi, the grass, touch it.",grass,100.0,0.0,0.0,3.0,1.0,,,,,,,,,,,,,,,,
31,"Bro, whole squad waitin’",Bro,bro,is_single_word,1,0,,1,8.032764673233032,1,1.0,0.0,bro; waitin,genz-alpha-slangs,slang,"Hombre, toda la escuadra está esperando.","Gentlemen, the whole crew is waiting.",crew,28.57142857142857,1.0,0.0,أخي، كل الفريق ينتظر,"Brother, the whole team is waiting.",brother,60.0,1.0,0.0,兄弟，整个团队都在等待,"Brothers, the entire team is waiting.",brothers,54.54545454545454,1.0,0.0,ブラ、全員待ってん,"Wait, everyone.",everyone,36.36363636363637,1.0,0.0,4.0,0.0,<mask> whole squad waitin,▁bro,1.0,4.005383625902675e-05,10.125286102294922,10.125286102294922,The,0.1233756603253215,8.032764673233032,8.032764673233032,0.0,0.0,0.0,3.0,0.0,1.0
31,"Bro, whole squad waitin’",whole,whole,is_single_word,0,1,,0,0.0,0,0.5,0.0,bro; waitin,genz-alpha-slangs,slang,"Hombre, toda la escuadra está esperando.","Gentlemen, the whole crew is waiting.",whole,100.0,0.0,0.0,أخي، كل الفريق ينتظر,"Brother, the whole team is waiting.",whole,100.0,0.0,0.0,兄弟，整个团队都在等待,"Brothers, the entire team is waiting.",the,50.0,1.0,0.0,ブラ、全員待ってん,"Wait, everyone.",everyone,30.76923076923077,1.0,0.0,2.0,2.0,,,,,,,,,,,,,,,,
31,"Bro, whole squad waitin’",squad,squad,is_single_word,0,2,,1,6.32082736492157,1,1.0,0.0,bro; waitin,genz-alpha-slangs,slang,"Hombre, toda la escuadra está esperando.","Gentlemen, the whole crew is waiting.",is,28.57142857142857,1.0,0.0,أخي، كل الفريق ينتظر,"Brother, the whole team is waiting.",is,28.57142857142857,1.0,0.0,兄弟，整个团队都在等待,"Brothers, the entire team is waiting.",is,28.57142857142857,1.0,0.0,ブラ、全員待ってん,"Wait, everyone.",wait,22.22222222222222,1.0,0.0,4.0,0.0,bro whole <mask> <mask> waitin,▁s quad,2.0,4.0438933403768095e-09,19.32605791091919,9.663028955459597,dag i,0.001250260710424,12.64165472984314,6.32082736492157,2.0,2.0,0.0,3.0,0.0,1.0
31,"Bro, whole squad waitin’",waitin,waitin,is_single_word,1,3,,1,5.520828068256378,1,1.0,0.0,bro; waitin,genz-alpha-slangs,slang,"Hombre, toda la escuadra está esperando.","Gentlemen, the whole crew is waiting.",waiting,92.3076923076923,1.0,0.0,أخي، كل الفريق ينتظر,"Brother, the whole team is waiting.",waiting,92.3076923076923,1.0,0.0,兄弟，整个团队都在等待,"Brothers, the entire team is waiting.",waiting,92.3076923076923,1.0,0.0,ブラ、全員待ってん,"Wait, everyone.",wait,80.0,1.0,0.0,4.0,0.0,bro whole squad <mask> <mask>,▁wait in,2.0,7.120932354757213e-08,16.457642078399658,8.228821039199829,. .,0.0044449531860815,11.041656136512756,5.520828068256378,3.0,3.0,0.0,3.0,0.0,1.0
32,"Sis, stop cappin’, lowkey annoyed",Sis,sis,is_single_word,1,0,,1,3.738496482372284,1,1.0,0.0,cappin; lowkey; sis,genz-alpha-slangs,slang,"Sí, detente con eso, estoy un poco molesto.","Yes, stop that, I'm a bit annoyed.",yes,33.333333333333336,1.0,0.0,أختي، توقف عن الكلام، أنا قليلًا متوترة.,"Sister, stop talking, I'm a bit anxious.",sister,66.66666666666667,1.0,0.0,姐姐，别废话，低调生气,"Sister, stop beating around the bush, be low-key angry.",sister,66.66666666666667,1.0,0.0,姉、止まれ、キャップを取れ、低調に不満だ。,"Sister, stop, take off your cap, you're sounding off in a low tone.",sister,66.66666666666667,1.0,0.0,4.0,0.0,<mask> <mask> stop cappin' lowkey annoyed,▁si s,2.0,2.756301094501117e-06,12.801620960235596,6.400810480117798,I to,0.0048701623996592,7.476992964744568,3.738496482372284,0.0,0.0,0.0,4.0,0.0,1.0
32,"Sis, stop cappin’, lowkey annoyed",stop,stop,is_single_word,0,1,,0,0.0,0,0.0,0.0,cappin; lowkey; sis,genz-alpha-slangs,slang,"Sí, detente con eso, estoy un poco molesto.","Yes, stop that, I'm a bit annoyed.",stop,100.0,0.0,0.0,أختي، توقف عن الكلام، أنا قليلًا متوترة.,"Sister, stop talking, I'm a bit anxious.",stop,100.0,0.0,0.0,姐姐，别废话，低调生气,"Sister, stop beating around the bush, be low-key angry.",stop,100.0,0.0,0.0,姉、止まれ、キャップを取れ、低調に不満だ。,"Sister, stop, take off your cap, you're sounding off in a low tone.",stop,100.0,0.0,0.0,0.0,4.0,,,,,,,,,,,,,,,,
32,"Sis, stop cappin’, lowkey annoyed",cappin,cappin,is_single_word,1,2,,1,6.827824831008911,1,1.0,0.0,cappin; lowkey; sis,genz-alpha-slangs,slang,"Sí, detente con eso, estoy un poco molesto.","Yes, stop that, I'm a bit annoyed.",annoyed,30.76923076923077,1.0,0.0,أختي، توقف عن الكلام، أنا قليلًا متوترة.,"Sister, stop talking, I'm a bit anxious.",talking,46.15384615384615,1.0,0.0,姐姐，别废话，低调生气,"Sister, stop beating around the bush, be low-key angry.",beating,46.15384615384615,1.0,0.0,姉、止まれ、キャップを取れ、低調に不満だ。,"Sister, stop, take off your cap, you're sounding off in a low tone.",cap,66.66666666666667,1.0,0.0,4.0,0.0,sis stop <mask> <mask> <mask> lowkey annoyed,▁cap pin ',3.0,3.9652476259620396e-13,28.55603790283203,9.51867930094401,s s the,0.0003119825161189,20.483474493026733,6.827824831008911,2.0,2.0,0.0,4.0,0.0,1.0
32,"Sis, stop cappin’, lowkey annoyed",lowkey,lowkey,is_single_word,1,3,,1,8.1590536236763,1,1.0,0.0,cappin; lowkey; sis,genz-alpha-slangs,slang,"Sí, detente con eso, estoy un poco molesto.","Yes, stop that, I'm a bit annoyed.",annoyed,30.76923076923077,1.0,0.0,أختي، توقف عن الكلام، أنا قليلًا متوترة.,"Sister, stop talking, I'm a bit anxious.",talking,30.76923076923077,1.0,0.0,姐姐，别废话，低调生气,"Sister, stop beating around the bush, be low-key angry.",low-key,92.3076923076923,1.0,0.0,姉、止まれ、キャップを取れ、低調に不満だ。,"Sister, stop, take off your cap, you're sounding off in a low tone.",low,66.66666666666667,1.0,0.0,4.0,0.0,sis stop cappin' <mask> <mask> annoyed,▁low key,2.0,7.938161160524304e-10,20.954169273376465,10.477084636688232,me ',0.0096958043719027,16.3181072473526,8.1590536236763,3.0,3.0,0.0,4.0,0.0,1.0
32,"Sis, stop cappin’, lowkey annoyed",annoyed,annoyed,is_single_word,0,4,,0,0.0,0,0.75,0.0,cappin; lowkey; sis,genz-alpha-slangs,slang,"Sí, detente con eso, estoy un poco molesto.","Yes, stop that, I'm a bit annoyed.",annoyed,100.0,0.0,0.0,أختي، توقف عن الكلام، أنا قليلًا متوترة.,"Sister, stop talking, I'm a bit anxious.",anxious,42.85714285714286,1.0,0.0,姐姐，别废话，低调生气,"Sister, stop beating around the bush, be low-key angry.",angry,50.0,1.0,0.0,姉、止まれ、キャップを取れ、低調に不満だ。,"Sister, stop, take off your cap, you're sounding off in a low tone.",take,36.36363636363637,1.0,0.0,3.0,1.0,,,,,,,,,,,,,,,,
33,"Fam, whole squad waitin’",Fam,fam,is_single_word,1,0,,0,0.0,0,0.75,1.0,fam; waitin,genz-alpha-slangs,slang,"Hombre, toda la pandilla está esperando.","Buddy, the whole gang is waiting.",gang,28.57142857142857,1.0,0.0,أنا، كل الفريق ينتظرون,"I, everyone is waiting for the team.",team,57.14285714285714,1.0,0.0,兄弟，整个团队都在等待,"Brothers, the entire team is waiting.",team,57.14285714285714,1.0,0.0,ファム、全員が待っています。,"Fam, everyone is waiting.",fam,100.0,0.0,0.0,3.0,1.0,,,,,,,,,,,,,,,,
33,"Fam, whole squad waitin’",whole,whole,is_single_word,0,1,,0,0.0,0,0.75,0.0,fam; waitin,genz-alpha-slangs,slang,"Hombre, toda la pandilla está esperando.","Buddy, the whole gang is waiting.",whole,100.0,0.0,0.0,أنا، كل الفريق ينتظرون,"I, everyone is waiting for the team.",the,50.0,1.0,0.0,兄弟，整个团队都在等待,"Brothers, the entire team is waiting.",the,50.0,1.0,0.0,ファム、全員が待っています。,"Fam, everyone is waiting.",everyone,30.76923076923077,1.0,0.0,3.0,1.0,,,,,,,,,,,,,,,,
33,"Fam, whole squad waitin’",squad,squad,is_single_word,0,2,,1,6.31169331073761,0,1.0,0.0,fam; waitin,genz-alpha-slangs,slang,"Hombre, toda la pandilla está esperando.","Buddy, the whole gang is waiting.",buddy,40.0,1.0,0.0,أنا، كل الفريق ينتظرون,"I, everyone is waiting for the team.",is,28.57142857142857,1.0,0.0,兄弟，整个团队都在等待,"Brothers, the entire team is waiting.",is,28.57142857142857,1.0,0.0,ファム、全員が待っています。,"Fam, everyone is waiting.",is,28.57142857142857,1.0,0.0,4.0,0.0,fam whole <mask> <mask> waitin,▁s quad,2.0,7.54556552621944e-09,18.702305793762207,9.351152896881104,time with,0.0022906511146534,12.62338662147522,6.31169331073761,2.0,2.0,0.0,3.0,0.0,1.0
33,"Fam, whole squad waitin’",waitin,waitin,is_single_word,1,3,,1,6.024180173873901,0,1.0,0.0,fam; waitin,genz-alpha-slangs,slang,"Hombre, toda la pandilla está esperando.","Buddy, the whole gang is waiting.",waiting,92.3076923076923,1.0,0.0,أنا، كل الفريق ينتظرون,"I, everyone is waiting for the team.",waiting,92.3076923076923,1.0,0.0,兄弟，整个团队都在等待,"Brothers, the entire team is waiting.",waiting,92.3076923076923,1.0,0.0,ファム、全員が待っています。,"Fam, everyone is waiting.",waiting,92.3076923076923,1.0,0.0,4.0,0.0,fam whole squad <mask> <mask>,▁wait in,2.0,2.3638490059079586e-08,17.560389518737793,8.780194759368896,. </s>,0.0040379054638605,12.048360347747805,6.024180173873901,3.0,3.0,0.0,3.0,0.0,1.0
34,"Bro, stop cappin’, lowkey annoyed",Bro,bro,is_single_word,1,0,,1,8.073791980743408,1,1.0,0.0,bro; cappin; lowkey,genz-alpha-slangs,slang,"Hombre, detente con eso, estoy un poco molesto.","Listen, stop that, I'm a bit annoyed.",bit,33.333333333333336,1.0,0.0,أخي، توقف عن الكذب، أنا متوتر قليلًا.,"Brother, stop lying, I'm a bit anxious.",brother,60.0,1.0,0.0,兄弟，别废话了，低声下气的很烦人,"Brother, stop beating around the bush, people who fawn over others are really annoying.",brother,60.0,1.0,0.0,ブラ、止まれ、低調に困っている,"Bra, stop, I'm having a low voice.",bra,66.66666666666667,1.0,0.0,4.0,0.0,<mask> stop cappin' lowkey annoyed,▁bro,1.0,3.084995003435573e-05,10.386375427246094,10.386375427246094,Please,0.0990051463859007,8.073791980743408,8.073791980743408,0.0,0.0,0.0,4.0,0.0,1.0
34,"Bro, stop cappin’, lowkey annoyed",stop,stop,is_single_word,0,1,,0,0.0,0,0.0,0.0,bro; cappin; lowkey,genz-alpha-slangs,slang,"Hombre, detente con eso, estoy un poco molesto.","Listen, stop that, I'm a bit annoyed.",stop,100.0,0.0,0.0,أخي، توقف عن الكذب، أنا متوتر قليلًا.,"Brother, stop lying, I'm a bit anxious.",stop,100.0,0.0,0.0,兄弟，别废话了，低声下气的很烦人,"Brother, stop beating around the bush, people who fawn over others are really annoying.",stop,100.0,0.0,0.0,ブラ、止まれ、低調に困っている,"Bra, stop, I'm having a low voice.",stop,100.0,0.0,0.0,0.0,4.0,,,,,,,,,,,,,,,,
34,"Bro, stop cappin’, lowkey annoyed",cappin,cappin,is_single_word,1,2,,1,5.970568418502808,1,1.0,0.0,bro; cappin; lowkey,genz-alpha-slangs,slang,"Hombre, detente con eso, estoy un poco molesto.","Listen, stop that, I'm a bit annoyed.",listen,33.333333333333336,1.0,0.0,أخي، توقف عن الكذب، أنا متوتر قليلًا.,"Brother, stop lying, I'm a bit anxious.",lying,36.36363636363637,1.0,0.0,兄弟，别废话了，低声下气的很烦人,"Brother, stop beating around the bush, people who fawn over others are really annoying.",beating,46.15384615384615,1.0,0.0,ブラ、止まれ、低調に困っている,"Bra, stop, I'm having a low voice.",having,50.0,1.0,0.0,4.0,0.0,bro stop <mask> <mask> <mask> lowkey annoyed,▁cap pin ',3.0,1.1747699571890849e-12,27.469948768615723,9.156649589538574,s the the,7.061672714651439e-05,17.911705255508423,5.970568418502808,2.0,2.0,0.0,4.0,0.0,1.0
34,"Bro, stop cappin’, lowkey annoyed",lowkey,lowkey,is_single_word,1,3,,1,7.827468872070312,1,1.0,0.0,bro; cappin; lowkey,genz-alpha-slangs,slang,"Hombre, detente con eso, estoy un poco molesto.","Listen, stop that, I'm a bit annoyed.",listen,33.333333333333336,1.0,0.0,أخي، توقف عن الكذب، أنا متوتر قليلًا.,"Brother, stop lying, I'm a bit anxious.",lying,36.36363636363637,1.0,0.0,兄弟，别废话了，低声下气的很烦人,"Brother, stop beating around the bush, people who fawn over others are really annoying.",over,40.0,1.0,0.0,ブラ、止まれ、低調に困っている,"Bra, stop, I'm having a low voice.",low,66.66666666666667,1.0,0.0,4.0,0.0,bro stop cappin' <mask> <mask> annoyed,▁low key,2.0,8.058986931483753e-10,20.93906307220459,10.469531536102297,me get,0.005071466117849,15.654937744140623,7.827468872070312,3.0,3.0,0.0,4.0,0.0,1.0
34,"Bro, stop cappin’, lowkey annoyed",annoyed,annoyed,is_single_word,0,4,,0,0.0,0,0.75,0.0,bro; cappin; lowkey,genz-alpha-slangs,slang,"Hombre, detente con eso, estoy un poco molesto.","Listen, stop that, I'm a bit annoyed.",annoyed,100.0,0.0,0.0,أخي، توقف عن الكذب، أنا متوتر قليلًا.,"Brother, stop lying, I'm a bit anxious.",anxious,42.85714285714286,1.0,0.0,兄弟，别废话了，低声下气的很烦人,"Brother, stop beating around the bush, people who fawn over others are really annoying.",annoying,66.66666666666667,1.0,0.0,ブラ、止まれ、低調に困っている,"Bra, stop, I'm having a low voice.",voice,33.333333333333336,1.0,0.0,3.0,1.0,,,,,,,,,,,,,,,,
35,"Sis, whole squad waitin’",Sis,sis,is_single_word,1,0,,1,4.091884613037109,1,1.0,0.0,sis; waitin,genz-alpha-slangs,slang,"Sí, toda la escuadra está esperando.","Yes, the whole crew is waiting.",is,80.0,1.0,0.0,أختي، كل الفريق ينتظرون,"My sister, the whole team is waiting.",is,80.0,1.0,0.0,姐姐，整个团队都在等待。,"Sister, the whole team is waiting.",is,80.0,1.0,0.0,姉、全員が待っています。,"Sister, everyone is waiting.",is,80.0,1.0,0.0,4.0,0.0,<mask> <mask> whole squad waitin,▁si s,2.0,1.936471493409181e-06,13.154643058776855,6.577321529388428,- the,0.0069370835349991,8.183769226074219,4.091884613037109,0.0,0.0,0.0,3.0,0.0,1.0
35,"Sis, whole squad waitin’",whole,whole,is_single_word,0,1,,0,0.0,0,0.25,0.0,sis; waitin,genz-alpha-slangs,slang,"Sí, toda la escuadra está esperando.","Yes, the whole crew is waiting.",whole,100.0,0.0,0.0,أختي، كل الفريق ينتظرون,"My sister, the whole team is waiting.",whole,100.0,0.0,0.0,姐姐，整个团队都在等待。,"Sister, the whole team is waiting.",whole,100.0,0.0,0.0,姉、全員が待っています。,"Sister, everyone is waiting.",everyone,30.76923076923077,1.0,0.0,1.0,3.0,,,,,,,,,,,,,,,,
35,"Sis, whole squad waitin’",squad,squad,is_single_word,0,2,,1,7.379764556884766,1,1.0,0.0,sis; waitin,genz-alpha-slangs,slang,"Sí, toda la escuadra está esperando.","Yes, the whole crew is waiting.",is,28.57142857142857,1.0,0.0,أختي، كل الفريق ينتظرون,"My sister, the whole team is waiting.",is,28.57142857142857,1.0,0.0,姐姐，整个团队都在等待。,"Sister, the whole team is waiting.",is,28.57142857142857,1.0,0.0,姉、全員が待っています。,"Sister, everyone is waiting.",is,28.57142857142857,1.0,0.0,4.0,0.0,sis whole <mask> <mask> waitin,▁s quad,2.0,2.583405042857901e-09,19.774157524108887,9.887078762054443,time i,0.006640098970963,14.759529113769531,7.379764556884766,2.0,2.0,0.0,3.0,0.0,1.0
35,"Sis, whole squad waitin’",waitin,waitin,is_single_word,1,3,,1,6.159340262413025,1,1.0,0.0,sis; waitin,genz-alpha-slangs,slang,"Sí, toda la escuadra está esperando.","Yes, the whole crew is waiting.",waiting,92.3076923076923,1.0,0.0,أختي، كل الفريق ينتظرون,"My sister, the whole team is waiting.",waiting,92.3076923076923,1.0,0.0,姐姐，整个团队都在等待。,"Sister, the whole team is waiting.",waiting,92.3076923076923,1.0,0.0,姉、全員が待っています。,"Sister, everyone is waiting.",waiting,92.3076923076923,1.0,0.0,4.0,0.0,sis whole squad <mask> <mask>,▁wait in,2.0,2.102753612897562e-08,17.677433013916016,8.838716506958008, </s>,0.0047067741987323,12.31868052482605,6.159340262413025,3.0,3.0,0.0,3.0,0.0,1.0
36,"Dude, whole squad waitin’",Dude,dude,is_single_word,1,0,,1,4.086444854736328,1,1.0,0.0,dude; waitin,genz-alpha-slangs,slang,"Hombre, toda la escuadra está esperando.","Gentlemen, the whole crew is waiting.",the,28.57142857142857,1.0,0.0,أيها الإخوة، كل الفريق ينتظر,"Dear brothers, the whole team is waiting.",dear,50.0,1.0,0.0,兄弟，整个团队都在等待,"Brothers, the entire team is waiting.",the,28.57142857142857,1.0,0.0,ダudes、全てのチームが待っています。,"Dudes, all teams are waiting.",dudes,88.88888888888889,1.0,0.0,4.0,0.0,<mask> <mask> whole squad waitin,▁du de,2.0,1.9576543880567826e-06,13.143763542175291,6.571881771087647,- the,0.0069370835349991,8.172889709472656,4.086444854736328,0.0,0.0,0.0,3.0,0.0,1.0
36,"Dude, whole squad waitin’",whole,whole,is_single_word,0,1,,0,0.0,0,0.5,0.0,dude; waitin,genz-alpha-slangs,slang,"Hombre, toda la escuadra está esperando.","Gentlemen, the whole crew is waiting.",whole,100.0,0.0,0.0,أيها الإخوة، كل الفريق ينتظر,"Dear brothers, the whole team is waiting.",whole,100.0,0.0,0.0,兄弟，整个团队都在等待,"Brothers, the entire team is waiting.",the,50.0,1.0,0.0,ダudes、全てのチームが待っています。,"Dudes, all teams are waiting.",all,25.0,1.0,0.0,2.0,2.0,,,,,,,,,,,,,,,,
36,"Dude, whole squad waitin’",squad,squad,is_single_word,0,2,,1,7.175907015800476,1,1.0,0.0,dude; waitin,genz-alpha-slangs,slang,"Hombre, toda la escuadra está esperando.","Gentlemen, the whole crew is waiting.",is,28.57142857142857,1.0,0.0,أيها الإخوة، كل الفريق ينتظر,"Dear brothers, the whole team is waiting.",is,28.57142857142857,1.0,0.0,兄弟，整个团队都在等待,"Brothers, the entire team is waiting.",is,28.57142857142857,1.0,0.0,ダudes、全てのチームが待っています。,"Dudes, all teams are waiting.",dudes,40.0,1.0,0.0,4.0,0.0,dude whole <mask> <mask> waitin,▁s quad,2.0,1.6816213436836696e-09,20.20350742340088,10.10175371170044,dag fucking,0.002875026487304,14.351814031600952,7.175907015800476,2.0,2.0,0.0,3.0,0.0,1.0
36,"Dude, whole squad waitin’",waitin,waitin,is_single_word,1,3,,1,6.591556787490845,1,1.0,0.0,dude; waitin,genz-alpha-slangs,slang,"Hombre, toda la escuadra está esperando.","Gentlemen, the whole crew is waiting.",waiting,92.3076923076923,1.0,0.0,أيها الإخوة، كل الفريق ينتظر,"Dear brothers, the whole team is waiting.",waiting,92.3076923076923,1.0,0.0,兄弟，整个团队都在等待,"Brothers, the entire team is waiting.",waiting,92.3076923076923,1.0,0.0,ダudes、全てのチームが待っています。,"Dudes, all teams are waiting.",waiting,92.3076923076923,1.0,0.0,4.0,0.0,dude whole squad <mask> <mask>,▁wait in,2.0,8.594654171971916e-09,18.57212543487549,9.286062717437744, .,0.0045664834324883,13.18311357498169,6.591556787490845,3.0,3.0,0.0,3.0,0.0,1.0
37,"Yo, touch some grass",Yo,yo,is_single_word,1,0,,1,8.322121143341064,1,1.0,0.0,yo,genz-alpha-slangs,slang,"Yo, toca un poco de hierba.","I, smoke a little bit of grass.",of,50.0,1.0,0.0,يا، لمس بعض الأعشاب.,"Oh, touch some herbs.",oh,50.0,1.0,0.0,嘿，多去看看外面,"Hey, go take a look outside.",go,50.0,1.0,0.0,よ、芝生に触れろ。,"Come, touch the grass.",come,33.333333333333336,1.0,0.0,4.0,0.0,<mask> touch some grass,▁yo,1.0,1.904918185764732e-05,10.868486404418944,10.868486404418944,I,0.0783659888783621,8.322121143341064,8.322121143341064,0.0,0.0,0.0,3.0,0.0,1.0
37,"Yo, touch some grass",touch,touch,is_single_word,0,1,,0,0.0,0,0.5,0.0,yo,genz-alpha-slangs,slang,"Yo, toca un poco de hierba.","I, smoke a little bit of grass.",of,28.57142857142857,1.0,0.0,يا، لمس بعض الأعشاب.,"Oh, touch some herbs.",touch,100.0,0.0,0.0,嘿，多去看看外面,"Hey, go take a look outside.",outside,33.333333333333336,1.0,0.0,よ、芝生に触れろ。,"Come, touch the grass.",touch,100.0,0.0,0.0,2.0,2.0,,,,,,,,,,,,,,,,
37,"Yo, touch some grass",some,some,is_single_word,0,2,,0,0.0,0,0.75,0.0,yo,genz-alpha-slangs,slang,"Yo, toca un poco de hierba.","I, smoke a little bit of grass.",smoke,66.66666666666667,1.0,0.0,يا، لمس بعض الأعشاب.,"Oh, touch some herbs.",some,100.0,0.0,0.0,嘿，多去看看外面,"Hey, go take a look outside.",outside,36.36363636363637,1.0,0.0,よ、芝生に触れろ。,"Come, touch the grass.",come,75.0,1.0,0.0,3.0,1.0,,,,,,,,,,,,,,,,
37,"Yo, touch some grass",grass,grass,is_single_word,0,3,,0,0.0,0,0.5,0.0,yo,genz-alpha-slangs,slang,"Yo, toca un poco de hierba.","I, smoke a little bit of grass.",grass,100.0,0.0,0.0,يا، لمس بعض الأعشاب.,"Oh, touch some herbs.",herbs,40.0,1.0,0.0,嘿，多去看看外面,"Hey, go take a look outside.",a,33.333333333333336,1.0,0.0,よ、芝生に触れろ。,"Come, touch the grass.",grass,100.0,0.0,0.0,2.0,2.0,,,,,,,,,,,,,,,,
38,"Mate, skibidi outta here, sigma style",Mate,mate,is_single_word,1,0,,1,9.081535339355469,1,1.0,0.0,mate,genz-alpha-slangs,slang,"Amigo, skibidi fuera de aquí, estilo sigma","Friend, skibidi get out of here, sigma style.",sigma,44.44444444444444,1.0,0.0,أيها الإخوة، انصرفوا هكذا، نمط سيغما,"O brothers, withdraw like this, Sigma pattern.",pattern,54.54545454545454,1.0,0.0,朋友，斯基比迪滚蛋，西格玛风格,"Friends, let's party like Skrillex, Sigma style.",party,44.44444444444444,1.0,0.0,マッチ、スキビディ アウトタ ヘア、シグマ スタイルです。,"Matches, Skivvies Outta Hair, Sigma Style.",matches,72.72727272727273,1.0,0.0,4.0,0.0,<mask> skibidi outta here sigma style,▁mate,1.0,4.491914890376466e-06,12.313231468200684,12.313231468200684,I,0.0394904610420582,9.081535339355469,9.081535339355469,0.0,0.0,0.0,5.0,0.0,1.0
38,"Mate, skibidi outta here, sigma style",skibidi,skibidi,is_single_word,0,1,,1,5.773485024770101,1,1.0,0.0,mate,genz-alpha-slangs,slang,"Amigo, skibidi fuera de aquí, estilo sigma","Friend, skibidi get out of here, sigma style.",skibidi,100.0,1.0,1.0,أيها الإخوة، انصرفوا هكذا، نمط سيغما,"O brothers, withdraw like this, Sigma pattern.",sigma,33.333333333333336,1.0,0.0,朋友，斯基比迪滚蛋，西格玛风格,"Friends, let's party like Skrillex, Sigma style.",skrillex,40.0,1.0,0.0,マッチ、スキビディ アウトタ ヘア、シグマ スタイルです。,"Matches, Skivvies Outta Hair, Sigma Style.",skivvies,53.333333333333336,1.0,0.0,4.0,0.0,mate <mask> <mask> <mask> outta here sigma style,▁ski bi di,3.0,4.653628977275408e-12,26.093373775482178,8.697791258494059,s  me,0.0001548708984753,17.320455074310303,5.773485024770101,1.0,1.0,0.0,5.0,0.0,1.0
38,"Mate, skibidi outta here, sigma style",outta,outta,is_single_word,0,2,,0,0.0,0,0.75,0.0,mate,genz-alpha-slangs,slang,"Amigo, skibidi fuera de aquí, estilo sigma","Friend, skibidi get out of here, sigma style.",out,75.0,1.0,0.0,أيها الإخوة، انصرفوا هكذا، نمط سيغما,"O brothers, withdraw like this, Sigma pattern.",o,33.333333333333336,1.0,0.0,朋友，斯基比迪滚蛋，西格玛风格,"Friends, let's party like Skrillex, Sigma style.",let's,20.0,1.0,0.0,マッチ、スキビディ アウトタ ヘア、シグマ スタイルです。,"Matches, Skivvies Outta Hair, Sigma Style.",outta,100.0,0.0,0.0,3.0,1.0,,,,,,,,,,,,,,,,
38,"Mate, skibidi outta here, sigma style",here,here,is_single_word,0,3,,0,0.0,0,0.75,0.0,mate,genz-alpha-slangs,slang,"Amigo, skibidi fuera de aquí, estilo sigma","Friend, skibidi get out of here, sigma style.",here,100.0,0.0,0.0,أيها الإخوة، انصرفوا هكذا، نمط سيغما,"O brothers, withdraw like this, Sigma pattern.",brothers,50.0,1.0,0.0,朋友，斯基比迪滚蛋，西格玛风格,"Friends, let's party like Skrillex, Sigma style.",friends,36.36363636363637,1.0,0.0,マッチ、スキビディ アウトタ ヘア、シグマ スタイルです。,"Matches, Skivvies Outta Hair, Sigma Style.",hair,50.0,1.0,0.0,3.0,1.0,,,,,,,,,,,,,,,,
38,"Mate, skibidi outta here, sigma style",sigma,sigma,is_single_word,0,4,,0,0.0,0,0.25,0.0,mate,genz-alpha-slangs,slang,"Amigo, skibidi fuera de aquí, estilo sigma","Friend, skibidi get out of here, sigma style.",sigma,100.0,1.0,1.0,أيها الإخوة، انصرفوا هكذا، نمط سيغما,"O brothers, withdraw like this, Sigma pattern.",sigma,100.0,0.0,0.0,朋友，斯基比迪滚蛋，西格玛风格,"Friends, let's party like Skrillex, Sigma style.",sigma,100.0,0.0,0.0,マッチ、スキビディ アウトタ ヘア、シグマ スタイルです。,"Matches, Skivvies Outta Hair, Sigma Style.",sigma,100.0,0.0,0.0,1.0,3.0,,,,,,,,,,,,,,,,
38,"Mate, skibidi outta here, sigma style",style,style,is_single_word,0,5,,0,0.0,0,0.25,0.0,mate,genz-alpha-slangs,slang,"Amigo, skibidi fuera de aquí, estilo sigma","Friend, skibidi get out of here, sigma style.",style,100.0,0.0,0.0,أيها الإخوة، انصرفوا هكذا، نمط سيغما,"O brothers, withdraw like this, Sigma pattern.",like,44.44444444444444,1.0,0.0,朋友，斯基比迪滚蛋，西格玛风格,"Friends, let's party like Skrillex, Sigma style.",style,100.0,0.0,0.0,マッチ、スキビディ アウトタ ヘア、シグマ スタイルです。,"Matches, Skivvies Outta Hair, Sigma Style.",style,100.0,0.0,0.0,1.0,3.0,,,,,,,,,,,,,,,,
39,"Dude, this vibe is straight mid",Dude,dude,is_single_word,1,0,,0,0.0,0,0.75,0.0,dude; mid,genz-alpha-slangs,slang,"Hombre, esta onda es completamente mediocre.","Dude, this wave is completely mediocre.",dude,100.0,0.0,0.0,أيها الإخوة، هذا المood ممتاز جدا,"Dear brothers, this mood is excellent very much.",dear,50.0,1.0,0.0,兄弟，这种气氛有点平淡。,"Brother, this atmosphere is a bit dull.",dull,50.0,1.0,0.0,ダメ、この雰囲気はまさに中庸だ。,This atmosphere is just mediocre.,mediocre,33.333333333333336,1.0,0.0,3.0,1.0,,,,,,,,,,,,,,,,
39,"Dude, this vibe is straight mid",this,this,is_single_word,0,1,,0,0.0,0,0.0,0.0,dude; mid,genz-alpha-slangs,slang,"Hombre, esta onda es completamente mediocre.","Dude, this wave is completely mediocre.",this,100.0,0.0,0.0,أيها الإخوة، هذا المood ممتاز جدا,"Dear brothers, this mood is excellent very much.",this,100.0,0.0,0.0,兄弟，这种气氛有点平淡。,"Brother, this atmosphere is a bit dull.",this,100.0,0.0,0.0,ダメ、この雰囲気はまさに中庸だ。,This atmosphere is just mediocre.,this,100.0,0.0,0.0,0.0,4.0,,,,,,,,,,,,,,,,
39,"Dude, this vibe is straight mid",vibe,vibe,is_single_word,0,2,,1,6.438157618045807,1,1.0,0.0,dude; mid,genz-alpha-slangs,slang,"Hombre, esta onda es completamente mediocre.","Dude, this wave is completely mediocre.",wave,50.0,1.0,0.0,أيها الإخوة، هذا المood ممتاز جدا,"Dear brothers, this mood is excellent very much.",very,50.0,1.0,0.0,兄弟，这种气氛有点平淡。,"Brother, this atmosphere is a bit dull.",brother,36.36363636363637,1.0,0.0,ダメ、この雰囲気はまさに中庸だ。,This atmosphere is just mediocre.,is,33.333333333333336,1.0,0.0,4.0,0.0,dude this <mask> <mask> is straight mid,▁vi be,2.0,2.247573951284939e-08,17.61082935333252,8.80541467666626,is this,0.008786717109088,12.876315236091614,6.438157618045807,2.0,2.0,0.0,5.0,0.0,1.0
39,"Dude, this vibe is straight mid",is,is,is_single_word,0,3,,0,0.0,0,0.0,0.0,dude; mid,genz-alpha-slangs,slang,"Hombre, esta onda es completamente mediocre.","Dude, this wave is completely mediocre.",is,100.0,0.0,0.0,أيها الإخوة، هذا المood ممتاز جدا,"Dear brothers, this mood is excellent very much.",is,100.0,0.0,0.0,兄弟，这种气氛有点平淡。,"Brother, this atmosphere is a bit dull.",is,100.0,0.0,0.0,ダメ、この雰囲気はまさに中庸だ。,This atmosphere is just mediocre.,is,100.0,0.0,0.0,0.0,4.0,,,,,,,,,,,,,,,,
39,"Dude, this vibe is straight mid",straight,straight,is_single_word,0,4,,1,7.839393854141235,1,1.0,0.0,dude; mid,genz-alpha-slangs,slang,"Hombre, esta onda es completamente mediocre.","Dude, this wave is completely mediocre.",this,33.333333333333336,1.0,0.0,أيها الإخوة، هذا المood ممتاز جدا,"Dear brothers, this mood is excellent very much.",this,33.333333333333336,1.0,0.0,兄弟，这种气氛有点平淡。,"Brother, this atmosphere is a bit dull.",bit,36.36363636363637,1.0,0.0,ダメ、この雰囲気はまさに中庸だ。,This atmosphere is just mediocre.,this,33.333333333333336,1.0,0.0,4.0,0.0,dude this vibe is <mask> mid,▁straight,1.0,7.865401735338939e-05,9.450451850891112,9.450451850891112,in,0.1996762454624811,7.839393854141235,7.839393854141235,4.0,4.0,0.0,5.0,0.0,1.0
39,"Dude, this vibe is straight mid",mid,mid,is_single_word,1,5,,1,13.50353980064392,1,1.0,0.0,dude; mid,genz-alpha-slangs,slang,"Hombre, esta onda es completamente mediocre.","Dude, this wave is completely mediocre.",is,40.0,1.0,0.0,أيها الإخوة، هذا المood ممتاز جدا,"Dear brothers, this mood is excellent very much.",mood,57.14285714285714,1.0,0.0,兄弟，这种气氛有点平淡。,"Brother, this atmosphere is a bit dull.",is,40.0,1.0,0.0,ダメ、この雰囲気はまさに中庸だ。,This atmosphere is just mediocre.,is,40.0,1.0,0.0,4.0,0.0,dude this vibe is straight <mask>,▁mid,1.0,3.108028596640114e-07,14.98410701751709,14.98410701751709,up,0.2275086050585732,13.50353980064392,13.50353980064392,5.0,5.0,0.0,5.0,0.0,1.0
40,"Dude, skibidi outta here, sigma style",Dude,dude,is_single_word,1,0,,1,2.8697986602783203,1,1.0,0.0,dude,genz-alpha-slangs,slang,"Amigo, skibidi fuera de aquí, estilo sigma","Friend, skibidi get out of here, sigma style.",get,28.57142857142857,1.0,0.0,"أيها الغبي, اذهب من هنا, بطرق سيجيما","You fool, go away from here, by secret ways.",you,28.57142857142857,1.0,0.0,兄弟，skibidi就走吧，sigma风格,"Brother, let's go with Skibidi, in the style of Sigma.",the,28.57142857142857,1.0,0.0,ダメ、スキビディはここから出て行って、シグマスタイルで。,"No way, get out of here, and do it in the Sigma style.",do,33.333333333333336,1.0,0.0,4.0,0.0,<mask> <mask> skibidi outta here sigma style,▁du de,2.0,3.145515482369719e-06,12.669532775878906,6.334766387939453,I a,0.0009780639951834,5.739597320556641,2.8697986602783203,0.0,0.0,0.0,5.0,0.0,1.0
40,"Dude, skibidi outta here, sigma style",skibidi,skibidi,is_single_word,0,1,,0,0.0,0,0.75,0.0,dude,genz-alpha-slangs,slang,"Amigo, skibidi fuera de aquí, estilo sigma","Friend, skibidi get out of here, sigma style.",skibidi,100.0,1.0,1.0,"أيها الغبي, اذهب من هنا, بطرق سيجيما","You fool, go away from here, by secret ways.",by,22.22222222222222,1.0,0.0,兄弟，skibidi就走吧，sigma风格,"Brother, let's go with Skibidi, in the style of Sigma.",skibidi,100.0,0.0,0.0,ダメ、スキビディはここから出て行って、シグマスタイルで。,"No way, get out of here, and do it in the Sigma style.",sigma,33.333333333333336,1.0,0.0,3.0,1.0,,,,,,,,,,,,,,,,
40,"Dude, skibidi outta here, sigma style",outta,outta,is_single_word,0,2,,1,7.0120697021484375,1,1.0,0.0,dude,genz-alpha-slangs,slang,"Amigo, skibidi fuera de aquí, estilo sigma","Friend, skibidi get out of here, sigma style.",out,75.0,1.0,0.0,"أيها الغبي, اذهب من هنا, بطرق سيجيما","You fool, go away from here, by secret ways.",you,50.0,1.0,0.0,兄弟，skibidi就走吧，sigma风格,"Brother, let's go with Skibidi, in the style of Sigma.",brother,33.333333333333336,1.0,0.0,ダメ、スキビディはここから出て行って、シグマスタイルで。,"No way, get out of here, and do it in the Sigma style.",out,75.0,1.0,0.0,4.0,0.0,dude skibidi <mask> <mask> here sigma style,▁out ta,2.0,3.1810838854109117e-09,19.56604385375977,9.783021926879885,", lige",0.0039190560824738,14.024139404296877,7.0120697021484375,2.0,2.0,0.0,5.0,0.0,1.0
40,"Dude, skibidi outta here, sigma style",here,here,is_single_word,0,3,,0,0.0,0,0.25,0.0,dude,genz-alpha-slangs,slang,"Amigo, skibidi fuera de aquí, estilo sigma","Friend, skibidi get out of here, sigma style.",here,100.0,0.0,0.0,"أيها الغبي, اذهب من هنا, بطرق سيجيما","You fool, go away from here, by secret ways.",here,100.0,0.0,0.0,兄弟，skibidi就走吧，sigma风格,"Brother, let's go with Skibidi, in the style of Sigma.",the,57.14285714285714,1.0,0.0,ダメ、スキビディはここから出て行って、シグマスタイルで。,"No way, get out of here, and do it in the Sigma style.",here,100.0,0.0,0.0,1.0,3.0,,,,,,,,,,,,,,,,
40,"Dude, skibidi outta here, sigma style",sigma,sigma,is_single_word,0,4,,0,0.0,0,0.5,0.0,dude,genz-alpha-slangs,slang,"Amigo, skibidi fuera de aquí, estilo sigma","Friend, skibidi get out of here, sigma style.",sigma,100.0,1.0,1.0,"أيها الغبي, اذهب من هنا, بطرق سيجيما","You fool, go away from here, by secret ways.",go,28.57142857142857,1.0,0.0,兄弟，skibidi就走吧，sigma风格,"Brother, let's go with Skibidi, in the style of Sigma.",sigma,100.0,0.0,0.0,ダメ、スキビディはここから出て行って、シグマスタイルで。,"No way, get out of here, and do it in the Sigma style.",sigma,100.0,0.0,0.0,2.0,2.0,,,,,,,,,,,,,,,,
40,"Dude, skibidi outta here, sigma style",style,style,is_single_word,0,5,,0,0.0,0,0.25,0.0,dude,genz-alpha-slangs,slang,"Amigo, skibidi fuera de aquí, estilo sigma","Friend, skibidi get out of here, sigma style.",style,100.0,0.0,0.0,"أيها الغبي, اذهب من هنا, بطرق سيجيما","You fool, go away from here, by secret ways.",secret,36.36363636363637,1.0,0.0,兄弟，skibidi就走吧，sigma风格,"Brother, let's go with Skibidi, in the style of Sigma.",style,100.0,0.0,0.0,ダメ、スキビディはここから出て行って、シグマスタイルで。,"No way, get out of here, and do it in the Sigma style.",style,100.0,0.0,0.0,1.0,3.0,,,,,,,,,,,,,,,,
41,"Sis, pull up or stay sus",Sis,sis,is_single_word,1,0,,1,5.561935424804688,1,1.0,0.0,sis; sus,genz-alpha-slangs,slang,"Sí, sube o quédate así.","Yes, go up or stay like that.",yes,33.333333333333336,1.0,0.0,أختي، قم بزيادة أو ببقاء في الحالة نفسها.,"Sister, either increase or remain in the same state.",sister,66.66666666666667,1.0,0.0,姐姐，拉上或保持沉默。,"Sister, pull up or keep quiet.",sister,66.66666666666667,1.0,0.0,姉、上がってきてくれよ。,"Older sister, please come up.",sister,66.66666666666667,1.0,0.0,4.0,0.0,<mask> <mask> pull up or stay sus,▁si s,2.0,3.194557982769875e-07,14.956646919250488,7.478323459625244,How to,0.0216494318008794,11.123870849609377,5.561935424804688,0.0,0.0,0.0,5.0,0.0,1.0
41,"Sis, pull up or stay sus",pull,pull,is_single_word,0,1,,0,0.0,0,0.75,0.0,sis; sus,genz-alpha-slangs,slang,"Sí, sube o quédate así.","Yes, go up or stay like that.",up,33.333333333333336,1.0,0.0,أختي، قم بزيادة أو ببقاء في الحالة نفسها.,"Sister, either increase or remain in the same state.",sister,0.0,1.0,0.0,姐姐，拉上或保持沉默。,"Sister, pull up or keep quiet.",pull,100.0,0.0,0.0,姉、上がってきてくれよ。,"Older sister, please come up.",please,40.0,1.0,0.0,3.0,1.0,,,,,,,,,,,,,,,,
41,"Sis, pull up or stay sus",up,up,is_single_word,0,2,,0,0.0,0,0.25,0.0,sis; sus,genz-alpha-slangs,slang,"Sí, sube o quédate así.","Yes, go up or stay like that.",up,100.0,0.0,0.0,أختي، قم بزيادة أو ببقاء في الحالة نفسها.,"Sister, either increase or remain in the same state.",sister,0.0,1.0,0.0,姐姐，拉上或保持沉默。,"Sister, pull up or keep quiet.",up,100.0,0.0,0.0,姉、上がってきてくれよ。,"Older sister, please come up.",up,100.0,0.0,0.0,1.0,3.0,,,,,,,,,,,,,,,,
41,"Sis, pull up or stay sus",or,or,is_single_word,0,3,,0,0.0,0,0.25,0.0,sis; sus,genz-alpha-slangs,slang,"Sí, sube o quédate así.","Yes, go up or stay like that.",or,100.0,0.0,0.0,أختي، قم بزيادة أو ببقاء في الحالة نفسها.,"Sister, either increase or remain in the same state.",or,100.0,0.0,0.0,姐姐，拉上或保持沉默。,"Sister, pull up or keep quiet.",or,100.0,0.0,0.0,姉、上がってきてくれよ。,"Older sister, please come up.",older,57.14285714285714,1.0,0.0,1.0,3.0,,,,,,,,,,,,,,,,
41,"Sis, pull up or stay sus",stay,stay,is_single_word,0,4,,0,0.0,0,0.75,0.0,sis; sus,genz-alpha-slangs,slang,"Sí, sube o quédate así.","Yes, go up or stay like that.",stay,100.0,0.0,0.0,أختي، قم بزيادة أو ببقاء في الحالة نفسها.,"Sister, either increase or remain in the same state.",state,66.66666666666667,1.0,0.0,姐姐，拉上或保持沉默。,"Sister, pull up or keep quiet.",sister,40.0,1.0,0.0,姉、上がってきてくれよ。,"Older sister, please come up.",sister,40.0,1.0,0.0,3.0,1.0,,,,,,,,,,,,,,,,
41,"Sis, pull up or stay sus",sus,sus,is_single_word,1,5,,1,14.522526055574415,1,1.0,0.0,sis; sus,genz-alpha-slangs,slang,"Sí, sube o quédate así.","Yes, go up or stay like that.",up,40.0,1.0,0.0,أختي، قم بزيادة أو ببقاء في الحالة نفسها.,"Sister, either increase or remain in the same state.",sister,44.44444444444444,1.0,0.0,姐姐，拉上或保持沉默。,"Sister, pull up or keep quiet.",sister,44.44444444444444,1.0,0.0,姉、上がってきてくれよ。,"Older sister, please come up.",sister,44.44444444444444,1.0,0.0,4.0,0.0,sis pull up or stay <mask>,▁sus,1.0,4.010095991879632e-07,14.729280471801758,14.729280471801758,up,0.8132193389396406,14.522526055574415,14.522526055574415,5.0,5.0,0.0,5.0,0.0,1.0
42,"Bro, big yikes",Bro,bro,is_single_word,1,0,,1,7.027191400527954,1,1.0,0.0,bro; yikes,genz-alpha-slangs,slang,"Hombre, ¡gran horror!","Man, great horror!",horror,44.44444444444444,1.0,0.0,"أخ, يائس كبير","Older brother, a big disappointment.",brother,60.0,1.0,0.0,兄弟，好吓人了。,"Brother, you scared me to death.",brother,60.0,1.0,0.0,ブラ、ビッグ・ヤイキーズです。,"Blue, Big Yanks.",big,33.333333333333336,1.0,0.0,4.0,0.0,<mask> big yikes,▁bro,1.0,7.018915475248604e-05,9.564316749572754,9.564316749572754,</s>,0.0790934393355413,7.027191400527954,7.027191400527954,0.0,0.0,0.0,2.0,0.0,1.0
42,"Bro, big yikes",big,big,is_single_word,0,1,,0,0.0,0,0.5,0.0,bro; yikes,genz-alpha-slangs,slang,"Hombre, ¡gran horror!","Man, great horror!",great,25.0,1.0,0.0,"أخ, يائس كبير","Older brother, a big disappointment.",big,100.0,0.0,0.0,兄弟，好吓人了。,"Brother, you scared me to death.",brother,20.0,1.0,0.0,ブラ、ビッグ・ヤイキーズです。,"Blue, Big Yanks.",big,100.0,0.0,0.0,2.0,2.0,,,,,,,,,,,,,,,,
42,"Bro, big yikes",yikes,yikes,is_single_word,1,2,,1,8.610386967658997,1,1.0,0.0,bro; yikes,genz-alpha-slangs,slang,"Hombre, ¡gran horror!","Man, great horror!",great,20.0,1.0,0.0,"أخ, يائس كبير","Older brother, a big disappointment.",big,25.0,1.0,0.0,兄弟，好吓人了。,"Brother, you scared me to death.",me,28.57142857142857,1.0,0.0,ブラ、ビッグ・ヤイキーズです。,"Blue, Big Yanks.",yanks,60.0,1.0,0.0,4.0,0.0,bro big <mask> <mask>,▁yi kes,2.0,1.3906969917643859e-10,22.69604587554932,11.348022937774658,tits .,0.0041890892131861,17.220773935317993,8.610386967658997,2.0,2.0,0.0,2.0,0.0,1.0
43,"Bro, touch some grass",Bro,bro,is_single_word,1,0,,1,10.57117509841919,1,1.0,0.0,bro,genz-alpha-slangs,slang,"Hombre, toca un poco de hierba.","Man, take a little grass.",grass,25.0,1.0,0.0,أخي، لمس بعض الأعشاب.,"Brother, touch some herbs.",brother,60.0,1.0,0.0,兄弟，多去看看外面,"Brother, go out and take a look more often.",brother,60.0,1.0,0.0,ブラー、芝生に触れろ。,"Blur, touch the grass.",blur,57.14285714285714,1.0,0.0,4.0,0.0,<mask> touch some grass,▁bro,1.0,2.009669334758265e-06,13.11754035949707,13.11754035949707,I,0.0783659888783621,10.57117509841919,10.57117509841919,0.0,0.0,0.0,3.0,0.0,1.0
43,"Bro, touch some grass",touch,touch,is_single_word,0,1,,0,0.0,0,0.5,0.0,bro,genz-alpha-slangs,slang,"Hombre, toca un poco de hierba.","Man, take a little grass.",take,22.22222222222222,1.0,0.0,أخي، لمس بعض الأعشاب.,"Brother, touch some herbs.",touch,100.0,0.0,0.0,兄弟，多去看看外面,"Brother, go out and take a look more often.",out,50.0,1.0,0.0,ブラー、芝生に触れろ。,"Blur, touch the grass.",touch,100.0,0.0,0.0,2.0,2.0,,,,,,,,,,,,,,,,
43,"Bro, touch some grass",some,some,is_single_word,0,2,,0,0.0,0,0.75,0.0,bro,genz-alpha-slangs,slang,"Hombre, toca un poco de hierba.","Man, take a little grass.",man,28.57142857142857,1.0,0.0,أخي، لمس بعض الأعشاب.,"Brother, touch some herbs.",some,100.0,0.0,0.0,兄弟，多去看看外面,"Brother, go out and take a look more often.",more,50.0,1.0,0.0,ブラー、芝生に触れろ。,"Blur, touch the grass.",the,28.57142857142857,1.0,0.0,3.0,1.0,,,,,,,,,,,,,,,,
43,"Bro, touch some grass",grass,grass,is_single_word,0,3,,0,0.0,0,0.5,0.0,bro,genz-alpha-slangs,slang,"Hombre, toca un poco de hierba.","Man, take a little grass.",grass,100.0,0.0,0.0,أخي، لمس بعض الأعشاب.,"Brother, touch some herbs.",herbs,40.0,1.0,0.0,兄弟，多去看看外面,"Brother, go out and take a look more often.",a,33.333333333333336,1.0,0.0,ブラー、芝生に触れろ。,"Blur, touch the grass.",grass,100.0,0.0,0.0,2.0,2.0,,,,,,,,,,,,,,,,
44,"Fam, this vibe is straight mid",Fam,fam,is_single_word,1,0,,0,0.0,0,0.75,1.0,fam; mid,genz-alpha-slangs,slang,"Hombre, esta onda es completamente normal.","Dude, this wave is completely normal.",wave,28.57142857142857,1.0,0.0,أنا، هذه الحالة هي مباشرة في الوسط.,"I, this case is directly in the middle.",case,28.57142857142857,1.0,0.0,兄弟，这个气氛超级平淡。,"Brother, this atmosphere is super dull.",atmosphere,30.76923076923077,1.0,0.0,ファム、この気分はまさに真っ直ぐだ。,"Fam, this mood is just straightforward.",fam,100.0,0.0,0.0,3.0,1.0,,,,,,,,,,,,,,,,
44,"Fam, this vibe is straight mid",this,this,is_single_word,0,1,,0,0.0,0,0.0,0.0,fam; mid,genz-alpha-slangs,slang,"Hombre, esta onda es completamente normal.","Dude, this wave is completely normal.",this,100.0,0.0,0.0,أنا، هذه الحالة هي مباشرة في الوسط.,"I, this case is directly in the middle.",this,100.0,0.0,0.0,兄弟，这个气氛超级平淡。,"Brother, this atmosphere is super dull.",this,100.0,0.0,0.0,ファム、この気分はまさに真っ直ぐだ。,"Fam, this mood is just straightforward.",this,100.0,0.0,0.0,0.0,4.0,,,,,,,,,,,,,,,,
44,"Fam, this vibe is straight mid",vibe,vibe,is_single_word,0,2,,1,6.054344415664673,1,1.0,0.0,fam; mid,genz-alpha-slangs,slang,"Hombre, esta onda es completamente normal.","Dude, this wave is completely normal.",wave,50.0,1.0,0.0,أنا، هذه الحالة هي مباشرة في الوسط.,"I, this case is directly in the middle.",i,40.0,1.0,0.0,兄弟，这个气氛超级平淡。,"Brother, this atmosphere is super dull.",brother,36.36363636363637,1.0,0.0,ファム、この気分はまさに真っ直ぐだ。,"Fam, this mood is just straightforward.",is,33.333333333333336,1.0,0.0,4.0,0.0,fam this <mask> <mask> is straight mid,▁vi be,2.0,2.3908284784512105e-08,17.54904079437256,8.77452039718628,is it,0.0043379562017526,12.108688831329346,6.054344415664673,2.0,2.0,0.0,5.0,0.0,1.0
44,"Fam, this vibe is straight mid",is,is,is_single_word,0,3,,0,0.0,0,0.0,0.0,fam; mid,genz-alpha-slangs,slang,"Hombre, esta onda es completamente normal.","Dude, this wave is completely normal.",is,100.0,0.0,0.0,أنا، هذه الحالة هي مباشرة في الوسط.,"I, this case is directly in the middle.",is,100.0,0.0,0.0,兄弟，这个气氛超级平淡。,"Brother, this atmosphere is super dull.",is,100.0,0.0,0.0,ファム、この気分はまさに真っ直ぐだ。,"Fam, this mood is just straightforward.",is,100.0,0.0,0.0,0.0,4.0,,,,,,,,,,,,,,,,
44,"Fam, this vibe is straight mid",straight,straight,is_single_word,0,4,,1,8.714492440223694,1,1.0,0.0,fam; mid,genz-alpha-slangs,slang,"Hombre, esta onda es completamente normal.","Dude, this wave is completely normal.",this,33.333333333333336,1.0,0.0,أنا، هذه الحالة هي مباشرة في الوسط.,"I, this case is directly in the middle.",the,36.36363636363637,1.0,0.0,兄弟，这个气氛超级平淡。,"Brother, this atmosphere is super dull.",this,33.333333333333336,1.0,0.0,ファム、この気分はまさに真っ直ぐだ。,"Fam, this mood is just straightforward.",straightforward,69.56521739130434,1.0,0.0,4.0,0.0,fam this vibe is <mask> mid,▁straight,1.0,4.507008686973578e-05,10.007291793823242,10.007291793823242,from,0.2745012803898455,8.714492440223694,8.714492440223694,4.0,4.0,0.0,5.0,0.0,1.0
44,"Fam, this vibe is straight mid",mid,mid,is_single_word,1,5,,1,12.81057357788086,1,1.0,0.0,fam; mid,genz-alpha-slangs,slang,"Hombre, esta onda es completamente normal.","Dude, this wave is completely normal.",is,40.0,1.0,0.0,أنا، هذه الحالة هي مباشرة في الوسط.,"I, this case is directly in the middle.",middle,66.66666666666667,1.0,0.0,兄弟，这个气氛超级平淡。,"Brother, this atmosphere is super dull.",is,40.0,1.0,0.0,ファム、この気分はまさに真っ直ぐだ。,"Fam, this mood is just straightforward.",mood,57.14285714285714,1.0,0.0,4.0,0.0,fam this vibe is straight <mask>,▁mid,1.0,4.3182566923032523e-07,14.655243873596191,14.655243873596191,.,0.1580774311050397,12.81057357788086,12.81057357788086,5.0,5.0,0.0,5.0,0.0,1.0
45,"Bruh, pull up or stay sus",Bruh,bruh,is_single_word,1,0,,1,9.786576271057127,1,1.0,0.0,bruh; sus,genz-alpha-slangs,slang,"Hombre, ven acá o quédate así","Man, come here or stay like that.",or,33.333333333333336,1.0,0.0,أيها الإخوة، جاءوا أو تبقى مشكوكًا.,"Oh brothers, they came or they remain questionable.",brothers,50.0,1.0,0.0,兄弟，快点过来或者你就是个小偷,"Brother, hurry up and come over or you're just a thief.",brother,54.54545454545454,1.0,0.0,ブラフ、近づけろか、疑わしいぞ。,"Brahf, come closer, I'm suspicious.",brahf,66.66666666666667,1.0,0.0,4.0,0.0,<mask> <mask> pull up or stay sus,▁bru h,2.0,6.838082876802536e-11,23.40592861175537,11.702964305877686,How to,0.0216494318008794,19.573152542114254,9.786576271057127,0.0,0.0,0.0,5.0,0.0,1.0
45,"Bruh, pull up or stay sus",pull,pull,is_single_word,0,1,,1,4.096000671386719,1,1.0,0.0,bruh; sus,genz-alpha-slangs,slang,"Hombre, ven acá o quédate así","Man, come here or stay like that.",like,25.0,1.0,0.0,أيها الإخوة، جاءوا أو تبقى مشكوكًا.,"Oh brothers, they came or they remain questionable.",questionable,25.0,1.0,0.0,兄弟，快点过来或者你就是个小偷,"Brother, hurry up and come over or you're just a thief.",up,33.333333333333336,1.0,0.0,ブラフ、近づけろか、疑わしいぞ。,"Brahf, come closer, I'm suspicious.",suspicious,28.57142857142857,1.0,0.0,4.0,0.0,bruh <mask> up or stay sus,▁pull,1.0,0.0013082270808627,6.639082431793213,6.639082431793213,it,0.0786237265648274,4.096000671386719,4.096000671386719,1.0,1.0,0.0,5.0,0.0,1.0
45,"Bruh, pull up or stay sus",up,up,is_single_word,0,2,,0,0.0,0,0.75,0.0,bruh; sus,genz-alpha-slangs,slang,"Hombre, ven acá o quédate así","Man, come here or stay like that.",man,0.0,1.0,0.0,أيها الإخوة، جاءوا أو تبقى مشكوكًا.,"Oh brothers, they came or they remain questionable.",questionable,14.28571428571429,1.0,0.0,兄弟，快点过来或者你就是个小偷,"Brother, hurry up and come over or you're just a thief.",up,100.0,0.0,0.0,ブラフ、近づけろか、疑わしいぞ。,"Brahf, come closer, I'm suspicious.",suspicious,33.333333333333336,1.0,0.0,3.0,1.0,,,,,,,,,,,,,,,,
45,"Bruh, pull up or stay sus",or,or,is_single_word,0,3,,0,0.0,0,0.25,0.0,bruh; sus,genz-alpha-slangs,slang,"Hombre, ven acá o quédate así","Man, come here or stay like that.",or,100.0,0.0,0.0,أيها الإخوة، جاءوا أو تبقى مشكوكًا.,"Oh brothers, they came or they remain questionable.",or,100.0,0.0,0.0,兄弟，快点过来或者你就是个小偷,"Brother, hurry up and come over or you're just a thief.",or,100.0,0.0,0.0,ブラフ、近づけろか、疑わしいぞ。,"Brahf, come closer, I'm suspicious.",closer,50.0,1.0,0.0,1.0,3.0,,,,,,,,,,,,,,,,
45,"Bruh, pull up or stay sus",stay,stay,is_single_word,0,4,,0,0.0,0,0.75,0.0,bruh; sus,genz-alpha-slangs,slang,"Hombre, ven acá o quédate así","Man, come here or stay like that.",stay,100.0,0.0,0.0,أيها الإخوة، جاءوا أو تبقى مشكوكًا.,"Oh brothers, they came or they remain questionable.",they,50.0,1.0,0.0,兄弟，快点过来或者你就是个小偷,"Brother, hurry up and come over or you're just a thief.",just,50.0,1.0,0.0,ブラフ、近づけろか、疑わしいぞ。,"Brahf, come closer, I'm suspicious.",brahf,22.22222222222222,1.0,0.0,3.0,1.0,,,,,,,,,,,,,,,,
45,"Bruh, pull up or stay sus",sus,sus,is_single_word,1,5,,1,14.31815291941166,1,1.0,0.0,bruh; sus,genz-alpha-slangs,slang,"Hombre, ven acá o quédate así","Man, come here or stay like that.",stay,28.57142857142857,1.0,0.0,أيها الإخوة، جاءوا أو تبقى مشكوكًا.,"Oh brothers, they came or they remain questionable.",questionable,26.66666666666667,1.0,0.0,兄弟，快点过来或者你就是个小偷,"Brother, hurry up and come over or you're just a thief.",just,57.14285714285714,1.0,0.0,ブラフ、近づけろか、疑わしいぞ。,"Brahf, come closer, I'm suspicious.",suspicious,46.15384615384615,1.0,0.0,4.0,0.0,bruh pull up or stay <mask>,▁sus,1.0,4.784946113054836e-07,14.552620887756348,14.552620887756348,up,0.7909915702549262,14.31815291941166,14.31815291941166,5.0,5.0,0.0,5.0,0.0,1.0
46,"Sis, you ghosted again",Sis,sis,is_single_word,1,0,,1,4.536170959472656,1,1.0,0.0,ghosted; sis,genz-alpha-slangs,slang,"Sis, volviste a ser un fantasma de nuevo.","Sis, you're a ghost again.",sis,100.0,1.0,1.0,أختك، إستعرضت نفسك مرة أخرى.,"Your sister, you looked at yourself again.",sister,66.66666666666667,1.0,0.0,姐姐，你又忽略了我了。,"Sister, you've ignored me again.",sister,66.66666666666667,1.0,0.0,姉、またあなたは幽霊になった。,"Sister, and you also became a ghost.",sister,66.66666666666667,1.0,0.0,4.0,0.0,<mask> <mask> you ghosted again,▁si s,2.0,9.046785673599452e-07,13.915686130523682,6.957843065261841,I get,0.0078806553558982,9.072341918945312,4.536170959472656,0.0,0.0,0.0,3.0,0.0,1.0
46,"Sis, you ghosted again",you,you,is_single_word,0,1,,0,0.0,0,0.5,0.0,ghosted; sis,genz-alpha-slangs,slang,"Sis, volviste a ser un fantasma de nuevo.","Sis, you're a ghost again.",you're,66.66666666666667,1.0,0.0,أختك، إستعرضت نفسك مرة أخرى.,"Your sister, you looked at yourself again.",you,100.0,0.0,0.0,姐姐，你又忽略了我了。,"Sister, you've ignored me again.",you've,66.66666666666667,1.0,0.0,姉、またあなたは幽霊になった。,"Sister, and you also became a ghost.",you,100.0,0.0,0.0,2.0,2.0,,,,,,,,,,,,,,,,
46,"Sis, you ghosted again",ghosted,ghosted,is_single_word,1,2,,1,9.996072351932526,1,1.0,0.0,ghosted; sis,genz-alpha-slangs,slang,"Sis, volviste a ser un fantasma de nuevo.","Sis, you're a ghost again.",ghost,83.33333333333334,1.0,0.0,أختك، إستعرضت نفسك مرة أخرى.,"Your sister, you looked at yourself again.",sister,46.15384615384615,1.0,0.0,姐姐，你又忽略了我了。,"Sister, you've ignored me again.",ignored,57.14285714285714,1.0,0.0,姉、またあなたは幽霊になった。,"Sister, and you also became a ghost.",ghost,83.33333333333334,1.0,0.0,4.0,0.0,sis you <mask> <mask> again,▁gho sted,2.0,4.4959663536857587e-11,23.825255393981934,11.912627696990969,love me,0.0216421886696276,19.99214470386505,9.996072351932526,2.0,2.0,0.0,3.0,0.0,1.0
46,"Sis, you ghosted again",again,again,is_single_word,0,3,,0,0.0,0,0.25,0.0,ghosted; sis,genz-alpha-slangs,slang,"Sis, volviste a ser un fantasma de nuevo.","Sis, you're a ghost again.",again,100.0,0.0,0.0,أختك، إستعرضت نفسك مرة أخرى.,"Your sister, you looked at yourself again.",again,100.0,0.0,0.0,姐姐，你又忽略了我了。,"Sister, you've ignored me again.",again,100.0,0.0,0.0,姉、またあなたは幽霊になった。,"Sister, and you also became a ghost.",and,50.0,1.0,0.0,1.0,3.0,,,,,,,,,,,,,,,,
47,"Dude, IRL you fold faster than a Walmart chair",Dude,dude,is_single_word,1,0,,1,7.32358717918396,1,1.0,0.0,dude; fold; irl,genz-alpha-slangs,slang,"Hombre, en la vida real, tú doblas más rápido que una silla de Walmart.","Listen, in real life, you fold faster than a Walmart chair.",you,28.57142857142857,1.0,0.0,أنا قول لك، في الواقع، أنت ت折 بشكل أسرع من كرسي وولمارت.,"I'm telling you, in fact, you fold faster than a Walmart chair.",you,28.57142857142857,1.0,0.0,兄弟，你在现实生活中折叠得比沃尔玛椅子还快,"Brother, you fold up in real life faster than a Walmart chair.",up,33.333333333333336,1.0,0.0,ダメ、リアルにウォルマートの椅子より早く折れるぞ。,"It's no good, it really folds faster than Walmart's chair.",good,25.0,1.0,0.0,4.0,0.0,<mask> <mask> irl you fold faster than a walmart chair,▁du de,2.0,4.8001290613335595e-09,19.15462303161621,9.577311515808104,Why can,0.0110265566679063,14.64717435836792,7.32358717918396,0.0,0.0,0.0,8.0,0.0,1.0
47,"Dude, IRL you fold faster than a Walmart chair",IRL,irl,is_single_word,1,1,,1,8.8843232691288,1,1.0,0.0,dude; fold; irl,genz-alpha-slangs,slang,"Hombre, en la vida real, tú doblas más rápido que una silla de Walmart.","Listen, in real life, you fold faster than a Walmart chair.",real,57.14285714285714,1.0,0.0,أنا قول لك، في الواقع، أنت ت折 بشكل أسرع من كرسي وولمارت.,"I'm telling you, in fact, you fold faster than a Walmart chair.",chair,50.0,1.0,0.0,兄弟，你在现实生活中折叠得比沃尔玛椅子还快,"Brother, you fold up in real life faster than a Walmart chair.",real,57.14285714285714,1.0,0.0,ダメ、リアルにウォルマートの椅子より早く折れるぞ。,"It's no good, it really folds faster than Walmart's chair.",chair,50.0,1.0,0.0,4.0,0.0,dude <mask> <mask> you fold faster than a walmart chair,▁ir l,2.0,1.557437730574705e-09,20.280223846435547,10.140111923217772,", make",0.081140155223069,17.7686465382576,8.8843232691288,1.0,1.0,0.0,8.0,0.0,1.0
47,"Dude, IRL you fold faster than a Walmart chair",you,you,is_single_word,0,2,,0,0.0,0,0.25,0.0,dude; fold; irl,genz-alpha-slangs,slang,"Hombre, en la vida real, tú doblas más rápido que una silla de Walmart.","Listen, in real life, you fold faster than a Walmart chair.",you,100.0,0.0,0.0,أنا قول لك، في الواقع، أنت ت折 بشكل أسرع من كرسي وولمارت.,"I'm telling you, in fact, you fold faster than a Walmart chair.",you,100.0,0.0,0.0,兄弟，你在现实生活中折叠得比沃尔玛椅子还快,"Brother, you fold up in real life faster than a Walmart chair.",you,100.0,0.0,0.0,ダメ、リアルにウォルマートの椅子より早く折れるぞ。,"It's no good, it really folds faster than Walmart's chair.",no,40.0,1.0,0.0,1.0,3.0,,,,,,,,,,,,,,,,
47,"Dude, IRL you fold faster than a Walmart chair",fold,fold,is_single_word,1,3,,0,0.0,0,0.25,0.0,dude; fold; irl,genz-alpha-slangs,slang,"Hombre, en la vida real, tú doblas más rápido que una silla de Walmart.","Listen, in real life, you fold faster than a Walmart chair.",fold,100.0,0.0,0.0,أنا قول لك، في الواقع، أنت ت折 بشكل أسرع من كرسي وولمارت.,"I'm telling you, in fact, you fold faster than a Walmart chair.",fold,100.0,0.0,0.0,兄弟，你在现实生活中折叠得比沃尔玛椅子还快,"Brother, you fold up in real life faster than a Walmart chair.",fold,100.0,0.0,0.0,ダメ、リアルにウォルマートの椅子より早く折れるぞ。,"It's no good, it really folds faster than Walmart's chair.",folds,88.88888888888889,1.0,0.0,1.0,3.0,,,,,,,,,,,,,,,,
47,"Dude, IRL you fold faster than a Walmart chair",faster,faster,is_single_word,0,4,,0,0.0,0,0.0,0.0,dude; fold; irl,genz-alpha-slangs,slang,"Hombre, en la vida real, tú doblas más rápido que una silla de Walmart.","Listen, in real life, you fold faster than a Walmart chair.",faster,100.0,0.0,0.0,أنا قول لك، في الواقع، أنت ت折 بشكل أسرع من كرسي وولمارت.,"I'm telling you, in fact, you fold faster than a Walmart chair.",faster,100.0,0.0,0.0,兄弟，你在现实生活中折叠得比沃尔玛椅子还快,"Brother, you fold up in real life faster than a Walmart chair.",faster,100.0,0.0,0.0,ダメ、リアルにウォルマートの椅子より早く折れるぞ。,"It's no good, it really folds faster than Walmart's chair.",faster,100.0,0.0,0.0,0.0,4.0,,,,,,,,,,,,,,,,
47,"Dude, IRL you fold faster than a Walmart chair",than,than,is_single_word,0,5,,0,0.0,0,0.0,0.0,dude; fold; irl,genz-alpha-slangs,slang,"Hombre, en la vida real, tú doblas más rápido que una silla de Walmart.","Listen, in real life, you fold faster than a Walmart chair.",than,100.0,0.0,0.0,أنا قول لك، في الواقع، أنت ت折 بشكل أسرع من كرسي وولمارت.,"I'm telling you, in fact, you fold faster than a Walmart chair.",than,100.0,0.0,0.0,兄弟，你在现实生活中折叠得比沃尔玛椅子还快,"Brother, you fold up in real life faster than a Walmart chair.",than,100.0,0.0,0.0,ダメ、リアルにウォルマートの椅子より早く折れるぞ。,"It's no good, it really folds faster than Walmart's chair.",than,100.0,0.0,0.0,0.0,4.0,,,,,,,,,,,,,,,,
47,"Dude, IRL you fold faster than a Walmart chair",a,a,is_single_word,0,6,,0,0.0,0,0.25,0.0,dude; fold; irl,genz-alpha-slangs,slang,"Hombre, en la vida real, tú doblas más rápido que una silla de Walmart.","Listen, in real life, you fold faster than a Walmart chair.",a,100.0,0.0,0.0,أنا قول لك، في الواقع، أنت ت折 بشكل أسرع من كرسي وولمارت.,"I'm telling you, in fact, you fold faster than a Walmart chair.",a,100.0,0.0,0.0,兄弟，你在现实生活中折叠得比沃尔玛椅子还快,"Brother, you fold up in real life faster than a Walmart chair.",a,100.0,0.0,0.0,ダメ、リアルにウォルマートの椅子より早く折れるぞ。,"It's no good, it really folds faster than Walmart's chair.",than,40.0,1.0,0.0,1.0,3.0,,,,,,,,,,,,,,,,
47,"Dude, IRL you fold faster than a Walmart chair",Walmart,walmart,is_single_word,0,7,,0,0.0,0,0.25,1.0,dude; fold; irl,genz-alpha-slangs,slang,"Hombre, en la vida real, tú doblas más rápido que una silla de Walmart.","Listen, in real life, you fold faster than a Walmart chair.",walmart,100.0,0.0,1.0,أنا قول لك، في الواقع، أنت ت折 بشكل أسرع من كرسي وولمارت.,"I'm telling you, in fact, you fold faster than a Walmart chair.",walmart,100.0,0.0,0.0,兄弟，你在现实生活中折叠得比沃尔玛椅子还快,"Brother, you fold up in real life faster than a Walmart chair.",walmart,100.0,0.0,0.0,ダメ、リアルにウォルマートの椅子より早く折れるぞ。,"It's no good, it really folds faster than Walmart's chair.",walmart's,87.5,1.0,0.0,1.0,3.0,,,,,,,,,,,,,,,,
47,"Dude, IRL you fold faster than a Walmart chair",chair,chair,is_single_word,0,8,,0,0.0,0,0.0,0.0,dude; fold; irl,genz-alpha-slangs,slang,"Hombre, en la vida real, tú doblas más rápido que una silla de Walmart.","Listen, in real life, you fold faster than a Walmart chair.",chair,100.0,0.0,0.0,أنا قول لك، في الواقع، أنت ت折 بشكل أسرع من كرسي وولمارت.,"I'm telling you, in fact, you fold faster than a Walmart chair.",chair,100.0,0.0,0.0,兄弟，你在现实生活中折叠得比沃尔玛椅子还快,"Brother, you fold up in real life faster than a Walmart chair.",chair,100.0,0.0,0.0,ダメ、リアルにウォルマートの椅子より早く折れるぞ。,"It's no good, it really folds faster than Walmart's chair.",chair,100.0,0.0,0.0,0.0,4.0,,,,,,,,,,,,,,,,
48,"Homie, whole squad waitin’",Homie,homie,is_single_word,1,0,,1,8.945914268493652,1,1.0,1.0,homie; waitin,genz-alpha-slangs,slang,"Hombre, toda la pandilla está esperando.","Buddy, the whole gang is waiting.",whole,60.0,1.0,0.0,أخي، كل الفريق ينتظر,"Brother, the whole team is waiting.",whole,60.0,1.0,0.0,兄弟們，整个团队都在等待,"Brothers, the entire team is waiting.",the,50.0,1.0,0.0,ホミー、全員待ってん,"Homi, everyone wait.",homi,88.88888888888889,1.0,0.0,4.0,0.0,<mask> <mask> whole squad waitin,▁hom ie,2.0,1.1772115635432832e-10,22.86270236968994,11.43135118484497,- the,0.0069370835349991,17.891828536987305,8.945914268493652,0.0,0.0,0.0,3.0,0.0,1.0
48,"Homie, whole squad waitin’",whole,whole,is_single_word,0,1,,0,0.0,0,0.5,0.0,homie; waitin,genz-alpha-slangs,slang,"Hombre, toda la pandilla está esperando.","Buddy, the whole gang is waiting.",whole,100.0,0.0,0.0,أخي، كل الفريق ينتظر,"Brother, the whole team is waiting.",whole,100.0,0.0,0.0,兄弟們，整个团队都在等待,"Brothers, the entire team is waiting.",the,50.0,1.0,0.0,ホミー、全員待ってん,"Homi, everyone wait.",homi,44.44444444444444,1.0,0.0,2.0,2.0,,,,,,,,,,,,,,,,
48,"Homie, whole squad waitin’",squad,squad,is_single_word,0,2,,1,6.362443685531616,1,1.0,0.0,homie; waitin,genz-alpha-slangs,slang,"Hombre, toda la pandilla está esperando.","Buddy, the whole gang is waiting.",buddy,40.0,1.0,0.0,أخي، كل الفريق ينتظر,"Brother, the whole team is waiting.",is,28.57142857142857,1.0,0.0,兄弟們，整个团队都在等待,"Brothers, the entire team is waiting.",is,28.57142857142857,1.0,0.0,ホミー、全員待ってん,"Homi, everyone wait.",wait,22.22222222222222,1.0,0.0,4.0,0.0,homie whole <mask> <mask> waitin,▁s quad,2.0,1.1633774322574364e-08,18.26935338973999,9.134676694869995,life with,0.0039090299958053,12.724887371063232,6.362443685531616,2.0,2.0,0.0,3.0,0.0,1.0
48,"Homie, whole squad waitin’",waitin,waitin,is_single_word,1,3,,1,5.769900918006897,1,1.0,0.0,homie; waitin,genz-alpha-slangs,slang,"Hombre, toda la pandilla está esperando.","Buddy, the whole gang is waiting.",waiting,92.3076923076923,1.0,0.0,أخي، كل الفريق ينتظر,"Brother, the whole team is waiting.",waiting,92.3076923076923,1.0,0.0,兄弟們，整个团队都在等待,"Brothers, the entire team is waiting.",waiting,92.3076923076923,1.0,0.0,ホミー、全員待ってん,"Homi, everyone wait.",wait,80.0,1.0,0.0,4.0,0.0,homie whole squad <mask> <mask>,▁wait in,2.0,3.545587594087836e-08,17.154976844787598,8.577488422393799, </s>,0.0036421722302566,11.539801836013794,5.769900918006897,3.0,3.0,0.0,3.0,0.0,1.0
49,"Sis, lowkey flexin’",Sis,sis,is_single_word,1,0,,1,4.211146593093872,1,1.0,0.0,flexin; lowkey; sis,genz-alpha-slangs,slang,"Sí, flexando un poco en secreto.","Yes, bending a bit in secret.",in,40.0,1.0,0.0,أختي، أتظاهر بالخفة,"My sister, I'm pretending to be carefree.",sister,66.66666666666667,1.0,0.0,姐姐，低调炫耀。,"Sister, subtle bragging.",sister,66.66666666666667,1.0,0.0,姉、低調に自慢している。,"Sister, she's boasting in a low-key manner.",sister,66.66666666666667,1.0,0.0,4.0,0.0,<mask> <mask> lowkey flexin,▁si s,2.0,1.2413531904366166e-06,13.599308490753174,6.799654245376587, :,0.0056448293926992,8.422293186187744,4.211146593093872,0.0,0.0,0.0,2.0,0.0,1.0
49,"Sis, lowkey flexin’",lowkey,lowkey,is_single_word,1,1,,1,8.355115830898285,1,1.0,0.0,flexin; lowkey; sis,genz-alpha-slangs,slang,"Sí, flexando un poco en secreto.","Yes, bending a bit in secret.",yes,22.22222222222222,1.0,0.0,أختي، أتظاهر بالخفة,"My sister, I'm pretending to be carefree.",my,25.0,1.0,0.0,姐姐，低调炫耀。,"Sister, subtle bragging.",subtle,33.333333333333336,1.0,0.0,姉、低調に自慢している。,"Sister, she's boasting in a low-key manner.",low-key,92.3076923076923,1.0,0.0,4.0,0.0,sis <mask> <mask> flexin,▁low key,2.0,5.220659894599865e-10,21.3732271194458,10.6866135597229,"s ,",0.0094381484423023,16.71023166179657,8.355115830898285,1.0,1.0,0.0,2.0,0.0,1.0
49,"Sis, lowkey flexin’",flexin,flexin,is_single_word,1,2,,1,6.393932342529297,1,1.0,0.0,flexin; lowkey; sis,genz-alpha-slangs,slang,"Sí, flexando un poco en secreto.","Yes, bending a bit in secret.",in,50.0,1.0,0.0,أختي، أتظاهر بالخفة,"My sister, I'm pretending to be carefree.",pretending,37.5,1.0,0.0,姐姐，低调炫耀。,"Sister, subtle bragging.",subtle,33.333333333333336,1.0,0.0,姉、低調に自慢している。,"Sister, she's boasting in a low-key manner.",in,50.0,1.0,0.0,4.0,0.0,sis lowkey <mask> <mask> <mask>,▁ flex in,3.0,1.5071303265327027e-11,24.91822862625122,8.306076208750406,s . </s>,0.0032262603506916,19.18179702758789,6.393932342529297,2.0,2.0,0.0,2.0,0.0,1.0
50,"Fam, you ghosted again",Fam,fam,is_single_word,1,0,,0,0.0,0,0.75,0.0,fam; ghosted,genz-alpha-slangs,slang,"Amigo, volviste a hacerme desaparecer.","Friend, you've made me disappear again.",me,40.0,1.0,0.0,"أخ, أنت فجأرت مرة أخرى.","Brother, you surprised me again.",me,40.0,1.0,0.0,親愛的，你又把我給忽略了。,"Dear, you've ignored me again.",me,40.0,1.0,0.0,ファム、またあなたは幽霊になった。,"Fam, you are a ghost again.",fam,100.0,0.0,0.0,3.0,1.0,,,,,,,,,,,,,,,,
50,"Fam, you ghosted again",you,you,is_single_word,0,1,,0,0.0,0,0.5,0.0,fam; ghosted,genz-alpha-slangs,slang,"Amigo, volviste a hacerme desaparecer.","Friend, you've made me disappear again.",you've,66.66666666666667,1.0,0.0,"أخ, أنت فجأرت مرة أخرى.","Brother, you surprised me again.",you,100.0,0.0,0.0,親愛的，你又把我給忽略了。,"Dear, you've ignored me again.",you've,66.66666666666667,1.0,0.0,ファム、またあなたは幽霊になった。,"Fam, you are a ghost again.",you,100.0,0.0,0.0,2.0,2.0,,,,,,,,,,,,,,,,
50,"Fam, you ghosted again",ghosted,ghosted,is_single_word,1,2,,1,10.778052866458893,1,1.0,0.0,fam; ghosted,genz-alpha-slangs,slang,"Amigo, volviste a hacerme desaparecer.","Friend, you've made me disappear again.",friend,30.76923076923077,1.0,0.0,"أخ, أنت فجأرت مرة أخرى.","Brother, you surprised me again.",brother,42.85714285714286,1.0,0.0,親愛的，你又把我給忽略了。,"Dear, you've ignored me again.",ignored,57.14285714285714,1.0,0.0,ファム、またあなたは幽霊になった。,"Fam, you are a ghost again.",ghost,83.33333333333334,1.0,0.0,4.0,0.0,fam you <mask> <mask> again,▁gho sted,2.0,6.243599694421891e-12,25.799464225769043,12.89973211288452,see me,0.0143592852130454,21.556105732917786,10.778052866458893,2.0,2.0,0.0,3.0,0.0,1.0
50,"Fam, you ghosted again",again,again,is_single_word,0,3,,0,0.0,0,0.0,0.0,fam; ghosted,genz-alpha-slangs,slang,"Amigo, volviste a hacerme desaparecer.","Friend, you've made me disappear again.",again,100.0,0.0,0.0,"أخ, أنت فجأرت مرة أخرى.","Brother, you surprised me again.",again,100.0,0.0,0.0,親愛的，你又把我給忽略了。,"Dear, you've ignored me again.",again,100.0,0.0,0.0,ファム、またあなたは幽霊になった。,"Fam, you are a ghost again.",again,100.0,0.0,0.0,0.0,4.0,,,,,,,,,,,,,,,,
51,"Mate, stop cappin’, lowkey annoyed",Mate,mate,is_single_word,1,0,,1,10.106850147247314,1,1.0,0.0,cappin; lowkey; mate,genz-alpha-slangs,slang,"Amigo, detente con eso, estoy un poco molesto.","Friend, stop that, I'm a bit annoyed.",that,50.0,1.0,0.0,أيها الإخوة، توقف عن الكلام الزائد، أنا قلق من أنني سأشعر بالغضب,"Dear brothers, stop talking too much, I am worried that I will feel angry.",that,50.0,1.0,0.0,老兄，别废话了，低声下气地很烦人,"Old fellow, stop beating around the bush, being obsequious is really annoying.",the,57.14285714285714,1.0,0.0,お前、止まれ、嘘を吐くな、低調に困っている,"You, stop, don't lie, you're in a tough spot.",a,40.0,1.0,0.0,4.0,0.0,<mask> stop cappin' lowkey annoyed,▁mate,1.0,4.039322436679188e-06,12.41943359375,12.41943359375,Please,0.0990051463859007,10.106850147247314,10.106850147247314,0.0,0.0,0.0,4.0,0.0,1.0
51,"Mate, stop cappin’, lowkey annoyed",stop,stop,is_single_word,0,1,,0,0.0,0,0.0,0.0,cappin; lowkey; mate,genz-alpha-slangs,slang,"Amigo, detente con eso, estoy un poco molesto.","Friend, stop that, I'm a bit annoyed.",stop,100.0,0.0,0.0,أيها الإخوة، توقف عن الكلام الزائد، أنا قلق من أنني سأشعر بالغضب,"Dear brothers, stop talking too much, I am worried that I will feel angry.",stop,100.0,0.0,0.0,老兄，别废话了，低声下气地很烦人,"Old fellow, stop beating around the bush, being obsequious is really annoying.",stop,100.0,0.0,0.0,お前、止まれ、嘘を吐くな、低調に困っている,"You, stop, don't lie, you're in a tough spot.",stop,100.0,0.0,0.0,0.0,4.0,,,,,,,,,,,,,,,,
51,"Mate, stop cappin’, lowkey annoyed",cappin,cappin,is_single_word,1,2,,1,6.517750422159831,1,1.0,0.0,cappin; lowkey; mate,genz-alpha-slangs,slang,"Amigo, detente con eso, estoy un poco molesto.","Friend, stop that, I'm a bit annoyed.",friend,33.333333333333336,1.0,0.0,أيها الإخوة، توقف عن الكلام الزائد، أنا قلق من أنني سأشعر بالغضب,"Dear brothers, stop talking too much, I am worried that I will feel angry.",talking,46.15384615384615,1.0,0.0,老兄，别废话了，低声下气地很烦人,"Old fellow, stop beating around the bush, being obsequious is really annoying.",beating,46.15384615384615,1.0,0.0,お前、止まれ、嘘を吐くな、低調に困っている,"You, stop, don't lie, you're in a tough spot.",in,50.0,1.0,0.0,4.0,0.0,mate stop <mask> <mask> <mask> lowkey annoyed,▁cap pin ',3.0,4.3670044167183543e-13,28.459528923034668,9.486509641011557,s the the,0.0001355354055024,19.55325126647949,6.517750422159831,2.0,2.0,0.0,4.0,0.0,1.0
51,"Mate, stop cappin’, lowkey annoyed",lowkey,lowkey,is_single_word,1,3,,1,8.784337759017944,1,1.0,0.0,cappin; lowkey; mate,genz-alpha-slangs,slang,"Amigo, detente con eso, estoy un poco molesto.","Friend, stop that, I'm a bit annoyed.",annoyed,30.76923076923077,1.0,0.0,أيها الإخوة، توقف عن الكلام الزائد، أنا قلق من أنني سأشعر بالغضب,"Dear brothers, stop talking too much, I am worried that I will feel angry.",talking,30.76923076923077,1.0,0.0,老兄，别废话了，低声下气地很烦人,"Old fellow, stop beating around the bush, being obsequious is really annoying.",fellow,50.0,1.0,0.0,お前、止まれ、嘘を吐くな、低調に困っている,"You, stop, don't lie, you're in a tough spot.",lie,44.44444444444444,1.0,0.0,4.0,0.0,mate stop cappin' <mask> <mask> annoyed,▁low key,2.0,7.253707399572487e-10,21.04433822631836,10.52216911315918,me get,0.0309413219569043,17.56867551803589,8.784337759017944,3.0,3.0,0.0,4.0,0.0,1.0
51,"Mate, stop cappin’, lowkey annoyed",annoyed,annoyed,is_single_word,0,4,,0,0.0,0,0.75,0.0,cappin; lowkey; mate,genz-alpha-slangs,slang,"Amigo, detente con eso, estoy un poco molesto.","Friend, stop that, I'm a bit annoyed.",annoyed,100.0,0.0,0.0,أيها الإخوة، توقف عن الكلام الزائد، أنا قلق من أنني سأشعر بالغضب,"Dear brothers, stop talking too much, I am worried that I will feel angry.",angry,50.0,1.0,0.0,老兄，别废话了，低声下气地很烦人,"Old fellow, stop beating around the bush, being obsequious is really annoying.",annoying,66.66666666666667,1.0,0.0,お前、止まれ、嘘を吐くな、低調に困っている,"You, stop, don't lie, you're in a tough spot.",you're,30.76923076923077,1.0,0.0,3.0,1.0,,,,,,,,,,,,,,,,
52,"Dude, stop cappin’, lowkey annoyed",Dude,dude,is_single_word,1,0,,1,6.79912942647934,1,1.0,0.0,cappin; dude; lowkey,genz-alpha-slangs,slang,"Hombre, detente con eso, estoy un poco molesto.","Listen, stop that, I'm a bit annoyed.",listen,20.0,1.0,0.0,أيها الإخوة، توقف عن الكذب، أنا متوتر قليلًا.,"Oh brothers, stop lying, I'm a bit anxious.",anxious,18.181818181818176,1.0,0.0,兄弟，别废话了，低调生气,"Brother, stop beating around the bush, just be angry in a low-key manner.",around,40.0,1.0,0.0,ダメよ、止めろよ、低調に困っている,"Come on, stop it, you're being too down.",you're,40.0,1.0,0.0,4.0,0.0,<mask> <mask> stop cappin' lowkey annoyed,▁du de,2.0,6.0519406457282965e-09,18.922886848449707,9.461443424224854,I to,0.0048701623996592,13.59825885295868,6.79912942647934,0.0,0.0,0.0,4.0,0.0,1.0
52,"Dude, stop cappin’, lowkey annoyed",stop,stop,is_single_word,0,1,,0,0.0,0,0.0,0.0,cappin; dude; lowkey,genz-alpha-slangs,slang,"Hombre, detente con eso, estoy un poco molesto.","Listen, stop that, I'm a bit annoyed.",stop,100.0,0.0,0.0,أيها الإخوة، توقف عن الكذب، أنا متوتر قليلًا.,"Oh brothers, stop lying, I'm a bit anxious.",stop,100.0,0.0,0.0,兄弟，别废话了，低调生气,"Brother, stop beating around the bush, just be angry in a low-key manner.",stop,100.0,0.0,0.0,ダメよ、止めろよ、低調に困っている,"Come on, stop it, you're being too down.",stop,100.0,0.0,0.0,0.0,4.0,,,,,,,,,,,,,,,,
52,"Dude, stop cappin’, lowkey annoyed",cappin,cappin,is_single_word,1,2,,1,5.991746346155803,1,1.0,0.0,cappin; dude; lowkey,genz-alpha-slangs,slang,"Hombre, detente con eso, estoy un poco molesto.","Listen, stop that, I'm a bit annoyed.",listen,33.333333333333336,1.0,0.0,أيها الإخوة، توقف عن الكذب، أنا متوتر قليلًا.,"Oh brothers, stop lying, I'm a bit anxious.",lying,36.36363636363637,1.0,0.0,兄弟，别废话了，低调生气,"Brother, stop beating around the bush, just be angry in a low-key manner.",in,50.0,1.0,0.0,ダメよ、止めろよ、低調に困っている,"Come on, stop it, you're being too down.",being,36.36363636363637,1.0,0.0,4.0,0.0,dude stop <mask> <mask> <mask> lowkey annoyed,▁cap pin ',3.0,7.47849535746095e-13,27.92157459259033,9.307191530863443,fuck fuck the,4.7902850107221606e-05,17.975239038467407,5.991746346155803,2.0,2.0,0.0,4.0,0.0,1.0
52,"Dude, stop cappin’, lowkey annoyed",lowkey,lowkey,is_single_word,1,3,,1,8.319423735141754,1,1.0,0.0,cappin; dude; lowkey,genz-alpha-slangs,slang,"Hombre, detente con eso, estoy un poco molesto.","Listen, stop that, I'm a bit annoyed.",listen,33.333333333333336,1.0,0.0,أيها الإخوة، توقف عن الكذب، أنا متوتر قليلًا.,"Oh brothers, stop lying, I'm a bit anxious.",lying,36.36363636363637,1.0,0.0,兄弟，别废话了，低调生气,"Brother, stop beating around the bush, just be angry in a low-key manner.",low-key,92.3076923076923,1.0,0.0,ダメよ、止めろよ、低調に困っている,"Come on, stop it, you're being too down.",come,40.0,1.0,0.0,4.0,0.0,dude stop cappin' <mask> <mask> annoyed,▁low key,2.0,7.193415876177784e-10,21.052684783935547,10.526342391967772,me fucking,0.0121086244761612,16.63884747028351,8.319423735141754,3.0,3.0,0.0,4.0,0.0,1.0
52,"Dude, stop cappin’, lowkey annoyed",annoyed,annoyed,is_single_word,0,4,,0,0.0,0,0.75,0.0,cappin; dude; lowkey,genz-alpha-slangs,slang,"Hombre, detente con eso, estoy un poco molesto.","Listen, stop that, I'm a bit annoyed.",annoyed,100.0,0.0,0.0,أيها الإخوة، توقف عن الكذب، أنا متوتر قليلًا.,"Oh brothers, stop lying, I'm a bit anxious.",anxious,42.85714285714286,1.0,0.0,兄弟，别废话了，低调生气,"Brother, stop beating around the bush, just be angry in a low-key manner.",manner,61.53846153846154,1.0,0.0,ダメよ、止めろよ、低調に困っている,"Come on, stop it, you're being too down.",come,36.36363636363637,1.0,0.0,3.0,1.0,,,,,,,,,,,,,,,,
53,"Yo, big yikes",Yo,yo,is_single_word,1,0,,1,6.388893365859985,1,1.0,0.0,yikes; yo,genz-alpha-slangs,slang,"Yo, ¡ay caramba!","I, oh no!",oh,50.0,1.0,0.0,يا، كبير ييكس كبير,"I'm sorry, but I'm unable to translate the given text as it appears to be a mix of Arabic and English.",to,50.0,1.0,0.0,嘿，好大的惊讶,"Hey, what a big surprise.",hey,40.0,1.0,0.0,よ、ビッグ・イーッキーズ,"Oh, Big Eights.",oh,50.0,1.0,0.0,4.0,0.0,<mask> big yikes,▁yo,1.0,0.0001328860299328,8.926018714904785,8.926018714904785,</s>,0.0790934393355413,6.388893365859985,6.388893365859985,0.0,0.0,0.0,2.0,0.0,1.0
53,"Yo, big yikes",big,big,is_single_word,0,1,,0,0.0,0,0.5,0.0,yikes; yo,genz-alpha-slangs,slang,"Yo, ¡ay caramba!","I, oh no!",i,50.0,1.0,0.0,يا، كبير ييكس كبير,"I'm sorry, but I'm unable to translate the given text as it appears to be a mix of Arabic and English.",arabic,44.44444444444444,1.0,0.0,嘿，好大的惊讶,"Hey, what a big surprise.",big,100.0,0.0,0.0,よ、ビッグ・イーッキーズ,"Oh, Big Eights.",big,100.0,0.0,0.0,2.0,2.0,,,,,,,,,,,,,,,,
53,"Yo, big yikes",yikes,yikes,is_single_word,1,2,,1,9.078842103481293,1,1.0,0.0,yikes; yo,genz-alpha-slangs,slang,"Yo, ¡ay caramba!","I, oh no!",i,33.333333333333336,1.0,0.0,يا، كبير ييكس كبير,"I'm sorry, but I'm unable to translate the given text as it appears to be a mix of Arabic and English.",given,40.0,1.0,0.0,嘿，好大的惊讶,"Hey, what a big surprise.",surprise,30.76923076923077,1.0,0.0,よ、ビッグ・イーッキーズ,"Oh, Big Eights.",eights,36.36363636363637,1.0,0.0,4.0,0.0,yo big <mask> <mask>,▁yi kes,2.0,1.6036221650958512e-10,22.55358600616455,11.276793003082275,tit </s>,0.0123277581487386,18.157684206962585,9.078842103481293,2.0,2.0,0.0,2.0,0.0,1.0
54,"Fam, touch some grass",Fam,fam,is_single_word,1,0,,0,0.0,0,0.75,1.0,fam,genz-alpha-slangs,slang,"Hombre, toca un poco de hierba.","Man, take a little grass.",a,50.0,1.0,0.0,أبني، لمس بعض الأعشاب.,"My father, touched some herbs.",father,44.44444444444444,1.0,0.0,老兄，多去看看外面的世界。,"Old fellow, why don't you go out and take a look at the world?",a,50.0,1.0,0.0,ファム、芝生に触れろ。,"Fam, touch the grass.",fam,100.0,0.0,0.0,3.0,1.0,,,,,,,,,,,,,,,,
54,"Fam, touch some grass",touch,touch,is_single_word,0,1,,0,0.0,0,0.75,0.0,fam,genz-alpha-slangs,slang,"Hombre, toca un poco de hierba.","Man, take a little grass.",take,22.22222222222222,1.0,0.0,أبني، لمس بعض الأعشاب.,"My father, touched some herbs.",touched,83.33333333333334,1.0,0.0,老兄，多去看看外面的世界。,"Old fellow, why don't you go out and take a look at the world?",you,50.0,1.0,0.0,ファム、芝生に触れろ。,"Fam, touch the grass.",touch,100.0,0.0,0.0,3.0,1.0,,,,,,,,,,,,,,,,
54,"Fam, touch some grass",some,some,is_single_word,0,2,,0,0.0,0,0.75,0.0,fam,genz-alpha-slangs,slang,"Hombre, toca un poco de hierba.","Man, take a little grass.",man,28.57142857142857,1.0,0.0,أبني، لمس بعض الأعشاب.,"My father, touched some herbs.",some,100.0,0.0,0.0,老兄，多去看看外面的世界。,"Old fellow, why don't you go out and take a look at the world?",go,33.333333333333336,1.0,0.0,ファム、芝生に触れろ。,"Fam, touch the grass.",fam,28.57142857142857,1.0,0.0,3.0,1.0,,,,,,,,,,,,,,,,
54,"Fam, touch some grass",grass,grass,is_single_word,0,3,,0,0.0,0,0.5,0.0,fam,genz-alpha-slangs,slang,"Hombre, toca un poco de hierba.","Man, take a little grass.",grass,100.0,0.0,0.0,أبني، لمس بعض الأعشاب.,"My father, touched some herbs.",herbs,40.0,1.0,0.0,老兄，多去看看外面的世界。,"Old fellow, why don't you go out and take a look at the world?",a,33.333333333333336,1.0,0.0,ファム、芝生に触れろ。,"Fam, touch the grass.",grass,100.0,0.0,0.0,2.0,2.0,,,,,,,,,,,,,,,,
55,"Yo, skibidi outta here, sigma style",Yo,yo,is_single_word,1,0,,1,6.0377197265625,1,1.0,0.0,yo,genz-alpha-slangs,slang,"Yo, skibidi fuera de aquí, estilo sigma","I, skibidi, get out of here, sigma style.",of,50.0,1.0,0.0,يا، هروح من هنا، بطراز سيغما,"Oh, I'm leaving from here, by Sigma style.",oh,50.0,1.0,0.0,嘿，斯基比迪滚蛋，西格玛风格,"Hey, Ski Bidi rolls, Sigma style.",hey,40.0,1.0,0.0,よ、スキビディ アウトタ ヘア、シグマスタイル,"Oh, Ski Bidi outta here, Sigma Style.",oh,50.0,1.0,0.0,4.0,0.0,<mask> skibidi outta here sigma style,▁yo,1.0,9.426356131008206e-05,9.269415855407717,9.269415855407717,I,0.0394904610420582,6.0377197265625,6.0377197265625,0.0,0.0,0.0,5.0,0.0,1.0
55,"Yo, skibidi outta here, sigma style",skibidi,skibidi,is_single_word,0,1,,1,5.399366617202759,1,1.0,0.0,yo,genz-alpha-slangs,slang,"Yo, skibidi fuera de aquí, estilo sigma","I, skibidi, get out of here, sigma style.",skibidi,100.0,1.0,1.0,يا، هروح من هنا، بطراز سيغما,"Oh, I'm leaving from here, by Sigma style.",sigma,33.333333333333336,1.0,0.0,嘿，斯基比迪滚蛋，西格玛风格,"Hey, Ski Bidi rolls, Sigma style.",bidi,72.72727272727273,1.0,0.0,よ、スキビディ アウトタ ヘア、シグマスタイル,"Oh, Ski Bidi outta here, Sigma Style.",bidi,72.72727272727273,1.0,0.0,4.0,0.0,yo <mask> <mask> <mask> outta here sigma style,▁ski bi di,3.0,1.6934975680704659e-12,27.104225158691406,9.034741719563804,yo i me,1.83455172092315e-05,16.198099851608276,5.399366617202759,1.0,1.0,0.0,5.0,0.0,1.0
55,"Yo, skibidi outta here, sigma style",outta,outta,is_single_word,0,2,,0,0.0,0,0.75,0.0,yo,genz-alpha-slangs,slang,"Yo, skibidi fuera de aquí, estilo sigma","I, skibidi, get out of here, sigma style.",out,75.0,1.0,0.0,يا، هروح من هنا، بطراز سيغما,"Oh, I'm leaving from here, by Sigma style.",oh,28.57142857142857,1.0,0.0,嘿，斯基比迪滚蛋，西格玛风格,"Hey, Ski Bidi rolls, Sigma style.",rolls,20.0,1.0,0.0,よ、スキビディ アウトタ ヘア、シグマスタイル,"Oh, Ski Bidi outta here, Sigma Style.",outta,100.0,0.0,0.0,3.0,1.0,,,,,,,,,,,,,,,,
55,"Yo, skibidi outta here, sigma style",here,here,is_single_word,0,3,,0,0.0,0,0.25,0.0,yo,genz-alpha-slangs,slang,"Yo, skibidi fuera de aquí, estilo sigma","I, skibidi, get out of here, sigma style.",here,100.0,0.0,0.0,يا، هروح من هنا، بطراز سيغما,"Oh, I'm leaving from here, by Sigma style.",here,100.0,0.0,0.0,嘿，斯基比迪滚蛋，西格玛风格,"Hey, Ski Bidi rolls, Sigma style.",hey,57.14285714285714,1.0,0.0,よ、スキビディ アウトタ ヘア、シグマスタイル,"Oh, Ski Bidi outta here, Sigma Style.",here,100.0,0.0,0.0,1.0,3.0,,,,,,,,,,,,,,,,
55,"Yo, skibidi outta here, sigma style",sigma,sigma,is_single_word,0,4,,0,0.0,0,0.25,0.0,yo,genz-alpha-slangs,slang,"Yo, skibidi fuera de aquí, estilo sigma","I, skibidi, get out of here, sigma style.",sigma,100.0,1.0,1.0,يا، هروح من هنا، بطراز سيغما,"Oh, I'm leaving from here, by Sigma style.",sigma,100.0,0.0,0.0,嘿，斯基比迪滚蛋，西格玛风格,"Hey, Ski Bidi rolls, Sigma style.",sigma,100.0,0.0,0.0,よ、スキビディ アウトタ ヘア、シグマスタイル,"Oh, Ski Bidi outta here, Sigma Style.",sigma,100.0,0.0,0.0,1.0,3.0,,,,,,,,,,,,,,,,
55,"Yo, skibidi outta here, sigma style",style,style,is_single_word,0,5,,0,0.0,0,0.0,0.0,yo,genz-alpha-slangs,slang,"Yo, skibidi fuera de aquí, estilo sigma","I, skibidi, get out of here, sigma style.",style,100.0,0.0,0.0,يا، هروح من هنا، بطراز سيغما,"Oh, I'm leaving from here, by Sigma style.",style,100.0,0.0,0.0,嘿，斯基比迪滚蛋，西格玛风格,"Hey, Ski Bidi rolls, Sigma style.",style,100.0,0.0,0.0,よ、スキビディ アウトタ ヘア、シグマスタイル,"Oh, Ski Bidi outta here, Sigma Style.",style,100.0,0.0,0.0,0.0,4.0,,,,,,,,,,,,,,,,
56,"Bruh, whole squad waitin’",Bruh,bruh,is_single_word,1,0,,1,6.765200614929199,1,1.0,0.0,bruh; waitin,genz-alpha-slangs,slang,"Hombre, toda la pandilla está esperando.","Buddy, the whole gang is waiting.",buddy,44.44444444444444,1.0,0.0,أخي، كل الفريق ينتظر,"Brother, the whole team is waiting.",brother,54.54545454545454,1.0,0.0,兄弟們，整个团队都在等待,"Brothers, the entire team is waiting.",brothers,50.0,1.0,0.0,ブラー、全員待ってん,"Blur, everyone wait.",blur,50.0,1.0,0.0,4.0,0.0,<mask> <mask> whole squad waitin,▁bru h,2.0,9.225678841608084e-09,18.501275062561035,9.250637531280518,- the,0.0069370835349991,13.530401229858398,6.765200614929199,0.0,0.0,0.0,3.0,0.0,1.0
56,"Bruh, whole squad waitin’",whole,whole,is_single_word,0,1,,0,0.0,0,0.5,0.0,bruh; waitin,genz-alpha-slangs,slang,"Hombre, toda la pandilla está esperando.","Buddy, the whole gang is waiting.",whole,100.0,0.0,0.0,أخي، كل الفريق ينتظر,"Brother, the whole team is waiting.",whole,100.0,0.0,0.0,兄弟們，整个团队都在等待,"Brothers, the entire team is waiting.",the,50.0,1.0,0.0,ブラー、全員待ってん,"Blur, everyone wait.",everyone,30.76923076923077,1.0,0.0,2.0,2.0,,,,,,,,,,,,,,,,
56,"Bruh, whole squad waitin’",squad,squad,is_single_word,0,2,,1,6.703292846679688,1,1.0,0.0,bruh; waitin,genz-alpha-slangs,slang,"Hombre, toda la pandilla está esperando.","Buddy, the whole gang is waiting.",buddy,40.0,1.0,0.0,أخي، كل الفريق ينتظر,"Brother, the whole team is waiting.",is,28.57142857142857,1.0,0.0,兄弟們，整个团队都在等待,"Brothers, the entire team is waiting.",is,28.57142857142857,1.0,0.0,ブラー、全員待ってん,"Blur, everyone wait.",blur,22.22222222222222,1.0,0.0,4.0,0.0,bruh whole <mask> <mask> waitin,▁s quad,2.0,3.87261760603638e-09,19.369335174560547,9.684667587280272,time i,0.00257282829524,13.406585693359377,6.703292846679688,2.0,2.0,0.0,3.0,0.0,1.0
56,"Bruh, whole squad waitin’",waitin,waitin,is_single_word,1,3,,1,5.619309186935425,1,1.0,0.0,bruh; waitin,genz-alpha-slangs,slang,"Hombre, toda la pandilla está esperando.","Buddy, the whole gang is waiting.",waiting,92.3076923076923,1.0,0.0,أخي، كل الفريق ينتظر,"Brother, the whole team is waiting.",waiting,92.3076923076923,1.0,0.0,兄弟們，整个团队都在等待,"Brothers, the entire team is waiting.",waiting,92.3076923076923,1.0,0.0,ブラー、全員待ってん,"Blur, everyone wait.",wait,80.0,1.0,0.0,4.0,0.0,bruh whole squad <mask> <mask>,▁wait in,2.0,5.0133059965415786e-08,16.808585166931152,8.404292583465576, </s>,0.0038106069690869,11.23861837387085,5.619309186935425,3.0,3.0,0.0,3.0,0.0,1.0
57,"Yo, whole squad waitin’",Yo,yo,is_single_word,1,0,,1,9.720516443252563,1,1.0,0.0,waitin; yo,genz-alpha-slangs,slang,"Yo, toda la escuadra está esperando.","I, the whole crew is waiting.",whole,28.57142857142857,1.0,0.0,يا، كل الفريق ينتظرون,"Oh, all the team are waiting.",oh,50.0,1.0,0.0,嘿，整个团队都在等待,"Hey, the whole team is waiting.",hey,40.0,1.0,0.0,よ、全員待ってん,"Yes, everyone wait.",yes,40.0,1.0,0.0,4.0,0.0,<mask> whole squad waitin,▁yo,1.0,7.407349519530737e-06,11.813037872314451,11.813037872314451,The,0.1233756603253215,9.720516443252563,9.720516443252563,0.0,0.0,0.0,3.0,0.0,1.0
57,"Yo, whole squad waitin’",whole,whole,is_single_word,0,1,,0,0.0,0,0.5,0.0,waitin; yo,genz-alpha-slangs,slang,"Yo, toda la escuadra está esperando.","I, the whole crew is waiting.",whole,100.0,0.0,0.0,يا، كل الفريق ينتظرون,"Oh, all the team are waiting.",the,50.0,1.0,0.0,嘿，整个团队都在等待,"Hey, the whole team is waiting.",whole,100.0,0.0,0.0,よ、全員待ってん,"Yes, everyone wait.",everyone,30.76923076923077,1.0,0.0,2.0,2.0,,,,,,,,,,,,,,,,
57,"Yo, whole squad waitin’",squad,squad,is_single_word,0,2,,1,7.277233123779297,1,1.0,0.0,waitin; yo,genz-alpha-slangs,slang,"Yo, toda la escuadra está esperando.","I, the whole crew is waiting.",is,28.57142857142857,1.0,0.0,يا، كل الفريق ينتظرون,"Oh, all the team are waiting.",all,25.0,1.0,0.0,嘿，整个团队都在等待,"Hey, the whole team is waiting.",is,28.57142857142857,1.0,0.0,よ、全員待ってん,"Yes, everyone wait.",yes,25.0,1.0,0.0,4.0,0.0,yo whole <mask> <mask> waitin,▁s quad,2.0,1.1763401656080312e-09,20.56085777282715,10.280428886413574,dag e,0.0024629596922884,14.554466247558594,7.277233123779297,2.0,2.0,0.0,3.0,0.0,1.0
57,"Yo, whole squad waitin’",waitin,waitin,is_single_word,1,3,,1,5.721439599990845,1,1.0,0.0,waitin; yo,genz-alpha-slangs,slang,"Yo, toda la escuadra está esperando.","I, the whole crew is waiting.",waiting,92.3076923076923,1.0,0.0,يا، كل الفريق ينتظرون,"Oh, all the team are waiting.",waiting,92.3076923076923,1.0,0.0,嘿，整个团队都在等待,"Hey, the whole team is waiting.",waiting,92.3076923076923,1.0,0.0,よ、全員待ってん,"Yes, everyone wait.",wait,80.0,1.0,0.0,4.0,0.0,yo whole squad <mask> <mask>,▁wait in,2.0,5.7813238371339124e-08,16.666048049926758,8.333024024963379,. .,0.0053902212323262,11.44287919998169,5.721439599990845,3.0,3.0,0.0,3.0,0.0,1.0
58,"Mate, you ghosted again",Mate,mate,is_single_word,1,0,,1,11.099395513534546,1,1.0,0.0,ghosted; mate,genz-alpha-slangs,slang,"Amigo, volviste a hacerme desaparecer.","Friend, you've made me disappear again.",made,75.0,1.0,0.0,أنت مجنون، أنت فجعتني مرة أخرى.,"You are crazy, you've shocked me again.",me,66.66666666666667,1.0,0.0,朋友，你又把我忽略了。,"You've ignored me again, friend.",me,66.66666666666667,1.0,0.0,お前、また幽霊になったな。,"You're a ghost again, aren't you?",a,40.0,1.0,0.0,4.0,0.0,<mask> you ghosted again,▁mate,1.0,6.590313054407459e-06,11.929909706115724,11.929909706115724,Have,0.4358251306480126,11.099395513534546,11.099395513534546,0.0,0.0,0.0,3.0,0.0,1.0
58,"Mate, you ghosted again",you,you,is_single_word,0,1,,0,0.0,0,0.5,0.0,ghosted; mate,genz-alpha-slangs,slang,"Amigo, volviste a hacerme desaparecer.","Friend, you've made me disappear again.",you've,66.66666666666667,1.0,0.0,أنت مجنون، أنت فجعتني مرة أخرى.,"You are crazy, you've shocked me again.",you,100.0,0.0,0.0,朋友，你又把我忽略了。,"You've ignored me again, friend.",you've,66.66666666666667,1.0,0.0,お前、また幽霊になったな。,"You're a ghost again, aren't you?",you,100.0,0.0,0.0,2.0,2.0,,,,,,,,,,,,,,,,
58,"Mate, you ghosted again",ghosted,ghosted,is_single_word,1,2,,1,11.357634603977203,1,1.0,0.0,ghosted; mate,genz-alpha-slangs,slang,"Amigo, volviste a hacerme desaparecer.","Friend, you've made me disappear again.",friend,30.76923076923077,1.0,0.0,أنت مجنون، أنت فجعتني مرة أخرى.,"You are crazy, you've shocked me again.",shocked,57.14285714285714,1.0,0.0,朋友，你又把我忽略了。,"You've ignored me again, friend.",ignored,57.14285714285714,1.0,0.0,お前、また幽霊になったな。,"You're a ghost again, aren't you?",ghost,83.33333333333334,1.0,0.0,4.0,0.0,mate you <mask> <mask> again,▁gho sted,2.0,2.9840383899041505e-12,26.53774356842041,13.268871784210203,love me,0.0218736106813308,22.715269207954407,11.357634603977203,2.0,2.0,0.0,3.0,0.0,1.0
58,"Mate, you ghosted again",again,again,is_single_word,0,3,,0,0.0,0,0.0,0.0,ghosted; mate,genz-alpha-slangs,slang,"Amigo, volviste a hacerme desaparecer.","Friend, you've made me disappear again.",again,100.0,0.0,0.0,أنت مجنون، أنت فجعتني مرة أخرى.,"You are crazy, you've shocked me again.",again,100.0,0.0,0.0,朋友，你又把我忽略了。,"You've ignored me again, friend.",again,100.0,0.0,0.0,お前、また幽霊になったな。,"You're a ghost again, aren't you?",again,100.0,0.0,0.0,0.0,4.0,,,,,,,,,,,,,,,,
59,"Sis, IRL you fold faster than a Walmart chair",Sis,sis,is_single_word,1,0,,1,4.810300707817078,1,1.0,0.0,fold; irl; sis,genz-alpha-slangs,slang,"Sí, en la vida real, tú plegas más rápido que una silla de Walmart.","Yes, in real life, you fold up faster than a Walmart chair.",in,40.0,1.0,0.0,أختي، في الواقع، أنت ت折 بشكل أسرع من كرسي وولمارت.,"Sister, in fact, you fold faster than a Walmart chair.",sister,66.66666666666667,1.0,0.0,姐姐，现实中你折叠得比沃尔玛椅子还快。,"Sister, in reality, you fold faster than a Walmart chair.",sister,66.66666666666667,1.0,0.0,姉、IRLあなたはワルマートの椅子より早く折れる。,"Sister, IRL you are weaker than a Walmart chair.",sister,66.66666666666667,1.0,0.0,4.0,0.0,<mask> <mask> irl you fold faster than a walmart chair,▁si s,2.0,7.315867080807184e-07,14.128050088882446,7.064025044441223,Why can,0.0110265566679063,9.620601415634155,4.810300707817078,0.0,0.0,0.0,8.0,0.0,1.0
59,"Sis, IRL you fold faster than a Walmart chair",IRL,irl,is_single_word,1,1,,0,0.0,0,0.75,0.0,fold; irl; sis,genz-alpha-slangs,slang,"Sí, en la vida real, tú plegas más rápido que una silla de Walmart.","Yes, in real life, you fold up faster than a Walmart chair.",real,57.14285714285714,1.0,0.0,أختي، في الواقع، أنت ت折 بشكل أسرع من كرسي وولمارت.,"Sister, in fact, you fold faster than a Walmart chair.",chair,50.0,1.0,0.0,姐姐，现实中你折叠得比沃尔玛椅子还快。,"Sister, in reality, you fold faster than a Walmart chair.",chair,50.0,1.0,0.0,姉、IRLあなたはワルマートの椅子より早く折れる。,"Sister, IRL you are weaker than a Walmart chair.",irl,100.0,0.0,0.0,3.0,1.0,,,,,,,,,,,,,,,,
59,"Sis, IRL you fold faster than a Walmart chair",you,you,is_single_word,0,2,,0,0.0,0,0.0,0.0,fold; irl; sis,genz-alpha-slangs,slang,"Sí, en la vida real, tú plegas más rápido que una silla de Walmart.","Yes, in real life, you fold up faster than a Walmart chair.",you,100.0,0.0,0.0,أختي، في الواقع، أنت ت折 بشكل أسرع من كرسي وولمارت.,"Sister, in fact, you fold faster than a Walmart chair.",you,100.0,0.0,0.0,姐姐，现实中你折叠得比沃尔玛椅子还快。,"Sister, in reality, you fold faster than a Walmart chair.",you,100.0,0.0,0.0,姉、IRLあなたはワルマートの椅子より早く折れる。,"Sister, IRL you are weaker than a Walmart chair.",you,100.0,0.0,0.0,0.0,4.0,,,,,,,,,,,,,,,,
59,"Sis, IRL you fold faster than a Walmart chair",fold,fold,is_single_word,1,3,,0,0.0,0,0.25,0.0,fold; irl; sis,genz-alpha-slangs,slang,"Sí, en la vida real, tú plegas más rápido que una silla de Walmart.","Yes, in real life, you fold up faster than a Walmart chair.",fold,100.0,0.0,0.0,أختي، في الواقع، أنت ت折 بشكل أسرع من كرسي وولمارت.,"Sister, in fact, you fold faster than a Walmart chair.",fold,100.0,0.0,0.0,姐姐，现实中你折叠得比沃尔玛椅子还快。,"Sister, in reality, you fold faster than a Walmart chair.",fold,100.0,0.0,0.0,姉、IRLあなたはワルマートの椅子より早く折れる。,"Sister, IRL you are weaker than a Walmart chair.",irl,28.57142857142857,1.0,0.0,1.0,3.0,,,,,,,,,,,,,,,,
59,"Sis, IRL you fold faster than a Walmart chair",faster,faster,is_single_word,0,4,,0,0.0,0,0.25,0.0,fold; irl; sis,genz-alpha-slangs,slang,"Sí, en la vida real, tú plegas más rápido que una silla de Walmart.","Yes, in real life, you fold up faster than a Walmart chair.",faster,100.0,0.0,0.0,أختي، في الواقع، أنت ت折 بشكل أسرع من كرسي وولمارت.,"Sister, in fact, you fold faster than a Walmart chair.",faster,100.0,0.0,0.0,姐姐，现实中你折叠得比沃尔玛椅子还快。,"Sister, in reality, you fold faster than a Walmart chair.",faster,100.0,0.0,0.0,姉、IRLあなたはワルマートの椅子より早く折れる。,"Sister, IRL you are weaker than a Walmart chair.",sister,66.66666666666667,1.0,0.0,1.0,3.0,,,,,,,,,,,,,,,,
59,"Sis, IRL you fold faster than a Walmart chair",than,than,is_single_word,0,5,,0,0.0,0,0.0,0.0,fold; irl; sis,genz-alpha-slangs,slang,"Sí, en la vida real, tú plegas más rápido que una silla de Walmart.","Yes, in real life, you fold up faster than a Walmart chair.",than,100.0,0.0,0.0,أختي، في الواقع، أنت ت折 بشكل أسرع من كرسي وولمارت.,"Sister, in fact, you fold faster than a Walmart chair.",than,100.0,0.0,0.0,姐姐，现实中你折叠得比沃尔玛椅子还快。,"Sister, in reality, you fold faster than a Walmart chair.",than,100.0,0.0,0.0,姉、IRLあなたはワルマートの椅子より早く折れる。,"Sister, IRL you are weaker than a Walmart chair.",than,100.0,0.0,0.0,0.0,4.0,,,,,,,,,,,,,,,,
59,"Sis, IRL you fold faster than a Walmart chair",a,a,is_single_word,0,6,,0,0.0,0,0.0,0.0,fold; irl; sis,genz-alpha-slangs,slang,"Sí, en la vida real, tú plegas más rápido que una silla de Walmart.","Yes, in real life, you fold up faster than a Walmart chair.",a,100.0,0.0,0.0,أختي، في الواقع، أنت ت折 بشكل أسرع من كرسي وولمارت.,"Sister, in fact, you fold faster than a Walmart chair.",a,100.0,0.0,0.0,姐姐，现实中你折叠得比沃尔玛椅子还快。,"Sister, in reality, you fold faster than a Walmart chair.",a,100.0,0.0,0.0,姉、IRLあなたはワルマートの椅子より早く折れる。,"Sister, IRL you are weaker than a Walmart chair.",a,100.0,0.0,0.0,0.0,4.0,,,,,,,,,,,,,,,,
59,"Sis, IRL you fold faster than a Walmart chair",Walmart,walmart,is_single_word,0,7,,0,0.0,0,0.0,1.0,fold; irl; sis,genz-alpha-slangs,slang,"Sí, en la vida real, tú plegas más rápido que una silla de Walmart.","Yes, in real life, you fold up faster than a Walmart chair.",walmart,100.0,0.0,1.0,أختي، في الواقع، أنت ت折 بشكل أسرع من كرسي وولمارت.,"Sister, in fact, you fold faster than a Walmart chair.",walmart,100.0,0.0,0.0,姐姐，现实中你折叠得比沃尔玛椅子还快。,"Sister, in reality, you fold faster than a Walmart chair.",walmart,100.0,0.0,0.0,姉、IRLあなたはワルマートの椅子より早く折れる。,"Sister, IRL you are weaker than a Walmart chair.",walmart,100.0,0.0,0.0,0.0,4.0,,,,,,,,,,,,,,,,
59,"Sis, IRL you fold faster than a Walmart chair",chair,chair,is_single_word,0,8,,0,0.0,0,0.0,0.0,fold; irl; sis,genz-alpha-slangs,slang,"Sí, en la vida real, tú plegas más rápido que una silla de Walmart.","Yes, in real life, you fold up faster than a Walmart chair.",chair,100.0,0.0,0.0,أختي، في الواقع، أنت ت折 بشكل أسرع من كرسي وولمارت.,"Sister, in fact, you fold faster than a Walmart chair.",chair,100.0,0.0,0.0,姐姐，现实中你折叠得比沃尔玛椅子还快。,"Sister, in reality, you fold faster than a Walmart chair.",chair,100.0,0.0,0.0,姉、IRLあなたはワルマートの椅子より早く折れる。,"Sister, IRL you are weaker than a Walmart chair.",chair,100.0,0.0,0.0,0.0,4.0,,,,,,,,,,,,,,,,
60,"Dude, touch some grass",Dude,dude,is_single_word,1,0,,1,8.147982060909271,1,1.0,0.0,dude,genz-alpha-slangs,slang,"Hombre, toca un poco de hierba.","Man, take a little grass.",take,25.0,1.0,0.0,أيها الإنسان، لمس بعض الأعشاب.,"Oh human, touch some herbs.",some,25.0,1.0,0.0,兄弟，多去看看外面,"Brother, go out and take a look more often.",out,28.57142857142857,1.0,0.0,ダメ、芝生に触れろ。,Don't touch the grass.,the,28.57142857142857,1.0,0.0,4.0,0.0,<mask> <mask> touch some grass,▁du de,2.0,2.703919881801812e-09,19.72856330871582,9.86428165435791,Let to,0.0323028703654879,16.295964121818542,8.147982060909271,0.0,0.0,0.0,3.0,0.0,1.0
60,"Dude, touch some grass",touch,touch,is_single_word,0,1,,0,0.0,0,0.5,0.0,dude,genz-alpha-slangs,slang,"Hombre, toca un poco de hierba.","Man, take a little grass.",take,22.22222222222222,1.0,0.0,أيها الإنسان، لمس بعض الأعشاب.,"Oh human, touch some herbs.",touch,100.0,0.0,0.0,兄弟，多去看看外面,"Brother, go out and take a look more often.",out,50.0,1.0,0.0,ダメ、芝生に触れろ。,Don't touch the grass.,touch,100.0,0.0,0.0,2.0,2.0,,,,,,,,,,,,,,,,
60,"Dude, touch some grass",some,some,is_single_word,0,2,,0,0.0,0,0.75,0.0,dude,genz-alpha-slangs,slang,"Hombre, toca un poco de hierba.","Man, take a little grass.",man,28.57142857142857,1.0,0.0,أيها الإنسان، لمس بعض الأعشاب.,"Oh human, touch some herbs.",some,100.0,0.0,0.0,兄弟，多去看看外面,"Brother, go out and take a look more often.",more,50.0,1.0,0.0,ダメ、芝生に触れろ。,Don't touch the grass.,the,28.57142857142857,1.0,0.0,3.0,1.0,,,,,,,,,,,,,,,,
60,"Dude, touch some grass",grass,grass,is_single_word,0,3,,0,0.0,0,0.5,0.0,dude,genz-alpha-slangs,slang,"Hombre, toca un poco de hierba.","Man, take a little grass.",grass,100.0,0.0,0.0,أيها الإنسان، لمس بعض الأعشاب.,"Oh human, touch some herbs.",herbs,40.0,1.0,0.0,兄弟，多去看看外面,"Brother, go out and take a look more often.",a,33.333333333333336,1.0,0.0,ダメ、芝生に触れろ。,Don't touch the grass.,grass,100.0,0.0,0.0,2.0,2.0,,,,,,,,,,,,,,,,
61,"Fam, big yikes",Fam,fam,is_single_word,1,0,,1,8.370277643203735,1,1.0,1.0,fam; yikes,genz-alpha-slangs,slang,"Hombre, eso es un gran problema.","Man, that's a big problem.",a,50.0,1.0,0.0,أنا، كبيرة، ييكس كبير,"I am, big, yes big.",am,80.0,1.0,0.0,兄弟，太吓人了,"Brother, it's too scary.",scary,25.0,1.0,0.0,お兄さん、すごい驚きです。,"Big brother, you're amazing!",amazing,40.0,1.0,0.0,4.0,0.0,<mask> big yikes,▁fam,1.0,1.832209238200541e-05,10.907402992248535,10.907402992248535,</s>,0.0790934393355413,8.370277643203735,8.370277643203735,0.0,0.0,0.0,2.0,0.0,1.0
61,"Fam, big yikes",big,big,is_single_word,0,1,,0,0.0,0,0.25,0.0,fam; yikes,genz-alpha-slangs,slang,"Hombre, eso es un gran problema.","Man, that's a big problem.",big,100.0,0.0,0.0,أنا، كبيرة، ييكس كبير,"I am, big, yes big.",big,100.0,0.0,0.0,兄弟，太吓人了,"Brother, it's too scary.",it's,28.57142857142857,1.0,0.0,お兄さん、すごい驚きです。,"Big brother, you're amazing!",big,100.0,0.0,0.0,1.0,3.0,,,,,,,,,,,,,,,,
61,"Fam, big yikes",yikes,yikes,is_single_word,1,2,,1,7.134629011154175,1,1.0,0.0,fam; yikes,genz-alpha-slangs,slang,"Hombre, eso es un gran problema.","Man, that's a big problem.",big,25.0,1.0,0.0,أنا، كبيرة، ييكس كبير,"I am, big, yes big.",yes,75.0,1.0,0.0,兄弟，太吓人了,"Brother, it's too scary.",it's,44.44444444444444,1.0,0.0,お兄さん、すごい驚きです。,"Big brother, you're amazing!",you're,36.36363636363637,1.0,0.0,4.0,0.0,fam big <mask> <mask>,▁yi kes,2.0,3.664793710047458e-09,19.42449378967285,9.712246894836426,brother </s>,0.0057691197445848,14.26925802230835,7.134629011154175,2.0,2.0,0.0,2.0,0.0,1.0
62,"Fam, IRL you fold faster than a Walmart chair",Fam,fam,is_single_word,1,0,,0,0.0,0,0.75,1.0,fam; fold; irl,genz-alpha-slangs,slang,"Hombre, en la vida real, doblas más rápido que una silla de Walmart.","Dude, in real life, you can spin faster than a Walmart office chair.",a,50.0,1.0,0.0,حبيبي، في الواقع، أنت ت折 بشكل أسرع من كرسي وولمارت,"My love, in fact, you fold faster than a Walmart chair.",fact,57.14285714285714,1.0,0.0,兄弟，你在现实生活中折叠得比沃尔玛椅子还快,"Brother, you fold up in real life faster than a Walmart chair.",a,50.0,1.0,0.0,ファム、IRLあなたはワルマートの椅子より速く折れる。,"Fam, IRL you are faster than folding a Walmart chair.",fam,100.0,0.0,0.0,3.0,1.0,,,,,,,,,,,,,,,,
62,"Fam, IRL you fold faster than a Walmart chair",IRL,irl,is_single_word,1,1,,0,0.0,0,0.75,1.0,fam; fold; irl,genz-alpha-slangs,slang,"Hombre, en la vida real, doblas más rápido que una silla de Walmart.","Dude, in real life, you can spin faster than a Walmart office chair.",real,57.14285714285714,1.0,0.0,حبيبي، في الواقع، أنت ت折 بشكل أسرع من كرسي وولمارت,"My love, in fact, you fold faster than a Walmart chair.",chair,50.0,1.0,0.0,兄弟，你在现实生活中折叠得比沃尔玛椅子还快,"Brother, you fold up in real life faster than a Walmart chair.",real,57.14285714285714,1.0,0.0,ファム、IRLあなたはワルマートの椅子より速く折れる。,"Fam, IRL you are faster than folding a Walmart chair.",irl,100.0,0.0,0.0,3.0,1.0,,,,,,,,,,,,,,,,
62,"Fam, IRL you fold faster than a Walmart chair",you,you,is_single_word,0,2,,0,0.0,0,0.0,0.0,fam; fold; irl,genz-alpha-slangs,slang,"Hombre, en la vida real, doblas más rápido que una silla de Walmart.","Dude, in real life, you can spin faster than a Walmart office chair.",you,100.0,0.0,0.0,حبيبي، في الواقع، أنت ت折 بشكل أسرع من كرسي وولمارت,"My love, in fact, you fold faster than a Walmart chair.",you,100.0,0.0,0.0,兄弟，你在现实生活中折叠得比沃尔玛椅子还快,"Brother, you fold up in real life faster than a Walmart chair.",you,100.0,0.0,0.0,ファム、IRLあなたはワルマートの椅子より速く折れる。,"Fam, IRL you are faster than folding a Walmart chair.",you,100.0,0.0,0.0,0.0,4.0,,,,,,,,,,,,,,,,
62,"Fam, IRL you fold faster than a Walmart chair",fold,fold,is_single_word,1,3,,0,0.0,0,0.5,0.0,fam; fold; irl,genz-alpha-slangs,slang,"Hombre, en la vida real, doblas más rápido que una silla de Walmart.","Dude, in real life, you can spin faster than a Walmart office chair.",you,28.57142857142857,1.0,0.0,حبيبي، في الواقع، أنت ت折 بشكل أسرع من كرسي وولمارت,"My love, in fact, you fold faster than a Walmart chair.",fold,100.0,0.0,0.0,兄弟，你在现实生活中折叠得比沃尔玛椅子还快,"Brother, you fold up in real life faster than a Walmart chair.",fold,100.0,0.0,0.0,ファム、IRLあなたはワルマートの椅子より速く折れる。,"Fam, IRL you are faster than folding a Walmart chair.",folding,72.72727272727273,1.0,0.0,2.0,2.0,,,,,,,,,,,,,,,,
62,"Fam, IRL you fold faster than a Walmart chair",faster,faster,is_single_word,0,4,,0,0.0,0,0.0,0.0,fam; fold; irl,genz-alpha-slangs,slang,"Hombre, en la vida real, doblas más rápido que una silla de Walmart.","Dude, in real life, you can spin faster than a Walmart office chair.",faster,100.0,0.0,0.0,حبيبي، في الواقع، أنت ت折 بشكل أسرع من كرسي وولمارت,"My love, in fact, you fold faster than a Walmart chair.",faster,100.0,0.0,0.0,兄弟，你在现实生活中折叠得比沃尔玛椅子还快,"Brother, you fold up in real life faster than a Walmart chair.",faster,100.0,0.0,0.0,ファム、IRLあなたはワルマートの椅子より速く折れる。,"Fam, IRL you are faster than folding a Walmart chair.",faster,100.0,0.0,0.0,0.0,4.0,,,,,,,,,,,,,,,,
62,"Fam, IRL you fold faster than a Walmart chair",than,than,is_single_word,0,5,,0,0.0,0,0.0,0.0,fam; fold; irl,genz-alpha-slangs,slang,"Hombre, en la vida real, doblas más rápido que una silla de Walmart.","Dude, in real life, you can spin faster than a Walmart office chair.",than,100.0,0.0,0.0,حبيبي، في الواقع، أنت ت折 بشكل أسرع من كرسي وولمارت,"My love, in fact, you fold faster than a Walmart chair.",than,100.0,0.0,0.0,兄弟，你在现实生活中折叠得比沃尔玛椅子还快,"Brother, you fold up in real life faster than a Walmart chair.",than,100.0,0.0,0.0,ファム、IRLあなたはワルマートの椅子より速く折れる。,"Fam, IRL you are faster than folding a Walmart chair.",than,100.0,0.0,0.0,0.0,4.0,,,,,,,,,,,,,,,,
62,"Fam, IRL you fold faster than a Walmart chair",a,a,is_single_word,0,6,,0,0.0,0,0.0,0.0,fam; fold; irl,genz-alpha-slangs,slang,"Hombre, en la vida real, doblas más rápido que una silla de Walmart.","Dude, in real life, you can spin faster than a Walmart office chair.",a,100.0,0.0,0.0,حبيبي، في الواقع، أنت ت折 بشكل أسرع من كرسي وولمارت,"My love, in fact, you fold faster than a Walmart chair.",a,100.0,0.0,0.0,兄弟，你在现实生活中折叠得比沃尔玛椅子还快,"Brother, you fold up in real life faster than a Walmart chair.",a,100.0,0.0,0.0,ファム、IRLあなたはワルマートの椅子より速く折れる。,"Fam, IRL you are faster than folding a Walmart chair.",a,100.0,0.0,0.0,0.0,4.0,,,,,,,,,,,,,,,,
62,"Fam, IRL you fold faster than a Walmart chair",Walmart,walmart,is_single_word,0,7,,0,0.0,0,0.0,1.0,fam; fold; irl,genz-alpha-slangs,slang,"Hombre, en la vida real, doblas más rápido que una silla de Walmart.","Dude, in real life, you can spin faster than a Walmart office chair.",walmart,100.0,0.0,1.0,حبيبي، في الواقع، أنت ت折 بشكل أسرع من كرسي وولمارت,"My love, in fact, you fold faster than a Walmart chair.",walmart,100.0,0.0,0.0,兄弟，你在现实生活中折叠得比沃尔玛椅子还快,"Brother, you fold up in real life faster than a Walmart chair.",walmart,100.0,0.0,0.0,ファム、IRLあなたはワルマートの椅子より速く折れる。,"Fam, IRL you are faster than folding a Walmart chair.",walmart,100.0,0.0,0.0,0.0,4.0,,,,,,,,,,,,,,,,
62,"Fam, IRL you fold faster than a Walmart chair",chair,chair,is_single_word,0,8,,0,0.0,0,0.0,0.0,fam; fold; irl,genz-alpha-slangs,slang,"Hombre, en la vida real, doblas más rápido que una silla de Walmart.","Dude, in real life, you can spin faster than a Walmart office chair.",chair,100.0,0.0,0.0,حبيبي، في الواقع، أنت ت折 بشكل أسرع من كرسي وولمارت,"My love, in fact, you fold faster than a Walmart chair.",chair,100.0,0.0,0.0,兄弟，你在现实生活中折叠得比沃尔玛椅子还快,"Brother, you fold up in real life faster than a Walmart chair.",chair,100.0,0.0,0.0,ファム、IRLあなたはワルマートの椅子より速く折れる。,"Fam, IRL you are faster than folding a Walmart chair.",chair,100.0,0.0,0.0,0.0,4.0,,,,,,,,,,,,,,,,
63,"Yo, stop cappin’, lowkey annoyed",Yo,yo,is_single_word,1,0,,1,6.544884204864502,1,1.0,0.0,cappin; lowkey; yo,genz-alpha-slangs,slang,"Yo, detente con eso, estoy un poco molesto.","Me, stop that, I'm a bit annoyed.",stop,33.333333333333336,1.0,0.0,يا، توقف عن الكلام، أنا قليلًا متوتر.,"Hey, stop talking, I'm a bit anxious.",hey,40.0,1.0,0.0,嘿，停一下，低调生气,"Hey, hold on, keep a low profile and be angry.",on,50.0,1.0,0.0,よ、止まれ、低調に困っている,"Oh, stop, I'm having a hard time with the low tone.",oh,50.0,1.0,0.0,4.0,0.0,<mask> stop cappin' lowkey annoyed,▁yo,1.0,0.000142314999424,8.857467651367188,8.857467651367188,Please,0.0990051463859007,6.544884204864502,6.544884204864502,0.0,0.0,0.0,4.0,0.0,1.0
63,"Yo, stop cappin’, lowkey annoyed",stop,stop,is_single_word,0,1,,0,0.0,0,0.25,0.0,cappin; lowkey; yo,genz-alpha-slangs,slang,"Yo, detente con eso, estoy un poco molesto.","Me, stop that, I'm a bit annoyed.",stop,100.0,0.0,0.0,يا، توقف عن الكلام، أنا قليلًا متوتر.,"Hey, stop talking, I'm a bit anxious.",stop,100.0,0.0,0.0,嘿，停一下，低调生气,"Hey, hold on, keep a low profile and be angry.",on,33.333333333333336,1.0,0.0,よ、止まれ、低調に困っている,"Oh, stop, I'm having a hard time with the low tone.",stop,100.0,0.0,0.0,1.0,3.0,,,,,,,,,,,,,,,,
63,"Yo, stop cappin’, lowkey annoyed",cappin,cappin,is_single_word,1,2,,1,5.686187823613484,1,1.0,0.0,cappin; lowkey; yo,genz-alpha-slangs,slang,"Yo, detente con eso, estoy un poco molesto.","Me, stop that, I'm a bit annoyed.",annoyed,30.76923076923077,1.0,0.0,يا، توقف عن الكلام، أنا قليلًا متوتر.,"Hey, stop talking, I'm a bit anxious.",talking,46.15384615384615,1.0,0.0,嘿，停一下，低调生气,"Hey, hold on, keep a low profile and be angry.",and,44.44444444444444,1.0,0.0,よ、止まれ、低調に困っている,"Oh, stop, I'm having a hard time with the low tone.",having,50.0,1.0,0.0,4.0,0.0,yo stop <mask> <mask> <mask> lowkey annoyed,▁cap pin ',3.0,1.856333531432328e-12,27.01241779327393,9.004139264424643,it y key,4.754403030771422e-05,17.058563470840454,5.686187823613484,2.0,2.0,0.0,4.0,0.0,1.0
63,"Yo, stop cappin’, lowkey annoyed",lowkey,lowkey,is_single_word,1,3,,1,7.936788320541382,1,1.0,0.0,cappin; lowkey; yo,genz-alpha-slangs,slang,"Yo, detente con eso, estoy un poco molesto.","Me, stop that, I'm a bit annoyed.",annoyed,30.76923076923077,1.0,0.0,يا، توقف عن الكلام، أنا قليلًا متوتر.,"Hey, stop talking, I'm a bit anxious.",hey,44.44444444444444,1.0,0.0,嘿，停一下，低调生气,"Hey, hold on, keep a low profile and be angry.",low,66.66666666666667,1.0,0.0,よ、止まれ、低調に困っている,"Oh, stop, I'm having a hard time with the low tone.",low,66.66666666666667,1.0,0.0,4.0,0.0,yo stop cappin' <mask> <mask> annoyed,▁low key,2.0,7.433489738815653e-10,21.019855499267575,10.509927749633787,it ',0.0058210253360025,15.873576641082764,7.936788320541382,3.0,3.0,0.0,4.0,0.0,1.0
63,"Yo, stop cappin’, lowkey annoyed",annoyed,annoyed,is_single_word,0,4,,0,0.0,0,0.75,0.0,cappin; lowkey; yo,genz-alpha-slangs,slang,"Yo, detente con eso, estoy un poco molesto.","Me, stop that, I'm a bit annoyed.",annoyed,100.0,0.0,0.0,يا، توقف عن الكلام، أنا قليلًا متوتر.,"Hey, stop talking, I'm a bit anxious.",anxious,42.85714285714286,1.0,0.0,嘿，停一下，低调生气,"Hey, hold on, keep a low profile and be angry.",and,60.0,1.0,0.0,よ、止まれ、低調に困っている,"Oh, stop, I'm having a hard time with the low tone.",hard,36.36363636363637,1.0,0.0,3.0,1.0,,,,,,,,,,,,,,,,
64,"Bruh, touch some grass",Bruh,bruh,is_single_word,1,0,,1,10.69362872838974,1,1.0,0.0,bruh,genz-alpha-slangs,slang,"Hombre, toca algo verde.","Man, play something green.",green,22.22222222222222,1.0,0.0,أيها الإخوة، اذهبوا إلى الميدان.,"O brothers, go to the square.",brothers,50.0,1.0,0.0,兄弟，多去户外運動一下,"Brother, go out and exercise more often.",brother,54.54545454545454,1.0,0.0,ブラー、芝生に触れろ。,"Blur, touch the grass.",blur,50.0,1.0,0.0,4.0,0.0,<mask> <mask> touch some grass,▁bru h,2.0,1.6629271273517707e-11,24.81985664367676,12.40992832183838,Let to,0.0323028703654879,21.38725745677948,10.69362872838974,0.0,0.0,0.0,3.0,0.0,1.0
64,"Bruh, touch some grass",touch,touch,is_single_word,0,1,,0,0.0,0,0.75,0.0,bruh,genz-alpha-slangs,slang,"Hombre, toca algo verde.","Man, play something green.",something,28.57142857142857,1.0,0.0,أيها الإخوة، اذهبوا إلى الميدان.,"O brothers, go to the square.",to,57.14285714285714,1.0,0.0,兄弟，多去户外運動一下,"Brother, go out and exercise more often.",out,50.0,1.0,0.0,ブラー、芝生に触れろ。,"Blur, touch the grass.",touch,100.0,0.0,0.0,3.0,1.0,,,,,,,,,,,,,,,,
64,"Bruh, touch some grass",some,some,is_single_word,0,2,,1,6.004577875137329,1,1.0,0.0,bruh,genz-alpha-slangs,slang,"Hombre, toca algo verde.","Man, play something green.",something,61.53846153846154,1.0,0.0,أيها الإخوة، اذهبوا إلى الميدان.,"O brothers, go to the square.",o,40.0,1.0,0.0,兄弟，多去户外運動一下,"Brother, go out and exercise more often.",more,50.0,1.0,0.0,ブラー、芝生に触れろ。,"Blur, touch the grass.",the,28.57142857142857,1.0,0.0,4.0,0.0,bruh touch <mask> grass,▁some,1.0,0.0002173459916921,8.434020042419434,8.434020042419434,e,0.0880859561080479,6.004577875137329,6.004577875137329,2.0,2.0,0.0,3.0,0.0,1.0
64,"Bruh, touch some grass",grass,grass,is_single_word,0,3,,0,0.0,0,0.75,0.0,bruh,genz-alpha-slangs,slang,"Hombre, toca algo verde.","Man, play something green.",green,40.0,1.0,0.0,أيها الإخوة، اذهبوا إلى الميدان.,"O brothers, go to the square.",brothers,30.76923076923077,1.0,0.0,兄弟，多去户外運動一下,"Brother, go out and exercise more often.",exercise,30.76923076923077,1.0,0.0,ブラー、芝生に触れろ。,"Blur, touch the grass.",grass,100.0,0.0,0.0,3.0,1.0,,,,,,,,,,,,,,,,
65,"Homie, stop cappin’, lowkey annoyed",Homie,homie,is_single_word,1,0,,1,8.397979438304901,1,1.0,1.0,cappin; homie; lowkey,genz-alpha-slangs,slang,"Hombre, detente con eso, estoy un poco molesto.","Listen, stop that, I'm a bit annoyed.",listen,36.36363636363637,1.0,0.0,أيها الإخوة، توقف عن الكذب، أنا قلق منخفض.,"Oh brothers, stop lying, I am low-key worried.",worried,50.0,1.0,0.0,兄弟，别瞎扯了，低调生气,"Brother, stop talking nonsense, be low-key angry.",brother,33.333333333333336,1.0,0.0,ホミー、止まれ、キャップを取れ、低調に不満だ。,"Homi, stop, take off your cap, you're being too down.",homi,88.88888888888889,1.0,0.0,4.0,0.0,<mask> <mask> stop cappin' lowkey annoyed,▁hom ie,2.0,2.472584742247998e-10,22.12058687210083,11.060293436050417,I to,0.0048701623996592,16.795958876609802,8.397979438304901,0.0,0.0,0.0,4.0,0.0,1.0
65,"Homie, stop cappin’, lowkey annoyed",stop,stop,is_single_word,0,1,,0,0.0,0,0.0,0.0,cappin; homie; lowkey,genz-alpha-slangs,slang,"Hombre, detente con eso, estoy un poco molesto.","Listen, stop that, I'm a bit annoyed.",stop,100.0,0.0,0.0,أيها الإخوة، توقف عن الكذب، أنا قلق منخفض.,"Oh brothers, stop lying, I am low-key worried.",stop,100.0,0.0,0.0,兄弟，别瞎扯了，低调生气,"Brother, stop talking nonsense, be low-key angry.",stop,100.0,0.0,0.0,ホミー、止まれ、キャップを取れ、低調に不満だ。,"Homi, stop, take off your cap, you're being too down.",stop,100.0,0.0,0.0,0.0,4.0,,,,,,,,,,,,,,,,
65,"Homie, stop cappin’, lowkey annoyed",cappin,cappin,is_single_word,1,2,,1,6.57499623298645,1,1.0,0.0,cappin; homie; lowkey,genz-alpha-slangs,slang,"Hombre, detente con eso, estoy un poco molesto.","Listen, stop that, I'm a bit annoyed.",listen,33.333333333333336,1.0,0.0,أيها الإخوة، توقف عن الكذب، أنا قلق منخفض.,"Oh brothers, stop lying, I am low-key worried.",lying,36.36363636363637,1.0,0.0,兄弟，别瞎扯了，低调生气,"Brother, stop talking nonsense, be low-key angry.",talking,46.15384615384615,1.0,0.0,ホミー、止まれ、キャップを取れ、低調に不満だ。,"Homi, stop, take off your cap, you're being too down.",cap,66.66666666666667,1.0,0.0,4.0,0.0,homie stop <mask> <mask> <mask> lowkey annoyed,▁cap pin ',3.0,2.666679507785419e-13,28.95277214050293,9.65092404683431,s the the,9.827081800744031e-05,19.72498869895935,6.57499623298645,2.0,2.0,0.0,4.0,0.0,1.0
65,"Homie, stop cappin’, lowkey annoyed",lowkey,lowkey,is_single_word,1,3,,1,8.3714998960495,1,1.0,0.0,cappin; homie; lowkey,genz-alpha-slangs,slang,"Hombre, detente con eso, estoy un poco molesto.","Listen, stop that, I'm a bit annoyed.",listen,33.333333333333336,1.0,0.0,أيها الإخوة، توقف عن الكذب، أنا قلق منخفض.,"Oh brothers, stop lying, I am low-key worried.",low-key,92.3076923076923,1.0,0.0,兄弟，别瞎扯了，低调生气,"Brother, stop talking nonsense, be low-key angry.",low-key,92.3076923076923,1.0,0.0,ホミー、止まれ、キャップを取れ、低調に不満だ。,"Homi, stop, take off your cap, you're being too down.",take,40.0,1.0,0.0,4.0,0.0,homie stop cappin' <mask> <mask> annoyed,▁low key,2.0,8.981734103417373e-10,20.83065795898437,10.415328979492188,me get,0.0167784799863974,16.742999792099,8.3714998960495,3.0,3.0,0.0,4.0,0.0,1.0
65,"Homie, stop cappin’, lowkey annoyed",annoyed,annoyed,is_single_word,0,4,,0,0.0,0,0.75,0.0,cappin; homie; lowkey,genz-alpha-slangs,slang,"Hombre, detente con eso, estoy un poco molesto.","Listen, stop that, I'm a bit annoyed.",annoyed,100.0,0.0,0.0,أيها الإخوة، توقف عن الكذب، أنا قلق منخفض.,"Oh brothers, stop lying, I am low-key worried.",worried,42.85714285714286,1.0,0.0,兄弟，别瞎扯了，低调生气,"Brother, stop talking nonsense, be low-key angry.",angry,50.0,1.0,0.0,ホミー、止まれ、キャップを取れ、低調に不満だ。,"Homi, stop, take off your cap, you're being too down.",take,36.36363636363637,1.0,0.0,3.0,1.0,,,,,,,,,,,,,,,,
66,"Homie, lowkey flexin’",Homie,homie,is_single_word,1,0,,1,6.726814270019531,1,1.0,1.0,flexin; homie; lowkey,genz-alpha-slangs,slang,"Hombre, bajando la llave, mostrando un poco de orgullo.","Man, turning down the volume, showing a bit of pride.",volume,54.54545454545454,1.0,0.0,أخي، أخفضي الإظهار,"Brother, I'll tone it down.",tone,44.44444444444444,1.0,0.0,兄弟，低調炫耀,"Brother, subtle bragging.",brother,33.333333333333336,1.0,0.0,ホミー、低調に自慢している,"Homi, boasting in a low tone.",homi,88.88888888888889,1.0,0.0,4.0,0.0,<mask> <mask> lowkey flexin,▁hom ie,2.0,8.106141565520968e-09,18.63064384460449,9.315321922302246, :,0.0056448293926992,13.453628540039062,6.726814270019531,0.0,0.0,0.0,2.0,0.0,1.0
66,"Homie, lowkey flexin’",lowkey,lowkey,is_single_word,1,1,,1,5.2405853271484375,0,1.0,0.0,flexin; homie; lowkey,genz-alpha-slangs,slang,"Hombre, bajando la llave, mostrando un poco de orgullo.","Man, turning down the volume, showing a bit of pride.",down,40.0,1.0,0.0,أخي، أخفضي الإظهار,"Brother, I'll tone it down.",tone,40.0,1.0,0.0,兄弟，低調炫耀,"Brother, subtle bragging.",subtle,33.333333333333336,1.0,0.0,ホミー、低調に自慢している,"Homi, boasting in a low tone.",low,66.66666666666667,1.0,0.0,4.0,0.0,homie <mask> <mask> flexin,▁low key,2.0,1.8006966367910143e-08,17.832507133483887,8.916253566741943, s,0.0006417341226763,10.481170654296877,5.2405853271484375,1.0,1.0,0.0,2.0,0.0,1.0
66,"Homie, lowkey flexin’",flexin,flexin,is_single_word,1,2,,1,5.701744079589844,0,1.0,0.0,flexin; homie; lowkey,genz-alpha-slangs,slang,"Hombre, bajando la llave, mostrando un poco de orgullo.","Man, turning down the volume, showing a bit of pride.",volume,33.333333333333336,1.0,0.0,أخي، أخفضي الإظهار,"Brother, I'll tone it down.",it,25.0,1.0,0.0,兄弟，低調炫耀,"Brother, subtle bragging.",subtle,33.333333333333336,1.0,0.0,ホミー、低調に自慢している,"Homi, boasting in a low tone.",in,50.0,1.0,0.0,4.0,0.0,homie lowkey <mask> <mask> <mask>,▁ flex in,3.0,5.978290753889998e-11,23.54030132293701,7.846767107645671,s for </s>,0.0016042978669879,17.10523223876953,5.701744079589844,2.0,2.0,0.0,2.0,0.0,1.0
67,"Dude, you ghosted again",Dude,dude,is_single_word,1,0,,1,5.326604843139648,1,1.0,0.0,dude; ghosted,genz-alpha-slangs,slang,"Hombre, me volviste a fantasma de nuevo.","Man, you've turned me into a ghost again.",you've,40.0,1.0,0.0,أنت مجنون، أنت فجعتني مرة أخرى.,"You are crazy, you've shocked me again.",you've,40.0,1.0,0.0,兄弟，你又是“幽灵”了。,"Brother, you're a ""ghost"" again.",you're,40.0,1.0,0.0,あなた、また消えたね。,You're gone again.,you're,40.0,1.0,0.0,4.0,0.0,<mask> <mask> you ghosted again,▁du de,2.0,1.8617962603930229e-07,15.496553897857666,7.748276948928833,I get,0.0078806553558982,10.653209686279297,5.326604843139648,0.0,0.0,0.0,3.0,0.0,1.0
67,"Dude, you ghosted again",you,you,is_single_word,0,1,,0,0.0,0,0.75,0.0,dude; ghosted,genz-alpha-slangs,slang,"Hombre, me volviste a fantasma de nuevo.","Man, you've turned me into a ghost again.",you've,66.66666666666667,1.0,0.0,أنت مجنون، أنت فجعتني مرة أخرى.,"You are crazy, you've shocked me again.",you,100.0,0.0,0.0,兄弟，你又是“幽灵”了。,"Brother, you're a ""ghost"" again.",you're,66.66666666666667,1.0,0.0,あなた、また消えたね。,You're gone again.,you're,66.66666666666667,1.0,0.0,3.0,1.0,,,,,,,,,,,,,,,,
67,"Dude, you ghosted again",ghosted,ghosted,is_single_word,1,2,,1,9.357069075107574,1,1.0,0.0,dude; ghosted,genz-alpha-slangs,slang,"Hombre, me volviste a fantasma de nuevo.","Man, you've turned me into a ghost again.",ghost,83.33333333333334,1.0,0.0,أنت مجنون، أنت فجعتني مرة أخرى.,"You are crazy, you've shocked me again.",shocked,57.14285714285714,1.0,0.0,兄弟，你又是“幽灵”了。,"Brother, you're a ""ghost"" again.",ghost,83.33333333333334,1.0,0.0,あなた、また消えたね。,You're gone again.,gone,54.54545454545454,1.0,0.0,4.0,0.0,dude you <mask> <mask> again,▁gho sted,2.0,1.6591040342780432e-10,22.51957321166992,11.25978660583496,love me,0.0222495151536439,18.71413815021515,9.357069075107574,2.0,2.0,0.0,3.0,0.0,1.0
67,"Dude, you ghosted again",again,again,is_single_word,0,3,,0,0.0,0,0.0,0.0,dude; ghosted,genz-alpha-slangs,slang,"Hombre, me volviste a fantasma de nuevo.","Man, you've turned me into a ghost again.",again,100.0,0.0,0.0,أنت مجنون، أنت فجعتني مرة أخرى.,"You are crazy, you've shocked me again.",again,100.0,0.0,0.0,兄弟，你又是“幽灵”了。,"Brother, you're a ""ghost"" again.",again,100.0,0.0,0.0,あなた、また消えたね。,You're gone again.,again,100.0,0.0,0.0,0.0,4.0,,,,,,,,,,,,,,,,
68,"Sis, skibidi outta here, sigma style",Sis,sis,is_single_word,1,0,,1,2.399221420288086,1,1.0,0.0,sis,genz-alpha-slangs,slang,"Sí, skibidi, vámonos de aquí, estilo sigma.","Yes, skibidi, let's go from here, sigma style.",sigma,50.0,1.0,0.0,أختي، اذهب إلى هناك، بطرق سيجيما,"Sister, go there, by car.",sister,66.66666666666667,1.0,0.0,姐姐，跳出这里，西格玛风格,"Sister, jump out of here, in the style of Sigma.",sister,66.66666666666667,1.0,0.0,姉、スキビディはここから出て行って、シグマスタイルで。,"Sister, Skibidi, is leaving from here, in Sigma style.",is,80.0,1.0,0.0,4.0,0.0,<mask> <mask> skibidi outta here sigma style,▁si s,2.0,8.061762959488718e-06,11.728378295898438,5.864189147949219,I a,0.0009780639951834,4.798442840576172,2.399221420288086,0.0,0.0,0.0,5.0,0.0,1.0
68,"Sis, skibidi outta here, sigma style",skibidi,skibidi,is_single_word,0,1,,0,0.0,0,0.75,0.0,sis,genz-alpha-slangs,slang,"Sí, skibidi, vámonos de aquí, estilo sigma.","Yes, skibidi, let's go from here, sigma style.",skibidi,100.0,1.0,1.0,أختي، اذهب إلى هناك، بطرق سيجيما,"Sister, go there, by car.",sister,30.76923076923077,1.0,0.0,姐姐，跳出这里，西格玛风格,"Sister, jump out of here, in the style of Sigma.",sigma,33.333333333333336,1.0,0.0,姉、スキビディはここから出て行って、シグマスタイルで。,"Sister, Skibidi, is leaving from here, in Sigma style.",skibidi,100.0,0.0,0.0,3.0,1.0,,,,,,,,,,,,,,,,
68,"Sis, skibidi outta here, sigma style",outta,outta,is_single_word,0,2,,1,5.690712094306946,1,1.0,0.0,sis,genz-alpha-slangs,slang,"Sí, skibidi, vámonos de aquí, estilo sigma.","Yes, skibidi, let's go from here, sigma style.",go,28.57142857142857,1.0,0.0,أختي، اذهب إلى هناك، بطرق سيجيما,"Sister, go there, by car.",go,28.57142857142857,1.0,0.0,姐姐，跳出这里，西格玛风格,"Sister, jump out of here, in the style of Sigma.",out,75.0,1.0,0.0,姉、スキビディはここから出て行って、シグマスタイルで。,"Sister, Skibidi, is leaving from here, in Sigma style.",from,22.22222222222222,1.0,0.0,4.0,0.0,sis skibidi <mask> <mask> here sigma style,▁out ta,2.0,4.793217200847618e-08,16.85347890853882,8.42673945426941,. on,0.0042025881389337,11.381424188613892,5.690712094306946,2.0,2.0,0.0,5.0,0.0,1.0
68,"Sis, skibidi outta here, sigma style",here,here,is_single_word,0,3,,0,0.0,0,0.25,0.0,sis,genz-alpha-slangs,slang,"Sí, skibidi, vámonos de aquí, estilo sigma.","Yes, skibidi, let's go from here, sigma style.",here,100.0,0.0,0.0,أختي، اذهب إلى هناك، بطرق سيجيما,"Sister, go there, by car.",there,88.88888888888889,1.0,0.0,姐姐，跳出这里，西格玛风格,"Sister, jump out of here, in the style of Sigma.",here,100.0,0.0,0.0,姉、スキビディはここから出て行って、シグマスタイルで。,"Sister, Skibidi, is leaving from here, in Sigma style.",here,100.0,0.0,0.0,1.0,3.0,,,,,,,,,,,,,,,,
68,"Sis, skibidi outta here, sigma style",sigma,sigma,is_single_word,0,4,,0,0.0,0,0.5,0.0,sis,genz-alpha-slangs,slang,"Sí, skibidi, vámonos de aquí, estilo sigma.","Yes, skibidi, let's go from here, sigma style.",sigma,100.0,1.0,1.0,أختي، اذهب إلى هناك، بطرق سيجيما,"Sister, go there, by car.",sister,36.36363636363637,1.0,0.0,姐姐，跳出这里，西格玛风格,"Sister, jump out of here, in the style of Sigma.",sigma,100.0,0.0,0.0,姉、スキビディはここから出て行って、シグマスタイルで。,"Sister, Skibidi, is leaving from here, in Sigma style.",sigma,100.0,0.0,0.0,2.0,2.0,,,,,,,,,,,,,,,,
68,"Sis, skibidi outta here, sigma style",style,style,is_single_word,0,5,,0,0.0,0,0.25,0.0,sis,genz-alpha-slangs,slang,"Sí, skibidi, vámonos de aquí, estilo sigma.","Yes, skibidi, let's go from here, sigma style.",style,100.0,0.0,0.0,أختي، اذهب إلى هناك، بطرق سيجيما,"Sister, go there, by car.",sister,54.54545454545454,1.0,0.0,姐姐，跳出这里，西格玛风格,"Sister, jump out of here, in the style of Sigma.",style,100.0,0.0,0.0,姉、スキビディはここから出て行って、シグマスタイルで。,"Sister, Skibidi, is leaving from here, in Sigma style.",style,100.0,0.0,0.0,1.0,3.0,,,,,,,,,,,,,,,,
69,"Fam, skibidi outta here, sigma style",Fam,fam,is_single_word,1,0,,0,0.0,0,0.75,1.0,fam,genz-alpha-slangs,slang,"Tío, skibidi fuera de aquí, estilo sigma","Cousin, skibidi get out of here, sigma style",of,40.0,1.0,0.0,أنا، سكبيدي خارج هنا، سايغما ستايل,"I am, Skibidi outside here, Sigma Style.",am,80.0,1.0,0.0,兄弟，斯基比迪滚蛋，西格玛风格,"Brother, Ski Bidi roll away, Sigma style.",away,28.57142857142857,1.0,0.0,ファム、スキビディ アウトタ ヘア、シグマ スタイルです。,"Fam, Skivvy Bidi Outta Hair, Sigma Style.",fam,100.0,0.0,0.0,3.0,1.0,,,,,,,,,,,,,,,,
69,"Fam, skibidi outta here, sigma style",skibidi,skibidi,is_single_word,0,1,,0,0.0,0,0.75,0.0,fam,genz-alpha-slangs,slang,"Tío, skibidi fuera de aquí, estilo sigma","Cousin, skibidi get out of here, sigma style",skibidi,100.0,1.0,1.0,أنا، سكبيدي خارج هنا، سايغما ستايل,"I am, Skibidi outside here, Sigma Style.",skibidi,100.0,0.0,0.0,兄弟，斯基比迪滚蛋，西格玛风格,"Brother, Ski Bidi roll away, Sigma style.",bidi,72.72727272727273,1.0,0.0,ファム、スキビディ アウトタ ヘア、シグマ スタイルです。,"Fam, Skivvy Bidi Outta Hair, Sigma Style.",bidi,72.72727272727273,1.0,0.0,3.0,1.0,,,,,,,,,,,,,,,,
69,"Fam, skibidi outta here, sigma style",outta,outta,is_single_word,0,2,,0,0.0,0,0.75,0.0,fam,genz-alpha-slangs,slang,"Tío, skibidi fuera de aquí, estilo sigma","Cousin, skibidi get out of here, sigma style",out,75.0,1.0,0.0,أنا، سكبيدي خارج هنا، سايغما ستايل,"I am, Skibidi outside here, Sigma Style.",outside,50.0,1.0,0.0,兄弟，斯基比迪滚蛋，西格玛风格,"Brother, Ski Bidi roll away, Sigma style.",brother,33.333333333333336,1.0,0.0,ファム、スキビディ アウトタ ヘア、シグマ スタイルです。,"Fam, Skivvy Bidi Outta Hair, Sigma Style.",outta,100.0,0.0,0.0,3.0,1.0,,,,,,,,,,,,,,,,
69,"Fam, skibidi outta here, sigma style",here,here,is_single_word,0,3,,0,0.0,0,0.5,0.0,fam,genz-alpha-slangs,slang,"Tío, skibidi fuera de aquí, estilo sigma","Cousin, skibidi get out of here, sigma style",here,100.0,0.0,0.0,أنا، سكبيدي خارج هنا، سايغما ستايل,"I am, Skibidi outside here, Sigma Style.",here,100.0,0.0,0.0,兄弟，斯基比迪滚蛋，西格玛风格,"Brother, Ski Bidi roll away, Sigma style.",brother,54.54545454545454,1.0,0.0,ファム、スキビディ アウトタ ヘア、シグマ スタイルです。,"Fam, Skivvy Bidi Outta Hair, Sigma Style.",hair,50.0,1.0,0.0,2.0,2.0,,,,,,,,,,,,,,,,
69,"Fam, skibidi outta here, sigma style",sigma,sigma,is_single_word,0,4,,0,0.0,0,0.25,0.0,fam,genz-alpha-slangs,slang,"Tío, skibidi fuera de aquí, estilo sigma","Cousin, skibidi get out of here, sigma style",sigma,100.0,1.0,1.0,أنا، سكبيدي خارج هنا، سايغما ستايل,"I am, Skibidi outside here, Sigma Style.",sigma,100.0,0.0,0.0,兄弟，斯基比迪滚蛋，西格玛风格,"Brother, Ski Bidi roll away, Sigma style.",sigma,100.0,0.0,0.0,ファム、スキビディ アウトタ ヘア、シグマ スタイルです。,"Fam, Skivvy Bidi Outta Hair, Sigma Style.",sigma,100.0,0.0,0.0,1.0,3.0,,,,,,,,,,,,,,,,
69,"Fam, skibidi outta here, sigma style",style,style,is_single_word,0,5,,0,0.0,0,0.0,0.0,fam,genz-alpha-slangs,slang,"Tío, skibidi fuera de aquí, estilo sigma","Cousin, skibidi get out of here, sigma style",style,100.0,0.0,0.0,أنا، سكبيدي خارج هنا، سايغما ستايل,"I am, Skibidi outside here, Sigma Style.",style,100.0,0.0,0.0,兄弟，斯基比迪滚蛋，西格玛风格,"Brother, Ski Bidi roll away, Sigma style.",style,100.0,0.0,0.0,ファム、スキビディ アウトタ ヘア、シグマ スタイルです。,"Fam, Skivvy Bidi Outta Hair, Sigma Style.",style,100.0,0.0,0.0,0.0,4.0,,,,,,,,,,,,,,,,
70,"Bruh, this vibe is straight mid",Bruh,bruh,is_single_word,1,0,,1,9.199296832084656,1,1.0,0.0,bruh; mid,genz-alpha-slangs,slang,"Hombre, esta onda es completamente mediocre.","Dude, this wave is completely mediocre.",dude,25.0,1.0,0.0,أنا أخاف، هذا المood حقيقي جدا,"I am afraid, this mood is very real.",this,25.0,1.0,0.0,兄弟，这种气氛有点平淡。,"Brother, this atmosphere is a bit dull.",brother,54.54545454545454,1.0,0.0,ブラフ、この気分はまさに中庸だ。,"Brahm, this mood is just moderate.",brahm,66.66666666666667,1.0,0.0,4.0,0.0,<mask> <mask> this vibe is straight mid,▁bru h,2.0,2.907877695203481e-10,21.95842742919922,10.97921371459961,I of,0.0284435526343222,18.39859366416931,9.199296832084656,0.0,0.0,0.0,5.0,0.0,1.0
70,"Bruh, this vibe is straight mid",this,this,is_single_word,0,1,,0,0.0,0,0.0,0.0,bruh; mid,genz-alpha-slangs,slang,"Hombre, esta onda es completamente mediocre.","Dude, this wave is completely mediocre.",this,100.0,0.0,0.0,أنا أخاف، هذا المood حقيقي جدا,"I am afraid, this mood is very real.",this,100.0,0.0,0.0,兄弟，这种气氛有点平淡。,"Brother, this atmosphere is a bit dull.",this,100.0,0.0,0.0,ブラフ、この気分はまさに中庸だ。,"Brahm, this mood is just moderate.",this,100.0,0.0,0.0,0.0,4.0,,,,,,,,,,,,,,,,
70,"Bruh, this vibe is straight mid",vibe,vibe,is_single_word,0,2,,1,7.075742840766907,1,1.0,0.0,bruh; mid,genz-alpha-slangs,slang,"Hombre, esta onda es completamente mediocre.","Dude, this wave is completely mediocre.",wave,50.0,1.0,0.0,أنا أخاف، هذا المood حقيقي جدا,"I am afraid, this mood is very real.",very,50.0,1.0,0.0,兄弟，这种气氛有点平淡。,"Brother, this atmosphere is a bit dull.",brother,36.36363636363637,1.0,0.0,ブラフ、この気分はまさに中庸だ。,"Brahm, this mood is just moderate.",is,33.333333333333336,1.0,0.0,4.0,0.0,bruh this <mask> <mask> is straight mid,▁vi be,2.0,9.482690071114436e-09,18.47379779815674,9.23689889907837,is it,0.0132691681830522,14.151485681533812,7.075742840766907,2.0,2.0,0.0,5.0,0.0,1.0
70,"Bruh, this vibe is straight mid",is,is,is_single_word,0,3,,0,0.0,0,0.0,0.0,bruh; mid,genz-alpha-slangs,slang,"Hombre, esta onda es completamente mediocre.","Dude, this wave is completely mediocre.",is,100.0,0.0,0.0,أنا أخاف، هذا المood حقيقي جدا,"I am afraid, this mood is very real.",is,100.0,0.0,0.0,兄弟，这种气氛有点平淡。,"Brother, this atmosphere is a bit dull.",is,100.0,0.0,0.0,ブラフ、この気分はまさに中庸だ。,"Brahm, this mood is just moderate.",is,100.0,0.0,0.0,0.0,4.0,,,,,,,,,,,,,,,,
70,"Bruh, this vibe is straight mid",straight,straight,is_single_word,0,4,,1,7.784607410430908,1,1.0,0.0,bruh; mid,genz-alpha-slangs,slang,"Hombre, esta onda es completamente mediocre.","Dude, this wave is completely mediocre.",this,33.333333333333336,1.0,0.0,أنا أخاف، هذا المood حقيقي جدا,"I am afraid, this mood is very real.",afraid,42.85714285714286,1.0,0.0,兄弟，这种气氛有点平淡。,"Brother, this atmosphere is a bit dull.",bit,36.36363636363637,1.0,0.0,ブラフ、この気分はまさに中庸だ。,"Brahm, this mood is just moderate.",brahm,46.15384615384615,1.0,0.0,4.0,0.0,bruh this vibe is <mask> mid,▁straight,1.0,9.26870692240516e-05,9.28628158569336,9.28628158569336,from,0.2227569136811835,7.784607410430908,7.784607410430908,4.0,4.0,0.0,5.0,0.0,1.0
70,"Bruh, this vibe is straight mid",mid,mid,is_single_word,1,5,,1,12.706436157226562,1,1.0,0.0,bruh; mid,genz-alpha-slangs,slang,"Hombre, esta onda es completamente mediocre.","Dude, this wave is completely mediocre.",is,40.0,1.0,0.0,أنا أخاف، هذا المood حقيقي جدا,"I am afraid, this mood is very real.",mood,57.14285714285714,1.0,0.0,兄弟，这种气氛有点平淡。,"Brother, this atmosphere is a bit dull.",is,40.0,1.0,0.0,ブラフ、この気分はまさに中庸だ。,"Brahm, this mood is just moderate.",mood,57.14285714285714,1.0,0.0,4.0,0.0,bruh this vibe is straight <mask>,▁mid,1.0,6.205878118875004e-07,14.292598724365234,14.292598724365234,up,0.2047096659935808,12.706436157226562,12.706436157226562,5.0,5.0,0.0,5.0,0.0,1.0
71,"Dude, pull up or stay sus",Dude,dude,is_single_word,1,0,,1,6.976551055908203,1,1.0,0.0,dude; sus,genz-alpha-slangs,slang,"Hombre, acércate o quédate así.","Man, come closer or stay like that.",come,25.0,1.0,0.0,أيها الإخوة، قم بالتوقف أو بقي مشكوكًا في أمرك.,"Dear brothers, either stop or remain questionable about your matter.",dear,50.0,1.0,0.0,兄弟，快点上来或者就一直保持疑虑,"Brother, hurry up and come on or just keep being uncertain all the time.",up,33.333333333333336,1.0,0.0,ダメ、上がってこいよ、または疑問のままだ。,"It's no good, come up or remain uncertain.",up,33.333333333333336,1.0,0.0,4.0,0.0,<mask> <mask> pull up or stay sus,▁du de,2.0,1.8866496092920786e-08,17.78587818145752,8.89293909072876,How to,0.0216494318008794,13.953102111816406,6.976551055908203,0.0,0.0,0.0,5.0,0.0,1.0
71,"Dude, pull up or stay sus",pull,pull,is_single_word,0,1,,1,4.503177762031555,1,1.0,0.0,dude; sus,genz-alpha-slangs,slang,"Hombre, acércate o quédate así.","Man, come closer or stay like that.",like,25.0,1.0,0.0,أيها الإخوة، قم بالتوقف أو بقي مشكوكًا في أمرك.,"Dear brothers, either stop or remain questionable about your matter.",stop,25.0,1.0,0.0,兄弟，快点上来或者就一直保持疑虑,"Brother, hurry up and come on or just keep being uncertain all the time.",all,57.14285714285714,1.0,0.0,ダメ、上がってこいよ、または疑問のままだ。,"It's no good, come up or remain uncertain.",up,33.333333333333336,1.0,0.0,4.0,0.0,dude <mask> up or stay sus,▁pull,1.0,0.0032151047384072,5.739895343780518,5.739895343780518,stay,0.2903356586364746,4.503177762031555,4.503177762031555,1.0,1.0,0.0,5.0,0.0,1.0
71,"Dude, pull up or stay sus",up,up,is_single_word,0,2,,0,0.0,0,0.5,0.0,dude; sus,genz-alpha-slangs,slang,"Hombre, acércate o quédate así.","Man, come closer or stay like that.",man,0.0,1.0,0.0,أيها الإخوة، قم بالتوقف أو بقي مشكوكًا في أمرك.,"Dear brothers, either stop or remain questionable about your matter.",stop,33.333333333333336,1.0,0.0,兄弟，快点上来或者就一直保持疑虑,"Brother, hurry up and come on or just keep being uncertain all the time.",up,100.0,0.0,0.0,ダメ、上がってこいよ、または疑問のままだ。,"It's no good, come up or remain uncertain.",up,100.0,0.0,0.0,2.0,2.0,,,,,,,,,,,,,,,,
71,"Dude, pull up or stay sus",or,or,is_single_word,0,3,,0,0.0,0,0.0,0.0,dude; sus,genz-alpha-slangs,slang,"Hombre, acércate o quédate así.","Man, come closer or stay like that.",or,100.0,0.0,0.0,أيها الإخوة، قم بالتوقف أو بقي مشكوكًا في أمرك.,"Dear brothers, either stop or remain questionable about your matter.",or,100.0,0.0,0.0,兄弟，快点上来或者就一直保持疑虑,"Brother, hurry up and come on or just keep being uncertain all the time.",or,100.0,0.0,0.0,ダメ、上がってこいよ、または疑問のままだ。,"It's no good, come up or remain uncertain.",or,100.0,0.0,0.0,0.0,4.0,,,,,,,,,,,,,,,,
71,"Dude, pull up or stay sus",stay,stay,is_single_word,0,4,,0,0.0,0,0.75,0.0,dude; sus,genz-alpha-slangs,slang,"Hombre, acércate o quédate así.","Man, come closer or stay like that.",stay,100.0,0.0,0.0,أيها الإخوة، قم بالتوقف أو بقي مشكوكًا في أمرك.,"Dear brothers, either stop or remain questionable about your matter.",stop,50.0,1.0,0.0,兄弟，快点上来或者就一直保持疑虑,"Brother, hurry up and come on or just keep being uncertain all the time.",just,50.0,1.0,0.0,ダメ、上がってこいよ、または疑問のままだ。,"It's no good, come up or remain uncertain.",uncertain,30.76923076923077,1.0,0.0,3.0,1.0,,,,,,,,,,,,,,,,
71,"Dude, pull up or stay sus",sus,sus,is_single_word,1,5,,1,14.365546762943268,1,1.0,0.0,dude; sus,genz-alpha-slangs,slang,"Hombre, acércate o quédate así.","Man, come closer or stay like that.",stay,28.57142857142857,1.0,0.0,أيها الإخوة، قم بالتوقف أو بقي مشكوكًا في أمرك.,"Dear brothers, either stop or remain questionable about your matter.",stop,28.57142857142857,1.0,0.0,兄弟，快点上来或者就一直保持疑虑,"Brother, hurry up and come on or just keep being uncertain all the time.",just,57.14285714285714,1.0,0.0,ダメ、上がってこいよ、または疑問のままだ。,"It's no good, come up or remain uncertain.",up,40.0,1.0,0.0,4.0,0.0,dude pull up or stay <mask>,▁sus,1.0,3.780834920213433e-07,14.788150787353516,14.788150787353516,up,0.6553380796237396,14.365546762943268,14.365546762943268,5.0,5.0,0.0,5.0,0.0,1.0
72,"Mate, touch some grass",Mate,mate,is_single_word,1,0,,1,11.180809497833252,1,1.0,0.0,mate,genz-alpha-slangs,slang,"Amigo, toca un poco de hierba.","Friend, take a little bit of grass.",take,50.0,1.0,0.0,أيها الإخوة، اذهبوا إلى الميدان,"O brothers, go to the square.",the,57.14285714285714,1.0,0.0,朋友，多去看看草坪。,"Friends, go take a look at the lawn more often.",at,66.66666666666667,1.0,0.0,お兄さん、芝生に触ってみて。,"Big brother, try touching the grass.",the,57.14285714285714,1.0,0.0,4.0,0.0,<mask> touch some grass,▁mate,1.0,1.0923548721793466e-06,13.727174758911133,13.727174758911133,I,0.0783659888783621,11.180809497833252,11.180809497833252,0.0,0.0,0.0,3.0,0.0,1.0
72,"Mate, touch some grass",touch,touch,is_single_word,0,1,,1,9.397578835487366,1,1.0,0.0,mate,genz-alpha-slangs,slang,"Amigo, toca un poco de hierba.","Friend, take a little bit of grass.",of,28.57142857142857,1.0,0.0,أيها الإخوة، اذهبوا إلى الميدان,"O brothers, go to the square.",to,57.14285714285714,1.0,0.0,朋友，多去看看草坪。,"Friends, go take a look at the lawn more often.",the,50.0,1.0,0.0,お兄さん、芝生に触ってみて。,"Big brother, try touching the grass.",touching,76.92307692307692,1.0,0.0,4.0,0.0,mate <mask> some grass,▁touch,1.0,1.2795017806778686e-05,11.266454696655272,11.266454696655272,s,0.1542970156269424,9.397578835487366,9.397578835487366,1.0,1.0,0.0,3.0,0.0,1.0
72,"Mate, touch some grass",some,some,is_single_word,0,2,,1,6.020965576171875,1,1.0,0.0,mate,genz-alpha-slangs,slang,"Amigo, toca un poco de hierba.","Friend, take a little bit of grass.",of,33.333333333333336,1.0,0.0,أيها الإخوة، اذهبوا إلى الميدان,"O brothers, go to the square.",o,40.0,1.0,0.0,朋友，多去看看草坪。,"Friends, go take a look at the lawn more often.",more,50.0,1.0,0.0,お兄さん、芝生に触ってみて。,"Big brother, try touching the grass.",brother,36.36363636363637,1.0,0.0,4.0,0.0,mate touch <mask> grass,▁some,1.0,0.0002417332241556,8.327675819396973,8.327675819396973,apple,0.0995883346513697,6.020965576171875,6.020965576171875,2.0,2.0,0.0,3.0,0.0,1.0
72,"Mate, touch some grass",grass,grass,is_single_word,0,3,,0,0.0,0,0.5,0.0,mate,genz-alpha-slangs,slang,"Amigo, toca un poco de hierba.","Friend, take a little bit of grass.",grass,100.0,0.0,0.0,أيها الإخوة، اذهبوا إلى الميدان,"O brothers, go to the square.",brothers,30.76923076923077,1.0,0.0,朋友，多去看看草坪。,"Friends, go take a look at the lawn more often.",friends,33.333333333333336,1.0,0.0,お兄さん、芝生に触ってみて。,"Big brother, try touching the grass.",grass,100.0,0.0,0.0,2.0,2.0,,,,,,,,,,,,,,,,
73,"Homie, you ghosted again",Homie,homie,is_single_word,1,0,,1,10.353723287582396,1,1.0,1.0,ghosted; homie,genz-alpha-slangs,slang,"Amigo, volviste a fantasear.","Friend, you're fantasizing again.",friend,36.36363636363637,1.0,0.0,أيها الإخوة، أنت مجنن مرة أخرى.,"Oh brothers, you are crazy again.",brothers,30.76923076923077,1.0,0.0,好兄弟，你又幽灵了。,"Good brother, you're at it again.",you're,36.36363636363637,1.0,0.0,ホミー、またまた幽霊になったよ。,"Homi, I've become a ghost again.",homi,88.88888888888889,1.0,0.0,4.0,0.0,<mask> <mask> you ghosted again,▁hom ie,2.0,8.006312789441793e-12,25.550790786743164,12.775395393371582,I get,0.0078806553558982,20.707446575164795,10.353723287582396,0.0,0.0,0.0,3.0,0.0,1.0
73,"Homie, you ghosted again",you,you,is_single_word,0,1,,0,0.0,0,0.75,0.0,ghosted; homie,genz-alpha-slangs,slang,"Amigo, volviste a fantasear.","Friend, you're fantasizing again.",you're,66.66666666666667,1.0,0.0,أيها الإخوة، أنت مجنن مرة أخرى.,"Oh brothers, you are crazy again.",you,100.0,0.0,0.0,好兄弟，你又幽灵了。,"Good brother, you're at it again.",you're,66.66666666666667,1.0,0.0,ホミー、またまた幽霊になったよ。,"Homi, I've become a ghost again.",homi,28.57142857142857,1.0,0.0,3.0,1.0,,,,,,,,,,,,,,,,
73,"Homie, you ghosted again",ghosted,ghosted,is_single_word,1,2,,1,12.19376802444458,1,1.0,0.0,ghosted; homie,genz-alpha-slangs,slang,"Amigo, volviste a fantasear.","Friend, you're fantasizing again.",friend,30.76923076923077,1.0,0.0,أيها الإخوة، أنت مجنن مرة أخرى.,"Oh brothers, you are crazy again.",brothers,40.0,1.0,0.0,好兄弟，你又幽灵了。,"Good brother, you're at it again.",good,54.54545454545454,1.0,0.0,ホミー、またまた幽霊になったよ。,"Homi, I've become a ghost again.",ghost,83.33333333333334,1.0,0.0,4.0,0.0,homie you <mask> <mask> again,▁gho sted,2.0,2.0504419215222946e-12,26.912965774536133,13.456482887268066,love me,0.0800239170673534,24.38753604888916,12.19376802444458,2.0,2.0,0.0,3.0,0.0,1.0
73,"Homie, you ghosted again",again,again,is_single_word,0,3,,0,0.0,0,0.0,0.0,ghosted; homie,genz-alpha-slangs,slang,"Amigo, volviste a fantasear.","Friend, you're fantasizing again.",again,100.0,0.0,0.0,أيها الإخوة، أنت مجنن مرة أخرى.,"Oh brothers, you are crazy again.",again,100.0,0.0,0.0,好兄弟，你又幽灵了。,"Good brother, you're at it again.",again,100.0,0.0,0.0,ホミー、またまた幽霊になったよ。,"Homi, I've become a ghost again.",again,100.0,0.0,0.0,0.0,4.0,,,,,,,,,,,,,,,,
74,"Homie, IRL you fold faster than a Walmart chair",Homie,homie,is_single_word,1,0,,1,9.507480382919312,1,1.0,1.0,fold; homie; irl,genz-alpha-slangs,slang,"Hombre, en la vida real, tú plegas más rápido que una silla de Walmart.","Listen, in real life, you fold up faster than a Walmart chair.",life,44.44444444444444,1.0,0.0,أخي، في الواقع، أنت ت折 بشكل أسرع من كرسي وولمارت.,"Brother, in fact, you fold faster than a Walmart chair.",chair,40.0,1.0,0.0,好兄弟，你在现实生活中折叠得比沃尔玛椅子还快。,"Good brother, you fold up in real life faster than a Walmart chair.",life,44.44444444444444,1.0,0.0,ホミー、IRLあなたはワルマートの椅子より速く折れる。,"Homi, IRL you are faster than folding a Walmart chair.",homi,88.88888888888889,1.0,0.0,4.0,0.0,<mask> <mask> irl you fold faster than a walmart chair,▁hom ie,2.0,6.0862162538629e-11,23.522409439086918,11.761204719543455,Why can,0.0110265566679063,19.014960765838623,9.507480382919312,0.0,0.0,0.0,8.0,0.0,1.0
74,"Homie, IRL you fold faster than a Walmart chair",IRL,irl,is_single_word,1,1,,0,0.0,0,0.75,1.0,fold; homie; irl,genz-alpha-slangs,slang,"Hombre, en la vida real, tú plegas más rápido que una silla de Walmart.","Listen, in real life, you fold up faster than a Walmart chair.",real,57.14285714285714,1.0,0.0,أخي، في الواقع، أنت ت折 بشكل أسرع من كرسي وولمارت.,"Brother, in fact, you fold faster than a Walmart chair.",chair,50.0,1.0,0.0,好兄弟，你在现实生活中折叠得比沃尔玛椅子还快。,"Good brother, you fold up in real life faster than a Walmart chair.",real,57.14285714285714,1.0,0.0,ホミー、IRLあなたはワルマートの椅子より速く折れる。,"Homi, IRL you are faster than folding a Walmart chair.",irl,100.0,0.0,0.0,3.0,1.0,,,,,,,,,,,,,,,,
74,"Homie, IRL you fold faster than a Walmart chair",you,you,is_single_word,0,2,,0,0.0,0,0.0,0.0,fold; homie; irl,genz-alpha-slangs,slang,"Hombre, en la vida real, tú plegas más rápido que una silla de Walmart.","Listen, in real life, you fold up faster than a Walmart chair.",you,100.0,0.0,0.0,أخي، في الواقع، أنت ت折 بشكل أسرع من كرسي وولمارت.,"Brother, in fact, you fold faster than a Walmart chair.",you,100.0,0.0,0.0,好兄弟，你在现实生活中折叠得比沃尔玛椅子还快。,"Good brother, you fold up in real life faster than a Walmart chair.",you,100.0,0.0,0.0,ホミー、IRLあなたはワルマートの椅子より速く折れる。,"Homi, IRL you are faster than folding a Walmart chair.",you,100.0,0.0,0.0,0.0,4.0,,,,,,,,,,,,,,,,
74,"Homie, IRL you fold faster than a Walmart chair",fold,fold,is_single_word,1,3,,0,0.0,0,0.25,0.0,fold; homie; irl,genz-alpha-slangs,slang,"Hombre, en la vida real, tú plegas más rápido que una silla de Walmart.","Listen, in real life, you fold up faster than a Walmart chair.",fold,100.0,0.0,0.0,أخي، في الواقع، أنت ت折 بشكل أسرع من كرسي وولمارت.,"Brother, in fact, you fold faster than a Walmart chair.",fold,100.0,0.0,0.0,好兄弟，你在现实生活中折叠得比沃尔玛椅子还快。,"Good brother, you fold up in real life faster than a Walmart chair.",fold,100.0,0.0,0.0,ホミー、IRLあなたはワルマートの椅子より速く折れる。,"Homi, IRL you are faster than folding a Walmart chair.",folding,72.72727272727273,1.0,0.0,1.0,3.0,,,,,,,,,,,,,,,,
74,"Homie, IRL you fold faster than a Walmart chair",faster,faster,is_single_word,0,4,,0,0.0,0,0.0,0.0,fold; homie; irl,genz-alpha-slangs,slang,"Hombre, en la vida real, tú plegas más rápido que una silla de Walmart.","Listen, in real life, you fold up faster than a Walmart chair.",faster,100.0,0.0,0.0,أخي، في الواقع، أنت ت折 بشكل أسرع من كرسي وولمارت.,"Brother, in fact, you fold faster than a Walmart chair.",faster,100.0,0.0,0.0,好兄弟，你在现实生活中折叠得比沃尔玛椅子还快。,"Good brother, you fold up in real life faster than a Walmart chair.",faster,100.0,0.0,0.0,ホミー、IRLあなたはワルマートの椅子より速く折れる。,"Homi, IRL you are faster than folding a Walmart chair.",faster,100.0,0.0,0.0,0.0,4.0,,,,,,,,,,,,,,,,
74,"Homie, IRL you fold faster than a Walmart chair",than,than,is_single_word,0,5,,0,0.0,0,0.0,0.0,fold; homie; irl,genz-alpha-slangs,slang,"Hombre, en la vida real, tú plegas más rápido que una silla de Walmart.","Listen, in real life, you fold up faster than a Walmart chair.",than,100.0,0.0,0.0,أخي، في الواقع، أنت ت折 بشكل أسرع من كرسي وولمارت.,"Brother, in fact, you fold faster than a Walmart chair.",than,100.0,0.0,0.0,好兄弟，你在现实生活中折叠得比沃尔玛椅子还快。,"Good brother, you fold up in real life faster than a Walmart chair.",than,100.0,0.0,0.0,ホミー、IRLあなたはワルマートの椅子より速く折れる。,"Homi, IRL you are faster than folding a Walmart chair.",than,100.0,0.0,0.0,0.0,4.0,,,,,,,,,,,,,,,,
74,"Homie, IRL you fold faster than a Walmart chair",a,a,is_single_word,0,6,,0,0.0,0,0.0,0.0,fold; homie; irl,genz-alpha-slangs,slang,"Hombre, en la vida real, tú plegas más rápido que una silla de Walmart.","Listen, in real life, you fold up faster than a Walmart chair.",a,100.0,0.0,0.0,أخي، في الواقع، أنت ت折 بشكل أسرع من كرسي وولمارت.,"Brother, in fact, you fold faster than a Walmart chair.",a,100.0,0.0,0.0,好兄弟，你在现实生活中折叠得比沃尔玛椅子还快。,"Good brother, you fold up in real life faster than a Walmart chair.",a,100.0,0.0,0.0,ホミー、IRLあなたはワルマートの椅子より速く折れる。,"Homi, IRL you are faster than folding a Walmart chair.",a,100.0,0.0,0.0,0.0,4.0,,,,,,,,,,,,,,,,
74,"Homie, IRL you fold faster than a Walmart chair",Walmart,walmart,is_single_word,0,7,,0,0.0,0,0.0,1.0,fold; homie; irl,genz-alpha-slangs,slang,"Hombre, en la vida real, tú plegas más rápido que una silla de Walmart.","Listen, in real life, you fold up faster than a Walmart chair.",walmart,100.0,0.0,1.0,أخي، في الواقع، أنت ت折 بشكل أسرع من كرسي وولمارت.,"Brother, in fact, you fold faster than a Walmart chair.",walmart,100.0,0.0,0.0,好兄弟，你在现实生活中折叠得比沃尔玛椅子还快。,"Good brother, you fold up in real life faster than a Walmart chair.",walmart,100.0,0.0,0.0,ホミー、IRLあなたはワルマートの椅子より速く折れる。,"Homi, IRL you are faster than folding a Walmart chair.",walmart,100.0,0.0,0.0,0.0,4.0,,,,,,,,,,,,,,,,
74,"Homie, IRL you fold faster than a Walmart chair",chair,chair,is_single_word,0,8,,0,0.0,0,0.0,0.0,fold; homie; irl,genz-alpha-slangs,slang,"Hombre, en la vida real, tú plegas más rápido que una silla de Walmart.","Listen, in real life, you fold up faster than a Walmart chair.",chair,100.0,0.0,0.0,أخي، في الواقع، أنت ت折 بشكل أسرع من كرسي وولمارت.,"Brother, in fact, you fold faster than a Walmart chair.",chair,100.0,0.0,0.0,好兄弟，你在现实生活中折叠得比沃尔玛椅子还快。,"Good brother, you fold up in real life faster than a Walmart chair.",chair,100.0,0.0,0.0,ホミー、IRLあなたはワルマートの椅子より速く折れる。,"Homi, IRL you are faster than folding a Walmart chair.",chair,100.0,0.0,0.0,0.0,4.0,,,,,,,,,,,,,,,,
75,"Sis, touch some grass",Sis,sis,is_single_word,1,0,,1,5.507188975811005,1,1.0,0.0,sis,genz-alpha-slangs,slang,"Sí, toca algo verde.","Yes, play something green.",yes,33.333333333333336,1.0,0.0,أختي، اتصببع بعض الأعشاب.,"My sister, I am picking some herbs.",sister,66.66666666666667,1.0,0.0,姐姐，多去看看外面。,"Sister, go out and take a look more often.",sister,66.66666666666667,1.0,0.0,お姉さん、外に出てみて。,"Big sister, go outside and see.",sister,66.66666666666667,1.0,0.0,4.0,0.0,<mask> <mask> touch some grass,▁si s,2.0,5.318112847126894e-07,14.446977138519289,7.2234885692596436,Let to,0.0323028703654879,11.01437795162201,5.507188975811005,0.0,0.0,0.0,3.0,0.0,1.0
75,"Sis, touch some grass",touch,touch,is_single_word,0,1,,1,9.486740350723268,1,1.0,0.0,sis,genz-alpha-slangs,slang,"Sí, toca algo verde.","Yes, play something green.",something,28.57142857142857,1.0,0.0,أختي، اتصببع بعض الأعشاب.,"My sister, I am picking some herbs.",some,22.22222222222222,1.0,0.0,姐姐，多去看看外面。,"Sister, go out and take a look more often.",out,50.0,1.0,0.0,お姉さん、外に出てみて。,"Big sister, go outside and see.",outside,33.333333333333336,1.0,0.0,4.0,0.0,sis <mask> some grass,▁touch,1.0,7.243974776908058e-06,11.83534049987793,11.83534049987793,s,0.0955027583033783,9.486740350723268,9.486740350723268,1.0,1.0,0.0,3.0,0.0,1.0
75,"Sis, touch some grass",some,some,is_single_word,0,2,,0,0.0,0,0.75,0.0,sis,genz-alpha-slangs,slang,"Sí, toca algo verde.","Yes, play something green.",something,61.53846153846154,1.0,0.0,أختي، اتصببع بعض الأعشاب.,"My sister, I am picking some herbs.",some,100.0,0.0,0.0,姐姐，多去看看外面。,"Sister, go out and take a look more often.",more,50.0,1.0,0.0,お姉さん、外に出てみて。,"Big sister, go outside and see.",see,57.14285714285714,1.0,0.0,3.0,1.0,,,,,,,,,,,,,,,,
75,"Sis, touch some grass",grass,grass,is_single_word,0,3,,1,4.540517866611481,1,1.0,0.0,sis,genz-alpha-slangs,slang,"Sí, toca algo verde.","Yes, play something green.",green,40.0,1.0,0.0,أختي، اتصببع بعض الأعشاب.,"My sister, I am picking some herbs.",herbs,40.0,1.0,0.0,姐姐，多去看看外面。,"Sister, go out and take a look more often.",sister,36.36363636363637,1.0,0.0,お姉さん、外に出てみて。,"Big sister, go outside and see.",sister,36.36363636363637,1.0,0.0,4.0,0.0,sis touch some <mask> <mask>,▁gras s,2.0,3.796510713475467e-06,12.481428146362305,6.240714073181152,of .,0.0333601764198974,9.08103573322296,4.540517866611481,3.0,3.0,0.0,3.0,0.0,1.0
76,"Yo, IRL you fold faster than a Walmart chair",Yo,yo,is_single_word,1,0,,1,8.263442993164062,1,1.0,0.0,fold; irl; yo,genz-alpha-slangs,slang,"Yo, en la vida real tú plegas más rápido que una silla de Walmart.","You, in real life, you fold faster than a Walmart chair.",you,80.0,1.0,0.0,يا رجل، في الواقع، أنت ت折 بشكل أسرع من كرسي وولمارت.,"Hey man, actually, you fold faster than a Walmart chair.",you,80.0,1.0,0.0,嘿，现实中你折叠得比沃尔玛椅子还快。,"Hey, you fold faster than a Walmart chair in real life.",you,80.0,1.0,0.0,よ、IRLあなたはワルマートの椅子より速く折れる,"Oh, IRL you fold faster than a Walmart chair.",you,80.0,1.0,0.0,4.0,0.0,<mask> irl you fold faster than a walmart chair,▁yo,1.0,2.187088387627375e-05,10.730354309082031,10.730354309082031,Why,0.0848465187933417,8.263442993164062,8.263442993164062,0.0,0.0,0.0,8.0,0.0,1.0
76,"Yo, IRL you fold faster than a Walmart chair",IRL,irl,is_single_word,1,1,,0,0.0,0,0.75,1.0,fold; irl; yo,genz-alpha-slangs,slang,"Yo, en la vida real tú plegas más rápido que una silla de Walmart.","You, in real life, you fold faster than a Walmart chair.",real,57.14285714285714,1.0,0.0,يا رجل، في الواقع، أنت ت折 بشكل أسرع من كرسي وولمارت.,"Hey man, actually, you fold faster than a Walmart chair.",chair,50.0,1.0,0.0,嘿，现实中你折叠得比沃尔玛椅子还快。,"Hey, you fold faster than a Walmart chair in real life.",real,57.14285714285714,1.0,0.0,よ、IRLあなたはワルマートの椅子より速く折れる,"Oh, IRL you fold faster than a Walmart chair.",irl,100.0,0.0,0.0,3.0,1.0,,,,,,,,,,,,,,,,
76,"Yo, IRL you fold faster than a Walmart chair",you,you,is_single_word,0,2,,0,0.0,0,0.0,0.0,fold; irl; yo,genz-alpha-slangs,slang,"Yo, en la vida real tú plegas más rápido que una silla de Walmart.","You, in real life, you fold faster than a Walmart chair.",you,100.0,0.0,0.0,يا رجل، في الواقع، أنت ت折 بشكل أسرع من كرسي وولمارت.,"Hey man, actually, you fold faster than a Walmart chair.",you,100.0,0.0,0.0,嘿，现实中你折叠得比沃尔玛椅子还快。,"Hey, you fold faster than a Walmart chair in real life.",you,100.0,0.0,0.0,よ、IRLあなたはワルマートの椅子より速く折れる,"Oh, IRL you fold faster than a Walmart chair.",you,100.0,0.0,0.0,0.0,4.0,,,,,,,,,,,,,,,,
76,"Yo, IRL you fold faster than a Walmart chair",fold,fold,is_single_word,1,3,,0,0.0,0,0.0,0.0,fold; irl; yo,genz-alpha-slangs,slang,"Yo, en la vida real tú plegas más rápido que una silla de Walmart.","You, in real life, you fold faster than a Walmart chair.",fold,100.0,0.0,0.0,يا رجل، في الواقع، أنت ت折 بشكل أسرع من كرسي وولمارت.,"Hey man, actually, you fold faster than a Walmart chair.",fold,100.0,0.0,0.0,嘿，现实中你折叠得比沃尔玛椅子还快。,"Hey, you fold faster than a Walmart chair in real life.",fold,100.0,0.0,0.0,よ、IRLあなたはワルマートの椅子より速く折れる,"Oh, IRL you fold faster than a Walmart chair.",fold,100.0,0.0,0.0,0.0,4.0,,,,,,,,,,,,,,,,
76,"Yo, IRL you fold faster than a Walmart chair",faster,faster,is_single_word,0,4,,0,0.0,0,0.0,0.0,fold; irl; yo,genz-alpha-slangs,slang,"Yo, en la vida real tú plegas más rápido que una silla de Walmart.","You, in real life, you fold faster than a Walmart chair.",faster,100.0,0.0,0.0,يا رجل، في الواقع، أنت ت折 بشكل أسرع من كرسي وولمارت.,"Hey man, actually, you fold faster than a Walmart chair.",faster,100.0,0.0,0.0,嘿，现实中你折叠得比沃尔玛椅子还快。,"Hey, you fold faster than a Walmart chair in real life.",faster,100.0,0.0,0.0,よ、IRLあなたはワルマートの椅子より速く折れる,"Oh, IRL you fold faster than a Walmart chair.",faster,100.0,0.0,0.0,0.0,4.0,,,,,,,,,,,,,,,,
76,"Yo, IRL you fold faster than a Walmart chair",than,than,is_single_word,0,5,,0,0.0,0,0.0,0.0,fold; irl; yo,genz-alpha-slangs,slang,"Yo, en la vida real tú plegas más rápido que una silla de Walmart.","You, in real life, you fold faster than a Walmart chair.",than,100.0,0.0,0.0,يا رجل، في الواقع، أنت ت折 بشكل أسرع من كرسي وولمارت.,"Hey man, actually, you fold faster than a Walmart chair.",than,100.0,0.0,0.0,嘿，现实中你折叠得比沃尔玛椅子还快。,"Hey, you fold faster than a Walmart chair in real life.",than,100.0,0.0,0.0,よ、IRLあなたはワルマートの椅子より速く折れる,"Oh, IRL you fold faster than a Walmart chair.",than,100.0,0.0,0.0,0.0,4.0,,,,,,,,,,,,,,,,
76,"Yo, IRL you fold faster than a Walmart chair",a,a,is_single_word,0,6,,0,0.0,0,0.0,0.0,fold; irl; yo,genz-alpha-slangs,slang,"Yo, en la vida real tú plegas más rápido que una silla de Walmart.","You, in real life, you fold faster than a Walmart chair.",a,100.0,0.0,0.0,يا رجل، في الواقع، أنت ت折 بشكل أسرع من كرسي وولمارت.,"Hey man, actually, you fold faster than a Walmart chair.",a,100.0,0.0,0.0,嘿，现实中你折叠得比沃尔玛椅子还快。,"Hey, you fold faster than a Walmart chair in real life.",a,100.0,0.0,0.0,よ、IRLあなたはワルマートの椅子より速く折れる,"Oh, IRL you fold faster than a Walmart chair.",a,100.0,0.0,0.0,0.0,4.0,,,,,,,,,,,,,,,,
76,"Yo, IRL you fold faster than a Walmart chair",Walmart,walmart,is_single_word,0,7,,0,0.0,0,0.0,1.0,fold; irl; yo,genz-alpha-slangs,slang,"Yo, en la vida real tú plegas más rápido que una silla de Walmart.","You, in real life, you fold faster than a Walmart chair.",walmart,100.0,0.0,1.0,يا رجل، في الواقع، أنت ت折 بشكل أسرع من كرسي وولمارت.,"Hey man, actually, you fold faster than a Walmart chair.",walmart,100.0,0.0,0.0,嘿，现实中你折叠得比沃尔玛椅子还快。,"Hey, you fold faster than a Walmart chair in real life.",walmart,100.0,0.0,0.0,よ、IRLあなたはワルマートの椅子より速く折れる,"Oh, IRL you fold faster than a Walmart chair.",walmart,100.0,0.0,0.0,0.0,4.0,,,,,,,,,,,,,,,,
76,"Yo, IRL you fold faster than a Walmart chair",chair,chair,is_single_word,0,8,,0,0.0,0,0.0,0.0,fold; irl; yo,genz-alpha-slangs,slang,"Yo, en la vida real tú plegas más rápido que una silla de Walmart.","You, in real life, you fold faster than a Walmart chair.",chair,100.0,0.0,0.0,يا رجل، في الواقع، أنت ت折 بشكل أسرع من كرسي وولمارت.,"Hey man, actually, you fold faster than a Walmart chair.",chair,100.0,0.0,0.0,嘿，现实中你折叠得比沃尔玛椅子还快。,"Hey, you fold faster than a Walmart chair in real life.",chair,100.0,0.0,0.0,よ、IRLあなたはワルマートの椅子より速く折れる,"Oh, IRL you fold faster than a Walmart chair.",chair,100.0,0.0,0.0,0.0,4.0,,,,,,,,,,,,,,,,
77,"Bruh, stop cappin’, lowkey annoyed",Bruh,bruh,is_single_word,1,0,,1,6.857564628124237,1,1.0,0.0,bruh; cappin; lowkey,genz-alpha-slangs,slang,"Hombre, detente con eso, estoy un poco molesto.","Listen, stop that, I'm a bit annoyed.",bit,28.57142857142857,1.0,0.0,أيها الإخوة، توقف عن الكذب، أنا متوتر قليلًا.,"Oh brothers, stop lying, I'm a bit anxious.",brothers,50.0,1.0,0.0,兄弟，别瞎扯了，低调生气,"Brother, stop talking nonsense, be low-key angry.",brother,54.54545454545454,1.0,0.0,ブラフ、止まれ、低調に不満,"Brah, stop, low-key dissatisfied.",brah,75.0,1.0,0.0,4.0,0.0,<mask> <mask> stop cappin' lowkey annoyed,▁bru h,2.0,5.384414545540693e-09,19.039757251739506,9.519878625869753,I to,0.0048701623996592,13.715129256248474,6.857564628124237,0.0,0.0,0.0,4.0,0.0,1.0
77,"Bruh, stop cappin’, lowkey annoyed",stop,stop,is_single_word,0,1,,0,0.0,0,0.0,0.0,bruh; cappin; lowkey,genz-alpha-slangs,slang,"Hombre, detente con eso, estoy un poco molesto.","Listen, stop that, I'm a bit annoyed.",stop,100.0,0.0,0.0,أيها الإخوة، توقف عن الكذب، أنا متوتر قليلًا.,"Oh brothers, stop lying, I'm a bit anxious.",stop,100.0,0.0,0.0,兄弟，别瞎扯了，低调生气,"Brother, stop talking nonsense, be low-key angry.",stop,100.0,0.0,0.0,ブラフ、止まれ、低調に不満,"Brah, stop, low-key dissatisfied.",stop,100.0,0.0,0.0,0.0,4.0,,,,,,,,,,,,,,,,
77,"Bruh, stop cappin’, lowkey annoyed",cappin,cappin,is_single_word,1,2,,1,5.402755578358968,1,1.0,0.0,bruh; cappin; lowkey,genz-alpha-slangs,slang,"Hombre, detente con eso, estoy un poco molesto.","Listen, stop that, I'm a bit annoyed.",listen,33.333333333333336,1.0,0.0,أيها الإخوة، توقف عن الكذب، أنا متوتر قليلًا.,"Oh brothers, stop lying, I'm a bit anxious.",lying,36.36363636363637,1.0,0.0,兄弟，别瞎扯了，低调生气,"Brother, stop talking nonsense, be low-key angry.",talking,46.15384615384615,1.0,0.0,ブラフ、止まれ、低調に不満,"Brah, stop, low-key dissatisfied.",dissatisfied,22.22222222222222,1.0,0.0,4.0,0.0,bruh stop <mask> <mask> <mask> lowkey annoyed,▁cap pin ',3.0,1.888701627293551e-12,26.995131492614743,8.998377164204916,s the the,2.066922337515631e-05,16.208266735076904,5.402755578358968,2.0,2.0,0.0,4.0,0.0,1.0
77,"Bruh, stop cappin’, lowkey annoyed",lowkey,lowkey,is_single_word,1,3,,1,7.650230407714844,1,1.0,0.0,bruh; cappin; lowkey,genz-alpha-slangs,slang,"Hombre, detente con eso, estoy un poco molesto.","Listen, stop that, I'm a bit annoyed.",listen,33.333333333333336,1.0,0.0,أيها الإخوة، توقف عن الكذب، أنا متوتر قليلًا.,"Oh brothers, stop lying, I'm a bit anxious.",lying,36.36363636363637,1.0,0.0,兄弟，别瞎扯了，低调生气,"Brother, stop talking nonsense, be low-key angry.",low-key,92.3076923076923,1.0,0.0,ブラフ、止まれ、低調に不満,"Brah, stop, low-key dissatisfied.",low-key,92.3076923076923,1.0,0.0,4.0,0.0,bruh stop cappin' <mask> <mask> annoyed,▁low key,2.0,1.5144605133102306e-09,20.30820655822754,10.15410327911377,me ',0.0066859582005047,15.300460815429688,7.650230407714844,3.0,3.0,0.0,4.0,0.0,1.0
77,"Bruh, stop cappin’, lowkey annoyed",annoyed,annoyed,is_single_word,0,4,,0,0.0,0,0.75,0.0,bruh; cappin; lowkey,genz-alpha-slangs,slang,"Hombre, detente con eso, estoy un poco molesto.","Listen, stop that, I'm a bit annoyed.",annoyed,100.0,0.0,0.0,أيها الإخوة، توقف عن الكذب، أنا متوتر قليلًا.,"Oh brothers, stop lying, I'm a bit anxious.",anxious,42.85714285714286,1.0,0.0,兄弟，别瞎扯了，低调生气,"Brother, stop talking nonsense, be low-key angry.",angry,50.0,1.0,0.0,ブラフ、止まれ、低調に不満,"Brah, stop, low-key dissatisfied.",dissatisfied,31.57894736842105,1.0,0.0,3.0,1.0,,,,,,,,,,,,,,,,
78,"Mate, whole squad waitin’",Mate,mate,is_single_word,1,0,,1,10.735866785049438,1,1.0,0.0,mate; waitin,genz-alpha-slangs,slang,"Amigo, toda la escuadra está esperando.","Friend, the whole crew is waiting.",the,57.14285714285714,1.0,0.0,أخي، كل الفريق ينتظرون,"Brother, the whole team is waiting.",the,57.14285714285714,1.0,0.0,老兄，整个队伍都在等待。,"Old fellow, the whole team is waiting.",the,57.14285714285714,1.0,0.0,マッチ、全員が待っています。,"The matches, everyone is waiting.",matches,72.72727272727273,1.0,0.0,4.0,0.0,<mask> whole squad waitin,▁mate,1.0,2.683501157174288e-06,12.828388214111328,12.828388214111328,The,0.1233756603253215,10.735866785049438,10.735866785049438,0.0,0.0,0.0,3.0,0.0,1.0
78,"Mate, whole squad waitin’",whole,whole,is_single_word,0,1,,0,0.0,0,0.25,0.0,mate; waitin,genz-alpha-slangs,slang,"Amigo, toda la escuadra está esperando.","Friend, the whole crew is waiting.",whole,100.0,0.0,0.0,أخي، كل الفريق ينتظرون,"Brother, the whole team is waiting.",whole,100.0,0.0,0.0,老兄，整个队伍都在等待。,"Old fellow, the whole team is waiting.",whole,100.0,0.0,0.0,マッチ、全員が待っています。,"The matches, everyone is waiting.",the,50.0,1.0,0.0,1.0,3.0,,,,,,,,,,,,,,,,
78,"Mate, whole squad waitin’",squad,squad,is_single_word,0,2,,1,5.901323318481445,1,1.0,0.0,mate; waitin,genz-alpha-slangs,slang,"Amigo, toda la escuadra está esperando.","Friend, the whole crew is waiting.",is,28.57142857142857,1.0,0.0,أخي، كل الفريق ينتظرون,"Brother, the whole team is waiting.",is,28.57142857142857,1.0,0.0,老兄，整个队伍都在等待。,"Old fellow, the whole team is waiting.",is,28.57142857142857,1.0,0.0,マッチ、全員が待っています。,"The matches, everyone is waiting.",is,28.57142857142857,1.0,0.0,4.0,0.0,mate whole <mask> <mask> waitin,▁s quad,2.0,1.5103246830373985e-08,18.00835609436035,9.004178047180176,life with,0.002017876703267,11.80264663696289,5.901323318481445,2.0,2.0,0.0,3.0,0.0,1.0
78,"Mate, whole squad waitin’",waitin,waitin,is_single_word,1,3,,1,7.180466651916504,1,1.0,0.0,mate; waitin,genz-alpha-slangs,slang,"Amigo, toda la escuadra está esperando.","Friend, the whole crew is waiting.",waiting,92.3076923076923,1.0,0.0,أخي، كل الفريق ينتظرون,"Brother, the whole team is waiting.",waiting,92.3076923076923,1.0,0.0,老兄，整个队伍都在等待。,"Old fellow, the whole team is waiting.",waiting,92.3076923076923,1.0,0.0,マッチ、全員が待っています。,"The matches, everyone is waiting.",waiting,92.3076923076923,1.0,0.0,4.0,0.0,mate whole squad <mask> <mask>,▁wait in,2.0,4.138230362713461e-09,19.302997589111328,9.651498794555664,. </s>,0.0071398444735894,14.360933303833008,7.180466651916504,3.0,3.0,0.0,3.0,0.0,1.0
79,"Dude, big yikes",Dude,dude,is_single_word,1,0,,1,6.0751649141311646,1,1.0,0.0,dude; yikes,genz-alpha-slangs,slang,"Hombre, ¡grandes horror!","Man, great horror!",great,22.22222222222222,1.0,0.0,أيها الإخوة، كبيرة الإثارة السلبية.,"Oh brothers, great negative excitement.",great,22.22222222222222,1.0,0.0,兄弟，太吓人了,"Brother, it's too scary.",brother,18.181818181818176,1.0,0.0,おや、すごい驚きです。,"Oh, what a great surprise.",surprise,33.333333333333336,1.0,0.0,4.0,0.0,<mask> <mask> big yikes,▁du de,2.0,3.2688101555023954e-08,17.236254692077637,8.618127346038818,</s> the,0.0061831658586669,12.150329828262327,6.0751649141311646,0.0,0.0,0.0,2.0,0.0,1.0
79,"Dude, big yikes",big,big,is_single_word,0,1,,1,7.133415102958679,1,1.0,0.0,dude; yikes,genz-alpha-slangs,slang,"Hombre, ¡grandes horror!","Man, great horror!",great,25.0,1.0,0.0,أيها الإخوة، كبيرة الإثارة السلبية.,"Oh brothers, great negative excitement.",great,25.0,1.0,0.0,兄弟，太吓人了,"Brother, it's too scary.",it's,28.57142857142857,1.0,0.0,おや、すごい驚きです。,"Oh, what a great surprise.",great,25.0,1.0,0.0,4.0,0.0,dude <mask> yikes,▁big,1.0,0.0001176689860488,9.047635078430176,9.047635078430176,",",0.1474568076655152,7.133415102958679,7.133415102958679,1.0,1.0,0.0,2.0,0.0,1.0
79,"Dude, big yikes",yikes,yikes,is_single_word,1,2,,1,9.981437623500824,1,1.0,0.0,dude; yikes,genz-alpha-slangs,slang,"Hombre, ¡grandes horror!","Man, great horror!",great,20.0,1.0,0.0,أيها الإخوة، كبيرة الإثارة السلبية.,"Oh brothers, great negative excitement.",brothers,30.76923076923077,1.0,0.0,兄弟，太吓人了,"Brother, it's too scary.",it's,44.44444444444444,1.0,0.0,おや、すごい驚きです。,"Oh, what a great surprise.",surprise,30.76923076923077,1.0,0.0,4.0,0.0,dude big <mask> <mask>,▁yi kes,2.0,2.995116356430491e-11,24.23145294189453,12.115726470947266,tit tits,0.0140016836638679,19.962875247001648,9.981437623500824,2.0,2.0,0.0,2.0,0.0,1.0
1,"Homie, this vibe is straight mid",straight mid,straight mid,is_multiword,0,4,4|5,1,7.213031768798828,0,1.0,,,,,,,,,,,,,,,,,,,,,,,,,,,,,,,homie this vibe is <mask> <mask>,▁straight ▁mid,2.0,8.501282346834018e-09,18.583048820495605,9.291524410247805,very .,0.0156546812878868,14.426063537597656,7.213031768798828,4.0,5.0,0.0,5.0,0.0,2.0
3,"Homie, pull up or stay sus",pull up,pull up,is_multiword,0,1,1|2,1,5.111236810684204,0,1.0,,,,,,,,,,,,,,,,,,,,,,,,,,,,,,,homie <mask> <mask> or stay sus,▁pull ▁up,2.0,3.534418188000838e-07,14.855546951293944,7.427773475646973,: stay,0.0097248255307091,10.222473621368408,5.111236810684204,1.0,2.0,0.0,5.0,0.0,2.0
5,"Bro, lowkey flexin’",lowkey flexin,lowkey flexin,is_multiword,0,1,1|2,1,6.556410098075867,0,1.0,,,,,,,,,,,,,,,,,,,,,,,,,,,,,,,bro <mask> <mask> <mask> <mask> <mask>,▁low key ▁ flex in,5.0,3.173181420373489e-20,44.89696717262268,8.979393434524535,cco . . . </s>,5.477199201670692e-06,32.78205049037933,6.556410098075867,1.0,2.0,0.0,2.0,0.0,2.0
11,"Bruh, you ghosted again",you ghosted,you ghosted,is_multiword,0,1,1|2,1,5.903584957122803,0,1.0,,,,,,,,,,,,,,,,,,,,,,,,,,,,,,,bruh <mask> <mask> <mask> again,▁you ▁gho sted,3.0,2.4369602293028e-12,26.740269660949707,8.913423220316568,: s me,0.0001198206172815,17.710754871368408,5.903584957122803,1.0,2.0,0.0,3.0,0.0,2.0
12,"Yo, lowkey flexin’",lowkey flexin,lowkey flexin,is_multiword,0,1,1|2,1,6.5746993780136105,0,1.0,,,,,,,,,,,,,,,,,,,,,,,,,,,,,,,yo <mask> <mask> <mask> <mask> <mask>,▁low key ▁ flex in,5.0,1.7037001065599187e-20,45.51889944076538,9.103779888153076,-  . . </s>,3.2223406559413787e-06,32.873496890068054,6.5746993780136105,1.0,2.0,0.0,2.0,0.0,2.0
14,"Sis, this vibe is straight mid",straight mid,straight mid,is_multiword,0,4,4|5,1,7.010589122772217,0,1.0,,,,,,,,,,,,,,,,,,,,,,,,,,,,,,,sis this vibe is <mask> <mask>,▁straight ▁mid,2.0,5.230405207430761e-09,19.068777084350582,9.534388542175291,great cool,0.0064247417805499,14.021178245544434,7.010589122772217,4.0,5.0,0.0,5.0,0.0,2.0
15,"Bruh, lowkey flexin’",lowkey flexin,lowkey flexin,is_multiword,0,1,1|2,1,8.390332233905792,1,1.0,,,,,,,,,,,,,,,,,,,,,,,,,,,,,,,bruh <mask> <mask> <mask> <mask> <mask>,▁low key ▁ flex in,5.0,6.164860751627981e-22,48.83800649642944,9.76760129928589,. . . . </s>,0.0010216407895688,41.95166116952896,8.390332233905792,1.0,2.0,0.0,2.0,0.0,2.0
16,"Dude, lowkey flexin’",lowkey flexin,lowkey flexin,is_multiword,0,1,1|2,1,7.034127306938172,1,1.0,,,,,,,,,,,,,,,,,,,,,,,,,,,,,,,dude <mask> <mask> <mask> <mask> <mask>,▁low key ▁ flex in,5.0,5.767961149597725e-21,46.60196828842163,9.320393657684326,. s . . </s>,1.0850148909102123e-05,35.17063653469086,7.034127306938172,1.0,2.0,0.0,2.0,0.0,2.0
19,"Mate, this vibe is straight mid",straight mid,straight mid,is_multiword,0,4,4|5,1,6.01346218585968,0,1.0,,,,,,,,,,,,,,,,,,,,,,,,,,,,,,,mate this vibe is <mask> <mask>,▁straight ▁mid,2.0,3.2357101980270766e-08,17.246432304382324,8.623216152191162,great .,0.005409990551231,12.02692437171936,6.01346218585968,4.0,5.0,0.0,5.0,0.0,2.0
23,"Yo, this vibe is straight mid",straight mid,straight mid,is_multiword,0,4,4|5,1,6.135371804237366,0,1.0,,,,,,,,,,,,,,,,,,,,,,,,,,,,,,,yo this vibe is <mask> <mask>,▁straight ▁mid,2.0,4.02585812329705e-08,17.027942657470703,8.513971328735352,really .,0.008589634881134,12.270743608474731,6.135371804237366,4.0,5.0,0.0,5.0,0.0,2.0
24,"Mate, lowkey flexin’",lowkey flexin,lowkey flexin,is_multiword,0,1,1|2,1,7.471342122554779,0,1.0,,,,,,,,,,,,,,,,,,,,,,,,,,,,,,,mate <mask> <mask> <mask> <mask> <mask>,▁low key ▁ flex in,5.0,6.308219237555089e-21,46.51243352890015,9.30248670578003,- . . . </s>,0.0001056136518541,37.356710612773895,7.471342122554779,1.0,2.0,0.0,2.0,0.0,2.0
25,"Sis, big yikes",big yikes,big yikes,is_multiword,0,1,1|2,1,7.775272965431213,0,1.0,,,,,,,,,,,,,,,,,,,,,,,,,,,,,,,sis <mask> <mask> <mask>,▁big ▁yi kes,3.0,1.3271014359801354e-13,29.650609016418457,9.883536338806152,s . </s>,0.0017913421777627,23.32581889629364,7.775272965431213,1.0,2.0,0.0,2.0,0.0,2.0
28,"Fam, lowkey flexin’",lowkey flexin,lowkey flexin,is_multiword,0,1,1|2,1,7.129901051521301,0,1.0,,,,,,,,,,,,,,,,,,,,,,,,,,,,,,,fam <mask> <mask> <mask> <mask> <mask>,▁low key ▁ flex in,5.0,1.380712575799206e-20,45.72910213470459,9.14582042694092,. . . . </s>,4.192631534023687e-05,35.649505257606506,7.129901051521301,1.0,2.0,0.0,2.0,0.0,2.0
29,"Yo, pull up or stay sus",pull up,pull up,is_multiword,0,1,1|2,1,3.2357177734375,0,1.0,,,,,,,,,,,,,,,,,,,,,,,,,,,,,,,yo <mask> <mask> or stay sus,▁pull ▁up,2.0,7.47411186731184e-07,14.106650352478027,7.053325176239014,"is ,",0.0004831348234899,6.471435546875,3.2357177734375,1.0,2.0,0.0,5.0,0.0,2.0
31,"Bro, whole squad waitin’",squad waitin,squad waitin,is_multiword,0,2,2|3,1,5.942912071943283,0,1.0,,,,,,,,,,,,,,,,,,,,,,,,,,,,,,,bro whole <mask> <mask> <mask> <mask>,▁s quad ▁wait in,4.0,2.2998924072788157e-16,36.00849914550781,9.002124786376953,s  . </s>,4.848453073860468e-06,23.77164828777313,5.942912071943283,2.0,3.0,0.0,3.0,0.0,2.0
33,"Fam, whole squad waitin’",squad waitin,squad waitin,is_multiword,0,2,2|3,1,6.5380566120147705,1,1.0,,,,,,,,,,,,,,,,,,,,,,,,,,,,,,,fam whole <mask> <mask> <mask> <mask>,▁s quad ▁wait in,4.0,1.159993703453921e-16,36.69294691085816,9.17323672771454,some s . </s>,2.643767550219079e-05,26.15222644805908,6.5380566120147705,2.0,3.0,0.0,3.0,0.0,2.0
35,"Sis, whole squad waitin’",squad waitin,squad waitin,is_multiword,0,2,2|3,1,6.24215093255043,0,1.0,,,,,,,,,,,,,,,,,,,,,,,,,,,,,,,sis whole <mask> <mask> <mask> <mask>,▁s quad ▁wait in,4.0,2.332842190628373e-16,35.9942741394043,8.998568534851074,s s . </s>,1.6278417468610932e-05,24.96860373020172,6.24215093255043,2.0,3.0,0.0,3.0,0.0,2.0
36,"Dude, whole squad waitin’",squad waitin,squad waitin,is_multiword,0,2,2|3,1,6.356474369764328,0,1.0,,,,,,,,,,,,,,,,,,,,,,,,,,,,,,,dude whole <mask> <mask> <mask> <mask>,▁s quad ▁wait in,4.0,1.9107588755946982e-16,36.19386100769043,9.048465251922607,some  fuck </s>,2.1063612576299817e-05,25.425897479057312,6.356474369764328,2.0,3.0,0.0,3.0,0.0,2.0
39,"Dude, this vibe is straight mid",straight mid,straight mid,is_multiword,0,4,4|5,1,7.196085214614868,0,1.0,,,,,,,,,,,,,,,,,,,,,,,,,,,,,,,dude this vibe is <mask> <mask>,▁straight ▁mid,2.0,3.089493384333938e-09,19.595258712768555,9.797629356384276,great cool,0.0054995539857123,14.392170429229736,7.196085214614868,4.0,5.0,0.0,5.0,0.0,2.0
44,"Fam, this vibe is straight mid",straight mid,straight mid,is_multiword,0,4,4|5,1,7.013540625572205,0,1.0,,,,,,,,,,,,,,,,,,,,,,,,,,,,,,,fam this vibe is <mask> <mask>,▁straight ▁mid,2.0,8.860672762055907e-09,18.541643142700195,9.270821571350098,very .,0.0109484006630535,14.02708125114441,7.013540625572205,4.0,5.0,0.0,5.0,0.0,2.0
48,"Homie, whole squad waitin’",squad waitin,squad waitin,is_multiword,0,2,2|3,1,6.223863154649735,0,1.0,,,,,,,,,,,,,,,,,,,,,,,,,,,,,,,homie whole <mask> <mask> <mask> <mask>,▁s quad ▁wait in,4.0,5.403745203958946e-16,35.154269218444824,8.788567304611206,some s . </s>,3.504713809640097e-05,24.895452618598934,6.223863154649735,2.0,3.0,0.0,3.0,0.0,2.0
49,"Sis, lowkey flexin’",lowkey flexin,lowkey flexin,is_multiword,0,1,1|2,1,7.895746469497681,0,1.0,,,,,,,,,,,,,,,,,,,,,,,,,,,,,,,sis <mask> <mask> <mask> <mask> <mask>,▁low key ▁ flex in,5.0,6.8737534209270495e-22,48.729161739349365,9.745832347869872,s . . . </s>,9.60703913593947e-05,39.4787323474884,7.895746469497681,1.0,2.0,0.0,2.0,0.0,2.0
56,"Bruh, whole squad waitin’",squad waitin,squad waitin,is_multiword,0,2,2|3,1,6.532845556735992,0,1.0,,,,,,,,,,,,,,,,,,,,,,,,,,,,,,,bruh whole <mask> <mask> <mask> <mask>,▁s quad ▁wait in,4.0,5.763112259454838e-17,37.39246892929077,9.348117232322693,some   </s>,1.2863886066383152e-05,26.13138222694397,6.532845556735992,2.0,3.0,0.0,3.0,0.0,2.0
57,"Yo, whole squad waitin’",squad waitin,squad waitin,is_multiword,0,2,2|3,1,5.580103874206543,0,1.0,,,,,,,,,,,,,,,,,,,,,,,,,,,,,,,yo whole <mask> <mask> <mask> <mask>,▁s quad ▁wait in,4.0,4.326619385818441e-16,35.376574993133545,8.844143748283386,  . </s>,2.136889061208307e-06,22.32041549682617,5.580103874206543,2.0,3.0,0.0,3.0,0.0,2.0
66,"Homie, lowkey flexin’",lowkey flexin,lowkey flexin,is_multiword,0,1,1|2,1,6.757208180427552,1,1.0,,,,,,,,,,,,,,,,,,,,,,,,,,,,,,,homie <mask> <mask> <mask> <mask> <mask>,▁low key ▁ flex in,5.0,2.850666708607824e-20,45.004148960113525,9.000829792022705,: . . . </s>,1.3428811355963153e-05,33.78604090213776,6.757208180427552,1.0,2.0,0.0,2.0,0.0,2.0
70,"Bruh, this vibe is straight mid",straight mid,straight mid,is_multiword,0,4,4|5,1,6.658063769340515,0,1.0,,,,,,,,,,,,,,,,,,,,,,,,,,,,,,,bruh this vibe is <mask> <mask>,▁straight ▁mid,2.0,1.1768490701610164e-08,18.257840156555176,9.128920078277588,really .,0.0071423557657056,13.31612753868103,6.658063769340515,4.0,5.0,0.0,5.0,0.0,2.0
72,"Mate, touch some grass",touch some,touch some,is_multiword,0,1,1|2,1,6.6662023067474365,0,1.0,,,,,,,,,,,,,,,,,,,,,,,,,,,,,,,mate <mask> <mask> grass,▁touch ▁some,2.0,5.522354557491107e-09,19.014461517333984,9.507230758666992, e,0.0034065442981123,13.332404613494871,6.6662023067474365,1.0,2.0,0.0,3.0,0.0,2.0
78,"Mate, whole squad waitin’",squad waitin,squad waitin,is_multiword,0,2,2|3,1,6.251205027103424,0,1.0,,,,,,,,,,,,,,,,,,,,,,,,,,,,,,,mate whole <mask> <mask> <mask> <mask>,▁s quad ▁wait in,4.0,3.5019507919894976e-16,35.58804130554199,8.897010326385498,some s . </s>,2.5337597525691213e-05,25.004820108413696,6.251205027103424,2.0,3.0,0.0,3.0,0.0,2.0
79,"Dude, big yikes",big yikes,big yikes,is_multiword,0,1,1|2,1,7.554925322532654,0,1.0,,,,,,,,,,,,,,,,,,,,,,,,,,,,,,,dude <mask> <mask> <mask>,▁big ▁yi kes,3.0,6.449602502589101e-13,28.06958770751953,9.356529235839844,. . </s>,0.0044949005318613,22.66477596759796,7.554925322532654,1.0,2.0,0.0,2.0,0.0,2.0
