sentence_id,sentence,candidate,cand_norm,cand_type,is_gold,token_pos,mt_score,mt_pred
0,"Doctor, I keep having to bender-over from the pain in my gut, and it's been going on for three days now.",keep having,keep having,is_multiword,0,2,1.0,1
0,"Doctor, I keep having to bender-over from the pain in my gut, and it's been going on for three days now.",going on,going on,is_multiword,0,15,1.0,1
5,"Doctor, my son has been complaining of the mulligrubs for the past two days and can't keep any food down.",any food,any food,is_multiword,0,17,1.0,1
5,"Doctor, my son has been complaining of the mulligrubs for the past two days and can't keep any food down.",any food down,any food down,is_multiword,0,17,1.0,1
5,"Doctor, my son has been complaining of the mulligrubs for the past two days and can't keep any food down.",food down,food down,is_multiword,0,18,1.0,1
6,"Doctor, my son keeps crying and pointing to his tummy—I think he's got a misery in breadbox after eating that spicy snack.",he's got,he's got,is_multiword,0,12,1.0,1
6,"Doctor, my son keeps crying and pointing to his tummy—I think he's got a misery in breadbox after eating that spicy snack.",misery in,misery in,is_multiword,0,15,1.0,1
6,"Doctor, my son keeps crying and pointing to his tummy—I think he's got a misery in breadbox after eating that spicy snack.",misery in breadbox,misery in breadbox,is_multiword,1,15,1.0,1
6,"Doctor, my son keeps crying and pointing to his tummy—I think he's got a misery in breadbox after eating that spicy snack.",in breadbox,in breadbox,is_multiword,0,16,1.0,1
10,"""I’m here because I’ve got a pain in the sawdust that won’t quit, and it’s worse when I try to eat anything.""",I’ve got,i've got,is_multiword,0,3,1.0,1
10,"""I’m here because I’ve got a pain in the sawdust that won’t quit, and it’s worse when I try to eat anything.""",won’t quit,won't quit,is_multiword,0,11,1.0,1
11,"""I came in because these collywobbles keep hitting me after I eat, and it's worse than just a normal bellyache.""",collywobbles keep,collywobbles keep,is_multiword,0,5,1.0,1
13,"I’ve been having this terrible belly-grunting for two days now, and it gets worse after I eat anything.",terrible belly-grunting,terrible belly-grunting,is_multiword,0,4,1.0,1
16,My son keeps crying and pointing to his tummy—this hubbub started last night and he hasn't kept any food down.,kept any,kept any,is_multiword,0,17,1.0,1
16,My son keeps crying and pointing to his tummy—this hubbub started last night and he hasn't kept any food down.,kept any food,kept any food,is_multiword,0,17,1.0,1
16,My son keeps crying and pointing to his tummy—this hubbub started last night and he hasn't kept any food down.,kept any food down,kept any food down,is_multiword,0,17,1.0,1
16,My son keeps crying and pointing to his tummy—this hubbub started last night and he hasn't kept any food down.,any food,any food,is_multiword,0,18,1.0,1
16,My son keeps crying and pointing to his tummy—this hubbub started last night and he hasn't kept any food down.,any food down,any food down,is_multiword,0,18,1.0,1
16,My son keeps crying and pointing to his tummy—this hubbub started last night and he hasn't kept any food down.,food down,food down,is_multiword,0,19,1.0,1
17,"Doctor, my son has been complaining about benders for the past three days and can't keep any food down.",about benders,about benders,is_multiword,0,6,1.0,1
18,"My husband keeps getting these sharp benders after meals, and it's been going on for over a week now.",keeps getting,keeps getting,is_multiword,0,2,1.0,1
21,"""Doc, I've been having this awful 'stomach revolution' for two days now—it's like my insides are staging a coup right under my ribs.""",awful stomach,awful stomach,is_multiword,0,5,1.0,1
23,"Doctor, I've had this nagging pain in the puku right here for two days and it gets worse after I eat anything greasy.",puku right,puku right,is_multiword,0,8,1.0,1
25,"Doctor, my little boy keeps crying and holding his tummy—I think he's got the wiffle-woffles.",boy keeps,boy keeps,is_multiword,0,3,1.0,1
26,"My wife has been doubled over with the wiffle-woffles all morning, and she can't keep anything down.",doubled over,doubled over,is_multiword,0,4,1.0,1
26,"My wife has been doubled over with the wiffle-woffles all morning, and she can't keep anything down.",doubled over with,doubled over with,is_multiword,0,4,1.0,1
26,"My wife has been doubled over with the wiffle-woffles all morning, and she can't keep anything down.",over with,over with,is_multiword,0,5,1.0,1
31,"""I’m scared I messed up trying to pick a lock—there’s this awful smell and pain down there, and I’m bleeding real bad.""",messed up,messed up,is_multiword,0,3,1.0,1
31,"""I’m scared I messed up trying to pick a lock—there’s this awful smell and pain down there, and I’m bleeding real bad.""",this awful,this awful,is_multiword,0,11,1.0,1
32,"""Doc, I think I tried to pick a lock myself a few days back, and now I’ve got this fever and chills that won’t quit.""",I’ve got,i've got,is_multiword,0,16,1.0,1
33,"""Doctor, I had a 'lock picker' done a few days ago, and now I'm running a fever and feeling real bad down there.""",I'm running,i'm running,is_multiword,0,13,1.0,1
33,"""Doctor, I had a 'lock picker' done a few days ago, and now I'm running a fever and feeling real bad down there.""",feeling real,feeling real,is_multiword,0,18,1.0,1
35,"Doctor, my daughter came to me crying last night and admitted she'd tried to end a pregnancy herself—I'm terrified she's got an abigail.",admitted she'd,admitted she'd,is_multiword,0,10,1.0,1
35,"Doctor, my daughter came to me crying last night and admitted she'd tried to end a pregnancy herself—I'm terrified she's got an abigail.",she's got,she's got,is_multiword,0,20,1.0,1
42,"""I tried some herbs last week, but it didn’t work, so please just bring it away before I get worse.""",just bring,just bring,is_multiword,0,12,1.0,1
43,My daughter's been sick with a high fever and terrible cramps after she said she went to a clinic—could this be a scrape that's gone bad?,scrape that's,scrape that's,is_multiword,0,23,1.0,1
45,"""Doc, I went to a pin artist last week, and now I’ve got this fever and sharp pain down below—something’s really wrong.""",I’ve got,i've got,is_multiword,0,11,1.0,1
45,"""Doc, I went to a pin artist last week, and now I’ve got this fever and sharp pain down below—something’s really wrong.""",below something’s,below something's,is_multiword,0,19,1.0,1
46,"""I’m bleeding bad and feeling sick, doctor—I think that pin artist I saw didn’t do it clean, and I’m scared it’s gone septic.""",gone septic,gone septic,is_multiword,0,22,1.0,1
54,"My wife's been in agony with a high fever and chills, and she's scared it's a 'throw away belly' from the procedure she had last week.",throw away,throw away,is_multiword,0,16,1.0,1
54,"My wife's been in agony with a high fever and chills, and she's scared it's a 'throw away belly' from the procedure she had last week.",throw away belly,throw away belly,is_multiword,1,16,1.0,1
54,"My wife's been in agony with a high fever and chills, and she's scared it's a 'throw away belly' from the procedure she had last week.",throw away belly from,throw away belly from,is_multiword,0,16,1.0,1
54,"My wife's been in agony with a high fever and chills, and she's scared it's a 'throw away belly' from the procedure she had last week.",away belly,away belly,is_multiword,0,17,1.0,1
54,"My wife's been in agony with a high fever and chills, and she's scared it's a 'throw away belly' from the procedure she had last week.",away belly from,away belly from,is_multiword,0,17,1.0,1
54,"My wife's been in agony with a high fever and chills, and she's scared it's a 'throw away belly' from the procedure she had last week.",belly from,belly from,is_multiword,0,18,1.0,1
55,"Doctor, I think I might have a 'throw away belly'—I've been bleeding and running a fever since I tried to end it myself.",throw away,throw away,is_multiword,0,7,1.0,1
55,"Doctor, I think I might have a 'throw away belly'—I've been bleeding and running a fever since I tried to end it myself.",throw away belly,throw away belly,is_multiword,1,7,1.0,1
55,"Doctor, I think I might have a 'throw away belly'—I've been bleeding and running a fever since I tried to end it myself.",away belly,away belly,is_multiword,0,8,1.0,1
56,"""Doctor, I think I've got that 'Appendicitis hospital' situation—I was bleeding bad and running a fever after I tried to take care of things myself.""",I've got,i've got,is_multiword,0,3,1.0,1
58,"Doctor, I think I might need a fix up—I've been bleeding and running a fever since I tried to take care of things myself at home.",fix up,fix up,is_multiword,1,7,1.0,1
59,"My daughter's been sick with a high fever and severe cramps after a procedure, and I'm scared she might need a fix up right away.",fix up,fix up,is_multiword,1,21,1.0,1
59,"My daughter's been sick with a high fever and severe cramps after a procedure, and I'm scared she might need a fix up right away.",fix up right,fix up right,is_multiword,0,21,1.0,1
59,"My daughter's been sick with a high fever and severe cramps after a procedure, and I'm scared she might need a fix up right away.",fix up right away,fix up right away,is_multiword,0,21,1.0,1
59,"My daughter's been sick with a high fever and severe cramps after a procedure, and I'm scared she might need a fix up right away.",up right,up right,is_multiword,0,22,1.0,1
59,"My daughter's been sick with a high fever and severe cramps after a procedure, and I'm scared she might need a fix up right away.",up right away,up right away,is_multiword,0,22,1.0,1
59,"My daughter's been sick with a high fever and severe cramps after a procedure, and I'm scared she might need a fix up right away.",right away,right away,is_multiword,0,23,1.0,1
62,"My husband has this swollen, red spot on his back that's throbbing nonstop; I'm worried it's a Conan Doyle from that old injury.",that's throbbing,that's throbbing,is_multiword,0,10,1.0,1
62,"My husband has this swollen, red spot on his back that's throbbing nonstop; I'm worried it's a Conan Doyle from that old injury.",that's throbbing nonstop,that's throbbing nonstop,is_multiword,0,10,1.0,1
62,"My husband has this swollen, red spot on his back that's throbbing nonstop; I'm worried it's a Conan Doyle from that old injury.",throbbing nonstop,throbbing nonstop,is_multiword,0,11,1.0,1
68,"My son keeps crying and pointing to his armpit—I think that red, swollen pluke needs to be looked at.",looked at,looked at,is_multiword,0,18,1.0,1
76,"Doctor, my son's face is covered in these red, angry jack bumps—could it be acne vulgaris like his father had?",jack bumps,jack bumps,is_multiword,1,10,1.0,1
77,I'm here for my daughter—she's been so self-conscious about the jack bumps on her chin and forehead.,jack bumps,jack bumps,is_multiword,1,11,1.0,1
78,"Doctor, my son's face is covered in acker—it's been getting worse since he started high school.",acker it's,acker it's,is_multiword,0,7,1.0,1
78,"Doctor, my son's face is covered in acker—it's been getting worse since he started high school.",acker it's been,acker it's been,is_multiword,0,7,1.0,1
78,"Doctor, my son's face is covered in acker—it's been getting worse since he started high school.",acker it's been getting,acker it's been getting,is_multiword,0,7,1.0,1
78,"Doctor, my son's face is covered in acker—it's been getting worse since he started high school.",acker it's been getting worse,acker it's been getting worse,is_multiword,0,7,1.0,1
78,"Doctor, my son's face is covered in acker—it's been getting worse since he started high school.",it's been,it's been,is_multiword,0,8,1.0,1
78,"Doctor, my son's face is covered in acker—it's been getting worse since he started high school.",it's been getting,it's been getting,is_multiword,0,8,1.0,1
78,"Doctor, my son's face is covered in acker—it's been getting worse since he started high school.",it's been getting worse,it's been getting worse,is_multiword,0,8,1.0,1
78,"Doctor, my son's face is covered in acker—it's been getting worse since he started high school.",been getting,been getting,is_multiword,0,9,1.0,1
78,"Doctor, my son's face is covered in acker—it's been getting worse since he started high school.",been getting worse,been getting worse,is_multiword,0,9,1.0,1
78,"Doctor, my son's face is covered in acker—it's been getting worse since he started high school.",getting worse,getting worse,is_multiword,0,10,1.0,1
86,"My daughter keeps picking at her chin and forehead, and I'm worried it's pimgenet—could you take a look and tell us what to do?",it's pimgenet,it's pimgenet,is_multiword,0,12,1.0,1
87,"Doctor, my teenage son's face is covered in what I think is pimgenet—these angry red bumps just won't clear up no matter what we try.",clear up,clear up,is_multiword,0,19,1.0,1
88,"Doctor, I think I'm coming down with a bad case of fruitcake—my face is covered in these red, angry bumps that won't go away.",coming down,coming down,is_multiword,0,4,1.0,1
91,"Doctor, my son's face is covered in these red bumps—I think he's got that louse bag thing that's been going around his school.",he's got,he's got,is_multiword,0,12,1.0,1
93,"Doctor, my son has been really self-conscious about these barnacles on his face—they just won't clear up no matter what we try.",clear up,clear up,is_multiword,0,16,1.0,1
98,"""I’ve got this draining sinus on my cheek that keeps coming back, and my neighbor said it sounds like the Clyers she had after her tooth infection.""",draining sinus,draining sinus,is_multiword,0,3,1.0,1
100,"""Doctor, my tongue's been feeling so stiff and hard, I think it might be that 'wooden tongue' thing I heard about.""",tongue's been,tongue's been,is_multiword,0,2,1.0,1
100,"""Doctor, my tongue's been feeling so stiff and hard, I think it might be that 'wooden tongue' thing I heard about.""",tongue's been feeling,tongue's been feeling,is_multiword,0,2,1.0,1
100,"""Doctor, my tongue's been feeling so stiff and hard, I think it might be that 'wooden tongue' thing I heard about.""",been feeling,been feeling,is_multiword,0,3,1.0,1
103,"Doctor, my son's voice has been cracking and squeaking for the past few months—I think he's going through the gosling patch and it's really embarrassing him at school.",gosling patch,gosling patch,is_multiword,1,20,1.0,1
106,"""Doctor, I'm 44 and just found out I'm pregnant—guess you could call this a late cackling of the hen, but I'm worried about the risks.""",cackling of,cackling of,is_multiword,0,16,1.0,1
108,"Doctor, I'm forty-three and this is my first pregnancy—I guess you'd call it the late cackling of the hen, but I'm worried about the risks.",guess you'd,guess you'd,is_multiword,0,10,1.0,1
119,"Doctor, I’m worried about my mother, she’s become such a bottle hound lately, drinking first thing in the morning and forgetting to eat.",bottle hound,bottle hound,is_multiword,1,10,1.0,1
121,"Doctor, I think my husband might be a tanker—he’s been hiding bottles around the house and can’t seem to stop drinking even when he says he will.",seem to,seem to,is_multiword,0,18,1.0,1
122,My husband's been acting like a bombo-basher lately—he's hiding bottles around the house and I'm worried his liver's giving out.,liver's giving,liver's giving,is_multiword,0,18,1.0,1
124,"Doctor, I think my husband's got a bad case of 'colic—he's been hiding bottles around the house and can't go a day without a drink.",husband's got,husband's got,is_multiword,0,4,1.0,1
126,"Doctor, I think I've caught the booze bug—I can't seem to go a day without a drink and it's starting to wreck my liver.",the booze,the booze,is_multiword,0,5,1.0,1
126,"Doctor, I think I've caught the booze bug—I can't seem to go a day without a drink and it's starting to wreck my liver.",the booze bug,the booze bug,is_multiword,0,5,1.0,1
126,"Doctor, I think I've caught the booze bug—I can't seem to go a day without a drink and it's starting to wreck my liver.",booze bug,booze bug,is_multiword,1,6,1.0,1
127,My husband's been hiding bottles around the house and getting shaky in the mornings—I'm worried he's got the booze bug.,getting shaky,getting shaky,is_multiword,0,9,1.0,1
127,My husband's been hiding bottles around the house and getting shaky in the mornings—I'm worried he's got the booze bug.,he's got,he's got,is_multiword,0,16,1.0,1
127,My husband's been hiding bottles around the house and getting shaky in the mornings—I'm worried he's got the booze bug.,booze bug,booze bug,is_multiword,1,19,1.0,1
128,"My dad's been acting confused and shaky lately, and the nurses at his home say it's the booze stupe—he's been sneaking liquor into his room.",booze stupe,booze stupe,is_multiword,1,17,1.0,1
129,"Doctor, I'm worried about my husband—he's been drinking heavily every night for years, and I think he's got that booze stupe; he can't even function without a drink in the morning.",booze stupe,booze stupe,is_multiword,1,20,1.0,1
130,My son's been acting out in school and I think he's picking up alky habits from his friends—he's been coming home smelling of liquor.,acting out,acting out,is_multiword,0,3,1.0,1
130,My son's been acting out in school and I think he's picking up alky habits from his friends—he's been coming home smelling of liquor.,acting out in,acting out in,is_multiword,0,3,1.0,1
130,My son's been acting out in school and I think he's picking up alky habits from his friends—he's been coming home smelling of liquor.,out in,out in,is_multiword,0,4,1.0,1
130,My son's been acting out in school and I think he's picking up alky habits from his friends—he's been coming home smelling of liquor.,he's picking,he's picking,is_multiword,0,10,1.0,1
130,My son's been acting out in school and I think he's picking up alky habits from his friends—he's been coming home smelling of liquor.,he's picking up,he's picking up,is_multiword,0,10,1.0,1
130,My son's been acting out in school and I think he's picking up alky habits from his friends—he's been coming home smelling of liquor.,he's picking up alky,he's picking up alky,is_multiword,0,10,1.0,1
130,My son's been acting out in school and I think he's picking up alky habits from his friends—he's been coming home smelling of liquor.,picking up,picking up,is_multiword,0,11,1.0,1
130,My son's been acting out in school and I think he's picking up alky habits from his friends—he's been coming home smelling of liquor.,picking up alky,picking up alky,is_multiword,0,11,1.0,1
130,My son's been acting out in school and I think he's picking up alky habits from his friends—he's been coming home smelling of liquor.,up alky,up alky,is_multiword,0,12,1.0,1
131,"Doctor, I'm worried my husband might be an alky—he's been hiding bottles and can't seem to cut back on his drinking.",cut back,cut back,is_multiword,0,17,1.0,1
131,"Doctor, I'm worried my husband might be an alky—he's been hiding bottles and can't seem to cut back on his drinking.",cut back on,cut back on,is_multiword,0,17,1.0,1
131,"Doctor, I'm worried my husband might be an alky—he's been hiding bottles and can't seem to cut back on his drinking.",back on,back on,is_multiword,0,18,1.0,1
133,"Doctor, I'm worried my husband might be a dipso—he's been hiding bottles around the house and can't seem to stop drinking even when he says he will.",a dipso,a dipso,is_multiword,0,7,1.0,1
134,"Doctor, I think my husband's turned into a real brewhound—he's hiding bottles around the house and can't seem to stop shaking in the mornings.",brewhound he's,brewhound he's,is_multiword,0,9,1.0,1
136,"Doctor, I think my husband's been hitting the canteen pretty hard lately—he's been shaky in the mornings and can't seem to stop.",canteen pretty,canteen pretty,is_multiword,0,8,1.0,1
136,"Doctor, I think my husband's been hitting the canteen pretty hard lately—he's been shaky in the mornings and can't seem to stop.",canteen pretty hard,canteen pretty hard,is_multiword,0,8,1.0,1
136,"Doctor, I think my husband's been hitting the canteen pretty hard lately—he's been shaky in the mornings and can't seem to stop.",pretty hard,pretty hard,is_multiword,0,9,1.0,1
136,"Doctor, I think my husband's been hitting the canteen pretty hard lately—he's been shaky in the mornings and can't seem to stop.",seem to,seem to,is_multiword,0,20,1.0,1
137,"My son's been drinking from the canteen every night for months now, and I'm worried his liver might be giving out.",giving out,giving out,is_multiword,0,19,1.0,1
145,"Doctor, my husband's hands have been shaking nonstop since he stopped drinking—I think he's got the jimjams.",he's got,he's got,is_multiword,0,14,1.0,1
148,"Doctor, my husband hasn't had a drink in two days and now he's shaking and seeing things—I think the Brooklyn boys have come for him.",had a,had a,is_multiword,0,4,1.0,1
148,"Doctor, my husband hasn't had a drink in two days and now he's shaking and seeing things—I think the Brooklyn boys have come for him.",had a drink,had a drink,is_multiword,0,4,1.0,1
148,"Doctor, my husband hasn't had a drink in two days and now he's shaking and seeing things—I think the Brooklyn boys have come for him.",a drink,a drink,is_multiword,0,5,1.0,1
149,"I'm here for my brother, doc—he stopped drinking cold turkey and now he's sweating, his heart's racing, and he keeps saying the Brooklyn boys are crawling on his skin.",cold turkey,cold turkey,is_multiword,0,9,1.0,1
150,"Doctor, I can’t sleep, my heart’s racing, and I feel like bugs are crawling on me—is this what you call the gallon distemper?",gallon distemper,gallon distemper,is_multiword,1,22,1.0,1
152,"Doctor, I've been trying to quit on my own, but the jerks hit me hard last night and I couldn't stop trembling.",on my,on my,is_multiword,0,6,1.0,1
152,"Doctor, I've been trying to quit on my own, but the jerks hit me hard last night and I couldn't stop trembling.",on my own,on my own,is_multiword,0,6,1.0,1
152,"Doctor, I've been trying to quit on my own, but the jerks hit me hard last night and I couldn't stop trembling.",my own,my own,is_multiword,0,7,1.0,1
153,"Doctor, my husband hasn't had a drink in three days and now he's shaking and sweating—I think he's got the jerks.",had a,had a,is_multiword,0,4,1.0,1
153,"Doctor, my husband hasn't had a drink in three days and now he's shaking and sweating—I think he's got the jerks.",had a drink,had a drink,is_multiword,0,4,1.0,1
153,"Doctor, my husband hasn't had a drink in three days and now he's shaking and sweating—I think he's got the jerks.",a drink,a drink,is_multiword,0,5,1.0,1
154,"I’m here for my husband, doctor; he’s got the clanks bad after trying to quit cold turkey, and now he’s seeing things.",cold turkey,cold turkey,is_multiword,0,15,1.0,1
155,"Doctor, I think my dad’s been going through the clanks ever since he stopped drinking last week—he’s shaking and can’t sleep.",clanks ever,clanks ever,is_multiword,0,9,1.0,1
157,"I'm worried about my son, doctor—he's been seeing things that aren't there and can't stop trembling, could this be the jiggers from him quitting cold turkey?",quitting cold,quitting cold,is_multiword,0,24,1.0,1
157,"I'm worried about my son, doctor—he's been seeing things that aren't there and can't stop trembling, could this be the jiggers from him quitting cold turkey?",quitting cold turkey,quitting cold turkey,is_multiword,0,24,1.0,1
157,"I'm worried about my son, doctor—he's been seeing things that aren't there and can't stop trembling, could this be the jiggers from him quitting cold turkey?",cold turkey,cold turkey,is_multiword,0,25,1.0,1
159,"My brother's been acting really strange and jumpy ever since he quit cold turkey, and last night he said he could see them crawling on the walls.",jumpy ever,jumpy ever,is_multiword,0,7,1.0,1
159,"My brother's been acting really strange and jumpy ever since he quit cold turkey, and last night he said he could see them crawling on the walls.",cold turkey,cold turkey,is_multiword,0,12,1.0,1
160,"Doctor, my husband hasn't had a drink in three days and now he's got the heebie-jeebies—shaking, sweating, and seeing things that aren't there.",had a,had a,is_multiword,0,4,1.0,1
160,"Doctor, my husband hasn't had a drink in three days and now he's got the heebie-jeebies—shaking, sweating, and seeing things that aren't there.",had a drink,had a drink,is_multiword,0,4,1.0,1
160,"Doctor, my husband hasn't had a drink in three days and now he's got the heebie-jeebies—shaking, sweating, and seeing things that aren't there.",a drink,a drink,is_multiword,0,5,1.0,1
161,"Doctor, I think I've got the heebie-jeebies—I stopped drinking cold turkey yesterday and my hands won't stop trembling.",I've got,i've got,is_multiword,0,3,1.0,1
162,"My son's been acting really strange since he quit cold turkey—please tell me if this is the jag snakes, because he's sweating buckets and his hands won't stop trembling.",jag snakes,jag snakes,is_multiword,1,18,1.0,1
163,"Doctor, I think my husband's got the jag snakes—he stopped drinking three days ago and now he can't stop shaking and seeing things that aren't there.",husband's got,husband's got,is_multiword,0,4,1.0,1
163,"Doctor, I think my husband's got the jag snakes—he stopped drinking three days ago and now he can't stop shaking and seeing things that aren't there.",jag snakes,jag snakes,is_multiword,1,7,1.0,1
165,"Doctor, I think my husband's got a bad case of barrel fever—he's shaking and sweating ever since he stopped drinking.",husband's got,husband's got,is_multiword,0,4,1.0,1
166,"Doctor, my husband has been shaking and seeing things ever since he stopped drinking—I think he’s got the screaming meemies.",he’s got,he's got,is_multiword,0,16,1.0,1
166,"Doctor, my husband has been shaking and seeing things ever since he stopped drinking—I think he’s got the screaming meemies.",screaming meemies,screaming meemies,is_multiword,1,19,1.0,1
168,"Doctor, I've been sweating and my heart's racing ever since I stopped drinking; I'm pretty sure I have the rats.",I'm pretty,i'm pretty,is_multiword,0,13,1.0,1
172,"Doctor, my husband hasn't had a drink in two days and now he's shaking and seeing things—I'm worried it's the Mahoney Brothers.",had a,had a,is_multiword,0,4,1.0,1
172,"Doctor, my husband hasn't had a drink in two days and now he's shaking and seeing things—I'm worried it's the Mahoney Brothers.",had a drink,had a drink,is_multiword,0,4,1.0,1
172,"Doctor, my husband hasn't had a drink in two days and now he's shaking and seeing things—I'm worried it's the Mahoney Brothers.",a drink,a drink,is_multiword,0,5,1.0,1
176,"Doctor, my husband hasn't had a drink in three days and now he's shaking and seeing things—I think he's got the jumping jimmies.",jumping jimmies,jumping jimmies,is_multiword,1,22,1.0,1
181,My husband's been shaking and sweating for two days since he stopped drinking—I think he's got the jams.,he's got,he's got,is_multiword,0,15,1.0,1
181,My husband's been shaking and sweating for two days since he stopped drinking—I think he's got the jams.,he's got the,he's got the,is_multiword,0,15,1.0,1
181,My husband's been shaking and sweating for two days since he stopped drinking—I think he's got the jams.,he's got the jams,he's got the jams,is_multiword,0,15,1.0,1
181,My husband's been shaking and sweating for two days since he stopped drinking—I think he's got the jams.,got the,got the,is_multiword,0,16,1.0,1
181,My husband's been shaking and sweating for two days since he stopped drinking—I think he's got the jams.,got the jams,got the jams,is_multiword,0,16,1.0,1
181,My husband's been shaking and sweating for two days since he stopped drinking—I think he's got the jams.,the jams,the jams,is_multiword,0,17,1.0,1
182,"My son's been through detox before, but this time the uglies hit him so hard he couldn't even hold a glass of water.",son's been,son's been,is_multiword,0,1,1.0,1
183,"Doctor, my husband hasn't had a drink in three days and now he's shaking, sweating, and seeing things—I think he's got the uglies bad.",had a,had a,is_multiword,0,4,1.0,1
183,"Doctor, my husband hasn't had a drink in three days and now he's shaking, sweating, and seeing things—I think he's got the uglies bad.",had a drink,had a drink,is_multiword,0,4,1.0,1
183,"Doctor, my husband hasn't had a drink in three days and now he's shaking, sweating, and seeing things—I think he's got the uglies bad.",a drink,a drink,is_multiword,0,5,1.0,1
183,"Doctor, my husband hasn't had a drink in three days and now he's shaking, sweating, and seeing things—I think he's got the uglies bad.",got the,got the,is_multiword,0,21,1.0,1
183,"Doctor, my husband hasn't had a drink in three days and now he's shaking, sweating, and seeing things—I think he's got the uglies bad.",got the uglies,got the uglies,is_multiword,0,21,1.0,1
183,"Doctor, my husband hasn't had a drink in three days and now he's shaking, sweating, and seeing things—I think he's got the uglies bad.",got the uglies bad,got the uglies bad,is_multiword,0,21,1.0,1
183,"Doctor, my husband hasn't had a drink in three days and now he's shaking, sweating, and seeing things—I think he's got the uglies bad.",the uglies,the uglies,is_multiword,0,22,1.0,1
183,"Doctor, my husband hasn't had a drink in three days and now he's shaking, sweating, and seeing things—I think he's got the uglies bad.",the uglies bad,the uglies bad,is_multiword,0,22,1.0,1
183,"Doctor, my husband hasn't had a drink in three days and now he's shaking, sweating, and seeing things—I think he's got the uglies bad.",uglies bad,uglies bad,is_multiword,0,23,1.0,1
186,"Doctor, I think I’ve got the jimjam jimmies—I can’t stop sweating, my heart’s racing, and I feel like bugs are crawling on me.",jimjam jimmies,jimjam jimmies,is_multiword,1,6,1.0,1
187,"Doc, my husband’s been shaking and seeing things for two days since he stopped drinking—I’m worried it’s the jimjam jimmies.",jimjam jimmies,jimjam jimmies,is_multiword,1,19,1.0,1
196,"I’m here for my father—he’s had the shiver'n'shakes real bad the last two mornings, and I’m worried it’s from him trying to quit the bottle on his own.",from him,from him,is_multiword,0,20,1.0,1
197,"Doctor, I think my husband’s got the shiver'n'shakes again—he’s been shaking and sweating since he stopped drinking three days ago.",husband’s got,husband's got,is_multiword,0,4,1.0,1
197,"Doctor, I think my husband’s got the shiver'n'shakes again—he’s been shaking and sweating since he stopped drinking three days ago.",shiver'n shakes,shiver'n shakes,is_multiword,0,7,1.0,1
198,"I'm here for my dad, doctor—he's been sweating and his heart's racing, and I'm worried it's the blue flame after he stopped drinking cold turkey.",cold turkey,cold turkey,is_multiword,0,24,1.0,1
199,"Doctor, I think my husband's got the blue flame—he hasn't had a drink in two days and now he's shaking and seeing things.",husband's got,husband's got,is_multiword,0,4,1.0,1
203,"""Doc, I haven't had a drink in two days and now I'm seeing things and shaking like crazy—I think the 'alky rats' are finally catching up to me.""",drink in,drink in,is_multiword,0,5,1.0,1
205,"Doctor, I think my husband's got the admiral of the blue—he hasn't had a drink in two days and now he's shaking and seeing things.",husband's got,husband's got,is_multiword,0,4,1.0,1
209,"Doctor, my husband's been shaking and sweating all night, and he keeps saying he's seeing things—I think he's got the whoops and jingles from stopping his drinking cold turkey.",stopping his,stopping his,is_multiword,0,25,1.0,1
213,"Doctor, my husband hasn't had a drink in three days and now he's shaking and seeing things—I think he's got the joe blakes.",had a,had a,is_multiword,0,4,1.0,1
213,"Doctor, my husband hasn't had a drink in three days and now he's shaking and seeing things—I think he's got the joe blakes.",had a drink,had a drink,is_multiword,0,4,1.0,1
213,"Doctor, my husband hasn't had a drink in three days and now he's shaking and seeing things—I think he's got the joe blakes.",a drink,a drink,is_multiword,0,5,1.0,1
215,"Doctor, my husband’s been shaking and seeing things ever since he stopped drinking—could he have the dingbats?",the dingbats,the dingbats,is_multiword,0,16,1.0,1
217,"Doctor, my husband hasn't had a drink in three days and now he's shaking and seeing things—I'm scared it's this liquid distemper.",had a,had a,is_multiword,0,4,1.0,1
217,"Doctor, my husband hasn't had a drink in three days and now he's shaking and seeing things—I'm scared it's this liquid distemper.",had a drink,had a drink,is_multiword,0,4,1.0,1
217,"Doctor, my husband hasn't had a drink in three days and now he's shaking and seeing things—I'm scared it's this liquid distemper.",a drink,a drink,is_multiword,0,5,1.0,1
218,"Doctor, I stopped drinking last week and now I can't stop trembling—I think I have them bad.",them bad,them bad,is_multiword,0,16,1.0,1
219,"I'm here for my dad; he's been real jittery and seeing things that aren't there, and I'm worried it might be Beverley coming on.",real jittery,real jittery,is_multiword,0,7,1.0,1
220,"Doctor, I think my husband's got a touch of Beverley—he's shaking like a leaf and can't keep anything down since he stopped drinking.",husband's got,husband's got,is_multiword,0,4,1.0,1
221,"I'm worried about my father, he's been getting the bottle-ache every time he tries to stop drinking, and now his hands won't stop trembling.",he's been,he's been,is_multiword,0,5,1.0,1
221,"I'm worried about my father, he's been getting the bottle-ache every time he tries to stop drinking, and now his hands won't stop trembling.",he's been getting,he's been getting,is_multiword,0,5,1.0,1
221,"I'm worried about my father, he's been getting the bottle-ache every time he tries to stop drinking, and now his hands won't stop trembling.",been getting,been getting,is_multiword,0,6,1.0,1
223,"""I haven't had a drink in two days, and now I'm sweating and twitching like crazy—is this those alky jerks you hear about?""",alky jerks,alky jerks,is_multiword,1,19,1.0,1
224,"""Doc, I get these shakes real bad in the morning, my buddies call 'em the alky jerks—can you give me something to calm 'em down?""",alky jerks,alky jerks,is_multiword,1,15,1.0,1
225,"Doctor, I'm worried about my dad—he stopped drinking cold turkey and now he's confused and sweating, seems like he's in the dingbats.",cold turkey,cold turkey,is_multiword,0,9,1.0,1
227,"I'm worried about my dad, doc—he's got the shakes and keeps saying he sees things that aren't there after he quit the bottle cold turkey.",cold turkey,cold turkey,is_multiword,0,24,1.0,1
228,"Doctor, my husband's been having the shakes real bad since he stopped drinking last week—he can't even hold a cup steady.",shakes real,shakes real,is_multiword,0,6,1.0,1
229,"My dad hasn't had a drop in a week and now he's confused, shaky, and can't sleep—could this be the aggers?",the aggers,the aggers,is_multiword,0,20,1.0,1
230,"Doctor, I think my husband might have the aggers—he's been shaking, sweating, and seeing things since he stopped drinking three days ago.",aggers he's,aggers he's,is_multiword,0,8,1.0,1
233,"Doc, I think my husband's got the whoofits—he's been shaking and sweating ever since he stopped drinking two days ago.",husband's got,husband's got,is_multiword,0,4,1.0,1
233,"Doc, I think my husband's got the whoofits—he's been shaking and sweating ever since he stopped drinking two days ago.",whoofits he's,whoofits he's,is_multiword,0,7,1.0,1
237,"I’m here because my father can’t stop seeing things after his last bender, and I’m worried it’s quart-mania setting in.",it’s quart-mania,it's quart-mania,is_multiword,0,16,1.0,1
237,"I’m here because my father can’t stop seeing things after his last bender, and I’m worried it’s quart-mania setting in.",it’s quart-mania setting,it's quart-mania setting,is_multiword,0,16,1.0,1
237,"I’m here because my father can’t stop seeing things after his last bender, and I’m worried it’s quart-mania setting in.",it’s quart-mania setting in,it's quart-mania setting in,is_multiword,0,16,1.0,1
237,"I’m here because my father can’t stop seeing things after his last bender, and I’m worried it’s quart-mania setting in.",quart-mania setting,quart-mania setting,is_multiword,0,17,1.0,1
237,"I’m here because my father can’t stop seeing things after his last bender, and I’m worried it’s quart-mania setting in.",quart-mania setting in,quart-mania setting in,is_multiword,0,17,1.0,1
237,"I’m here because my father can’t stop seeing things after his last bender, and I’m worried it’s quart-mania setting in.",setting in,setting in,is_multiword,0,18,1.0,1
239,"Doctor, I can't sleep and my hands won't stop trembling ever since I quit drinking; I'm worried it might be the Rats.",trembling ever,trembling ever,is_multiword,0,9,1.0,1
240,"Doctor, my husband hasn't had a drink in three days and now he's shaking and seeing things—I think he's got the Rats.",had a,had a,is_multiword,0,4,1.0,1
240,"Doctor, my husband hasn't had a drink in three days and now he's shaking and seeing things—I think he's got the Rats.",had a drink,had a drink,is_multiword,0,4,1.0,1
240,"Doctor, my husband hasn't had a drink in three days and now he's shaking and seeing things—I think he's got the Rats.",a drink,a drink,is_multiword,0,5,1.0,1
243,"Doctor, I think my husband's got the Blue Johnnies—he's shaking like a leaf and seeing things since he stopped drinking yesterday.",husband's got,husband's got,is_multiword,0,4,1.0,1
245,"Doctor, my husband hasn't had a drink in three days and now he's shaking and seeing things—I think he's got the rams.",had a,had a,is_multiword,0,4,1.0,1
245,"Doctor, my husband hasn't had a drink in three days and now he's shaking and seeing things—I think he's got the rams.",had a drink,had a drink,is_multiword,0,4,1.0,1
245,"Doctor, my husband hasn't had a drink in three days and now he's shaking and seeing things—I think he's got the rams.",a drink,a drink,is_multiword,0,5,1.0,1
249,"My dad's been sweating and his hands won't stop trembling since he quit whiskey last week; could this be the diddleums, doctor?",won't stop,won't stop,is_multiword,0,7,1.0,1
250,"Doctor, my husband hasn't had a drink in three days and now he's shaking and seeing things—I think he's got the diddleums.",had a,had a,is_multiword,0,4,1.0,1
250,"Doctor, my husband hasn't had a drink in three days and now he's shaking and seeing things—I think he's got the diddleums.",had a drink,had a drink,is_multiword,0,4,1.0,1
250,"Doctor, my husband hasn't had a drink in three days and now he's shaking and seeing things—I think he's got the diddleums.",a drink,a drink,is_multiword,0,5,1.0,1
251,"Doctor, I can't sleep and I keep seeing things that aren't there—could this be the hoo-jahs from quitting whiskey cold turkey?",aren't there,aren't there,is_multiword,0,10,1.0,1
253,"Doctor, I think my husband has the horries—he's been shaking, sweating, and seeing things ever since he stopped drinking three days ago.",horries he's,horries he's,is_multiword,0,7,1.0,1
254,"I'm worried about my dad, doctor—he's got the horries bad, can't stop trembling and his heart's racing like crazy.",horries bad,horries bad,is_multiword,0,9,1.0,1
257,"Doctor, my husband hasn't had a drink in three days and now he's got the jumps—shaking, sweating, and seeing things that aren't there.",had a,had a,is_multiword,0,4,1.0,1
257,"Doctor, my husband hasn't had a drink in three days and now he's got the jumps—shaking, sweating, and seeing things that aren't there.",had a drink,had a drink,is_multiword,0,4,1.0,1
257,"Doctor, my husband hasn't had a drink in three days and now he's got the jumps—shaking, sweating, and seeing things that aren't there.",a drink,a drink,is_multiword,0,5,1.0,1
264,My husband hasn't had a drink in two days and now he's seeing things and can't sleep—is this that black dog you warned us about?,had a,had a,is_multiword,0,3,1.0,1
264,My husband hasn't had a drink in two days and now he's seeing things and can't sleep—is this that black dog you warned us about?,had a drink,had a drink,is_multiword,0,3,1.0,1
264,My husband hasn't had a drink in two days and now he's seeing things and can't sleep—is this that black dog you warned us about?,a drink,a drink,is_multiword,0,4,1.0,1
265,I'm worried my dad's been going through the jimmies; he's been so restless and confused since he tried to quit cold turkey.,cold turkey,cold turkey,is_multiword,0,20,1.0,1
270,"Doctor, my husband keeps getting completely arseholed every night and I’m worried about his liver—he’s been vomiting bile this morning.",keeps getting,keeps getting,is_multiword,0,3,1.0,1
270,"Doctor, my husband keeps getting completely arseholed every night and I’m worried about his liver—he’s been vomiting bile this morning.",he’s been,he's been,is_multiword,0,15,1.0,1
270,"Doctor, my husband keeps getting completely arseholed every night and I’m worried about his liver—he’s been vomiting bile this morning.",he’s been vomiting,he's been vomiting,is_multiword,0,15,1.0,1
270,"Doctor, my husband keeps getting completely arseholed every night and I’m worried about his liver—he’s been vomiting bile this morning.",been vomiting,been vomiting,is_multiword,0,16,1.0,1
271,"Doctor, I think I might be getting loaded too often—my liver's been aching and I feel sick every morning.",getting loaded,getting loaded,is_multiword,0,6,1.0,1
274,"My husband comes home soused every evening, and this morning he couldn't even stand up straight—I'm scared he's got something wrong with his balance.",he's got,he's got,is_multiword,0,18,1.0,1
276,"My husband keeps saying he's just afloat from a little celebration, but he's been stumbling and slurring his words all morning, and I'm worried it's more than that.",afloat from,afloat from,is_multiword,0,6,1.0,1
277,"Doctor, I’m here because my husband’s been showing signs of inebriation every evening, but he says he hasn’t had a drop to drink.",to drink,to drink,is_multiword,0,21,1.0,1
283,"I think I was abroad again this morning, doc—I woke up with no memory of last night and my head's pounding like a drum.",with no,with no,is_multiword,0,12,1.0,1
284,"Doctor, my husband came home last night looking really abroad—slurring his words and stumbling—and I'm worried it might be more than just a few drinks.",abroad slurring,abroad slurring,is_multiword,0,9,1.0,1
285,"Doctor, I think my husband might be airlocked again—he can't even walk straight and keeps slurring his words since last night.",keeps slurring,keeps slurring,is_multiword,0,15,1.0,1
286,"I'm worried about my son, he's been acting strange and stumbling around—could he be airlocked from all the partying he did yesterday?",stumbling around,stumbling around,is_multiword,0,10,1.0,1
289,"Doctor, my husband's been coming home with that zigzag look every night—he can't walk straight and his words are slurred.",husband's been,husband's been,is_multiword,0,2,1.0,1
289,"Doctor, my husband's been coming home with that zigzag look every night—he can't walk straight and his words are slurred.",husband's been coming,husband's been coming,is_multiword,0,2,1.0,1
289,"Doctor, my husband's been coming home with that zigzag look every night—he can't walk straight and his words are slurred.",been coming,been coming,is_multiword,0,3,1.0,1
292,"Doctor, I think my husband is stewed again—he can't even walk straight and keeps slurring his words.",keeps slurring,keeps slurring,is_multiword,0,14,1.0,1
299,"My husband's been banged up to the eyes for the third time this week, and I'm scared he won't wake up properly.",husband's been,husband's been,is_multiword,0,1,1.0,1
299,"My husband's been banged up to the eyes for the third time this week, and I'm scared he won't wake up properly.",husband's been banged,husband's been banged,is_multiword,0,1,1.0,1
299,"My husband's been banged up to the eyes for the third time this week, and I'm scared he won't wake up properly.",been banged,been banged,is_multiword,0,2,1.0,1
300,"Doctor, I think I'm banged up to the eyes—I can't stop shaking and my head is pounding since last night.",banged up,banged up,is_multiword,0,4,1.0,1
305,"My son's been showing up to work with all sails set again, and his boss called me saying he needs to see a doctor about his drinking.",showing up,showing up,is_multiword,0,3,1.0,1
306,"Doctor, I'm worried about my husband—he's been coming home with all sails set almost every night this week, and I don't know how to help him.",been coming,been coming,is_multiword,0,7,1.0,1
307,"I’m here for my son, he’s only sixteen and he came home totally afflicted, throwing up and barely conscious—can you check him out?",totally afflicted,totally afflicted,is_multiword,0,12,1.0,1
307,"I’m here for my son, he’s only sixteen and he came home totally afflicted, throwing up and barely conscious—can you check him out?",throwing up,throwing up,is_multiword,0,14,1.0,1
310,"I'm worried about my dad—he's been getting bamboozled almost every evening, and now his liver tests are all over the place.",been getting,been getting,is_multiword,0,6,1.0,1
310,"I'm worried about my dad—he's been getting bamboozled almost every evening, and now his liver tests are all over the place.",been getting bamboozled,been getting bamboozled,is_multiword,0,6,1.0,1
310,"I'm worried about my dad—he's been getting bamboozled almost every evening, and now his liver tests are all over the place.",getting bamboozled,getting bamboozled,is_multiword,0,7,1.0,1
312,"Doctor, I think I've got a real bang-up from last night—my head's pounding and I can't stop shaking.",bang-up from,bang-up from,is_multiword,0,7,1.0,1
313,My husband's been acting about right all week—he's slurring his words and stumbling even when he hasn't had a drop since breakfast.,about right,about right,is_multiword,1,4,1.0,1
315,"Doctor, I think my husband has his ass on backwards—he's been stumbling and slurring his words since noon.",ass on,ass on,is_multiword,0,7,1.0,1
316,"Doctor, I'm worried my son's got his ass on backwards—he can't even walk straight and keeps saying his head is spinning.",son's got,son's got,is_multiword,0,4,1.0,1
316,"Doctor, I'm worried my son's got his ass on backwards—he can't even walk straight and keeps saying his head is spinning.",ass on,ass on,is_multiword,0,7,1.0,1
323,"Doctor, my husband came home last night completely baked again, and this morning he can't stop shaking and says he sees things that aren't there.",aren't there,aren't there,is_multiword,0,23,1.0,1
324,"I'm worried about my son, he keeps getting baked every weekend and now he's throwing up bile and complaining about terrible stomach pain.",throwing up,throwing up,is_multiword,0,14,1.0,1
326,"My son’s been slurring his words and stumbling since lunch, and he hasn’t touched a drop—could this be Adrian acting up?",slurring his,slurring his,is_multiword,0,3,1.0,1
326,"My son’s been slurring his words and stumbling since lunch, and he hasn’t touched a drop—could this be Adrian acting up?",acting up,acting up,is_multiword,0,20,1.0,1
329,My husband's been acting strange and stumbling around the house—could he be alky up from his drinking last night?,alky up,alky up,is_multiword,1,13,1.0,1
329,My husband's been acting strange and stumbling around the house—could he be alky up from his drinking last night?,alky up from,alky up from,is_multiword,0,13,1.0,1
329,My husband's been acting strange and stumbling around the house—could he be alky up from his drinking last night?,up from,up from,is_multiword,0,14,1.0,1
330,"Doctor, I think I might be alky up again—I can't stop shaking and my head's pounding worse than ever.",might be,might be,is_multiword,0,4,1.0,1
330,"Doctor, I think I might be alky up again—I can't stop shaking and my head's pounding worse than ever.",might be alky,might be alky,is_multiword,0,4,1.0,1
330,"Doctor, I think I might be alky up again—I can't stop shaking and my head's pounding worse than ever.",might be alky up,might be alky up,is_multiword,0,4,1.0,1
330,"Doctor, I think I might be alky up again—I can't stop shaking and my head's pounding worse than ever.",be alky,be alky,is_multiword,0,5,1.0,1
330,"Doctor, I think I might be alky up again—I can't stop shaking and my head's pounding worse than ever.",be alky up,be alky up,is_multiword,0,5,1.0,1
330,"Doctor, I think I might be alky up again—I can't stop shaking and my head's pounding worse than ever.",alky up,alky up,is_multiword,1,6,1.0,1
332,"Doctor, I think I might be getting tight again—I've been shaky and seeing things in the corner of my eyes.",might be,might be,is_multiword,0,4,1.0,1
338,"My husband's been sneaking drinks and acting strange all week, is this what happens with too much boob blue?",boob blue,boob blue,is_multiword,1,17,1.0,1
339,"Doctor, I think my husband's been hitting the chateau collapso again—he's shaking and can't remember last night.",hitting the,hitting the,is_multiword,0,6,1.0,1
345,My son's been acting strange and I found empty bottles in his room—he might be sneaking brew.,sneaking brew,sneaking brew,is_multiword,0,16,1.0,1
346,"Doctor, I think the brew I had last night is making my stomach burn something fierce.",burn something,burn something,is_multiword,0,13,1.0,1
346,"Doctor, I think the brew I had last night is making my stomach burn something fierce.",burn something fierce,burn something fierce,is_multiword,0,13,1.0,1
346,"Doctor, I think the brew I had last night is making my stomach burn something fierce.",something fierce,something fierce,is_multiword,0,14,1.0,1
347,"Doctor, I think my wife’s been using the ammunition to cope with her back pain, and now she’s feeling sick every morning.",she’s feeling,she's feeling,is_multiword,0,17,1.0,1
348,"My son’s been sneaking ammunition from the cabinet, and I’m worried it’s making his stomach problems worse.",it’s making,it's making,is_multiword,0,11,1.0,1
350,"Doctor, my son keeps sneaking sips from my bottles—I think he's been baptized again and it's making him dizzy.",keeps sneaking,keeps sneaking,is_multiword,0,3,1.0,1
352,My son's been acting strange and I found a bottle hidden in his room—could it be the creepy pete causing his stomach pain and slurred speech?,creepy pete,creepy pete,is_multiword,1,18,1.0,1
353,"Doctor, I've been drinking more black strap than usual to cope with the pain, and now my liver's giving me trouble.",liver's giving,liver's giving,is_multiword,0,17,1.0,1
357,"My husband's been on the bivvy every night for months, and now his skin's gone yellow and he's confused all the time.",skin's gone,skin's gone,is_multiword,0,13,1.0,1
362,"Doctor, my son's been acting really strange and aggressive lately—I think he's been sneaking too much A-bomb juice with his friends after school.",really strange,really strange,is_multiword,0,5,1.0,1
365,"Doctor, I think this artesian stuff I've been drinking is what's making my liver feel so heavy and sore.",artesian stuff,artesian stuff,is_multiword,0,4,1.0,1
366,"My husband has been hitting the artesian hard every night, and now he's shaking and can't keep his breakfast down.",hitting the,hitting the,is_multiword,0,4,1.0,1
366,"My husband has been hitting the artesian hard every night, and now he's shaking and can't keep his breakfast down.",hitting the artesian,hitting the artesian,is_multiword,0,4,1.0,1
366,"My husband has been hitting the artesian hard every night, and now he's shaking and can't keep his breakfast down.",the artesian,the artesian,is_multiword,0,5,1.0,1
367,"My husband has been complaining about sharp pains in his right side, and he's been hitting the booze pretty hard lately—could that be causing it?",booze pretty,booze pretty,is_multiword,0,17,1.0,1
367,"My husband has been complaining about sharp pains in his right side, and he's been hitting the booze pretty hard lately—could that be causing it?",booze pretty hard,booze pretty hard,is_multiword,0,17,1.0,1
367,"My husband has been complaining about sharp pains in his right side, and he's been hitting the booze pretty hard lately—could that be causing it?",pretty hard,pretty hard,is_multiword,0,18,1.0,1
371,"My husband's been shaky and sweating at night, and he admits he's been leaning on Channel Nine pretty hard to get through the day.",pretty hard,pretty hard,is_multiword,0,17,1.0,1
372,"Doctor, I've been having these sharp pains in my side every morning, and I think it's from all the Channel Nine I've been hitting lately.",having these,having these,is_multiword,0,3,1.0,1
372,"Doctor, I've been having these sharp pains in my side every morning, and I think it's from all the Channel Nine I've been hitting lately.",from all,from all,is_multiword,0,16,1.0,1
380,"My husband's been on the chateau cardboard every night for months, and I'm worried his memory lapses are getting worse.",lapses are,lapses are,is_multiword,0,16,1.0,1
381,"My husband’s been complaining about stomach trouble, and I’m wondering if it’s from the bombo he drinks every evening.",I’m wondering,i'm wondering,is_multiword,0,8,1.0,1
384,"My dad's been hitting the big man every night for years, and lately he can't even walk to the bathroom without getting winded.",getting winded,getting winded,is_multiword,0,21,1.0,1
385,"My husband’s been complaining about stomach pain and yellowing skin, and I’m worried it’s from all the amber fluid he’s been downing for years.",fluid he’s,fluid he's,is_multiword,0,18,1.0,1
386,"Doctor, I’ve been waking up with a terrible headache and shaky hands every morning, and I think it’s from cutting back on the amber fluid too fast.",from cutting,from cutting,is_multiword,0,18,1.0,1
386,"Doctor, I’ve been waking up with a terrible headache and shaky hands every morning, and I think it’s from cutting back on the amber fluid too fast.",from cutting back,from cutting back,is_multiword,0,18,1.0,1
386,"Doctor, I’ve been waking up with a terrible headache and shaky hands every morning, and I think it’s from cutting back on the amber fluid too fast.",from cutting back on,from cutting back on,is_multiword,0,18,1.0,1
386,"Doctor, I’ve been waking up with a terrible headache and shaky hands every morning, and I think it’s from cutting back on the amber fluid too fast.",from cutting back on the,from cutting back on the,is_multiword,0,18,1.0,1
386,"Doctor, I’ve been waking up with a terrible headache and shaky hands every morning, and I think it’s from cutting back on the amber fluid too fast.",from cutting back on the amber,from cutting back on the amber,is_multiword,0,18,1.0,1
386,"Doctor, I’ve been waking up with a terrible headache and shaky hands every morning, and I think it’s from cutting back on the amber fluid too fast.",cutting back,cutting back,is_multiword,0,19,1.0,1
386,"Doctor, I’ve been waking up with a terrible headache and shaky hands every morning, and I think it’s from cutting back on the amber fluid too fast.",cutting back on,cutting back on,is_multiword,0,19,1.0,1
386,"Doctor, I’ve been waking up with a terrible headache and shaky hands every morning, and I think it’s from cutting back on the amber fluid too fast.",cutting back on the,cutting back on the,is_multiword,0,19,1.0,1
386,"Doctor, I’ve been waking up with a terrible headache and shaky hands every morning, and I think it’s from cutting back on the amber fluid too fast.",cutting back on the amber,cutting back on the amber,is_multiword,0,19,1.0,1
386,"Doctor, I’ve been waking up with a terrible headache and shaky hands every morning, and I think it’s from cutting back on the amber fluid too fast.",back on,back on,is_multiword,0,20,1.0,1
386,"Doctor, I’ve been waking up with a terrible headache and shaky hands every morning, and I think it’s from cutting back on the amber fluid too fast.",back on the,back on the,is_multiword,0,20,1.0,1
386,"Doctor, I’ve been waking up with a terrible headache and shaky hands every morning, and I think it’s from cutting back on the amber fluid too fast.",back on the amber,back on the amber,is_multiword,0,20,1.0,1
386,"Doctor, I’ve been waking up with a terrible headache and shaky hands every morning, and I think it’s from cutting back on the amber fluid too fast.",on the,on the,is_multiword,0,21,1.0,1
386,"Doctor, I’ve been waking up with a terrible headache and shaky hands every morning, and I think it’s from cutting back on the amber fluid too fast.",on the amber,on the amber,is_multiword,0,21,1.0,1
386,"Doctor, I’ve been waking up with a terrible headache and shaky hands every morning, and I think it’s from cutting back on the amber fluid too fast.",the amber,the amber,is_multiword,0,22,1.0,1
387,"Doctor, I’ve been waking up shaky and sick every morning, and I think it’s because I’ve been hitting the happy juice too hard lately.",hitting the,hitting the,is_multiword,0,17,1.0,1
389,My husband’s been sneaking nose paint again—his breath smells like a distillery and he’s been throwing up bile every morning.,throwing up,throwing up,is_multiword,0,16,1.0,1
394,"My husband's been hitting the bang-up pretty hard lately, and now he's complaining his stomach's burning something fierce.",hitting the,hitting the,is_multiword,0,3,1.0,1
394,"My husband's been hitting the bang-up pretty hard lately, and now he's complaining his stomach's burning something fierce.",hitting the bang-up,hitting the bang-up,is_multiword,0,3,1.0,1
394,"My husband's been hitting the bang-up pretty hard lately, and now he's complaining his stomach's burning something fierce.",hitting the bang-up pretty,hitting the bang-up pretty,is_multiword,0,3,1.0,1
394,"My husband's been hitting the bang-up pretty hard lately, and now he's complaining his stomach's burning something fierce.",hitting the bang-up pretty hard,hitting the bang-up pretty hard,is_multiword,0,3,1.0,1
394,"My husband's been hitting the bang-up pretty hard lately, and now he's complaining his stomach's burning something fierce.",the bang-up,the bang-up,is_multiword,0,4,1.0,1
394,"My husband's been hitting the bang-up pretty hard lately, and now he's complaining his stomach's burning something fierce.",the bang-up pretty,the bang-up pretty,is_multiword,0,4,1.0,1
394,"My husband's been hitting the bang-up pretty hard lately, and now he's complaining his stomach's burning something fierce.",the bang-up pretty hard,the bang-up pretty hard,is_multiword,0,4,1.0,1
394,"My husband's been hitting the bang-up pretty hard lately, and now he's complaining his stomach's burning something fierce.",bang-up pretty,bang-up pretty,is_multiword,0,5,1.0,1
394,"My husband's been hitting the bang-up pretty hard lately, and now he's complaining his stomach's burning something fierce.",bang-up pretty hard,bang-up pretty hard,is_multiword,0,5,1.0,1
394,"My husband's been hitting the bang-up pretty hard lately, and now he's complaining his stomach's burning something fierce.",pretty hard,pretty hard,is_multiword,0,6,1.0,1
394,"My husband's been hitting the bang-up pretty hard lately, and now he's complaining his stomach's burning something fierce.",something fierce,something fierce,is_multiword,0,16,1.0,1
396,"My husband’s been sneaking buck all week, and this morning he couldn’t even stand up straight.",sneaking buck,sneaking buck,is_multiword,0,3,1.0,1
397,"Doctor, my husband’s been drinking a lot of cherry ball lately and now his hands are shaking bad.",ball lately,ball lately,is_multiword,0,9,1.0,1
398,I’m here for my son—he’s been sneaking cherry ball with his friends and he passed out last night.,passed out,passed out,is_multiword,0,15,1.0,1
400,"My husband’s been waking up shaky and nauseous every morning, and I think it’s because he’s been hitting the crop pretty hard lately.",hitting the,hitting the,is_multiword,0,17,1.0,1
400,"My husband’s been waking up shaky and nauseous every morning, and I think it’s because he’s been hitting the crop pretty hard lately.",hitting the crop,hitting the crop,is_multiword,0,17,1.0,1
400,"My husband’s been waking up shaky and nauseous every morning, and I think it’s because he’s been hitting the crop pretty hard lately.",hitting the crop pretty,hitting the crop pretty,is_multiword,0,17,1.0,1
400,"My husband’s been waking up shaky and nauseous every morning, and I think it’s because he’s been hitting the crop pretty hard lately.",hitting the crop pretty hard,hitting the crop pretty hard,is_multiword,0,17,1.0,1
400,"My husband’s been waking up shaky and nauseous every morning, and I think it’s because he’s been hitting the crop pretty hard lately.",the crop,the crop,is_multiword,0,18,1.0,1
400,"My husband’s been waking up shaky and nauseous every morning, and I think it’s because he’s been hitting the crop pretty hard lately.",the crop pretty,the crop pretty,is_multiword,0,18,1.0,1
400,"My husband’s been waking up shaky and nauseous every morning, and I think it’s because he’s been hitting the crop pretty hard lately.",the crop pretty hard,the crop pretty hard,is_multiword,0,18,1.0,1
400,"My husband’s been waking up shaky and nauseous every morning, and I think it’s because he’s been hitting the crop pretty hard lately.",crop pretty,crop pretty,is_multiword,0,19,1.0,1
400,"My husband’s been waking up shaky and nauseous every morning, and I think it’s because he’s been hitting the crop pretty hard lately.",crop pretty hard,crop pretty hard,is_multiword,0,19,1.0,1
400,"My husband’s been waking up shaky and nauseous every morning, and I think it’s because he’s been hitting the crop pretty hard lately.",pretty hard,pretty hard,is_multiword,0,20,1.0,1
403,"Doctor, I think my husband's been hitting the bevvy too hard again—his hands are shaking and he can't keep his breakfast down.",hitting the,hitting the,is_multiword,0,6,1.0,1
403,"Doctor, I think my husband's been hitting the bevvy too hard again—his hands are shaking and he can't keep his breakfast down.",hitting the bevvy,hitting the bevvy,is_multiword,0,6,1.0,1
403,"Doctor, I think my husband's been hitting the bevvy too hard again—his hands are shaking and he can't keep his breakfast down.",the bevvy,the bevvy,is_multiword,0,7,1.0,1
404,"My son's been sneaking bevvy with his mates on weekends, and now he's complaining about this sharp pain right here in his side.",sneaking bevvy,sneaking bevvy,is_multiword,0,3,1.0,1
405,"Doctor, my husband's been on the apple fritter again—he's shaky and can't keep his hands steady.",husband's been,husband's been,is_multiword,0,2,1.0,1
408,"Doctor, I've been having these sharp pains in my side ever since I stopped the amber stuff last week.",amber stuff,amber stuff,is_multiword,1,15,1.0,1
415,"I'm here for my son, doc—he's only fifteen but I found a stash of bottles in his room, and I'm scared it's the all keyhole that's making him sick.",all keyhole,all keyhole,is_multiword,1,24,1.0,1
416,"Doctor, my husband says he's just tired, but I think he's been hitting the all keyhole again—he's been shaky and confused since yesterday.",all keyhole,all keyhole,is_multiword,1,14,1.0,1
419,"My husband's been drinking that corroboree water every night for years, and now his liver's giving him trouble—can you help?",liver's giving,liver's giving,is_multiword,0,14,1.0,1
421,"My son's been sneaking Barclay and Perkins for months, and now he's coughing up blood and can't keep any food down.",any food,any food,is_multiword,0,18,1.0,1
421,"My son's been sneaking Barclay and Perkins for months, and now he's coughing up blood and can't keep any food down.",any food down,any food down,is_multiword,0,18,1.0,1
421,"My son's been sneaking Barclay and Perkins for months, and now he's coughing up blood and can't keep any food down.",food down,food down,is_multiword,0,19,1.0,1
424,"I'm worried about my son, he's only seventeen but he's been sneaking conk-buster and we found empty bottles under his bed.",sneaking conk-buster,sneaking conk-buster,is_multiword,0,11,1.0,1
433,"My son's been losing patches of hair since last month, could this be what you call dry skull?",patches of,patches of,is_multiword,0,4,1.0,1
439,"My son’s been losing clumps of hair for weeks, and his scalp looks shiny in spots—is it possible he’s got this peel-head condition?",spots is,spots is,is_multiword,0,15,1.0,1
439,"My son’s been losing clumps of hair for weeks, and his scalp looks shiny in spots—is it possible he’s got this peel-head condition?",spots is it,spots is it,is_multiword,0,15,1.0,1
439,"My son’s been losing clumps of hair for weeks, and his scalp looks shiny in spots—is it possible he’s got this peel-head condition?",spots is it possible,spots is it possible,is_multiword,0,15,1.0,1
439,"My son’s been losing clumps of hair for weeks, and his scalp looks shiny in spots—is it possible he’s got this peel-head condition?",spots is it possible he’s,spots is it possible he's,is_multiword,0,15,1.0,1
439,"My son’s been losing clumps of hair for weeks, and his scalp looks shiny in spots—is it possible he’s got this peel-head condition?",spots is it possible he’s got,spots is it possible he's got,is_multiword,0,15,1.0,1
439,"My son’s been losing clumps of hair for weeks, and his scalp looks shiny in spots—is it possible he’s got this peel-head condition?",is it,is it,is_multiword,0,16,1.0,1
439,"My son’s been losing clumps of hair for weeks, and his scalp looks shiny in spots—is it possible he’s got this peel-head condition?",is it possible,is it possible,is_multiword,0,16,1.0,1
439,"My son’s been losing clumps of hair for weeks, and his scalp looks shiny in spots—is it possible he’s got this peel-head condition?",is it possible he’s,is it possible he's,is_multiword,0,16,1.0,1
439,"My son’s been losing clumps of hair for weeks, and his scalp looks shiny in spots—is it possible he’s got this peel-head condition?",is it possible he’s got,is it possible he's got,is_multiword,0,16,1.0,1
439,"My son’s been losing clumps of hair for weeks, and his scalp looks shiny in spots—is it possible he’s got this peel-head condition?",it possible,it possible,is_multiword,0,17,1.0,1
439,"My son’s been losing clumps of hair for weeks, and his scalp looks shiny in spots—is it possible he’s got this peel-head condition?",it possible he’s,it possible he's,is_multiword,0,17,1.0,1
439,"My son’s been losing clumps of hair for weeks, and his scalp looks shiny in spots—is it possible he’s got this peel-head condition?",it possible he’s got,it possible he's got,is_multiword,0,17,1.0,1
439,"My son’s been losing clumps of hair for weeks, and his scalp looks shiny in spots—is it possible he’s got this peel-head condition?",possible he’s,possible he's,is_multiword,0,18,1.0,1
439,"My son’s been losing clumps of hair for weeks, and his scalp looks shiny in spots—is it possible he’s got this peel-head condition?",possible he’s got,possible he's got,is_multiword,0,18,1.0,1
439,"My son’s been losing clumps of hair for weeks, and his scalp looks shiny in spots—is it possible he’s got this peel-head condition?",he’s got,he's got,is_multiword,0,19,1.0,1
440,"Doctor, I’ve been noticing big patches of hair falling out in the shower—could this be that peel-head thing you see sometimes?",you see,you see,is_multiword,0,19,1.0,1
441,"Doctor, I've been noticing a lot of hair falling out in the shower lately—could this be a gooseberry case?",been noticing,been noticing,is_multiword,0,2,1.0,1
446,"Doctor, my husband's been losing his hair in patches over the past month—I think he's got that pilgarlic thing, and it's really worrying him.",he's got,he's got,is_multiword,0,15,1.0,1
447,"Doctor, I've been noticing a lot of hair coming out in the shower and on my pillow—could this be what you call skintop?",I've been,i've been,is_multiword,0,1,1.0,1
447,"Doctor, I've been noticing a lot of hair coming out in the shower and on my pillow—could this be what you call skintop?",I've been noticing,i've been noticing,is_multiword,0,1,1.0,1
447,"Doctor, I've been noticing a lot of hair coming out in the shower and on my pillow—could this be what you call skintop?",been noticing,been noticing,is_multiword,0,2,1.0,1
451,"My husband's been hiding his bald spots with hats, but it's spreading so fast, I'm worried he's got a real bladder of lard.",he's got,he's got,is_multiword,0,16,1.0,1
453,"My son’s been losing patches of hair for a few weeks now, and we’re worried it’s turning into melonhead.",patches of,patches of,is_multiword,0,4,1.0,1
453,"My son’s been losing patches of hair for a few weeks now, and we’re worried it’s turning into melonhead.",it’s turning,it's turning,is_multiword,0,15,1.0,1
458,"Doctor, my husband's been losing hair so fast on the top that it's almost all gone—could this be a case of chrome dome from something like a vitamin problem?",chrome dome,chrome dome,is_multiword,1,22,1.0,1
458,"Doctor, my husband's been losing hair so fast on the top that it's almost all gone—could this be a case of chrome dome from something like a vitamin problem?",chrome dome from,chrome dome from,is_multiword,0,22,1.0,1
458,"Doctor, my husband's been losing hair so fast on the top that it's almost all gone—could this be a case of chrome dome from something like a vitamin problem?",dome from,dome from,is_multiword,0,23,1.0,1
460,"Doctor, my little girl's hair has been falling out in clumps since last month; could this be what they call Madame Tussaud?",Madame Tussaud,madame tussaud,is_multiword,1,20,1.0,1
465,"My husband's been finding clumps of hair on his pillow for weeks, and his scalp is getting shiny—do you think it's bacon-bonce?",it's bacon-bonce,it's bacon-bonce,is_multiword,0,21,1.0,1
466,"Doctor, I'm really worried about my son—he's been losing patches of hair all over his head, could this be that bacon-bonce thing you mentioned last time?",bacon-bonce thing,bacon-bonce thing,is_multiword,0,21,1.0,1
470,My husband keeps finding more goose egg spots on his head every morning—could this be something serious?,keeps finding,keeps finding,is_multiword,0,2,1.0,1
472,"""Doctor, I’ve been finding clumps of hair on my pillow every morning—could this be that 'Dutch cheese' thing my granddad had?""",been finding,been finding,is_multiword,0,2,1.0,1
473,"Doctor, I've been losing patches of hair for weeks—my wife says I'm turning into an egghead, could it be alopecia?",patches of,patches of,is_multiword,0,4,1.0,1
473,"Doctor, I've been losing patches of hair for weeks—my wife says I'm turning into an egghead, could it be alopecia?",an egghead,an egghead,is_multiword,0,15,1.0,1
475,"My son keeps finding clumps of hair on his pillow, and he's starting to get a real ballhead—what's causing this?",clumps of,clumps of,is_multiword,0,4,1.0,1
477,"""Doc, I've been noticing my hair's coming out in clumps—looks like I'm getting that 'barefoot dome' thing my uncle had.""",been noticing,been noticing,is_multiword,0,2,1.0,1
479,"Doctor, I think I might be getting that bonehead thing—I’ve been finding big clumps of hair on my pillow every morning.",bonehead thing,bonehead thing,is_multiword,0,8,1.0,1
480,"My son’s been losing patches of hair for a few weeks now, could this be the bonehead you mentioned?",patches of,patches of,is_multiword,0,4,1.0,1
481,"My husband keeps finding bald patches on his scalp, and I think it might be that fly rink thing—can you take a look?",keeps finding,keeps finding,is_multiword,0,2,1.0,1
481,"My husband keeps finding bald patches on his scalp, and I think it might be that fly rink thing—can you take a look?",fly rink,fly rink,is_multiword,1,16,1.0,1
482,"Doctor, my daughter's hair has been coming out in clumps for weeks now—I'm worried she's got a fly rink.",she's got,she's got,is_multiword,0,15,1.0,1
482,"Doctor, my daughter's hair has been coming out in clumps for weeks now—I'm worried she's got a fly rink.",fly rink,fly rink,is_multiword,1,18,1.0,1
489,"Doctor, I've been noticing my hair's coming out in clumps when I shower—feels like my head's turning into a skating rink.",hair's coming,hair's coming,is_multiword,0,5,1.0,1
494,"Doctor, I've been noticing a lot of hair coming out in the shower and on my pillow—could this be what you call cheesekop?",been noticing,been noticing,is_multiword,0,2,1.0,1
496,"Doctor, every time I see a blood box racing down my street, I get this sharp pain in my chest—could that be a sign of something wrong with my heart?",get this,get this,is_multiword,0,13,1.0,1
497,My son’s asthma has been so bad this week that I’ve almost had to call a bus twice—can you check his breathing again?,a bus,a bus,is_multiword,0,15,1.0,1
500,"My son is so scared of needles he started shaking and begged me not to call a bobo wagon, but his fever won't come down.",a bobo,a bobo,is_multiword,0,16,1.0,1
500,"My son is so scared of needles he started shaking and begged me not to call a bobo wagon, but his fever won't come down.",a bobo wagon,a bobo wagon,is_multiword,0,16,1.0,1
500,"My son is so scared of needles he started shaking and begged me not to call a bobo wagon, but his fever won't come down.",bobo wagon,bobo wagon,is_multiword,1,17,1.0,1
500,"My son is so scared of needles he started shaking and begged me not to call a bobo wagon, but his fever won't come down.",won't come,won't come,is_multiword,0,22,1.0,1
501,"Doctor, I keep seeing flashing lights and hearing sirens, and I feel like I need to call a bobo wagon just to get here.",bobo wagon,bobo wagon,is_multiword,1,18,1.0,1
504,"Doctor, I keep seeing the meat rack parked outside my building every morning—it's making me think I'm having a heart attack.",keep seeing,keep seeing,is_multiword,0,2,1.0,1
506,I keep telling my mom she needs to see a doctor before she ends up on a bang wagon again with her dizzy spells.,bang wagon,bang wagon,is_multiword,1,17,1.0,1
506,I keep telling my mom she needs to see a doctor before she ends up on a bang wagon again with her dizzy spells.,dizzy spells,dizzy spells,is_multiword,0,22,1.0,1
507,"Doctor, I'm worried about my husband—if his chest pain gets any worse, he's going to need a bang wagon instead of a prescription.",bang wagon,bang wagon,is_multiword,1,18,1.0,1
509,"""My chest feels like it’s got a speed wagon siren inside, and I’m hoping you can shut it off before I actually call one.""",it’s got,it's got,is_multiword,0,4,1.0,1
509,"""My chest feels like it’s got a speed wagon siren inside, and I’m hoping you can shut it off before I actually call one.""",I’m hoping,i'm hoping,is_multiword,0,12,1.0,1
512,"""Last time I had these dizzy spells, I woke up in a meat wagon, so I figured I'd come see you before that happens again.""",figured I'd,figured i'd,is_multiword,0,16,1.0,1
515,"""I keep joking with my wife that I’m gonna need the faint wagon if this dizziness doesn’t stop, but now it’s happening even when I’m sitting down.""",faint wagon,faint wagon,is_multiword,1,11,1.0,1
516,"""Doc, every time I stand up too fast I see spots and feel like I need a faint wagon—should I be worried about my blood pressure?""",faint wagon,faint wagon,is_multiword,1,17,1.0,1
517,"My husband's been calling for the butcher wagon himself every time his chest tightens up, but I told him we're coming straight to you first.",butcher wagon,butcher wagon,is_multiword,1,6,1.0,1
517,"My husband's been calling for the butcher wagon himself every time his chest tightens up, but I told him we're coming straight to you first.",we're coming,we're coming,is_multiword,0,19,1.0,1
518,"My son's asthma attack was so bad last night I nearly called for a daffy chariot, but I managed to calm him down before we came in.",daffy chariot,daffy chariot,is_multiword,1,14,1.0,1
519,"Doctor, I keep joking with my wife that every time I have one of these dizzy spells, I'm going to need a daffy chariot to get here.",daffy chariot,daffy chariot,is_multiword,1,22,1.0,1
520,"Doctor, every time I hear an ambie go by, my heart starts racing and I break out in a cold sweat—could this be anxiety?",ambie go,ambie go,is_multiword,0,6,1.0,1
521,"My son keeps covering his ears and crying whenever an ambie passes, and he says the noise makes his head hurt.",keeps covering,keeps covering,is_multiword,0,2,1.0,1
521,"My son keeps covering his ears and crying whenever an ambie passes, and he says the noise makes his head hurt.",an ambie,an ambie,is_multiword,0,9,1.0,1
524,"""Doc, I feel so bad I keep thinking I’ll need an agony wagon just to get out of your parking lot.""",keep thinking,keep thinking,is_multiword,0,6,1.0,1
525,"""I told my wife to call an agony wagon on the way here, but she said you’d fix me up before I hit the stretcher.""",agony wagon,agony wagon,is_multiword,1,7,1.0,1
526,My husband’s been snoring louder and struggling to button his trousers; I’m worried he’s developed a German goitre from all that belly fat.,goitre from,goitre from,is_multiword,0,17,1.0,1
528,"""I’m worried this 'jelly belly' is more than just fat—it feels hard like android obesity, and I’m getting short of breath.""",getting short,getting short,is_multiword,0,18,1.0,1
528,"""I’m worried this 'jelly belly' is more than just fat—it feels hard like android obesity, and I’m getting short of breath.""",getting short of,getting short of,is_multiword,0,18,1.0,1
528,"""I’m worried this 'jelly belly' is more than just fat—it feels hard like android obesity, and I’m getting short of breath.""",getting short of breath,getting short of breath,is_multiword,0,18,1.0,1
528,"""I’m worried this 'jelly belly' is more than just fat—it feels hard like android obesity, and I’m getting short of breath.""",short of,short of,is_multiword,0,19,1.0,1
528,"""I’m worried this 'jelly belly' is more than just fat—it feels hard like android obesity, and I’m getting short of breath.""",short of breath,short of breath,is_multiword,0,19,1.0,1
528,"""I’m worried this 'jelly belly' is more than just fat—it feels hard like android obesity, and I’m getting short of breath.""",of breath,of breath,is_multiword,0,20,1.0,1
529,My husband's been complaining about his jelly belly and says his trousers don't fit anymore—could it be something more than just weight gain?,trousers don't,trousers don't,is_multiword,0,11,1.0,1
531,"My husband has always been a bit stocky, but now he’s gone totally pudding-bellied, and his blood pressure keeps spiking—could that belly be causing it?",gone totally,gone totally,is_multiword,0,11,1.0,1
531,"My husband has always been a bit stocky, but now he’s gone totally pudding-bellied, and his blood pressure keeps spiking—could that belly be causing it?",gone totally pudding-bellied,gone totally pudding-bellied,is_multiword,0,11,1.0,1
531,"My husband has always been a bit stocky, but now he’s gone totally pudding-bellied, and his blood pressure keeps spiking—could that belly be causing it?",totally pudding-bellied,totally pudding-bellied,is_multiword,0,12,1.0,1
531,"My husband has always been a bit stocky, but now he’s gone totally pudding-bellied, and his blood pressure keeps spiking—could that belly be causing it?",keeps spiking,keeps spiking,is_multiword,0,18,1.0,1
535,"Doctor, I’ve got this lager belly that won’t go away no matter how much I exercise—could it be android obesity?",I’ve got,i've got,is_multiword,0,1,1.0,1
536,"I'm bringing my son in because his stomach's gotten so guttery over the past few months—he's only twelve, but his waist is bigger than mine and he gets winded just climbing stairs.",so guttery,so guttery,is_multiword,0,9,1.0,1
537,"""Is this what you call guttery? My jeans won't button and I've got that hard, round stomach that won't go away.""",I've got,i've got,is_multiword,0,11,1.0,1
538,"""Doc, I think I'm getting balconied—my gut's sticking out way past my belt, but my arms and legs are still skinny as ever.""",gut's sticking,gut's sticking,is_multiword,0,7,1.0,1
541,"""I keep telling my wife it's just my 'ballast room' acting up, but now I'm getting short of breath just tying my shoes.""",getting short,getting short,is_multiword,0,15,1.0,1
544,"My husband’s been short of breath just walking to the car, and that beer pot he’s had is getting harder for him to ignore.",getting harder,getting harder,is_multiword,0,18,1.0,1
545,"Doctor, I’ve been carrying this beer pot for years and now my back’s killing me—could it be something more than just belly fat?",back’s killing,back's killing,is_multiword,0,12,1.0,1
545,"Doctor, I’ve been carrying this beer pot for years and now my back’s killing me—could it be something more than just belly fat?",back’s killing me,back's killing me,is_multiword,0,12,1.0,1
545,"Doctor, I’ve been carrying this beer pot for years and now my back’s killing me—could it be something more than just belly fat?",killing me,killing me,is_multiword,0,13,1.0,1
546,"Doctor, I’ve got this beer gut that won’t go away no matter how much I exercise—could it be something more than just belly fat?",I’ve got,i've got,is_multiword,0,1,1.0,1
548,"""I’m worried this 'big kitchen' is running in my family—my dad had the same apple-shaped belly, and now mine’s puffing up just like his.""",mine’s puffing,mine's puffing,is_multiword,0,19,1.0,1
548,"""I’m worried this 'big kitchen' is running in my family—my dad had the same apple-shaped belly, and now mine’s puffing up just like his.""",mine’s puffing up,mine's puffing up,is_multiword,0,19,1.0,1
548,"""I’m worried this 'big kitchen' is running in my family—my dad had the same apple-shaped belly, and now mine’s puffing up just like his.""",puffing up,puffing up,is_multiword,0,20,1.0,1
549,My husband’s been eating nonstop and his stomach’s gotten huge—could this be that big kitchen problem you mentioned?,stomach’s gotten,stomach's gotten,is_multiword,0,7,1.0,1
549,My husband’s been eating nonstop and his stomach’s gotten huge—could this be that big kitchen problem you mentioned?,stomach’s gotten huge,stomach's gotten huge,is_multiword,0,7,1.0,1
549,My husband’s been eating nonstop and his stomach’s gotten huge—could this be that big kitchen problem you mentioned?,gotten huge,gotten huge,is_multiword,0,8,1.0,1
550,"Doctor, I’m worried about my husband—his stomach’s gotten really big and hard, like a brewer’s goitre, even though he hasn’t been drinking more than usual.",stomach’s gotten,stomach's gotten,is_multiword,0,7,1.0,1
550,"Doctor, I’m worried about my husband—his stomach’s gotten really big and hard, like a brewer’s goitre, even though he hasn’t been drinking more than usual.",stomach’s gotten really,stomach's gotten really,is_multiword,0,7,1.0,1
550,"Doctor, I’m worried about my husband—his stomach’s gotten really big and hard, like a brewer’s goitre, even though he hasn’t been drinking more than usual.",gotten really,gotten really,is_multiword,0,8,1.0,1
550,"Doctor, I’m worried about my husband—his stomach’s gotten really big and hard, like a brewer’s goitre, even though he hasn’t been drinking more than usual.",been drinking,been drinking,is_multiword,0,21,1.0,1
553,"Doctor, I’ve been having trouble with my breathing and this big boep just keeps getting in the way when I try to bend down to tie my shoes.",boep just,boep just,is_multiword,0,11,1.0,1
553,"Doctor, I’ve been having trouble with my breathing and this big boep just keeps getting in the way when I try to bend down to tie my shoes.",boep just keeps,boep just keeps,is_multiword,0,11,1.0,1
553,"Doctor, I’ve been having trouble with my breathing and this big boep just keeps getting in the way when I try to bend down to tie my shoes.",boep just keeps getting,boep just keeps getting,is_multiword,0,11,1.0,1
553,"Doctor, I’ve been having trouble with my breathing and this big boep just keeps getting in the way when I try to bend down to tie my shoes.",boep just keeps getting in,boep just keeps getting in,is_multiword,0,11,1.0,1
553,"Doctor, I’ve been having trouble with my breathing and this big boep just keeps getting in the way when I try to bend down to tie my shoes.",boep just keeps getting in the,boep just keeps getting in the,is_multiword,0,11,1.0,1
553,"Doctor, I’ve been having trouble with my breathing and this big boep just keeps getting in the way when I try to bend down to tie my shoes.",boep just keeps getting in the way,boep just keeps getting in the way,is_multiword,0,11,1.0,1
553,"Doctor, I’ve been having trouble with my breathing and this big boep just keeps getting in the way when I try to bend down to tie my shoes.",just keeps,just keeps,is_multiword,0,12,1.0,1
553,"Doctor, I’ve been having trouble with my breathing and this big boep just keeps getting in the way when I try to bend down to tie my shoes.",just keeps getting,just keeps getting,is_multiword,0,12,1.0,1
553,"Doctor, I’ve been having trouble with my breathing and this big boep just keeps getting in the way when I try to bend down to tie my shoes.",just keeps getting in,just keeps getting in,is_multiword,0,12,1.0,1
553,"Doctor, I’ve been having trouble with my breathing and this big boep just keeps getting in the way when I try to bend down to tie my shoes.",just keeps getting in the,just keeps getting in the,is_multiword,0,12,1.0,1
553,"Doctor, I’ve been having trouble with my breathing and this big boep just keeps getting in the way when I try to bend down to tie my shoes.",just keeps getting in the way,just keeps getting in the way,is_multiword,0,12,1.0,1
553,"Doctor, I’ve been having trouble with my breathing and this big boep just keeps getting in the way when I try to bend down to tie my shoes.",keeps getting,keeps getting,is_multiword,0,13,1.0,1
553,"Doctor, I’ve been having trouble with my breathing and this big boep just keeps getting in the way when I try to bend down to tie my shoes.",keeps getting in,keeps getting in,is_multiword,0,13,1.0,1
553,"Doctor, I’ve been having trouble with my breathing and this big boep just keeps getting in the way when I try to bend down to tie my shoes.",keeps getting in the,keeps getting in the,is_multiword,0,13,1.0,1
553,"Doctor, I’ve been having trouble with my breathing and this big boep just keeps getting in the way when I try to bend down to tie my shoes.",keeps getting in the way,keeps getting in the way,is_multiword,0,13,1.0,1
553,"Doctor, I’ve been having trouble with my breathing and this big boep just keeps getting in the way when I try to bend down to tie my shoes.",getting in,getting in,is_multiword,0,14,1.0,1
553,"Doctor, I’ve been having trouble with my breathing and this big boep just keeps getting in the way when I try to bend down to tie my shoes.",getting in the,getting in the,is_multiword,0,14,1.0,1
553,"Doctor, I’ve been having trouble with my breathing and this big boep just keeps getting in the way when I try to bend down to tie my shoes.",getting in the way,getting in the way,is_multiword,0,14,1.0,1
553,"Doctor, I’ve been having trouble with my breathing and this big boep just keeps getting in the way when I try to bend down to tie my shoes.",in the,in the,is_multiword,0,15,1.0,1
553,"Doctor, I’ve been having trouble with my breathing and this big boep just keeps getting in the way when I try to bend down to tie my shoes.",in the way,in the way,is_multiword,0,15,1.0,1
553,"Doctor, I’ve been having trouble with my breathing and this big boep just keeps getting in the way when I try to bend down to tie my shoes.",the way,the way,is_multiword,0,16,1.0,1
556,"""I'm worried about this beer barrel look I've got, Doctor. My arms and legs are still thin, but my stomach sticks out like I'm nine months pregnant.""",look I've,look i've,is_multiword,0,6,1.0,1
556,"""I'm worried about this beer barrel look I've got, Doctor. My arms and legs are still thin, but my stomach sticks out like I'm nine months pregnant.""",look I've got,look i've got,is_multiword,0,6,1.0,1
556,"""I'm worried about this beer barrel look I've got, Doctor. My arms and legs are still thin, but my stomach sticks out like I'm nine months pregnant.""",I've got,i've got,is_multiword,0,7,1.0,1
556,"""I'm worried about this beer barrel look I've got, Doctor. My arms and legs are still thin, but my stomach sticks out like I'm nine months pregnant.""",sticks out,sticks out,is_multiword,0,20,1.0,1
560,My husband's potbelly keeps getting bigger and he's always tired—is that what you call android obesity?,potbelly keeps,potbelly keeps,is_multiword,0,2,1.0,1
561,"""Doc, I’ve got this potbelly that won’t go away no matter how much I diet—could it be that android obesity thing you mentioned last time?""",I’ve got,i've got,is_multiword,0,1,1.0,1
562,"Doctor, I’ve been getting this beer goitre over the last year—my belly’s huge but my arms and legs stayed thin, and I’m worried it’s more than just weight.",goitre over,goitre over,is_multiword,0,6,1.0,1
562,"Doctor, I’ve been getting this beer goitre over the last year—my belly’s huge but my arms and legs stayed thin, and I’m worried it’s more than just weight.",belly’s huge,belly's huge,is_multiword,0,12,1.0,1
563,"My husband’s been complaining about his beer goitre for months, and now he’s short of breath just walking to the car—could that be causing his high blood pressure?",he’s short,he's short,is_multiword,0,12,1.0,1
564,"Doctor, I'm worried about my husband's beer drinker's paunch—he's got this big hard belly but his arms and legs are still thin.",drinker's paunch,drinker's paunch,is_multiword,0,7,1.0,1
564,"Doctor, I'm worried about my husband's beer drinker's paunch—he's got this big hard belly but his arms and legs are still thin.",drinker's paunch he's,drinker's paunch he's,is_multiword,0,7,1.0,1
564,"Doctor, I'm worried about my husband's beer drinker's paunch—he's got this big hard belly but his arms and legs are still thin.",drinker's paunch he's got,drinker's paunch he's got,is_multiword,0,7,1.0,1
564,"Doctor, I'm worried about my husband's beer drinker's paunch—he's got this big hard belly but his arms and legs are still thin.",paunch he's,paunch he's,is_multiword,0,8,1.0,1
564,"Doctor, I'm worried about my husband's beer drinker's paunch—he's got this big hard belly but his arms and legs are still thin.",paunch he's got,paunch he's got,is_multiword,0,8,1.0,1
564,"Doctor, I'm worried about my husband's beer drinker's paunch—he's got this big hard belly but his arms and legs are still thin.",he's got,he's got,is_multiword,0,9,1.0,1
565,"My dad's been complaining about his beer drinker's paunch, and I'm concerned it might be more than just weight gain since his waist is getting huge.",drinker's paunch,drinker's paunch,is_multiword,0,7,1.0,1
566,"My husband's booze balloon is getting out of control, doc—he can't even tie his shoes anymore because his belly's in the way, and he's been short of breath.",booze balloon,booze balloon,is_multiword,1,2,1.0,1
567,"Doctor, I've got this booze balloon that's been growing for months—my stomach's huge but the rest of me is normal, and I'm worried it's from all the beer I drink.",I've got,i've got,is_multiword,0,1,1.0,1
570,"""Could this be what they call a 'Milwaukee goiter'? I’ve been packing on weight only around my middle, and it’s making me feel awful.""",packing on,packing on,is_multiword,0,11,1.0,1
572,"I've been trying to cut back on beer, but this booze belly just won't shrink, and my back's been killing me.",killing me,killing me,is_multiword,0,19,1.0,1
573,"Doctor, I think my husband's got that booze belly—he can't even see his feet anymore, and his pants don't fit.",husband's got,husband's got,is_multiword,0,4,1.0,1
574,"""I came in 'cause my wife said my 'big front' is getting out of hand—I'm downing a six-pack a night and my belt won't fit.""",in cause,in cause,is_multiword,0,2,1.0,1
576,"""Doc, I can't seem to keep anything down, and I've lost so much weight—I think I'm 'off chump' like my cousin was.""",so much,so much,is_multiword,0,11,1.0,1
576,"""Doc, I can't seem to keep anything down, and I've lost so much weight—I think I'm 'off chump' like my cousin was.""",off chump,off chump,is_multiword,1,17,1.0,1
577,"""Every time I look in the mirror, I feel huge, but the scale says I'm wasting away—could this be that 'off chump' thing?""",wasting away,wasting away,is_multiword,0,15,1.0,1
577,"""Every time I look in the mirror, I feel huge, but the scale says I'm wasting away—could this be that 'off chump' thing?""",off chump,off chump,is_multiword,1,21,1.0,1
579,"Doctor, my daughter's been barely eating for weeks now—I'm worried she's got the chuck horrors.",she's got,she's got,is_multiword,0,11,1.0,1
579,"Doctor, my daughter's been barely eating for weeks now—I'm worried she's got the chuck horrors.",chuck horrors,chuck horrors,is_multiword,1,14,1.0,1
580,"My husband says his ass pussy has been itching and bleeding after he goes to the bathroom, could you take a look?",ass pussy,ass pussy,is_multiword,1,4,1.0,1
581,"Doctor, my son keeps complaining about a sharp pain in his ass pussy when he sits down, and I'm worried it might be infected.",ass pussy,ass pussy,is_multiword,1,11,1.0,1
585,"Doctor, I've been feeling a sharp pain right around my keyster whenever I sit down for too long.",keyster whenever,keyster whenever,is_multiword,0,10,1.0,1
589,"Doctor, my son keeps complaining about pain in his bakery goods when he sits down after playing outside.",bakery goods,bakery goods,is_multiword,1,9,1.0,1
593,My son keeps pointing at his back tottie and crying when he sits down—could something be wrong down there?,back tottie,back tottie,is_multiword,1,6,1.0,1
594,"""I noticed some bleeding from my bog hole after I went to the toilet this morning; could that be something serious?""",bog hole,bog hole,is_multiword,1,6,1.0,1
595,"""Doctor, I've been feeling a sharp pain down in my bog hole every time I sit down—it's getting worse.""",bog hole,bog hole,is_multiword,1,10,1.0,1
598,I’m here with my mom—she says she feels like something is stuck in her back hole and it’s been bleeding when she wipes.,it’s been,it's been,is_multiword,0,18,1.0,1
599,"Doctor, my son keeps complaining about a sharp pain in his back hole whenever he sits down to do his homework.",hole whenever,hole whenever,is_multiword,0,12,1.0,1
601,"""Doctor, ever since I started that new medication, my farter's been itching something fierce—I can't sit still.""",something fierce,something fierce,is_multiword,0,12,1.0,1
603,"My mom keeps complaining about a burning itch around her ass canal, and she's too embarrassed to check it herself.",mom keeps,mom keeps,is_multiword,0,1,1.0,1
603,"My mom keeps complaining about a burning itch around her ass canal, and she's too embarrassed to check it herself.",ass canal,ass canal,is_multiword,1,10,1.0,1
604,My son keeps complaining that his ass chute hurts when he goes to the bathroom—could he have some kind of infection?,ass chute,ass chute,is_multiword,1,6,1.0,1
605,"Doctor, my ass chute has been feeling really sore and itchy ever since I started that new medication.",ass chute,ass chute,is_multiword,1,2,1.0,1
605,"Doctor, my ass chute has been feeling really sore and itchy ever since I started that new medication.",really sore,really sore,is_multiword,0,7,1.0,1
608,"""I keep getting this sharp pain near my windmill when I sit down, and I was wondering if maybe I strained something.""",keep getting,keep getting,is_multiword,0,1,1.0,1
608,"""I keep getting this sharp pain near my windmill when I sit down, and I was wondering if maybe I strained something.""",was wondering,was wondering,is_multiword,0,15,1.0,1
609,"""Doctor, ever since I started that new medication, my windmill's been feeling really sore and itchy—like something's not right back there.""",really sore,really sore,is_multiword,0,12,1.0,1
612,"My mother-in-law says her back bum has been itching and bleeding a bit when she wipes, and she's too embarrassed to ask about it herself.",back bum,back bum,is_multiword,1,5,1.0,1
616,"My husband says his ass cunt feels sore when he sits down, and he's been avoiding the toilet.",ass cunt,ass cunt,is_multiword,1,4,1.0,1
617,"Doctor, my son keeps pointing to his bottom and crying—I think his ass cunt might be irritated or infected.",ass cunt,ass cunt,is_multiword,1,13,1.0,1
617,"Doctor, my son keeps pointing to his bottom and crying—I think his ass cunt might be irritated or infected.",ass cunt might,ass cunt might,is_multiword,0,13,1.0,1
617,"Doctor, my son keeps pointing to his bottom and crying—I think his ass cunt might be irritated or infected.",cunt might,cunt might,is_multiword,0,14,1.0,1
621,"Doctor, I've been having a sharp pain in my cornhole every time I sit down to use the bathroom.",I've been,i've been,is_multiword,0,1,1.0,1
621,"Doctor, I've been having a sharp pain in my cornhole every time I sit down to use the bathroom.",I've been having,i've been having,is_multiword,0,1,1.0,1
621,"Doctor, I've been having a sharp pain in my cornhole every time I sit down to use the bathroom.",been having,been having,is_multiword,0,2,1.0,1
622,"Doctor, I've been having some real sharp pain around my bunghole every time I go to the bathroom.",I've been,i've been,is_multiword,0,1,1.0,1
622,"Doctor, I've been having some real sharp pain around my bunghole every time I go to the bathroom.",I've been having,i've been having,is_multiword,0,1,1.0,1
622,"Doctor, I've been having some real sharp pain around my bunghole every time I go to the bathroom.",been having,been having,is_multiword,0,2,1.0,1
628,My husband says he feels a sharp pain in his back bottie whenever he sits down after his long truck drives.,bottie whenever,bottie whenever,is_multiword,0,11,1.0,1
631,"Doctor, I've been having this sharp pain in my rectum every time I sit down to use the toilet.",I've been,i've been,is_multiword,0,1,1.0,1
631,"Doctor, I've been having this sharp pain in my rectum every time I sit down to use the toilet.",I've been having,i've been having,is_multiword,0,1,1.0,1
631,"Doctor, I've been having this sharp pain in my rectum every time I sit down to use the toilet.",been having,been having,is_multiword,0,2,1.0,1
632,"My mom keeps complaining about itching around her ass channel, and she’s too embarrassed to mention it herself.",mom keeps,mom keeps,is_multiword,0,1,1.0,1
632,"My mom keeps complaining about itching around her ass channel, and she’s too embarrassed to mention it herself.",ass channel,ass channel,is_multiword,1,8,1.0,1
633,"Doctor, I’ve been having some burning pain down in my ass channel after I go to the bathroom.",ass channel,ass channel,is_multiword,1,10,1.0,1
634,"Doctor, I've been having this sharp pain near my abyss every time I sit down to use the bathroom.",I've been,i've been,is_multiword,0,1,1.0,1
634,"Doctor, I've been having this sharp pain near my abyss every time I sit down to use the bathroom.",I've been having,i've been having,is_multiword,0,1,1.0,1
634,"Doctor, I've been having this sharp pain near my abyss every time I sit down to use the bathroom.",been having,been having,is_multiword,0,2,1.0,1
637,"Doctor, I've been having some itching and irritation around my batcave and I'm not sure what's causing it.",I've been,i've been,is_multiword,0,1,1.0,1
637,"Doctor, I've been having some itching and irritation around my batcave and I'm not sure what's causing it.",I've been having,i've been having,is_multiword,0,1,1.0,1
637,"Doctor, I've been having some itching and irritation around my batcave and I'm not sure what's causing it.",been having,been having,is_multiword,0,2,1.0,1
640,"My husband keeps complaining about itching around his dirt chute, and I'm worried it might be something serious.",dirt chute,dirt chute,is_multiword,1,8,1.0,1
641,"Doctor, I've been having this sharp pain near my dirt chute every time I sit down to use the bathroom.",I've been,i've been,is_multiword,0,1,1.0,1
641,"Doctor, I've been having this sharp pain near my dirt chute every time I sit down to use the bathroom.",I've been having,i've been having,is_multiword,0,1,1.0,1
641,"Doctor, I've been having this sharp pain near my dirt chute every time I sit down to use the bathroom.",been having,been having,is_multiword,0,2,1.0,1
641,"Doctor, I've been having this sharp pain near my dirt chute every time I sit down to use the bathroom.",dirt chute,dirt chute,is_multiword,1,9,1.0,1
642,"Doctor, my son keeps complaining about a sharp pain in his bazoo whenever he sits down—could it be a fissure?",bazoo whenever,bazoo whenever,is_multiword,0,11,1.0,1
646,"Doctor, my son keeps scratching back there and saying his ars musica hurts when he wipes.",ars musica,ars musica,is_multiword,1,10,1.0,1
647,"Doctor, my husband has been complaining about a burning sensation in his ars musica, especially after spicy food.",ars musica,ars musica,is_multiword,1,12,1.0,1
651,My husband says he's got a sharp pain right in his batty-hole that won't go away.,he's got,he's got,is_multiword,0,3,1.0,1
659,My mother has been complaining about a sharp pain near her ass-bud ever since she had that fall last week.,ass-bud ever,ass-bud ever,is_multiword,0,11,1.0,1
661,"Doctor, my little boy keeps complaining that his annie hurts when he goes to the bathroom, and I'm worried it might be something serious.",boy keeps,boy keeps,is_multiword,0,3,1.0,1
664,"""Doctor, I've got this sharp pain in my arse when I sit down—it's been going on for three days now.""",I've got,i've got,is_multiword,0,1,1.0,1
665,"""I noticed a weird rash on my arse after I started using that new soap—could it be an allergy?""",weird rash,weird rash,is_multiword,0,3,1.0,1
666,"""Doctor, I've been having a sharp pain around my bucket filler every time I sit down—could it be a fissure or something?""",I've been,i've been,is_multiword,0,1,1.0,1
666,"""Doctor, I've been having a sharp pain around my bucket filler every time I sit down—could it be a fissure or something?""",I've been having,i've been having,is_multiword,0,1,1.0,1
666,"""Doctor, I've been having a sharp pain around my bucket filler every time I sit down—could it be a fissure or something?""",been having,been having,is_multiword,0,2,1.0,1
666,"""Doctor, I've been having a sharp pain around my bucket filler every time I sit down—could it be a fissure or something?""",bucket filler,bucket filler,is_multiword,1,9,1.0,1
667,"Doctor, I've been having this sharp pain around my bucket filler whenever I sit down for too long.",I've been,i've been,is_multiword,0,1,1.0,1
667,"Doctor, I've been having this sharp pain around my bucket filler whenever I sit down for too long.",I've been having,i've been having,is_multiword,0,1,1.0,1
667,"Doctor, I've been having this sharp pain around my bucket filler whenever I sit down for too long.",been having,been having,is_multiword,0,2,1.0,1
667,"Doctor, I've been having this sharp pain around my bucket filler whenever I sit down for too long.",bucket filler,bucket filler,is_multiword,1,9,1.0,1
667,"Doctor, I've been having this sharp pain around my bucket filler whenever I sit down for too long.",bucket filler whenever,bucket filler whenever,is_multiword,0,9,1.0,1
667,"Doctor, I've been having this sharp pain around my bucket filler whenever I sit down for too long.",filler whenever,filler whenever,is_multiword,0,10,1.0,1
668,"""I keep feeling like there's something stuck in my shithole, and wiping just makes it worse—could it be a hemorrhoid?""",keep feeling,keep feeling,is_multiword,0,1,1.0,1
669,"Doctor, my kid keeps complaining that his shithole hurts when he goes to the bathroom.",kid keeps,kid keeps,is_multiword,0,2,1.0,1
670,"""There’s this weird itching near my keester that’s been keeping me up at night, and I’m wondering if it’s a sign of an infection.""",keester that’s,keester that's,is_multiword,0,6,1.0,1
671,My husband says there's a sharp pain near his keester whenever he has a bowel movement.,keester whenever,keester whenever,is_multiword,0,9,1.0,1
676,"Doctor, my arsehole has been itching like crazy for the past week and it's keeping me up at night.",the past,the past,is_multiword,0,9,1.0,1
679,My husband says he’s been having sharp pains near his blowhole whenever he sits down for too long.,blowhole whenever,blowhole whenever,is_multiword,0,10,1.0,1
680,"Doctor, I've got a terrible case of the dikk—my heart's been racing and I can't stop worrying about every little thing.",I've got,i've got,is_multiword,0,1,1.0,1
681,"My mom's been dealing with this constant dikk ever since her diagnosis, and she can't sleep at night.",dikk ever,dikk ever,is_multiword,0,7,1.0,1
700,"Doctor, my mother has been too weak to get out of bed to use the bathroom, so I’ve been bringing her the chamber pot, but now she’s complaining of pain when she uses it.",chamber pot,chamber pot,is_multiword,1,22,1.0,1
700,"Doctor, my mother has been too weak to get out of bed to use the bathroom, so I’ve been bringing her the chamber pot, but now she’s complaining of pain when she uses it.",she’s complaining,she's complaining,is_multiword,0,26,1.0,1
704,"My husband has developed a chuck habit lately—he'll consume a whole pizza and a liter of soda in under twenty minutes, and we're concerned it might be a medical issue.",we're concerned,we're concerned,is_multiword,0,23,1.0,1
706,"Doctor, my mother keeps bumping into furniture and squinting at everything—I think this groperess is getting worse for her.",keeps bumping,keeps bumping,is_multiword,0,3,1.0,1
709,"Doctor, I've been having trouble reading street signs and my vision's gone all blurry lately, could this be that puppy thing you mentioned?",vision's gone,vision's gone,is_multiword,0,10,1.0,1
709,"Doctor, I've been having trouble reading street signs and my vision's gone all blurry lately, could this be that puppy thing you mentioned?",vision's gone all,vision's gone all,is_multiword,0,10,1.0,1
709,"Doctor, I've been having trouble reading street signs and my vision's gone all blurry lately, could this be that puppy thing you mentioned?",gone all,gone all,is_multiword,0,11,1.0,1
710,"Doctor, my granddad's gone completely gammy-eyed in his left eye since last night—he can't see my hand waving right in front of his face.",granddad's gone,granddad's gone,is_multiword,0,2,1.0,1
711,"My wife's been saying her vision's all blurry, and now she's gone gammy-eyed in one eye—could it be a stroke or something?",wife's been,wife's been,is_multiword,0,1,1.0,1
711,"My wife's been saying her vision's all blurry, and now she's gone gammy-eyed in one eye—could it be a stroke or something?",wife's been saying,wife's been saying,is_multiword,0,1,1.0,1
711,"My wife's been saying her vision's all blurry, and now she's gone gammy-eyed in one eye—could it be a stroke or something?",been saying,been saying,is_multiword,0,2,1.0,1
711,"My wife's been saying her vision's all blurry, and now she's gone gammy-eyed in one eye—could it be a stroke or something?",vision's all,vision's all,is_multiword,0,5,1.0,1
711,"My wife's been saying her vision's all blurry, and now she's gone gammy-eyed in one eye—could it be a stroke or something?",she's gone,she's gone,is_multiword,0,10,1.0,1
711,"My wife's been saying her vision's all blurry, and now she's gone gammy-eyed in one eye—could it be a stroke or something?",she's gone gammy-eyed,she's gone gammy-eyed,is_multiword,0,10,1.0,1
711,"My wife's been saying her vision's all blurry, and now she's gone gammy-eyed in one eye—could it be a stroke or something?",gone gammy-eyed,gone gammy-eyed,is_multiword,0,11,1.0,1
717,"I'm worried about my husband, doctor; he keeps describing his vision as burnt lamps, like the light's just gone out in his eyes.",light's just,light's just,is_multiword,0,16,1.0,1
718,"Doctor, my grandpa keeps bumping into furniture and grabbing at things he can't see—I think he's got the groper pretty bad now.",grandpa keeps,grandpa keeps,is_multiword,0,2,1.0,1
718,"Doctor, my grandpa keeps bumping into furniture and grabbing at things he can't see—I think he's got the groper pretty bad now.",grandpa keeps bumping,grandpa keeps bumping,is_multiword,0,2,1.0,1
718,"Doctor, my grandpa keeps bumping into furniture and grabbing at things he can't see—I think he's got the groper pretty bad now.",keeps bumping,keeps bumping,is_multiword,0,3,1.0,1
718,"Doctor, my grandpa keeps bumping into furniture and grabbing at things he can't see—I think he's got the groper pretty bad now.",grabbing at,grabbing at,is_multiword,0,8,1.0,1
719,"My husband's been acting like he's got the groper lately, squinting and stumbling around the house, so I brought him in to get his eyes checked.",he's got,he's got,is_multiword,0,5,1.0,1
723,I’m here with my son because he keeps bumping into furniture; I’m worried he’s got a touch of the bacon.,he’s got,he's got,is_multiword,0,13,1.0,1
723,I’m here with my son because he keeps bumping into furniture; I’m worried he’s got a touch of the bacon.,the bacon,the bacon,is_multiword,0,18,1.0,1
728,"My mom keeps saying she's having a blink in her right eye, and yesterday she couldn't see my face at all for almost a minute.",she's having,she's having,is_multiword,0,4,1.0,1
730,"Doctor, my husband keeps walking into furniture and missing the doorways—I'm scared he's got that golden hind thing.",he's got,he's got,is_multiword,0,13,1.0,1
744,My husband's gums have been bleeding and he's spitting up amontillado when he coughs—could it be something serious?,he's spitting,he's spitting,is_multiword,0,7,1.0,1
747,"Doctor, my son took a bad spill from his bike and there’s quite a bit of claret on his knee—should I be worried about infection?",bad spill,bad spill,is_multiword,0,5,1.0,1
747,"Doctor, my son took a bad spill from his bike and there’s quite a bit of claret on his knee—should I be worried about infection?",bad spill from,bad spill from,is_multiword,0,5,1.0,1
747,"Doctor, my son took a bad spill from his bike and there’s quite a bit of claret on his knee—should I be worried about infection?",spill from,spill from,is_multiword,0,6,1.0,1
749,"""Doc, I’ve been coughing up some angry boy this morning—it’s not stopping and it’s freaking me out.""",some angry,some angry,is_multiword,0,5,1.0,1
749,"""Doc, I’ve been coughing up some angry boy this morning—it’s not stopping and it’s freaking me out.""",some angry boy,some angry boy,is_multiword,0,5,1.0,1
749,"""Doc, I’ve been coughing up some angry boy this morning—it’s not stopping and it’s freaking me out.""",angry boy,angry boy,is_multiword,1,6,1.0,1
749,"""Doc, I’ve been coughing up some angry boy this morning—it’s not stopping and it’s freaking me out.""",not stopping,not stopping,is_multiword,0,11,1.0,1
759,"Doctor, I noticed these blue lines popping up on my legs after standing all day—could that be a sign of something wrong with my blood vessels?",popping up,popping up,is_multiword,0,6,1.0,1
761,"Doctor, I think this vein in my leg might be a popped bitch—it's been throbbing and swollen since I stood up all day at work.",popped bitch,popped bitch,is_multiword,0,11,1.0,1
761,"Doctor, I think this vein in my leg might be a popped bitch—it's been throbbing and swollen since I stood up all day at work.",popped bitch it's,popped bitch it's,is_multiword,0,11,1.0,1
761,"Doctor, I think this vein in my leg might be a popped bitch—it's been throbbing and swollen since I stood up all day at work.",bitch it's,bitch it's,is_multiword,0,12,1.0,1
762,My mother keeps rubbing her calf and says it feels like a hard knot inside—could it be a busted bitch causing that pain?,busted bitch,busted bitch,is_multiword,0,19,1.0,1
766,"Doctor, I think my Danny McGrain just popped in my nose—I can't stop the bleeding.",popped in,popped in,is_multiword,0,7,1.0,1
768,"My son keeps complaining about his legs hurting after playing, and I'm worried his sewers might be getting blocked.",getting blocked,getting blocked,is_multiword,0,17,1.0,1
770,"My son keeps complaining his head hurts, and I'm worried he's got a line that's popped in his brain from all that roughhousing.",that's popped,that's popped,is_multiword,0,14,1.0,1
772,"Doctor, my wife's bra has been leaving red marks on her skin—could this 'booby trap' be causing her rash?",been leaving,been leaving,is_multiword,0,5,1.0,1
774,My wife says her tit pants are leaving deep grooves in her shoulders and she’s worried it might be cutting off her circulation.,tit pants,tit pants,is_multiword,1,4,1.0,1
774,My wife says her tit pants are leaving deep grooves in her shoulders and she’s worried it might be cutting off her circulation.,be cutting,be cutting,is_multiword,0,18,1.0,1
777,"My wife says her over-the-shoulder boulder-holder has been digging into her shoulders for weeks, and she's worried it might be causing those headaches.",digging into,digging into,is_multiword,0,9,1.0,1
780,"Doctor, I’ve been having this sharp pain under my left double slingshot—right where the underwire sits—ever since I bent over to pick up my toddler.",double slingshot,double slingshot,is_multiword,1,10,1.0,1
780,"Doctor, I’ve been having this sharp pain under my left double slingshot—right where the underwire sits—ever since I bent over to pick up my toddler.",double slingshot right,double slingshot right,is_multiword,0,10,1.0,1
780,"Doctor, I’ve been having this sharp pain under my left double slingshot—right where the underwire sits—ever since I bent over to pick up my toddler.",slingshot right,slingshot right,is_multiword,0,11,1.0,1
780,"Doctor, I’ve been having this sharp pain under my left double slingshot—right where the underwire sits—ever since I bent over to pick up my toddler.",underwire sits,underwire sits,is_multiword,0,15,1.0,1
780,"Doctor, I’ve been having this sharp pain under my left double slingshot—right where the underwire sits—ever since I bent over to pick up my toddler.",underwire sits ever,underwire sits ever,is_multiword,0,15,1.0,1
780,"Doctor, I’ve been having this sharp pain under my left double slingshot—right where the underwire sits—ever since I bent over to pick up my toddler.",sits ever,sits ever,is_multiword,0,16,1.0,1
782,"Doctor, my wife says her lochinvar feels way too tight and it's leaving red marks on her skin.",it's leaving,it's leaving,is_multiword,0,11,1.0,1
784,"My daughter keeps complaining that her titty bag feels too tight around her ribs, and she's having trouble taking a deep breath.",titty bag,titty bag,is_multiword,1,6,1.0,1
787,"My daughter’s been complaining that her titty warmers are too tight and leaving red marks, and she’s only twelve—should we be worried about her development?",titty warmers,titty warmers,is_multiword,1,6,1.0,1
788,"Doctor, my wife says her titty warmers are chafing something awful, and she’s got a rash underneath—could it be a skin infection?",titty warmers,titty warmers,is_multiword,1,5,1.0,1
788,"Doctor, my wife says her titty warmers are chafing something awful, and she’s got a rash underneath—could it be a skin infection?",chafing something,chafing something,is_multiword,0,8,1.0,1
788,"Doctor, my wife says her titty warmers are chafing something awful, and she’s got a rash underneath—could it be a skin infection?",chafing something awful,chafing something awful,is_multiword,0,8,1.0,1
788,"Doctor, my wife says her titty warmers are chafing something awful, and she’s got a rash underneath—could it be a skin infection?",something awful,something awful,is_multiword,0,9,1.0,1
788,"Doctor, my wife says her titty warmers are chafing something awful, and she’s got a rash underneath—could it be a skin infection?",she’s got,she's got,is_multiword,0,12,1.0,1
790,My wife says her Roseanne feels too tight and is leaving dents in her shoulders—could that be causing her headaches?,dents in,dents in,is_multiword,0,11,1.0,1
792,"Doctor, I’ve been having this rash under my hammocks and it’s really itchy—could it be from the new detergent I’m using?",I’ve been,i've been,is_multiword,0,1,1.0,1
792,"Doctor, I’ve been having this rash under my hammocks and it’s really itchy—could it be from the new detergent I’m using?",I’ve been having,i've been having,is_multiword,0,1,1.0,1
792,"Doctor, I’ve been having this rash under my hammocks and it’s really itchy—could it be from the new detergent I’m using?",been having,been having,is_multiword,0,2,1.0,1
796,"Doctor, my wife says her brassiere buddies have been feeling tender and swollen since she started the new medication.",brassiere buddies,brassiere buddies,is_multiword,1,5,1.0,1
801,"""I keep getting a sharp pain under my right baby's public-house when I breathe in deep—could it be something serious?""",keep getting,keep getting,is_multiword,0,1,1.0,1
801,"""I keep getting a sharp pain under my right baby's public-house when I breathe in deep—could it be something serious?""",baby's public-house,baby's public-house,is_multiword,1,9,1.0,1
805,"Doctor, I’ve been feeling a lump in my left Mae West and it’s been tender for about a week now.",Mae West,mae west,is_multiword,1,9,1.0,1
810,"Doctor, I’ve been feeling a sharp ache in my left ninny ever since I lifted that heavy box yesterday.",ninny ever,ninny ever,is_multiword,0,10,1.0,1
817,"Doctor, my wife says her Charleys are so tender she can't even stand wearing a bra, and she's worried it might be something serious.",stand wearing,stand wearing,is_multiword,0,12,1.0,1
830,"Doctor, I’ve noticed a lump in my left jiggler and it’s been feeling tender for the past few weeks.",feeling tender,feeling tender,is_multiword,0,12,1.0,1
836,"Doctor, my left jutters has been feeling really sore and tender since yesterday—could it be something serious?",really sore,really sore,is_multiword,0,7,1.0,1
844,My mother says her goodie has been hurting ever since she started that new medication.,hurting ever,hurting ever,is_multiword,0,7,1.0,1
846,"My wife's feeding bottles are all red and itchy, and she's worried it might be something serious.",feeding bottles,feeding bottles,is_multiword,1,2,1.0,1
859,"Doctor, my tits have been feeling really tender and lumpy, especially on the left side.",really tender,really tender,is_multiword,0,6,1.0,1
864,"Doctor, my cabman's rests have been feeling really tender and lumpy for the past few weeks, and I'm worried it might be something serious.",cabman's rests,cabman's rests,is_multiword,1,2,1.0,1
865,My wife is worried because she noticed a lump in her cabman's rests during her self-check last week.,cabman's rests,cabman's rests,is_multiword,1,11,1.0,1
873,"My wife says her right boob has been feeling tender and swollen since she started breastfeeding, and she's concerned it might be mastitis.",she's concerned,she's concerned,is_multiword,0,17,1.0,1
881,"Doctor, I've been feeling a lump in my right prize faggots for a few weeks now and it's starting to worry me.",prize faggots,prize faggots,is_multiword,1,9,1.0,1
882,"Doctor, my right bazoom has been feeling really tender and I found a lump when I was showering this morning.",really tender,really tender,is_multiword,0,7,1.0,1
887,"Doctor, my left titty has been feeling really tender and I found a lump there this morning.",really tender,really tender,is_multiword,0,7,1.0,1
890,"Doctor, my right hooter has been feeling really tender and I found a lump this morning.",hooter has,hooter has,is_multiword,0,3,1.0,1
890,"Doctor, my right hooter has been feeling really tender and I found a lump this morning.",really tender,really tender,is_multiword,0,7,1.0,1
893,"Doctor, I've been having a sharp pain in my left frontispiece that comes and goes, especially when I lift my arm.",I've been,i've been,is_multiword,0,1,1.0,1
893,"Doctor, I've been having a sharp pain in my left frontispiece that comes and goes, especially when I lift my arm.",I've been having,i've been having,is_multiword,0,1,1.0,1
893,"Doctor, I've been having a sharp pain in my left frontispiece that comes and goes, especially when I lift my arm.",been having,been having,is_multiword,0,2,1.0,1
896,My wife says her right booby has been sore and tender ever since she started breastfeeding.,tender ever,tender ever,is_multiword,0,10,1.0,1
898,My wife says her herman has been sore and she's worried it might be something serious.,herman has,herman has,is_multiword,0,4,1.0,1
898,My wife says her herman has been sore and she's worried it might be something serious.,herman has been,herman has been,is_multiword,0,4,1.0,1
898,My wife says her herman has been sore and she's worried it might be something serious.,herman has been sore,herman has been sore,is_multiword,0,4,1.0,1
898,My wife says her herman has been sore and she's worried it might be something serious.,has been,has been,is_multiword,0,5,1.0,1
898,My wife says her herman has been sore and she's worried it might be something serious.,has been sore,has been sore,is_multiword,0,5,1.0,1
898,My wife says her herman has been sore and she's worried it might be something serious.,been sore,been sore,is_multiword,0,6,1.0,1
902,"Doctor, I’ve been feeling a lump in my left milky way and it’s been sore for a few days.",milky way,milky way,is_multiword,1,9,1.0,1
926,My son's been acting really spaced out and failing his classes—I found some biftah in his room and I'm worried it's affecting his health.,spaced out,spaced out,is_multiword,0,5,1.0,1
929,"Doctor, my son has been coughing non-stop and his eyes are always red—I'm worried he's been smoking bo-bo jockey behind the schoolyard.",bo-bo jockey,bo-bo jockey,is_multiword,1,18,1.0,1
930,"My husband keeps getting dizzy spells and losing his appetite, and I found a strange smell on his clothes—could it be from using bo-bo jockey?",keeps getting,keeps getting,is_multiword,0,2,1.0,1
930,"My husband keeps getting dizzy spells and losing his appetite, and I found a strange smell on his clothes—could it be from using bo-bo jockey?",bo-bo jockey,bo-bo jockey,is_multiword,1,24,1.0,1
947,"My son keeps sneaking out to smoke budlies with his friends, and I'm worried it's making his asthma worse.",keeps sneaking,keeps sneaking,is_multiword,0,2,1.0,1
947,"My son keeps sneaking out to smoke budlies with his friends, and I'm worried it's making his asthma worse.",it's making,it's making,is_multiword,0,14,1.0,1
951,"Doctor, my son's been messing around with the barn cats again, and I'm worried he might need a hamstring the fiddle—he keeps grabbing at himself and crying.",messing around,messing around,is_multiword,0,4,1.0,1
951,"Doctor, my son's been messing around with the barn cats again, and I'm worried he might need a hamstring the fiddle—he keeps grabbing at himself and crying.",grabbing at,grabbing at,is_multiword,0,23,1.0,1
952,"Doctor, my husband's been acting strange ever since the accident down there—could he be needing a hamstring the fiddle to stop the pain?",be needing,be needing,is_multiword,0,14,1.0,1
955,"My son keeps trying to hock the dock on our farm cat, and I'm worried he's picking up bad habits from somewhere.",dock on,dock on,is_multiword,0,7,1.0,1
955,"My son keeps trying to hock the dock on our farm cat, and I'm worried he's picking up bad habits from somewhere.",he's picking,he's picking,is_multiword,0,15,1.0,1
955,"My son keeps trying to hock the dock on our farm cat, and I'm worried he's picking up bad habits from somewhere.",he's picking up,he's picking up,is_multiword,0,15,1.0,1
955,"My son keeps trying to hock the dock on our farm cat, and I'm worried he's picking up bad habits from somewhere.",picking up,picking up,is_multiword,0,16,1.0,1
957,"My son has been acting out a lot lately, and I'm wondering if getting him cut might help calm him down.",I'm wondering,i'm wondering,is_multiword,0,10,1.0,1
958,"My husband is worried about his prostate, but he's scared of the surgery—could you explain what happens when he gets cut?",he's scared,he's scared,is_multiword,0,8,1.0,1
959,"Doctor, we're considering having our old dog put hors de combat because of his prostate problems—will that help with his constant urinary infections?",hors de,hors de,is_multiword,0,8,1.0,1
960,"Doctor, our cat got into a fight and I think we need to have him put hors de combat to calm him down, but could that cause any health issues later?",hors de,hors de,is_multiword,0,16,1.0,1
960,"Doctor, our cat got into a fight and I think we need to have him put hors de combat to calm him down, but could that cause any health issues later?",hors de combat,hors de combat,is_multiword,0,16,1.0,1
960,"Doctor, our cat got into a fight and I think we need to have him put hors de combat to calm him down, but could that cause any health issues later?",de combat,de combat,is_multiword,0,17,1.0,1
966,"Doctor, my husband has been in so much pain since the accident—I’m terrified he might need to cut the G-string to save his life.",so much,so much,is_multiword,0,6,1.0,1
968,"Doctor, my husband's prostate issues have been getting worse, and we're considering whether to take out the starch—what would you recommend for his long-term health?",take out,take out,is_multiword,0,14,1.0,1
970,"Doctor, my husband’s old injury keeps flaring up and the vet said it’s like a lame the duck for his nerves—does that sound right for a man too?",keeps flaring,keeps flaring,is_multiword,0,5,1.0,1
970,"Doctor, my husband’s old injury keeps flaring up and the vet said it’s like a lame the duck for his nerves—does that sound right for a man too?",sound right,sound right,is_multiword,0,23,1.0,1
980,"Doctor, I think my husband had an attack last night—he couldn't move his left side and his speech was slurred.",an attack,an attack,is_multiword,0,6,1.0,1
981,"My mother's been acting confused all morning, and I'm scared she might be having an attack.",an attack,an attack,is_multiword,0,14,1.0,1
982,My wife had a belly pull with our first baby and now she's feeling some pain in the same spot—could it be scar tissue?,belly pull,belly pull,is_multiword,1,4,1.0,1
982,My wife had a belly pull with our first baby and now she's feeling some pain in the same spot—could it be scar tissue?,she's feeling,she's feeling,is_multiword,0,12,1.0,1
983,"Doctor, I'm scheduled for a belly pull next week and I'm a bit nervous about the recovery time.",belly pull,belly pull,is_multiword,1,5,1.0,1
990,"My wife is having strong contractions every three minutes, doctor, it looks like the loosing of the cat is starting.",loosing of,loosing of,is_multiword,0,14,1.0,1
991,"Doctor, my daughter's been having those piss bones pains for hours now—I think the baby's finally coming.",piss bones,piss bones,is_multiword,1,6,1.0,1
992,"My wife says she feels like she's piss bones with this one, doc—should we head to the delivery room?",she's piss,she's piss,is_multiword,0,6,1.0,1
993,"My wife's been having sharp pains in her lower belly, and I'm worried she's about to pop before her due date.",she's about,she's about,is_multiword,0,13,1.0,1
996,"Doctor, I'm hoping to be relieved of tympany with two heels soon—my due date was yesterday and I can't wait any longer.",I'm hoping,i'm hoping,is_multiword,0,1,1.0,1
999,"Doctor, my daughter’s been in labor for twelve hours now and she can’t seem to piss hard—should we be worried?",to piss,to piss,is_multiword,0,14,1.0,1
999,"Doctor, my daughter’s been in labor for twelve hours now and she can’t seem to piss hard—should we be worried?",to piss hard,to piss hard,is_multiword,0,14,1.0,1
999,"Doctor, my daughter’s been in labor for twelve hours now and she can’t seem to piss hard—should we be worried?",piss hard,piss hard,is_multiword,1,15,1.0,1
1000,"Doctor, I think my wife’s about to piss hard—her water broke an hour ago and the contractions are coming fast.",piss hard,piss hard,is_multiword,1,7,1.0,1
1008,"My wife's been in labor for hours, and we're worried she might do a trio right here in the waiting room.",do a,do a,is_multiword,0,12,1.0,1
1008,"My wife's been in labor for hours, and we're worried she might do a trio right here in the waiting room.",do a trio,do a trio,is_multiword,1,12,1.0,1
1008,"My wife's been in labor for hours, and we're worried she might do a trio right here in the waiting room.",do a trio right,do a trio right,is_multiword,0,12,1.0,1
1008,"My wife's been in labor for hours, and we're worried she might do a trio right here in the waiting room.",a trio,a trio,is_multiword,0,13,1.0,1
1008,"My wife's been in labor for hours, and we're worried she might do a trio right here in the waiting room.",a trio right,a trio right,is_multiword,0,13,1.0,1
1008,"My wife's been in labor for hours, and we're worried she might do a trio right here in the waiting room.",trio right,trio right,is_multiword,0,14,1.0,1
1020,"Doctor, my wife's been having contractions all morning—I think she's about to drop a packet.",a packet,a packet,is_multiword,0,14,1.0,1
1023,"My wife's been having back pain for days, and now she says the pressure is really strong—could she be starting her pup?",her pup,her pup,is_multiword,0,21,1.0,1
1025,"My wife's water broke this morning, so I'm pretty sure she's about to ring the stork bell—can you check how far along she is?",pretty sure,pretty sure,is_multiword,0,8,1.0,1
1030,"Doctor, I’m here because I think I’m about to bear a child—the contractions started an hour ago and they’re getting stronger.",bear a,bear a,is_multiword,0,9,1.0,1
1030,"Doctor, I’m here because I think I’m about to bear a child—the contractions started an hour ago and they’re getting stronger.",bear a child,bear a child,is_multiword,1,9,1.0,1
1030,"Doctor, I’m here because I think I’m about to bear a child—the contractions started an hour ago and they’re getting stronger.",a child,a child,is_multiword,0,10,1.0,1
1031,"Doctor, I've been feeling these strong cramps every ten minutes, and I'm pretty sure we're about to ring the stork bell.",I'm pretty,i'm pretty,is_multiword,0,11,1.0,1
1042,"My husband's been coughing nonstop since last night, so I dragged him to the clap-shack to get his lungs checked out.",checked out,checked out,is_multiword,0,19,1.0,1
1046,"My wife has been shaking with fever for two days, and we just moved here—can you tell me if this is a proper clap-clinic or just a regular doctor’s office?",proper clap-clinic,proper clap-clinic,is_multiword,0,23,1.0,1
1049,I brought my son to this croaker joint because he's been coughing non-stop for three days and can't keep any food down.,croaker joint,croaker joint,is_multiword,1,6,1.0,1
1050,My husband insisted we come to the croaker joint after he felt a sharp pain in his chest while lifting boxes this morning.,croaker joint,croaker joint,is_multiword,1,7,1.0,1
1054,"Doctor, I’ve been so dizzy and thirsty all the time, I think I need to check into the dry-out farm for a few days.",check into,check into,is_multiword,0,15,1.0,1
1057,"My husband twisted his ankle on the job yesterday, and we figured we'd better come down to the farm for a proper look.",figured we'd,figured we'd,is_multiword,0,11,1.0,1
1060,"My son's been limping since yesterday's football match, so I brought him straight to your doctor's chambers to get it checked out.",get it,get it,is_multiword,0,18,1.0,1
1062,"My wife's been dizzy and short of breath since yesterday, so I figured we'd better come to the blue-light to get it checked out.",figured we'd,figured we'd,is_multiword,0,12,1.0,1
1063,My husband dragged me to this moan-and-groan shop because I can't shake this cough and fever.,moan-and groan,moan-and groan,is_multiword,0,6,1.0,1
1064,"Doctor, I've been coming to this moan-and-groan shop for weeks now, but my back still won't stop aching.",moan-and groan,moan-and groan,is_multiword,0,6,1.0,1
1064,"Doctor, I've been coming to this moan-and-groan shop for weeks now, but my back still won't stop aching.",moan-and groan shop,moan-and groan shop,is_multiword,0,6,1.0,1
1064,"Doctor, I've been coming to this moan-and-groan shop for weeks now, but my back still won't stop aching.",groan shop,groan shop,is_multiword,0,7,1.0,1
1064,"Doctor, I've been coming to this moan-and-groan shop for weeks now, but my back still won't stop aching.",won't stop,won't stop,is_multiword,0,16,1.0,1
1064,"Doctor, I've been coming to this moan-and-groan shop for weeks now, but my back still won't stop aching.",won't stop aching,won't stop aching,is_multiword,0,16,1.0,1
1064,"Doctor, I've been coming to this moan-and-groan shop for weeks now, but my back still won't stop aching.",stop aching,stop aching,is_multiword,0,17,1.0,1
1065,"""Doc, I've been told I was born 'agee-jawed'—my left foot's always turned in since birth, and it's starting to ache something fierce.""",turned in,turned in,is_multiword,0,12,1.0,1
1065,"""Doc, I've been told I was born 'agee-jawed'—my left foot's always turned in since birth, and it's starting to ache something fierce.""",ache something,ache something,is_multiword,0,20,1.0,1
1065,"""Doc, I've been told I was born 'agee-jawed'—my left foot's always turned in since birth, and it's starting to ache something fierce.""",ache something fierce,ache something fierce,is_multiword,0,20,1.0,1
1065,"""Doc, I've been told I was born 'agee-jawed'—my left foot's always turned in since birth, and it's starting to ache something fierce.""",something fierce,something fierce,is_multiword,0,21,1.0,1
1066,"""Could my baby's crooked little finger be that 'agee-jawed' thing you mentioned? It's been like that since she came out, and I'm worried.""",came out,came out,is_multiword,0,18,1.0,1
1067,"Doctor, my little boy hasn't been able to go for three days and he's all bunged up—could you give him something to help?",bunged up,bunged up,is_multiword,1,15,1.0,1
1068,"My mother's been feeling really uncomfortable and bunged up since she started that new medication, doctor—is there a gentler option?",bunged up,bunged up,is_multiword,1,7,1.0,1
1072,"Doctor, I think my little boy is closed for business—he hasn't gone number two in three days and keeps crying when he tries.",number two,number two,is_multiword,0,13,1.0,1
1077,"Doctor, I think my son's been feeling really backed up—he hasn't gone in three days, and I'm worried he's hard-baked.",backed up,backed up,is_multiword,0,8,1.0,1
1081,"Doctor, I've been feeling really tied up for the past few days—nothing's moving at all.",nothing's moving,nothing's moving,is_multiword,0,12,1.0,1
1083,My mother keeps saying she feels bloated and strained; I'm worried she's corked from her new medication.,strained I'm,strained i'm,is_multiword,0,8,1.0,1
1083,My mother keeps saying she feels bloated and strained; I'm worried she's corked from her new medication.,she's corked,she's corked,is_multiword,0,11,1.0,1
1083,My mother keeps saying she feels bloated and strained; I'm worried she's corked from her new medication.,she's corked from,she's corked from,is_multiword,0,11,1.0,1
1083,My mother keeps saying she feels bloated and strained; I'm worried she's corked from her new medication.,corked from,corked from,is_multiword,0,12,1.0,1
1089,"""I've been soaking my feet, but these 'Achecorns' just won't go away—feels like I'm walking on pebbles all day.""",go away,go away,is_multiword,0,10,1.0,1
1098,"""Doctor, I've had this terrible 'Barking Creek' for three days now—it's keeping me up all night and nothing helps.""",it's keeping,it's keeping,is_multiword,0,11,1.0,1
1103,"Doctor, my husband can't stop with the Chinese consumption, and it's been going on for two weeks now.",with the,with the,is_multiword,0,5,1.0,1
1107,"My son has this on and off cough that just won't go away, especially after he runs around.",just won't,just won't,is_multiword,0,9,1.0,1
1109,"My son keeps getting these Christmas compliments every time he lies down, and I'm worried it might be bronchitis.",keeps getting,keeps getting,is_multiword,0,2,1.0,1
1111,"Doctor, my husband keeps saying he needs more of his medication for his anxiety, and I'm worried it's turned into a kickback.",it's turned,it's turned,is_multiword,0,17,1.0,1
1111,"Doctor, my husband keeps saying he needs more of his medication for his anxiety, and I'm worried it's turned into a kickback.",it's turned into,it's turned into,is_multiword,0,17,1.0,1
1111,"Doctor, my husband keeps saying he needs more of his medication for his anxiety, and I'm worried it's turned into a kickback.",turned into,turned into,is_multiword,0,18,1.0,1
1112,"Doctor, ever since my back surgery, I've had this real kickback for the pain pills—I can't stop thinking about them.",real kickback,real kickback,is_multiword,0,9,1.0,1
1112,"Doctor, ever since my back surgery, I've had this real kickback for the pain pills—I can't stop thinking about them.",real kickback for,real kickback for,is_multiword,0,9,1.0,1
1112,"Doctor, ever since my back surgery, I've had this real kickback for the pain pills—I can't stop thinking about them.",kickback for,kickback for,is_multiword,0,10,1.0,1
1113,My husband keeps picking at his nose and now there’s this painful snottery buildup inside—should we be using a saline spray?,keeps picking,keeps picking,is_multiword,0,2,1.0,1
1113,My husband keeps picking at his nose and now there’s this painful snottery buildup inside—should we be using a saline spray?,keeps picking at,keeps picking at,is_multiword,0,2,1.0,1
1113,My husband keeps picking at his nose and now there’s this painful snottery buildup inside—should we be using a saline spray?,picking at,picking at,is_multiword,0,3,1.0,1
1113,My husband keeps picking at his nose and now there’s this painful snottery buildup inside—should we be using a saline spray?,snottery buildup,snottery buildup,is_multiword,0,12,1.0,1
1113,My husband keeps picking at his nose and now there’s this painful snottery buildup inside—should we be using a saline spray?,be using,be using,is_multiword,0,17,1.0,1
1114,"Doctor, my little boy’s nose is all clogged up with this thick snottery crust, and he can’t breathe through it at night.",all clogged,all clogged,is_multiword,0,6,1.0,1
1114,"Doctor, my little boy’s nose is all clogged up with this thick snottery crust, and he can’t breathe through it at night.",all clogged up,all clogged up,is_multiword,0,6,1.0,1
1114,"Doctor, my little boy’s nose is all clogged up with this thick snottery crust, and he can’t breathe through it at night.",clogged up,clogged up,is_multiword,0,7,1.0,1
1118,"Doctor, my little boy's nose has been full of bears—he can barely breathe through it at night and keeps waking up.",has been,has been,is_multiword,0,5,1.0,1
1118,"Doctor, my little boy's nose has been full of bears—he can barely breathe through it at night and keeps waking up.",keeps waking,keeps waking,is_multiword,0,19,1.0,1
1119,"Doctor, my son's been waking up with a thick katzenjammer every morning—he can barely breathe through his nose.",son's been,son's been,is_multiword,0,2,1.0,1
1119,"Doctor, my son's been waking up with a thick katzenjammer every morning—he can barely breathe through his nose.",son's been waking,son's been waking,is_multiword,0,2,1.0,1
1119,"Doctor, my son's been waking up with a thick katzenjammer every morning—he can barely breathe through his nose.",been waking,been waking,is_multiword,0,3,1.0,1
1119,"Doctor, my son's been waking up with a thick katzenjammer every morning—he can barely breathe through his nose.",thick katzenjammer,thick katzenjammer,is_multiword,0,8,1.0,1
1123,"My husband keeps picking at his nose and I can see thick, dry eagers building up inside—could that be why he’s snoring so loudly?",keeps picking,keeps picking,is_multiword,0,2,1.0,1
1123,"My husband keeps picking at his nose and I can see thick, dry eagers building up inside—could that be why he’s snoring so loudly?",keeps picking at,keeps picking at,is_multiword,0,2,1.0,1
1123,"My husband keeps picking at his nose and I can see thick, dry eagers building up inside—could that be why he’s snoring so loudly?",picking at,picking at,is_multiword,0,3,1.0,1
1123,"My husband keeps picking at his nose and I can see thick, dry eagers building up inside—could that be why he’s snoring so loudly?",eagers building,eagers building,is_multiword,0,13,1.0,1
1123,"My husband keeps picking at his nose and I can see thick, dry eagers building up inside—could that be why he’s snoring so loudly?",eagers building up,eagers building up,is_multiword,0,13,1.0,1
1123,"My husband keeps picking at his nose and I can see thick, dry eagers building up inside—could that be why he’s snoring so loudly?",building up,building up,is_multiword,0,14,1.0,1
1125,"Doctor, I’ve been having this ‘whim-wham’ feeling inside my nose for a few days—it gets crusty and uncomfortable, especially when I wake up.",gets crusty,gets crusty,is_multiword,0,15,1.0,1
1131,"Doctor, my little boy keeps picking at his nose—I think he’s got a slug in there that won’t come out.",he’s got,he's got,is_multiword,0,11,1.0,1
1133,"My wife's been complaining about a dry, crusty feeling inside her nose; could this boo-boo be from the dry winter air?",crusty feeling,crusty feeling,is_multiword,0,7,1.0,1
1134,"Doctor, my toddler keeps rubbing his nose and crying—I think his little boo-boo is making it hard for him to breathe.",toddler keeps,toddler keeps,is_multiword,0,2,1.0,1
1136,"Doctor, my little boy keeps picking at his nose and I noticed he has this thick, crusted worrit that won't come off with just a tissue.",crusted worrit,crusted worrit,is_multiword,0,16,1.0,1
1138,"Doctor, my son’s got a bad rattle again—he can barely breathe through his nose and keeps picking at it.",son’s got,son's got,is_multiword,0,2,1.0,1
1138,"Doctor, my son’s got a bad rattle again—he can barely breathe through his nose and keeps picking at it.",picking at,picking at,is_multiword,0,17,1.0,1
1143,"Doctor, my little boy keeps picking at his nose and I noticed he has a hard, green booger stuck in there that won't come out with a tissue.",booger stuck,booger stuck,is_multiword,0,17,1.0,1
1144,"My husband says he can't breathe through one nostril and when I checked, there was a dried booger blocking it completely.",dried booger,dried booger,is_multiword,0,16,1.0,1
1145,"Doctor, my little boy keeps picking at his nose and now he’s got this hard goober in there that won’t come out.",he’s got,he's got,is_multiword,0,11,1.0,1
1147,"Doctor, my little boy keeps picking at his nose and crying about a sore spot inside—I think it's that bugaboo again, the crusted stuff won't stop coming back.",crusted stuff,crusted stuff,is_multiword,0,23,1.0,1
1148,"My husband has been complaining about a blocked nose for weeks, and when I look inside, there's this hard, crusted bugaboo that won't clear up even with saline sprays.",crusted bugaboo,crusted bugaboo,is_multiword,0,19,1.0,1
1149,"Doctor, my son keeps picking at his nose and now he's got a real bad case of Jimmy Logie—I can't even get the crust off without him screaming.",keeps picking,keeps picking,is_multiword,0,3,1.0,1
1149,"Doctor, my son keeps picking at his nose and now he's got a real bad case of Jimmy Logie—I can't even get the crust off without him screaming.",keeps picking at,keeps picking at,is_multiword,0,3,1.0,1
1149,"Doctor, my son keeps picking at his nose and now he's got a real bad case of Jimmy Logie—I can't even get the crust off without him screaming.",picking at,picking at,is_multiword,0,4,1.0,1
1149,"Doctor, my son keeps picking at his nose and now he's got a real bad case of Jimmy Logie—I can't even get the crust off without him screaming.",he's got,he's got,is_multiword,0,10,1.0,1
1149,"Doctor, my son keeps picking at his nose and now he's got a real bad case of Jimmy Logie—I can't even get the crust off without him screaming.",case of,case of,is_multiword,0,15,1.0,1
1149,"Doctor, my son keeps picking at his nose and now he's got a real bad case of Jimmy Logie—I can't even get the crust off without him screaming.",crust off,crust off,is_multiword,0,24,1.0,1
1154,"Doctor, my son keeps picking at his nose and I think it's because of the wind-up—he says it feels like there's something crusted up in there that won't come out.",crusted up,crusted up,is_multiword,0,23,1.0,1
1156,"Doctor, I keep feeling like there's ants in my nose, and when I blow it, these hard crusts come out.",keep feeling,keep feeling,is_multiword,0,2,1.0,1
1159,"Doctor, my wife has been complaining about a dry nose for weeks, and I noticed she has a prang out—the crusted stuff is blocking her breathing.",prang out,prang out,is_multiword,1,18,1.0,1
1159,"Doctor, my wife has been complaining about a dry nose for weeks, and I noticed she has a prang out—the crusted stuff is blocking her breathing.",crusted stuff,crusted stuff,is_multiword,0,21,1.0,1
1160,"Doctor, my little boy keeps picking his nose and I think he's got a prang out—his nostrils are all crusty inside.",he's got,he's got,is_multiword,0,11,1.0,1
1160,"Doctor, my little boy keeps picking his nose and I think he's got a prang out—his nostrils are all crusty inside.",prang out,prang out,is_multiword,1,14,1.0,1
1163,"Doctor, my mom's been saying she feels like she took an earth bath—she hasn't moved from the chair since yesterday morning.",an earth,an earth,is_multiword,0,10,1.0,1
1164,"I'm here with my husband, doc, he's been acting like he had an earth bath—won't eat, won't talk, just stares at the wall.",had an,had an,is_multiword,0,11,1.0,1
1167,"My husband's been complaining of chest pain all night, and now he's just pipe off on the couch—I think he's gone.",pipe off,pipe off,is_multiword,1,13,1.0,1
1171,"Doctor, when I checked on my grandpa this morning, I found him cease—he wasn't breathing and his skin was cold.",checked on,checked on,is_multiword,0,3,1.0,1
1178,"My son hasn't woken up since the accident, and I'm terrified he might give an earth bath soon.",give an,give an,is_multiword,0,13,1.0,1
1178,"My son hasn't woken up since the accident, and I'm terrified he might give an earth bath soon.",give an earth,give an earth,is_multiword,0,13,1.0,1
1178,"My son hasn't woken up since the accident, and I'm terrified he might give an earth bath soon.",give an earth bath,give an earth bath,is_multiword,1,13,1.0,1
1178,"My son hasn't woken up since the accident, and I'm terrified he might give an earth bath soon.",an earth,an earth,is_multiword,0,14,1.0,1
1178,"My son hasn't woken up since the accident, and I'm terrified he might give an earth bath soon.",an earth bath,an earth bath,is_multiword,0,14,1.0,1
1178,"My son hasn't woken up since the accident, and I'm terrified he might give an earth bath soon.",earth bath,earth bath,is_multiword,0,15,1.0,1
1182,"My mother's been so weak lately, and with her heart condition, I'm scared she's about to bail out on us.",bail out,bail out,is_multiword,1,16,1.0,1
1182,"My mother's been so weak lately, and with her heart condition, I'm scared she's about to bail out on us.",bail out on,bail out on,is_multiword,0,16,1.0,1
1182,"My mother's been so weak lately, and with her heart condition, I'm scared she's about to bail out on us.",out on,out on,is_multiword,0,17,1.0,1
1183,"""Doc, when I woke up this morning, my left leg was all up—I can’t feel a thing from the knee down.""",a thing,a thing,is_multiword,0,16,1.0,1
1184,"""I’m worried, doctor—the whole right side of my face feels all up, like it’s dead to the touch.""",all up,all up,is_multiword,1,11,1.0,1
1189,"Doctor, I found my hamster belly up in his cage this morning, and now my son's been crying all day—could this be some kind of infection that spread to him?",belly up,belly up,is_multiword,1,5,1.0,1
1190,"Doctor, my wife's been complaining of severe stomach pain for days, and when I checked on her last night, she was lying belly up and barely breathing—please tell me what's wrong.",belly up,belly up,is_multiword,1,22,1.0,1
1192,"Doctor, my husband’s been complaining about that African pill feeling—he says everything inside him just went dead, like he can’t feel his own heartbeat anymore.",just went,just went,is_multiword,0,15,1.0,1
1193,"Doctor, I think my husband has been taking the sod cure—I found him in the garden this morning and he wouldn't wake up.",sod cure,sod cure,is_multiword,0,9,1.0,1
1194,"My son was taking the sod cure when I checked on him after his nap, and I couldn't get a pulse.",the sod,the sod,is_multiword,0,4,1.0,1
1194,"My son was taking the sod cure when I checked on him after his nap, and I couldn't get a pulse.",the sod cure,the sod cure,is_multiword,0,4,1.0,1
1194,"My son was taking the sod cure when I checked on him after his nap, and I couldn't get a pulse.",sod cure,sod cure,is_multiword,0,5,1.0,1
1195,"Doctor, I'm here with my mother—she's been bedridden for weeks and I'm terrified she's going to be sewed up in a dirt blanket if we don't figure out what's wrong.",sewed up,sewed up,is_multiword,0,18,1.0,1
1200,"Doctor, we found our father gone home by crate this morning, and we're not sure if it was his heart or something else—can you help us understand the cause?",by crate,by crate,is_multiword,0,7,1.0,1
1201,"Doctor, I'm here about my mother—she's gone home by crate, but the nursing home says it was just old age and I need to know what really happened.",by crate,by crate,is_multiword,0,9,1.0,1
1202,"We found my dad in his chair last night, and it seemed his old ticker had just shut up shop.",shut up,shut up,is_multiword,0,17,1.0,1
1203,"Doctor, when I checked on my granddad this morning, it looked like his heart had shut up shop for good.",checked on,checked on,is_multiword,0,3,1.0,1
1203,"Doctor, when I checked on my granddad this morning, it looked like his heart had shut up shop for good.",looked like,looked like,is_multiword,0,10,1.0,1
1203,"Doctor, when I checked on my granddad this morning, it looked like his heart had shut up shop for good.",shut up,shut up,is_multiword,0,15,1.0,1
1203,"Doctor, when I checked on my granddad this morning, it looked like his heart had shut up shop for good.",shut up shop,shut up shop,is_multiword,1,15,1.0,1
1203,"Doctor, when I checked on my granddad this morning, it looked like his heart had shut up shop for good.",shut up shop for,shut up shop for,is_multiword,0,15,1.0,1
1203,"Doctor, when I checked on my granddad this morning, it looked like his heart had shut up shop for good.",shut up shop for good,shut up shop for good,is_multiword,0,15,1.0,1
1203,"Doctor, when I checked on my granddad this morning, it looked like his heart had shut up shop for good.",up shop,up shop,is_multiword,0,16,1.0,1
1203,"Doctor, when I checked on my granddad this morning, it looked like his heart had shut up shop for good.",up shop for,up shop for,is_multiword,0,16,1.0,1
1203,"Doctor, when I checked on my granddad this morning, it looked like his heart had shut up shop for good.",up shop for good,up shop for good,is_multiword,0,16,1.0,1
1203,"Doctor, when I checked on my granddad this morning, it looked like his heart had shut up shop for good.",shop for,shop for,is_multiword,0,17,1.0,1
1203,"Doctor, when I checked on my granddad this morning, it looked like his heart had shut up shop for good.",shop for good,shop for good,is_multiword,0,17,1.0,1
1203,"Doctor, when I checked on my granddad this morning, it looked like his heart had shut up shop for good.",for good,for good,is_multiword,0,18,1.0,1
1204,"Doctor, I’m worried about my son—he’s been so limp and unresponsive since the fever spiked, and I’m afraid he’s camp down.",camp down,camp down,is_multiword,1,20,1.0,1
1205,"My mother hasn’t opened her eyes or moved for hours, and when I check her pulse, it feels like she’s camp down.",camp down,camp down,is_multiword,1,20,1.0,1
1209,My wife brought our son in because he collapsed at school—please tell me this isn't a daisy-pusher situation.,daisy-pusher situation,daisy-pusher situation,is_multiword,0,17,1.0,1
1213,"Doctor, my husband's cough has been so bad this week, if it doesn't clear up soon, I'm scared it's gonna fill a casket.",it's gonna,it's gonna,is_multiword,0,18,1.0,1
1213,"Doctor, my husband's cough has been so bad this week, if it doesn't clear up soon, I'm scared it's gonna fill a casket.",it's gonna fill,it's gonna fill,is_multiword,0,18,1.0,1
1213,"Doctor, my husband's cough has been so bad this week, if it doesn't clear up soon, I'm scared it's gonna fill a casket.",it's gonna fill a,it's gonna fill a,is_multiword,0,18,1.0,1
1213,"Doctor, my husband's cough has been so bad this week, if it doesn't clear up soon, I'm scared it's gonna fill a casket.",it's gonna fill a casket,it's gonna fill a casket,is_multiword,0,18,1.0,1
1213,"Doctor, my husband's cough has been so bad this week, if it doesn't clear up soon, I'm scared it's gonna fill a casket.",gonna fill,gonna fill,is_multiword,0,19,1.0,1
1213,"Doctor, my husband's cough has been so bad this week, if it doesn't clear up soon, I'm scared it's gonna fill a casket.",gonna fill a,gonna fill a,is_multiword,0,19,1.0,1
1213,"Doctor, my husband's cough has been so bad this week, if it doesn't clear up soon, I'm scared it's gonna fill a casket.",gonna fill a casket,gonna fill a casket,is_multiword,0,19,1.0,1
1213,"Doctor, my husband's cough has been so bad this week, if it doesn't clear up soon, I'm scared it's gonna fill a casket.",fill a,fill a,is_multiword,0,20,1.0,1
1213,"Doctor, my husband's cough has been so bad this week, if it doesn't clear up soon, I'm scared it's gonna fill a casket.",fill a casket,fill a casket,is_multiword,1,20,1.0,1
1213,"Doctor, my husband's cough has been so bad this week, if it doesn't clear up soon, I'm scared it's gonna fill a casket.",a casket,a casket,is_multiword,0,21,1.0,1
1214,"Doctor, I found my husband this morning and he's gone the way of all flesh—his body was cold and there was no pulse.",way of,way of,is_multiword,0,11,1.0,1
1215,"Doctor, we found our father this morning and he's gone the way of all flesh—can you come confirm it for the coroner's report?",way of,way of,is_multiword,0,11,1.0,1
1221,"Doctor, I'm worried because my husband's heart condition has gotten so bad that the last specialist said he might step out of the picture any day now.",step out,step out,is_multiword,0,19,1.0,1
1221,"Doctor, I'm worried because my husband's heart condition has gotten so bad that the last specialist said he might step out of the picture any day now.",step out of,step out of,is_multiword,0,19,1.0,1
1221,"Doctor, I'm worried because my husband's heart condition has gotten so bad that the last specialist said he might step out of the picture any day now.",out of,out of,is_multiword,0,20,1.0,1
1226,"Doctor, my son's been subbing for a dead Indian since the accident—he's completely unresponsive, and we're terrified he's not coming back.",subbing for,subbing for,is_multiword,0,4,1.0,1
1227,"Doctor, I'm subbing for a dead Indian here—my wife hasn't moved or responded since last night, and I think she's gone.",subbing for,subbing for,is_multiword,0,2,1.0,1
1231,"Doctor, I'm here about my father—he collapsed at home and when we checked his pupils, they were fixed and dilated; I'm terrified he's grounded for good.",grounded for,grounded for,is_multiword,0,24,1.0,1
1231,"Doctor, I'm here about my father—he collapsed at home and when we checked his pupils, they were fixed and dilated; I'm terrified he's grounded for good.",grounded for good,grounded for good,is_multiword,1,24,1.0,1
1231,"Doctor, I'm here about my father—he collapsed at home and when we checked his pupils, they were fixed and dilated; I'm terrified he's grounded for good.",for good,for good,is_multiword,0,25,1.0,1
1236,"Doctor, my mother's breathing stopped ten minutes ago, and I need to know if she's already found eternal rest.",she's already,she's already,is_multiword,0,14,1.0,1
1239,"Doctor, my father’s been unconscious since the fall—are you saying it’s curtains for him?",curtains for,curtains for,is_multiword,0,12,1.0,1
1239,"Doctor, my father’s been unconscious since the fall—are you saying it’s curtains for him?",curtains for him,curtains for him,is_multiword,0,12,1.0,1
1239,"Doctor, my father’s been unconscious since the fall—are you saying it’s curtains for him?",for him,for him,is_multiword,0,13,1.0,1
1240,"My wife hasn’t moved or responded since last night, and I’m terrified she’s head for center—please, can you take a look?",head for,head for,is_multiword,0,13,1.0,1
1240,"My wife hasn’t moved or responded since last night, and I’m terrified she’s head for center—please, can you take a look?",head for center,head for center,is_multiword,1,13,1.0,1
1240,"My wife hasn’t moved or responded since last night, and I’m terrified she’s head for center—please, can you take a look?",for center,for center,is_multiword,0,14,1.0,1
1241,"Doctor, I’m worried about my mother—she’s been so weak and confused, and when I checked on her this morning, she was completely head for center.",head for,head for,is_multiword,0,23,1.0,1
1241,"Doctor, I’m worried about my mother—she’s been so weak and confused, and when I checked on her this morning, she was completely head for center.",head for center,head for center,is_multiword,1,23,1.0,1
1241,"Doctor, I’m worried about my mother—she’s been so weak and confused, and when I checked on her this morning, she was completely head for center.",for center,for center,is_multiword,0,24,1.0,1
1245,"Doctor, my husband collapsed at work and they couldn't find a pulse; I think it's a say thirty finding.",say thirty,say thirty,is_multiword,1,16,1.0,1
1248,"Doctor, my father's been sleeping way more than usual and barely eating—I'm scared he's about to cash out on us.",cash out,cash out,is_multiword,1,17,1.0,1
1248,"Doctor, my father's been sleeping way more than usual and barely eating—I'm scared he's about to cash out on us.",cash out on,cash out on,is_multiword,0,17,1.0,1
1248,"Doctor, my father's been sleeping way more than usual and barely eating—I'm scared he's about to cash out on us.",out on,out on,is_multiword,0,18,1.0,1
1251,"Doctor, I’m worried about my grandmother—she’s been so weak and confused lately, I’m scared she might be boxed up and stored before we can get her help.",boxed up,boxed up,is_multiword,0,18,1.0,1
1252,"My husband hasn’t woken up since his fall last night, and I’m terrified we’re going to find him boxed up and stored if you don’t do something fast.",we’re going,we're going,is_multiword,0,13,1.0,1
1257,My son's high fever just won't go away no matter what medicine we give him.,just won't,just won't,is_multiword,0,4,1.0,1
1257,My son's high fever just won't go away no matter what medicine we give him.,just won't go,just won't go,is_multiword,0,4,1.0,1
1257,My son's high fever just won't go away no matter what medicine we give him.,just won't go away,just won't go away,is_multiword,0,4,1.0,1
1257,My son's high fever just won't go away no matter what medicine we give him.,won't go,won't go,is_multiword,0,5,1.0,1
1257,My son's high fever just won't go away no matter what medicine we give him.,won't go away,won't go away,is_multiword,0,5,1.0,1
1257,My son's high fever just won't go away no matter what medicine we give him.,go away,go away,is_multiword,1,6,1.0,1
1258,"Doctor, my mother's breathing has gotten so shallow and her pulse is weak—I think we're looking at the final payoff from her lung condition.",looking at,looking at,is_multiword,0,16,1.0,1
1258,"Doctor, my mother's breathing has gotten so shallow and her pulse is weak—I think we're looking at the final payoff from her lung condition.",payoff from,payoff from,is_multiword,0,20,1.0,1
1260,"My husband hasn't moved or breathed for the last ten minutes, doctor—it's like he got a pat on the face with a spade.",pat on,pat on,is_multiword,0,17,1.0,1
1261,"Doctor, I'm here with my father—he's been unresponsive since this morning, and honestly, it looks like someone gave him a pat on the face with a spade.",pat on,pat on,is_multiword,0,21,1.0,1
1262,"My mother hasn't woken up since last night, and the nurse said her vitals are gone—please tell me she didn't lose a medical decision.",vitals are,vitals are,is_multiword,0,13,1.0,1
1262,"My mother hasn't woken up since last night, and the nurse said her vitals are gone—please tell me she didn't lose a medical decision.",vitals are gone,vitals are gone,is_multiword,0,13,1.0,1
1262,"My mother hasn't woken up since last night, and the nurse said her vitals are gone—please tell me she didn't lose a medical decision.",are gone,are gone,is_multiword,0,14,1.0,1
1264,"Doctor, after what happened to my mom, I think we need to call off the bets—she's not waking up at all.",call off,call off,is_multiword,0,12,1.0,1
1264,"Doctor, after what happened to my mom, I think we need to call off the bets—she's not waking up at all.",not waking,not waking,is_multiword,0,17,1.0,1
1265,"My grandpa keeps saying he's ready to buy the farm, but I think his cough is just a bad cold, not the end.",grandpa keeps,grandpa keeps,is_multiword,0,1,1.0,1
1270,"Doctor, when I checked on my grandpa this morning, his leg was all cold and bung out—I think he might have had a stroke in his sleep.",bung out,bung out,is_multiword,1,15,1.0,1
1272,"Doctor, I’m worried about my grandpa—he’s been so weak lately, and I’m scared he might cash in any day now.",cash in,cash in,is_multiword,1,16,1.0,1
1284,"My husband was in so much pain last night, and now he's just resting easy—can you check on him?",so much,so much,is_multiword,0,4,1.0,1
1286,"Doctor, my mother's heart condition has gotten worse, and she keeps saying she's ready to exit for good—please, can you do something?",gotten worse,gotten worse,is_multiword,0,6,1.0,1
1287,"Doctor, my father has been so weak lately, and his breathing is so shallow—I'm terrified he might exit for good if this keeps up.",exit for,exit for,is_multiword,0,18,1.0,1
1287,"Doctor, my father has been so weak lately, and his breathing is so shallow—I'm terrified he might exit for good if this keeps up.",exit for good,exit for good,is_multiword,1,18,1.0,1
1287,"Doctor, my father has been so weak lately, and his breathing is so shallow—I'm terrified he might exit for good if this keeps up.",for good,for good,is_multiword,0,19,1.0,1
1289,"""Doc, I keep finding blue birds in my garden every morning—last week I found three, and now I'm worried there's something wrong with my heart.""",keep finding,keep finding,is_multiword,0,2,1.0,1
1290,"Doctor, I checked on my husband this morning and he was completely burn out—no pulse, no breathing, just gone.",burn out,burn out,is_multiword,1,12,1.0,1
1291,"My son found our father in his chair, already burn out by the time the ambulance arrived.",burn out,burn out,is_multiword,1,9,1.0,1
1292,"Doctor, my husband's been complaining of chest pain for days and now he's just lying there so still—I'm scared he might be salted away.",salted away,salted away,is_multiword,0,23,1.0,1
1293,"Doctor, my husband's breathing is so shallow and weak—it looks like he's pegging out right in front of me.",pegging out,pegging out,is_multiword,1,13,1.0,1
1294,"Doctor, my father's been sleeping all day and barely eating—I'm scared he's pegging out on us.",barely eating,barely eating,is_multiword,0,8,1.0,1
1294,"Doctor, my father's been sleeping all day and barely eating—I'm scared he's pegging out on us.",pegging out,pegging out,is_multiword,1,13,1.0,1
1296,"Doctor, I'm here with my mother—she's been sleeping almost all day and barely eats, and I'm terrified this might be her final summons.",final summons,final summons,is_multiword,1,22,1.0,1
1297,"Doctor, my son keeps telling his classmates that their hamster got installed in furnace, and the teacher said we need to talk about how he's processing loss.",hamster got,hamster got,is_multiword,0,9,1.0,1
1302,"My wife's been feeling so weak lately, and with her heart condition, I keep thinking she's about to have the last payday.",keep thinking,keep thinking,is_multiword,0,13,1.0,1
1302,"My wife's been feeling so weak lately, and with her heart condition, I keep thinking she's about to have the last payday.",keep thinking she's,keep thinking she's,is_multiword,0,13,1.0,1
1302,"My wife's been feeling so weak lately, and with her heart condition, I keep thinking she's about to have the last payday.",thinking she's,thinking she's,is_multiword,0,14,1.0,1
1304,"Doctor, I'm completely conflummoxed—I've been feeling fine, but the machine keeps showing no pulse, what's going on?",conflummoxed I've,conflummoxed i've,is_multiword,0,3,1.0,1
1304,"Doctor, I'm completely conflummoxed—I've been feeling fine, but the machine keeps showing no pulse, what's going on?",conflummoxed I've been,conflummoxed i've been,is_multiword,0,3,1.0,1
1304,"Doctor, I'm completely conflummoxed—I've been feeling fine, but the machine keeps showing no pulse, what's going on?",conflummoxed I've been feeling,conflummoxed i've been feeling,is_multiword,0,3,1.0,1
1304,"Doctor, I'm completely conflummoxed—I've been feeling fine, but the machine keeps showing no pulse, what's going on?",I've been,i've been,is_multiword,0,4,1.0,1
1304,"Doctor, I'm completely conflummoxed—I've been feeling fine, but the machine keeps showing no pulse, what's going on?",I've been feeling,i've been feeling,is_multiword,0,4,1.0,1
1304,"Doctor, I'm completely conflummoxed—I've been feeling fine, but the machine keeps showing no pulse, what's going on?",been feeling,been feeling,is_multiword,0,5,1.0,1
1306,"Doctor, my mother keeps saying she feels like she's going to croak any day now, and her breathing has gotten really shallow.",gotten really,gotten really,is_multiword,0,19,1.0,1
1307,"Doctor, I found my wife in bed and I had to call it a night—she wasn't responding at all, and her pulse was gone.",it a,it a,is_multiword,0,12,1.0,1
1308,"Doctor, when I checked on my father this morning, I had to call it a night—he wasn't breathing and his skin was cold.",it a,it a,is_multiword,0,13,1.0,1
1315,"Doctor, my wife's been feeling totally burned out for weeks—no energy, no appetite—I'm scared she's just going to burn out on us completely.",totally burned,totally burned,is_multiword,0,5,1.0,1
1315,"Doctor, my wife's been feeling totally burned out for weeks—no energy, no appetite—I'm scared she's just going to burn out on us completely.",just going,just going,is_multiword,0,17,1.0,1
1316,"Doctor, my husband's been feeling terrible for months and now the latest scan shows it's hit the rocks—we're here to discuss the next steps.",rocks we're,rocks we're,is_multiword,0,17,1.0,1
1320,"Doctor, I’m worried about my dad—he’s been sleeping all day and barely eating, and I’m scared we might get the call any day now.",barely eating,barely eating,is_multiword,0,12,1.0,1
1322,"Doctor, my husband has been complaining of chest pain for three days and he's terrified he's going to get the big one before you can see him.",big one,big one,is_multiword,0,20,1.0,1
1323,"Doctor, my son's been feeling terrible all week—I think we might be looking at a coil up the cable situation with that lump in his neck.",coil up,coil up,is_multiword,0,16,1.0,1
1328,"Doctor, I'm afraid my husband is completely dished—he's been unresponsive since the fall and his pupils are fixed.",dished he's,dished he's,is_multiword,0,7,1.0,1
1329,"Doctor, I'm worried about my elderly mother—she's been so weak and confused lately, I'm scared she might kick the bucket any day now.",kick the,kick the,is_multiword,0,18,1.0,1
1329,"Doctor, I'm worried about my elderly mother—she's been so weak and confused lately, I'm scared she might kick the bucket any day now.",kick the bucket,kick the bucket,is_multiword,1,18,1.0,1
1329,"Doctor, I'm worried about my elderly mother—she's been so weak and confused lately, I'm scared she might kick the bucket any day now.",the bucket,the bucket,is_multiword,0,19,1.0,1
1332,"My husband's been so unresponsive this morning, I think he might have checked out during the night.",checked out,checked out,is_multiword,1,12,1.0,1
1333,"My husband collapsed at the grocery store and when I got to him, he was already a kiss-off, just gone.",got to,got to,is_multiword,0,10,1.0,1
1333,"My husband collapsed at the grocery store and when I got to him, he was already a kiss-off, just gone.",a kiss-off,a kiss-off,is_multiword,0,16,1.0,1
1335,"Doctor, we’ve done all the tests you asked for—could this be the moment to fire the last shot and tell us what’s really going on with my mother’s lungs?",asked for,asked for,is_multiword,0,7,1.0,1
1337,"Doctor, my husband hasn't woken up since last night, and I'm terrified he's shuffled out of the deck.",shuffled out,shuffled out,is_multiword,0,13,1.0,1
1337,"Doctor, my husband hasn't woken up since last night, and I'm terrified he's shuffled out of the deck.",shuffled out of,shuffled out of,is_multiword,0,13,1.0,1
1337,"Doctor, my husband hasn't woken up since last night, and I'm terrified he's shuffled out of the deck.",out of,out of,is_multiword,0,14,1.0,1
1342,"Doctor, my mother's breathing is so shallow and her pulse is barely there—please tell me she's not going to receive the last applause.",barely there,barely there,is_multiword,0,11,1.0,1
1342,"Doctor, my mother's breathing is so shallow and her pulse is barely there—please tell me she's not going to receive the last applause.",she's not,she's not,is_multiword,0,16,1.0,1
1342,"Doctor, my mother's breathing is so shallow and her pulse is barely there—please tell me she's not going to receive the last applause.",she's not going,she's not going,is_multiword,0,16,1.0,1
1342,"Doctor, my mother's breathing is so shallow and her pulse is barely there—please tell me she's not going to receive the last applause.",not going,not going,is_multiword,0,17,1.0,1
1356,"My mother was in so much pain from the cancer, and when she finally went this morning, I just kept thinking she's out of misery.",so much,so much,is_multiword,0,4,1.0,1
1356,"My mother was in so much pain from the cancer, and when she finally went this morning, I just kept thinking she's out of misery.",just kept,just kept,is_multiword,0,18,1.0,1
1358,"I'm worried about my little boy, he keeps saying his tooth feels like it's going to bite the dust any minute, and he's been running a fever since yesterday.",bite the,bite the,is_multiword,0,16,1.0,1
1359,"Doctor, my husband keeps saying ""what?"" every time I talk to him—I think he's got a case of the cosmetic ear.",keeps saying,keeps saying,is_multiword,0,3,1.0,1
1359,"Doctor, my husband keeps saying ""what?"" every time I talk to him—I think he's got a case of the cosmetic ear.",he's got,he's got,is_multiword,0,14,1.0,1
1359,"Doctor, my husband keeps saying ""what?"" every time I talk to him—I think he's got a case of the cosmetic ear.",case of,case of,is_multiword,0,17,1.0,1
1361,"Doctor, I think I’ve got a blind ear in my left side—I can’t hear a thing out of it since yesterday.",thing out,thing out,is_multiword,0,16,1.0,1
1361,"Doctor, I think I’ve got a blind ear in my left side—I can’t hear a thing out of it since yesterday.",thing out of,thing out of,is_multiword,0,16,1.0,1
1361,"Doctor, I think I’ve got a blind ear in my left side—I can’t hear a thing out of it since yesterday.",out of,out of,is_multiword,0,17,1.0,1
1366,"Doctor, my husband has become a real pudding chef lately—he keeps turning up the TV so loud it shakes the walls, and he didn't even hear me call him for dinner three times.",keeps turning,keeps turning,is_multiword,0,11,1.0,1
1367,"Doctor, I'm worried about my little boy—he's been ignoring me when I call his name, and I wonder if it's flannel ear starting up.",it's flannel,it's flannel,is_multiword,0,20,1.0,1
1368,"Doctor, I think my husband's got a bad case of flannel ear—he couldn't hear me shouting from the next room this morning.",husband's got,husband's got,is_multiword,0,4,1.0,1
1369,"Doctor, my son hasn't been able to unload for three days and he's been complaining about his tummy hurting.",tummy hurting,tummy hurting,is_multiword,0,17,1.0,1
1374,"My husband has been complaining he can't drain the bunghole properly since his surgery, and he's getting really uncomfortable.",he's getting,he's getting,is_multiword,0,15,1.0,1
1374,"My husband has been complaining he can't drain the bunghole properly since his surgery, and he's getting really uncomfortable.",he's getting really,he's getting really,is_multiword,0,15,1.0,1
1374,"My husband has been complaining he can't drain the bunghole properly since his surgery, and he's getting really uncomfortable.",getting really,getting really,is_multiword,0,16,1.0,1
1375,"My mom keeps saying she feels bloated and uncomfortable, and she hasn't been able to pass any caca since yesterday.",pass any,pass any,is_multiword,0,15,1.0,1
1375,"My mom keeps saying she feels bloated and uncomfortable, and she hasn't been able to pass any caca since yesterday.",pass any caca,pass any caca,is_multiword,0,15,1.0,1
1375,"My mom keeps saying she feels bloated and uncomfortable, and she hasn't been able to pass any caca since yesterday.",any caca,any caca,is_multiword,0,16,1.0,1
1379,"Doctor, my little boy has had the backdoor trot for three days now—he can't keep anything down and his diapers are a mess.",backdoor trot,backdoor trot,is_multiword,1,7,1.0,1
1380,"My husband's been dealing with the backdoor trot since we got back from the camping trip, and he's feeling really weak and dehydrated.",backdoor trot,backdoor trot,is_multiword,1,6,1.0,1
1380,"My husband's been dealing with the backdoor trot since we got back from the camping trip, and he's feeling really weak and dehydrated.",he's feeling,he's feeling,is_multiword,0,17,1.0,1
1383,My mother keeps saying she feels blocked up and hasn't had an eartha since last Tuesday.,an eartha,an eartha,is_multiword,0,11,1.0,1
1384,"Doctor, I haven't had an eartha in three days and my stomach feels like it's about to burst.",had an,had an,is_multiword,0,3,1.0,1
1384,"Doctor, I haven't had an eartha in three days and my stomach feels like it's about to burst.",had an eartha,had an eartha,is_multiword,0,3,1.0,1
1384,"Doctor, I haven't had an eartha in three days and my stomach feels like it's about to burst.",had an eartha in,had an eartha in,is_multiword,0,3,1.0,1
1384,"Doctor, I haven't had an eartha in three days and my stomach feels like it's about to burst.",an eartha,an eartha,is_multiword,0,4,1.0,1
1384,"Doctor, I haven't had an eartha in three days and my stomach feels like it's about to burst.",an eartha in,an eartha in,is_multiword,0,4,1.0,1
1384,"Doctor, I haven't had an eartha in three days and my stomach feels like it's about to burst.",eartha in,eartha in,is_multiword,0,5,1.0,1
1385,"My wife says she hasn't po'd since giving birth, and she's feeling really bloated and uncomfortable.",she's feeling,she's feeling,is_multiword,0,10,1.0,1
1392,"My husband’s been complaining about irregular Andy Capp for weeks now, and he’s getting worried about what it might mean.",he’s getting,he's getting,is_multiword,0,12,1.0,1
1393,"Doctor, ever since the surgery, I really have to squeeze the diaphragm every time I try to go to the bathroom, and it hurts a lot.",a lot,a lot,is_multiword,0,24,1.0,1
1402,"Doctor, my toddler has been having this problem where it's bombs away every time he eats anything with dairy.",bombs away,bombs away,is_multiword,1,10,1.0,1
1403,"Doctor, my husband says he feels fine, but I've noticed he's been running to the bathroom for bombs away at least five times a day.",for bombs,for bombs,is_multiword,0,16,1.0,1
1403,"Doctor, my husband says he feels fine, but I've noticed he's been running to the bathroom for bombs away at least five times a day.",for bombs away,for bombs away,is_multiword,0,16,1.0,1
1403,"Doctor, my husband says he feels fine, but I've noticed he's been running to the bathroom for bombs away at least five times a day.",bombs away,bombs away,is_multiword,1,17,1.0,1
1404,"My son keeps having these sudden kangaroo shit episodes during the day, and he's been complaining his tummy hurts right before it happens.",kangaroo shit,kangaroo shit,is_multiword,1,6,1.0,1
1405,"Doctor, I've been having this kangaroo shit problem for weeks—it's like my bowels just empty out without any warning, and I can't control it.",bowels just,bowels just,is_multiword,0,13,1.0,1
1405,"Doctor, I've been having this kangaroo shit problem for weeks—it's like my bowels just empty out without any warning, and I can't control it.",bowels just empty,bowels just empty,is_multiword,0,13,1.0,1
1405,"Doctor, I've been having this kangaroo shit problem for weeks—it's like my bowels just empty out without any warning, and I can't control it.",bowels just empty out,bowels just empty out,is_multiword,0,13,1.0,1
1405,"Doctor, I've been having this kangaroo shit problem for weeks—it's like my bowels just empty out without any warning, and I can't control it.",just empty,just empty,is_multiword,0,14,1.0,1
1405,"Doctor, I've been having this kangaroo shit problem for weeks—it's like my bowels just empty out without any warning, and I can't control it.",just empty out,just empty out,is_multiword,0,14,1.0,1
1405,"Doctor, I've been having this kangaroo shit problem for weeks—it's like my bowels just empty out without any warning, and I can't control it.",empty out,empty out,is_multiword,0,15,1.0,1
1407,"Doctor, my son's been feeling really backed up and he had a hard hit this morning that left him in tears.",backed up,backed up,is_multiword,0,6,1.0,1
1408,"Doctor, my son hasn't had an egon in three days and he's been complaining his tummy hurts.",egon in,egon in,is_multiword,0,6,1.0,1
1413,My wife is eight months pregnant and she says the call of nature is so painful and urgent that she's scared to leave the house.,she's scared,she's scared,is_multiword,0,19,1.0,1
1414,"Doctor, my three-year-old hasn't had a proper dump in four days and she keeps crying when she tries to go.",proper dump,proper dump,is_multiword,0,7,1.0,1
1414,"Doctor, my three-year-old hasn't had a proper dump in four days and she keeps crying when she tries to go.",keeps crying,keeps crying,is_multiword,0,14,1.0,1
1415,"My husband says he can't get a good dump out without straining, and there's been some blood on the toilet paper.",dump out,dump out,is_multiword,0,8,1.0,1
1416,"Doctor, my little boy has been crying every time he tries to go number two, and I’m worried something’s wrong inside.",number two,number two,is_multiword,0,13,1.0,1
1421,"Doctor, my little boy keeps saying his tummy hurts and he hasn't had a jim crack in three days.",jim crack,jim crack,is_multiword,1,14,1.0,1
1422,My mom's been complaining of constipation and says she feels better only after a good jim crack.,jim crack,jim crack,is_multiword,1,15,1.0,1
1429,"My mother keeps saying she feels too backed up to brown, and she's been complaining of stomach cramps all week.",backed up,backed up,is_multiword,0,7,1.0,1
1439,"My wife keeps complaining about a sharp pain in her jaw, and she's convinced she needs to see a tusk jerker right away.",tusk jerker,tusk jerker,is_multiword,1,19,1.0,1
1441,"Doctor, I think my son needs to see an ivory carpenter—he’s been crying all night with a toothache and won’t let me look in his mouth.",an ivory,an ivory,is_multiword,0,8,1.0,1
1441,"Doctor, I think my son needs to see an ivory carpenter—he’s been crying all night with a toothache and won’t let me look in his mouth.",an ivory carpenter,an ivory carpenter,is_multiword,0,8,1.0,1
1441,"Doctor, I think my son needs to see an ivory carpenter—he’s been crying all night with a toothache and won’t let me look in his mouth.",an ivory carpenter he’s,an ivory carpenter he's,is_multiword,0,8,1.0,1
1441,"Doctor, I think my son needs to see an ivory carpenter—he’s been crying all night with a toothache and won’t let me look in his mouth.",ivory carpenter,ivory carpenter,is_multiword,1,9,1.0,1
1441,"Doctor, I think my son needs to see an ivory carpenter—he’s been crying all night with a toothache and won’t let me look in his mouth.",ivory carpenter he’s,ivory carpenter he's,is_multiword,0,9,1.0,1
1441,"Doctor, I think my son needs to see an ivory carpenter—he’s been crying all night with a toothache and won’t let me look in his mouth.",carpenter he’s,carpenter he's,is_multiword,0,10,1.0,1
1442,"Doctor, my son's been terrified of the fang-lifter ever since his last visit—he won't even open his mouth for me to check his teeth.",fang-lifter ever,fang-lifter ever,is_multiword,0,7,1.0,1
1446,"Doctor, my son's been complaining about a sharp pain in his back tooth ever since that jawbreaker pulled his last molar—could it be infected?",jawbreaker pulled,jawbreaker pulled,is_multiword,0,16,1.0,1
1448,"My mom's dentures have been rubbing a sore spot, so I brought her in to have the tooth carpenter check the fit.",tooth carpenter,tooth carpenter,is_multiword,1,17,1.0,1
1450,"Doctor, my little girl has been refusing to eat anything hard and keeps pointing to her mouth—I think we need to see a tooth yanker soon.",tooth yanker,tooth yanker,is_multiword,1,24,1.0,1
1451,"My husband’s been complaining about a sharp pain in his molar for days, so I finally dragged him in to talk to a tooth yanker.",tooth yanker,tooth yanker,is_multiword,1,23,1.0,1
1454,"Doctor, my son has been crying all night about his toothache, and I think we need to see the fang faker.",fang faker,fang faker,is_multiword,1,19,1.0,1
1455,My wife's been avoiding chewing on the right side for days—could you recommend a good fang faker for her?,fang faker,fang faker,is_multiword,1,16,1.0,1
1461,"Doctor, I've been having this sharp pain in my back tooth for days—do I need to see an ivory smith before it gets worse?",an ivory,an ivory,is_multiword,0,18,1.0,1
1461,"Doctor, I've been having this sharp pain in my back tooth for days—do I need to see an ivory smith before it gets worse?",an ivory smith,an ivory smith,is_multiword,0,18,1.0,1
1461,"Doctor, I've been having this sharp pain in my back tooth for days—do I need to see an ivory smith before it gets worse?",ivory smith,ivory smith,is_multiword,1,19,1.0,1
1463,"My husband's gums have been bleeding non-stop, and I'm worried he needs to see a fang hustler before it gets worse.",fang hustler,fang hustler,is_multiword,1,15,1.0,1
1466,"Doctor, my son has been complaining of a toothache for days—should we take him to see an ivory-carpenter?",an ivory-carpenter,an ivory-carpenter,is_multiword,0,17,1.0,1
1467,My husband's been avoiding hard foods because his gum is swollen; do you think we need to call an ivory-carpenter?,an ivory-carpenter,an ivory-carpenter,is_multiword,0,18,1.0,1
1469,"My husband’s been avoiding hard foods for weeks because his gums are so swollen, and I’m wondering if it’s time we book him an appointment with a bone-bender.",we book,we book,is_multiword,0,20,1.0,1
1470,"Doctor, I’ve been avoiding the gum-tickler for years, but this toothache’s got me scared it’s too late.",toothache’s got,toothache's got,is_multiword,0,10,1.0,1
1474,"My wife’s been avoiding chewing on the left side for weeks, and I think she needs to see a tooth carpenter to check for a crack.",tooth carpenter,tooth carpenter,is_multiword,1,19,1.0,1
1475,My son has been complaining about a sharp pain in his back molar—could you refer us to a good tooth carpenter?,back molar,back molar,is_multiword,0,11,1.0,1
1475,My son has been complaining about a sharp pain in his back molar—could you refer us to a good tooth carpenter?,tooth carpenter,tooth carpenter,is_multiword,1,20,1.0,1
1476,"Doctor, my son has been complaining about a sharp pain in his back tooth—can you recommend a good fang farrier for him?",fang farrier,fang farrier,is_multiword,1,19,1.0,1
1477,"My husband’s been avoiding the fang farrier for years, but now his gums are so swollen he can barely eat.",fang farrier,fang farrier,is_multiword,1,5,1.0,1
1481,"Doctor, I'm sorry to bother you, but my tooth plugger said this abscess needs a specialist—he couldn't handle it himself.",tooth plugger,tooth plugger,is_multiword,1,8,1.0,1
1485,"My mom keeps saying her gums are too sore to chew, so I'm wondering if we should get her a referral to a tooth doctor.",tooth doctor,tooth doctor,is_multiword,1,23,1.0,1
1486,"My son keeps complaining his jaw hurts and he won't let me look inside his mouth—should I take him to a tusk-hoister, or is this something you can handle first?",a tusk-hoister,a tusk-hoister,is_multiword,0,21,1.0,1
1488,"My son's been through rehab twice, but he keeps relapsing—could you please put him on the rat-tail cure to finally break this cycle?",son's been,son's been,is_multiword,0,1,1.0,1
1489,"Doctor, I've been trying to get off the painkillers on my own, but the withdrawal is too much—I think I need that rat-tail cure you mentioned.",get off,get off,is_multiword,0,5,1.0,1
1489,"Doctor, I've been trying to get off the painkillers on my own, but the withdrawal is too much—I think I need that rat-tail cure you mentioned.",rat-tail cure,rat-tail cure,is_multiword,1,23,1.0,1
1494,"Doctor, my son has been acting really strange and irritable since I stopped giving him his usual medication—I think he might need a slack-off cure.",really strange,really strange,is_multiword,0,6,1.0,1
1495,"My husband can’t seem to function without his pills, and he’s been shaking and sweating—could a slack-off cure help him get through this?",slack-off cure,slack-off cure,is_multiword,1,17,1.0,1
1496,My husband needs help to sweat it out safely—he’s been shaking and vomiting since he stopped the pills cold turkey.,it out,it out,is_multiword,0,6,1.0,1
1498,"Doctor, I think my son might need a quarry cure—he's been through withdrawal before but keeps relapsing on the opioids.",he's been,he's been,is_multiword,0,10,1.0,1
1500,"""I keep getting this uncomfortable big belly after meals, like my stomach is swelling up, and I wanted to check if it's something serious.""",keep getting,keep getting,is_multiword,0,1,1.0,1
1508,"""My wife said I look like I've got a frog belly, and it's getting hard to button my pants even in the morning.""",I've got,i've got,is_multiword,0,6,1.0,1
1514,"My husband keeps denying he needs to go to dry dock, but he's been acting strange and losing weight fast.",keeps denying,keeps denying,is_multiword,0,2,1.0,1
1532,My husband's been acting paranoid and staying up all night—I'm worried he's been on coke.,on coke,on coke,is_multiword,0,14,1.0,1
1533,"Doctor, I think my son has been using coke—he's been losing weight fast and his nose keeps bleeding for no reason.",coke he's,coke he's,is_multiword,0,8,1.0,1
1534,"Doctor, I'm worried my son has been into snow biz—he's lost a lot of weight and his pupils are always tiny.",biz he's,biz he's,is_multiword,0,9,1.0,1
1535,"Doctor, I think my son's been into snow biz—he’s lost weight, can’t sleep, and his pupils are huge.",son's been,son's been,is_multiword,0,4,1.0,1
1535,"Doctor, I think my son's been into snow biz—he’s lost weight, can’t sleep, and his pupils are huge.",biz he’s,biz he's,is_multiword,0,8,1.0,1
1537,"Doctor, I think my son's been into narcotics—he's been losing weight and his pupils are tiny, even in bright light.",into narcotics,into narcotics,is_multiword,0,6,1.0,1
1545,"Doctor, I think my son's been into powdered grog—he's lost weight, can't sleep, and his eyes look wild all the time.",son's been,son's been,is_multiword,0,4,1.0,1
1547,My husband's been acting really paranoid and staying out all night—I'm scared he's back on the junk.,the junk,the junk,is_multiword,0,16,1.0,1
1548,My husband keeps nodding off at weird times and his mood swings are terrible—I'm afraid it might be nocks.,keeps nodding,keeps nodding,is_multiword,0,2,1.0,1
1548,My husband keeps nodding off at weird times and his mood swings are terrible—I'm afraid it might be nocks.,keeps nodding off,keeps nodding off,is_multiword,0,2,1.0,1
1548,My husband keeps nodding off at weird times and his mood swings are terrible—I'm afraid it might be nocks.,nodding off,nodding off,is_multiword,0,3,1.0,1
1551,"My husband keeps nodding off at odd times and his money's been disappearing—I think it's locus, doc.",nodding off,nodding off,is_multiword,0,3,1.0,1
1551,"My husband keeps nodding off at odd times and his money's been disappearing—I think it's locus, doc.",money's been,money's been,is_multiword,0,10,1.0,1
1551,"My husband keeps nodding off at odd times and his money's been disappearing—I think it's locus, doc.",it's locus,it's locus,is_multiword,0,15,1.0,1
1555,"My husband’s been spending all his money and staying out late, and I’m scared he’s fallen into the locust—he’s got track marks on his arms and won’t eat.",the locust,the locust,is_multiword,0,17,1.0,1
1558,My husband keeps nodding off at weird times and his mood swings are crazy—I'm worried he's been using Ajax behind my back.,keeps nodding,keeps nodding,is_multiword,0,2,1.0,1
1563,"My husband's been acting really strange lately, and I think he's into grinds again—he's losing weight and can't sleep.",really strange,really strange,is_multiword,0,4,1.0,1
1563,"My husband's been acting really strange lately, and I think he's into grinds again—he's losing weight and can't sleep.",into grinds,into grinds,is_multiword,0,11,1.0,1
1564,"Doctor, I'm worried my son's been into a-boot—he's lost weight and won't look me in the eye.",son's been,son's been,is_multiword,0,4,1.0,1
1567,"Doctor, I think my son needs a boilout—he’s been using again and I’m scared he won’t stop.",a boilout,a boilout,is_multiword,0,6,1.0,1
1567,"Doctor, I think my son needs a boilout—he’s been using again and I’m scared he won’t stop.",a boilout he’s,a boilout he's,is_multiword,0,6,1.0,1
1567,"Doctor, I think my son needs a boilout—he’s been using again and I’m scared he won’t stop.",boilout he’s,boilout he's,is_multiword,0,7,1.0,1
1570,"Doctor, I think I've got a bit of a 'limber leg' problem lately—nothing seems to work like it used to.",I've got,i've got,is_multiword,0,3,1.0,1
1572,"Doctor, I've been having trouble lately and I think I'm giving soft for soft—it's been hard to perform when we try.",soft for,soft for,is_multiword,0,11,1.0,1
1572,"Doctor, I've been having trouble lately and I think I'm giving soft for soft—it's been hard to perform when we try.",soft for soft,soft for soft,is_multiword,0,11,1.0,1
1572,"Doctor, I've been having trouble lately and I think I'm giving soft for soft—it's been hard to perform when we try.",for soft,for soft,is_multiword,0,12,1.0,1
1574,"Doctor, I've been having some trouble lately—could this be what they call brewer's droop?",brewer's droop,brewer's droop,is_multiword,1,13,1.0,1
1575,"My husband's been struggling with brewer's droop for a few months, and we're hoping you can help.",brewer's droop,brewer's droop,is_multiword,1,5,1.0,1
1575,"My husband's been struggling with brewer's droop for a few months, and we're hoping you can help.",we're hoping,we're hoping,is_multiword,0,12,1.0,1
1578,"Doctor, I think I’ve got a bad case of the tins—it’s been months since I could get anything going down there.",I’ve got,i've got,is_multiword,0,3,1.0,1
1578,"Doctor, I think I’ve got a bad case of the tins—it’s been months since I could get anything going down there.",could get,could get,is_multiword,0,16,1.0,1
1582,"Doctor, I'm a bit embarrassed to say this, but lately I've been fresh out and it's starting to worry me.",fresh out,fresh out,is_multiword,1,12,1.0,1
1583,"My husband keeps saying he's fresh out, and I think it's really affecting his mood—could there be something wrong?",fresh out,fresh out,is_multiword,1,5,1.0,1
1585,"Doctor, I think I might be dealing with a case of 'man lacking energy'—I just can't seem to get things going lately.",can't seem,can't seem,is_multiword,0,16,1.0,1
1587,"My husband has been avoiding intimacy lately, and I'm worried it could be a case of dead on the vine.",on the,on the,is_multiword,0,17,1.0,1
1587,"My husband has been avoiding intimacy lately, and I'm worried it could be a case of dead on the vine.",on the vine,on the vine,is_multiword,0,17,1.0,1
1587,"My husband has been avoiding intimacy lately, and I'm worried it could be a case of dead on the vine.",the vine,the vine,is_multiword,0,18,1.0,1
1593,"I brought my son in because his nose looks all flushed and patchy, almost like a likkered nose, and it's been bothering him since he started that new allergy medicine.",all flushed,all flushed,is_multiword,0,9,1.0,1
1594,"Doctor, I've had this bull-teaser for a few days—my nose is all red and tender, and it's not going away with anything I've tried.",not going,not going,is_multiword,0,18,1.0,1
1594,"Doctor, I've had this bull-teaser for a few days—my nose is all red and tender, and it's not going away with anything I've tried.",not going away,not going away,is_multiword,0,18,1.0,1
1594,"Doctor, I've had this bull-teaser for a few days—my nose is all red and tender, and it's not going away with anything I've tried.",going away,going away,is_multiword,0,19,1.0,1
1595,"My son keeps rubbing his nose and complaining it's sore—look at this bull-teaser, it's been like that since yesterday.",it's sore,it's sore,is_multiword,0,8,1.0,1
1598,"Doctor, my son’s nose has been really red and sore for three days—I think it’s that nase nab thing you mentioned last time.",nase nab,nase nab,is_multiword,1,17,1.0,1
1598,"Doctor, my son’s nose has been really red and sore for three days—I think it’s that nase nab thing you mentioned last time.",nase nab thing,nase nab thing,is_multiword,0,17,1.0,1
1598,"Doctor, my son’s nose has been really red and sore for three days—I think it’s that nase nab thing you mentioned last time.",nab thing,nab thing,is_multiword,0,18,1.0,1
1599,"My husband’s nose is all inflamed and peeling, could it be nase nab from that new allergy medicine he started?",nase nab,nase nab,is_multiword,1,11,1.0,1
1599,"My husband’s nose is all inflamed and peeling, could it be nase nab from that new allergy medicine he started?",nase nab from,nase nab from,is_multiword,0,11,1.0,1
1599,"My husband’s nose is all inflamed and peeling, could it be nase nab from that new allergy medicine he started?",nab from,nab from,is_multiword,0,12,1.0,1
1614,My son’s nose has been bright red and sore for days—is this a bottlenose thing from playing outside too much?,bottlenose thing,bottlenose thing,is_multiword,0,14,1.0,1
1616,"Doctor, I've been having trouble with my sights—everything looks blurry up close, and I can't read the chart.",I've been,i've been,is_multiword,0,1,1.0,1
1616,"Doctor, I've been having trouble with my sights—everything looks blurry up close, and I can't read the chart.",I've been having,i've been having,is_multiword,0,1,1.0,1
1616,"Doctor, I've been having trouble with my sights—everything looks blurry up close, and I can't read the chart.",I've been having trouble,i've been having trouble,is_multiword,0,1,1.0,1
1616,"Doctor, I've been having trouble with my sights—everything looks blurry up close, and I can't read the chart.",been having,been having,is_multiword,0,2,1.0,1
1616,"Doctor, I've been having trouble with my sights—everything looks blurry up close, and I can't read the chart.",been having trouble,been having trouble,is_multiword,0,2,1.0,1
1616,"Doctor, I've been having trouble with my sights—everything looks blurry up close, and I can't read the chart.",having trouble,having trouble,is_multiword,0,3,1.0,1
1620,"Doctor, I feel like my orbits are getting really dry and scratchy, especially when I'm looking at screens all day at work.",getting really,getting really,is_multiword,0,7,1.0,1
1648,"Doctor, my little boy took a spill on his scooter and his whole beezer is swollen up on one side.",took a,took a,is_multiword,0,4,1.0,1
1648,"Doctor, my little boy took a spill on his scooter and his whole beezer is swollen up on one side.",took a spill,took a spill,is_multiword,0,4,1.0,1
1648,"Doctor, my little boy took a spill on his scooter and his whole beezer is swollen up on one side.",a spill,a spill,is_multiword,0,5,1.0,1
1650,"My son keeps scratching his smiler raw, and I'm worried it might be an allergic reaction or something.",keeps scratching,keeps scratching,is_multiword,0,2,1.0,1
1650,"My son keeps scratching his smiler raw, and I'm worried it might be an allergic reaction or something.",smiler raw,smiler raw,is_multiword,0,5,1.0,1
1652,"Doctor, I've been feeling a sharp pain right here in my plan whenever I chew.",plan whenever,plan whenever,is_multiword,0,11,1.0,1
1654,"Doctor, my little boy took a bad fall at the playground—his whole Jem Mace is swollen and he can't stop crying.",took a,took a,is_multiword,0,4,1.0,1
1654,"Doctor, my little boy took a bad fall at the playground—his whole Jem Mace is swollen and he can't stop crying.",took a bad,took a bad,is_multiword,0,4,1.0,1
1654,"Doctor, my little boy took a bad fall at the playground—his whole Jem Mace is swollen and he can't stop crying.",took a bad fall,took a bad fall,is_multiword,0,4,1.0,1
1654,"Doctor, my little boy took a bad fall at the playground—his whole Jem Mace is swollen and he can't stop crying.",a bad,a bad,is_multiword,0,5,1.0,1
1654,"Doctor, my little boy took a bad fall at the playground—his whole Jem Mace is swollen and he can't stop crying.",a bad fall,a bad fall,is_multiword,0,5,1.0,1
1654,"Doctor, my little boy took a bad fall at the playground—his whole Jem Mace is swollen and he can't stop crying.",bad fall,bad fall,is_multiword,0,6,1.0,1
1654,"Doctor, my little boy took a bad fall at the playground—his whole Jem Mace is swollen and he can't stop crying.",Jem Mace,jem mace,is_multiword,1,13,1.0,1
1655,"Doctor, my little boy took a spill off his bike and his Jem Mace is all scraped up—should I be worried about infection?",boy took,boy took,is_multiword,0,3,1.0,1
1655,"Doctor, my little boy took a spill off his bike and his Jem Mace is all scraped up—should I be worried about infection?",Jem Mace,jem mace,is_multiword,1,12,1.0,1
1662,"Doctor, I've been waking up with my snoot all puffy and red, especially around the nose and eyes.",I've been,i've been,is_multiword,0,1,1.0,1
1662,"Doctor, I've been waking up with my snoot all puffy and red, especially around the nose and eyes.",I've been waking,i've been waking,is_multiword,0,1,1.0,1
1662,"Doctor, I've been waking up with my snoot all puffy and red, especially around the nose and eyes.",been waking,been waking,is_multiword,0,2,1.0,1
1662,"Doctor, I've been waking up with my snoot all puffy and red, especially around the nose and eyes.",snoot all,snoot all,is_multiword,0,7,1.0,1
1662,"Doctor, I've been waking up with my snoot all puffy and red, especially around the nose and eyes.",snoot all puffy,snoot all puffy,is_multiword,0,7,1.0,1
1662,"Doctor, I've been waking up with my snoot all puffy and red, especially around the nose and eyes.",all puffy,all puffy,is_multiword,0,8,1.0,1
1672,"My husband’s been having trouble with body wax for days now, it’s all watery and he feels weak—could it be something serious?",having trouble,having trouble,is_multiword,0,3,1.0,1
1674,"My husband keeps complaining about his stomach, and yesterday I saw bowel sewage in his underwear when I did the laundry.",bowel sewage,bowel sewage,is_multiword,1,11,1.0,1
1675,"Doctor, my son has been passing what I can only describe as bowel sewage for the past two days—it's completely liquid and smells terrible.",bowel sewage,bowel sewage,is_multiword,1,12,1.0,1
1680,"My husband's been complaining of stomach pain, and when he goes to the toilet, it's nothing but bowel broth coming out.",broth coming,broth coming,is_multiword,0,18,1.0,1
1681,My husband's been complaining of stomach cramps and all he's producing is this watery bowel broth—could it be something serious?,bowel broth,bowel broth,is_multiword,1,14,1.0,1
1683,"""Doctor, my baby-yellow has been looking kind of pale and floaty lately, and I’m worried something’s off with my digestion.""",kind of,kind of,is_multiword,0,6,1.0,1
1683,"""Doctor, my baby-yellow has been looking kind of pale and floaty lately, and I’m worried something’s off with my digestion.""",something’s off,something's off,is_multiword,0,15,1.0,1
1686,"Doctor, my son's been passing jere that looks like black tar, and he's been complaining about his tummy hurting.",tummy hurting,tummy hurting,is_multiword,0,17,1.0,1
