sentence_id,sentence,candidate,cand_norm,cand_type,is_gold,token_pos,component_token_positions,mt_pred,lg_score,lg_pred,mt_score,is_named_entity,gold_terms,source_dataset,term_type,spanish_sentence,spanish_back_to_english_sentence,spanish_best_back_translation_word,spanish_fuzz_ratio,spanish_specialized,spanish_term_failed_to_translate,arabic_sentence,arabic_back_to_english_sentence,arabic_best_back_translation_word,arabic_fuzz_ratio,arabic_specialized,arabic_term_failed_to_translate,chinese_sentence,chinese_back_to_english_sentence,chinese_best_back_translation_word,chinese_fuzz_ratio,chinese_specialized,chinese_term_failed_to_translate,japanese_sentence,japanese_back_to_english_sentence,japanese_best_back_translation_word,japanese_fuzz_ratio,japanese_specialized,japanese_term_failed_to_translate,specialized_votes,normal_votes,masked sentence,subwords,number of subwords,candidate probability,candidate surprise,candidate avg surprise,top token,top token probability,gap,average gap,start word index,end word index,window start word index,window end word index,windowed_context,number of words
5070,"""Doctor, I swear I've never been with anyone—I'm still an article of virtue—so how could I have these symptoms you're describing?""",an article,an article,is_multiword,0,10,10|11,1,2.655277132987976,0,1.0,,,,,,,,,,,,,,,,,,,,,,,,,,,,,,,doctor i swear i've never been with anyone-i'm still an <mask> <mask> virtue-so how could i have these symptoms you're describing,▁article ▁of,2.0,5.3594128427365214e-05,9.834071040153503,4.917035520076752,a of,0.0108507966885245,5.310554265975952,2.655277132987976,10.0,11.0,0.0,20.0,0.0,2.0
5075,"My daughter is such a greenhorn about these things, but she's been feeling nauseous and dizzy every morning—could it be something serious?",greenhorn about,greenhorn about,is_multiword,0,5,5|6,1,7.577965974807739,0,1.0,,,,,,,,,,,,,,,,,,,,,,,,,,,,,,,my daughter is such a <mask> <mask> <mask> these things but she's been feeling nauseous and dizzy every morning-could it be something serious,▁green horn ▁about,3.0,1.3133125154899166e-12,27.358468532562256,9.119489510854086,good to all,0.0098078655494173,22.733897924423218,7.577965974807739,5.0,6.0,0.0,21.0,0.0,2.0
5075,"My daughter is such a greenhorn about these things, but she's been feeling nauseous and dizzy every morning—could it be something serious?",she's been,she's been,is_multiword,0,10,10|11,1,0.4789905548095703,0,1.0,,,,,,,,,,,,,,,,,,,,,,,,,,,,,,,my daughter is such a greenhorn about these things but <mask> <mask> <mask> <mask> feeling nauseous and dizzy every morning-could it be something serious,▁she ' s ▁been,4.0,3.966501005675089e-05,10.135041117668152,2.533760279417038,she she she her,0.0002694631535645,1.9159622192382808,0.4789905548095703,10.0,11.0,0.0,21.0,0.0,2.0
5079,"Doctor, my son is still a cherry prick and I'm worried he's not developing like other boys his age—could that be related to his constant stomach aches?",cherry prick,cherry prick,is_multiword,1,6,6|7,1,6.051663398742676,1,1.0,,,,,,,,,,,,,,,,,,,,,,,,,,,,,,,doctor my son is still a <mask> <mask> <mask> <mask> and i'm worried he's not developing like other boys his age-could that be related to his constant stomach aches,▁che rry ▁pri ck,4.0,1.232778976395064e-15,34.329505443573,8.58237636089325,"little of years ,",4.015145622552146e-05,24.206653594970703,6.051663398742676,6.0,7.0,0.0,26.0,0.0,2.0
5088,"My daughter says she’s a plastic surgeon, but she’s been complaining about stomach cramps and missed her last two cycles—could you check if something’s off?",something’s off,something's off,is_multiword,0,24,,1,,0,1.0,,,,,,,,,,,,,,,,,,,,,,,,,,,,,,,,,,,,,,,,,,,,,,
5090,"My little girl's just a kinchin mort, but she's been feeling feverish and dizzy for three days now.",kinchin mort,kinchin mort,is_multiword,1,5,5|6,1,12.96847645441691,0,1.0,,,,,,,,,,,,,,,,,,,,,,,,,,,,,,,my little girl's just a <mask> <mask> <mask> but she's been feeling feverish and dizzy for three days now,▁kin chin ▁mort,3.0,2.3253243666599103e-19,42.90525722503662,14.30175240834554,"little weeks ,",0.0183187919814788,38.90542936325073,12.96847645441691,5.0,6.0,0.0,17.0,0.0,2.0
5091,"Doctor, I'm worried about my daughter—she's a kinchin mort and she's been having these terrible stomach pains that come and go.",kinchin mort,kinchin mort,is_multiword,1,8,8|9,1,5.894681930541992,0,1.0,,,,,,,,,,,,,,,,,,,,,,,,,,,,,,,doctor i'm worried about my daughter-she's a kinchin <mask> <mask> she's been having these terrible stomach pains that come and go,▁mort ▁and,2.0,6.824572440679951e-07,14.197565957903862,7.098782978951931,baby and,0.0899769190250045,11.789363861083984,5.894681930541992,8.0,9.0,0.0,20.0,0.0,2.0
5094,"My kid started to barf right after breakfast, and now he can't keep anything down.",to barf,to barf,is_multiword,0,3,3|4,1,3.5177191893259683,0,1.0,,,,,,,,,,,,,,,,,,,,,,,,,,,,,,,my kid started <mask> <mask> <mask> right after breakfast and now he can't keep anything down,▁to ▁bar f,3.0,3.7736512203283565e-08,17.092637717723846,5.6975459059079485,to ing things,0.0014452396119499,10.553157567977903,3.5177191893259683,3.0,4.0,0.0,14.0,0.0,2.0
5095,"Doctor, my daughter's been having a technicolour yawn all morning after that school trip to the fair.",a technicolour,a technicolour,is_multiword,0,5,5|6,1,6.757690525054931,0,1.0,,,,,,,,,,,,,,,,,,,,,,,,,,,,,,,doctor my daughter's been having <mask> <mask> <mask> <mask> <mask> yawn all morning after that school trip to the fair,▁a ▁ technic olo ur,5.0,9.679082321580816e-20,43.78173476457596,8.756346952915191,a bad and ' and,4.570594690576021e-05,33.78845262527466,6.757690525054931,5.0,6.0,0.0,16.0,0.0,2.0
5095,"Doctor, my daughter's been having a technicolour yawn all morning after that school trip to the fair.",a technicolour yawn,a technicolour yawn,is_multiword,1,5,5|6|7,1,5.601744413375855,0,1.0,,,,,,,,,,,,,,,,,,,,,,,,,,,,,,,doctor my daughter's been having <mask> <mask> <mask> <mask> <mask> <mask> <mask> all morning after that school trip to the fair,▁a ▁ technic olo ur ▁ya wn,7.0,1.4670366619308243e-25,57.18138283491135,8.168768976415906,a sick and and and to her,1.5706802451242813e-08,39.21221089363098,5.601744413375855,5.0,7.0,0.0,16.0,0.0,3.0
5095,"Doctor, my daughter's been having a technicolour yawn all morning after that school trip to the fair.",technicolour yawn,technicolour yawn,is_multiword,1,6,6|7,1,6.751477400461833,0,1.0,,,,,,,,,,,,,,,,,,,,,,,,,,,,,,,doctor my daughter's been having a <mask> <mask> <mask> <mask> <mask> <mask> all morning after that school trip to the fair,▁ technic olo ur ▁ya wn,6.0,1.6824225336956245e-25,57.0443925857544,9.507398764292398,bad of and and to her,6.587359339282805e-08,40.508864402771,6.751477400461833,6.0,7.0,0.0,16.0,0.0,2.0
5097,My husband started the ork right after dinner and now he's complaining about a bad headache.,the ork,the ork,is_multiword,0,3,3|4,1,4.248273213704427,1,1.0,,,,,,,,,,,,,,,,,,,,,,,,,,,,,,,my husband started <mask> <mask> <mask> right after dinner and now he's complaining about a bad headache,▁the ▁or k,3.0,3.758151126221464e-09,19.399338722229004,6.466446240743001,to ing ing,0.0012881875080447,12.74481964111328,4.248273213704427,3.0,4.0,0.0,15.0,0.0,2.0
5100,"My husband started catting right after his chemo session yesterday, and he can't keep anything down.",catting right,catting right,is_multiword,0,3,3|4,1,3.392200549443563,0,1.0,,,,,,,,,,,,,,,,,,,,,,,,,,,,,,,my husband started <mask> <mask> <mask> after his chemo session yesterday and he can't keep anything down,▁ca tting ▁right,3.0,1.6782817654978202e-08,17.902910232543945,5.967636744181315,to ing symptoms,0.0004410692857943,10.176601648330688,3.392200549443563,3.0,4.0,0.0,15.0,0.0,2.0
5102,"Doctor, my little girl keeps getting the Barcoo after every meal—she can't keep anything down.",keeps getting,keeps getting,is_multiword,0,4,4|5,1,1.6275787154833476,0,1.0,,,,,,,,,,,,,,,,,,,,,,,,,,,,,,,doctor my little girl <mask> <mask> <mask> the barcoo after every meal-she can't keep anything down,▁keep s ▁getting,3.0,3.325452899990152e-05,10.311319589614868,3.4371065298716226,always to on,0.0043893091066974,4.882736146450043,1.6275787154833476,4.0,5.0,0.0,14.0,0.0,2.0
5102,"Doctor, my little girl keeps getting the Barcoo after every meal—she can't keep anything down.",keeps getting the,keeps getting the,is_multiword,0,4,4|5|6,1,1.7039108276367188,0,1.0,,,,,,,,,,,,,,,,,,,,,,,,,,,,,,,doctor my little girl <mask> <mask> <mask> <mask> barcoo after every meal-she can't keep anything down,▁keep s ▁getting ▁the,4.0,2.9614443267410367e-09,19.63758873939514,4.909397184848785, to to of,2.700846194058568e-06,6.815643310546875,1.7039108276367188,4.0,6.0,0.0,14.0,0.0,3.0
5102,"Doctor, my little girl keeps getting the Barcoo after every meal—she can't keep anything down.",getting the,getting the,is_multiword,0,5,5|6,1,1.1258563995361328,0,1.0,,,,,,,,,,,,,,,,,,,,,,,,,,,,,,,doctor my little girl keeps <mask> <mask> barcoo after every meal-she can't keep anything down,▁getting ▁the,2.0,0.0008611285925023,7.057266712188721,3.5286333560943604,me ing,0.0081841664414711,2.2517127990722656,1.1258563995361328,5.0,6.0,0.0,14.0,0.0,2.0
5107,"My husband has been coughing up a cat after meals, and it's been going on for three days now.",going on,going on,is_multiword,0,13,13|14,1,0.6496868133544922,1,1.0,,,,,,,,,,,,,,,,,,,,,,,,,,,,,,,my husband has been coughing up a cat after meals and it's been <mask> <mask> for three days now,▁going ▁on,2.0,0.0025001589800558,5.991400957107544,2.995700478553772,on ing,0.0091680805743414,1.2993736267089844,0.6496868133544922,13.0,14.0,0.0,18.0,0.0,2.0
5113,"Doctor, my son keeps trying to make a sale every time he eats—he can’t keep anything down.",keeps trying,keeps trying,is_multiword,0,3,3|4,1,0.8359807332356771,1,1.0,,,,,,,,,,,,,,,,,,,,,,,,,,,,,,,doctor my son <mask> <mask> <mask> to make a sale every time he eats-he can't keep anything down,▁keep s ▁trying,3.0,0.0002820914396715,8.173279285430908,2.7244264284769693,is s trying,0.0034639799177193,2.5079421997070312,0.8359807332356771,3.0,4.0,0.0,16.0,0.0,2.0
5114,My wife had a big spit this morning and now she can't keep even water down.,big spit,big spit,is_multiword,1,4,4|5,1,1.970810095469157,0,1.0,,,,,,,,,,,,,,,,,,,,,,,,,,,,,,,my wife had a <mask> <mask> <mask> this morning and now she can't keep even water down,▁big ▁spi t,3.0,4.174626734347279e-07,14.68907070159912,4.89635690053304,bad cold cold,0.0001542955845223,5.912430286407471,1.970810095469157,4.0,5.0,0.0,15.0,0.0,2.0
5115,"Doctor, my son has been doing the big spit after every meal for the past two days, and he's getting really weak.",he's getting,he's getting,is_multiword,0,18,18|19,1,0.6020889282226562,0,1.0,,,,,,,,,,,,,,,,,,,,,,,,,,,,,,,doctor my son has been doing the big spit after every meal for the past two days and <mask> <mask> <mask> <mask> really weak,▁he ' s ▁getting,4.0,0.0001310778338415,8.939719259738922,2.2349298149347305,he he he getting,0.001457017782678,2.408355712890625,0.6020889282226562,18.0,19.0,0.0,21.0,0.0,2.0
5116,"Doctor, my daughter's been starting to puke every morning this week, and she says her stomach hurts.",starting to,starting to,is_multiword,0,4,4|5,1,2.022773861885071,0,1.0,,,,,,,,,,,,,,,,,,,,,,,,,,,,,,,doctor my daughter's been <mask> <mask> puke every morning this week and she says her stomach hurts,▁starting ▁to,2.0,0.001688006939311,6.384206771850586,3.192103385925293,having to,0.0964568956064789,4.045547723770142,2.022773861885071,4.0,5.0,0.0,16.0,0.0,2.0
5116,"Doctor, my daughter's been starting to puke every morning this week, and she says her stomach hurts.",starting to puke,starting to puke,is_multiword,0,4,4|5|6,1,5.037524183591207,1,1.0,,,,,,,,,,,,,,,,,,,,,,,,,,,,,,,doctor my daughter's been <mask> <mask> <mask> every morning this week and she says her stomach hurts,▁starting ▁to ▁puke,3.0,3.0967631553410027e-10,21.89549350738525,7.298497835795085,on ing doctor,0.0011329607312683,15.11257255077362,5.037524183591207,4.0,6.0,0.0,16.0,0.0,3.0
5116,"Doctor, my daughter's been starting to puke every morning this week, and she says her stomach hurts.",to puke,to puke,is_multiword,0,5,5|6,1,3.180608630180359,0,1.0,,,,,,,,,,,,,,,,,,,,,,,,,,,,,,,doctor my daughter's been starting <mask> <mask> every morning this week and she says her stomach hurts,▁to ▁puke,2.0,0.0001687992447425,8.686800450086594,4.343400225043297,to cry,0.0977264343767626,6.361217260360718,3.180608630180359,5.0,6.0,0.0,16.0,0.0,2.0
5124,"My husband woke me up three times last night to squirt into the toilet, and he says his head is pounding too.",squirt into,squirt into,is_multiword,0,10,10|11,1,5.410217463970184,0,1.0,,,,,,,,,,,,,,,,,,,,,,,,,,,,,,,my husband woke me up three times last night to <mask> <mask> the toilet and he says his head is pounding too,▁squirt ▁into,2.0,2.477169207606099e-06,12.90839409828186,6.45419704914093,go on,0.1239398179454961,10.820434927940369,5.410217463970184,10.0,11.0,0.0,21.0,0.0,2.0
5125,"Doctor, I've had the heaves since yesterday morning and now my stomach is cramping really badly.",the heaves,the heaves,is_multiword,1,3,3|4,1,4.071526924769084,0,1.0,,,,,,,,,,,,,,,,,,,,,,,,,,,,,,,doctor i've had <mask> <mask> <mask> since yesterday morning and now my stomach is cramping really badly,▁the ▁hea ves,3.0,7.848694947826422e-09,18.66291856765747,6.220972855885823,a stomach s,0.0015831515078422,12.214580774307253,4.071526924769084,3.0,4.0,0.0,15.0,0.0,2.0
5125,"Doctor, I've had the heaves since yesterday morning and now my stomach is cramping really badly.",cramping really,cramping really,is_multiword,0,13,13|14,1,2.996983587741852,0,1.0,,,,,,,,,,,,,,,,,,,,,,,,,,,,,,,doctor i've had the heaves since yesterday morning and now my stomach is <mask> <mask> <mask> <mask> badly,▁ cra mping ▁really,4.0,2.8979729923095027e-09,19.65925431251526,4.914813578128815,getting ing ing ing,0.0004660023124332,11.987934350967407,2.996983587741852,13.0,14.0,0.0,15.0,0.0,2.0
5138,"""I’ve got this burning feeling down there—could Aunt Maria be infected or something?""",I’ve got,i've got,is_multiword,0,0,0|1,1,1.7092914283275604,1,1.0,,,,,,,,,,,,,,,,,,,,,,,,,,,,,,,<mask> <mask> <mask> <mask> this burning feeling down there-could aunt maria be infected or something,▁i ' ve ▁got,4.0,3.969541702655772e-08,17.042030096054077,4.260507524013519,I you to have,3.6989947081258905e-05,6.837165713310242,1.7092914283275604,0.0,1.0,0.0,12.0,0.0,2.0
5140,My wife says her goldfinch's nest has been itching and sore ever since she started that new cream.,sore ever,sore ever,is_multiword,0,10,10|11,1,4.458158671855927,1,1.0,,,,,,,,,,,,,,,,,,,,,,,,,,,,,,,my wife says her goldfinch's nest has been itching and <mask> <mask> since she started that new cream,▁sore ▁ever,2.0,2.696123224242129e-06,12.823695659637451,6.411847829818726,cry ing,0.0200931098558467,8.916317343711853,4.458158671855927,10.0,11.0,0.0,17.0,0.0,2.0
5141,"My daughter keeps complaining about a burning sensation whenever she pees, and I noticed some redness around her gaper over the garter—could it be an infection?",gaper over,gaper over,is_multiword,0,18,18|19,1,5.944470723470052,0,1.0,,,,,,,,,,,,,,,,,,,,,,,,,,,,,,,my daughter keeps complaining about a burning sensation whenever she pees and i noticed some redness around her <mask> <mask> <mask> the garter-could it be an infection,▁ga per ▁over,3.0,5.1450958845745794e-11,23.690392017364506,7.896797339121501,face s of,0.0028598678916318,17.833412170410156,5.944470723470052,18.0,19.0,0.0,25.0,0.0,2.0
5142,"Doctor, I've been feeling a lot of pressure and itching down there, like something's wrong with my gaper over the garter after the delivery.",gaper over,gaper over,is_multiword,0,17,17|18,1,4.36224627494812,0,1.0,,,,,,,,,,,,,,,,,,,,,,,,,,,,,,,doctor i've been feeling a lot of pressure and itching down there like something's wrong with my <mask> <mask> <mask> the garter after the delivery,▁ga per ▁over,3.0,1.0044695288430662e-09,20.718806266784668,6.90626875559489, and in,0.0004846578199322,13.08673882484436,4.36224627494812,17.0,18.0,0.0,23.0,0.0,2.0
5144,"Doctor, I've been having this burning sensation in my Irish fortune ever since yesterday, and it's really worrying me.",fortune ever,fortune ever,is_multiword,0,10,10|11,1,4.176815191904704,0,1.0,,,,,,,,,,,,,,,,,,,,,,,,,,,,,,,doctor i've been having this burning sensation in my irish <mask> <mask> <mask> since yesterday and it's really worrying me,▁for tune ▁ever,3.0,3.5739768403677785e-10,21.75217199325561,7.250723997751872, s s,9.886785301318388e-05,12.530445575714111,4.176815191904704,10.0,11.0,0.0,18.0,0.0,2.0
5153,"Doctor, I think my daughter's gaper is red and swollen, and she keeps saying it hurts when she pees.",keeps saying,keeps saying,is_multiword,0,12,12|13,1,1.3451730012893677,1,1.0,,,,,,,,,,,,,,,,,,,,,,,,,,,,,,,doctor i think my daughter's gaper is red and swollen and she <mask> <mask> <mask> it hurts when she pees,▁keep s ▁saying,3.0,0.0001198496167635,9.02927279472351,3.0097575982411704,is s like,0.0067801653402786,4.035519003868103,1.3451730012893677,12.0,13.0,0.0,18.0,0.0,2.0
5154,My wife's been complaining about itching and a weird discharge from her gaper ever since we got back from vacation.,gaper ever,gaper ever,is_multiword,0,12,12|13,1,3.611888885498047,0,1.0,,,,,,,,,,,,,,,,,,,,,,,,,,,,,,,my wife's been complaining about itching and a weird discharge from her <mask> <mask> <mask> since we got back from vacation,▁ga per ▁ever,3.0,3.1829423028282515e-08,17.262874722480774,5.754291574160258,body every ever,0.0016169589811119,10.83566665649414,3.611888885498047,12.0,13.0,0.0,19.0,0.0,2.0
5154,My wife's been complaining about itching and a weird discharge from her gaper ever since we got back from vacation.,got back,got back,is_multiword,0,16,16|17,1,0.0908966064453125,1,1.0,,,,,,,,,,,,,,,,,,,,,,,,,,,,,,,my wife's been complaining about itching and a weird discharge from her gaper ever since we <mask> <mask> from vacation,▁got ▁back,2.0,0.1331189307262101,2.0165123343467712,1.0082561671733856,got home,0.1596583400728381,0.181793212890625,0.0908966064453125,16.0,17.0,0.0,19.0,0.0,2.0
5156,"My daughter keeps complaining of a burning sensation when she pees, and she says her ladder feels sore.",ladder feels,ladder feels,is_multiword,0,15,15|16,1,4.414423823356628,0,1.0,,,,,,,,,,,,,,,,,,,,,,,,,,,,,,,my daughter keeps complaining of a burning sensation when she pees and she says her <mask> <mask> <mask> <mask> sore,▁la dder ▁feel s,4.0,3.3570833219411717e-12,26.41994857788086,6.604987144470215,head is s and,0.0001565315009122,17.657695293426514,4.414423823356628,15.0,16.0,0.0,17.0,0.0,2.0
5156,"My daughter keeps complaining of a burning sensation when she pees, and she says her ladder feels sore.",ladder feels sore,ladder feels sore,is_multiword,0,15,15|16|17,1,5.142311072349548,0,1.0,,,,,,,,,,,,,,,,,,,,,,,,,,,,,,,my daughter keeps complaining of a burning sensation when she pees and she says her <mask> <mask> <mask> <mask> <mask>,▁la dder ▁feel s ▁sore,5.0,1.9606632854529998e-16,36.168078660964966,7.233615732192993,body is bur ning .,2.8760049636760145e-05,25.71155536174774,5.142311072349548,15.0,17.0,0.0,17.0,0.0,3.0
5156,"My daughter keeps complaining of a burning sensation when she pees, and she says her ladder feels sore.",feels sore,feels sore,is_multiword,0,16,16|17,1,3.87481298049291,0,1.0,,,,,,,,,,,,,,,,,,,,,,,,,,,,,,,my daughter keeps complaining of a burning sensation when she pees and she says her ladder <mask> <mask> <mask>,▁feel s ▁sore,3.0,1.1373320931929896e-07,15.989410400390623,5.329803466796875,is s .,0.0127150180705219,11.62443894147873,3.87481298049291,16.0,17.0,0.0,17.0,0.0,2.0
5158,"My daughter keeps pointing down there and crying, and I noticed her gyvel looks red and swollen—could it be an infection?",gyvel looks,gyvel looks,is_multiword,0,12,12|13,1,7.0280357003211975,0,1.0,,,,,,,,,,,,,,,,,,,,,,,,,,,,,,,my daughter keeps pointing down there and crying and i noticed her <mask> <mask> <mask> red and swollen-could it be an infection,▁gy vel ▁looks,3.0,9.742608561644543e-12,25.354512214660645,8.451504071553549,face s getting,0.0139761200886436,21.084107100963596,7.0280357003211975,12.0,13.0,0.0,20.0,0.0,2.0
5169,"Doctor, I've been feeling a burning itch around my hey-nonny-no for the past few days and it's really uncomfortable.",hey-nonny no,hey-nonny no,is_multiword,0,9,9|10,1,5.985850776944842,0,1.0,,,,,,,,,,,,,,,,,,,,,,,,,,,,,,,doctor i've been feeling a burning itch around my <mask> <mask> <mask> <mask> <mask> <mask> <mask> the past few days and it's really uncomfortable,▁hey - non ny - no ▁for,7.0,6.447621291769033e-26,58.00350114703178,8.286214449575969,back and and and a s for,1.0156714720052105e-07,41.90095543861389,5.985850776944842,9.0,10.0,0.0,18.0,0.0,2.0
5170,My daughter keeps scratching her hey-nonny-no and says it hurts when she pees.,hey-nonny no,hey-nonny no,is_multiword,0,5,5|6,1,5.854053497314453,0,1.0,,,,,,,,,,,,,,,,,,,,,,,,,,,,,,,my daughter keeps scratching her <mask> <mask> <mask> <mask> <mask> <mask> <mask> says it hurts when she pees,▁hey - non ny - no ▁and,7.0,2.209669637979783e-25,56.77178430557251,8.110254900796074,head when </s> </s> </s> my she,1.3835958886471557e-07,40.97837448120117,5.854053497314453,5.0,6.0,0.0,12.0,0.0,2.0
5183,"Doctor, I think my cat's head cut open has been feeling really sore and itchy lately, especially after I pee.",really sore,really sore,is_multiword,0,11,11|12,1,1.380056381225586,1,1.0,,,,,,,,,,,,,,,,,,,,,,,,,,,,,,,doctor i think my cat's head cut open has been feeling <mask> <mask> and itchy lately especially after i pee,▁really ▁sore,2.0,0.000768088690865,7.171605348587036,3.585802674293518,so y,0.0121370492122612,2.760112762451172,1.380056381225586,11.0,12.0,0.0,19.0,0.0,2.0
5187,My daughter keeps complaining of a burning feeling down near her grindstone whenever she goes to the bathroom.,feeling down,feeling down,is_multiword,0,7,7|8,1,5.86553943157196,0,1.0,,,,,,,,,,,,,,,,,,,,,,,,,,,,,,,my daughter keeps complaining of a burning <mask> <mask> near her grindstone whenever she goes to the bathroom,▁feeling ▁down,2.0,1.5391528945203518e-08,17.98944854736328,8.99472427368164, ch,0.0019143642721747,11.73107886314392,5.86553943157196,7.0,8.0,0.0,17.0,0.0,2.0
5187,My daughter keeps complaining of a burning feeling down near her grindstone whenever she goes to the bathroom.,grindstone whenever,grindstone whenever,is_multiword,0,11,11|12,1,6.076501210530599,0,1.0,,,,,,,,,,,,,,,,,,,,,,,,,,,,,,,my daughter keeps complaining of a burning feeling down near her <mask> <mask> <mask> she goes to the bathroom,▁grind stone ▁whenever,3.0,1.164408524384826e-10,22.873637676239014,7.624545892079671,bed every when,0.009617854687347,18.2295036315918,6.076501210530599,11.0,12.0,0.0,17.0,0.0,2.0
5198,"Doctor, I've been having some itching and burning down there, and I think my twammy might be infected.",I've been,i've been,is_multiword,0,1,1|2,1,4.2364207431674,0,1.0,,,,,,,,,,,,,,,,,,,,,,,,,,,,,,,doctor <mask> <mask> <mask> <mask> having some itching and burning down there and i think my twammy might be infected,▁i ' ve ▁been,4.0,9.415487883728844e-10,20.78349494934082,5.195873737335205,s i i am,0.0215406813335262,16.9456829726696,4.2364207431674,1.0,2.0,0.0,17.0,0.0,2.0
5198,"Doctor, I've been having some itching and burning down there, and I think my twammy might be infected.",I've been having,i've been having,is_multiword,0,1,1|2|3,1,4.377792263031006,1,1.0,,,,,,,,,,,,,,,,,,,,,,,,,,,,,,,doctor <mask> <mask> <mask> <mask> <mask> some itching and burning down there and i think my twammy might be infected,▁i ' ve ▁been ▁having,5.0,2.965245712537509e-13,28.84664630889893,5.769329261779785,s i i i have,0.000951296284237,21.88896131515503,4.377792263031006,1.0,3.0,0.0,17.0,0.0,3.0
5198,"Doctor, I've been having some itching and burning down there, and I think my twammy might be infected.",been having,been having,is_multiword,0,2,2|3,1,0.4400328993797302,0,1.0,,,,,,,,,,,,,,,,,,,,,,,,,,,,,,,doctor i've <mask> <mask> some itching and burning down there and i think my twammy might be infected,▁been ▁having,2.0,0.0548897889406488,2.902427941560745,1.4512139707803726,been getting,0.1323424837270856,0.8800657987594604,0.4400328993797302,2.0,3.0,0.0,17.0,0.0,2.0
5203,"Doctor, I’ve been feeling a burning itch down there around my housewife ever since I started using that new soap.",housewife ever,housewife ever,is_multiword,0,11,11|12,1,6.512837439775467,1,1.0,,,,,,,,,,,,,,,,,,,,,,,,,,,,,,,doctor i've been feeling a burning itch down there around my <mask> <mask> <mask> <mask> since i started using that new soap,▁house wi fe ▁ever,4.0,5.2751784162885926e-15,32.87576389312744,8.21894097328186,back for for months,0.0010869125400393,26.051349759101868,6.512837439775467,11.0,12.0,0.0,19.0,0.0,2.0
5204,My wife says her housewife has been really sore and swollen after we went hiking—could it be an infection from all that sweat?,an infection,an infection,is_multiword,0,18,18|19,1,2.737028121948242,0,1.0,,,,,,,,,,,,,,,,,,,,,,,,,,,,,,,my wife says her housewife has been really sore and swollen after we went hiking-could it be an <mask> <mask> all that sweat,▁infection ▁from,2.0,0.0003184546232245,8.052030563354492,4.026015281677246,excuse of,0.0759276535182397,5.474056243896484,2.737028121948242,18.0,19.0,0.0,22.0,0.0,2.0
5206,"My daughter keeps complaining about soreness down there, and when I checked, her hairy wheel looks red and swollen—could it be an infection?",about soreness,about soreness,is_multiword,0,4,4|5,1,3.4163870016733804,0,1.0,,,,,,,,,,,,,,,,,,,,,,,,,,,,,,,my daughter keeps complaining <mask> <mask> <mask> down there and when i checked her hairy wheel looks red and swollen-could it be an infection,▁about ▁sore ness,3.0,2.191064075537708e-07,15.333708345890043,5.111236115296681,about the s,0.0061916891807005,10.249161005020142,3.4163870016733804,4.0,5.0,0.0,22.0,0.0,2.0
5206,"My daughter keeps complaining about soreness down there, and when I checked, her hairy wheel looks red and swollen—could it be an infection?",about soreness down,about soreness down,is_multiword,0,4,4|5|6,1,3.666171938180924,0,1.0,,,,,,,,,,,,,,,,,,,,,,,,,,,,,,,my daughter keeps complaining <mask> <mask> <mask> <mask> there and when i checked her hairy wheel looks red and swollen-could it be an infection,▁about ▁sore ness ▁down,4.0,4.10390909330258e-10,21.61391097307205,5.403477743268013,about she is in,0.0009593800912634,14.664687752723694,3.666171938180924,4.0,6.0,0.0,22.0,0.0,3.0
5206,"My daughter keeps complaining about soreness down there, and when I checked, her hairy wheel looks red and swollen—could it be an infection?",soreness down,soreness down,is_multiword,0,5,5|6,1,4.699504693349202,0,1.0,,,,,,,,,,,,,,,,,,,,,,,,,,,,,,,my daughter keeps complaining about <mask> <mask> <mask> there and when i checked her hairy wheel looks red and swollen-could it be an infection,▁sore ness ▁down,3.0,1.6777440185071995e-09,20.20581579208374,6.73527193069458,the she in,0.0022265505892516,14.098514080047607,4.699504693349202,5.0,6.0,0.0,22.0,0.0,2.0
5210,"My daughter keeps complaining about a burning sensation when she pees, and I noticed her Mons Meg looks a bit swollen.",Meg looks,meg looks,is_multiword,0,16,16|17,1,5.51831591129303,0,1.0,,,,,,,,,,,,,,,,,,,,,,,,,,,,,,,my daughter keeps complaining about a burning sensation when she pees and i noticed her mons <mask> <mask> a bit swollen,▁meg ▁looks,2.0,2.2540404615922947e-07,15.305371284484863,7.652685642242432,s getting,0.0139994188366159,11.03663182258606,5.51831591129303,16.0,17.0,0.0,20.0,0.0,2.0
5211,My wife says her pin cushion has been itching and burning non-stop for the past few days—could it be an infection?,pin cushion,pin cushion,is_multiword,1,4,4|5,1,4.668734431266785,0,1.0,,,,,,,,,,,,,,,,,,,,,,,,,,,,,,,my wife says her <mask> <mask> <mask> <mask> has been itching and burning non-stop for the past few days-could it be an infection,▁pin ▁cu shi on,4.0,5.211938666866902e-14,30.58523941040039,7.646309852600098,husband - s and,6.720811274571653e-06,18.67493772506714,4.668734431266785,4.0,5.0,0.0,20.0,0.0,2.0
5212,"Doctor, ever since the delivery, my pin cushion has felt sore and swollen whenever I sit down.",pin cushion,pin cushion,is_multiword,1,6,6|7,1,6.041850030422211,0,1.0,,,,,,,,,,,,,,,,,,,,,,,,,,,,,,,doctor ever since the delivery my <mask> <mask> <mask> <mask> has felt sore and swollen whenever i sit down,▁pin ▁cu shi on,4.0,1.3668548831964214e-15,34.226263999938965,8.556565999984741,back has my and,4.280464735330353e-05,24.167400121688843,6.041850030422211,6.0,7.0,0.0,16.0,0.0,2.0
5212,"Doctor, ever since the delivery, my pin cushion has felt sore and swollen whenever I sit down.",pin cushion has,pin cushion has,is_multiword,0,6,6|7|8,1,6.970950311422348,0,1.0,,,,,,,,,,,,,,,,,,,,,,,,,,,,,,,doctor ever since the delivery my <mask> <mask> <mask> <mask> <mask> felt sore and swollen whenever i sit down,▁pin ▁cu shi on ▁has,5.0,5.046529697588184e-20,44.43300104141235,8.88660020828247,body has been and i,6.921800894693233e-05,34.85475155711174,6.970950311422348,6.0,8.0,0.0,16.0,0.0,3.0
5212,"Doctor, ever since the delivery, my pin cushion has felt sore and swollen whenever I sit down.",cushion has,cushion has,is_multiword,0,7,7|8,1,5.3256664872169495,1,1.0,,,,,,,,,,,,,,,,,,,,,,,,,,,,,,,doctor ever since the delivery my pin <mask> <mask> <mask> <mask> felt sore and swollen whenever i sit down,▁cu shi on ▁has,4.0,2.9353162227893423e-13,28.856791019439697,7.214197754859924,ch s and i,0.000523944355764,21.3026659488678,5.3256664872169495,7.0,8.0,0.0,16.0,0.0,2.0
5212,"Doctor, ever since the delivery, my pin cushion has felt sore and swollen whenever I sit down.",swollen whenever,swollen whenever,is_multiword,0,12,12|13,1,3.339436858892441,1,1.0,,,,,,,,,,,,,,,,,,,,,,,,,,,,,,,doctor ever since the delivery my pin cushion has felt sore and <mask> <mask> <mask> i sit down,▁swo llen ▁whenever,3.0,1.3196167854615654e-07,15.840754270553589,5.280251423517863,pain ed when,0.0029603620797826,10.018310576677322,3.339436858892441,12.0,13.0,0.0,16.0,0.0,2.0
5217,"Doctor, I've been feeling a sharp pain down in my crevice whenever I sit down—it's been bothering me for a few days.",crevice whenever,crevice whenever,is_multiword,0,10,10|11,1,6.905898014704387,0,1.0,,,,,,,,,,,,,,,,,,,,,,,,,,,,,,,doctor i've been feeling a sharp pain down in my <mask> <mask> <mask> i sit down-it's been bothering me for a few days,▁cre vice ▁whenever,3.0,1.2330995457214899e-11,25.118905067443848,8.372968355814615,back s when,0.0122624807572091,20.71769404411316,6.905898014704387,10.0,11.0,0.0,21.0,0.0,2.0
5221,"Doctor, my daughter keeps scratching down there and complaining about her mouth-pie being sore, especially after she goes to the bathroom.",mouth-pie being,mouth-pie being,is_multiword,0,11,11|12,1,5.447927385568619,0,1.0,,,,,,,,,,,,,,,,,,,,,,,,,,,,,,,doctor my daughter keeps scratching down there and complaining about her <mask> <mask> <mask> <mask> sore especially after she goes to the bathroom,▁mouth - pie ▁being,4.0,8.71302706699364e-14,30.071372032165527,7.517843008041382,body and she gets,0.0002536227858449,21.791709542274475,5.447927385568619,11.0,12.0,0.0,20.0,0.0,2.0
5231,"Doctor, I’ve been feeling a lot of soreness and swelling around my ‘tail-hole’ ever since I gave birth three weeks ago. Is this normal during recovery, or should I be concerned about an infection?",tail-hole ever,tail-hole ever,is_multiword,0,12,12|13,1,5.640755295753479,0,1.0,,,,,,,,,,,,,,,,,,,,,,,,,,,,,,,doctor i've been feeling a lot of soreness and swelling around my <mask> <mask> <mask> <mask> <mask> <mask> since i gave birth three weeks ago is this normal during recovery or should i be concerned about an infection,▁' tail - hole ' ▁ever,6.0,3.373667158495673e-22,49.44087171554565,8.240145285924276,back and i been been been,1.684983396309532e-07,33.844531774520874,5.640755295753479,12.0,13.0,0.0,33.0,0.0,2.0
5253,"Doctor, my daughter keeps pointing at her milking pail and saying it hurts when she pees.",milking pail,milking pail,is_multiword,1,7,7|8,1,6.167640596628189,0,1.0,,,,,,,,,,,,,,,,,,,,,,,,,,,,,,,doctor my daughter keeps pointing at her <mask> <mask> <mask> <mask> and saying it hurts when she pees,▁mil king ▁pa il,4.0,5.213054328414607e-16,35.19019556045532,8.79754889011383,and and pe s,2.7001094008632616e-05,24.67056238651276,6.167640596628189,7.0,8.0,0.0,15.0,0.0,2.0
5254,"Doctor, I’m worried about my wife—she says her milking pail feels swollen and itchy after we do the deed.",milking pail,milking pail,is_multiword,1,9,9|10,1,3.957506150007248,0,1.0,,,,,,,,,,,,,,,,,,,,,,,,,,,,,,,doctor i'm worried about my wife-she says her milking <mask> <mask> <mask> <mask> swollen and itchy after we do the deed,▁pa il ▁feel s,4.0,1.7767169263098786e-11,24.75366878509521,6.188417196273804,my s will get,0.0001332019467044,15.830024600028992,3.957506150007248,9.0,10.0,0.0,18.0,0.0,2.0
5254,"Doctor, I’m worried about my wife—she says her milking pail feels swollen and itchy after we do the deed.",the deed,the deed,is_multiword,0,18,,1,,0,1.0,,,,,,,,,,,,,,,,,,,,,,,,,,,,,,,,,,,,,,,,,,,,,,
5257,"Doctor, my wife says she's been having a sharp pain near her mother of all souls since yesterday, and it's getting worse.",of all,of all,is_multiword,0,13,13|14,1,7.369594592601061,1,1.0,,,,,,,,,,,,,,,,,,,,,,,,,,,,,,,doctor my wife says she's been having a sharp pain near her mother <mask> <mask> souls since yesterday and it's getting worse,▁of ▁all,2.0,3.0356707377147346e-07,15.007663249969482,7.503831624984741,' s,0.7645452512116768,14.739189185202122,7.369594592601061,13.0,14.0,0.0,21.0,0.0,2.0
5257,"Doctor, my wife says she's been having a sharp pain near her mother of all souls since yesterday, and it's getting worse.",of all souls,of all souls,is_multiword,0,13,13|14|15,1,3.871348470449448,0,1.0,,,,,,,,,,,,,,,,,,,,,,,,,,,,,,,doctor my wife says she's been having a sharp pain near her mother <mask> <mask> <mask> <mask> since yesterday and it's getting worse,▁of ▁all ▁soul s,4.0,2.418920606644161e-11,24.445114612579346,6.111278653144836,' s her s,0.0001284821298285,15.48539388179779,3.871348470449448,13.0,15.0,0.0,21.0,0.0,3.0
5257,"Doctor, my wife says she's been having a sharp pain near her mother of all souls since yesterday, and it's getting worse.",all souls,all souls,is_multiword,0,14,14|15,1,4.405414462089539,0,1.0,,,,,,,,,,,,,,,,,,,,,,,,,,,,,,,doctor my wife says she's been having a sharp pain near her mother of <mask> <mask> <mask> since yesterday and it's getting worse,▁all ▁soul s,3.0,2.184722039992697e-09,19.94177722930908,6.64725907643636,about a s,0.0011998798609915,13.216243386268616,4.405414462089539,14.0,15.0,0.0,21.0,0.0,2.0
5259,"Doctor, I’ve been feeling a persistent itch around my ‘pizzle warmer’ for the past two weeks. There’s no discharge, but the skin looks a bit red and irritated. Could this be contact dermatitis?",pizzle warmer,pizzle warmer,is_multiword,1,9,9|10,1,6.108931354113987,0,1.0,,,,,,,,,,,,,,,,,,,,,,,,,,,,,,,doctor i've been feeling a persistent itch around my <mask> <mask> <mask> <mask> <mask> <mask> <mask> for the past two weeks there's no discharge but the skin looks a bit red and irritated could this be contact dermatitis,▁' pi zz le ▁warm er ',7.0,1.277045133642537e-26,59.622663497924805,8.5175233568464,face and and have been been and,4.761376108207995e-08,42.76251947879791,6.108931354113987,9.0,10.0,0.0,32.0,0.0,2.0
5261,"My wife's been complaining about itching and irritation down there, around her skin-the-pizzle.",skin-the pizzle,skin-the pizzle,is_multiword,1,12,,1,,0,1.0,,,,,,,,,,,,,,,,,,,,,,,,,,,,,,,,,,,,,,,,,,,,,,
5262,"Doctor, my daughter keeps scratching down there and says her skin-the-pizzle feels sore and itchy.",skin-the pizzle,skin-the pizzle,is_multiword,1,10,10|11,1,4.712937765651279,0,1.0,,,,,,,,,,,,,,,,,,,,,,,,,,,,,,,doctor my daughter keeps scratching down there and says her <mask> <mask> <mask> <mask> <mask> <mask> <mask> <mask> <mask> sore and itchy,▁skin - the - pi zz le ▁feel s,9.0,4.6096075214770576e-29,65.2468249797821,7.249647219975789,head is is and and and and is is,1.2158772600856228e-10,42.41643989086151,4.712937765651279,10.0,11.0,0.0,14.0,0.0,2.0
5268,"Doctor, my daughter keeps complaining of itching and pain in her feminine gender area, and I'm worried it might be an infection.",feminine gender,feminine gender,is_multiword,1,11,11|12,1,6.962972084681193,0,1.0,,,,,,,,,,,,,,,,,,,,,,,,,,,,,,,doctor my daughter keeps complaining of itching and pain in her <mask> <mask> <mask> area and i'm worried it might be an infection,▁feminin e ▁gender,3.0,1.2736243840905537e-12,27.3891544342041,9.1297181447347,che thro s,0.0015030811462307,20.88891625404358,6.962972084681193,11.0,12.0,0.0,21.0,0.0,2.0
5271,"Doctor, my daughter keeps complaining of an itch down there and I noticed some redness around her tirly-whirly.",an itch,an itch,is_multiword,0,6,6|7,1,3.4739240805308023,0,1.0,,,,,,,,,,,,,,,,,,,,,,,,,,,,,,,doctor my daughter keeps complaining of <mask> <mask> <mask> down there and i noticed some redness around her tirly-whirly,▁an ▁it ch,3.0,2.831194618670633e-08,17.379981994628906,5.793327331542969,her she s,0.0009507972136292,10.421772241592407,3.4739240805308023,6.0,7.0,0.0,17.0,0.0,2.0
5271,"Doctor, my daughter keeps complaining of an itch down there and I noticed some redness around her tirly-whirly.",an itch down,an itch down,is_multiword,0,6,6|7|8,1,3.3180141150951385,0,1.0,,,,,,,,,,,,,,,,,,,,,,,,,,,,,,,doctor my daughter keeps complaining of <mask> <mask> <mask> <mask> there and i noticed some redness around her tirly-whirly,▁an ▁it ch ▁down,4.0,3.7257785107922116e-10,21.71057510375977,5.427643775939941,her she s in,0.0002163704347712,13.272056460380554,3.3180141150951385,6.0,8.0,0.0,17.0,0.0,3.0
5271,"Doctor, my daughter keeps complaining of an itch down there and I noticed some redness around her tirly-whirly.",itch down,itch down,is_multiword,0,7,7|8,1,3.5949795246124268,0,1.0,,,,,,,,,,,,,,,,,,,,,,,,,,,,,,,doctor my daughter keeps complaining of an <mask> <mask> <mask> there and i noticed some redness around her tirly-whirly,▁it ch ▁down,3.0,3.269402511422861e-08,17.23607349395752,5.745357831319173,infection infection in,0.0015787294198322,10.78493857383728,3.5949795246124268,7.0,8.0,0.0,17.0,0.0,2.0
5273,"Doctor, my wife's been complaining about a burning sensation in her skin-coat ever since she started that new soap.",skin-coat ever,skin-coat ever,is_multiword,0,11,11|12,1,4.971777296066284,1,1.0,,,,,,,,,,,,,,,,,,,,,,,,,,,,,,,doctor my wife's been complaining about a burning sensation in her <mask> <mask> <mask> <mask> <mask> since she started that new soap,▁skin - co at ▁ever,5.0,3.759864868798375e-15,33.21439337730408,6.642878675460816,vagina for for a months,0.0002350982850565,24.85888648033142,4.971777296066284,11.0,12.0,0.0,18.0,0.0,2.0
5288,"Doctor, I've been having this burning pain down in my leather lane for the past few days, and it really stings when I pee.",leather lane,leather lane,is_multiword,1,10,10|11,1,3.415267050266266,1,1.0,,,,,,,,,,,,,,,,,,,,,,,,,,,,,,,doctor i've been having this burning pain down in my <mask> <mask> <mask> <mask> for the past few days and it really stings when i pee,▁leath er ▁la ne,4.0,2.632325035389888e-11,24.360568523406982,6.090142130851746,back and my s,2.255620592994391e-05,13.661068201065063,3.415267050266266,10.0,11.0,0.0,23.0,0.0,2.0
5295,"Doctor, I’ve been having this terrible itching and burning down there—my mother of all saints feels all swollen and sore.",been having,been having,is_multiword,0,2,2|3,1,0.9167632460594176,1,1.0,,,,,,,,,,,,,,,,,,,,,,,,,,,,,,,doctor i've <mask> <mask> this terrible itching and burning down there-my mother of all saints feels all swollen and sore,▁been ▁having,2.0,0.0199426080800818,3.914896726608277,1.9574483633041384,been had,0.1247591457404006,1.8335264921188357,0.9167632460594176,2.0,3.0,0.0,19.0,0.0,2.0
5299,"Doctor, I've noticed a bit of redness and itching down there, around my gap, and it's been bothering me for a few days.",itching down,itching down,is_multiword,0,8,8|9,1,1.8810105721155803,1,1.0,,,,,,,,,,,,,,,,,,,,,,,,,,,,,,,doctor i've noticed a bit of redness and <mask> <mask> <mask> there around my gap and it's been bothering me for a few days,▁it ching ▁down,3.0,2.644402907905925e-06,12.84306526184082,4.28102175394694,it s in,0.0007465607642069,5.643031716346741,1.8810105721155803,8.0,9.0,0.0,22.0,0.0,2.0
5301,"I’m here with my daughter, she says her suck-and-swallow burns when she pees and she’s been crying a lot.",suck-and swallow,suck-and swallow,is_multiword,1,8,8|9,1,4.44335241317749,0,1.0,,,,,,,,,,,,,,,,,,,,,,,,,,,,,,,i'm here with my daughter she says her <mask> <mask> <mask> <mask> <mask> <mask> <mask> <mask> <mask> <mask> when she pees and she's been crying a lot,▁su ck - and - s wa llow ▁burn s,10.0,3.083926119723597e-31,70.25393438339233,7.025393438339234,mother is s s s s s s s s,6.114181226796729e-12,44.4335241317749,4.44335241317749,8.0,9.0,0.0,18.0,0.0,2.0
5302,"Doctor, my suck-and-swallow has been really itchy and sore for the past few days.",suck-and swallow,suck-and swallow,is_multiword,1,2,2|3,1,4.854340473810832,0,1.0,,,,,,,,,,,,,,,,,,,,,,,,,,,,,,,doctor my <mask> <mask> <mask> <mask> <mask> <mask> <mask> <mask> <mask> been really itchy and sore for the past few days,▁su ck - and - s wa llow ▁has,9.0,2.575779269881518e-29,65.82881557941437,7.314312842157152,head is really a sore sore and ' has,2.425650206455932e-10,43.689064264297485,4.854340473810832,2.0,3.0,0.0,13.0,0.0,2.0
5305,"Doctor, my daughter keeps scratching down there and crying when she pees—I think her ace of spades might be irritated or infected.",ace of,ace of,is_multiword,0,15,15|16,1,5.547676245371501,0,1.0,,,,,,,,,,,,,,,,,,,,,,,,,,,,,,,doctor my daughter keeps scratching down there and crying when she pees-i think her ace <mask> <mask> <mask> might be irritated or infected,▁of ▁spa des,3.0,6.928592378979162e-11,23.39277935028076,7.797593116760254,or or s,0.001171171657995,16.643028736114502,5.547676245371501,15.0,16.0,0.0,21.0,0.0,2.0
5305,"Doctor, my daughter keeps scratching down there and crying when she pees—I think her ace of spades might be irritated or infected.",ace of spades,ace of spades,is_multiword,1,15,15|16|17,1,4.722614049911499,0,1.0,,,,,,,,,,,,,,,,,,,,,,,,,,,,,,,doctor my daughter keeps scratching down there and crying when she pees-i think her ace <mask> <mask> <mask> <mask> be irritated or infected,▁of ▁spa des ▁might,4.0,1.8081596644910288e-12,27.03871154785156,6.759677886962891,is is s to,0.0002892395419749,18.890456199646,4.722614049911499,15.0,17.0,0.0,21.0,0.0,3.0
5305,"Doctor, my daughter keeps scratching down there and crying when she pees—I think her ace of spades might be irritated or infected.",of spades,of spades,is_multiword,0,16,16|17,1,5.203569968541463,0,1.0,,,,,,,,,,,,,,,,,,,,,,,,,,,,,,,doctor my daughter keeps scratching down there and crying when she pees-i think her ace of <mask> <mask> <mask> be irritated or infected,▁spa des ▁might,3.0,8.339607747794222e-10,20.904834747314453,6.968278249104817,her ear might,0.0050210066289269,15.61070990562439,5.203569968541463,16.0,17.0,0.0,21.0,0.0,2.0
5312,"Doctor, my daughter keeps complaining about itching down there and I noticed her slit-covers look a bit red and swollen.",slit-covers look,slit-covers look,is_multiword,0,13,13|14,1,3.994854784011841,0,1.0,,,,,,,,,,,,,,,,,,,,,,,,,,,,,,,doctor my daughter keeps complaining about itching down there and i noticed her <mask> <mask> <mask> <mask> <mask> a bit red and swollen,▁slit - cover s ▁look,5.0,3.977953857937441e-15,33.15800881385803,6.631601762771607,skin s and it getting,1.880947546876727e-06,19.974273920059204,3.994854784011841,13.0,14.0,0.0,19.0,0.0,2.0
5328,"Doctor, my wife has been complaining about itching and irritation in her rest and be thankful area after using a new soap.",be thankful,be thankful,is_multiword,0,14,14|15,1,7.391735196113586,0,1.0,,,,,,,,,,,,,,,,,,,,,,,,,,,,,,,doctor my wife has been complaining about itching and irritation in her rest and <mask> <mask> area after using a new soap,▁be ▁thankful,2.0,4.545823878952114e-09,19.209056854248047,9.604528427124023,che ing,0.0119671909394346,14.783470392227173,7.391735196113586,14.0,15.0,0.0,21.0,0.0,2.0
5335,"I’m here with my daughter—she’s complaining that her gape stings when she pees, and I’m worried it might be an infection.",gape stings,gape stings,is_multiword,0,9,9|10,1,1.4241664409637451,0,1.0,,,,,,,,,,,,,,,,,,,,,,,,,,,,,,,i'm here with my daughter-she's complaining that her gape <mask> <mask> <mask> she pees and i'm worried it might be an infection,▁sting s ▁when,3.0,0.0005985494730041,7.421001374721527,2.473667124907176,is s when,0.0429163652329082,4.272499322891235,1.4241664409637451,9.0,10.0,0.0,20.0,0.0,2.0
5340,"My son just got back from the jungle trip, and now he’s throwing up black, is that the black vomit you warned us about?",throwing up,throwing up,is_multiword,0,12,12|13,1,3.207303444544474,1,1.0,,,,,,,,,,,,,,,,,,,,,,,,,,,,,,,my son just got back from the jungle trip and now he's <mask> <mask> <mask> black is that the black vomit you warned us about,▁throw ing ▁up,3.0,1.1869867277184733e-08,18.249262809753414,6.08308760325114,not ing is,0.000179138290797,9.621910333633425,3.207303444544474,12.0,13.0,0.0,23.0,0.0,2.0
5344,My husband's been burning up with a fever and vomiting since we got back from South America—could this be the yellow jack?,got back,got back,is_multiword,0,12,12|13,1,1.162159025669098,1,1.0,,,,,,,,,,,,,,,,,,,,,,,,,,,,,,,my husband's been burning up with a fever and vomiting since we <mask> <mask> from south america-could this be the yellow jack,▁got ▁back,2.0,0.0053111761007021,5.2379419803619385,2.618970990180969,moved re,0.0542786709700216,2.324318051338196,1.162159025669098,12.0,13.0,0.0,21.0,0.0,2.0
5345,"My husband just got back from a trip and now he’s burning up with chills and aches—should we be worried about yellow jack, doc?",got back,got back,is_multiword,0,3,3|4,1,0.1295890510082245,1,1.0,,,,,,,,,,,,,,,,,,,,,,,,,,,,,,,my husband just <mask> <mask> from a trip and now he's burning up with chills and aches-should we be worried about yellow jack doc,▁got ▁back,2.0,0.209969115039272,1.5607948303222656,0.7803974151611328,got home,0.2720915391513315,0.259178102016449,0.1295890510082245,3.0,4.0,0.0,23.0,0.0,2.0
5346,"Doctor, I’ve been burning up with fever and my skin’s gone yellow—could this be the yellow jack my grandpa used to warn me about?",skin’s gone,skin's gone,is_multiword,0,9,9|10,1,1.280687302350998,0,1.0,,,,,,,,,,,,,,,,,,,,,,,,,,,,,,,doctor i've been burning up with fever and my <mask> <mask> <mask> <mask> yellow-could this be the yellow jack my grandpa used to warn me about,▁skin ' s ▁gone,4.0,8.128983397338525e-07,14.02265977859497,3.5056649446487427,eyes is is very,0.0001364011243994,5.122749209403992,1.280687302350998,9.0,10.0,0.0,23.0,0.0,2.0
5351,"Doctor, my son fell off his bike yesterday and now he's got this big rainbow on his leg that's turning purple and green.",he's got,he's got,is_multiword,0,10,10|11,1,0.3944225013256073,1,1.0,,,,,,,,,,,,,,,,,,,,,,,,,,,,,,,doctor my son fell off his bike yesterday and now <mask> <mask> <mask> <mask> this big rainbow on his leg that's turning purple and green,▁he ' s ▁got,4.0,0.0072928554236595,4.92086011916399,1.2302150297909975,he ' s with,0.0353247964067149,1.5776900053024292,0.3944225013256073,10.0,11.0,0.0,22.0,0.0,2.0
5353,"Doctor, my son fell off his bike yesterday and now he's got a big strawberry on his knee that's all purple and swollen.",he's got,he's got,is_multiword,0,10,10|11,1,0.1905126869678497,1,1.0,,,,,,,,,,,,,,,,,,,,,,,,,,,,,,,doctor my son fell off his bike yesterday and now <mask> <mask> <mask> <mask> a big strawberry on his knee that's all purple and swollen,▁he ' s ▁got,4.0,0.0168136149914662,4.085566304624081,1.0213915761560202,he ' s with,0.0360259575696141,0.7620507478713989,0.1905126869678497,10.0,11.0,0.0,22.0,0.0,2.0
5353,"Doctor, my son fell off his bike yesterday and now he's got a big strawberry on his knee that's all purple and swollen.",that's all,that's all,is_multiword,0,18,18|19,1,2.140800505876541,1,1.0,,,,,,,,,,,,,,,,,,,,,,,,,,,,,,,doctor my son fell off his bike yesterday and now he's got a big strawberry on his knee <mask> <mask> <mask> <mask> purple and swollen,▁that ' s ▁all,4.0,1.1700228025959363e-06,13.658487319946287,3.4146218299865723,and he ' s,0.0061255587854187,8.563202023506165,2.140800505876541,18.0,19.0,0.0,22.0,0.0,2.0
5355,"Doctor, my son has this big hesitation mark on his leg from where he fell off his bike yesterday—should I be worried about a fracture?",hesitation mark,hesitation mark,is_multiword,1,6,6|7,1,4.843880712985992,0,1.0,,,,,,,,,,,,,,,,,,,,,,,,,,,,,,,doctor my son has this big <mask> <mask> <mask> <mask> on his leg from where he fell off his bike yesterday-should i be worried about a fracture,▁he si tation ▁mark,4.0,2.361644834118022e-14,31.376832962036133,7.844208240509033,fra ck  ture,6.13616802934134e-06,19.37552285194397,4.843880712985992,6.0,7.0,0.0,24.0,0.0,2.0
5359,"Doctor, my son fell off his bike and now he has a big goose egg on his forehead that's turning purple.",big goose,big goose,is_multiword,0,12,12|13,1,3.714918613433838,0,1.0,,,,,,,,,,,,,,,,,,,,,,,,,,,,,,,doctor my son fell off his bike and now he has a <mask> <mask> <mask> egg on his forehead that's turning purple,▁big ▁go ose,3.0,8.082227193692652e-10,20.9361834526062,6.9787278175354,white e ed,5.592899532870678e-05,11.144755840301514,3.714918613433838,12.0,13.0,0.0,20.0,0.0,2.0
5359,"Doctor, my son fell off his bike and now he has a big goose egg on his forehead that's turning purple.",big goose egg,big goose egg,is_multiword,0,12,12|13|14,1,5.140125215053558,0,1.0,,,,,,,,,,,,,,,,,,,,,,,,,,,,,,,doctor my son fell off his bike and now he has a <mask> <mask> <mask> <mask> on his forehead that's turning purple,▁big ▁go ose ▁egg,4.0,5.165673451167239e-15,32.89674091339111,8.224185228347778,red of  e,4.389742216673269e-06,20.560500860214237,5.140125215053558,12.0,14.0,0.0,20.0,0.0,3.0
5359,"Doctor, my son fell off his bike and now he has a big goose egg on his forehead that's turning purple.",goose egg,goose egg,is_multiword,1,13,13|14,1,6.284659147262573,1,1.0,,,,,,,,,,,,,,,,,,,,,,,,,,,,,,,doctor my son fell off his bike and now he has a big <mask> <mask> <mask> on his forehead that's turning purple,▁go ose ▁egg,3.0,6.867976034267563e-13,28.006736755371094,9.335578918457031,black  e,0.000105927112999,18.85397744178772,6.284659147262573,13.0,14.0,0.0,20.0,0.0,2.0
5362,My husband has a strange mark up on his back that's turned purple and yellow—he doesn't even remember bumping into anything.,bumping into,bumping into,is_multiword,0,19,19|20,1,6.834207594394684,1,1.0,,,,,,,,,,,,,,,,,,,,,,,,,,,,,,,my husband has a strange mark up on his back that's turned purple and yellow-he doesn't even remember bumping <mask> <mask>,▁into ▁anything,2.0,2.9074287555440855e-07,15.05082654953003,7.525413274765015,it .,0.2509726372481154,13.668415188789368,6.834207594394684,19.0,20.0,0.0,20.0,0.0,2.0
5367,"Doctor, I've been dealing with the dry rots for three days now and I'm worried I'm getting dehydrated.",getting dehydrated,getting dehydrated,is_multiword,0,16,16|17,1,4.383157834410667,0,1.0,,,,,,,,,,,,,,,,,,,,,,,,,,,,,,,doctor i've been dealing with the dry rots for three days now and i'm worried i'm <mask> <mask> <mask> <mask>,▁getting ▁de hydrat ed,4.0,6.348752583375665e-12,25.7827627658844,6.4456906914711,getting to it .,0.0002612242228051,17.53263133764267,4.383157834410667,16.0,17.0,0.0,17.0,0.0,2.0
5369,"My son has been complaining of a stomach ache and I think he's got the crab-apple two-step, because he's been having loose stools since yesterday morning.",he's got,he's got,is_multiword,0,12,12|13,1,0.9100399017333984,1,1.0,,,,,,,,,,,,,,,,,,,,,,,,,,,,,,,my son has been complaining of a stomach ache and i think <mask> <mask> <mask> <mask> the crab-apple two-step because he's been having loose stools since yesterday morning,▁he ' s ▁got,4.0,0.0001360955381622,8.902153432369232,2.225538358092308,he ' to try,0.0051849565077024,3.6401596069335938,0.9100399017333984,12.0,13.0,0.0,25.0,0.0,2.0
5369,"My son has been complaining of a stomach ache and I think he's got the crab-apple two-step, because he's been having loose stools since yesterday morning.",loose stools,loose stools,is_multiword,0,21,21|22,1,5.5539634943008425,1,1.0,,,,,,,,,,,,,,,,,,,,,,,,,,,,,,,my son has been complaining of a stomach ache and i think he's got the crab-apple two-step because he's been having <mask> <mask> <mask> <mask> <mask> since yesterday morning,▁loo se ▁sto ol s,5.0,2.840404313282444e-18,40.40258526802063,8.080517053604126,a a of a ches,3.263312427095307e-06,27.76981747150421,5.5539634943008425,21.0,22.0,0.0,25.0,0.0,2.0
5371,"Doctor, my son has had the crud for three days now—every time he eats, he's running to the bathroom.",he's running,he's running,is_multiword,0,15,15|16,1,1.397878646850586,0,1.0,,,,,,,,,,,,,,,,,,,,,,,,,,,,,,,doctor my son has had the crud for three days now-every time he eats he's <mask> <mask> the bathroom,▁running ▁to,2.0,0.0079138650780448,4.839138984680176,2.419569492340088,going to,0.129589736615825,2.795757293701172,1.397878646850586,15.0,16.0,0.0,18.0,0.0,2.0
5373,"My husband’s been laid low with the craps for three days now, and he’s too weak to even keep water down.",laid low,laid low,is_multiword,0,3,3|4,1,4.888726711273193,0,1.0,,,,,,,,,,,,,,,,,,,,,,,,,,,,,,,my husband's been <mask> <mask> <mask> with the craps for three days now and he's too weak to even keep water down,▁la id ▁low,3.0,3.1084773840245283e-10,21.8917179107666,7.297239303588867,in ing up,0.0007277610607134,14.66618013381958,4.888726711273193,3.0,4.0,0.0,20.0,0.0,2.0
5374,"Doctor, my little boy’s been up all night with the craps—every twenty minutes, and he’s looking so dehydrated.",the craps,the craps,is_multiword,1,9,9|10,1,4.446765283743541,0,1.0,,,,,,,,,,,,,,,,,,,,,,,,,,,,,,,doctor my little boy's been up all night with <mask> <mask> <mask> <mask> <mask> <mask> twenty minutes and he's looking so dehydrated,▁the ▁crap s - e very,6.0,1.2605949183454758e-17,38.91236281394959,6.485393802324931,his and he he been for,4.873144645527482e-06,26.680591702461243,4.446765283743541,9.0,10.0,0.0,17.0,0.0,2.0
5374,"Doctor, my little boy’s been up all night with the craps—every twenty minutes, and he’s looking so dehydrated.",he’s looking,he's looking,is_multiword,0,15,15|16,1,1.9243125915527344,0,1.0,,,,,,,,,,,,,,,,,,,,,,,,,,,,,,,doctor my little boy's been up all night with the craps-every twenty minutes and he's <mask> <mask> dehydrated,▁looking ▁so,2.0,0.0001475087111406,8.8216233253479,4.41081166267395,still ly,0.0069223626636469,3.8486251831054688,1.9243125915527344,15.0,16.0,0.0,17.0,0.0,2.0
5376,My son’s been complaining of a tummy ache and has had three loose stools this morning; could it be Edgar Britt?,a tummy,a tummy,is_multiword,0,5,5|6,1,4.115933855374654,0,1.0,,,,,,,,,,,,,,,,,,,,,,,,,,,,,,,my son's been complaining of <mask> <mask> <mask> ache and has had three loose stools this morning could it be edgar britt,▁a ▁tum my,3.0,1.0159167418326056e-08,18.404889345169067,6.134963115056356,a ' and,0.0023412090873903,12.347801566123962,4.115933855374654,5.0,6.0,0.0,20.0,0.0,2.0
5376,My son’s been complaining of a tummy ache and has had three loose stools this morning; could it be Edgar Britt?,a tummy ache,a tummy ache,is_multiword,0,5,5|6|7,1,4.565011644363404,0,1.0,,,,,,,,,,,,,,,,,,,,,,,,,,,,,,,my son's been complaining of <mask> <mask> <mask> <mask> <mask> and has had three loose stools this morning could it be edgar britt,▁a ▁tum my ▁a che,5.0,3.462630083459424e-16,35.59933304786682,7.119866609573364,a sto in this night,2.8327153291536078e-06,22.825058221817017,4.565011644363404,5.0,7.0,0.0,20.0,0.0,3.0
5376,My son’s been complaining of a tummy ache and has had three loose stools this morning; could it be Edgar Britt?,tummy ache,tummy ache,is_multiword,0,6,6|7,1,4.322972357273102,0,1.0,,,,,,,,,,,,,,,,,,,,,,,,,,,,,,,my son's been complaining of a <mask> <mask> <mask> <mask> and has had three loose stools this morning could it be edgar britt,▁tum my ▁a che,4.0,1.8356236105246137e-13,29.32622194290161,7.331555485725403, in the night,5.936846167593593e-06,17.291889429092407,4.322972357273102,6.0,7.0,0.0,20.0,0.0,2.0
5380,"My husband thinks it's just a stomach bug, but this apple-blossom two-step has kept him running to the toilet every hour since yesterday.",apple-blossom two-step,apple-blossom two-step,is_multiword,1,10,10|11,1,6.456416413187981,1,1.0,,,,,,,,,,,,,,,,,,,,,,,,,,,,,,,my husband thinks it's just a stomach bug but this <mask> <mask> <mask> <mask> <mask> <mask> <mask> <mask> has kept him running to the toilet every hour since yesterday,▁apple - blo s som ▁two - step,8.0,9.98099191004489e-32,71.38204050064087,8.922755062580109,is s a a the the and it,2.698123797936427e-09,51.651331305503845,6.456416413187981,10.0,11.0,0.0,22.0,0.0,2.0
5382,"Doctor, my little boy has had the back-door trot for three days now and he's barely keeping any fluids down.",back-door trot,back-door trot,is_multiword,1,7,7|8,1,4.403402709960938,0,1.0,,,,,,,,,,,,,,,,,,,,,,,,,,,,,,,doctor my little boy has had the <mask> <mask> <mask> <mask> <mask> for three days now and he's barely keeping any fluids down,▁back - door ▁tro t,5.0,1.8271892859540388e-16,36.238582611083984,7.2477165222167965,problem of of the s,6.662711872115056e-07,22.017013549804688,4.403402709960938,7.0,8.0,0.0,19.0,0.0,2.0
5382,"Doctor, my little boy has had the back-door trot for three days now and he's barely keeping any fluids down.",fluids down,fluids down,is_multiword,0,18,18|19,1,3.9327545166015625,0,1.0,,,,,,,,,,,,,,,,,,,,,,,,,,,,,,,doctor my little boy has had the back-door trot for three days now and he's barely keeping any <mask> <mask> <mask>,▁fluid s ▁down,3.0,4.1113554892846634e-08,17.006927967071533,5.668975989023845,breath . .,0.005468973078097,11.798263549804688,3.9327545166015625,18.0,19.0,0.0,19.0,0.0,2.0
5386,"My baby's had the bitties for three days now, and I'm worried he's getting dehydrated.",the bitties,the bitties,is_multiword,1,3,3|4,1,3.4924556016922,0,1.0,,,,,,,,,,,,,,,,,,,,,,,,,,,,,,,my baby's had <mask> <mask> <mask> for three days now and i'm worried he's getting dehydrated,▁the ▁bit ties,3.0,1.1705768638934936e-08,18.26318407058716,6.087728023529053,a cold cold,0.0004155875459964,10.4773668050766,3.4924556016922,3.0,4.0,0.0,14.0,0.0,2.0
5387,"My husband can’t stop with the wherry-go-nimble, and he’s getting so weak from it, could you check what’s wrong?",wherry-go nimble,wherry-go nimble,is_multiword,1,6,6|7,1,4.294082562128703,0,1.0,,,,,,,,,,,,,,,,,,,,,,,,,,,,,,,my husband can't stop with the <mask> <mask> <mask> <mask> <mask> <mask> <mask> <mask> <mask> he's getting so weak from it could you check what's wrong,▁w herr y - go - ni mble ▁and,9.0,5.243716889000023e-30,67.42052221298218,7.491169134775798,pain s he it ' s s s and,3.18938164112333e-13,38.646743059158325,4.294082562128703,6.0,7.0,0.0,18.0,0.0,2.0
5387,"My husband can’t stop with the wherry-go-nimble, and he’s getting so weak from it, could you check what’s wrong?",getting so,getting so,is_multiword,0,10,10|11,1,3.2355233430862427,0,1.0,,,,,,,,,,,,,,,,,,,,,,,,,,,,,,,my husband can't stop with the wherry-go-nimble and he's getting <mask> <mask> <mask> from it could you check what's wrong,▁so ▁we ak,3.0,3.065007984660851e-08,17.300630569458008,5.766876856486003,a a s,0.0005034326893724,9.706570029258728,3.2355233430862427,10.0,11.0,0.0,18.0,0.0,2.0
5388,"Doctor, I've been dealing with the wherry-go-nimble for three days now and I'm starting to feel really weak.",wherry-go nimble,wherry-go nimble,is_multiword,1,6,6|7,1,5.232962740792169,1,1.0,,,,,,,,,,,,,,,,,,,,,,,,,,,,,,,doctor i've been dealing with the <mask> <mask> <mask> <mask> <mask> <mask> <mask> <mask> <mask> three days now and i'm starting to feel really weak,▁w herr y - go - ni mble ▁for,9.0,6.1324090116598775e-30,67.2639651298523,7.473773903316921,pain of i i i i been for for,1.743623421659805e-09,47.09666466712952,5.232962740792169,6.0,7.0,0.0,17.0,0.0,2.0
5389,"My husband keeps running to the bathroom with bum soup since last night, and he's feeling really weak.",bum soup,bum soup,is_multiword,1,8,8|9,1,5.78466288248698,0,1.0,,,,,,,,,,,,,,,,,,,,,,,,,,,,,,,my husband keeps running to the bathroom with <mask> <mask> <mask> since last night and he's feeling really weak,▁bu m ▁soup,3.0,2.429209116462285e-11,24.44087028503418,8.14695676167806,his and s,0.0008360002569081,17.353988647460938,5.78466288248698,8.0,9.0,0.0,17.0,0.0,2.0
5389,"My husband keeps running to the bathroom with bum soup since last night, and he's feeling really weak.",he's feeling,he's feeling,is_multiword,0,14,14|15,1,0.1535320580005645,0,1.0,,,,,,,,,,,,,,,,,,,,,,,,,,,,,,,my husband keeps running to the bathroom with bum soup since last night and <mask> <mask> <mask> <mask> really weak,▁he ' s ▁feeling,4.0,0.0002112110760584,8.462652564048767,2.115663141012192,he ' s s,0.000390327537312,0.6141282320022583,0.1535320580005645,14.0,15.0,0.0,17.0,0.0,2.0
5391,"Doctor, my little boy’s been up all night with gyppy tummy—he can’t keep anything down.",gyppy tummy,gyppy tummy,is_multiword,1,9,9|10,1,5.995507478713989,0,1.0,,,,,,,,,,,,,,,,,,,,,,,,,,,,,,,doctor my little boy's been up all night with <mask> <mask> <mask> <mask> <mask> <mask> can't keep anything down,▁gy ppy ▁tum my - he,6.0,3.942614433549196e-22,49.28502798080444,8.214171330134073,his and and s and and,1.6545473211374936e-06,35.973044872283936,5.995507478713989,9.0,10.0,0.0,14.0,0.0,2.0
5392,"My wife’s had this gyppy tummy for three days now, and she’s worried it might be something serious.",gyppy tummy,gyppy tummy,is_multiword,1,4,4|5,1,6.467554211616516,0,1.0,,,,,,,,,,,,,,,,,,,,,,,,,,,,,,,my wife's had this <mask> <mask> <mask> <mask> for three days now and she's worried it might be something serious,▁gy ppy ▁tum my,4.0,1.611405108253612e-16,36.36425495147705,9.091063737869264,kind in my s,2.770110912355623e-05,25.870216846466064,6.467554211616516,4.0,5.0,0.0,17.0,0.0,2.0
5393,"Doctor, my son has been running to the bathroom all morning with a bad case of jerry-go-nimble.",jerry-go nimble,jerry-go nimble,is_multiword,1,16,,1,,0,1.0,,,,,,,,,,,,,,,,,,,,,,,,,,,,,,,,,,,,,,,,,,,,,,
5394,"Doctor, my mother can't stop with the jerry-go-nimble since last night and she's feeling very weak now.",jerry-go nimble,jerry-go nimble,is_multiword,1,7,7|8,1,6.056171104311943,0,1.0,,,,,,,,,,,,,,,,,,,,,,,,,,,,,,,doctor my mother can't stop with the <mask> <mask> <mask> <mask> <mask> <mask> <mask> <mask> last night and she's feeling very weak now,▁je rry - go - ni mble ▁since,8.0,9.006719064942063e-30,66.87958192825317,8.359947741031647,pain s she she she her her her,9.905129390239153e-09,48.44936883449554,6.056171104311943,7.0,8.0,0.0,16.0,0.0,2.0
5394,"Doctor, my mother can't stop with the jerry-go-nimble since last night and she's feeling very weak now.",she's feeling,she's feeling,is_multiword,0,13,13|14,1,0.3408584594726562,0,1.0,,,,,,,,,,,,,,,,,,,,,,,,,,,,,,,doctor my mother can't stop with the jerry-go-nimble since last night and she's <mask> <mask> weak now,▁feeling ▁very,2.0,0.0075084479888643,4.891726493835449,2.4458632469177246,just so,0.0148462261864216,0.6817169189453125,0.3408584594726562,13.0,14.0,0.0,16.0,0.0,2.0
5400,"Doc, my toddler's had a bad case of arse-piss since last night and I'm worried he's getting dehydrated.",case of,case of,is_multiword,0,6,6|7,1,1.1664657592773438,0,1.0,,,,,,,,,,,,,,,,,,,,,,,,,,,,,,,doc my toddler's had a bad <mask> <mask> arse-piss since last night and i'm worried he's getting dehydrated,▁case ▁of,2.0,0.0020308953308982,6.19927853345871,3.099639266729355,day of,0.0209347040776392,2.3329315185546875,1.1664657592773438,6.0,7.0,0.0,17.0,0.0,2.0
5400,"Doc, my toddler's had a bad case of arse-piss since last night and I'm worried he's getting dehydrated.",case of arse-piss,case of arse-piss,is_multiword,0,6,6|7|8,1,5.153271334511893,1,1.0,,,,,,,,,,,,,,,,,,,,,,,,,,,,,,,doc my toddler's had a bad <mask> <mask> <mask> <mask> <mask> <mask> <mask> since last night and i'm worried he's getting dehydrated,▁case ▁of ▁ar se - pis s,7.0,6.076528509213716e-23,51.1550235748291,7.307860510689871,day and he ' been been ed,2.8178422083548697e-07,36.07289934158325,5.153271334511893,6.0,8.0,0.0,17.0,0.0,3.0
5400,"Doc, my toddler's had a bad case of arse-piss since last night and I'm worried he's getting dehydrated.",of arse-piss,of arse-piss,is_multiword,0,7,7|8,1,3.801715095837911,0,1.0,,,,,,,,,,,,,,,,,,,,,,,,,,,,,,,doc my toddler's had a bad case <mask> <mask> <mask> <mask> <mask> <mask> since last night and i'm worried he's getting dehydrated,▁of ▁ar se - pis s,6.0,1.395198980720517e-16,36.508324444293976,6.084720740715663,of he ' s a s,1.1246554124559212e-06,22.810290575027462,3.801715095837911,7.0,8.0,0.0,17.0,0.0,2.0
5401,"My husband says he's loose in the hilt after every meal, and he's too embarrassed to leave the house.",he's loose,he's loose,is_multiword,0,3,3|4,1,2.4014488697052,0,1.0,,,,,,,,,,,,,,,,,,,,,,,,,,,,,,,my husband says <mask> <mask> <mask> <mask> <mask> in the hilt after every meal and he's too embarrassed to leave the house,▁he ' s ▁loo se,5.0,2.1556300473613583e-09,19.955182790756226,3.991036558151245,he ' s s him,0.0003533899479798,12.007244348526,2.4014488697052,3.0,4.0,0.0,18.0,0.0,2.0
5405,My husband's been up all night with the trots—could it be something he ate?,the trots,the trots,is_multiword,0,7,7|8,1,4.999392890930176,0,1.0,,,,,,,,,,,,,,,,,,,,,,,,,,,,,,,my husband's been up all night with <mask> <mask> <mask> <mask> <mask> it be something he ate,▁the ▁trots - co uld,5.0,1.900793601445159e-16,36.199090003967285,7.239818000793457,"him and , , could",1.36451617554416e-05,24.99696445465088,4.999392890930176,7.0,8.0,0.0,13.0,0.0,2.0
5407,"I'm here with my mom because she's been dealing with Eartha Kitt for three days now, and she's feeling weak.",she's feeling,she's feeling,is_multiword,0,17,17|18,1,0.7482776343822479,0,1.0,,,,,,,,,,,,,,,,,,,,,,,,,,,,,,,i'm here with my mom because she's been dealing with eartha kitt for three days now and <mask> <mask> <mask> <mask> weak,▁she ' s ▁feeling,4.0,0.0002603927158138,8.25331962108612,2.06332990527153,she ' s very,0.0051942185794651,2.993110537528992,0.7482776343822479,17.0,18.0,0.0,19.0,0.0,2.0
5411,My son keeps complaining of a bad stomach and I'm pretty sure it's the flying axehandles—he's been running to the bathroom all morning.,I'm pretty,i'm pretty,is_multiword,0,9,9|10,1,0.8074149787425995,1,1.0,,,,,,,,,,,,,,,,,,,,,,,,,,,,,,,my son keeps complaining of a bad stomach and <mask> <mask> <mask> <mask> sure it's the flying axehandles-he's been running to the bathroom all morning,▁i ' m ▁pretty,4.0,0.0009865354294294,6.921311318874359,1.7303278297185898,I ' m make,0.0249307972128861,3.229659914970398,0.8074149787425995,9.0,10.0,0.0,22.0,0.0,2.0
5413,"My husband keeps running to the bathroom every few minutes, I'm pretty sure he's got the lurkies.",I'm pretty,i'm pretty,is_multiword,0,10,10|11,1,2.9513874500989914,1,1.0,,,,,,,,,,,,,,,,,,,,,,,,,,,,,,,my husband keeps running to the bathroom every few minutes <mask> <mask> <mask> <mask> sure he's got the lurkies,▁i ' m ▁pretty,4.0,1.0889704942930689e-07,16.032862901687622,4.0082157254219055,so I to make,0.0145915439248068,11.805549800395966,2.9513874500989914,10.0,11.0,0.0,16.0,0.0,2.0
5413,"My husband keeps running to the bathroom every few minutes, I'm pretty sure he's got the lurkies.",he's got,he's got,is_multiword,0,13,13|14,1,0.9480418860912324,0,1.0,,,,,,,,,,,,,,,,,,,,,,,,,,,,,,,my husband keeps running to the bathroom every few minutes i'm pretty sure <mask> <mask> <mask> <mask> the lurkies,▁he ' s ▁got,4.0,7.621779039644172e-05,9.481915652751924,2.3704789131879807,he ' s of,0.0033804443677266,3.792167544364929,0.9480418860912324,13.0,14.0,0.0,16.0,0.0,2.0
5414,"Doctor, my little boy has been having the lurkies all night—he can't keep anything down and I'm worried he's getting dehydrated.",the lurkies,the lurkies,is_multiword,0,7,7|8,1,6.360376795132955,0,1.0,,,,,,,,,,,,,,,,,,,,,,,,,,,,,,,doctor my little boy has been having <mask> <mask> <mask> all night-he can't keep anything down and i'm worried he's getting dehydrated,▁the ▁lur kies,3.0,7.2146463429643705e-12,25.65490794181824,8.551635980606079,a cold s,0.0013965120325188,19.081130385398865,6.360376795132955,7.0,8.0,0.0,20.0,0.0,2.0
5415,"My husband’s been dealing with a bad case of bum gravy since yesterday, and he’s too weak to even get out of bed—should we be worried?",bum gravy,bum gravy,is_multiword,1,9,9|10,1,4.321908891201019,0,1.0,,,,,,,,,,,,,,,,,,,,,,,,,,,,,,,my husband's been dealing with a bad case of <mask> <mask> <mask> <mask> since yesterday and he's too weak to even get out of bed-should we be worried,▁bu m ▁grav y,4.0,1.887273750375134e-13,29.29847288131714,7.324618220329285,a - in s,6.0779850904205705e-06,17.287635564804077,4.321908891201019,9.0,10.0,0.0,25.0,0.0,2.0
5416,"Doctor, my little boy has been having what I can only call bum gravy for three days now—every time he eats, he's running to the toilet.",bum gravy,bum gravy,is_multiword,1,12,12|13,1,5.274817496538162,0,1.0,,,,,,,,,,,,,,,,,,,,,,,,,,,,,,,doctor my little boy has been having what i can only call <mask> <mask> <mask> <mask> for three days now-every time he eats he's running to the toilet,▁bu m ▁grav y,4.0,1.8080319481064028e-14,31.64395236968994,7.910988092422485,a a thri s,2.6333138747258108e-05,21.09926998615265,5.274817496538162,12.0,13.0,0.0,25.0,0.0,2.0
5416,"Doctor, my little boy has been having what I can only call bum gravy for three days now—every time he eats, he's running to the toilet.",he's running,he's running,is_multiword,0,22,22|23,1,1.2855681777000427,0,1.0,,,,,,,,,,,,,,,,,,,,,,,,,,,,,,,doctor my little boy has been having what i can only call bum gravy for three days now-every time he eats he's <mask> <mask> the toilet,▁running ▁to,2.0,0.0066312781329709,5.015957713127136,2.507978856563568,going on,0.0867416292395247,2.571136355400085,1.2855681777000427,22.0,23.0,0.0,25.0,0.0,2.0
5418,"My son has been having the Jimmy Britts since yesterday, and I'm worried he's getting dehydrated.",having the,having the,is_multiword,0,4,4|5,1,1.1581992506980896,0,1.0,,,,,,,,,,,,,,,,,,,,,,,,,,,,,,,my son has been <mask> <mask> jimmy britts since yesterday and i'm worried he's getting dehydrated,▁having ▁the,2.0,0.0014646726278364,6.526123523712158,3.263061761856079,getting ing,0.0148504513194072,2.316398501396179,1.1581992506980896,4.0,5.0,0.0,15.0,0.0,2.0
5418,"My son has been having the Jimmy Britts since yesterday, and I'm worried he's getting dehydrated.",he's getting,he's getting,is_multiword,0,13,13|14,1,0.4945230484008789,1,1.0,,,,,,,,,,,,,,,,,,,,,,,,,,,,,,,my son has been having the jimmy britts since yesterday and i'm worried <mask> <mask> <mask> <mask> dehydrated,▁he ' s ▁getting,4.0,0.0005930370131558,7.430253744125366,1.8575634360313416,he he ' getting,0.0042870280406918,1.978092193603516,0.4945230484008789,13.0,14.0,0.0,15.0,0.0,2.0
5421,"Doctor, my son’s been hit with the gringo gallop since last night—he can’t keep anything down and keeps running to the bathroom.",gringo gallop,gringo gallop,is_multiword,1,7,7|8,1,6.174551904201508,0,1.0,,,,,,,,,,,,,,,,,,,,,,,,,,,,,,,doctor my son's been hit with the <mask> <mask> <mask> <mask> since last night-he can't keep anything down and keeps running to the bathroom,▁grin go ▁gall op,4.0,1.610781306226894e-16,36.36464214324951,9.091160535812378, of the s,8.576929922015069e-06,24.69820761680603,6.174551904201508,7.0,8.0,0.0,21.0,0.0,2.0
5423,I'm worried about my mom—she's been running to the bathroom with the green-apple quickstep for three days now and can't keep anything down.,green-apple quickstep,green-apple quickstep,is_multiword,1,13,13|14,1,5.108833312988281,0,1.0,,,,,,,,,,,,,,,,,,,,,,,,,,,,,,,i'm worried about my mom-she's been running to the bathroom with the green-apple <mask> <mask> <mask> three days now and can't keep anything down,▁quick step ▁for,3.0,2.986713014786271e-09,19.629092380404472,6.543030793468158,- s for,0.0135334288736302,15.326499938964844,5.108833312988281,13.0,14.0,0.0,22.0,0.0,2.0
5424,"Doctor, my son has been dealing with a bad case of the green-apple quickstep since last night, and he's already dehydrated.",green-apple quickstep,green-apple quickstep,is_multiword,1,12,12|13,1,5.828785578409831,0,1.0,,,,,,,,,,,,,,,,,,,,,,,,,,,,,,,doctor my son has been dealing with a bad case of the <mask> <mask> <mask> <mask> <mask> <mask> since last night and he's already dehydrated,▁green - app le ▁quick step,6.0,1.4119293368382926e-23,52.61450004577637,8.769083340962728,stomach and and he his s,2.1790612583744414e-08,34.972713470458984,5.828785578409831,12.0,13.0,0.0,20.0,0.0,2.0
5425,"Doctor, my little boy has had a drippy tummy for two days now and he's barely keeping any fluids down.",drippy tummy,drippy tummy,is_multiword,1,7,7|8,1,5.364201843738556,0,1.0,,,,,,,,,,,,,,,,,,,,,,,,,,,,,,,doctor my little boy has had a <mask> <mask> <mask> <mask> for two days now and he's barely keeping any fluids down,▁dri ppy ▁tum my,4.0,1.049048942465599e-15,34.49089241027832,8.62272310256958, of thro s,2.1845842211562234e-06,21.456807374954224,5.364201843738556,7.0,8.0,0.0,19.0,0.0,2.0
5425,"Doctor, my little boy has had a drippy tummy for two days now and he's barely keeping any fluids down.",fluids down,fluids down,is_multiword,0,18,18|19,1,3.886418620745341,0,1.0,,,,,,,,,,,,,,,,,,,,,,,,,,,,,,,doctor my little boy has had a drippy tummy for two days now and he's barely keeping any <mask> <mask> <mask>,▁fluid s ▁down,3.0,7.231029204348706e-08,16.442299365997314,5.4807664553324384,breath . .,0.0083704845593475,11.659255862236025,3.886418620745341,18.0,19.0,0.0,19.0,0.0,2.0
5426,My husband keeps rushing to the bathroom with this drippy tummy and I'm worried he's getting dehydrated.,drippy tummy,drippy tummy,is_multiword,1,9,9|10,1,6.013854831457138,0,1.0,,,,,,,,,,,,,,,,,,,,,,,,,,,,,,,my husband keeps rushing to the bathroom with this <mask> <mask> <mask> <mask> and i'm worried he's getting dehydrated,▁dri ppy ▁tum my,4.0,6.952436158095779e-16,34.90226936340332,8.72556734085083,"stuff in the ,",1.9465828045613875e-05,24.055419325828552,6.013854831457138,9.0,10.0,0.0,16.0,0.0,2.0
5427,"Doctor, I think my husband's got a bad case of Aztec revenge—he's been running to the bathroom all night after that street food we had.",husband's got,husband's got,is_multiword,0,4,4|5,1,0.0974969863891601,0,1.0,,,,,,,,,,,,,,,,,,,,,,,,,,,,,,,doctor i think my <mask> <mask> <mask> <mask> a bad case of aztec revenge-he's been running to the bathroom all night after that street food we had,▁husband ' s ▁got,4.0,0.0004906224753824,7.619835615158081,1.9049589037895205,doctor is s got,0.0007246312381082,0.3899879455566406,0.0974969863891601,4.0,5.0,0.0,24.0,0.0,2.0
5429,"Doctor, my husband keeps running to the bathroom with the Hershey squirts after every meal—could it be something he's eating?",Hershey squirts,hershey squirts,is_multiword,1,10,10|11,1,3.867367601394653,1,1.0,,,,,,,,,,,,,,,,,,,,,,,,,,,,,,,doctor my husband keeps running to the bathroom with the <mask> <mask> <mask> <mask> <mask> after every meal-could it be something he's eating,▁her s hey ▁squirt s,5.0,7.403062189481136e-16,34.83946776390076,6.967893552780152, to the the s,1.8505185442990097e-07,19.336838006973267,3.867367601394653,10.0,11.0,0.0,19.0,0.0,2.0
5430,"Doctor, my little boy has been having the Hershey squirts for three days now, and I'm worried he's getting dehydrated.",the Hershey,the hershey,is_multiword,0,7,7|8,1,3.678348630666733,0,1.0,,,,,,,,,,,,,,,,,,,,,,,,,,,,,,,doctor my little boy has been having <mask> <mask> <mask> <mask> squirts for three days now and i'm worried he's getting dehydrated,▁the ▁her s hey,4.0,7.542717759429198e-11,23.30785346031189,5.826963365077972,a bad and and,0.000185128766912,14.713394522666931,3.678348630666733,7.0,8.0,0.0,19.0,0.0,2.0
5430,"Doctor, my little boy has been having the Hershey squirts for three days now, and I'm worried he's getting dehydrated.",the Hershey squirts,the hershey squirts,is_multiword,0,7,7|8|9,1,3.871505796909332,0,1.0,,,,,,,,,,,,,,,,,,,,,,,,,,,,,,,doctor my little boy has been having <mask> <mask> <mask> <mask> <mask> <mask> for three days now and i'm worried he's getting dehydrated,▁the ▁her s hey ▁squirt s,6.0,1.2198003725102177e-18,41.24784445762634,6.874640742937724,a of of in the s,1.4946186157594305e-08,23.229034781455997,3.871505796909332,7.0,9.0,0.0,19.0,0.0,3.0
5430,"Doctor, my little boy has been having the Hershey squirts for three days now, and I'm worried he's getting dehydrated.",Hershey squirts,hershey squirts,is_multiword,1,8,8|9,1,5.060472202301026,0,1.0,,,,,,,,,,,,,,,,,,,,,,,,,,,,,,,doctor my little boy has been having the <mask> <mask> <mask> <mask> <mask> for three days now and i'm worried he's getting dehydrated,▁her s hey ▁squirt s,5.0,1.7105914364842545e-17,38.607107400894165,7.721421480178833,problem of of the s,1.6665642444959617e-06,25.302361011505127,5.060472202301026,8.0,9.0,0.0,19.0,0.0,2.0
5435,I notice that my ‘backdoor trot’ always seems to happen after I drink milk or eat ice cream. Could this mean I’m lactose intolerant?,backdoor trot,backdoor trot,is_multiword,1,4,4|5,1,6.4562886754671736,1,1.0,,,,,,,,,,,,,,,,,,,,,,,,,,,,,,,i notice that my <mask> <mask> <mask> <mask> <mask> <mask> always seems to happen after i drink milk or eat ice cream could this mean i'm lactose intolerant,▁' back door ▁tro t ',6.0,1.196732271121315e-23,52.77986240386963,8.796643733978271,stomach is s and and it,7.972238346761278e-07,38.73773205280304,6.4562886754671736,4.0,5.0,0.0,23.0,0.0,2.0
5436,"Doctor, my son has been dealing with the Far East Two-step for three days now, and he's getting weak from running to the bathroom.",dealing with,dealing with,is_multiword,0,5,5|6,1,4.2810975313186646,1,1.0,,,,,,,,,,,,,,,,,,,,,,,,,,,,,,,doctor my son has been <mask> <mask> the far east two-step for three days now and he's getting weak from running to the bathroom,▁dealing ▁with,2.0,1.8231977712424377e-05,10.912333488464355,5.456166744232178,walking on,0.095355961574073,8.562195062637329,4.2810975313186646,5.0,6.0,0.0,23.0,0.0,2.0
5436,"Doctor, my son has been dealing with the Far East Two-step for three days now, and he's getting weak from running to the bathroom.",he's getting,he's getting,is_multiword,0,16,16|17,1,0.7549133598804474,1,1.0,,,,,,,,,,,,,,,,,,,,,,,,,,,,,,,doctor my son has been dealing with the far east two-step for three days now and <mask> <mask> <mask> <mask> weak from running to the bathroom,▁he ' s ▁getting,4.0,0.0001507867016836,8.79964429140091,2.199911072850228,he is getting very,0.0030887436643079,3.0196534395217896,0.7549133598804474,16.0,17.0,0.0,23.0,0.0,2.0
5437,"My husband keeps blaming the spicy food we had, but this Far East Two-step has hit him so hard he can't even keep water down.",keeps blaming,keeps blaming,is_multiword,0,2,2|3,1,5.093189269304276,0,1.0,,,,,,,,,,,,,,,,,,,,,,,,,,,,,,,my husband <mask> <mask> <mask> <mask> the spicy food we had but this far east two-step has hit him so hard he can't even keep water down,▁keep s ▁bla ming,4.0,1.1345856229080887e-13,29.80733871459961,7.451834678649902,was always to all,7.991223105404851e-05,20.372757077217106,5.093189269304276,2.0,3.0,0.0,24.0,0.0,2.0
5438,"My husband keeps running to the bathroom every hour—I think it's the soups, and he's getting really weak.",getting really,getting really,is_multiword,0,16,16|17,1,5.368017911911011,0,1.0,,,,,,,,,,,,,,,,,,,,,,,,,,,,,,,my husband keeps running to the bathroom every hour-i think it's the soups and he's getting <mask> <mask> <mask>,▁really ▁we ak,3.0,1.7038525746131448e-10,22.492959022521973,7.497653007507324,tired sick .,0.0016800944166001,16.104053735733032,5.368017911911011,16.0,17.0,0.0,17.0,0.0,2.0
5439,"Doctor, my little boy has been having the soups for three days now and he won't eat anything.",the soups,the soups,is_multiword,0,7,7|8,1,3.015512903531393,0,1.0,,,,,,,,,,,,,,,,,,,,,,,,,,,,,,,doctor my little boy has been having <mask> <mask> <mask> for three days now and he won't eat anything,▁the ▁soup s,3.0,6.253641657622227e-08,16.58751678466797,5.529172261555989,a allergi s,0.0005308781296538,9.046538710594175,3.015512903531393,7.0,8.0,0.0,17.0,0.0,2.0
5442,My husband keeps having to run to the bathroom with the belly-works and it's been going on for three days now.,keeps having,keeps having,is_multiword,0,2,2|3,1,2.2585715850194297,1,1.0,,,,,,,,,,,,,,,,,,,,,,,,,,,,,,,my husband <mask> <mask> <mask> to run to the bathroom with the belly-works and it's been going on for three days now,▁keep s ▁having,3.0,5.606021882339336e-06,12.091669201850891,4.030556400616963,' s going,0.0049125877134418,6.775714755058289,2.2585715850194297,2.0,3.0,0.0,20.0,0.0,2.0
5442,My husband keeps having to run to the bathroom with the belly-works and it's been going on for three days now.,going on,going on,is_multiword,0,15,15|16,1,0.1839313507080078,1,1.0,,,,,,,,,,,,,,,,,,,,,,,,,,,,,,,my husband keeps having to run to the bathroom with the belly-works and it's been <mask> <mask> for three days now,▁going ▁on,2.0,0.0052131310692857,5.256574630737305,2.6282873153686523,on ing,0.0075311168409194,0.3678627014160156,0.1839313507080078,15.0,16.0,0.0,20.0,0.0,2.0
5443,"Doctor, my son's been up all night with the belly-works and I'm worried he's getting dehydrated.",he's getting,he's getting,is_multiword,0,13,13|14,1,0.0396280288696289,1,1.0,,,,,,,,,,,,,,,,,,,,,,,,,,,,,,,doctor my son's been up all night with the belly-works and i'm worried <mask> <mask> <mask> <mask> dehydrated,▁he ' s ▁getting,4.0,0.0029855178309068,5.81398206949234,1.453495517373085,he he s getting,0.0034983286468425,0.1585121154785156,0.0396280288696289,13.0,14.0,0.0,15.0,0.0,2.0
5444,"Doctor, I've been dealing with a bad case of Delhi belly for three days now and I'm worried about getting dehydrated.",getting dehydrated,getting dehydrated,is_multiword,0,19,19|20,1,4.960363358259201,0,1.0,,,,,,,,,,,,,,,,,,,,,,,,,,,,,,,doctor i've been dealing with a bad case of delhi belly for three days now and i'm worried about <mask> <mask> <mask> <mask>,▁getting ▁de hydrat ed,4.0,3.257965151517739e-13,28.752503395080566,7.188125848770142,it it it .,0.0001348901300932,19.841453433036804,4.960363358259201,19.0,20.0,0.0,20.0,0.0,2.0
5451,My husband's been acting strange and losing weight fast—could it be that he's back on aries?,on aries,on aries,is_multiword,0,15,,1,,0,1.0,,,,,,,,,,,,,,,,,,,,,,,,,,,,,,,,,,,,,,,,,,,,,,
5452,"Doctor, I think my son's been using the black stuff again—he's been nodding off at the dinner table and his pupils are tiny.",nodding off,nodding off,is_multiword,0,13,13|14,1,1.8775426149368288,0,1.0,,,,,,,,,,,,,,,,,,,,,,,,,,,,,,,doctor i think my son's been using the black stuff again-he's been nodding <mask> <mask> the dinner table and his pupils are tiny,▁off ▁at,2.0,0.0025317964594378,5.97882616519928,2.98941308259964,around on,0.1082035681966495,3.755085229873657,1.8775426149368288,13.0,14.0,0.0,22.0,0.0,2.0
5454,"Doctor, I think my son has been using black—he's been nodding off and his pupils are tiny.",nodding off,nodding off,is_multiword,0,11,11|12,1,1.510295867919922,0,1.0,,,,,,,,,,,,,,,,,,,,,,,,,,,,,,,doctor i think my son has been using black-he's been nodding <mask> <mask> his pupils are tiny,▁off ▁and,2.0,0.0009236930290648,6.987130761146545,3.4935653805732727,- and,0.0189388667763805,3.020591735839844,1.510295867919922,11.0,12.0,0.0,16.0,0.0,2.0
5456,"Doctor, my son's been acting strange and nodding off at the table—I think he's been messing with big daddy again.",nodding off,nodding off,is_multiword,0,7,7|8,1,3.0975672403971357,0,1.0,,,,,,,,,,,,,,,,,,,,,,,,,,,,,,,doctor my son's been acting strange and <mask> <mask> <mask> at the table-i think he's been messing with big daddy again,▁no dding ▁off,3.0,1.325199515991782e-08,18.13911771774292,6.046372572580974,he to him,0.0001438965388896,9.292701721191406,3.0975672403971357,7.0,8.0,0.0,19.0,0.0,2.0
5458,"Doctor, I think my son’s been using big Harry again—he’s got those tiny pupils and he’s nodding off at the dinner table.",tiny pupils,tiny pupils,is_multiword,0,13,13|14,1,1.7866007486979167,0,1.0,,,,,,,,,,,,,,,,,,,,,,,,,,,,,,,doctor i think my son's been using big harry again-he's got those tiny <mask> <mask> <mask> he's nodding off at the dinner table,▁pupil s ▁and,3.0,2.8028162257201063e-05,10.482300758361816,3.494100252787272,eyes s and,0.0059611103658147,5.35980224609375,1.7866007486979167,13.0,14.0,0.0,21.0,0.0,2.0
5458,"Doctor, I think my son’s been using big Harry again—he’s got those tiny pupils and he’s nodding off at the dinner table.",nodding off,nodding off,is_multiword,0,17,17|18,1,1.4494017958641052,0,1.0,,,,,,,,,,,,,,,,,,,,,,,,,,,,,,,doctor i think my son's been using big harry again-he's got those tiny pupils and he's nodding <mask> <mask> the dinner table,▁off ▁at,2.0,0.0032192459564263,5.738608121871948,2.869304060935974,around on,0.0584370875372791,2.8988035917282104,1.4494017958641052,17.0,18.0,0.0,21.0,0.0,2.0
5461,My husband's been nodding off at the table and his pupils are tiny—I'm worried he's been using a bit again.,a bit,a bit,is_multiword,0,18,18|19,1,3.620908796787262,0,1.0,,,,,,,,,,,,,,,,,,,,,,,,,,,,,,,my husband's been nodding off at the table and his pupils are tiny-i'm worried he's been using a <mask> <mask>,▁bit ▁again,2.0,4.85968640527836e-06,12.23453664779663,6.117268323898315,little .,0.0067871846566816,7.241817593574524,3.620908796787262,18.0,19.0,0.0,19.0,0.0,2.0
5465,"Doctor, I think my son might have taken a blast—he's been nodding off and his pupils are tiny.",blast he's,blast he's,is_multiword,0,9,9|10,1,3.482823542186192,0,1.0,,,,,,,,,,,,,,,,,,,,,,,,,,,,,,,doctor i think my son might have taken a <mask> <mask> <mask> <mask> <mask> <mask> <mask> nodding off and his pupils are tiny,▁blas t - he ' s ▁been,7.0,5.299945914425038e-18,39.77883505821228,5.6826907226017545,long of but he he he is,2.0524319108887963e-07,24.379764795303345,3.482823542186192,9.0,10.0,0.0,17.0,0.0,2.0
5465,"Doctor, I think my son might have taken a blast—he's been nodding off and his pupils are tiny.",nodding off,nodding off,is_multiword,0,12,12|13,1,1.600391507148743,0,1.0,,,,,,,,,,,,,,,,,,,,,,,,,,,,,,,doctor i think my son might have taken a blast-he's been nodding <mask> <mask> his pupils are tiny,▁off ▁and,2.0,0.000700684803306,7.263452410697937,3.631726205348969,even and,0.0172030360466325,3.2007830142974854,1.600391507148743,12.0,13.0,0.0,17.0,0.0,2.0
5466,"My husband's been sick for days, vomiting and sweating, and I found a syringe in his jacket—I'm scared it's from a bad bundle.",scared it's,scared it's,is_multiword,0,18,18|19,1,1.481354683637619,0,1.0,,,,,,,,,,,,,,,,,,,,,,,,,,,,,,,my husband's been sick for days vomiting and sweating and i found a syringe in his jacket-i'm scared <mask> <mask> <mask> <mask> a bad bundle,▁it ' s ▁from,4.0,6.895235352418204e-06,11.884679913520811,2.9711699783802032,he ' ' in,0.0025818187695511,5.925418734550476,1.481354683637619,18.0,19.0,0.0,22.0,0.0,2.0
5469,"Doctor, I think my son has been using black tar—he's been nodding off at dinner and has these tiny track marks on his arms.",tar he's,tar he's,is_multiword,0,9,9|10,1,4.097927689552307,0,1.0,,,,,,,,,,,,,,,,,,,,,,,,,,,,,,,doctor i think my son has been using black <mask> <mask> <mask> <mask> <mask> <mask> nodding off at dinner and has these tiny track marks on his arms,▁tar - he ' s ▁been,6.0,2.800572844867181e-16,35.81153750419617,5.968589584032695,tie s his he he been,1.3350304466718336e-05,24.587566137313843,4.097927689552307,9.0,10.0,0.0,23.0,0.0,2.0
5469,"Doctor, I think my son has been using black tar—he's been nodding off at dinner and has these tiny track marks on his arms.",nodding off,nodding off,is_multiword,0,12,12|13,1,2.376945436000824,0,1.0,,,,,,,,,,,,,,,,,,,,,,,,,,,,,,,doctor i think my son has been using black tar-he's been nodding <mask> <mask> dinner and has these tiny track marks on his arms,▁off ▁at,2.0,0.000363843486789,7.9187867641448975,3.9593933820724487,around after,0.042218536866711,4.753890872001648,2.376945436000824,12.0,13.0,0.0,23.0,0.0,2.0
5470,"Doctor, my son's been nodding off at the table and his pupils are tiny as pins—I think he might be using antifreeze.",nodding off,nodding off,is_multiword,0,4,4|5,1,4.580305655797322,0,1.0,,,,,,,,,,,,,,,,,,,,,,,,,,,,,,,doctor my son's been <mask> <mask> <mask> at the table and his pupils are tiny as pins-i think he might be using antifreeze,▁no dding ▁off,3.0,3.4667618131537287e-10,21.78262996673584,7.260876655578613,putting ing hours,0.0003217573077153,13.740916967391968,4.580305655797322,4.0,5.0,0.0,21.0,0.0,2.0
5473,"Doctor, my son has been nodding off at strange times and his pupils are tiny—I think he's been messing with bobby.",nodding off,nodding off,is_multiword,0,5,5|6,1,4.1471608479817705,0,1.0,,,,,,,,,,,,,,,,,,,,,,,,,,,,,,,doctor my son has been <mask> <mask> <mask> at strange times and his pupils are tiny-i think he's been messing with bobby,▁no dding ▁off,3.0,1.1428553823095187e-09,20.58973598480225,6.863245328267415,in ing me,0.000289240093656,12.441482543945312,4.1471608479817705,5.0,6.0,0.0,20.0,0.0,2.0
5475,My son’s been nodding off at school and his pupils are tiny—I think he got into a big bag.,nodding off,nodding off,is_multiword,0,3,3|4,1,4.939966956774394,1,1.0,,,,,,,,,,,,,,,,,,,,,,,,,,,,,,,my son's been <mask> <mask> <mask> at school and his pupils are tiny-i think he got into a big bag,▁no dding ▁off,3.0,2.737641886565541e-10,22.01875400543213,7.339584668477376,a a year,0.000747442532608,14.81990087032318,4.939966956774394,3.0,4.0,0.0,18.0,0.0,2.0
5476,My son has been acting strange and nodding off at the table—I found a bag of babania in his jacket pocket.,nodding off,nodding off,is_multiword,0,7,7|8,1,4.28610344727834,0,1.0,,,,,,,,,,,,,,,,,,,,,,,,,,,,,,,my son has been acting strange and <mask> <mask> <mask> at the table-i found a bag of babania in his jacket pocket,▁no dding ▁off,3.0,2.150076871277324e-09,19.957762241363525,6.652587413787842,he to sitting,0.0008255572876226,12.858310341835022,4.28610344727834,7.0,8.0,0.0,20.0,0.0,2.0
5476,My son has been acting strange and nodding off at the table—I found a bag of babania in his jacket pocket.,nodding off at,nodding off at,is_multiword,0,7,7|8|9,1,3.075184941291809,0,1.0,,,,,,,,,,,,,,,,,,,,,,,,,,,,,,,my son has been acting strange and <mask> <mask> <mask> <mask> the table-i found a bag of babania in his jacket pocket,▁no dding ▁off ▁at,4.0,1.2725794485239508e-09,20.4822199344635,5.120554983615875,he to sitting on,0.0002797875006161,12.300739765167236,3.075184941291809,7.0,9.0,0.0,20.0,0.0,3.0
5476,My son has been acting strange and nodding off at the table—I found a bag of babania in his jacket pocket.,off at,off at,is_multiword,0,8,8|9,1,1.9057541489601133,0,1.0,,,,,,,,,,,,,,,,,,,,,,,,,,,,,,,my son has been acting strange and nodding <mask> <mask> the table-i found a bag of babania in his jacket pocket,▁off ▁at,2.0,0.0013897685595529,6.578618049621582,3.289309024810791,around on,0.0628433754717129,3.811508297920227,1.9057541489601133,8.0,9.0,0.0,20.0,0.0,2.0
5481,"Doctor, I think my son has been using blanco again—he’s been nodding off and his pupils are tiny.",nodding off,nodding off,is_multiword,0,12,12|13,1,1.2855968475341797,0,1.0,,,,,,,,,,,,,,,,,,,,,,,,,,,,,,,doctor i think my son has been using blanco again-he's been nodding <mask> <mask> his pupils are tiny,▁off ▁and,2.0,0.0014661085644944,6.525143623352051,3.2625718116760254,and and,0.0191787970919665,2.57119369506836,1.2855968475341797,12.0,13.0,0.0,17.0,0.0,2.0
5483,"Doctor, my husband's been acting paranoid and staying up for days—could he be on bathtub crank?",staying up,staying up,is_multiword,0,7,7|8,1,2.216827392578125,1,1.0,,,,,,,,,,,,,,,,,,,,,,,,,,,,,,,doctor my husband's been acting paranoid and <mask> <mask> <mask> for days-could he be on bathtub crank,▁stay ing ▁up,3.0,7.898904228355288e-08,16.353956699371338,5.451318899790446,a e ed,6.107093371200258e-05,6.650482177734375,2.216827392578125,7.0,8.0,0.0,15.0,0.0,2.0
5487,My husband's been acting really paranoid and losing weight fast—I'm scared he's gotten into Mexican crack again.,gotten into,gotten into,is_multiword,0,13,13|14,1,5.8072125514348345,0,1.0,,,,,,,,,,,,,,,,,,,,,,,,,,,,,,,my husband's been acting really paranoid and losing weight fast-i'm scared he's gotten <mask> <mask> <mask> crack again,▁into ▁mexi can,3.0,1.615737916144741e-11,24.8486442565918,8.282881418863932,to to to,0.00059496581831,17.421637654304504,5.8072125514348345,13.0,14.0,0.0,16.0,0.0,2.0
5495,My husband's been acting paranoid and grinding his teeth all night—I'm scared he's gotten into that soap dope stuff.,dope stuff,dope stuff,is_multiword,0,18,,1,,0,1.0,,,,,,,,,,,,,,,,,,,,,,,,,,,,,,,,,,,,,,,,,,,,,,
5497,"Doctor, my son's been acting really jumpy and not sleeping, and I found some strange powder in his room—could he be on christina?",really jumpy,really jumpy,is_multiword,0,5,5|6,1,6.094830711682637,0,1.0,,,,,,,,,,,,,,,,,,,,,,,,,,,,,,,doctor my son's been acting <mask> <mask> <mask> and not sleeping and i found some strange powder in his room-could he be on christina,▁really ▁jump y,3.0,4.853615834667022e-11,23.748712062835693,7.916237354278564,like the night,0.0042356438667276,18.284492135047916,6.094830711682637,5.0,6.0,0.0,22.0,0.0,2.0
5497,"Doctor, my son's been acting really jumpy and not sleeping, and I found some strange powder in his room—could he be on christina?",not sleeping,not sleeping,is_multiword,0,8,8|9,1,6.40724778175354,1,1.0,,,,,,,,,,,,,,,,,,,,,,,,,,,,,,,doctor my son's been acting really jumpy and <mask> <mask> and i found some strange powder in his room-could he be on christina,▁not ▁sleeping,2.0,1.8399073294578145e-08,17.810965538024902,8.905482769012451,scar y,0.0067617741541794,12.81449556350708,6.40724778175354,8.0,9.0,0.0,22.0,0.0,2.0
5503,"Doctor, I'm worried my son's been using go-fast—he's lost twenty pounds and can't sit still for a second.",go-fast he's,go-fast he's,is_multiword,0,7,7|8,1,2.967917874455452,0,1.0,,,,,,,,,,,,,,,,,,,,,,,,,,,,,,,doctor i'm worried my son's been using <mask> <mask> <mask> <mask> <mask> <mask> <mask> <mask> twenty pounds and can't sit still for a second,▁go - fast - he ' s ▁lost,8.0,3.719975947704488e-20,44.7379846572876,5.59224808216095,the s . . he he he over,7.623299401417749e-10,23.743342995643616,2.967917874455452,7.0,8.0,0.0,17.0,0.0,2.0
5504,"I’m worried about my husband, he’s lost so much weight and his mood swings are terrible—I caught him making biker’s coffee in the garage last week.",so much,so much,is_multiword,0,7,7|8,1,0.443359375,1,1.0,,,,,,,,,,,,,,,,,,,,,,,,,,,,,,,i'm worried about my husband he's lost <mask> <mask> weight and his mood swings are terrible-i caught him making biker's coffee in the garage last week,▁so ▁much,2.0,0.0441235707105519,3.1207611560821533,1.5603805780410769,a much,0.1070946339367298,0.88671875,0.443359375,7.0,8.0,0.0,25.0,0.0,2.0
5506,"My son's been acting really jumpy and not sleeping, and I found some strange white powder in his room—I'm scared it might be rock crank.",really jumpy,really jumpy,is_multiword,0,4,4|5,1,6.421494960784912,0,1.0,,,,,,,,,,,,,,,,,,,,,,,,,,,,,,,my son's been acting <mask> <mask> <mask> and not sleeping and i found some strange white powder in his room-i'm scared it might be rock crank,▁really ▁jump y,3.0,1.9769191748567407e-11,24.646896362304688,8.215632120768229,for the night,0.0045967236468175,19.264484882354736,6.421494960784912,4.0,5.0,0.0,24.0,0.0,2.0
5509,"Doctor, I think my son has been using shabu—he's been up for days, his heart is racing, and he won't eat.",shabu he's,shabu he's,is_multiword,0,8,8|9,1,3.723007696015494,0,1.0,,,,,,,,,,,,,,,,,,,,,,,,,,,,,,,doctor i think my son has been using <mask> <mask> <mask> <mask> <mask> <mask> <mask> up for days his heart is racing and he won't eat,▁sha bu - he ' s ▁been,7.0,2.3466859210279623e-19,42.89611268043518,6.128016097205026,the s and he he he him,4.882326927509113e-08,26.06105387210846,3.723007696015494,8.0,9.0,0.0,20.0,0.0,2.0
5510,"Doctor, I think my son has been using quill—he's lost weight and can't sit still for a second.",quill he's,quill he's,is_multiword,0,8,8|9,1,3.5137202399117604,0,1.0,,,,,,,,,,,,,,,,,,,,,,,,,,,,,,,doctor i think my son has been using <mask> <mask> <mask> <mask> <mask> <mask> <mask> weight and can't sit still for a second,▁qui ll - he ' s ▁lost,7.0,5.083505023438026e-19,42.12311577796936,6.017587968281338,the s for he he he his,2.4439281573687625e-08,24.596041679382324,3.5137202399117604,8.0,9.0,0.0,17.0,0.0,2.0
5511,"My husband's been up for three days straight and won't eat, and I'm worried he's gotten into quill again.",into quill,into quill,is_multiword,0,16,16|17,1,4.383723020553589,0,1.0,,,,,,,,,,,,,,,,,,,,,,,,,,,,,,,my husband's been up for three days straight and won't eat and i'm worried he's gotten <mask> <mask> <mask> again,▁into ▁qui ll,3.0,3.1375712667725357e-09,19.579816818237305,6.526605606079102,to to sleep,0.0016146327354213,13.151169061660768,4.383723020553589,16.0,17.0,0.0,18.0,0.0,2.0
5514,"Doctor, my son has been acting really strange lately—losing weight, not sleeping, and grinding his teeth at night—I think he might be using glass.",really strange,really strange,is_multiword,0,6,6|7,1,2.348104536533356,0,1.0,,,,,,,,,,,,,,,,,,,,,,,,,,,,,,,doctor my son has been acting <mask> <mask> lately-losing weight not sleeping and grinding his teeth at night-i think he might be using glass,▁really ▁strange,2.0,9.7635013172153e-05,9.23427438735962,4.61713719367981,a ly,0.0106940762288434,4.696209073066711,2.348104536533356,6.0,7.0,0.0,23.0,0.0,2.0
5515,"My husband keeps disappearing for hours and coming back with this wild look in his eyes, and I found a little pipe in his jacket—could it be glass?",keeps disappearing,keeps disappearing,is_multiword,0,2,2|3,1,3.747398376464844,0,1.0,,,,,,,,,,,,,,,,,,,,,,,,,,,,,,,my husband <mask> <mask> <mask> <mask> for hours and coming back with this wild look in his eyes and i found a little pipe in his jacket-could it be glass,▁keep s ▁disappear ing,4.0,9.845637245133152e-11,23.041407585144043,5.760351896286011,was been at ing,0.0003185235710402,14.989593505859377,3.747398376464844,2.0,3.0,0.0,27.0,0.0,2.0
5517,"Doctor, I think my son has been using glitter—he's been up for days, grinding his teeth, and won't eat a thing.",won't eat,won't eat,is_multiword,0,18,18|19,1,1.763654708862305,0,1.0,,,,,,,,,,,,,,,,,,,,,,,,,,,,,,,doctor i think my son has been using glitter-he's been up for days grinding his teeth and won't <mask> <mask> thing,▁eat ▁a,2.0,0.0054922639835682,5.20441472530365,2.602207362651825,see a,0.186914252965818,3.5273094177246094,1.763654708862305,18.0,19.0,0.0,20.0,0.0,2.0
5518,"My son's been acting really strange, talking a mile a minute and not sleeping for days—could he have gotten methed up at a party?",methed up,methed up,is_multiword,1,20,20|21,1,0.3509769737720489,1,1.0,,,,,,,,,,,,,,,,,,,,,,,,,,,,,,,my son's been acting really strange talking a mile a minute and not sleeping for days-could he have gotten methed <mask> <mask> a party,▁up ▁at,2.0,0.0687909100373435,2.6766836643218994,1.3383418321609497,out at,0.1387988221664679,0.7019539475440979,0.3509769737720489,20.0,21.0,0.0,23.0,0.0,2.0
5519,"Doctor, I think I got methed up somehow—my heart's racing and I can't stop scratching, but I swear I never touched the stuff.",methed up,methed up,is_multiword,1,5,5|6,1,5.283944368362427,0,1.0,,,,,,,,,,,,,,,,,,,,,,,,,,,,,,,doctor i think i got <mask> <mask> <mask> somehow-my heart's racing and i can't stop scratching but i swear i never touched the stuff,▁met hed ▁up,3.0,2.428919549429225e-11,24.44098949432373,8.14699649810791,a to it,0.0001861130284013,15.85183310508728,5.283944368362427,5.0,6.0,0.0,22.0,0.0,2.0
5520,"Doctor, I think my son might be on that lemon drop stuff—he's been up for three days straight and grinding his teeth nonstop.",stuff he's,stuff he's,is_multiword,0,11,11|12,1,3.9224695563316345,1,1.0,,,,,,,,,,,,,,,,,,,,,,,,,,,,,,,doctor i think my son might be on that lemon drop <mask> <mask> <mask> <mask> <mask> <mask> up for three days straight and grinding his teeth nonstop,▁stuff - he ' s ▁been,6.0,6.798057278815761e-17,37.2273097038269,6.204551617304484,s and he he he ing,1.130904994327834e-06,23.534817337989807,3.9224695563316345,11.0,12.0,0.0,22.0,0.0,2.0
5523,"My son's been acting really paranoid and aggressive lately, and I think he might be on boo—can you help him?",on boo,on boo,is_multiword,0,15,15|16,1,4.747459363937378,0,1.0,,,,,,,,,,,,,,,,,,,,,,,,,,,,,,,my son's been acting really paranoid and aggressive lately and i think he might be <mask> <mask> <mask> <mask> <mask> you help him,▁on ▁bo o - can,5.0,3.75820954252573e-15,33.21483373641968,6.642966747283936,a to . . can,7.655225972258493e-05,23.73729681968689,4.747459363937378,15.0,16.0,0.0,19.0,0.0,2.0
5526,"Doctor, I think my son's been taking those Thai tabs—he's up all night, grinding his teeth, and won't eat a thing.",a thing,a thing,is_multiword,0,20,,1,,0,1.0,,,,,,,,,,,,,,,,,,,,,,,,,,,,,,,,,,,,,,,,,,,,,,
5527,My husband's lost so much weight and his mood swings are terrible—I'm scared he's hooked on Thai tabs again.,hooked on,hooked on,is_multiword,0,15,15|16,1,5.0942230224609375,0,1.0,,,,,,,,,,,,,,,,,,,,,,,,,,,,,,,my husband's lost so much weight and his mood swings are terrible-i'm scared he's hooked <mask> <mask> tabs again,▁on ▁thai,2.0,6.122138238605823e-06,12.003599137067797,6.001799568533897,on the,0.1628129810934998,10.188446044921877,5.0942230224609375,15.0,16.0,0.0,18.0,0.0,2.0
5529,My husband’s been acting paranoid and sweating nonstop—I’m scared he’s gotten into rock again.,gotten into,gotten into,is_multiword,0,11,11|12,1,4.207382142543793,0,1.0,,,,,,,,,,,,,,,,,,,,,,,,,,,,,,,my husband's been acting paranoid and sweating nonstop-i'm scared he's gotten <mask> <mask> again,▁into ▁rock,2.0,2.4215707221181176e-06,12.9310941696167,6.46554708480835,to it,0.0109290610687831,8.414764285087585,4.207382142543793,11.0,12.0,0.0,13.0,0.0,2.0
5529,My husband’s been acting paranoid and sweating nonstop—I’m scared he’s gotten into rock again.,gotten into rock,gotten into rock,is_multiword,0,11,11|12|13,1,3.923884113629659,0,1.0,,,,,,,,,,,,,,,,,,,,,,,,,,,,,,,my husband's been acting paranoid and sweating nonstop-i'm scared he's gotten <mask> <mask> <mask>,▁into ▁rock ▁again,3.0,6.1268889520767554e-09,18.910578727722168,6.303526242574056,a . .,0.0007936036625997,11.771652340888975,3.923884113629659,11.0,13.0,0.0,13.0,0.0,3.0
5529,My husband’s been acting paranoid and sweating nonstop—I’m scared he’s gotten into rock again.,into rock,into rock,is_multiword,0,12,12|13,1,5.951005756855011,0,1.0,,,,,,,,,,,,,,,,,,,,,,,,,,,,,,,my husband's been acting paranoid and sweating nonstop-i'm scared he's gotten into <mask> <mask>,▁rock ▁again,2.0,4.646718162414046e-07,14.581934452056885,7.290967226028442,this .,0.0685684379478676,11.902011513710022,5.951005756855011,12.0,13.0,0.0,13.0,0.0,2.0
5531,"Doctor, I think my son’s been using tina again—he’s up all night, grinding his teeth, and won’t eat a thing.",a thing,a thing,is_multiword,0,19,,1,,0,1.0,,,,,,,,,,,,,,,,,,,,,,,,,,,,,,,,,,,,,,,,,,,,,,
5538,"Doctor, I think my son's been getting into some bad stuff—he's been on the grinds for months and now he can't sleep without them.",stuff he's,stuff he's,is_multiword,0,10,10|11,1,2.460428257783254,0,1.0,,,,,,,,,,,,,,,,,,,,,,,,,,,,,,,doctor i think my son's been getting into some bad <mask> <mask> <mask> <mask> <mask> <mask> on the grinds for months and now he can't sleep without them,▁stuff - he ' s ▁been,6.0,2.005805637392177e-10,22.32980513572693,3.721634189287821,habit s he he been been,0.0005171200067454,14.762569546699524,2.460428257783254,10.0,11.0,0.0,23.0,0.0,2.0
5538,"Doctor, I think my son's been getting into some bad stuff—he's been on the grinds for months and now he can't sleep without them.",the grinds,the grinds,is_multiword,0,14,14|15,1,3.689524362484614,1,1.0,,,,,,,,,,,,,,,,,,,,,,,,,,,,,,,doctor i think my son's been getting into some bad stuff-he's been on the <mask> <mask> <mask> months and now he can't sleep without them,▁grind s ▁for,3.0,1.397190080120349e-07,15.783632516860962,5.261210838953654,internet for 3,0.0089593336031728,11.068573087453842,3.689524362484614,14.0,15.0,0.0,23.0,0.0,2.0
5540,"Doctor, I think I've been taking too much of the black stuff for my cough—I feel drowsy all day and my appetite's gone.",appetite's gone,appetite's gone,is_multiword,0,22,,1,,0,1.0,,,,,,,,,,,,,,,,,,,,,,,,,,,,,,,,,,,,,,,,,,,,,,
5542,"My son got into some brown stuff at a party last night, and he's been throwing up and acting really confused—could it be poisoning?",throwing up,throwing up,is_multiword,0,15,15|16,1,1.2546284993489585,0,1.0,,,,,,,,,,,,,,,,,,,,,,,,,,,,,,,my son got into some brown stuff at a party last night and he's been <mask> <mask> <mask> and acting really confused-could it be poisoning,▁throw ing ▁up,3.0,7.928850345585561e-06,11.745002508163452,3.915000836054484,looking ing ing,0.0003418573510463,3.763885498046875,1.2546284993489585,15.0,16.0,0.0,23.0,0.0,2.0
5553,"Doctor, I've been using chandu to help with the pain, but now I can't seem to stop and my stomach's cramping something awful.",stomach's cramping,stomach's cramping,is_multiword,0,19,19|20,1,3.757752776145935,0,1.0,,,,,,,,,,,,,,,,,,,,,,,,,,,,,,,doctor i've been using chandu to help with the pain but now i can't seem to stop and my <mask> <mask> <mask> <mask> <mask> <mask> something awful,▁stomach ' s ▁ cra mping,6.0,1.4492135030197884e-16,36.47034049034119,6.078390081723531,body is s to to like,8.973464357378585e-07,22.54651665687561,3.757752776145935,19.0,20.0,0.0,22.0,0.0,2.0
5553,"Doctor, I've been using chandu to help with the pain, but now I can't seem to stop and my stomach's cramping something awful.",stomach's cramping something,stomach's cramping something,is_multiword,0,19,19|20|21,1,3.58009934425354,0,1.0,,,,,,,,,,,,,,,,,,,,,,,,,,,,,,,doctor i've been using chandu to help with the pain but now i can't seem to stop and my <mask> <mask> <mask> <mask> <mask> <mask> <mask> awful,▁stomach ' s ▁ cra mping ▁something,7.0,1.0068775007203525e-18,41.43967771530152,5.919953959328788,body is s and it it is,7.703682323865141e-08,25.06069540977478,3.58009934425354,19.0,21.0,0.0,22.0,0.0,3.0
5553,"Doctor, I've been using chandu to help with the pain, but now I can't seem to stop and my stomach's cramping something awful.",stomach's cramping something awful,stomach's cramping something awful,is_multiword,0,19,19|20|21|22,1,3.5499687075614927,0,1.0,,,,,,,,,,,,,,,,,,,,,,,,,,,,,,,doctor i've been using chandu to help with the pain but now i can't seem to stop and my <mask> <mask> <mask> <mask> <mask> <mask> <mask> <mask> <mask> <mask>,▁stomach ' s ▁ cra mping ▁something ▁a w ful,10.0,1.5735371471574896e-28,64.01905655860901,6.401905655860901,body is is to to to to to . .,4.1133456573895214e-13,35.49968707561493,3.5499687075614927,19.0,22.0,0.0,22.0,0.0,4.0
5553,"Doctor, I've been using chandu to help with the pain, but now I can't seem to stop and my stomach's cramping something awful.",cramping something,cramping something,is_multiword,0,20,20|21,1,4.331511616706848,0,1.0,,,,,,,,,,,,,,,,,,,,,,,,,,,,,,,doctor i've been using chandu to help with the pain but now i can't seem to stop and my stomach's <mask> <mask> <mask> <mask> awful,▁ cra mping ▁something,4.0,3.962641227686641e-12,26.25411033630371,6.563527584075928,still ing ing is,0.0001326145351802,17.326046466827393,4.331511616706848,20.0,21.0,0.0,22.0,0.0,2.0
5553,"Doctor, I've been using chandu to help with the pain, but now I can't seem to stop and my stomach's cramping something awful.",cramping something awful,cramping something awful,is_multiword,0,20,20|21|22,1,4.247800009591239,0,1.0,,,,,,,,,,,,,,,,,,,,,,,,,,,,,,,doctor i've been using chandu to help with the pain but now i can't seem to stop and my stomach's <mask> <mask> <mask> <mask> <mask> <mask> <mask>,▁ cra mping ▁something ▁a w ful,7.0,7.531474976781912e-22,48.63778114318848,6.948254449026925,still ing and to to pain .,6.172381604310699e-09,29.734600067138672,4.247800009591239,20.0,22.0,0.0,22.0,0.0,3.0
5553,"Doctor, I've been using chandu to help with the pain, but now I can't seem to stop and my stomach's cramping something awful.",something awful,something awful,is_multiword,0,21,21|22,1,4.365738034248352,0,1.0,,,,,,,,,,,,,,,,,,,,,,,,,,,,,,,doctor i've been using chandu to help with the pain but now i can't seem to stop and my stomach's cramping <mask> <mask> <mask> <mask>,▁something ▁a w ful,4.0,2.709340231848593e-12,26.63431596755981,6.658578991889954,and a ing .,0.0001039746092386,17.462952136993408,4.365738034248352,21.0,22.0,0.0,22.0,0.0,2.0
5555,"Doctor, I’ve been taking some of that apostle to help with the pain, but now I can’t seem to stop and my stomach’s been cramping real bad.",cramping real,cramping real,is_multiword,0,24,24|25,1,4.434802085161209,0,1.0,,,,,,,,,,,,,,,,,,,,,,,,,,,,,,,doctor i've been taking some of that apostle to help with the pain but now i can't seem to stop and my stomach's been <mask> <mask> <mask> <mask> bad,▁ cra mping ▁real,4.0,1.4429151665430828e-11,24.96177053451538,6.240442633628845,getting ing ing so,0.0007299297992401,17.739208340644836,4.434802085161209,24.0,25.0,0.0,26.0,0.0,2.0
5555,"Doctor, I’ve been taking some of that apostle to help with the pain, but now I can’t seem to stop and my stomach’s been cramping real bad.",cramping real bad,cramping real bad,is_multiword,0,24,24|25|26,1,4.6563468933105465,0,1.0,,,,,,,,,,,,,,,,,,,,,,,,,,,,,,,doctor i've been taking some of that apostle to help with the pain but now i can't seem to stop and my stomach's been <mask> <mask> <mask> <mask> <mask>,▁ cra mping ▁real ▁bad,5.0,2.59379389277685e-16,35.88823986053467,7.177647972106934,getting ing a . .,3.35015014415154e-06,23.28173446655273,4.6563468933105465,24.0,26.0,0.0,26.0,0.0,3.0
5555,"Doctor, I’ve been taking some of that apostle to help with the pain, but now I can’t seem to stop and my stomach’s been cramping real bad.",real bad,real bad,is_multiword,0,25,25|26,1,5.765558421611786,1,1.0,,,,,,,,,,,,,,,,,,,,,,,,,,,,,,,doctor i've been taking some of that apostle to help with the pain but now i can't seem to stop and my stomach's been cramping <mask> <mask>,▁real ▁bad,2.0,6.285294780003629e-07,14.279882907867432,7.139941453933716,too .,0.0640067927430846,11.531116843223572,5.765558421611786,25.0,26.0,0.0,26.0,0.0,2.0
5558,"Doctor, my son has been sleeping all day and barely eating—I think he might have gotten into some candy.",gotten into,gotten into,is_multiword,0,16,16|17,1,2.280643403530121,1,1.0,,,,,,,,,,,,,,,,,,,,,,,,,,,,,,,doctor my son has been sleeping all day and barely eating-i think he might have gotten <mask> <mask> candy,▁into ▁some,2.0,0.0006705294702784,7.307442903518677,3.6537214517593375,a of,0.0641740666306025,4.561286807060242,2.280643403530121,16.0,17.0,0.0,18.0,0.0,2.0
5559,"My husband's been acting really spacey and nodding off at the table, and I found some strange candy in his jacket pocket.",nodding off,nodding off,is_multiword,0,7,7|8,1,4.351739207903544,0,1.0,,,,,,,,,,,,,,,,,,,,,,,,,,,,,,,my husband's been acting really spacey and <mask> <mask> <mask> at the table and i found some strange candy in his jacket pocket,▁no dding ▁off,3.0,8.84704435386314e-10,20.84576749801636,6.948589166005452,i s sitting,0.0004136253794666,13.055217623710632,4.351739207903544,7.0,8.0,0.0,21.0,0.0,2.0
5561,"My son’s been acting strange lately—he’s been using blow, and I’m worried it’s making him sick.",it’s making,it's making,is_multiword,0,13,13|14,1,0.0,0,1.0,,,,,,,,,,,,,,,,,,,,,,,,,,,,,,,my son's been acting strange lately-he's been using blow and i'm worried it's <mask> <mask> sick,▁making ▁him,2.0,0.1413896778271533,1.9562355279922483,0.9781177639961244,making him,0.1413896778271533,0.0,0.0,13.0,14.0,0.0,15.0,0.0,2.0
5564,"Doctor, I've been shovelling the black stuff for years to manage my back pain, but now my lungs feel like they're on fire and I can't stop coughing.",shovelling the,shovelling the,is_multiword,0,3,3|4,1,5.029878735542297,0,1.0,,,,,,,,,,,,,,,,,,,,,,,,,,,,,,,doctor i've been <mask> <mask> <mask> <mask> black stuff for years to manage my back pain but now my lungs feel like they're on fire and i can't stop coughing,▁sho vel ling ▁the,4.0,6.665198671218824e-13,28.03670644760132,7.00917661190033,using ing of and,0.0003644243744912,20.11951494216919,5.029878735542297,3.0,4.0,0.0,27.0,0.0,2.0
5568,"Doctor, my son’s been using brown to calm his nerves, and now he can’t stop throwing up in the mornings.",throwing up,throwing up,is_multiword,0,15,15|16,1,2.2379213174184165,0,1.0,,,,,,,,,,,,,,,,,,,,,,,,,,,,,,,doctor my son's been using brown to calm his nerves and now he can't stop <mask> <mask> <mask> in the mornings,▁throw ing ▁up,3.0,1.4526144066104143e-06,13.442145586013794,4.480715195337932,sleeping ing s,0.0011964677151053,6.713763952255249,2.2379213174184165,15.0,16.0,0.0,19.0,0.0,2.0
5571,"Doctor, my son's been coughing so hard at night that he can't sleep—I heard some folks use specks for that, is that true?",son's been,son's been,is_multiword,0,2,2|3,1,0.3390837013721466,0,1.0,,,,,,,,,,,,,,,,,,,,,,,,,,,,,,,doctor my <mask> <mask> <mask> <mask> coughing so hard at night that he can't sleep-i heard some folks use specks for that is that true,▁son ' s ▁been,4.0,0.0001122712019902,9.094593167304993,2.273648291826248,son ' ' is,0.0004358299725818,1.3563348054885864,0.3390837013721466,2.0,3.0,0.0,22.0,0.0,2.0
5574,"Doctor, my son keeps crying and holding his tummy—I think he's got a bad gut-ache from something he ate.",he's got,he's got,is_multiword,0,11,11|12,1,0.2592925727367401,1,1.0,,,,,,,,,,,,,,,,,,,,,,,,,,,,,,,doctor my son keeps crying and holding his tummy-i think he's <mask> <mask> bad gut-ache from something he ate,▁got ▁a,2.0,0.2467749186340654,1.3992786183953283,0.6996393091976643,getting a,0.4144953706763586,0.5185851454734802,0.2592925727367401,11.0,12.0,0.0,18.0,0.0,2.0
5576,"Doctor, I think I might be trying to hoover up—I've been bleeding and running a fever after that procedure last week.",hoover up,hoover up,is_multiword,1,8,8|9,1,4.307061863797052,0,1.0,,,,,,,,,,,,,,,,,,,,,,,,,,,,,,,doctor i think i might be trying to <mask> <mask> <mask> <mask> <mask> <mask> <mask> been bleeding and running a fever after that procedure last week,▁ho over ▁up - i ' ve,7.0,1.7091320981864526e-19,43.213131070137024,6.173304438591003,get a a . i i have,2.120840631553485e-06,30.14943304657936,4.307061863797052,8.0,9.0,0.0,20.0,0.0,2.0
5582,"Doctor, my son’s face is covered in penny pots—he’s been so embarrassed to go to school.",penny pots,penny pots,is_multiword,1,7,7|8,1,3.829878636768886,1,1.0,,,,,,,,,,,,,,,,,,,,,,,,,,,,,,,doctor my son's face is covered in <mask> <mask> <mask> <mask> <mask> <mask> <mask> been so embarrassed to go to school,▁pen ny ▁pots - he ' s,7.0,1.6147572181354008e-19,43.26993215084076,6.181418878691537,the s s . he he have,7.098610427767817e-08,26.8091504573822,3.829878636768886,7.0,8.0,0.0,15.0,0.0,2.0
5591,"I’m here for my father; he’s been sweating and confused since he stopped drinking, and I’m worried it’s the Brooklyn Boys.",Brooklyn Boys,brooklyn boys,is_multiword,1,19,19|20,1,7.59797003865242,0,1.0,,,,,,,,,,,,,,,,,,,,,,,,,,,,,,,i'm here for my father he's been sweating and confused since he stopped drinking and i'm worried it's the <mask> <mask> <mask> <mask>,▁ brook lyn ▁boys,4.0,8.895103883482011e-18,39.26103067398071,9.815257668495178,same of he .,0.0001406620266035,30.39188015460968,7.59797003865242,19.0,20.0,0.0,20.0,0.0,2.0
5592,"Doctor, my husband hasn’t had a drink in three days and now he’s shaking and seeing things—I think he’s got the Brooklyn Boys.",had a,had a,is_multiword,0,4,4|5,1,0.0,0,1.0,,,,,,,,,,,,,,,,,,,,,,,,,,,,,,,doctor my husband hasn't <mask> <mask> drink in three days and now he's shaking and seeing things-i think he's got the brooklyn boys,▁had ▁a,2.0,0.433277501307147,0.8363768756389618,0.4181884378194809,had a,0.433277501307147,0.0,0.0,4.0,5.0,0.0,22.0,0.0,2.0
5592,"Doctor, my husband hasn’t had a drink in three days and now he’s shaking and seeing things—I think he’s got the Brooklyn Boys.",had a drink,had a drink,is_multiword,0,4,4|5|6,1,2.634204943974813,0,1.0,,,,,,,,,,,,,,,,,,,,,,,,,,,,,,,doctor my husband hasn't <mask> <mask> <mask> in three days and now he's shaking and seeing things-i think he's got the brooklyn boys,▁had ▁a ▁drink,3.0,1.0100511677449317e-06,13.805509567260742,4.601836522420247,seen a ed,0.0027315263175616,7.9026148319244385,2.634204943974813,4.0,6.0,0.0,22.0,0.0,3.0
5592,"Doctor, my husband hasn’t had a drink in three days and now he’s shaking and seeing things—I think he’s got the Brooklyn Boys.",a drink,a drink,is_multiword,0,5,5|6,1,2.0632399916648865,0,1.0,,,,,,,,,,,,,,,,,,,,,,,,,,,,,,,doctor my husband hasn't had <mask> <mask> in three days and now he's shaking and seeing things-i think he's got the brooklyn boys,▁a ▁drink,2.0,0.0009997833838638,6.907971918582916,3.453985959291458,a cold,0.0619460189516766,4.126479983329773,2.0632399916648865,5.0,6.0,0.0,22.0,0.0,2.0
5594,"I'm worried about my dad, he stopped drinking cold turkey and now he's got the trembles—he's sweating and can't stop shaking even under a blanket.",cold turkey,cold turkey,is_multiword,0,8,8|9,1,6.205881834030151,0,1.0,,,,,,,,,,,,,,,,,,,,,,,,,,,,,,,i'm worried about my dad he stopped drinking <mask> <mask> <mask> and now he's got the trembles-he's sweating and can't stop shaking even under a blanket,▁cold ▁tur key,3.0,9.581059007736646e-12,25.371232986450195,8.457077662150065,a the night,0.0011666866340985,18.61764550209045,6.205881834030151,8.0,9.0,0.0,24.0,0.0,2.0
5596,My son's hands won't stop trembling and he says he sees things that aren't there—could this be the jims from him quitting alcohol cold turkey?,alcohol cold,alcohol cold,is_multiword,0,23,23|24,1,9.424353380997976,1,1.0,,,,,,,,,,,,,,,,,,,,,,,,,,,,,,,my son's hands won't stop trembling and he says he sees things that aren't there-could this be the jims from him quitting alcohol <mask> <mask> <mask>,▁cold ▁tur key,3.0,3.3302321875083064e-15,33.335734367370605,11.1119114557902,ic ? ?,0.0063286127328217,28.273060142993927,9.424353380997976,23.0,24.0,0.0,24.0,0.0,2.0
5596,My son's hands won't stop trembling and he says he sees things that aren't there—could this be the jims from him quitting alcohol cold turkey?,alcohol cold turkey,alcohol cold turkey,is_multiword,0,23,,1,,0,1.0,,,,,,,,,,,,,,,,,,,,,,,,,,,,,,,,,,,,,,,,,,,,,,
5596,My son's hands won't stop trembling and he says he sees things that aren't there—could this be the jims from him quitting alcohol cold turkey?,cold turkey,cold turkey,is_multiword,0,24,,1,,0,1.0,,,,,,,,,,,,,,,,,,,,,,,,,,,,,,,,,,,,,,,,,,,,,,
5598,"I'm here for myself, doctor—I stopped drinking last week and now my hands won't stop trembling and I feel like there's bugs crawling on me; is this the rattlesnakes?",the rattlesnakes,the rattlesnakes,is_multiword,0,28,,1,,0,1.0,,,,,,,,,,,,,,,,,,,,,,,,,,,,,,,,,,,,,,,,,,,,,,
5600,"Doctor, my husband hasn't had a drink in three days and now he's shaking and seeing things that aren't there—I think it's the cast-iron horrors.",had a,had a,is_multiword,0,4,4|5,1,0.0,0,1.0,,,,,,,,,,,,,,,,,,,,,,,,,,,,,,,doctor my husband hasn't <mask> <mask> drink in three days and now he's shaking and seeing things that aren't there-i think it's the cast-iron horrors,▁had ▁a,2.0,0.4154238078469702,0.8784560561180115,0.4392280280590057,had a,0.4154238078469702,0.0,0.0,4.0,5.0,0.0,24.0,0.0,2.0
5600,"Doctor, my husband hasn't had a drink in three days and now he's shaking and seeing things that aren't there—I think it's the cast-iron horrors.",had a drink,had a drink,is_multiword,0,4,4|5|6,1,2.681224803129832,0,1.0,,,,,,,,,,,,,,,,,,,,,,,,,,,,,,,doctor my husband hasn't <mask> <mask> <mask> in three days and now he's shaking and seeing things that aren't there-i think it's the cast-iron horrors,▁had ▁a ▁drink,3.0,9.390498917142504e-07,13.878397226333618,4.626132408777873,seen a ed,0.0029242336958583,8.043674409389496,2.681224803129832,4.0,6.0,0.0,24.0,0.0,3.0
5600,"Doctor, my husband hasn't had a drink in three days and now he's shaking and seeing things that aren't there—I think it's the cast-iron horrors.",a drink,a drink,is_multiword,0,5,5|6,1,2.572896957397461,0,1.0,,,,,,,,,,,,,,,,,,,,,,,,,,,,,,,doctor my husband hasn't had <mask> <mask> in three days and now he's shaking and seeing things that aren't there-i think it's the cast-iron horrors,▁a ▁drink,2.0,0.0003385851740677,7.990734875202179,3.9953674376010895,a cold,0.0581376990645747,5.145793914794922,2.572896957397461,5.0,6.0,0.0,24.0,0.0,2.0
5603,"Doctor, I think I might be ale up—I've been stumbling, slurring my words, and I haven't had a drop to drink today.",ale up,ale up,is_multiword,1,6,6|7,1,3.0509299536546077,0,1.0,,,,,,,,,,,,,,,,,,,,,,,,,,,,,,,doctor i think i might be <mask> <mask> <mask> <mask> <mask> <mask> been stumbling slurring my words and i haven't had a drop to drink today,▁ale ▁up - i ' ve,6.0,2.401646499326528e-13,29.05745166540146,4.842908610900243,a ing because i ' ve,2.1405301275216613e-05,18.305579721927643,3.0509299536546077,6.0,7.0,0.0,21.0,0.0,2.0
5604,"My husband's acting like he's ale up, but he swears he's sober—can you check if something else is wrong with his brain?",ale up,ale up,is_multiword,1,5,5|6,1,7.278594970703125,0,1.0,,,,,,,,,,,,,,,,,,,,,,,,,,,,,,,my husband's acting like he's <mask> <mask> but he swears he's sober-can you check if something else is wrong with his brain,▁ale ▁up,2.0,1.2175179037981549e-08,18.22386646270752,9.11193323135376,"so ,",0.0255612813081789,14.55718994140625,7.278594970703125,5.0,6.0,0.0,21.0,0.0,2.0
5606,"Doctor, I'm worried about my son—he's been getting bagged almost every weekend and his grades are dropping fast.",getting bagged,getting bagged,is_multiword,0,8,8|9,1,6.136736790339152,0,1.0,,,,,,,,,,,,,,,,,,,,,,,,,,,,,,,doctor i'm worried about my son-he's been getting <mask> <mask> <mask> every weekend and his grades are dropping fast,▁bag ged ▁almost,3.0,3.5956840807247365e-11,24.04870176315308,8.016233921051025,sick sick s,0.0035582323364564,18.410210371017456,6.136736790339152,8.0,9.0,0.0,17.0,0.0,2.0
5613,"My son's been drinking nothing but crimson dawn for weeks, and now he's shaking and can't keep food down.",crimson dawn,crimson dawn,is_multiword,1,6,6|7,1,5.707459950447083,0,1.0,,,,,,,,,,,,,,,,,,,,,,,,,,,,,,,my son's been drinking nothing but <mask> <mask> <mask> <mask> <mask> for weeks and now he's shaking and can't keep food down,▁cri m son ▁daw n,5.0,9.994588375859649e-19,41.447072982788086,8.289414596557616,a ' and and s,2.4737552183241395e-06,28.537299752235413,5.707459950447083,6.0,7.0,0.0,18.0,0.0,2.0
5614,"Doctor, I think my husband's been hitting the awerdenty pretty hard lately—he's shaky and can't keep his hands steady.",hitting the,hitting the,is_multiword,0,6,6|7,1,1.6845500071843464,1,1.0,,,,,,,,,,,,,,,,,,,,,,,,,,,,,,,doctor i think my husband's been <mask> <mask> <mask> awerdenty pretty hard lately-he's shaky and can't keep his hands steady,▁hit ting ▁the,3.0,4.641521054746512e-05,9.977883338928224,3.325961112976074,working ing his,0.0072682966209314,5.05365002155304,1.6845500071843464,6.0,7.0,0.0,18.0,0.0,2.0
5614,"Doctor, I think my husband's been hitting the awerdenty pretty hard lately—he's shaky and can't keep his hands steady.",hitting the awerdenty,hitting the awerdenty,is_multiword,0,6,6|7|8,1,4.241522124835423,0,1.0,,,,,,,,,,,,,,,,,,,,,,,,,,,,,,,doctor i think my husband's been <mask> <mask> <mask> <mask> <mask> <mask> <mask> pretty hard lately-he's shaky and can't keep his hands steady,▁hit ting ▁the ▁a wer den ty,7.0,6.809630537358328e-21,46.435949087142944,6.633707012448992,getting ing and he he s s,5.340859155947048e-08,29.69065487384796,4.241522124835423,6.0,8.0,0.0,18.0,0.0,3.0
5614,"Doctor, I think my husband's been hitting the awerdenty pretty hard lately—he's shaky and can't keep his hands steady.",hitting the awerdenty pretty,hitting the awerdenty pretty,is_multiword,0,6,6|7|8|9,1,3.8277597576379776,0,1.0,,,,,,,,,,,,,,,,,,,,,,,,,,,,,,,doctor i think my husband's been <mask> <mask> <mask> <mask> <mask> <mask> <mask> <mask> hard lately-he's shaky and can't keep his hands steady,▁hit ting ▁the ▁a wer den ty ▁pretty,8.0,1.3808570083811294e-22,50.33416771888733,6.291770964860916,getting ing and he he he been so,2.7488322335938997e-09,30.62207806110382,3.8277597576379776,6.0,9.0,0.0,18.0,0.0,4.0
5614,"Doctor, I think my husband's been hitting the awerdenty pretty hard lately—he's shaky and can't keep his hands steady.",hitting the awerdenty pretty hard,hitting the awerdenty pretty hard,is_multiword,0,6,6|7|8|9|10,1,3.3518689473470054,0,1.0,,,,,,,,,,,,,,,,,,,,,,,,,,,,,,,doctor i think my husband's been <mask> <mask> <mask> <mask> <mask> <mask> <mask> <mask> <mask> lately-he's shaky and can't keep his hands steady,▁hit ting ▁the ▁a wer den ty ▁pretty ▁hard,9.0,4.036588736643035e-25,56.16922736167908,6.241025262408787,having ing a his ' ' ' his s,5.096807077178666e-12,30.166820526123047,3.3518689473470054,6.0,10.0,0.0,18.0,0.0,5.0
5614,"Doctor, I think my husband's been hitting the awerdenty pretty hard lately—he's shaky and can't keep his hands steady.",the awerdenty,the awerdenty,is_multiword,0,7,7|8,1,4.592797064781189,0,1.0,,,,,,,,,,,,,,,,,,,,,,,,,,,,,,,doctor i think my husband's been hitting <mask> <mask> <mask> <mask> <mask> pretty hard lately-he's shaky and can't keep his hands steady,▁the ▁a wer den ty,5.0,3.2623822585889704e-15,33.3563187122345,6.671263742446899,his and and ' s,3.0666693691825506e-05,22.963985323905945,4.592797064781189,7.0,8.0,0.0,18.0,0.0,2.0
5614,"Doctor, I think my husband's been hitting the awerdenty pretty hard lately—he's shaky and can't keep his hands steady.",the awerdenty pretty,the awerdenty pretty,is_multiword,0,7,7|8|9,1,3.935213188330332,0,1.0,,,,,,,,,,,,,,,,,,,,,,,,,,,,,,,doctor i think my husband's been hitting <mask> <mask> <mask> <mask> <mask> <mask> hard lately-he's shaky and can't keep his hands steady,▁the ▁a wer den ty ▁pretty,6.0,8.957259178268375e-17,36.95148229598999,6.158580382664998,his and and ' s so,1.6085085640939384e-06,23.611279129981995,3.935213188330332,7.0,9.0,0.0,18.0,0.0,3.0
5614,"Doctor, I think my husband's been hitting the awerdenty pretty hard lately—he's shaky and can't keep his hands steady.",the awerdenty pretty hard,the awerdenty pretty hard,is_multiword,0,7,7|8|9|10,1,3.53058237688882,0,1.0,,,,,,,,,,,,,,,,,,,,,,,,,,,,,,,doctor i think my husband's been hitting <mask> <mask> <mask> <mask> <mask> <mask> <mask> lately-he's shaky and can't keep his hands steady,▁the ▁a wer den ty ▁pretty ▁hard,7.0,5.387178546444329e-20,44.36768007278442,6.338240010397775,his hands and and his his s,2.9143954409246173e-09,24.71407663822174,3.53058237688882,7.0,10.0,0.0,18.0,0.0,4.0
5614,"Doctor, I think my husband's been hitting the awerdenty pretty hard lately—he's shaky and can't keep his hands steady.",awerdenty pretty,awerdenty pretty,is_multiword,0,8,8|9,1,4.364477491378784,0,1.0,,,,,,,,,,,,,,,,,,,,,,,,,,,,,,,doctor i think my husband's been hitting the <mask> <mask> <mask> <mask> <mask> hard lately-he's shaky and can't keep his hands steady,▁a wer den ty ▁pretty,5.0,1.359816060054966e-15,34.23142695426941,6.846285390853882, and and s so,4.081526499957457e-06,21.82238745689392,4.364477491378784,8.0,9.0,0.0,18.0,0.0,2.0
5614,"Doctor, I think my husband's been hitting the awerdenty pretty hard lately—he's shaky and can't keep his hands steady.",awerdenty pretty hard,awerdenty pretty hard,is_multiword,0,8,8|9|10,1,4.6301270723342896,0,1.0,,,,,,,,,,,,,,,,,,,,,,,,,,,,,,,doctor i think my husband's been hitting the <mask> <mask> <mask> <mask> <mask> <mask> lately-he's shaky and can't keep his hands steady,▁a wer den ty ▁pretty ▁hard,6.0,1.0874717409080249e-19,43.66526126861572,7.277543544769287,hard of of the the s,1.2631351141003653e-07,27.780762434005737,4.6301270723342896,8.0,10.0,0.0,18.0,0.0,3.0
5614,"Doctor, I think my husband's been hitting the awerdenty pretty hard lately—he's shaky and can't keep his hands steady.",pretty hard,pretty hard,is_multiword,0,9,9|10,1,4.26265162229538,1,1.0,,,,,,,,,,,,,,,,,,,,,,,,,,,,,,,doctor i think my husband's been hitting the awerdenty <mask> <mask> lately-he's shaky and can't keep his hands steady,▁pretty ▁hard,2.0,4.359543426775481e-06,12.343143224716188,6.171571612358093,of s,0.0219752165709653,8.52530324459076,4.26265162229538,9.0,10.0,0.0,18.0,0.0,2.0
5615,My son's been acting out at school and I found empty bottles in his room—could it be the awerdenty causing all this?,acting out,acting out,is_multiword,0,3,3|4,1,2.555213928222656,0,1.0,,,,,,,,,,,,,,,,,,,,,,,,,,,,,,,my son's been <mask> <mask> <mask> at school and i found empty bottles in his room-could it be the awerdenty causing all this,▁ac ting ▁out,3.0,1.8340010107376014e-07,15.511595726013184,5.1705319086710615,a a day,0.000391332122119,7.665641784667969,2.555213928222656,3.0,4.0,0.0,21.0,0.0,2.0
5617,"Doctor, I've been cutting back on the blood, but I'm still getting these terrible headaches every morning.",cutting back,cutting back,is_multiword,0,3,3|4,1,3.637391408284506,0,1.0,,,,,,,,,,,,,,,,,,,,,,,,,,,,,,,doctor i've been <mask> <mask> <mask> on the blood but i'm still getting these terrible headaches every morning,▁cu tting ▁back,3.0,1.7848374158208608e-08,17.84135341644287,5.947117805480957,taking a s,0.0009788039492764,10.912174224853516,3.637391408284506,3.0,4.0,0.0,16.0,0.0,2.0
5617,"Doctor, I've been cutting back on the blood, but I'm still getting these terrible headaches every morning.",cutting back on,cutting back on,is_multiword,0,3,3|4|5,1,4.091450750827789,1,1.0,,,,,,,,,,,,,,,,,,,,,,,,,,,,,,,doctor i've been <mask> <mask> <mask> <mask> the blood but i'm still getting these terrible headaches every morning,▁cu tting ▁back ▁on,4.0,5.278963780403144e-10,21.36212110519409,5.340530276298523,trying to to in,0.0067628011606218,16.365803003311157,4.091450750827789,3.0,5.0,0.0,16.0,0.0,3.0
5617,"Doctor, I've been cutting back on the blood, but I'm still getting these terrible headaches every morning.",back on,back on,is_multiword,0,4,4|5,1,1.5577106475830078,0,1.0,,,,,,,,,,,,,,,,,,,,,,,,,,,,,,,doctor i've been cutting <mask> <mask> the blood but i'm still getting these terrible headaches every morning,▁back ▁on,2.0,0.0017699830362758,6.336785316467285,3.1683926582336426,out of,0.0399005958624727,3.115421295166016,1.5577106475830078,4.0,5.0,0.0,16.0,0.0,2.0
5618,"My husband won't admit it, but he's been sneaking dago sauce every day, and I'm scared his liver is giving out with all this yellowing in his eyes.",giving out,giving out,is_multiword,0,19,19|20,1,2.875158190727234,0,1.0,,,,,,,,,,,,,,,,,,,,,,,,,,,,,,,my husband won't admit it but he's been sneaking dago sauce every day and i'm scared his liver is <mask> <mask> with all this yellowing in his eyes,▁giving ▁out,2.0,2.7728861744514644e-05,10.49303674697876,5.24651837348938,going ing,0.0087149061790492,5.750316381454468,2.875158190727234,19.0,20.0,0.0,27.0,0.0,2.0
5619,I'm worried about my dad—he's been drinking way too much dago sauce and now he's getting these bad stomach pains and shaking in the morning.,getting these,getting these,is_multiword,0,16,16|17,1,5.6454466581344604,1,1.0,,,,,,,,,,,,,,,,,,,,,,,,,,,,,,,i'm worried about my dad-he's been drinking way too much dago sauce and now he's getting <mask> <mask> stomach pains and shaking in the morning,▁these ▁bad,2.0,1.3816991336436722e-06,13.492196559906006,6.746098279953003,worse with,0.1106588489068442,11.29089331626892,5.6454466581344604,16.0,17.0,0.0,24.0,0.0,2.0
5624,"My husband has been losing hair in big round spots for weeks now, and I think it might be that baldfaced stag thing—can you check him for that?",baldfaced stag,baldfaced stag,is_multiword,1,20,20|21,1,6.87737193107605,0,1.0,,,,,,,,,,,,,,,,,,,,,,,,,,,,,,,my husband has been losing hair in big round spots for weeks now and i think it might be that <mask> <mask> <mask> <mask> <mask> thing-can you check him for that,▁bald face d ▁ stag,5.0,2.0327848943238196e-19,43.03971004486084,8.607942008972168,he ' s the wrong,0.0001746283791847,34.38685965538025,6.87737193107605,20.0,21.0,0.0,27.0,0.0,2.0
5625,"Doctor, I'm worried about my son—he's only seven and he's starting to get a baldfaced stag on the top of his head, with patches of hair just falling out.",baldfaced stag,baldfaced stag,is_multiword,1,15,15|16,1,4.254103263219197,0,1.0,,,,,,,,,,,,,,,,,,,,,,,,,,,,,,,doctor i'm worried about my son-he's only seven and he's starting to get a baldfaced <mask> <mask> <mask> the top of his head with patches of hair just falling out,▁ stag ▁on,3.0,4.227156154437342e-09,19.281736373901367,6.427245457967122, rash on,0.0014745143697584,12.762309789657593,4.254103263219197,15.0,16.0,0.0,28.0,0.0,2.0
5628,"Doctor, I've been noticing my hair coming out in clumps in the shower—could I be getting eggheaded like my uncle did?",getting eggheaded,getting eggheaded,is_multiword,0,16,16|17,1,3.80413818359375,0,1.0,,,,,,,,,,,,,,,,,,,,,,,,,,,,,,,doctor i've been noticing my hair coming out in clumps in the shower-could i be getting <mask> <mask> <mask> <mask> my uncle did,▁egg head ed ▁like,4.0,1.3275380742428479e-11,25.04510986804962,6.261277467012405,a hair ? like,5.389045765437476e-05,15.216552734375,3.80413818359375,16.0,17.0,0.0,20.0,0.0,2.0
5631,"Doctor, my wife has been so dizzy and weak since yesterday that I almost called a blood wagon, but she begged me to bring her here first.",a blood,a blood,is_multiword,0,15,15|16,1,6.234834589064121,0,1.0,,,,,,,,,,,,,,,,,,,,,,,,,,,,,,,doctor my wife has been so dizzy and weak since yesterday that i almost called <mask> <mask> wagon but she begged me to bring her here first,▁a ▁blood,2.0,1.019803999556672e-06,13.795900106430054,6.897950053215027,her station,0.2654759759915399,12.469669178128242,6.234834589064121,15.0,16.0,0.0,26.0,0.0,2.0
5631,"Doctor, my wife has been so dizzy and weak since yesterday that I almost called a blood wagon, but she begged me to bring her here first.",a blood wagon,a blood wagon,is_multiword,0,15,15|16|17,1,6.503000259399414,0,1.0,,,,,,,,,,,,,,,,,,,,,,,,,,,,,,,doctor my wife has been so dizzy and weak since yesterday that i almost called <mask> <mask> <mask> <mask> but she begged me to bring her here first,▁a ▁blood ▁wa gon,4.0,6.032054504629233e-15,32.74168872833252,8.18542218208313,"her to her ,",0.0011949060801132,26.012001037597656,6.503000259399414,15.0,17.0,0.0,26.0,0.0,3.0
5631,"Doctor, my wife has been so dizzy and weak since yesterday that I almost called a blood wagon, but she begged me to bring her here first.",blood wagon,blood wagon,is_multiword,1,16,16|17,1,7.255575935045878,0,1.0,,,,,,,,,,,,,,,,,,,,,,,,,,,,,,,doctor my wife has been so dizzy and weak since yesterday that i almost called a <mask> <mask> <mask> but she begged me to bring her here first,▁blood ▁wa gon,3.0,1.2276591334231205e-12,27.425911903381348,9.14197063446045,"doctor doctor ,",0.0034853594493287,21.766727805137634,7.255575935045878,16.0,17.0,0.0,26.0,0.0,2.0
5633,"My son's asthma attack was so bad this morning I nearly dialed for a meat wagon, but he finally caught his breath—can you check his lungs?",nearly dialed,nearly dialed,is_multiword,0,10,10|11,1,6.503069599469503,1,1.0,,,,,,,,,,,,,,,,,,,,,,,,,,,,,,,my son's asthma attack was so bad this morning i <mask> <mask> <mask> for a meat wagon but he finally caught his breath-can you check his lungs,▁nearly ▁dia led,3.0,5.3605561916689316e-11,23.64936828613281,7.8831227620442705,had to him,0.0159203122076595,19.50920879840851,6.503069599469503,10.0,11.0,0.0,25.0,0.0,2.0
5633,"My son's asthma attack was so bad this morning I nearly dialed for a meat wagon, but he finally caught his breath—can you check his lungs?",meat wagon,meat wagon,is_multiword,1,14,14|15,1,5.511736005544663,0,1.0,,,,,,,,,,,,,,,,,,,,,,,,,,,,,,,my son's asthma attack was so bad this morning i nearly dialed for a <mask> <mask> <mask> <mask> but he finally caught his breath-can you check his lungs,▁me at ▁wa gon,4.0,6.560340306979026e-15,32.65773391723633,8.164433479309082,"doctor of his ,",2.464861378258028e-05,22.04694402217865,5.511736005544663,14.0,15.0,0.0,25.0,0.0,2.0
5634,"Doctor, my husband’s been getting this real thick gut and heavy breathing at night—I’m wondering if it’s that Pabst goiter thing you see in men who pack on the pounds around the middle.",goiter thing,goiter thing,is_multiword,0,20,20|21,1,0.6580848693847656,1,1.0,,,,,,,,,,,,,,,,,,,,,,,,,,,,,,,doctor my husband's been getting this real thick gut and heavy breathing at night-i'm wondering if it's that pabst goiter <mask> <mask> see in men who pack on the pounds around the middle,▁thing ▁you,2.0,0.0107831133138093,4.529773950576782,2.264886975288391,that we,0.0402114212984625,1.3161697387695312,0.6580848693847656,20.0,21.0,0.0,32.0,0.0,2.0
5634,"Doctor, my husband’s been getting this real thick gut and heavy breathing at night—I’m wondering if it’s that Pabst goiter thing you see in men who pack on the pounds around the middle.",pack on,pack on,is_multiword,0,27,27|28,1,2.34327495098114,0,1.0,,,,,,,,,,,,,,,,,,,,,,,,,,,,,,,doctor my husband's been getting this real thick gut and heavy breathing at night-i'm wondering if it's that pabst goiter thing you see in men who pack <mask> <mask> pounds around the middle,▁on ▁the,2.0,0.0002081937868376,8.477041244506836,4.238520622253418,around few,0.0225845023976527,4.68654990196228,2.34327495098114,27.0,28.0,0.0,32.0,0.0,2.0
5635,"""My wife jokes I’ve got a 'Pabst goiter' from all those late-night six-packs, but now my ankles are swelling too—could that be part of it?""",I’ve got,i've got,is_multiword,0,3,3|4,1,2.9887942373752594,1,1.0,,,,,,,,,,,,,,,,,,,,,,,,,,,,,,,my wife jokes <mask> <mask> <mask> <mask> a 'pabst goiter' from all those late-night six-packs but now my ankles are swelling too-could that be part of it,▁i ' ve ▁got,4.0,1.3488929275515942e-08,18.12139654159546,4.530349135398865,that I ' like,0.0020991566879053,11.955176949501038,2.9887942373752594,3.0,4.0,0.0,24.0,0.0,2.0
5635,"""My wife jokes I’ve got a 'Pabst goiter' from all those late-night six-packs, but now my ankles are swelling too—could that be part of it?""",I’ve got a,i've got a,is_multiword,0,3,3|4|5,1,2.2694122552871705,0,1.0,,,,,,,,,,,,,,,,,,,,,,,,,,,,,,,my wife jokes <mask> <mask> <mask> <mask> <mask> 'pabst goiter' from all those late-night six-packs but now my ankles are swelling too-could that be part of it,▁i ' ve ▁got ▁a,5.0,2.149742157601326e-09,19.95791792869568,3.991583585739136,that I ' am a,0.0001821178319176,11.347061276435852,2.2694122552871705,3.0,5.0,0.0,24.0,0.0,3.0
5635,"""My wife jokes I’ve got a 'Pabst goiter' from all those late-night six-packs, but now my ankles are swelling too—could that be part of it?""",got a,got a,is_multiword,0,4,4|5,1,0.0871162414550781,0,1.0,,,,,,,,,,,,,,,,,,,,,,,,,,,,,,,my wife jokes i've <mask> <mask> 'pabst goiter' from all those late-night six-packs but now my ankles are swelling too-could that be part of it,▁got ▁a,2.0,0.1473240903325214,1.9151204228401184,0.9575602114200592,been a,0.1753646182177078,0.1742324829101562,0.0871162414550781,4.0,5.0,0.0,24.0,0.0,2.0
5635,"""My wife jokes I’ve got a 'Pabst goiter' from all those late-night six-packs, but now my ankles are swelling too—could that be part of it?""",goiter from,goiter from,is_multiword,0,7,7|8,1,4.8335065841674805,0,1.0,,,,,,,,,,,,,,,,,,,,,,,,,,,,,,,my wife jokes i've got a 'pabst <mask> <mask> <mask> <mask> all those late-night six-packs but now my ankles are swelling too-could that be part of it,▁go iter ' ▁from,4.0,9.99604666849376e-12,25.32883143424988,6.3322078585624695,' ' ' with,0.0024916625573972,19.33402633666992,4.8335065841674805,7.0,8.0,0.0,24.0,0.0,2.0
5636,"""I’m worried about this pot-bellied thing, doctor—my belly’s hard and sticks out way more than my chest, and I’ve been feeling tired all the time.""",sticks out,sticks out,is_multiword,0,11,11|12,1,1.6319904923439026,0,1.0,,,,,,,,,,,,,,,,,,,,,,,,,,,,,,,i'm worried about this pot-bellied thing doctor-my belly's hard and sticks <mask> <mask> more than my chest and i've been feeling tired all the time,▁out ▁way,2.0,0.0032181861746731,5.738937377929688,2.869468688964844,a bit,0.0841666604124901,3.263980984687805,1.6319904923439026,11.0,12.0,0.0,24.0,0.0,2.0
5636,"""I’m worried about this pot-bellied thing, doctor—my belly’s hard and sticks out way more than my chest, and I’ve been feeling tired all the time.""",sticks out way,sticks out way,is_multiword,0,11,11|12|13,1,1.0856107076009114,0,1.0,,,,,,,,,,,,,,,,,,,,,,,,,,,,,,,i'm worried about this pot-bellied thing doctor-my belly's hard and sticks <mask> <mask> <mask> than my chest and i've been feeling tired all the time,▁out ▁way ▁more,3.0,0.0001523281785407,8.789473295211792,2.929824431737264,a much er,0.0039555280489208,3.2568321228027344,1.0856107076009114,11.0,13.0,0.0,24.0,0.0,3.0
5636,"""I’m worried about this pot-bellied thing, doctor—my belly’s hard and sticks out way more than my chest, and I’ve been feeling tired all the time.""",out way,out way,is_multiword,0,12,12|13,1,1.6629944443702698,1,1.0,,,,,,,,,,,,,,,,,,,,,,,,,,,,,,,i'm worried about this pot-bellied thing doctor-my belly's hard and sticks out <mask> <mask> than my chest and i've been feeling tired all the time,▁way ▁more,2.0,0.0018899589304757,6.271200180053711,3.1356000900268555,much er,0.0525909466320807,3.32598888874054,1.6629944443702698,12.0,13.0,0.0,24.0,0.0,2.0
5638,"Doctor, I've got this big belly that just won't go away no matter how much I exercise—could it be that android obesity thing you mentioned?",I've got,i've got,is_multiword,0,1,1|2,1,2.392723172903061,1,1.0,,,,,,,,,,,,,,,,,,,,,,,,,,,,,,,doctor <mask> <mask> <mask> <mask> this big belly that just won't go away no matter how much i exercise-could it be that android obesity thing you mentioned,▁i ' ve ▁got,4.0,2.3529988313431933e-07,15.262405037879944,3.815601259469986,", i i have",0.0033744857175032,9.570892691612244,2.392723172903061,1.0,2.0,0.0,24.0,0.0,2.0
5639,"My husband's developed a big belly over the past year, and his blood pressure's been climbing too—should we be worried about that apple-shaped fat?",climbing too,climbing too,is_multiword,0,15,15|16,1,4.192755391200383,0,1.0,,,,,,,,,,,,,,,,,,,,,,,,,,,,,,,my husband's developed a big belly over the past year and his blood pressure's been <mask> <mask> <mask> <mask> <mask> <mask> we be worried about that apple-shaped fat,▁climb ing ▁too - sho uld,6.0,2.4408325614498597e-16,35.94902229309082,5.991503715515137,a ing . . why should,2.05532815037674e-05,25.1565323472023,4.192755391200383,15.0,16.0,0.0,23.0,0.0,2.0
5640,"""I hate to bring this up, but I think I’ve got some kind of rash around my slop chute—it’s really itchy and nothing seems to help.""",I’ve got,i've got,is_multiword,0,9,9|10,1,0.006723403930664,1,1.0,,,,,,,,,,,,,,,,,,,,,,,,,,,,,,,i hate to bring this up but i think <mask> <mask> <mask> <mask> some kind of rash around my slop chute-it's really itchy and nothing seems to help,▁i ' ve ▁got,4.0,0.0193184766586793,3.9466933012008663,0.9866733253002168,i ' m got,0.0198450696018733,0.0268936157226562,0.006723403930664,9.0,10.0,0.0,25.0,0.0,2.0
5640,"""I hate to bring this up, but I think I’ve got some kind of rash around my slop chute—it’s really itchy and nothing seems to help.""",slop chute,slop chute,is_multiword,1,17,17|18,1,4.461398124694824,1,1.0,,,,,,,,,,,,,,,,,,,,,,,,,,,,,,,i hate to bring this up but i think i've got some kind of rash around my <mask> <mask> <mask> <mask> <mask> <mask> <mask> <mask> really itchy and nothing seems to help,▁slo p ▁chu te - it ' s,8.0,9.488503339392426e-24,53.01196134090424,6.6264951676130295,face and i i i it ' s,3.003878841224707e-08,35.691184997558594,4.461398124694824,17.0,18.0,0.0,25.0,0.0,2.0
5641,"""Doc, ever since I ate that gas station burrito, my slop chute has been burning like crazy every time I go to the bathroom.""",slop chute,slop chute,is_multiword,1,10,10|11,1,4.5472012758255005,0,1.0,,,,,,,,,,,,,,,,,,,,,,,,,,,,,,,doc ever since i ate that gas station burrito my <mask> <mask> <mask> <mask> has been burning like crazy every time i go to the bathroom,▁slo p ▁chu te,4.0,1.1894233988786877e-13,29.7601375579834,7.44003438949585, and my mouth,9.432659697600296e-06,18.188805103302,4.5472012758255005,10.0,11.0,0.0,23.0,0.0,2.0
5649,"""Doc, I’ve been having some sharp pain around my porthole when I sit down—could it be a fissure or something?""",been having,been having,is_multiword,0,2,2|3,1,0.3750649094581604,1,1.0,,,,,,,,,,,,,,,,,,,,,,,,,,,,,,,doc i've <mask> <mask> some sharp pain around my porthole when i sit down-could it be a fissure or something,▁been ▁having,2.0,0.0791007563239942,2.5370328426361084,1.2685164213180542,been feeling,0.1674780428588139,0.7501298189163208,0.3750649094581604,2.0,3.0,0.0,19.0,0.0,2.0
5650,"Doctor, my son keeps complaining about a sharp pain in his after ever since he fell off his bike yesterday.",after ever,after ever,is_multiword,0,11,11|12,1,4.414724349975586,0,1.0,,,,,,,,,,,,,,,,,,,,,,,,,,,,,,,doctor my son keeps complaining about a sharp pain in his <mask> <mask> since he fell off his bike yesterday,▁after ▁ever,2.0,2.671695445149948e-06,12.832797288894652,6.416398644447327,back right,0.0182544099154037,8.829448699951172,4.414724349975586,11.0,12.0,0.0,19.0,0.0,2.0
5653,"Doctor, my mother's been complaining about the cold bottom every time she needs to use it—could we get something warmer for her?",mother's been,mother's been,is_multiword,0,2,2|3,1,0.9773835837841034,0,1.0,,,,,,,,,,,,,,,,,,,,,,,,,,,,,,,doctor my <mask> <mask> <mask> <mask> complaining about the cold bottom every time she needs to use it-could we get something warmer for her,▁mother ' s ▁been,4.0,6.401052346532663e-06,11.95904815196991,2.9897620379924774,daughter is s been,0.0003192571021841,3.9095343351364136,0.9773835837841034,2.0,3.0,0.0,21.0,0.0,2.0
5653,"Doctor, my mother's been complaining about the cold bottom every time she needs to use it—could we get something warmer for her?",mother's been complaining,mother's been complaining,is_multiword,0,2,2|3|4,1,1.5081138213475545,0,1.0,,,,,,,,,,,,,,,,,,,,,,,,,,,,,,,doctor my <mask> <mask> <mask> <mask> <mask> <mask> about the cold bottom every time she needs to use it-could we get something warmer for her,▁mother ' s ▁been ▁complain ing,6.0,7.067933885035368e-11,23.37286782264709,3.895477970441183,daughter is s a to worry,6.012921617082019e-07,9.048682928085327,1.5081138213475545,2.0,4.0,0.0,21.0,0.0,3.0
5653,"Doctor, my mother's been complaining about the cold bottom every time she needs to use it—could we get something warmer for her?",been complaining,been complaining,is_multiword,0,3,3|4,1,1.0565897623697915,1,1.0,,,,,,,,,,,,,,,,,,,,,,,,,,,,,,,doctor my mother's <mask> <mask> <mask> about the cold bottom every time she needs to use it-could we get something warmer for her,▁been ▁complain ing,3.0,3.8162873848788406e-05,10.17364740371704,3.3912158012390137,always complain complain,0.0009083524293597,3.169769287109375,1.0565897623697915,3.0,4.0,0.0,21.0,0.0,2.0
5658,"Doctor, my dad keeps complaining about his legs hurting when he walks, and I'm worried it's his pipes getting clogged up.",keeps complaining,keeps complaining,is_multiword,0,3,3|4,1,1.8804932534694672,1,1.0,,,,,,,,,,,,,,,,,,,,,,,,,,,,,,,doctor my dad <mask> <mask> <mask> <mask> about his legs hurting when he walks and i'm worried it's his pipes getting clogged up,▁keep s ▁complain ing,4.0,1.554751776998145e-07,15.676779747009276,3.9191949367523193,is s a worried,0.0002873508160404,7.521973013877869,1.8804932534694672,3.0,4.0,0.0,20.0,0.0,2.0
5658,"Doctor, my dad keeps complaining about his legs hurting when he walks, and I'm worried it's his pipes getting clogged up.",pipes getting,pipes getting,is_multiword,0,17,17|18,1,2.8860589265823364,0,1.0,,,,,,,,,,,,,,,,,,,,,,,,,,,,,,,doctor my dad keeps complaining about his legs hurting when he walks and i'm worried it's his <mask> <mask> <mask> clogged up,▁pipe s ▁getting,3.0,2.5200101463509048e-06,12.891247630119324,4.297082543373108,leg s get,0.0145077708797096,8.65817677974701,2.8860589265823364,17.0,18.0,0.0,20.0,0.0,2.0
5658,"Doctor, my dad keeps complaining about his legs hurting when he walks, and I'm worried it's his pipes getting clogged up.",pipes getting clogged,pipes getting clogged,is_multiword,0,17,17|18|19,1,4.951691389083862,1,1.0,,,,,,,,,,,,,,,,,,,,,,,,,,,,,,,doctor my dad keeps complaining about his legs hurting when he walks and i'm worried it's his <mask> <mask> <mask> <mask> <mask> up,▁pipe s ▁getting ▁clo gged,5.0,1.484862714823915e-15,34.14345407485962,6.828690814971924,leg s he to it,8.397452075819311e-05,24.75845694541931,4.951691389083862,17.0,19.0,0.0,20.0,0.0,3.0
5658,"Doctor, my dad keeps complaining about his legs hurting when he walks, and I'm worried it's his pipes getting clogged up.",pipes getting clogged up,pipes getting clogged up,is_multiword,0,17,17|18|19|20,1,5.068265914916992,0,1.0,,,,,,,,,,,,,,,,,,,,,,,,,,,,,,,doctor my dad keeps complaining about his legs hurting when he walks and i'm worried it's his <mask> <mask> <mask> <mask> <mask> <mask>,▁pipe s ▁getting ▁clo gged ▁up,6.0,3.5718554443452747e-20,44.77861666679382,7.46310277779897,leg s he s it .,5.749279103623196e-07,30.409595489501957,5.068265914916992,17.0,20.0,0.0,20.0,0.0,4.0
5658,"Doctor, my dad keeps complaining about his legs hurting when he walks, and I'm worried it's his pipes getting clogged up.",getting clogged,getting clogged,is_multiword,0,18,18|19,1,4.104946096738179,0,1.0,,,,,,,,,,,,,,,,,,,,,,,,,,,,,,,doctor my dad keeps complaining about his legs hurting when he walks and i'm worried it's his pipes <mask> <mask> <mask> up,▁getting ▁clo gged,3.0,1.5911852688181718e-08,17.956201553344727,5.985400517781575,that blow it,0.0035480282116957,12.31483829021454,4.104946096738179,18.0,19.0,0.0,20.0,0.0,2.0
5658,"Doctor, my dad keeps complaining about his legs hurting when he walks, and I'm worried it's his pipes getting clogged up.",getting clogged up,getting clogged up,is_multiword,0,18,18|19|20,1,4.897765100002289,0,1.0,,,,,,,,,,,,,,,,,,,,,,,,,,,,,,,doctor my dad keeps complaining about his legs hurting when he walks and i'm worried it's his pipes <mask> <mask> <mask> <mask>,▁getting ▁clo gged ▁up,4.0,1.7753271505036264e-12,27.05703639984131,6.764259099960327,or hurt hurt .,0.0005722263089395,19.591060400009155,4.897765100002289,18.0,20.0,0.0,20.0,0.0,3.0
5658,"Doctor, my dad keeps complaining about his legs hurting when he walks, and I'm worried it's his pipes getting clogged up.",clogged up,clogged up,is_multiword,0,19,19|20,1,3.8393288056055694,0,1.0,,,,,,,,,,,,,,,,,,,,,,,,,,,,,,,doctor my dad keeps complaining about his legs hurting when he walks and i'm worried it's his pipes getting <mask> <mask> <mask>,▁clo gged ▁up,3.0,1.8297356394958463e-08,17.816509246826172,5.938836415608724,too . .,0.0018390193157629,11.517986416816711,3.8393288056055694,19.0,20.0,0.0,20.0,0.0,2.0
5663,"Doctor, I feel like I’ve got a bag of snakes in my chest—there’s this weird lump and it’s been aching for weeks.",I’ve got,i've got,is_multiword,0,4,4|5,1,0.4503422081470489,1,1.0,,,,,,,,,,,,,,,,,,,,,,,,,,,,,,,doctor i feel like <mask> <mask> <mask> <mask> a bag of snakes in my chest-there's this weird lump and it's been aching for weeks,▁i ' ve ▁got,4.0,0.0037743439880418,5.5795286893844604,1.3948821723461151,i ' s like,0.0228647271095878,1.8013688325881958,0.4503422081470489,4.0,5.0,0.0,21.0,0.0,2.0
5676,"My mother keeps complaining that her right lully-lily-berry feels heavy and sore, especially after she lies down.",lully-lily berry,lully-lily berry,is_multiword,1,7,7|8,1,5.273245400852627,0,1.0,,,,,,,,,,,,,,,,,,,,,,,,,,,,,,,my mother keeps complaining that her right <mask> <mask> <mask> <mask> <mask> <mask> <mask> <mask> <mask> heavy and sore especially after she lies down,▁lu lly - li ly - berry ▁feel s,9.0,3.0133656713490035e-30,67.97449517250061,7.552721685833401,hand is is s and her her she gets,1.2311876493738431e-09,47.459208607673645,5.273245400852627,7.0,8.0,0.0,16.0,0.0,2.0
5677,"Doctor, I’ve been feeling a lump in my left lully-lily-berry and it’s been tender for the past week.",lully-lily berry,lully-lily berry,is_multiword,1,9,9|10,1,4.701483637094498,0,1.0,,,,,,,,,,,,,,,,,,,,,,,,,,,,,,,doctor i've been feeling a lump in my left <mask> <mask> <mask> <mask> <mask> <mask> <mask> <mask> it's been tender for the past week,▁lu lly - li ly - berry ▁and,8.0,1.0805810610161523e-26,59.78971350193024,7.47371418774128,"side and the the the a , and",2.3349874695954916e-10,37.61186909675598,4.701483637094498,9.0,10.0,0.0,17.0,0.0,2.0
5680,"My son keeps getting into fights and we’re worried about his aggression; his dad thinks he should enter for the gelding stakes, but I want your opinion first.",enter for,enter for,is_multiword,0,17,17|18,1,3.811367154121399,0,1.0,,,,,,,,,,,,,,,,,,,,,,,,,,,,,,,my son keeps getting into fights and we're worried about his aggression his dad thinks he should <mask> <mask> the gelding stakes but i want your opinion first,▁enter ▁for,2.0,4.232488330903164e-06,12.37272047996521,6.186360239982605,be in,0.0086518148419907,7.622734308242798,3.811367154121399,17.0,18.0,0.0,27.0,0.0,2.0
5680,"My son keeps getting into fights and we’re worried about his aggression; his dad thinks he should enter for the gelding stakes, but I want your opinion first.",gelding stakes,gelding stakes,is_multiword,0,20,20|21,1,5.56856632232666,1,1.0,,,,,,,,,,,,,,,,,,,,,,,,,,,,,,,my son keeps getting into fights and we're worried about his aggression his dad thinks he should enter for the <mask> <mask> <mask> <mask> but i want your opinion first,▁geld ing ▁stake s,4.0,1.74951159340192e-15,33.9794397354126,8.49485993385315,first of the </s>,8.25101408229167e-06,22.27426528930664,5.56856632232666,20.0,21.0,0.0,27.0,0.0,2.0
5682,"""Doctor, I'm scared this could be an apoplexy—my left side went numb all of a sudden and I can't move my arm right.""",an apoplexy,an apoplexy,is_multiword,0,6,6|7,1,5.358686397473018,1,1.0,,,,,,,,,,,,,,,,,,,,,,,,,,,,,,,doctor i'm scared this could be <mask> <mask> <mask> <mask> <mask> <mask> left side went numb all of a sudden and i can't move my arm right,▁an ▁apo plex y - my,6.0,1.829853599307052e-20,45.447465896606445,7.574577649434407,a wrong my arm my my,1.6823019202674027e-06,32.152118384838104,5.358686397473018,6.0,7.0,0.0,22.0,0.0,2.0
5682,"""Doctor, I'm scared this could be an apoplexy—my left side went numb all of a sudden and I can't move my arm right.""",all of,all of,is_multiword,0,13,13|14,1,0.0,0,1.0,,,,,,,,,,,,,,,,,,,,,,,,,,,,,,,doctor i'm scared this could be an apoplexy-my left side went numb all <mask> <mask> sudden and i can't move my arm right,▁of ▁a,2.0,0.9273441749624318,0.0754305040463805,0.0377152520231902,of a,0.9273441749624318,0.0,0.0,13.0,14.0,0.0,22.0,0.0,2.0
5683,"""My husband said I looked like I was having an apoplexy when I collapsed in the kitchen, so I came straight here.""",an apoplexy,an apoplexy,is_multiword,0,9,9|10,1,5.310574725270271,0,1.0,,,,,,,,,,,,,,,,,,,,,,,,,,,,,,,my husband said i looked like i was having <mask> <mask> <mask> <mask> when i collapsed in the kitchen so i came straight here,▁an ▁apo plex y,4.0,1.7689180362255742e-14,31.665823221206665,7.916455805301666,a bad a s,2.9724934464230695e-05,21.242298901081085,5.310574725270271,9.0,10.0,0.0,21.0,0.0,2.0
5685,"My daughter's been in so much pain for hours, and we're hoping you can help her be cured of a two-legged tympany today.",we're hoping,we're hoping,is_multiword,0,10,10|11,1,2.2047709077596664,1,1.0,,,,,,,,,,,,,,,,,,,,,,,,,,,,,,,my daughter's been in so much pain for hours and <mask> <mask> <mask> <mask> you can help her be cured of a two-legged tympany today,▁we ' re ▁hoping,4.0,2.3531247789080639e-07,15.262351512908936,3.815587878227234,I ' wondering if,0.0015911983269403,8.819083631038666,2.2047709077596664,10.0,11.0,0.0,22.0,0.0,2.0
5685,"My daughter's been in so much pain for hours, and we're hoping you can help her be cured of a two-legged tympany today.",be cured,be cured,is_multiword,0,16,16|17,1,5.851206541061401,1,1.0,,,,,,,,,,,,,,,,,,,,,,,,,,,,,,,my daughter's been in so much pain for hours and we're hoping you can help her <mask> <mask> <mask> of a two-legged tympany today,▁be ▁cu red,3.0,2.4857670128113725e-10,22.115269660949707,7.371756553649902,with the out,0.0104448103853647,17.553619623184204,5.851206541061401,16.0,17.0,0.0,22.0,0.0,2.0
5692,"Doctor, I think I need to check into a fat farm—my blood pressure's through the roof and I've been gaining weight no matter what I do.",check into,check into,is_multiword,0,6,6|7,1,3.792230680584908,0,1.0,,,,,,,,,,,,,,,,,,,,,,,,,,,,,,,doctor i think i need to <mask> <mask> a fat farm-my blood pressure's through the roof and i've been gaining weight no matter what i do,▁check ▁into,2.0,0.0002564473055667,8.268587350845337,4.1342936754226685,go to,0.5045310022318104,7.584461361169815,3.792230680584908,6.0,7.0,0.0,25.0,0.0,2.0
5694,"Doctor, my husband says he's been feeling really gummed up for over a week and nothing seems to help.",gummed up,gummed up,is_multiword,1,8,8|9,1,6.35919189453125,0,1.0,,,,,,,,,,,,,,,,,,,,,,,,,,,,,,,doctor my husband says he's been feeling really <mask> <mask> <mask> for over a week and nothing seems to help,▁gum med ▁up,3.0,6.015228989571981e-13,28.13931179046631,9.379770596822103,really and ed,0.0001160213761276,19.07757568359375,6.35919189453125,8.0,9.0,0.0,18.0,0.0,2.0
5695,"Doctor, my little boy hasn't had a bowel movement in three days—he's all gummed up and crying when he tries to go.",gummed up,gummed up,is_multiword,1,14,14|15,1,1.0566710829734802,1,1.0,,,,,,,,,,,,,,,,,,,,,,,,,,,,,,,doctor my little boy hasn't had a bowel movement in three days-he's all gummed <mask> <mask> crying when he tries to go,▁up ▁and,2.0,0.0170814107932582,4.069764494895935,2.0348822474479675,and and,0.1413632685667783,2.1133421659469604,1.0566710829734802,14.0,15.0,0.0,21.0,0.0,2.0
5697,"Doctor, my little boy has been up all night with this awful chincough—it sounds like he can't catch his breath.",awful chincough,awful chincough,is_multiword,0,11,11|12,1,5.315491646528244,0,1.0,,,,,,,,,,,,,,,,,,,,,,,,,,,,,,,doctor my little boy has been up all night with this <mask> <mask> <mask> <mask> <mask> <mask> <mask> <mask> sounds like he can't catch his breath,▁a w ful ▁chi nc ough - it,8.0,3.0459532412719706e-29,65.66115379333496,8.20764422416687,horrible and and and and and and it,8.946079591259587e-11,42.52393317222595,5.315491646528244,11.0,12.0,0.0,19.0,0.0,2.0
5697,"Doctor, my little boy has been up all night with this awful chincough—it sounds like he can't catch his breath.",catch his,catch his,is_multiword,0,18,18|19,1,3.707548171281815,1,1.0,,,,,,,,,,,,,,,,,,,,,,,,,,,,,,,doctor my little boy has been up all night with this awful chincough-it sounds like he can't catch <mask> <mask>,▁his ▁breath,2.0,6.960210413352556e-05,9.572715759277344,4.786357879638672,it .,0.1155999891370853,7.415096342563629,3.707548171281815,18.0,19.0,0.0,19.0,0.0,2.0
5697,"Doctor, my little boy has been up all night with this awful chincough—it sounds like he can't catch his breath.",catch his breath,catch his breath,is_multiword,0,18,,1,,0,1.0,,,,,,,,,,,,,,,,,,,,,,,,,,,,,,,,,,,,,,,,,,,,,,
5697,"Doctor, my little boy has been up all night with this awful chincough—it sounds like he can't catch his breath.",his breath,his breath,is_multiword,0,19,,1,,0,1.0,,,,,,,,,,,,,,,,,,,,,,,,,,,,,,,,,,,,,,,,,,,,,,
5702,"Doctor, my son keeps picking his nose and I noticed he's got what you might call pease pudding hot—that hard, crusty stuff inside his nostrils won't come off.",he's got,he's got,is_multiword,0,10,10|11,1,0.2398347556591034,0,1.0,,,,,,,,,,,,,,,,,,,,,,,,,,,,,,,doctor my son keeps picking his nose and i noticed <mask> <mask> <mask> <mask> what you might call pease pudding hot-that hard crusty stuff inside his nostrils won't come off,▁he ' s ▁got,4.0,0.0003815122591278,7.871367573738098,1.9678418934345243,he he s s,0.000995735845316,0.9593390226364136,0.2398347556591034,10.0,11.0,0.0,27.0,0.0,2.0
5702,"Doctor, my son keeps picking his nose and I noticed he's got what you might call pease pudding hot—that hard, crusty stuff inside his nostrils won't come off.",you might,you might,is_multiword,0,13,13|14,1,1.017427384853363,1,1.0,,,,,,,,,,,,,,,,,,,,,,,,,,,,,,,doctor my son keeps picking his nose and i noticed he's got what <mask> <mask> call pease pudding hot-that hard crusty stuff inside his nostrils won't come off,▁you ▁might,2.0,0.0168227897252833,4.0850207805633545,2.042510390281677,i would,0.128713533970025,2.034854769706726,1.017427384853363,13.0,14.0,0.0,27.0,0.0,2.0
5702,"Doctor, my son keeps picking his nose and I noticed he's got what you might call pease pudding hot—that hard, crusty stuff inside his nostrils won't come off.",pease pudding,pease pudding,is_multiword,0,16,16|17,1,7.5214298367500305,0,1.0,,,,,,,,,,,,,,,,,,,,,,,,,,,,,,,doctor my son keeps picking his nose and i noticed he's got what you might call <mask> <mask> <mask> <mask> hot-that hard crusty stuff inside his nostrils won't come off,▁pe ase ▁pu dding,4.0,3.4980252585173194e-18,40.19433307647705,10.048583269119264,a mouth ' so,4.072722665948855e-05,30.08571934700012,7.5214298367500305,16.0,17.0,0.0,27.0,0.0,2.0
5702,"Doctor, my son keeps picking his nose and I noticed he's got what you might call pease pudding hot—that hard, crusty stuff inside his nostrils won't come off.",crusty stuff,crusty stuff,is_multiword,0,21,21|22,1,1.4997615218162537,0,1.0,,,,,,,,,,,,,,,,,,,,,,,,,,,,,,,doctor my son keeps picking his nose and i noticed he's got what you might call pease pudding hot-that hard crusty <mask> <mask> his nostrils won't come off,▁stuff ▁inside,2.0,0.0005769583110539,7.457740545272827,3.7288702726364136,taste and,0.011582991560532,2.9995230436325078,1.4997615218162537,21.0,22.0,0.0,27.0,0.0,2.0
5703,"My husband's been complaining about a dry, stuffy nose for weeks, and when I looked, it's all pease pudding hot—crusted right up in there.",crusted right,crusted right,is_multiword,0,20,20|21,1,5.383563876152039,1,1.0,,,,,,,,,,,,,,,,,,,,,,,,,,,,,,,my husband's been complaining about a dry stuffy nose for weeks and when i looked it's all pease pudding hot-crusted <mask> <mask> in there,▁right ▁up,2.0,3.535938693383541e-07,14.855116844177246,7.427558422088623,stuff s,0.0167729284867284,10.767127752304075,5.383563876152039,20.0,21.0,0.0,23.0,0.0,2.0
5703,"My husband's been complaining about a dry, stuffy nose for weeks, and when I looked, it's all pease pudding hot—crusted right up in there.",crusted right up,crusted right up,is_multiword,0,20,20|21|22,1,2.762640635172526,0,1.0,,,,,,,,,,,,,,,,,,,,,,,,,,,,,,,my husband's been complaining about a dry stuffy nose for weeks and when i looked it's all pease pudding hot-crusted <mask> <mask> <mask> there,▁right ▁up ▁in,3.0,1.020453877207689e-06,13.795263051986694,4.598421017328898,stuff s in,0.0040568797047907,8.287921905517578,2.762640635172526,20.0,22.0,0.0,23.0,0.0,3.0
5703,"My husband's been complaining about a dry, stuffy nose for weeks, and when I looked, it's all pease pudding hot—crusted right up in there.",right up,right up,is_multiword,0,21,21|22,1,0.5351333916187286,0,1.0,,,,,,,,,,,,,,,,,,,,,,,,,,,,,,,my husband's been complaining about a dry stuffy nose for weeks and when i looked it's all pease pudding hot-crusted right <mask> <mask> there,▁up ▁in,2.0,0.038598214312801,3.254549264907837,1.6272746324539185,there in,0.1125584674503862,1.0702667832374573,0.5351333916187286,21.0,22.0,0.0,23.0,0.0,2.0
5705,"""My grandpa used to say he felt across the river when his heart acted up, and now I'm getting the same cold feeling in my left arm.""",acted up,acted up,is_multiword,0,13,13|14,1,6.606935918331146,0,1.0,,,,,,,,,,,,,,,,,,,,,,,,,,,,,,,my grandpa used to say he felt across the river when his heart <mask> <mask> <mask> and now i'm getting the same cold feeling in my left arm,▁a cted ▁up,3.0,1.0665925322525308e-10,22.961381912231445,7.653793970743815,was cold cold,0.0432579539031326,19.82080775499344,6.606935918331146,13.0,14.0,0.0,26.0,0.0,2.0
5706,"Doctor, we found my husband unresponsive in his chair this morning—he's thrown for a loss, and I don't know what happened.",he's thrown,he's thrown,is_multiword,0,11,11|12,1,3.060322960217794,0,1.0,,,,,,,,,,,,,,,,,,,,,,,,,,,,,,,doctor we found my husband unresponsive in his chair this morning-he's <mask> <mask> <mask> a loss and i don't know what happened,▁throw n ▁for,3.0,2.406720799934696e-07,15.239830493927002,5.079943497975667,so ing at,0.0023370598516911,9.18096888065338,3.060322960217794,11.0,12.0,0.0,20.0,0.0,2.0
5706,"Doctor, we found my husband unresponsive in his chair this morning—he's thrown for a loss, and I don't know what happened.",he's thrown for,he's thrown for,is_multiword,0,11,11|12|13,1,3.0288934409618378,0,1.0,,,,,,,,,,,,,,,,,,,,,,,,,,,,,,,doctor we found my husband unresponsive in his chair this morning-he's <mask> <mask> <mask> <mask> loss and i don't know what happened,▁throw n ▁for ▁a,4.0,1.4413422354127644e-09,20.35769104957581,5.089422762393951,been ing a weight,0.0002633261221653,12.115573763847353,3.0288934409618378,11.0,13.0,0.0,20.0,0.0,3.0
5706,"Doctor, we found my husband unresponsive in his chair this morning—he's thrown for a loss, and I don't know what happened.",thrown for,thrown for,is_multiword,0,12,12|13,1,1.6333600282669067,0,1.0,,,,,,,,,,,,,,,,,,,,,,,,,,,,,,,doctor we found my husband unresponsive in his chair this morning-he's thrown <mask> <mask> loss and i don't know what happened,▁for ▁a,2.0,0.0015462363570913,6.471931457519531,3.2359657287597656,in weight,0.0405503283523185,3.266720056533813,1.6333600282669067,12.0,13.0,0.0,20.0,0.0,2.0
5707,"Doctor, my mother was fine last night, but when I checked on her just now, she was thrown for a loss in her bed.",thrown for,thrown for,is_multiword,0,17,17|18,1,3.718362291653951,0,1.0,,,,,,,,,,,,,,,,,,,,,,,,,,,,,,,doctor my mother was fine last night but when i checked on her just now she was <mask> <mask> <mask> a loss in her bed,▁throw n ▁for,3.0,2.883357499585196e-08,17.361725330352783,5.787241776784261,feeling bit at,0.0020160029703404,11.155086874961851,3.718362291653951,17.0,18.0,0.0,23.0,0.0,2.0
5707,"Doctor, my mother was fine last night, but when I checked on her just now, she was thrown for a loss in her bed.",thrown for a,thrown for a,is_multiword,0,17,17|18|19,1,2.8462172746658325,0,1.0,,,,,,,,,,,,,,,,,,,,,,,,,,,,,,,doctor my mother was fine last night but when i checked on her just now she was <mask> <mask> <mask> <mask> loss in her bed,▁throw n ▁for ▁a,4.0,8.716976036334946e-10,20.860578536987305,5.215144634246826,feeling with a weight,7.669228523220159e-05,11.38486909866333,2.8462172746658325,17.0,19.0,0.0,23.0,0.0,3.0
5707,"Doctor, my mother was fine last night, but when I checked on her just now, she was thrown for a loss in her bed.",thrown for a loss,thrown for a loss,is_multiword,1,17,17|18|19|20,1,3.961872816085816,0,1.0,,,,,,,,,,,,,,,,,,,,,,,,,,,,,,,doctor my mother was fine last night but when i checked on her just now she was <mask> <mask> <mask> <mask> <mask> in her bed,▁throw n ▁for ▁a ▁loss,5.0,3.563198970752769e-15,33.26811766624451,6.6536235332489015,still and and was ed,1.4286886165350252e-06,19.80936408042908,3.961872816085816,17.0,20.0,0.0,23.0,0.0,4.0
5707,"Doctor, my mother was fine last night, but when I checked on her just now, she was thrown for a loss in her bed.",for a,for a,is_multiword,0,18,18|19,1,1.2851924300193789,0,1.0,,,,,,,,,,,,,,,,,,,,,,,,,,,,,,,doctor my mother was fine last night but when i checked on her just now she was thrown <mask> <mask> loss in her bed,▁for ▁a,2.0,0.0040133590252467,5.518126726150513,2.7590633630752563,by weight,0.0524580295571312,2.5703848600387573,1.2851924300193789,18.0,19.0,0.0,23.0,0.0,2.0
5707,"Doctor, my mother was fine last night, but when I checked on her just now, she was thrown for a loss in her bed.",for a loss,for a loss,is_multiword,0,18,18|19|20,1,3.510415395100912,0,1.0,,,,,,,,,,,,,,,,,,,,,,,,,,,,,,,doctor my mother was fine last night but when i checked on her just now she was thrown <mask> <mask> <mask> in her bed,▁for ▁a ▁loss,3.0,5.242131188847036e-08,16.763952612876892,5.587984204292297,by the s,0.0019641289240896,10.531246185302734,3.510415395100912,18.0,20.0,0.0,23.0,0.0,3.0
5707,"Doctor, my mother was fine last night, but when I checked on her just now, she was thrown for a loss in her bed.",a loss,a loss,is_multiword,0,19,19|20,1,3.555152833461761,0,1.0,,,,,,,,,,,,,,,,,,,,,,,,,,,,,,,doctor my mother was fine last night but when i checked on her just now she was thrown for <mask> <mask> in her bed,▁a ▁loss,2.0,4.645269599373594e-05,9.977076053619385,4.988538026809692,a while,0.0568823382023462,7.110305666923523,3.555152833461761,19.0,20.0,0.0,23.0,0.0,2.0
5713,"Doctor, my mom hasn't been waking up properly this morning—I'm terrified we might be looking at a drop the wrench situation.",been waking,been waking,is_multiword,0,4,4|5,1,2.297950784365336,1,1.0,,,,,,,,,,,,,,,,,,,,,,,,,,,,,,,doctor my mom hasn't <mask> <mask> <mask> up properly this morning-i'm terrified we might be looking at a drop the wrench situation,▁been ▁wa king,3.0,3.194837238906184e-06,12.653974413871763,4.217991471290588,been ke ed,0.0031507269947912,6.893852353096008,2.297950784365336,4.0,5.0,0.0,20.0,0.0,2.0
5713,"Doctor, my mom hasn't been waking up properly this morning—I'm terrified we might be looking at a drop the wrench situation.",looking at,looking at,is_multiword,0,15,15|16,1,0.65545654296875,0,1.0,,,,,,,,,,,,,,,,,,,,,,,,,,,,,,,doctor my mom hasn't been waking up properly this morning-i'm terrified we might be looking <mask> <mask> drop the wrench situation,▁at ▁a,2.0,0.0421525173927854,3.166460871696472,1.583230435848236,for to,0.1563672634500801,1.3109130859375,0.65545654296875,15.0,16.0,0.0,20.0,0.0,2.0
5720,"Doctor, my husband's been unconscious for hours and his breathing is so shallow—please check if he's about to go off the books.",go off,go off,is_multiword,0,19,19|20,1,2.9242401123046875,0,1.0,,,,,,,,,,,,,,,,,,,,,,,,,,,,,,,doctor my husband's been unconscious for hours and his breathing is so shallow-please check if he's about to go <mask> <mask> books,▁off ▁the,2.0,0.0003044735520637,8.09692633152008,4.04846316576004,read the,0.1055631310020899,5.848480224609375,2.9242401123046875,19.0,20.0,0.0,21.0,0.0,2.0
5721,"Doctor, I'm worried about my son—his fever spiked so high last night that I thought he might go off the books on us before we could get him here.",go off,go off,is_multiword,0,18,18|19,1,2.956703215837478,0,1.0,,,,,,,,,,,,,,,,,,,,,,,,,,,,,,,doctor i'm worried about my son-his fever spiked so high last night that i thought he might go <mask> <mask> books on us before we could get him here,▁off ▁the,2.0,0.000164729399041,8.711206436157227,4.355603218078613,read some,0.0609439917581545,5.913406431674957,2.956703215837478,18.0,19.0,0.0,28.0,0.0,2.0
5721,"Doctor, I'm worried about my son—his fever spiked so high last night that I thought he might go off the books on us before we could get him here.",go off the,go off the,is_multiword,0,18,18|19|20,1,3.5055490732192998,0,1.0,,,,,,,,,,,,,,,,,,,,,,,,,,,,,,,doctor i'm worried about my son-his fever spiked so high last night that i thought he might go <mask> <mask> <mask> on us before we could get him here,▁off ▁the ▁books,3.0,4.681211346920741e-08,16.877123832702637,5.625707944234212,to and check,0.0017285426695134,10.516647219657898,3.5055490732192998,18.0,20.0,0.0,28.0,0.0,3.0
5721,"Doctor, I'm worried about my son—his fever spiked so high last night that I thought he might go off the books on us before we could get him here.",go off the books,go off the books,is_multiword,1,18,18|19|20|21,1,4.17826846241951,0,1.0,,,,,,,,,,,,,,,,,,,,,,,,,,,,,,,doctor i'm worried about my son-his fever spiked so high last night that i thought he might go <mask> <mask> <mask> <mask> us before we could get him here,▁off ▁the ▁books ▁on,4.0,5.4517702978593336e-11,23.63249564170837,5.9081239104270935,to and hospital with,0.0009884012768352,16.71307384967804,4.17826846241951,18.0,21.0,0.0,28.0,0.0,4.0
5721,"Doctor, I'm worried about my son—his fever spiked so high last night that I thought he might go off the books on us before we could get him here.",go off the books on,go off the books on,is_multiword,0,18,18|19|20|21|22,1,3.880121612548828,0,1.0,,,,,,,,,,,,,,,,,,,,,,,,,,,,,,,doctor i'm worried about my son-his fever spiked so high last night that i thought he might go <mask> <mask> <mask> <mask> <mask> before we could get him here,▁off ▁the ▁books ▁on ▁us,5.0,3.4744492676290856e-14,30.990755319595337,6.198151063919068,to a a a days,9.256845215256307e-06,19.40060806274414,3.880121612548828,18.0,22.0,0.0,28.0,0.0,5.0
5721,"Doctor, I'm worried about my son—his fever spiked so high last night that I thought he might go off the books on us before we could get him here.",off the,off the,is_multiword,0,19,19|20,1,4.272211015224457,0,1.0,,,,,,,,,,,,,,,,,,,,,,,,,,,,,,,doctor i'm worried about my son-his fever spiked so high last night that i thought he might go off <mask> <mask> on us before we could get him here,▁the ▁books,2.0,5.894021098702026e-06,12.041572093963625,6.020786046981812,to bed,0.0302835667973337,8.544422030448914,4.272211015224457,19.0,20.0,0.0,28.0,0.0,2.0
5721,"Doctor, I'm worried about my son—his fever spiked so high last night that I thought he might go off the books on us before we could get him here.",off the books,off the books,is_multiword,0,19,19|20|21,1,4.437442938486735,0,1.0,,,,,,,,,,,,,,,,,,,,,,,,,,,,,,,doctor i'm worried about my son-his fever spiked so high last night that i thought he might go off <mask> <mask> <mask> us before we could get him here,▁the ▁books ▁on,3.0,2.1394265918437694e-08,17.66014289855957,5.8867142995198565,to hospital with,0.0129350566585903,13.312328815460203,4.437442938486735,19.0,21.0,0.0,28.0,0.0,3.0
5721,"Doctor, I'm worried about my son—his fever spiked so high last night that I thought he might go off the books on us before we could get him here.",off the books on,off the books on,is_multiword,0,19,19|20|21|22,1,4.224514007568359,0,1.0,,,,,,,,,,,,,,,,,,,,,,,,,,,,,,,doctor i'm worried about my son-his fever spiked so high last night that i thought he might go off <mask> <mask> <mask> <mask> before we could get him here,▁the ▁books ▁on ▁us,4.0,1.2854575589422243e-11,25.07732129096985,6.269330322742462,to a a days,0.0002804078911579,16.898056030273438,4.224514007568359,19.0,22.0,0.0,28.0,0.0,4.0
5721,"Doctor, I'm worried about my son—his fever spiked so high last night that I thought he might go off the books on us before we could get him here.",the books,the books,is_multiword,0,20,20|21,1,6.313850350677967,0,1.0,,,,,,,,,,,,,,,,,,,,,,,,,,,,,,,doctor i'm worried about my son-his fever spiked so high last night that i thought he might go off the <mask> <mask> us before we could get him here,▁books ▁on,2.0,4.920636660487194e-07,14.524657726287842,7.262328863143921,bed with,0.1500244459849002,12.627700701355934,6.313850350677967,20.0,21.0,0.0,28.0,0.0,2.0
5721,"Doctor, I'm worried about my son—his fever spiked so high last night that I thought he might go off the books on us before we could get him here.",the books on,the books on,is_multiword,0,20,20|21|22,1,4.624323447545369,0,1.0,,,,,,,,,,,,,,,,,,,,,,,,,,,,,,,doctor i'm worried about my son-his fever spiked so high last night that i thought he might go off the <mask> <mask> <mask> before we could get him here,▁books ▁on ▁us,3.0,8.000539192858224e-10,20.94634199142456,6.9821139971415205,hospital a days,0.000847371249039,13.872970342636108,4.624323447545369,20.0,22.0,0.0,28.0,0.0,3.0
5721,"Doctor, I'm worried about my son—his fever spiked so high last night that I thought he might go off the books on us before we could get him here.",books on,books on,is_multiword,0,21,21|22,1,5.550941340625286,1,1.0,,,,,,,,,,,,,,,,,,,,,,,,,,,,,,,doctor i'm worried about my son-his fever spiked so high last night that i thought he might go off the books <mask> <mask> before we could get him here,▁on ▁us,2.0,4.616171063467106e-07,14.58853006362915,7.294265031814575,hel long,0.0306033015400383,11.101882681250572,5.550941340625286,21.0,22.0,0.0,28.0,0.0,2.0
5724,"Doctor, I brought my son in because he's been so listless and pale—honestly, I'm worried he's kooferred.",he's kooferred,he's kooferred,is_multiword,0,16,,1,,0,1.0,,,,,,,,,,,,,,,,,,,,,,,,,,,,,,,,,,,,,,,,,,,,,,
5726,"Doctor, I'm here with my mother—she's been unresponsive since this morning, and I'm terrified she's gone to kingdom come before we even got her in.",kingdom come,kingdom come,is_multiword,0,18,18|19,1,4.104719340801239,0,1.0,,,,,,,,,,,,,,,,,,,,,,,,,,,,,,,doctor i'm here with my mother-she's been unresponsive since this morning and i'm terrified she's gone to kingdom <mask> <mask> we even got her in,▁come ▁before,2.0,1.670836798155816e-05,10.999600887298584,5.499800443649292,- before,0.0614112518522148,8.209438681602478,4.104719340801239,18.0,19.0,0.0,24.0,0.0,2.0
5727,"My mother's been feeling so weak lately, I'm scared she might be gone to kingdom come before we even get a diagnosis.",kingdom come,kingdom come,is_multiword,0,14,14|15,1,8.407819271087646,0,1.0,,,,,,,,,,,,,,,,,,,,,,,,,,,,,,,my mother's been feeling so weak lately i'm scared she might be gone to <mask> <mask> <mask> before we even get a diagnosis,▁king dom ▁come,3.0,8.08655114056953e-15,32.44857406616211,10.81619135538737,a a hospital,0.0007280678941659,25.22345781326294,8.407819271087646,14.0,15.0,0.0,21.0,0.0,2.0
5734,"Doctor, my husband has been sleeping a lot more and barely eating—I'm scared he might buy the big one if we don't figure out what's wrong.",barely eating,barely eating,is_multiword,0,10,10|11,1,3.150137151990618,0,1.0,,,,,,,,,,,,,,,,,,,,,,,,,,,,,,,doctor my husband has been sleeping a lot more and <mask> <mask> <mask> <mask> <mask> <mask> <mask> scared he might buy the big one if we don't figure out what's wrong,▁bare ly ▁eating - i ' m,7.0,4.693953350859569e-18,39.900256514549255,5.700036644935608,he ' s s and ' m,1.770716546750709e-08,22.05096006393433,3.150137151990618,10.0,11.0,0.0,25.0,0.0,2.0
5735,"Doctor, my mom's heart condition has gotten so bad lately that I'm terrified she'll buy the big one any day now.",she'll buy,she'll buy,is_multiword,0,13,13|14,1,2.8562765419483185,0,1.0,,,,,,,,,,,,,,,,,,,,,,,,,,,,,,,doctor my mom's heart condition has gotten so bad lately that i'm terrified <mask> <mask> <mask> <mask> the big one any day now,▁she ' ll ▁buy,4.0,1.0842396475100162e-08,18.33980178833008,4.58495044708252,of i to get,0.0009930836869948,11.425106167793274,2.8562765419483185,13.0,14.0,0.0,20.0,0.0,2.0
5736,"I'm worried about my son, he keeps turning the TV up too loud and missing what I say—could this be what you call a cloth ear?",cloth ear,cloth ear,is_multiword,1,25,,1,,0,1.0,,,,,,,,,,,,,,,,,,,,,,,,,,,,,,,,,,,,,,,,,,,,,,
5737,"Doctor, my husband's been having trouble hearing me lately—I think he's got a cloth ear from all those years in the factory without earplugs.",he's got,he's got,is_multiword,0,11,11|12,1,0.0,0,1.0,,,,,,,,,,,,,,,,,,,,,,,,,,,,,,,doctor my husband's been having trouble hearing me lately-i think he's <mask> <mask> cloth ear from all those years in the factory without earplugs,▁got ▁a,2.0,0.2413693773694358,1.4214268326759338,0.7107134163379669,got a,0.2413693773694358,0.0,0.0,11.0,12.0,0.0,23.0,0.0,2.0
5738,"My mother hasn't been able to chuck a turd for three days now, and she keeps complaining about her stomach cramping up.",cramping up,cramping up,is_multiword,0,20,20|21,1,4.273022651672363,0,1.0,,,,,,,,,,,,,,,,,,,,,,,,,,,,,,,my mother hasn't been able to chuck a turd for three days now and she keeps complaining about her stomach <mask> <mask> <mask> <mask>,▁ cra mping ▁up,4.0,5.107634821573513e-12,26.000284671783447,6.500071167945862,and s . .,0.0001352759130202,17.092090606689453,4.273022651672363,20.0,21.0,0.0,21.0,0.0,2.0
5739,"Doctor, my little boy has been crying every time he tries to chuck a turd—he says it hurts and I'm worried something's wrong.",chuck a,chuck a,is_multiword,0,12,12|13,1,2.8170242309570312,0,1.0,,,,,,,,,,,,,,,,,,,,,,,,,,,,,,,doctor my little boy has been crying every time he tries to <mask> <mask> <mask> turd-he says it hurts and i'm worried something's wrong,▁chu ck ▁a,3.0,5.59672281914633e-07,14.395914435386658,4.798638145128886,get a a,0.0026193168420584,8.451072692871094,2.8170242309570312,12.0,13.0,0.0,22.0,0.0,2.0
5739,"Doctor, my little boy has been crying every time he tries to chuck a turd—he says it hurts and I'm worried something's wrong.",chuck a turd,chuck a turd,is_multiword,1,12,12|13|14,1,4.76151066167014,0,1.0,,,,,,,,,,,,,,,,,,,,,,,,,,,,,,,doctor my little boy has been crying every time he tries to <mask> <mask> <mask> <mask> <mask> <mask> <mask> says it hurts and i'm worried something's wrong,▁chu ck ▁a ▁tur d - he,7.0,2.730103921067618e-23,51.95511746406555,7.42215963772365,get his my my my my doctor,8.155748406447757e-09,33.33057463169098,4.76151066167014,12.0,14.0,0.0,22.0,0.0,3.0
5739,"Doctor, my little boy has been crying every time he tries to chuck a turd—he says it hurts and I'm worried something's wrong.",a turd,a turd,is_multiword,0,13,13|14,1,4.780840349197388,0,1.0,,,,,,,,,,,,,,,,,,,,,,,,,,,,,,,doctor my little boy has been crying every time he tries to chuck <mask> <mask> <mask> <mask> <mask> says it hurts and i'm worried something's wrong,▁a ▁tur d - he,5.0,9.037056274541014e-16,34.64002799987793,6.928005599975586,my my my and he,2.1751534441338453e-05,23.90420174598694,4.780840349197388,13.0,14.0,0.0,22.0,0.0,2.0
5742,I'm worried about my mother—she's been straining so hard to make a poopie that she started crying.,make a,make a,is_multiword,0,11,11|12,1,4.9579189121723175,0,1.0,,,,,,,,,,,,,,,,,,,,,,,,,,,,,,,i'm worried about my mother-she's been straining so hard to make <mask> <mask> <mask> <mask> that she started crying,▁a ▁po o pie,4.0,3.818665437399298e-14,30.89629030227661,7.724072575569153,her feel to her,1.5656652466172552e-05,19.83167564868927,4.9579189121723175,11.0,12.0,0.0,16.0,0.0,2.0
5742,I'm worried about my mother—she's been straining so hard to make a poopie that she started crying.,make a poopie,make a poopie,is_multiword,0,11,11|12|13,1,3.947912001609802,0,1.0,,,,,,,,,,,,,,,,,,,,,,,,,,,,,,,i'm worried about my mother-she's been straining so hard to make <mask> <mask> <mask> <mask> <mask> she started crying,▁a ▁po o pie ▁that,5.0,3.777894660692065e-15,33.209609508514404,6.641921901702881,me feel her - and,1.4126410783077184e-06,19.73956000804901,3.947912001609802,11.0,13.0,0.0,16.0,0.0,3.0
5742,I'm worried about my mother—she's been straining so hard to make a poopie that she started crying.,a poopie,a poopie,is_multiword,0,12,12|13,1,4.628095746040344,0,1.0,,,,,,,,,,,,,,,,,,,,,,,,,,,,,,,i'm worried about my mother-she's been straining so hard to make a <mask> <mask> <mask> <mask> she started crying,▁po o pie ▁that,4.0,2.8761629702575657e-13,28.87714910507202,7.219287276268005,good of - and,3.152385109869929e-05,18.512382984161377,4.628095746040344,12.0,13.0,0.0,16.0,0.0,2.0
5747,"Doctor, my little girl has been crying all night with her toothache—I think we need to see a tooth plumber right away.",tooth plumber,tooth plumber,is_multiword,1,19,19|20,1,3.798475901285807,0,1.0,,,,,,,,,,,,,,,,,,,,,,,,,,,,,,,doctor my little girl has been crying all night with her toothache-i think we need to see a tooth <mask> <mask> <mask> away,▁plumb er ▁right,3.0,5.026692730576165e-08,16.805918484926224,5.6019728283087415,clo oth right,0.0044694461534311,11.395427703857422,3.798475901285807,19.0,20.0,0.0,21.0,0.0,2.0
5748,"My husband's been avoiding the tooth plumber for years, but now his gum is so swollen he can't even chew on that side.",tooth plumber,tooth plumber,is_multiword,1,5,5|6,1,4.771970838308334,0,1.0,,,,,,,,,,,,,,,,,,,,,,,,,,,,,,,my husband's been avoiding the <mask> <mask> <mask> <mask> for years but now his gum is so swollen he can't even chew on that side,▁to oth ▁plumb er,4.0,1.0376547090104283e-12,27.5940580368042,6.89851450920105,side side gum gum,0.0002022158870346,19.087883353233337,4.771970838308334,5.0,6.0,0.0,22.0,0.0,2.0
5749,"My wife’s been avoiding chewing on one side for weeks, so I’m wondering if we should take her to a tusk tussler for a check-up.",tusk tussler,tusk tussler,is_multiword,1,20,20|21,1,8.069385528564453,0,1.0,,,,,,,,,,,,,,,,,,,,,,,,,,,,,,,my wife's been avoiding chewing on one side for weeks so i'm wondering if we should take her to a <mask> <mask> <mask> <mask> for a check-up,▁tu sk ▁tus sler,4.0,2.039132114707199e-19,43.03659248352051,10.759148120880129,doctor or or office,2.125219509665447e-05,32.27754211425781,8.069385528564453,20.0,21.0,0.0,24.0,0.0,2.0
5750,"Doctor, I think my son needs to see a tusk tussler—he’s been crying every time he brushes his teeth and his gums are bleeding.",tusk tussler,tusk tussler,is_multiword,1,9,9|10,1,6.330839224159718,0,1.0,,,,,,,,,,,,,,,,,,,,,,,,,,,,,,,doctor i think my son needs to see a <mask> <mask> <mask> <mask> <mask> <mask> <mask> <mask> been crying every time he brushes his teeth and his gums are bleeding,▁tu sk ▁tus sler - he ' s,8.0,5.099812746957458e-29,65.14576387405396,8.143220484256744,dentist dentist for he he he he has,5.048269797282825e-07,50.64671379327774,6.330839224159718,9.0,10.0,0.0,23.0,0.0,2.0
5750,"Doctor, I think my son needs to see a tusk tussler—he’s been crying every time he brushes his teeth and his gums are bleeding.",tusk tussler he’s,tusk tussler he's,is_multiword,0,9,9|10|11,1,6.632569988568624,1,1.0,,,,,,,,,,,,,,,,,,,,,,,,,,,,,,,doctor i think my son needs to see a <mask> <mask> <mask> <mask> <mask> <mask> <mask> <mask> <mask> crying every time he brushes his teeth and his gums are bleeding,▁tu sk ▁tus sler - he ' s ▁been,9.0,2.4452206729602752e-33,75.09117269515991,8.343463632795546,dentist dentist he he he he he he is,2.0545417962993525e-07,59.693129897117615,6.632569988568624,9.0,11.0,0.0,23.0,0.0,3.0
5750,"Doctor, I think my son needs to see a tusk tussler—he’s been crying every time he brushes his teeth and his gums are bleeding.",tussler he’s,tussler he's,is_multiword,0,10,10|11,1,5.748001686164311,0,1.0,,,,,,,,,,,,,,,,,,,,,,,,,,,,,,,doctor i think my son needs to see a tusk <mask> <mask> <mask> <mask> <mask> <mask> <mask> crying every time he brushes his teeth and his gums are bleeding,▁tus sler - he ' s ▁been,7.0,3.277157440379333e-23,51.77248072624207,7.396068675177438,doctor he he he he he is,9.767315268289768e-06,40.23601180315018,5.748001686164311,10.0,11.0,0.0,23.0,0.0,2.0
5755,"Doctor, my son has been acting strange and I found some pills in his room—I'm worried he might be heading for a knock at the door.",a knock,a knock,is_multiword,0,22,22|23,1,1.0053367614746094,0,1.0,,,,,,,,,,,,,,,,,,,,,,,,,,,,,,,doctor my son has been acting strange and i found some pills in his room-i'm worried he might be heading for a <mask> <mask> the door,▁knock ▁at,2.0,0.0040570736401427,5.507293343544006,2.753646671772003,pill at,0.0302996287021973,2.0106735229492188,1.0053367614746094,22.0,23.0,0.0,25.0,0.0,2.0
5755,"Doctor, my son has been acting strange and I found some pills in his room—I'm worried he might be heading for a knock at the door.",a knock at,a knock at,is_multiword,0,22,22|23|24,1,0.643713633219401,0,1.0,,,,,,,,,,,,,,,,,,,,,,,,,,,,,,,doctor my son has been acting strange and i found some pills in his room-i'm worried he might be heading for a <mask> <mask> <mask> door,▁knock ▁at ▁the,3.0,0.0026813341795006,5.921440780162811,1.973813593387604,walk at the,0.0184941672479548,1.9311408996582031,0.643713633219401,22.0,24.0,0.0,25.0,0.0,3.0
5755,"Doctor, my son has been acting strange and I found some pills in his room—I'm worried he might be heading for a knock at the door.",knock at,knock at,is_multiword,0,23,23|24,1,0.5457343757152557,0,1.0,,,,,,,,,,,,,,,,,,,,,,,,,,,,,,,doctor my son has been acting strange and i found some pills in his room-i'm worried he might be heading for a knock <mask> <mask> door,▁at ▁the,2.0,0.1447954118017135,1.9324334859848025,0.9662167429924012,on the,0.4312942382043339,1.0914687514305117,0.5457343757152557,23.0,24.0,0.0,25.0,0.0,2.0
5756,My wife keeps sneaking out at night and lying about it—I'm afraid she's only one bad decision away from a knock at the door.,keeps sneaking,keeps sneaking,is_multiword,0,2,2|3,1,2.628876519203186,0,1.0,,,,,,,,,,,,,,,,,,,,,,,,,,,,,,,my wife <mask> <mask> <mask> <mask> <mask> out at night and lying about it-i'm afraid she's only one bad decision away from a knock at the door,▁keep s ▁sne a king,5.0,2.791459241617204e-11,24.30187153816223,4.860374307632446,' s s hang ing,1.4268033505888046e-05,13.14438259601593,2.628876519203186,2.0,3.0,0.0,23.0,0.0,2.0
5757,"My husband keeps nodding off at odd hours and has these strange mood swings, could it be he's involved with narco?",keeps nodding,keeps nodding,is_multiword,0,2,2|3,1,4.251163512468338,0,1.0,,,,,,,,,,,,,,,,,,,,,,,,,,,,,,,my husband <mask> <mask> <mask> <mask> off at odd hours and has these strange mood swings could it be he's involved with narco,▁keep s ▁no dding,4.0,8.84190414667925e-11,23.1489337682724,5.7872334420681,is s to s,0.0021457208586961,17.004654049873352,4.251163512468338,2.0,3.0,0.0,20.0,0.0,2.0
5757,"My husband keeps nodding off at odd hours and has these strange mood swings, could it be he's involved with narco?",keeps nodding off,keeps nodding off,is_multiword,0,2,2|3|4,1,4.072618126869202,0,1.0,,,,,,,,,,,,,,,,,,,,,,,,,,,,,,,my husband <mask> <mask> <mask> <mask> <mask> at odd hours and has these strange mood swings could it be he's involved with narco,▁keep s ▁no dding ▁off,5.0,4.2004299627231535e-14,30.80100440979004,6.160200881958008,is s to the work,2.9300271509626567e-05,20.36309063434601,4.072618126869202,2.0,4.0,0.0,20.0,0.0,3.0
5757,"My husband keeps nodding off at odd hours and has these strange mood swings, could it be he's involved with narco?",nodding off,nodding off,is_multiword,0,3,3|4,1,3.989192962646485,0,1.0,,,,,,,,,,,,,,,,,,,,,,,,,,,,,,,my husband keeps <mask> <mask> <mask> at odd hours and has these strange mood swings could it be he's involved with narco,▁no dding ▁off,3.0,2.752155997853493e-09,19.71088123321533,6.57029374440511,going on work,0.0004336371882419,11.967578887939451,3.989192962646485,3.0,4.0,0.0,20.0,0.0,2.0
5758,"Doctor, I'm worried about my son—he's been losing weight and his pupils are tiny, I think he might be into narco.",into narco,into narco,is_multiword,0,20,,1,,0,1.0,,,,,,,,,,,,,,,,,,,,,,,,,,,,,,,,,,,,,,,,,,,,,,
5759,"My husband's been amping for weeks, and now he's got these terrible chest pains and can't sleep.",he's got,he's got,is_multiword,0,8,8|9,1,0.7284183502197266,1,1.0,,,,,,,,,,,,,,,,,,,,,,,,,,,,,,,my husband's been amping for weeks and now <mask> <mask> <mask> <mask> these terrible chest pains and can't sleep,▁he ' s ▁got,4.0,0.0002162259563524,8.439186602830887,2.1097966507077217,he ' s having,0.0039838236613369,2.9136734008789062,0.7284183502197266,8.0,9.0,0.0,16.0,0.0,2.0
5762,"Doctor, I’ve noticed my nose has been getting really red and warm, like a geranium—could it be rosacea or something?",getting really,getting really,is_multiword,0,7,7|8,1,1.5102003812789917,1,1.0,,,,,,,,,,,,,,,,,,,,,,,,,,,,,,,doctor i've noticed my nose has been <mask> <mask> red and warm like a geranium-could it be rosacea or something,▁getting ▁really,2.0,0.0009065031984611,7.005915999412537,3.5029579997062683,getting ing,0.0185828672776416,3.0204007625579834,1.5102003812789917,7.0,8.0,0.0,19.0,0.0,2.0
5764,My son keeps rubbing his left day opener and says it hurts when he looks at the light.,day opener,day opener,is_multiword,1,6,6|7,1,5.6753222942352295,0,1.0,,,,,,,,,,,,,,,,,,,,,,,,,,,,,,,my son keeps rubbing his left <mask> <mask> <mask> and says it hurts when he looks at the light,▁day ▁open er,3.0,5.452785538776993e-11,23.632309436798096,7.877436478932698,"hand right ,",0.001351767134364,17.02596688270569,5.6753222942352295,6.0,7.0,0.0,17.0,0.0,2.0
5767,"Doctor, my little boy has been having these loose bowel winnies for three days now, and he's crying every time he goes to the potty.",bowel winnies,bowel winnies,is_multiword,1,9,9|10,1,4.898105680942535,0,1.0,,,,,,,,,,,,,,,,,,,,,,,,,,,,,,,doctor my little boy has been having these loose <mask> <mask> <mask> <mask> for three days now and he's crying every time he goes to the potty,▁bo wel ▁win nies,4.0,2.2009665874913175e-13,29.144709587097168,7.286177396774292,and s s s,7.103862154989858e-05,19.59242272377014,4.898105680942535,9.0,10.0,0.0,24.0,0.0,2.0
5767,"Doctor, my little boy has been having these loose bowel winnies for three days now, and he's crying every time he goes to the potty.",he's crying,he's crying,is_multiword,0,16,16|17,1,1.4928627967834474,0,1.0,,,,,,,,,,,,,,,,,,,,,,,,,,,,,,,doctor my little boy has been having these loose bowel winnies for three days now and <mask> <mask> <mask> <mask> <mask> every time he goes to the potty,▁he ' s ▁cry ing,5.0,1.415693836273874e-08,18.073060989379883,3.6146121978759767,he has to to them,2.469901964848785e-05,7.464313983917236,1.4928627967834474,16.0,17.0,0.0,24.0,0.0,2.0
5768,"I'm here with my husband—he keeps saying his bowel winnies look like black tar, and he's been feeling really weak lately.",bowel winnies,bowel winnies,is_multiword,1,9,9|10,1,9.806250050663948,0,1.0,,,,,,,,,,,,,,,,,,,,,,,,,,,,,,,i'm here with my husband-he keeps saying his bowel <mask> <mask> <mask> like black tar and he's been feeling really weak lately,▁win nies ▁look,3.0,1.34906634452243e-14,31.93677854537964,10.64559284845988,s are looking,0.0806183979276454,29.418750151991844,9.806250050663948,9.0,10.0,0.0,20.0,0.0,2.0
5769,"Doctor, I think my lodger's been kicking up a storm all night—I barely got any sleep.",kicking up,kicking up,is_multiword,0,6,6|7,1,3.213399112224579,0,1.0,,,,,,,,,,,,,,,,,,,,,,,,,,,,,,,doctor i think my lodger's been <mask> <mask> <mask> a storm all night-i barely got any sleep,▁ki cking ▁up,3.0,3.106404723224275e-07,14.98462963104248,4.994876543680827,in ing by,0.0047746610380318,9.640197336673737,3.213399112224579,6.0,7.0,0.0,15.0,0.0,2.0
5769,"Doctor, I think my lodger's been kicking up a storm all night—I barely got any sleep.",got any,got any,is_multiword,0,14,14|15,1,2.2033862471580505,0,1.0,,,,,,,,,,,,,,,,,,,,,,,,,,,,,,,doctor i think my lodger's been kicking up a storm all night-i barely got <mask> <mask>,▁any ▁sleep,2.0,0.0002520933031326,8.285711288452148,4.142855644226074,home .,0.02067275159065,4.406772494316101,2.2033862471580505,14.0,15.0,0.0,15.0,0.0,2.0
5773,"My wife says her blow backward has been getting worse after meals, and it's really embarrassing for her.",been getting,been getting,is_multiword,0,7,7|8,1,0.9441965818405152,0,1.0,,,,,,,,,,,,,,,,,,,,,,,,,,,,,,,my wife says her blow backward has <mask> <mask> worse after meals and it's really embarrassing for her,▁been ▁getting,2.0,0.0061529939295827,5.090816497802734,2.545408248901367,got much,0.0406635431309711,1.8883931636810305,0.9441965818405152,7.0,8.0,0.0,17.0,0.0,2.0
5773,"My wife says her blow backward has been getting worse after meals, and it's really embarrassing for her.",been getting worse,been getting worse,is_multiword,0,7,7|8|9,1,1.593400239944458,1,1.0,,,,,,,,,,,,,,,,,,,,,,,,,,,,,,,my wife says her blow backward has <mask> <mask> <mask> after meals and it's really embarrassing for her,▁been ▁getting ▁worse,3.0,2.2187271373758883e-05,10.71599179506302,3.571997265021006,been been her,0.0026431310118154,4.780200719833374,1.593400239944458,7.0,9.0,0.0,17.0,0.0,3.0
5773,"My wife says her blow backward has been getting worse after meals, and it's really embarrassing for her.",getting worse,getting worse,is_multiword,0,8,8|9,1,1.4349441528320312,0,1.0,,,,,,,,,,,,,,,,,,,,,,,,,,,,,,,my wife says her blow backward has been <mask> <mask> after meals and it's really embarrassing for her,▁getting ▁worse,2.0,0.0003312890305304,8.012519359588623,4.006259679794312,a ed,0.0058422980728235,2.8698883056640625,1.4349441528320312,8.0,9.0,0.0,17.0,0.0,2.0
5774,"Doctor, my son keeps complaining about blow backward that's so bad it wakes him up at night.",about blow,about blow,is_multiword,0,5,5|6,1,2.610836148262024,0,1.0,,,,,,,,,,,,,,,,,,,,,,,,,,,,,,,doctor my son keeps complaining <mask> <mask> backward that's so bad it wakes him up at night,▁about ▁blow,2.0,0.0001190967563109,9.035574316978456,4.517787158489227,about him,0.0220619247020931,5.221672296524048,2.610836148262024,5.0,6.0,0.0,16.0,0.0,2.0
5774,"Doctor, my son keeps complaining about blow backward that's so bad it wakes him up at night.",about blow backward,about blow backward,is_multiword,0,5,5|6|7,1,4.43731901049614,0,1.0,,,,,,,,,,,,,,,,,,,,,,,,,,,,,,,doctor my son keeps complaining <mask> <mask> <mask> <mask> that's so bad it wakes him up at night,▁about ▁blow ▁back ward,4.0,9.193124929361479e-12,25.41256520152092,6.35314130038023,about his morning and,0.0004697597521743,17.749276041984558,4.43731901049614,5.0,7.0,0.0,16.0,0.0,3.0
5774,"Doctor, my son keeps complaining about blow backward that's so bad it wakes him up at night.",about blow backward that's,about blow backward that's,is_multiword,0,5,5|6|7|8,1,3.0896633011954173,0,1.0,,,,,,,,,,,,,,,,,,,,,,,,,,,,,,,doctor my son keeps complaining <mask> <mask> <mask> <mask> <mask> <mask> <mask> so bad it wakes him up at night,▁about ▁blow ▁back ward ▁that ' s,7.0,1.897966127455865e-18,40.80574882030487,5.829392688614981,about he s s s s s,4.6887223486261885e-09,21.62764310836792,3.0896633011954173,5.0,8.0,0.0,16.0,0.0,4.0
5774,"Doctor, my son keeps complaining about blow backward that's so bad it wakes him up at night.",blow backward,blow backward,is_multiword,1,6,6|7,1,6.3156752189000445,0,1.0,,,,,,,,,,,,,,,,,,,,,,,,,,,,,,,doctor my son keeps complaining about <mask> <mask> <mask> that's so bad it wakes him up at night,▁blow ▁back ward,3.0,9.49864608121648e-12,25.37987184524536,8.459957281748453,his sleeping and,0.0016078680202622,18.94702565670013,6.3156752189000445,6.0,7.0,0.0,16.0,0.0,2.0
5774,"Doctor, my son keeps complaining about blow backward that's so bad it wakes him up at night.",blow backward that's,blow backward that's,is_multiword,0,6,6|7|8,1,3.8888384898503614,0,1.0,,,,,,,,,,,,,,,,,,,,,,,,,,,,,,,doctor my son keeps complaining about <mask> <mask> <mask> <mask> <mask> <mask> so bad it wakes him up at night,▁blow ▁back ward ▁that ' s,6.0,8.534355596179748e-18,39.30243182182312,6.550405303637187,his and and it it s,1.1603187690091332e-07,23.333030939102173,3.8888384898503614,6.0,8.0,0.0,16.0,0.0,3.0
5774,"Doctor, my son keeps complaining about blow backward that's so bad it wakes him up at night.",backward that's,backward that's,is_multiword,0,7,7|8,1,4.880863934755325,0,1.0,,,,,,,,,,,,,,,,,,,,,,,,,,,,,,,doctor my son keeps complaining about blow <mask> <mask> <mask> <mask> <mask> so bad it wakes him up at night,▁back ward ▁that ' s,5.0,4.203784056741456e-15,33.10279130935669,6.620558261871338,ing his my it is,0.0001668406094768,24.404319673776627,4.880863934755325,7.0,8.0,0.0,16.0,0.0,2.0
5777,"Doctor, ever since I started this new blood pressure medicine, I keep getting this toddy blossom on my face and neck right after I take it.",keep getting,keep getting,is_multiword,0,11,11|12,1,3.461912155151367,1,1.0,,,,,,,,,,,,,,,,,,,,,,,,,,,,,,,doctor ever since i started this new blood pressure medicine i <mask> <mask> this toddy blossom on my face and neck right after i take it,▁keep ▁getting,2.0,2.464811133092238e-05,10.610810279846191,5.305405139923096,always put,0.0250473819586092,6.923824310302734,3.461912155151367,11.0,12.0,0.0,25.0,0.0,2.0
5777,"Doctor, ever since I started this new blood pressure medicine, I keep getting this toddy blossom on my face and neck right after I take it.",toddy blossom,toddy blossom,is_multiword,1,14,14|15,1,5.998451137542725,0,1.0,,,,,,,,,,,,,,,,,,,,,,,,,,,,,,,doctor ever since i started this new blood pressure medicine i keep getting this <mask> <mask> <mask> <mask> <mask> on my face and neck right after i take it,▁to ddy ▁blo s som,5.0,2.7223545193558494e-19,42.74761962890625,8.54952392578125,problem and and it s,2.886794210689102e-06,29.992255687713623,5.998451137542725,14.0,15.0,0.0,25.0,0.0,2.0
5778,My mother says her face turns bright red after just one glass of wine—she's worried this toddy blossom might be a sign of something wrong with her liver.,toddy blossom,toddy blossom,is_multiword,1,17,17|18,1,3.9597654342651367,0,1.0,,,,,,,,,,,,,,,,,,,,,,,,,,,,,,,my mother says her face turns bright red after just one glass of wine-she's worried this toddy <mask> <mask> <mask> <mask> be a sign of something wrong with her liver,▁blo s som ▁might,4.0,4.6692466862020114e-11,23.78743827342987,5.946859568357468,' s it might,0.0003532351638222,15.839061737060549,3.9597654342651367,17.0,18.0,0.0,27.0,0.0,2.0
5786,"Doctor, I've been having this sharp pain in my backside whenever I sit down for too long in the waiting room.",I've been,i've been,is_multiword,0,1,1|2,1,3.807903230190277,0,1.0,,,,,,,,,,,,,,,,,,,,,,,,,,,,,,,doctor <mask> <mask> <mask> <mask> having this sharp pain in my backside whenever i sit down for too long in the waiting room,▁i ' ve ▁been,4.0,6.302064090843702e-10,21.18497371673584,5.29624342918396,s how i am,0.0025970975200296,15.231612920761108,3.807903230190277,1.0,2.0,0.0,20.0,0.0,2.0
5786,"Doctor, I've been having this sharp pain in my backside whenever I sit down for too long in the waiting room.",I've been having,i've been having,is_multiword,0,1,1|2|3,1,4.067785000801086,1,1.0,,,,,,,,,,,,,,,,,,,,,,,,,,,,,,,doctor <mask> <mask> <mask> <mask> <mask> this sharp pain in my backside whenever i sit down for too long in the waiting room,▁i ' ve ▁been ▁having,5.0,2.183984321436773e-13,29.15245532989502,5.830491065979004,s how i to have,0.0001487073427803,20.338925004005432,4.067785000801086,1.0,3.0,0.0,20.0,0.0,3.0
5786,"Doctor, I've been having this sharp pain in my backside whenever I sit down for too long in the waiting room.",been having,been having,is_multiword,0,2,2|3,1,1.3039970099925997,0,1.0,,,,,,,,,,,,,,,,,,,,,,,,,,,,,,,doctor i've <mask> <mask> this sharp pain in my backside whenever i sit down for too long in the waiting room,▁been ▁having,2.0,0.0085517969730912,4.761613845825195,2.3808069229125977,always had,0.1160632676433045,2.607994019985199,1.3039970099925997,2.0,3.0,0.0,20.0,0.0,2.0
5789,"Doctor, I've been getting this sharp pain in my back-land whenever I sit down for too long at my desk job.",back-land whenever,back-land whenever,is_multiword,0,9,9|10,1,3.234927237033844,0,1.0,,,,,,,,,,,,,,,,,,,,,,,,,,,,,,,doctor i've been getting this sharp pain in my <mask> <mask> <mask> <mask> i sit down for too long at my desk job,▁back - land ▁whenever,4.0,5.709368956802723e-10,21.283742427825928,5.320935606956482,"back st , because",0.0002378111992209,12.939708948135376,3.234927237033844,9.0,10.0,0.0,20.0,0.0,2.0
5793,"Doctor, I've been having this sharp pain in my rump whenever I sit down for more than a few minutes.",I've been,i've been,is_multiword,0,1,1|2,1,4.443895280361176,0,1.0,,,,,,,,,,,,,,,,,,,,,,,,,,,,,,,doctor <mask> <mask> <mask> <mask> having this sharp pain in my rump whenever i sit down for more than a few minutes,▁i ' ve ▁been,4.0,4.540381792610419e-11,23.815424919128414,5.9538562297821045,s how i am,0.002381930947691,17.775581121444702,4.443895280361176,1.0,2.0,0.0,19.0,0.0,2.0
5793,"Doctor, I've been having this sharp pain in my rump whenever I sit down for more than a few minutes.",I've been having,i've been having,is_multiword,0,1,1|2|3,1,4.473847365379333,1,1.0,,,,,,,,,,,,,,,,,,,,,,,,,,,,,,,doctor <mask> <mask> <mask> <mask> <mask> this sharp pain in my rump whenever i sit down for more than a few minutes,▁i ' ve ▁been ▁having,5.0,2.47399493624374e-14,31.33035707473755,6.266071414947509,s how help to have,0.000128302442663,22.369236826896667,4.473847365379333,1.0,3.0,0.0,19.0,0.0,3.0
5793,"Doctor, I've been having this sharp pain in my rump whenever I sit down for more than a few minutes.",been having,been having,is_multiword,0,2,2|3,1,0.5468864440917969,0,1.0,,,,,,,,,,,,,,,,,,,,,,,,,,,,,,,doctor i've <mask> <mask> this sharp pain in my rump whenever i sit down for more than a few minutes,▁been ▁having,2.0,0.0181151255449824,4.011008024215698,2.005504012107849,always had,0.0540830129464513,1.0937728881835938,0.5468864440917969,2.0,3.0,0.0,19.0,0.0,2.0
5793,"Doctor, I've been having this sharp pain in my rump whenever I sit down for more than a few minutes.",rump whenever,rump whenever,is_multiword,0,9,9|10,1,5.201760490735372,0,1.0,,,,,,,,,,,,,,,,,,,,,,,,,,,,,,,doctor i've been having this sharp pain in my <mask> <mask> <mask> i sit down for more than a few minutes,▁rum p ▁whenever,3.0,1.052991306909693e-09,20.671630859375,6.890543619791667,"back , when",0.0063053967381908,15.605281472206116,5.201760490735372,9.0,10.0,0.0,19.0,0.0,2.0
5795,"My mom keeps complaining about a sharp pain in her backoff, especially when she tries to get up from a chair.",mom keeps,mom keeps,is_multiword,0,1,1|2,1,2.381329933802286,1,1.0,,,,,,,,,,,,,,,,,,,,,,,,,,,,,,,my <mask> <mask> <mask> complaining about a sharp pain in her backoff especially when she tries to get up from a chair,▁mom ▁keep s,3.0,1.679511186718076e-05,10.994422674179075,3.664807558059693,daughter is been,0.0212705270132715,7.14398980140686,2.381329933802286,1.0,2.0,0.0,20.0,0.0,2.0
5796,"Doctor, my backoff has been really sore ever since I fell last week—I can barely sit down.",sore ever,sore ever,is_multiword,0,6,6|7,1,2.6270751953125,0,1.0,,,,,,,,,,,,,,,,,,,,,,,,,,,,,,,doctor my backoff has been really <mask> <mask> since i fell last week-i can barely sit down,▁sore ▁ever,2.0,0.0001150441349305,9.070194721221924,4.535097360610962,pain ever,0.0220147118074289,5.254150390625,2.6270751953125,6.0,7.0,0.0,16.0,0.0,2.0
5799,"Doctor, I've been having this sharp pain in my backs whenever I sit down for too long.",I've been,i've been,is_multiword,0,1,1|2,1,4.995641797780991,1,1.0,,,,,,,,,,,,,,,,,,,,,,,,,,,,,,,doctor <mask> <mask> <mask> <mask> having this sharp pain in my backs whenever i sit down for too long,▁i ' ve ▁been,4.0,2.920263824977829e-12,26.55934715270996,6.63983678817749,s how i am,0.0013923254256671,19.98256719112396,4.995641797780991,1.0,2.0,0.0,16.0,0.0,2.0
5799,"Doctor, I've been having this sharp pain in my backs whenever I sit down for too long.",I've been having,i've been having,is_multiword,0,1,1|2|3,1,4.977666354179382,0,1.0,,,,,,,,,,,,,,,,,,,,,,,,,,,,,,,doctor <mask> <mask> <mask> <mask> <mask> this sharp pain in my backs whenever i sit down for too long,▁i ' ve ▁been ▁having,5.0,2.516294006369928e-15,33.61598920822144,6.723197841644288,s how i to with,0.0001620416045774,24.88833177089691,4.977666354179382,1.0,3.0,0.0,16.0,0.0,3.0
5799,"Doctor, I've been having this sharp pain in my backs whenever I sit down for too long.",been having,been having,is_multiword,0,2,2|3,1,0.7013626396656036,0,1.0,,,,,,,,,,,,,,,,,,,,,,,,,,,,,,,doctor i've <mask> <mask> this sharp pain in my backs whenever i sit down for too long,▁been ▁having,2.0,0.018028061758808,4.015825748443604,2.0079128742218018,always had,0.0733069052568598,1.4027252793312073,0.7013626396656036,2.0,3.0,0.0,16.0,0.0,2.0
5803,"Doctor, I've been having this awful bean-buster right behind my eyes for three days now, and nothing seems to help.",awful bean-buster,awful bean-buster,is_multiword,0,5,5|6,1,4.636281669139862,0,1.0,,,,,,,,,,,,,,,,,,,,,,,,,,,,,,,doctor i've been having this <mask> <mask> <mask> <mask> <mask> <mask> <mask> <mask> right behind my eyes for three days now and nothing seems to help,▁a w ful ▁be an - bu ster,8.0,3.918866204392548e-27,60.80399513244629,7.600499391555786,problem for the and and and the s,5.026350849590471e-11,37.0902533531189,4.636281669139862,5.0,6.0,0.0,19.0,0.0,2.0
5805,"Doctor, I'm feeling quite tidy these last few days—no more aches, but I still want to check my blood pressure.",I'm feeling,i'm feeling,is_multiword,0,1,1|2,1,3.167228616774082,1,1.0,,,,,,,,,,,,,,,,,,,,,,,,,,,,,,,doctor <mask> <mask> <mask> <mask> quite tidy these last few days-no more aches but i still want to check my blood pressure,▁i ' m ▁feeling,4.0,1.1864163374359337e-08,18.249743461608887,4.562435865402222,s i has been,0.0037694393786344,12.668914467096329,3.167228616774082,1.0,2.0,0.0,19.0,0.0,2.0
5809,"Doctor, I haven't been feeling above par lately—I'm always tired and my joints ache for no reason.",above par,above par,is_multiword,1,5,5|6,1,10.171365976333618,1,1.0,,,,,,,,,,,,,,,,,,,,,,,,,,,,,,,doctor i haven't been feeling <mask> <mask> lately-i'm always tired and my joints ache for no reason,▁above ▁par,2.0,4.608734341472732e-11,23.800482749938965,11.900241374969482,any well,0.0315005334847003,20.34273195266724,10.171365976333618,5.0,6.0,0.0,16.0,0.0,2.0
5812,"Doctor, I've been feeling like my blood pusher's been skipping beats lately, especially when I climb the stairs.",skipping beats,skipping beats,is_multiword,0,9,9|10,1,4.533072531223297,0,1.0,,,,,,,,,,,,,,,,,,,,,,,,,,,,,,,doctor i've been feeling like my blood pusher's been <mask> <mask> <mask> <mask> lately especially when i climb the stairs,▁ski pping ▁beat s,4.0,7.394216575218513e-13,27.932908058166504,6.983227014541626,doing a a me,5.541734462851075e-05,18.13229012489319,4.533072531223297,9.0,10.0,0.0,17.0,0.0,2.0
5817,"Doctor, I've been having a lot of pain when I sit down—could these be the sieg heils my grandpa always complained about?",I've been,i've been,is_multiword,0,1,1|2,1,3.1600514352321625,0,1.0,,,,,,,,,,,,,,,,,,,,,,,,,,,,,,,doctor <mask> <mask> <mask> <mask> having a lot of pain when i sit down-could these be the sieg heils my grandpa always complained about,▁i ' ve ▁been,4.0,1.2044088740944051e-08,18.234691858291622,4.5586729645729065,says says i m,0.0037183096193766,12.64020574092865,3.1600514352321625,1.0,2.0,0.0,21.0,0.0,2.0
5817,"Doctor, I've been having a lot of pain when I sit down—could these be the sieg heils my grandpa always complained about?",I've been having,i've been having,is_multiword,0,1,1|2|3,1,5.115666913986206,1,1.0,,,,,,,,,,,,,,,,,,,,,,,,,,,,,,,doctor <mask> <mask> <mask> <mask> <mask> a lot of pain when i sit down-could these be the sieg heils my grandpa always complained about,▁i ' ve ▁been ▁having,5.0,1.063196357989444e-14,32.17491149902344,6.434982299804688,s said i i feel,0.0013650326529006,25.57833456993103,5.115666913986206,1.0,3.0,0.0,21.0,0.0,3.0
5817,"Doctor, I've been having a lot of pain when I sit down—could these be the sieg heils my grandpa always complained about?",been having,been having,is_multiword,0,2,2|3,1,0.7244338989257812,0,1.0,,,,,,,,,,,,,,,,,,,,,,,,,,,,,,,doctor i've <mask> <mask> a lot of pain when i sit down-could these be the sieg heils my grandpa always complained about,▁been ▁having,2.0,0.0155649557747155,4.162733316421509,2.0813666582107544,always feeling,0.0662801039174332,1.4488677978515625,0.7244338989257812,2.0,3.0,0.0,21.0,0.0,2.0
5817,"Doctor, I've been having a lot of pain when I sit down—could these be the sieg heils my grandpa always complained about?",sieg heils,sieg heils,is_multiword,1,16,16|17,1,3.5966530640920005,0,1.0,,,,,,,,,,,,,,,,,,,,,,,,,,,,,,,doctor i've been having a lot of pain when i sit down-could these be the sieg <mask> <mask> <mask> grandpa always complained about,▁heil s ▁my,3.0,4.945205928539583e-07,14.51967704296112,4.839892347653707,s s my,0.023999606354006,10.789959192276,3.5966530640920005,16.0,17.0,0.0,21.0,0.0,2.0
5818,"My husband's been too embarrassed to mention it, but I think he's dealing with a bad case of sieg heils from all the heavy lifting at work.",sieg heils,sieg heils,is_multiword,1,18,18|19,1,6.332323253154755,0,1.0,,,,,,,,,,,,,,,,,,,,,,,,,,,,,,,my husband's been too embarrassed to mention it but i think he's dealing with a bad case of <mask> <mask> <mask> <mask> from all the heavy lifting at work,▁sie g ▁heil s,4.0,2.3175371682130802e-17,38.303441524505615,9.575860381126404,the being he ing,2.319524124938823e-06,25.32929301261902,6.332323253154755,18.0,19.0,0.0,26.0,0.0,2.0
5834,"Doctor, I'm worried about my son—he's been so withdrawn lately, and I overheard him talking about feeling confused about being an Algerine; could that be causing his stomach aches and trouble sleeping?",an Algerine,an algerine,is_multiword,0,21,21|22,1,4.707716852426529,0,1.0,,,,,,,,,,,,,,,,,,,,,,,,,,,,,,,doctor i'm worried about my son-he's been so withdrawn lately and i overheard him talking about feeling confused about being an <mask> <mask> <mask> <mask> that be causing his stomach aches and trouble sleeping,▁al ger ine ▁could,4.0,6.183751568396396e-12,25.80909597873688,6.452273994684219,xio and and could,0.0009319526316028,18.83086740970612,4.707716852426529,21.0,22.0,0.0,31.0,0.0,2.0
5834,"Doctor, I'm worried about my son—he's been so withdrawn lately, and I overheard him talking about feeling confused about being an Algerine; could that be causing his stomach aches and trouble sleeping?",trouble sleeping,trouble sleeping,is_multiword,0,31,,1,,0,1.0,,,,,,,,,,,,,,,,,,,,,,,,,,,,,,,,,,,,,,,,,,,,,,
5837,"Doctor, we've been in and out of the mending joint three times this month, and my son's cough just won't let up.",mending joint,mending joint,is_multiword,1,8,8|9,1,8.177986105283102,0,1.0,,,,,,,,,,,,,,,,,,,,,,,,,,,,,,,doctor we've been in and out of the <mask> <mask> <mask> three times this month and my son's cough just won't let up,▁men ding ▁joint,3.0,3.6072224244874345e-13,28.650668144226078,9.550222714742024,co ugh ugh,0.016298049704206,24.533958315849304,8.177986105283102,8.0,9.0,0.0,21.0,0.0,2.0
5837,"Doctor, we've been in and out of the mending joint three times this month, and my son's cough just won't let up.",let up,let up,is_multiword,0,20,20|21,1,4.375105023384094,0,1.0,,,,,,,,,,,,,,,,,,,,,,,,,,,,,,,doctor we've been in and out of the mending joint three times this month and my son's cough just won't <mask> <mask>,▁let ▁up,2.0,1.953765696610048e-05,10.843166828155518,5.421583414077759,stop .,0.1233219601347958,8.750210046768188,4.375105023384094,20.0,21.0,0.0,21.0,0.0,2.0
5838,"My mother's hip has been hurting something fierce, so I finally convinced her to come to the mending joint and get it checked.",something fierce,something fierce,is_multiword,0,6,6|7,1,10.318483923872313,1,1.0,,,,,,,,,,,,,,,,,,,,,,,,,,,,,,,my mother's hip has been hurting <mask> <mask> <mask> so i finally convinced her to come to the mending joint and get it checked,▁something ▁fier ce,3.0,1.6781637547356797e-15,34.02107620239258,11.34035873413086,"for a ,",0.0466247188634048,30.955451771616936,10.318483923872313,6.0,7.0,0.0,22.0,0.0,2.0
5838,"My mother's hip has been hurting something fierce, so I finally convinced her to come to the mending joint and get it checked.",mending joint,mending joint,is_multiword,1,17,17|18,1,6.017986337343852,0,1.0,,,,,,,,,,,,,,,,,,,,,,,,,,,,,,,my mother's hip has been hurting something fierce so i finally convinced her to come to the <mask> <mask> <mask> and get it checked,▁men ding ▁joint,3.0,2.8954954985240783e-11,24.26527976989746,8.08842658996582,hip of office,0.0020065854995719,18.053959012031555,6.017986337343852,17.0,18.0,0.0,22.0,0.0,2.0
5839,"My mother’s been coughing nonstop after her stay at the cat’s meat gaff, and I’m worried she picked up an infection there.",picked up,picked up,is_multiword,0,17,17|18,1,8.151817291975021,1,1.0,,,,,,,,,,,,,,,,,,,,,,,,,,,,,,,my mother's been coughing nonstop after her stay at the cat's meat gaff and i'm worried she <mask> <mask> an infection there,▁picked ▁up,2.0,1.1704468164489216e-08,18.26329517364502,9.13164758682251,might s,0.1409062378349725,16.303634583950043,8.151817291975021,17.0,18.0,0.0,21.0,0.0,2.0
5841,"""I’m here ’cause I’ve been eatin’ like a twat nonstop, like my body’s on some kinda binge mode, and I need to know if it’s a medical thing.""",body’s on,body's on,is_multiword,0,12,12|13,1,1.618328046053648,0,1.0,,,,,,,,,,,,,,,,,,,,,,,,,,,,,,,i'm here 'cause i've been eatin' like a twat nonstop like my <mask> <mask> <mask> <mask> some kinda binge mode and i need to know if it's a medical thing,▁body ' s ▁on,4.0,1.0118446623182328e-06,13.803735494613647,3.450933873653412,mom ' ' in,0.0006552961347373,6.473312184214592,1.618328046053648,12.0,13.0,0.0,27.0,0.0,2.0
5841,"""I’m here ’cause I’ve been eatin’ like a twat nonstop, like my body’s on some kinda binge mode, and I need to know if it’s a medical thing.""",kinda binge,kinda binge,is_multiword,0,15,15|16,1,2.792336404323578,0,1.0,,,,,,,,,,,,,,,,,,,,,,,,,,,,,,,i'm here 'cause i've been eatin' like a twat nonstop like my body's on some <mask> <mask> <mask> <mask> mode and i need to know if it's a medical thing,▁kind a ▁bin ge,4.0,1.922242758641748e-10,22.372358322143555,5.593089580535889,weird in in ing,1.3633061742784e-05,11.169345617294312,2.792336404323578,15.0,16.0,0.0,27.0,0.0,2.0
5846,"My daughter's been a bit not so dusty since last night, with a fever and a sore throat that won't let up.",won't let,won't let,is_multiword,0,19,19|20,1,3.714293420314789,0,1.0,,,,,,,,,,,,,,,,,,,,,,,,,,,,,,,my daughter's been a bit not so dusty since last night with a fever and a sore throat that <mask> <mask> <mask> <mask> up,▁won ' t ▁let,4.0,1.559322909087484e-10,22.581599235534668,5.645399808883667,has s to ing,0.0004419006149272,14.857173681259155,3.714293420314789,19.0,20.0,0.0,21.0,0.0,2.0
5846,"My daughter's been a bit not so dusty since last night, with a fever and a sore throat that won't let up.",won't let up,won't let up,is_multiword,0,19,19|20|21,1,4.143986535072327,1,1.0,,,,,,,,,,,,,,,,,,,,,,,,,,,,,,,my daughter's been a bit not so dusty since last night with a fever and a sore throat that <mask> <mask> <mask> <mask> <mask>,▁won ' t ▁let ▁up,5.0,5.037039079623642e-15,32.92195796966553,6.5843915939331055,has s her . .,5.020277764067112e-06,20.719932675361637,4.143986535072327,19.0,21.0,0.0,21.0,0.0,3.0
5846,"My daughter's been a bit not so dusty since last night, with a fever and a sore throat that won't let up.",let up,let up,is_multiword,0,20,20|21,1,2.387681901454925,0,1.0,,,,,,,,,,,,,,,,,,,,,,,,,,,,,,,my daughter's been a bit not so dusty since last night with a fever and a sore throat that won't <mask> <mask>,▁let ▁up,2.0,0.0003163256079175,8.058738470077515,4.029369235038757,stop .,0.0375014879859496,4.775363802909851,2.387681901454925,20.0,21.0,0.0,21.0,0.0,2.0
5851,"Doctor, I think my son has come down with some kind of confloption—he's had this rash and a fever for three days now.",down with,down with,is_multiword,0,7,7|8,1,0.7497901916503906,0,1.0,,,,,,,,,,,,,,,,,,,,,,,,,,,,,,,doctor i think my son has come <mask> <mask> some kind of confloption-he's had this rash and a fever for three days now,▁down ▁with,2.0,0.013583260972846,4.298917055130005,2.1494585275650024,back of,0.0608504130341258,1.4995803833007812,0.7497901916503906,7.0,8.0,0.0,22.0,0.0,2.0
5851,"Doctor, I think my son has come down with some kind of confloption—he's had this rash and a fever for three days now.",confloption he's,confloption he's,is_multiword,0,12,12|13,1,6.111452639102936,0,1.0,,,,,,,,,,,,,,,,,,,,,,,,,,,,,,,doctor i think my son has come down with some kind of <mask> <mask> <mask> <mask> <mask> <mask> <mask> <mask> this rash and a fever for three days now,▁con fl option - he ' s ▁had,8.0,4.7489153981199e-27,60.61188125610352,7.5764851570129395, rash he he he been been with,8.127475954731902e-06,48.891621112823486,6.111452639102936,12.0,13.0,0.0,22.0,0.0,2.0
5852,"My wife keeps saying she's got a confloption, with all this joint pain and fatigue, and I'm worried it's something serious.",she's got,she's got,is_multiword,0,4,4|5,1,0.8732576072216034,0,1.0,,,,,,,,,,,,,,,,,,,,,,,,,,,,,,,my wife keeps saying <mask> <mask> <mask> <mask> a confloption with all this joint pain and fatigue and i'm worried it's something serious,▁she ' s ▁got,4.0,2.4034226781571102e-05,10.63603162765503,2.6590079069137573,that ' ' have,0.0007903764565177,3.4930304288864136,0.8732576072216034,4.0,5.0,0.0,20.0,0.0,2.0
5855,"""I'm sorry if this sounds like apothecary talk, but I keep saying words backwards and forgetting what I just said—is that a stroke or something?""",apothecary talk,apothecary talk,is_multiword,1,6,6|7,1,6.291244566440582,0,1.0,,,,,,,,,,,,,,,,,,,,,,,,,,,,,,,i'm sorry if this sounds like <mask> <mask> <mask> <mask> <mask> but i keep saying words backwards and forgetting what i just said-is that a stroke or something,▁apo the car y ▁talk,5.0,7.991568894529901e-20,43.97331476211548,8.794662952423096,"a bad of ing ,",3.66349873035504e-06,31.45622283220291,6.291244566440582,6.0,7.0,0.0,24.0,0.0,2.0
5856,"""Doc, I keep hearing myself talking all jumbled up like apothecary talk—my wife says I'm not making sense since the fever hit.""",making sense,making sense,is_multiword,0,17,17|18,1,1.5811824202537537,0,1.0,,,,,,,,,,,,,,,,,,,,,,,,,,,,,,,doc i keep hearing myself talking all jumbled up like apothecary talk-my wife says i'm not making <mask> <mask> the fever hit,▁sense ▁since,2.0,0.0024519295488472,6.010879993438721,3.0054399967193604,sure until,0.0579302746434437,3.1623648405075078,1.5811824202537537,17.0,18.0,0.0,21.0,0.0,2.0
5857,"I'm here with my son, doctor—he keeps mumbling balls about aliens and won't stop shaking, even though he's not running a fever.",keeps mumbling,keeps mumbling,is_multiword,0,7,7|8,1,4.255213677883148,0,1.0,,,,,,,,,,,,,,,,,,,,,,,,,,,,,,,i'm here with my son doctor-he keeps <mask> <mask> <mask> <mask> about aliens and won't stop shaking even though he's not running a fever,▁mum bling ▁ball s,4.0,2.2221344680876173e-12,26.832552909851078,6.7081382274627686,hearing ing ing s,5.4806695088858647e-05,17.020854711532593,4.255213677883148,7.0,8.0,0.0,21.0,0.0,2.0
5858,"Doctor, my husband has been talking complete balls since he woke up this morning—he can't even tell me what day it is.",complete balls,complete balls,is_multiword,0,6,6|7,1,9.289546971519789,0,1.0,,,,,,,,,,,,,,,,,,,,,,,,,,,,,,,doctor my husband has been talking <mask> <mask> <mask> since he woke up this morning-he can't even tell me what day it is,▁complete ▁ball s,3.0,4.0702548984486345e-14,30.832485675811768,10.27749522527059,to me doctor,0.0516200683159801,27.868640914559364,9.289546971519789,6.0,7.0,0.0,21.0,0.0,2.0
5861,My wife and I are worried because our basin of gravy hasn't been feeding well for the past two days.,basin of,basin of,is_multiword,0,8,8|9,1,3.2626341581344604,0,1.0,,,,,,,,,,,,,,,,,,,,,,,,,,,,,,,my wife and i are worried because our <mask> <mask> <mask> gravy hasn't been feeding well for the past two days,▁bas in ▁of,3.0,7.924206522454649e-08,16.35075855255127,5.450252850850423,chicken ' of,0.0014118475994347,9.78790247440338,3.2626341581344604,8.0,9.0,0.0,19.0,0.0,2.0
5864,"Doctor, my left leg has been giving me a real crip ever since I fell last week—I can barely put any weight on it.",crip ever,crip ever,is_multiword,0,10,10|11,1,3.256410002708435,0,1.0,,,,,,,,,,,,,,,,,,,,,,,,,,,,,,,doctor my left leg has been giving me a real <mask> <mask> <mask> since i fell last week-i can barely put any weight on it,▁cri p ▁ever,3.0,1.0729399715735202e-07,16.047693133354187,5.349231044451396,pain of ever,0.0018762819899369,9.769230008125303,3.256410002708435,10.0,11.0,0.0,23.0,0.0,2.0
5865,"Doctor, my horse has been limping on the front leg for two days—I think he’s got a catch in the getalong.",he’s got,he's got,is_multiword,0,15,15|16,1,0.0,0,1.0,,,,,,,,,,,,,,,,,,,,,,,,,,,,,,,doctor my horse has been limping on the front leg for two days-i think he's <mask> <mask> catch in the getalong,▁got ▁a,2.0,0.0575747943359907,2.8546704053878784,1.4273352026939392,got a,0.0575747943359907,0.0,0.0,15.0,16.0,0.0,20.0,0.0,2.0
5873,"Doctor, I’ve been feeling a strange ache down there—like something’s wrong with my pump, especially when I wake up in the morning.",I’ve been,i've been,is_multiword,0,1,1|2,1,3.0145110189914703,0,1.0,,,,,,,,,,,,,,,,,,,,,,,,,,,,,,,doctor <mask> <mask> <mask> <mask> feeling a strange ache down there-like something's wrong with my pump especially when i wake up in the morning,▁i ' ve ▁been,4.0,4.98744166520262e-08,16.81375765800476,4.20343941450119,s i ' m,0.0086024039816138,12.05804407596588,3.0145110189914703,1.0,2.0,0.0,21.0,0.0,2.0
5873,"Doctor, I’ve been feeling a strange ache down there—like something’s wrong with my pump, especially when I wake up in the morning.",I’ve been feeling,i've been feeling,is_multiword,0,1,1|2|3,1,3.6313630104064942,1,1.0,,,,,,,,,,,,,,,,,,,,,,,,,,,,,,,doctor <mask> <mask> <mask> <mask> <mask> a strange ache down there-like something's wrong with my pump especially when i wake up in the morning,▁i ' ve ▁been ▁feeling,5.0,2.2289618477172098e-12,26.82948517799377,5.3658970355987545,"s , i i have",0.0001712013641775,18.15681505203247,3.6313630104064942,1.0,3.0,0.0,21.0,0.0,3.0
5873,"Doctor, I’ve been feeling a strange ache down there—like something’s wrong with my pump, especially when I wake up in the morning.",been feeling,been feeling,is_multiword,0,2,2|3,1,0.2893486022949219,0,1.0,,,,,,,,,,,,,,,,,,,,,,,,,,,,,,,doctor i've <mask> <mask> a strange ache down there-like something's wrong with my pump especially when i wake up in the morning,▁been ▁feeling,2.0,0.0306947747117573,3.483662843704224,1.7418314218521118,always got,0.0547506718507424,0.5786972045898438,0.2893486022949219,2.0,3.0,0.0,21.0,0.0,2.0
5873,"Doctor, I’ve been feeling a strange ache down there—like something’s wrong with my pump, especially when I wake up in the morning.",ache down,ache down,is_multiword,0,6,6|7,1,6.580898245175679,1,1.0,,,,,,,,,,,,,,,,,,,,,,,,,,,,,,,doctor i've been feeling a strange <mask> <mask> <mask> there-like something's wrong with my pump especially when i wake up in the morning,▁a che ▁down,3.0,1.3496616869837418e-10,22.72599697113037,7.575332323710124,feeling here and,0.0506253805977557,19.74269473552704,6.580898245175679,6.0,7.0,0.0,21.0,0.0,2.0
5875,"Doctor, my son keeps grabbing at his tail-pike and crying when he pees—could it be an infection?",grabbing at,grabbing at,is_multiword,0,4,4|5,1,4.868930657704671,0,1.0,,,,,,,,,,,,,,,,,,,,,,,,,,,,,,,doctor my son keeps <mask> <mask> <mask> his tail-pike and crying when he pees-could it be an infection,▁grab bing ▁at,3.0,3.731194943573021e-09,19.406537294387817,6.468845764795939,me ing on,0.0082318432574339,14.606791973114014,4.868930657704671,4.0,5.0,0.0,16.0,0.0,2.0
5881,"Doctor, I've been having some pain down there around my leather stretcher, especially when I urinate.",I've been,i've been,is_multiword,0,1,1|2,1,4.906968131661415,0,1.0,,,,,,,,,,,,,,,,,,,,,,,,,,,,,,,doctor <mask> <mask> <mask> <mask> having some pain down there around my leather stretcher especially when i urinate,▁i ' ve ▁been,4.0,3.135597569269881e-11,24.18561625480652,6.04640406370163,s i i am,0.0104856908423689,19.62787252664566,4.906968131661415,1.0,2.0,0.0,15.0,0.0,2.0
5881,"Doctor, I've been having some pain down there around my leather stretcher, especially when I urinate.",I've been having,i've been having,is_multiword,0,1,1|2|3,1,5.637033700942993,1,1.0,,,,,,,,,,,,,,,,,,,,,,,,,,,,,,,doctor <mask> <mask> <mask> <mask> <mask> some pain down there around my leather stretcher especially when i urinate,▁i ' ve ▁been ▁having,5.0,7.884516032817627e-16,34.77646064758301,6.955292129516602,"s , i i feel",0.0013722656542592,28.18516850471497,5.637033700942993,1.0,3.0,0.0,15.0,0.0,3.0
5881,"Doctor, I've been having some pain down there around my leather stretcher, especially when I urinate.",been having,been having,is_multiword,0,2,2|3,1,0.5980033874511719,0,1.0,,,,,,,,,,,,,,,,,,,,,,,,,,,,,,,doctor i've <mask> <mask> some pain down there around my leather stretcher especially when i urinate,▁been ▁having,2.0,0.0287414281474381,3.549415707588196,1.774707853794098,been getting,0.0950446086661503,1.1960067749023438,0.5980033874511719,2.0,3.0,0.0,15.0,0.0,2.0
5883,"Doctor, I've been having some sharp pains down there in my baby-maker ever since I lifted that heavy box.",baby-maker ever,baby-maker ever,is_multiword,0,11,11|12,1,5.955961287021637,0,1.0,,,,,,,,,,,,,,,,,,,,,,,,,,,,,,,doctor i've been having some sharp pains down there in my <mask> <mask> <mask> <mask> since i lifted that heavy box,▁baby - maker ▁ever,4.0,3.348730230669536e-14,31.027610063552856,7.756902515888214,back for for weeks,0.0007437802605589,23.823845148086548,5.955961287021637,11.0,12.0,0.0,18.0,0.0,2.0
5887,"Doctor, I’ve been feeling a sharp pain down there in my agate ever since I fell off my bike yesterday.",agate ever,agate ever,is_multiword,0,11,11|12,1,4.777075449625651,0,1.0,,,,,,,,,,,,,,,,,,,,,,,,,,,,,,,doctor i've been feeling a sharp pain down there in my <mask> <mask> <mask> since i fell off my bike yesterday,▁a gate ▁ever,3.0,1.0112102962433315e-09,20.71211791038513,6.904039303461711,back ne s,0.0016936123237546,14.331226348876951,4.777075449625651,11.0,12.0,0.0,19.0,0.0,2.0
5889,My husband keeps complaining about a burning sensation in his mortar pounder when he pees—could it be an infection?,mortar pounder,mortar pounder,is_multiword,1,10,10|11,1,6.338694453239441,1,1.0,,,,,,,,,,,,,,,,,,,,,,,,,,,,,,,my husband keeps complaining about a burning sensation in his <mask> <mask> <mask> <mask> when he pees-could it be an infection,▁mort ar ▁po under,4.0,1.1188051221053603e-16,36.72910022735596,9.18227505683899,mouth and the s,1.1486680463705509e-05,25.354777812957764,6.338694453239441,10.0,11.0,0.0,18.0,0.0,2.0
5890,"Doctor, I’ve got this weird rash on my pants worm and it stings when I pee—could you take a look?",I’ve got,i've got,is_multiword,0,1,1|2,1,2.604468375444412,1,1.0,,,,,,,,,,,,,,,,,,,,,,,,,,,,,,,doctor <mask> <mask> <mask> <mask> this weird rash on my pants worm and it stings when i pee-could you take a look,▁i ' ve ▁got,4.0,3.33606880798711e-07,14.913302540779114,3.7283256351947776,s i i have,0.0111598915591138,10.417873501777647,2.604468375444412,1.0,2.0,0.0,19.0,0.0,2.0
5897,"Doctor, my little boy keeps grabbing at his works and crying when he pees—could it be an infection?",grabbing at,grabbing at,is_multiword,0,5,5|6,1,4.640400052070618,0,1.0,,,,,,,,,,,,,,,,,,,,,,,,,,,,,,,doctor my little boy keeps <mask> <mask> <mask> his works and crying when he pees-could it be an infection,▁grab bing ▁at,3.0,4.246868820122977e-09,19.27708387374878,6.425694624582927,me ing in,0.0047202962452177,13.921200156211851,4.640400052070618,5.0,6.0,0.0,17.0,0.0,2.0
5900,"My son keeps locking himself in his room for hours, and I overheard him muttering about 'lawful infanticide'—should I be worried it's a sign of something deeper?",keeps locking,keeps locking,is_multiword,0,2,2|3,1,2.087583541870117,0,1.0,,,,,,,,,,,,,,,,,,,,,,,,,,,,,,,my son <mask> <mask> <mask> <mask> himself in his room for hours and i overheard him muttering about 'lawful infanticide'-should i be worried it's a sign of something deeper,▁keep s ▁lock ing,4.0,2.927406647588742e-08,17.346563816070557,4.336640954017639,had been to ing,0.000123875980688,8.350334167480469,2.087583541870117,2.0,3.0,0.0,26.0,0.0,2.0
5906,"Doctor, I've been feeling really off this month—my squiff came late and I'm worried something's wrong.",squiff came,squiff came,is_multiword,0,9,9|10,1,4.48274427652359,0,1.0,,,,,,,,,,,,,,,,,,,,,,,,,,,,,,,doctor i've been feeling really off this month-my squiff <mask> <mask> and i'm worried something's wrong,▁came ▁late,2.0,2.379647166749325e-06,12.948558330535889,6.474279165267944,is up,0.0186283665350878,8.96548855304718,4.48274427652359,9.0,10.0,0.0,15.0,0.0,2.0
5909,"I'm here with my wife—she's been flagging for almost three weeks straight now, and she's feeling really weak and dizzy.",she's feeling,she's feeling,is_multiword,0,15,15|16,1,0.3414554595947265,0,1.0,,,,,,,,,,,,,,,,,,,,,,,,,,,,,,,i'm here with my wife-she's been flagging for almost three weeks straight now and she's <mask> <mask> weak and dizzy,▁feeling ▁really,2.0,0.0130142443013144,4.341710805892944,2.170855402946472,feeling very,0.0257634131953585,0.6829109191894531,0.3414554595947265,15.0,16.0,0.0,19.0,0.0,2.0
5915,"Doctor, I’m worried about my husband—he’s been talking to people who aren’t there and forgetting my name, like he’s got a real kink in the conk.",the conk,the conk,is_multiword,0,25,,1,,0,1.0,,,,,,,,,,,,,,,,,,,,,,,,,,,,,,,,,,,,,,,,,,,,,,
5920,"Doctor, I think my son's been having some neuro issues—he's been hearing voices that aren't there and won't sleep at night.",neuro issues,neuro issues,is_multiword,0,8,8|9,1,3.285120586554209,0,1.0,,,,,,,,,,,,,,,,,,,,,,,,,,,,,,,doctor i think my son's been having some <mask> <mask> <mask> <mask> <mask> <mask> been hearing voices that aren't there and won't sleep at night,▁neuro ▁issues - he ' s,6.0,2.1267499794733722e-13,29.17901122570038,4.86316853761673,weird s and he ' s,7.726359223706827e-05,19.710723519325256,3.285120586554209,8.0,9.0,0.0,20.0,0.0,2.0
5920,"Doctor, I think my son's been having some neuro issues—he's been hearing voices that aren't there and won't sleep at night.",neuro issues he's,neuro issues he's,is_multiword,0,8,8|9|10,1,2.759975927216666,0,1.0,,,,,,,,,,,,,,,,,,,,,,,,,,,,,,,doctor i think my son's been having some <mask> <mask> <mask> <mask> <mask> <mask> <mask> hearing voices that aren't there and won't sleep at night,▁neuro ▁issues - he ' s ▁been,7.0,6.954044206283672e-16,34.90203809738159,4.986005442483084,weird s and and he he s,1.708966914011806e-07,19.319831490516663,2.759975927216666,8.0,10.0,0.0,20.0,0.0,3.0
5920,"Doctor, I think my son's been having some neuro issues—he's been hearing voices that aren't there and won't sleep at night.",issues he's,issues he's,is_multiword,0,9,9|10,1,3.3692626555760703,0,1.0,,,,,,,,,,,,,,,,,,,,,,,,,,,,,,,doctor i think my son's been having some neuro <mask> <mask> <mask> <mask> <mask> <mask> hearing voices that aren't there and won't sleep at night,▁issues - he ' s ▁been,6.0,7.445656351186775e-15,32.53114557266235,5.421857595443726,psy and and he he s,4.4814242944047846e-06,20.21557593345642,3.3692626555760703,9.0,10.0,0.0,20.0,0.0,2.0
5925,"Doctor, I'm worried about my baby boy—I think he might have an agate, it just doesn't look normal for his age.",an agate,an agate,is_multiword,0,12,12|13,1,4.488389213879903,0,1.0,,,,,,,,,,,,,,,,,,,,,,,,,,,,,,,doctor i'm worried about my baby boy-i think he might have an <mask> <mask> <mask> just doesn't look normal for his age,▁a gate ▁it,3.0,5.995871368761426e-09,18.932194709777832,6.310731569925944,eye - he,0.00422377049283,13.46516764163971,4.488389213879903,12.0,13.0,0.0,20.0,0.0,2.0
5933,"Doctor, these birdies hit me every morning like clockwork—I can barely keep my breakfast down.",birdies hit,birdies hit,is_multiword,0,2,2|3,1,4.896383921305339,0,1.0,,,,,,,,,,,,,,,,,,,,,,,,,,,,,,,doctor these <mask> <mask> <mask> me every morning like clockwork-i can barely keep my breakfast down,▁bir dies ▁hit,3.0,1.4728876523918783e-09,20.33604097366333,6.778680324554443,things s on,0.003528476069004,14.689151763916016,4.896383921305339,2.0,3.0,0.0,14.0,0.0,2.0
5935,"Doctor, I've been under so much pressure lately that I feel like I'm going to crack up—I can't sleep and I keep crying for no reason.",crack up,crack up,is_multiword,1,15,15|16,1,5.318582350388169,0,1.0,,,,,,,,,,,,,,,,,,,,,,,,,,,,,,,doctor i've been under so much pressure lately that i feel like i'm going to <mask> <mask> <mask> <mask> can't sleep and i keep crying for no reason,▁crack ▁up - i,4.0,1.2921117465244193e-12,27.374743223190308,6.843685805797577,die forever because i,0.0022419397643103,21.27432940155268,5.318582350388169,15.0,16.0,0.0,25.0,0.0,2.0
5943,"Doctor, my trunk has been completely blocked for three days and I can't smell a thing.",a thing,a thing,is_multiword,0,14,14|15,1,3.2202510237693787,1,1.0,,,,,,,,,,,,,,,,,,,,,,,,,,,,,,,doctor my trunk has been completely blocked for three days and i can't smell <mask> <mask>,▁a ▁thing,2.0,0.0001547742613453,8.773542881011963,4.386771440505981,anything .,0.0970003363001212,6.440502047538757,3.2202510237693787,14.0,15.0,0.0,15.0,0.0,2.0
5945,"Doctor, my son keeps picking his claret jug and it's been bleeding a bit—should I be worried?",claret jug,claret jug,is_multiword,1,6,6|7,1,7.386005401611328,0,1.0,,,,,,,,,,,,,,,,,,,,,,,,,,,,,,,doctor my son keeps picking his <mask> <mask> <mask> and it's been bleeding a bit-should i be worried,▁clar et ▁jug,3.0,3.835342786121736e-14,30.891932487487797,10.297310829162598, s s,0.0001610305784659,22.158016204833984,7.386005401611328,6.0,7.0,0.0,16.0,0.0,2.0
5949,"Doctor, my wife is getting close to her due date and she’s been asking if we should call the baby-snatcher now or wait until the contractions are five minutes apart.",getting close,getting close,is_multiword,0,4,4|5,1,0.1782073974609375,0,1.0,,,,,,,,,,,,,,,,,,,,,,,,,,,,,,,doctor my wife is <mask> <mask> to her due date and she's been asking if we should call the baby-snatcher now or wait until the contractions are five minutes apart,▁getting ▁close,2.0,0.0095640656523285,4.649742364883423,2.3248711824417114,not up,0.0136593969909427,0.356414794921875,0.1782073974609375,4.0,5.0,0.0,29.0,0.0,2.0
5959,"Doctor, my husband's johnson has been causing him discomfort since the surgery, and he's worried it might be infected.",causing him,causing him,is_multiword,0,6,6|7,1,5.244556307792664,1,1.0,,,,,,,,,,,,,,,,,,,,,,,,,,,,,,,doctor my husband's johnson has been <mask> <mask> discomfort since the surgery and he's worried it might be infected,▁causing ▁him,2.0,3.0736886641836006e-06,12.69263219833374,6.34631609916687,feeling with,0.1104138629582513,10.489112615585327,5.244556307792664,6.0,7.0,0.0,18.0,0.0,2.0
5959,"Doctor, my husband's johnson has been causing him discomfort since the surgery, and he's worried it might be infected.",causing him discomfort,causing him discomfort,is_multiword,0,6,6|7|8,1,5.426824855804443,0,1.0,,,,,,,,,,,,,,,,,,,,,,,,,,,,,,,doctor my husband's johnson has been <mask> <mask> <mask> <mask> <mask> since the surgery and he's worried it might be infected,▁causing ▁him ▁disco m fort,5.0,2.883098109591963e-18,40.38766622543335,8.07753324508667,in ing a the s,1.7541222889387211e-06,27.134124279022217,5.426824855804443,6.0,8.0,0.0,18.0,0.0,3.0
5959,"Doctor, my husband's johnson has been causing him discomfort since the surgery, and he's worried it might be infected.",him discomfort,him discomfort,is_multiword,0,7,7|8,1,3.604506552219391,0,1.0,,,,,,,,,,,,,,,,,,,,,,,,,,,,,,,doctor my husband's johnson has been causing <mask> <mask> <mask> <mask> since the surgery and he's worried it might be infected,▁him ▁disco m fort,4.0,2.883665123014779e-12,26.571959018707275,6.642989754676819,a  the s,5.267615261737577e-06,14.418026208877563,3.604506552219391,7.0,8.0,0.0,18.0,0.0,2.0
5961,"Doctor, my husband's been having trouble with his 'instrument'—it just won't work like it used to, and we're wondering if there's something that can be done.",just won't,just won't,is_multiword,0,10,10|11,1,1.381458230316639,1,1.0,,,,,,,,,,,,,,,,,,,,,,,,,,,,,,,doctor my husband's been having trouble with his 'instrument'-it just <mask> <mask> <mask> <mask> like it used to and we're wondering if there's something that can be done,▁won ' t ▁work,4.0,0.0003043553768324,8.097314536571503,2.024328634142876,doesn ' t sound,0.0764222331517657,5.525832921266556,1.381458230316639,10.0,11.0,0.0,25.0,0.0,2.0
5963,"My husband got hit in the face during his basketball game last night, and this morning he woke up with a nasty graper that's spread down to his cheek.",graper that's,graper that's,is_multiword,0,22,22|23,1,3.078096699714661,0,1.0,,,,,,,,,,,,,,,,,,,,,,,,,,,,,,,my husband got hit in the face during his basketball game last night and this morning he woke up with a nasty <mask> <mask> <mask> <mask> <mask> spread down to his cheek,▁gra per ▁that ' s,5.0,6.379476596829817e-13,28.08052015304565,5.616104030609131, of the that that,3.0816769203777693e-06,15.390483498573303,3.078096699714661,22.0,23.0,0.0,28.0,0.0,2.0
5965,"My husband woke up with a nasty blinker this morning, and he says he didn't bump into anything—could it be something serious like a sinus infection?",nasty blinker,nasty blinker,is_multiword,0,6,6|7,1,3.4776476621627808,0,1.0,,,,,,,,,,,,,,,,,,,,,,,,,,,,,,,my husband woke up with a <mask> <mask> <mask> <mask> this morning and he says he didn't bump into anything-could it be something serious like a sinus infection,▁na sty ▁blink er,4.0,3.3995300353337697e-12,26.407383918762207,6.601845979690552,little of my s,3.738622723493316e-06,13.910590648651125,3.4776476621627808,6.0,7.0,0.0,25.0,0.0,2.0
5968,"Doctor, I've been having these terrible headaches and my blood pressure's been all over the place—I'm hoping you and the other facper here can figure out what's wrong.",I'm hoping,i'm hoping,is_multiword,0,16,16|17,1,0.0,0,1.0,,,,,,,,,,,,,,,,,,,,,,,,,,,,,,,doctor i've been having these terrible headaches and my blood pressure's been all over the place-i'm <mask> <mask> and the other facper here can figure out what's wrong,▁hoping ▁you,2.0,0.1431757172675412,1.943682610988617,0.9718413054943084,hoping you,0.1431757172675412,0.0,0.0,16.0,17.0,0.0,27.0,0.0,2.0
5973,"Doctor, I think my husband needs to see a different corpse provider—the last one just told him to drink more water and sent him home with a fever of 104.",corpse provider,corpse provider,is_multiword,1,10,10|11,1,6.370957177877426,0,1.0,,,,,,,,,,,,,,,,,,,,,,,,,,,,,,,doctor i think my husband needs to see a different <mask> <mask> <mask> <mask> <mask> last one just told him to drink more water and sent him home with a fever of 104,▁corps e ▁provider - the,5.0,1.817476927897304e-17,38.5464973449707,7.709299468994141,doctor doctor doctor after the,0.0012411567695166,31.85478588938713,6.370957177877426,10.0,11.0,0.0,29.0,0.0,2.0
5974,"Doctor, my husband keeps calling you a cock-squeezer every time he sees a doctor, but I think he's just nervous about his blood pressure check.",keeps calling,keeps calling,is_multiword,0,3,3|4,1,3.014516214529673,1,1.0,,,,,,,,,,,,,,,,,,,,,,,,,,,,,,,doctor my husband <mask> <mask> <mask> you a cock-squeezer every time he sees a doctor but i think he's just nervous about his blood pressure check,▁keep s ▁calling,3.0,4.42237436951309e-06,12.328833818435667,4.10961127281189,' to give,0.0374299095025721,9.04354864358902,3.014516214529673,3.0,4.0,0.0,24.0,0.0,2.0
5983,"Doctor, I think I might be broken-legged—I've been sick every morning and my jeans don't fit anymore.",be broken-legged,be broken-legged,is_multiword,0,5,5|6,1,3.738692773713006,0,1.0,,,,,,,,,,,,,,,,,,,,,,,,,,,,,,,doctor i think i might <mask> <mask> <mask> <mask> <mask> <mask> <mask> <mask> <mask> been sick every morning and my jeans don't fit anymore,▁be ▁broken - legge d - i ' ve,9.0,1.005098400951872e-23,52.95437169075012,5.883819076750013,need a a this i i i i have,4.125260253744724e-09,33.64823496341705,3.738692773713006,5.0,6.0,0.0,16.0,0.0,2.0
5985,"My wife's been complaining about bloating and cravings, and I'm wondering if she might have a screw for the belly.",screw for,screw for,is_multiword,0,16,16|17,1,6.53620357811451,0,1.0,,,,,,,,,,,,,,,,,,,,,,,,,,,,,,,my wife's been complaining about bloating and cravings and i'm wondering if she might have a <mask> <mask> the belly,▁screw ▁for,2.0,8.370983421211107e-07,13.993324279785156,6.996662139892578,problem in,0.398153717433436,13.07240715622902,6.53620357811451,16.0,17.0,0.0,19.0,0.0,2.0
5989,"Doctor, I think I've bustled up front—I've been feeling queasy every morning and my stomach's getting hard.",bustled up,bustled up,is_multiword,0,4,4|5,1,5.424604564905167,0,1.0,,,,,,,,,,,,,,,,,,,,,,,,,,,,,,,doctor i think i've <mask> <mask> <mask> <mask> front-i've been feeling queasy every morning and my stomach's getting hard,▁bu st led ▁up,4.0,5.025162479418604e-13,28.319148421287537,7.079787105321884,got a pain up,0.001332457680815,21.698418259620667,5.424604564905167,4.0,5.0,0.0,16.0,0.0,2.0
5989,"Doctor, I think I've bustled up front—I've been feeling queasy every morning and my stomach's getting hard.",bustled up front,bustled up front,is_multiword,1,4,4|5|6,1,4.030269549952613,0,1.0,,,,,,,,,,,,,,,,,,,,,,,,,,,,,,,doctor i think i've <mask> <mask> <mask> <mask> <mask> <mask> <mask> <mask> <mask> been feeling queasy every morning and my stomach's getting hard,▁bu st led ▁up ▁front - i ' ve,9.0,6.1198396935736724e-24,53.45050632953644,5.938945147726271,been a a a i and i ' ve,3.4646110109554044e-08,36.27242594957352,4.030269549952613,4.0,6.0,0.0,16.0,0.0,3.0
5989,"Doctor, I think I've bustled up front—I've been feeling queasy every morning and my stomach's getting hard.",up front,up front,is_multiword,0,5,5|6,1,2.4070395727952323,0,1.0,,,,,,,,,,,,,,,,,,,,,,,,,,,,,,,doctor i think i've bustled <mask> <mask> <mask> <mask> <mask> <mask> been feeling queasy every morning and my stomach's getting hard,▁up ▁front - i ' ve,6.0,4.546172113870153e-11,23.81415043771267,3.969025072952112,out a and i ' ve,8.508047361538521e-05,14.442237436771393,2.4070395727952323,5.0,6.0,0.0,16.0,0.0,2.0
5990,"Doctor, my daughter says she's bustled up front, but she's only fifteen and I'm really worried about her health.",bustled up,bustled up,is_multiword,0,5,5|6,1,4.176249504089356,0,1.0,,,,,,,,,,,,,,,,,,,,,,,,,,,,,,,doctor my daughter says she's <mask> <mask> <mask> <mask> front but she's only fifteen and i'm really worried about her health,▁bu st led ▁up,4.0,2.365665555535163e-12,26.769961714744568,6.692490428686142,getting a at up,4.254434142022305e-05,16.704998016357422,4.176249504089356,5.0,6.0,0.0,18.0,0.0,2.0
5992,"Doctor, I think I might have a jack in the cellar—I've been feeling queasy every morning and my stomach's getting tight.",been feeling,been feeling,is_multiword,0,12,12|13,1,5.384639590978622,1,1.0,,,,,,,,,,,,,,,,,,,,,,,,,,,,,,,doctor i think i might have a jack in the cellar-i've been <mask> <mask> <mask> <mask> every morning and my stomach's getting tight,▁feeling ▁que as y,4.0,2.1377262538841523e-14,31.47644853591919,7.869112133979797,going ing a s,4.83091211231629e-05,21.53855836391449,5.384639590978622,12.0,13.0,0.0,20.0,0.0,2.0
5993,"My wife keeps complaining about a persistent betty swallocks down there, and she's too embarrassed to describe it herself, so I'm here to ask if you can help.",swallocks down,swallocks down,is_multiword,0,8,8|9,1,3.939813280105591,1,1.0,,,,,,,,,,,,,,,,,,,,,,,,,,,,,,,my wife keeps complaining about a persistent betty <mask> <mask> <mask> <mask> <mask> there and she's too embarrassed to describe it herself so i'm here to ask if you can help,▁s wal lock s ▁down,5.0,1.0417074637379864e-14,32.19533014297485,6.43906602859497,that she ' s out,3.740602951897944e-06,19.699066400527958,3.939813280105591,8.0,9.0,0.0,27.0,0.0,2.0
5994,"Doctor, I've been having this awful betty swallocks for a few days now—it's so itchy I can barely sit still during my shifts.",awful betty,awful betty,is_multiword,0,5,5|6,1,5.143600487709046,0,1.0,,,,,,,,,,,,,,,,,,,,,,,,,,,,,,,doctor i've been having this <mask> <mask> <mask> <mask> <mask> swallocks for a few days now-it's so itchy i can barely sit still during my shifts,▁a w ful ▁bet ty,5.0,1.9664988233225388e-16,36.16510677337647,7.233021354675293,problem with my my my,2.9032219285977017e-05,25.718002438545227,5.143600487709046,5.0,6.0,0.0,22.0,0.0,2.0
5994,"Doctor, I've been having this awful betty swallocks for a few days now—it's so itchy I can barely sit still during my shifts.",awful betty swallocks,awful betty swallocks,is_multiword,0,5,5|6|7,1,4.834485451380412,0,1.0,,,,,,,,,,,,,,,,,,,,,,,,,,,,,,,doctor i've been having this <mask> <mask> <mask> <mask> <mask> <mask> <mask> <mask> <mask> for a few days now-it's so itchy i can barely sit still during my shifts,▁a w ful ▁bet ty ▁s wal lock s,9.0,1.3662208569875324e-30,68.76550436019897,7.640611595577663,problem - i i i been been my it,1.076054084798766e-11,43.510369062423706,4.834485451380412,5.0,7.0,0.0,22.0,0.0,3.0
5994,"Doctor, I've been having this awful betty swallocks for a few days now—it's so itchy I can barely sit still during my shifts.",betty swallocks,betty swallocks,is_multiword,1,6,6|7,1,4.412099162737529,0,1.0,,,,,,,,,,,,,,,,,,,,,,,,,,,,,,,doctor i've been having this awful <mask> <mask> <mask> <mask> <mask> <mask> for a few days now-it's so itchy i can barely sit still during my shifts,▁bet ty ▁s wal lock s,6.0,1.515579415228509e-19,43.33331894874573,7.222219824790955,cold - my my my s,4.758615533507234e-08,26.47259497642517,4.412099162737529,6.0,7.0,0.0,22.0,0.0,2.0
5998,"My husband has been acting so paranoid lately, convinced everyone's watching him—should we get him to a bug doctor?",bug doctor,bug doctor,is_multiword,1,18,,1,,0,1.0,,,,,,,,,,,,,,,,,,,,,,,,,,,,,,,,,,,,,,,,,,,,,,
5999,"Doctor, I think my husband needs to see a wig-picker—he’s been talking to people who aren’t there and refusing to sleep.",wig-picker he’s,wig-picker he's,is_multiword,0,9,9|10,1,4.725810110569,0,1.0,,,,,,,,,,,,,,,,,,,,,,,,,,,,,,,doctor i think my husband needs to see a <mask> <mask> <mask> <mask> <mask> <mask> <mask> <mask> <mask> <mask> talking to people who aren't there and refusing to sleep,▁ wig - pi cker - he ' s ▁been,10.0,1.9810288485402662e-32,72.9991066455841,7.299910664558411,doctor and he he he he he he he and,6.619471785360628e-12,47.25810110569,4.725810110569,9.0,10.0,0.0,20.0,0.0,2.0
6003,"My husband says his dick sack has been itching and red for the past few days, doctor.",dick sack,dick sack,is_multiword,1,4,4|5,1,3.735356569290161,0,1.0,,,,,,,,,,,,,,,,,,,,,,,,,,,,,,,my husband says his <mask> <mask> <mask> has been itching and red for the past few days doctor,▁dick ▁sa ck,3.0,2.0372278818444317e-09,20.01167583465576,6.670558611551921, and s,0.0001498904106146,11.206069707870483,3.735356569290161,4.0,5.0,0.0,16.0,0.0,2.0
6004,"Doctor, I've noticed my dick sack feels a bit swollen and tender when I touch it.",dick sack,dick sack,is_multiword,1,4,4|5,1,4.253869533538818,0,1.0,,,,,,,,,,,,,,,,,,,,,,,,,,,,,,,doctor i've noticed my <mask> <mask> <mask> feels a bit swollen and tender when i touch it,▁dick ▁sa ck,3.0,1.1972516371037216e-09,20.54323720932007,6.847745736440023,finger and it,0.0004173319504051,12.761608600616457,4.253869533538818,4.0,5.0,0.0,15.0,0.0,2.0
6005,"Doctor, my joy bag has been feeling swollen and tender ever since I fell off my bike yesterday.",tender ever,tender ever,is_multiword,0,9,9|10,1,6.270439267158508,1,1.0,,,,,,,,,,,,,,,,,,,,,,,,,,,,,,,doctor my joy bag has been feeling swollen and <mask> <mask> since i fell off my bike yesterday,▁tender ▁ever,2.0,7.903719018175511e-09,18.65593242645264,9.327966213226318,thi ed,0.0022093566992564,12.540878534317017,6.270439267158508,9.0,10.0,0.0,17.0,0.0,2.0
6012,"Doctor, my wife and I went all the way about six weeks ago, and now she's been feeling queasy every morning—could she be pregnant?",all the,all the,is_multiword,0,6,6|7,1,0.4035987257957458,0,1.0,,,,,,,,,,,,,,,,,,,,,,,,,,,,,,,doctor my wife and i went <mask> <mask> way about six weeks ago and now she's been feeling queasy every morning-could she be pregnant,▁all ▁the,2.0,0.0327543568655341,3.418719291687012,1.709359645843506,on the,0.0734227210556743,0.8071974515914917,0.4035987257957458,6.0,7.0,0.0,23.0,0.0,2.0
6012,"Doctor, my wife and I went all the way about six weeks ago, and now she's been feeling queasy every morning—could she be pregnant?",all the way,all the way,is_multiword,1,6,6|7|8,1,5.091003408034642,1,1.0,,,,,,,,,,,,,,,,,,,,,,,,,,,,,,,doctor my wife and i went <mask> <mask> <mask> about six weeks ago and now she's been feeling queasy every morning-could she be pregnant,▁all ▁the ▁way,3.0,6.77739147148034e-09,18.80967354774475,6.269891182581584,to a doctor,0.0291102968531774,15.273010224103928,5.091003408034642,6.0,8.0,0.0,23.0,0.0,3.0
6012,"Doctor, my wife and I went all the way about six weeks ago, and now she's been feeling queasy every morning—could she be pregnant?",the way,the way,is_multiword,0,7,7|8,1,0.8899632692337036,0,1.0,,,,,,,,,,,,,,,,,,,,,,,,,,,,,,,doctor my wife and i went all <mask> <mask> about six weeks ago and now she's been feeling queasy every morning-could she be pregnant,▁the ▁way,2.0,0.0050578152884178,5.286820650100708,2.643410325050354,the bed,0.0299899152660113,1.7799265384674072,0.8899632692337036,7.0,8.0,0.0,23.0,0.0,2.0
6012,"Doctor, my wife and I went all the way about six weeks ago, and now she's been feeling queasy every morning—could she be pregnant?",she's been,she's been,is_multiword,0,15,15|16,1,0.8753147274255753,1,1.0,,,,,,,,,,,,,,,,,,,,,,,,,,,,,,,doctor my wife and i went all the way about six weeks ago and now <mask> <mask> <mask> <mask> feeling queasy every morning-could she be pregnant,▁she ' s ▁been,4.0,4.957979807896722e-05,9.911927103996277,2.477981775999069,she wife she is,0.0016439256732413,3.501258909702301,0.8753147274255753,15.0,16.0,0.0,23.0,0.0,2.0
6012,"Doctor, my wife and I went all the way about six weeks ago, and now she's been feeling queasy every morning—could she be pregnant?",she's been feeling,she's been feeling,is_multiword,0,15,15|16|17,1,1.5334503173828125,0,1.0,,,,,,,,,,,,,,,,,,,,,,,,,,,,,,,doctor my wife and i went all the way about six weeks ago and now <mask> <mask> <mask> <mask> <mask> queasy every morning-could she be pregnant,▁she ' s ▁been ▁feeling,5.0,1.4066532037470712e-08,18.07946747541428,3.615893495082856,she wife she she and,3.0062984659449027e-05,7.6672515869140625,1.5334503173828125,15.0,17.0,0.0,23.0,0.0,3.0
6012,"Doctor, my wife and I went all the way about six weeks ago, and now she's been feeling queasy every morning—could she be pregnant?",she's been feeling queasy,she's been feeling queasy,is_multiword,0,15,15|16|17|18,1,3.8812064230442047,0,1.0,,,,,,,,,,,,,,,,,,,,,,,,,,,,,,,doctor my wife and i went all the way about six weeks ago and now <mask> <mask> <mask> <mask> <mask> <mask> <mask> <mask> every morning-could she be pregnant,▁she ' s ▁been ▁feeling ▁que as y,8.0,1.559217239024157e-23,52.515273213386536,6.564409151673317,she we and and and and the her,4.759911620302225e-10,31.04965138435364,3.8812064230442047,15.0,18.0,0.0,23.0,0.0,4.0
6012,"Doctor, my wife and I went all the way about six weeks ago, and now she's been feeling queasy every morning—could she be pregnant?",been feeling,been feeling,is_multiword,0,16,16|17,1,2.674533724784851,0,1.0,,,,,,,,,,,,,,,,,,,,,,,,,,,,,,,doctor my wife and i went all the way about six weeks ago and now she's <mask> <mask> queasy every morning-could she be pregnant,▁been ▁feeling,2.0,0.0001292284296037,8.95392894744873,4.476964473724365,getting so,0.0271912105926019,5.349067449569702,2.674533724784851,16.0,17.0,0.0,23.0,0.0,2.0
6012,"Doctor, my wife and I went all the way about six weeks ago, and now she's been feeling queasy every morning—could she be pregnant?",been feeling queasy,been feeling queasy,is_multiword,0,16,16|17|18,1,5.1462897777557375,0,1.0,,,,,,,,,,,,,,,,,,,,,,,,,,,,,,,doctor my wife and i went all the way about six weeks ago and now she's <mask> <mask> <mask> <mask> <mask> every morning-could she be pregnant,▁been ▁feeling ▁que as y,5.0,2.412581132267439e-17,38.26324939727783,7.652649879455566,going to and the s,3.610008220413784e-06,25.731448888778687,5.1462897777557375,16.0,18.0,0.0,23.0,0.0,3.0
6012,"Doctor, my wife and I went all the way about six weeks ago, and now she's been feeling queasy every morning—could she be pregnant?",feeling queasy,feeling queasy,is_multiword,0,17,17|18,1,5.69220444560051,1,1.0,,,,,,,,,,,,,,,,,,,,,,,,,,,,,,,doctor my wife and i went all the way about six weeks ago and now she's been <mask> <mask> <mask> <mask> every morning-could she be pregnant,▁feeling ▁que as y,4.0,8.086990732876888e-15,32.448519706726074,8.112129926681519,going ing the s,6.254014269208615e-05,22.76881778240204,5.69220444560051,17.0,18.0,0.0,23.0,0.0,2.0
6013,"Doctor, I'm here because I think I need you to cure the horn—my husband and I have been trying for a baby for months with no luck.",with no,with no,is_multiword,0,25,25|26,1,2.3761614561080933,1,1.0,,,,,,,,,,,,,,,,,,,,,,,,,,,,,,,doctor i'm here because i think i need you to cure the horn-my husband and i have been trying for a baby for months with <mask> <mask>,▁no ▁luck,2.0,0.000113171842458,9.086603164672852,4.543301582336426,no .,0.0131113075091077,4.7523229122161865,2.3761614561080933,25.0,26.0,0.0,26.0,0.0,2.0
6013,"Doctor, I'm here because I think I need you to cure the horn—my husband and I have been trying for a baby for months with no luck.",with no luck,with no luck,is_multiword,0,25,,1,,0,1.0,,,,,,,,,,,,,,,,,,,,,,,,,,,,,,,,,,,,,,,,,,,,,,
6013,"Doctor, I'm here because I think I need you to cure the horn—my husband and I have been trying for a baby for months with no luck.",no luck,no luck,is_multiword,0,26,,1,,0,1.0,,,,,,,,,,,,,,,,,,,,,,,,,,,,,,,,,,,,,,,,,,,,,,
6014,"Doctor, my wife asked me to tell you she's hoping you can cure the horn—she's worried something's wrong down there since we can't seem to conceive.",she's hoping,she's hoping,is_multiword,0,8,8|9,1,1.7285423874855042,1,1.0,,,,,,,,,,,,,,,,,,,,,,,,,,,,,,,doctor my wife asked me to tell you <mask> <mask> <mask> <mask> you can cure the horn-she's worried something's wrong down there since we can't seem to conceive,▁she ' s ▁hoping,4.0,3.552005366837241e-07,14.85058331489563,3.712645828723908,what ' s if,0.0003574862118042,6.914169549942017,1.7285423874855042,8.0,9.0,0.0,25.0,0.0,2.0
6014,"Doctor, my wife asked me to tell you she's hoping you can cure the horn—she's worried something's wrong down there since we can't seem to conceive.",horn she's,horn she's,is_multiword,0,14,14|15,1,3.5087007454463413,0,1.0,,,,,,,,,,,,,,,,,,,,,,,,,,,,,,,doctor my wife asked me to tell you she's hoping you can cure the <mask> <mask> <mask> <mask> <mask> <mask> <mask> something's wrong down there since we can't seem to conceive,▁hor n - she ' s ▁worried,7.0,3.947404034569931e-20,44.67864370346069,6.38266338620867,problem . . . I I maybe,1.8322181773667723e-09,24.56090521812439,3.5087007454463413,14.0,15.0,0.0,25.0,0.0,2.0
6016,"My daughter says she’s been sore after some assways with her boyfriend, and I’m concerned she might have an infection.",she’s been,she's been,is_multiword,0,3,3|4,1,0.3353376388549804,0,1.0,,,,,,,,,,,,,,,,,,,,,,,,,,,,,,,my daughter says <mask> <mask> <mask> <mask> sore after some assways with her boyfriend and i'm concerned she might have an infection,▁she ' s ▁been,4.0,0.0010424951883085,6.866138219833374,1.7165345549583435,she ' s getting,0.0039867151237555,1.341350555419922,0.3353376388549804,3.0,4.0,0.0,19.0,0.0,2.0
6022,"Doctor, I think I've got a case of 'all there but the most of you'—I felt something off down there after we were intimate last night.",I've got,i've got,is_multiword,0,3,3|4,1,2.796938866376877,1,1.0,,,,,,,,,,,,,,,,,,,,,,,,,,,,,,,doctor i think <mask> <mask> <mask> <mask> a case of 'all there but the most of you'-i felt something off down there after we were intimate last night,▁i ' ve ▁got,4.0,1.740754986606091e-07,15.563776731491089,3.890944182872772,it ' s just,0.0125752929633479,11.187755465507507,2.796938866376877,3.0,4.0,0.0,25.0,0.0,2.0
6023,"I'm here with my daughter, and she's worried she might have had an accidental plug for posterity with her boyfriend—she's been throwing up and missing her cycle.",plug for,plug for,is_multiword,0,14,14|15,1,4.606277227401733,0,1.0,,,,,,,,,,,,,,,,,,,,,,,,,,,,,,,i'm here with my daughter and she's worried she might have had an accidental <mask> <mask> posterity with her boyfriend-she's been throwing up and missing her cycle,▁plug ▁for,2.0,5.319792981939421e-06,12.14407616853714,6.07203808426857,affair for,0.0533158449309963,9.212554454803469,4.606277227401733,14.0,15.0,0.0,26.0,0.0,2.0
6023,"I'm here with my daughter, and she's worried she might have had an accidental plug for posterity with her boyfriend—she's been throwing up and missing her cycle.",plug for posterity,plug for posterity,is_multiword,1,14,14|15|16,1,6.312597393989563,0,1.0,,,,,,,,,,,,,,,,,,,,,,,,,,,,,,,i'm here with my daughter and she's worried she might have had an accidental <mask> <mask> <mask> <mask> with her boyfriend-she's been throwing up and missing her cycle,▁plug ▁for ▁poster ity,4.0,1.3678237087363211e-16,36.52814054489136,9.13203513622284,accident in her s,1.2651295095589974e-05,25.25038957595825,6.312597393989563,14.0,16.0,0.0,26.0,0.0,3.0
6023,"I'm here with my daughter, and she's worried she might have had an accidental plug for posterity with her boyfriend—she's been throwing up and missing her cycle.",for posterity,for posterity,is_multiword,0,15,15|16,1,7.851788719495137,0,1.0,,,,,,,,,,,,,,,,,,,,,,,,,,,,,,,i'm here with my daughter and she's worried she might have had an accidental plug <mask> <mask> <mask> with her boyfriend-she's been throwing up and missing her cycle,▁for ▁poster ity,3.0,1.2453815537909154e-13,29.71416425704956,9.90472141901652,in the up,0.00211479351823,23.555366158485413,7.851788719495137,15.0,16.0,0.0,26.0,0.0,2.0
6023,"I'm here with my daughter, and she's worried she might have had an accidental plug for posterity with her boyfriend—she's been throwing up and missing her cycle.",throwing up,throwing up,is_multiword,0,22,22|23,1,0.6294898986816406,0,1.0,,,,,,,,,,,,,,,,,,,,,,,,,,,,,,,i'm here with my daughter and she's worried she might have had an accidental plug for posterity with her boyfriend-she's been throwing <mask> <mask> missing her cycle,▁up ▁and,2.0,0.0259119131401865,3.6530524492263794,1.8265262246131897,around and,0.0912572669517467,1.2589797973632812,0.6294898986816406,22.0,23.0,0.0,26.0,0.0,2.0
6026,My son says he’s been having a sharp pain in his lower stomach ever since he and his girlfriend started balling a few days ago.,stomach ever,stomach ever,is_multiword,0,12,12|13,1,4.189098238945007,0,1.0,,,,,,,,,,,,,,,,,,,,,,,,,,,,,,,my son says he's been having a sharp pain in his lower <mask> <mask> since he and his girlfriend started balling a few days ago,▁stomach ▁ever,2.0,8.791109356297995e-06,11.641769647598268,5.820884823799133,back s,0.0382514745277218,8.378196477890015,4.189098238945007,12.0,13.0,0.0,24.0,0.0,2.0
6027,"Doctor, I've been feeling really run down and I'm worried—could it be that I put four quarters on the spit last month without thinking about it?",run down,run down,is_multiword,0,5,5|6,1,4.66144335269928,0,1.0,,,,,,,,,,,,,,,,,,,,,,,,,,,,,,,doctor i've been feeling really <mask> <mask> and i'm worried-could it be that i put four quarters on the spit last month without thinking about it,▁run ▁down,2.0,1.005783336026507e-06,13.809743881225586,6.904871940612793,"bad ,",0.0112559637933672,9.32288670539856,4.66144335269928,5.0,6.0,0.0,25.0,0.0,2.0
6039,"Doctor, our little munchkin here hasn't been growing like the other kids his age, and we're worried something's off with his hormones.",something's off,something's off,is_multiword,0,17,17|18,1,3.413720242679119,0,1.0,,,,,,,,,,,,,,,,,,,,,,,,,,,,,,,doctor our little munchkin here hasn't been growing like the other kids his age and we're worried <mask> <mask> <mask> <mask> with his hormones,▁something ' s ▁off,4.0,1.461145484787522e-08,18.041460037231445,4.510365009307861,about what ' wrong,0.0124432239346255,13.654880970716476,3.413720242679119,17.0,18.0,0.0,21.0,0.0,2.0
6041,"Doctor, my little one hasn’t been able to settle down for beddy-bye for three nights now and keeps waking up crying.",settle down,settle down,is_multiword,0,8,8|9,1,3.5024375915527344,1,1.0,,,,,,,,,,,,,,,,,,,,,,,,,,,,,,,doctor my little one hasn't been able to <mask> <mask> <mask> for beddy-bye for three nights now and keeps waking up crying,▁sett le ▁down,3.0,5.47650874471424e-08,16.720212936401367,5.573404312133789,get a up,0.0020034187920671,10.507312774658203,3.5024375915527344,8.0,9.0,0.0,20.0,0.0,2.0
6047,"My mother keeps spitting out sticky mucilage every morning, and she says her chest feels heavy.",keeps spitting,keeps spitting,is_multiword,0,2,2|3,1,3.3389500975608826,0,1.0,,,,,,,,,,,,,,,,,,,,,,,,,,,,,,,my mother <mask> <mask> <mask> <mask> out sticky mucilage every morning and she says her chest feels heavy,▁keep s ▁spi tting,4.0,8.220331093035194e-09,18.616655349731445,4.654163837432861,says s to ing,0.0051908648418712,13.35580039024353,3.3389500975608826,2.0,3.0,0.0,15.0,0.0,2.0
6050,"My son’s had this nasty cough for days, and he keeps bringing up greenish clam—should I be worried?",he keeps,he keeps,is_multiword,0,9,9|10,1,0.7194391886393229,0,1.0,,,,,,,,,,,,,,,,,,,,,,,,,,,,,,,my son's had this nasty cough for days and <mask> <mask> <mask> bringing up greenish clam-should i be worried,▁he ▁keep s,3.0,0.0009279014077067,6.982585072517395,2.3275283575057983,he ' s,0.0080324354219704,2.1583175659179688,0.7194391886393229,9.0,10.0,0.0,17.0,0.0,2.0
6050,"My son’s had this nasty cough for days, and he keeps bringing up greenish clam—should I be worried?",he keeps bringing,he keeps bringing,is_multiword,0,9,9|10|11,1,1.752178192138672,0,1.0,,,,,,,,,,,,,,,,,,,,,,,,,,,,,,,my son's had this nasty cough for days and <mask> <mask> <mask> <mask> up greenish clam-should i be worried,▁he ▁keep s ▁bringing,4.0,1.2391822487317173e-07,15.90364396572113,3.9759109914302826,he ' to picked,0.0001370820101272,7.008712768554688,1.752178192138672,9.0,11.0,0.0,17.0,0.0,3.0
6050,"My son’s had this nasty cough for days, and he keeps bringing up greenish clam—should I be worried?",keeps bringing,keeps bringing,is_multiword,0,10,10|11,1,2.651599903901418,1,1.0,,,,,,,,,,,,,,,,,,,,,,,,,,,,,,,my son's had this nasty cough for days and he <mask> <mask> <mask> up greenish clam-should i be worried,▁keep s ▁bringing,3.0,9.876930938481612e-06,11.52530872821808,3.841769576072693,' s picked,0.0281415255327572,7.954799711704254,2.651599903901418,10.0,11.0,0.0,17.0,0.0,2.0
6050,"My son’s had this nasty cough for days, and he keeps bringing up greenish clam—should I be worried?",greenish clam,greenish clam,is_multiword,0,13,13|14,1,6.99057822568076,1,1.0,,,,,,,,,,,,,,,,,,,,,,,,,,,,,,,my son's had this nasty cough for days and he keeps bringing up <mask> <mask> <mask> <mask> <mask> <mask> <mask> i be worried,▁green ish ▁ clam - sho uld,7.0,1.0967037481556716e-27,62.0774884223938,8.868212631770543,his ugh ugh . . why should,1.9582862241817597e-06,48.93404757976532,6.99057822568076,13.0,14.0,0.0,17.0,0.0,2.0
6054,"Doctor, my son has been so agitated and aggressive lately that we had to put him in a canvas at the hospital—I'm worried it's more than just a tantrum.",canvas at,canvas at,is_multiword,0,18,18|19,1,3.959152221679688,0,1.0,,,,,,,,,,,,,,,,,,,,,,,,,,,,,,,doctor my son has been so agitated and aggressive lately that we had to put him in a <mask> <mask> <mask> the hospital-i'm worried it's more than just a tantrum,▁can vas ▁at,3.0,9.981578118443609e-09,18.422524631023407,6.140841543674469,bed room at,0.0014371863994678,11.877456665039062,3.959152221679688,18.0,19.0,0.0,28.0,0.0,2.0
6058,"Doctor, I've been noticing this weird rash right where my cunny-skin is, and it's been itching something fierce for the past week.",something fierce,something fierce,is_multiword,0,16,16|17,1,5.975905021031697,0,1.0,,,,,,,,,,,,,,,,,,,,,,,,,,,,,,,doctor i've been noticing this weird rash right where my cunny-skin is and it's been itching <mask> <mask> <mask> for the past week,▁something ▁fier ce,3.0,8.063760617314117e-12,25.543641090393063,8.514547030131022,to a me,0.0004925443614994,17.927715063095093,5.975905021031697,16.0,17.0,0.0,21.0,0.0,2.0
6058,"Doctor, I've been noticing this weird rash right where my cunny-skin is, and it's been itching something fierce for the past week.",the past,the past,is_multiword,0,19,19|20,1,1.2313918769359589,1,1.0,,,,,,,,,,,,,,,,,,,,,,,,,,,,,,,doctor i've been noticing this weird rash right where my cunny-skin is and it's been itching something fierce for <mask> <mask> week,▁the ▁past,2.0,0.0174660368693278,4.047497034072876,2.023748517036438,about a,0.205006564131858,2.4627837538719177,1.2313918769359589,19.0,20.0,0.0,21.0,0.0,2.0
6061,"Doctor, I've noticed this strange rash right around my cock-bush and it's been itching like crazy for the past week.",the past,the past,is_multiword,0,17,17|18,1,1.5598240494728088,1,1.0,,,,,,,,,,,,,,,,,,,,,,,,,,,,,,,doctor i've noticed this strange rash right around my cock-bush and it's been itching like crazy for <mask> <mask> week,▁the ▁past,2.0,0.0109044975032798,4.518579959869385,2.2592899799346924,about a,0.2468605045188106,3.1196480989456177,1.5598240494728088,17.0,18.0,0.0,19.0,0.0,2.0
6062,My son keeps scratching down there and I saw his cock-bush looks red and irritated—could it be some kind of infection?,cock-bush looks,cock-bush looks,is_multiword,0,10,10|11,1,4.580025482177734,0,1.0,,,,,,,,,,,,,,,,,,,,,,,,,,,,,,,my son keeps scratching down there and i saw his <mask> <mask> <mask> <mask> <mask> red and irritated-could it be some kind of infection,▁cock - bus h ▁looks,5.0,3.209489567750417e-16,35.6752495765686,7.13504991531372,eyes s and he got,2.830316073829959e-06,22.900127410888672,4.580025482177734,10.0,11.0,0.0,20.0,0.0,2.0
6063,"Doctor, I've noticed these belly bristles are growing in thicker and darker than before, and I'm worried it might be a hormone issue.",belly bristles,belly bristles,is_multiword,1,4,4|5,1,5.983035922050476,1,1.0,,,,,,,,,,,,,,,,,,,,,,,,,,,,,,,doctor i've noticed these <mask> <mask> <mask> <mask> are growing in thicker and darker than before and i'm worried it might be a hormone issue,▁be lly ▁brist les,4.0,8.634683176452298e-14,30.08040428161621,7.520101070404053,days s my s,0.0021371959916132,23.932143688201904,5.983035922050476,4.0,5.0,0.0,22.0,0.0,2.0
6075,"Doctor, my husband's been in so much pain from that abscess, we're hoping you can recommend a good arse borer to sort it out.",we're hoping,we're hoping,is_multiword,0,11,11|12,1,3.8554676324129113,1,1.0,,,,,,,,,,,,,,,,,,,,,,,,,,,,,,,doctor my husband's been in so much pain from that abscess <mask> <mask> <mask> <mask> you can recommend a good arse borer to sort it out,▁we ' re ▁hoping,4.0,1.5470424618282816e-10,22.589505910873413,5.647376477718353,he I doctor if,0.0007711440387041,15.421870529651642,3.8554676324129113,11.0,12.0,0.0,23.0,0.0,2.0
6075,"Doctor, my husband's been in so much pain from that abscess, we're hoping you can recommend a good arse borer to sort it out.",arse borer,arse borer,is_multiword,1,18,18|19,1,6.457633793354034,1,1.0,,,,,,,,,,,,,,,,,,,,,,,,,,,,,,,doctor my husband's been in so much pain from that abscess we're hoping you can recommend a good <mask> <mask> <mask> <mask> to sort it out,▁ar se ▁bor er,4.0,5.067014104069394e-15,32.916024684906006,8.229006171226501,doctor to can how,0.000837164885138,25.830535173416138,6.457633793354034,18.0,19.0,0.0,23.0,0.0,2.0
6076,"I'm worried about my little boy's hernia—the GP said we might need an arse borer to fix it, but I wanted to hear your opinion first.",arse borer,arse borer,is_multiword,1,14,14|15,1,2.9682908058166504,0,1.0,,,,,,,,,,,,,,,,,,,,,,,,,,,,,,,i'm worried about my little boy's hernia-the gp said we might need an arse <mask> <mask> <mask> fix it but i wanted to hear your opinion first,▁bor er ▁to,3.0,2.700553376026752e-07,15.124638944864271,5.041546314954758,nic surgery to,0.0019897097057101,8.904872417449951,2.9682908058166504,14.0,15.0,0.0,25.0,0.0,2.0
6077,"Doctor, I've been getting these rashes and feeling run down—could it be those Scottish fleas I've heard about?",run down,run down,is_multiword,0,8,8|9,1,5.801982879638672,0,1.0,,,,,,,,,,,,,,,,,,,,,,,,,,,,,,,doctor i've been getting these rashes and feeling <mask> <mask> <mask> <mask> <mask> it be those scottish fleas i've heard about,▁run ▁down - co uld,5.0,8.802874301358087e-18,39.27145338058472,7.854290676116943,like . . . could,3.4951856135200105e-05,29.00991439819336,5.801982879638672,8.0,9.0,0.0,17.0,0.0,2.0
6078,"My husband's been complaining of sores and a fever, and I'm worried he might have picked up the Scottish fleas.",picked up,picked up,is_multiword,0,15,15|16,1,6.049476593732834,1,1.0,,,,,,,,,,,,,,,,,,,,,,,,,,,,,,,my husband's been complaining of sores and a fever and i'm worried he might have <mask> <mask> the scottish fleas,▁picked ▁up,2.0,8.09449654819338e-07,14.02691125869751,7.013455629348755,one of,0.1454448835675727,12.098953187465668,6.049476593732834,15.0,16.0,0.0,19.0,0.0,2.0
6080,"Doctor, I've been noticing this rash and I'm worried I might have picked up the itch.",picked up,picked up,is_multiword,0,12,12|13,1,5.993444412946701,1,1.0,,,,,,,,,,,,,,,,,,,,,,,,,,,,,,,doctor i've been noticing this rash and i'm worried i might have <mask> <mask> the itch,▁picked ▁up,2.0,4.792124969390411e-07,14.551121711730955,7.2755608558654785,to of,0.0769782098731603,11.986888825893402,5.993444412946701,12.0,13.0,0.0,15.0,0.0,2.0
6083,"Doctor, I think I might have picked up that Gallic disease—I've noticed a rash on my palms and some sores that won't heal.",picked up,picked up,is_multiword,0,6,6|7,1,6.748471975326538,1,1.0,,,,,,,,,,,,,,,,,,,,,,,,,,,,,,,doctor i think i might have <mask> <mask> that gallic disease-i've noticed a rash on my palms and some sores that won't heal,▁picked ▁up,2.0,1.740163671689438e-07,15.564116477966309,7.782058238983154,to of,0.1265430734345376,13.496943950653076,6.748471975326538,6.0,7.0,0.0,22.0,0.0,2.0
6089,My son keeps grabbing at his nuts and saying it hurts—could it be an infection or something?,grabbing at,grabbing at,is_multiword,0,3,3|4,1,4.163934071858724,0,1.0,,,,,,,,,,,,,,,,,,,,,,,,,,,,,,,my son keeps <mask> <mask> <mask> his nuts and saying it hurts-could it be an infection or something,▁grab bing ▁at,3.0,2.47601114716421e-08,17.514031887054443,5.838010629018148,me ing ing,0.0065898171892761,12.491802215576172,4.163934071858724,3.0,4.0,0.0,16.0,0.0,2.0
6090,My son keeps complaining that his nuts hurt after soccer practice—could it be a hernia or something?,nuts hurt,nuts hurt,is_multiword,0,6,6|7,1,4.714252352714539,0,1.0,,,,,,,,,,,,,,,,,,,,,,,,,,,,,,,my son keeps complaining that his <mask> <mask> <mask> after soccer practice-could it be a hernia or something,▁nu ts ▁hurt,3.0,7.89168289634322e-10,20.960041522979736,6.986680507659912,body is s,0.0010946895577258,14.142757058143616,4.714252352714539,6.0,7.0,0.0,16.0,0.0,2.0
6092,My son keeps complaining that his ballocks ache after he plays soccer—could it be a hernia?,ballocks ache,ballocks ache,is_multiword,0,6,6|7,1,4.090949964523316,0,1.0,,,,,,,,,,,,,,,,,,,,,,,,,,,,,,,my son keeps complaining that his <mask> <mask> <mask> <mask> <mask> after he plays soccer-could it be a hernia,▁bal lock s ▁a che,5.0,1.0733868160530093e-15,34.467957496643066,6.893591499328613,father is s to s,8.206183676230125e-07,20.454749822616577,4.090949964523316,6.0,7.0,0.0,15.0,0.0,2.0
6093,"Doctor, my newborn's birth dimple looks a bit red and swollen—could it be infected?",newborn's birth,newborn's birth,is_multiword,0,2,2|3,1,5.157478475570679,0,1.0,,,,,,,,,,,,,,,,,,,,,,,,,,,,,,,doctor my <mask> <mask> <mask> <mask> <mask> dimple looks a bit red and swollen-could it be infected,▁new born ' s ▁birth,5.0,1.1448175603949956e-16,36.70611619949341,7.341223239898682,di is a and my,1.8115840772478127e-05,25.787392377853397,5.157478475570679,2.0,3.0,0.0,13.0,0.0,2.0
6093,"Doctor, my newborn's birth dimple looks a bit red and swollen—could it be infected?",newborn's birth dimple,newborn's birth dimple,is_multiword,0,2,2|3|4,1,5.23266407421657,1,1.0,,,,,,,,,,,,,,,,,,,,,,,,,,,,,,,doctor my <mask> <mask> <mask> <mask> <mask> <mask> <mask> looks a bit red and swollen-could it be infected,▁new born ' s ▁birth ▁di mple,7.0,1.5405039053437533e-23,52.52734756469727,7.503906794956753,daughter is a a and and it,1.2453250818798354e-07,36.62864851951599,5.23266407421657,2.0,4.0,0.0,13.0,0.0,3.0
6093,"Doctor, my newborn's birth dimple looks a bit red and swollen—could it be infected?",birth dimple,birth dimple,is_multiword,1,3,3|4,1,4.422424395879109,0,1.0,,,,,,,,,,,,,,,,,,,,,,,,,,,,,,,doctor my newborn's <mask> <mask> <mask> looks a bit red and swollen-could it be infected,▁birth ▁di mple,3.0,3.10285589957634e-10,21.89352798461914,7.297842661539714,eye - now,0.000179335035123,13.267273187637327,4.422424395879109,3.0,4.0,0.0,13.0,0.0,2.0
6094,"I'm worried about my baby's birth dimple—it seems to bulge out when she cries, is that normal?",birth dimple,birth dimple,is_multiword,1,5,5|6,1,4.685536003112793,0,1.0,,,,,,,,,,,,,,,,,,,,,,,,,,,,,,,i'm worried about my baby's <mask> <mask> <mask> <mask> <mask> seems to bulge out when she cries is that normal,▁birth ▁di mple - it,5.0,2.311767038191762e-16,36.00334930419922,7.200669860839843,cri and and my baby,3.4550649964492902e-06,23.427680015563965,4.685536003112793,5.0,6.0,0.0,16.0,0.0,2.0
6097,"My son's always been a stringbean no matter how much he eats, but now he's complaining of stomach pain after every meal.",he's complaining,he's complaining,is_multiword,0,14,14|15,1,1.363866400718689,1,1.0,,,,,,,,,,,,,,,,,,,,,,,,,,,,,,,my son's always been a stringbean no matter how much he eats but now <mask> <mask> <mask> <mask> <mask> of stomach pain after every meal,▁he ' s ▁complain ing,5.0,1.7125976805219336e-06,13.277499228715897,2.6554998457431798,he ' s a lot,0.0015676662583912,6.819332003593445,1.363866400718689,14.0,15.0,0.0,21.0,0.0,2.0
6098,"Doctor, I've always been a bit of a stringbean, but lately I've lost even more weight and I'm feeling dizzy all the time.",I'm feeling,i'm feeling,is_multiword,0,17,17|18,1,0.227940559387207,0,1.0,,,,,,,,,,,,,,,,,,,,,,,,,,,,,,,doctor i've always been a bit of a stringbean but lately i've lost even more weight and <mask> <mask> <mask> <mask> dizzy all the time,▁i ' m ▁feeling,4.0,0.0015485369313732,6.470444709062576,1.617611177265644,i ' m getting,0.0038538506121286,0.911762237548828,0.227940559387207,17.0,18.0,0.0,22.0,0.0,2.0
6106,"Doctor, I had to help my elderly mother get undressed for the exam, and she was completely ball naked before I could even close the curtain.",get undressed,get undressed,is_multiword,0,8,8|9,1,5.051497370004654,0,1.0,,,,,,,,,,,,,,,,,,,,,,,,,,,,,,,doctor i had to help my elderly mother <mask> <mask> <mask> <mask> for the exam and she was completely ball naked before i could even close the curtain,▁get ▁und resse d,4.0,2.17784347515531e-13,29.15527105331421,7.288817763328552,to the the up,0.0001298304001751,20.205989480018616,5.051497370004654,8.0,9.0,0.0,25.0,0.0,2.0
6113,"Doctor, I've been making way too much lemon tea lately—I'm up every hour all night long.",making way,making way,is_multiword,0,3,3|4,1,4.380401648581028,1,1.0,,,,,,,,,,,,,,,,,,,,,,,,,,,,,,,doctor i've been <mask> <mask> too much lemon tea lately-i'm up every hour all night long,▁making ▁way,2.0,4.22365290589867e-05,10.072225093841553,5.036112546920776,drink ing,0.2694366997166561,8.760803297162056,4.380401648581028,3.0,4.0,0.0,15.0,0.0,2.0
6114,"My son keeps needing lemon tea every twenty minutes, and he says it burns when he goes.",keeps needing,keeps needing,is_multiword,0,2,2|3,1,3.227307349443436,0,1.0,,,,,,,,,,,,,,,,,,,,,,,,,,,,,,,my son <mask> <mask> <mask> <mask> lemon tea every twenty minutes and he says it burns when he goes,▁keep s ▁need ing,4.0,7.08430129025454e-10,21.06796967983246,5.266992419958115,is s drink of,0.0002862227276961,12.909229397773744,3.227307349443436,2.0,3.0,0.0,16.0,0.0,2.0
6115,My son keeps saying his pee-pee hurts and he's got this back-door trot that's making him cry every time he goes.,he's got,he's got,is_multiword,0,8,8|9,1,0.2121381759643554,1,1.0,,,,,,,,,,,,,,,,,,,,,,,,,,,,,,,my son keeps saying his pee-pee hurts and <mask> <mask> <mask> <mask> this back-door trot that's making him cry every time he goes,▁he ' s ▁got,4.0,0.0007289503266465,7.223904967308044,1.805976241827011,he ' s on,0.001703019778503,0.8485527038574219,0.2121381759643554,8.0,9.0,0.0,20.0,0.0,2.0
6115,My son keeps saying his pee-pee hurts and he's got this back-door trot that's making him cry every time he goes.,back-door trot,back-door trot,is_multiword,1,11,11|12,1,4.506054782867432,1,1.0,,,,,,,,,,,,,,,,,,,,,,,,,,,,,,,my son keeps saying his pee-pee hurts and he's got this <mask> <mask> <mask> <mask> <mask> that's making him cry every time he goes,▁back - door ▁tro t,5.0,1.193906615205596e-16,36.66413068771362,7.332826137542725,kind - - his and,7.273509247173561e-07,22.53027391433716,4.506054782867432,11.0,12.0,0.0,20.0,0.0,2.0
6115,My son keeps saying his pee-pee hurts and he's got this back-door trot that's making him cry every time he goes.,back-door trot that's,back-door trot that's,is_multiword,0,11,11|12|13,1,3.2776793837547302,0,1.0,,,,,,,,,,,,,,,,,,,,,,,,,,,,,,,my son keeps saying his pee-pee hurts and he's got this <mask> <mask> <mask> <mask> <mask> <mask> <mask> <mask> making him cry every time he goes,▁back - door ▁tro t ▁that ' s,8.0,1.4355670265691449e-21,47.99272704124451,5.999090880155563,bad and he he s s s and,3.5062916139819553e-10,26.22143507003784,3.2776793837547302,11.0,13.0,0.0,20.0,0.0,3.0
6115,My son keeps saying his pee-pee hurts and he's got this back-door trot that's making him cry every time he goes.,back-door trot that's making,back-door trot that's making,is_multiword,0,11,11|12|13|14,1,3.337403549088372,0,1.0,,,,,,,,,,,,,,,,,,,,,,,,,,,,,,,my son keeps saying his pee-pee hurts and he's got this <mask> <mask> <mask> <mask> <mask> <mask> <mask> <mask> <mask> him cry every time he goes,▁back - door ▁tro t ▁that ' s ▁making,9.0,7.036737525800222e-24,53.31089758872986,5.923433065414429,bad and he he s s and to make,7.800363818459287e-11,30.03663194179535,3.337403549088372,11.0,14.0,0.0,20.0,0.0,4.0
6115,My son keeps saying his pee-pee hurts and he's got this back-door trot that's making him cry every time he goes.,trot that's,trot that's,is_multiword,0,12,12|13,1,2.195343828201294,0,1.0,,,,,,,,,,,,,,,,,,,,,,,,,,,,,,,my son keeps saying his pee-pee hurts and he's got this back-door <mask> <mask> <mask> <mask> <mask> making him cry every time he goes,▁tro t ▁that ' s,5.0,2.751919044444009e-10,22.01355242729187,4.402710485458374,- and and keep s,1.6097713957297378e-05,10.97671914100647,2.195343828201294,12.0,13.0,0.0,20.0,0.0,2.0
6115,My son keeps saying his pee-pee hurts and he's got this back-door trot that's making him cry every time he goes.,trot that's making,trot that's making,is_multiword,0,12,12|13|14,1,2.516608476638794,0,1.0,,,,,,,,,,,,,,,,,,,,,,,,,,,,,,,my son keeps saying his pee-pee hurts and he's got this back-door <mask> <mask> <mask> <mask> <mask> <mask> him cry every time he goes,▁tro t ▁that ' s ▁making,6.0,1.0103257811624378e-12,27.62074828147888,4.603458046913147,- and and ' to make,3.6488539657964186e-06,15.099650859832764,2.516608476638794,12.0,14.0,0.0,20.0,0.0,3.0
6115,My son keeps saying his pee-pee hurts and he's got this back-door trot that's making him cry every time he goes.,that's making,that's making,is_multiword,0,13,13|14,1,1.794844627380371,1,1.0,,,,,,,,,,,,,,,,,,,,,,,,,,,,,,,my son keeps saying his pee-pee hurts and he's got this back-door trot <mask> <mask> <mask> <mask> him cry every time he goes,▁that ' s ▁making,4.0,4.519164004061464e-07,14.609768629074097,3.652442157268524,. it I make,0.0005929561429943,7.179378509521484,1.794844627380371,13.0,14.0,0.0,20.0,0.0,2.0
6116,"Doctor, I've been running to the bathroom all day with this back-door trot—it's like my bladder's got a mind of its own.",back-door trot,back-door trot,is_multiword,1,11,11|12,1,3.517186085383097,0,1.0,,,,,,,,,,,,,,,,,,,,,,,,,,,,,,,doctor i've been running to the bathroom all day with this <mask> <mask> <mask> <mask> <mask> <mask> <mask> <mask> <mask> like my bladder's got a mind of its own,▁back - door ▁tro t - it ' s,9.0,1.3344302172471094e-25,57.27612292766571,6.364013658629523,problem . i i s . it it s,7.460130868160904e-12,31.65467476844788,3.517186085383097,11.0,12.0,0.0,21.0,0.0,2.0
6116,"Doctor, I've been running to the bathroom all day with this back-door trot—it's like my bladder's got a mind of its own.",bladder's got,bladder's got,is_multiword,0,16,16|17,1,0.4534378051757812,1,1.0,,,,,,,,,,,,,,,,,,,,,,,,,,,,,,,doctor i've been running to the bathroom all day with this back-door trot-it's like my bladder's <mask> <mask> mind of its own,▁got ▁a,2.0,0.0203075643427451,3.896761834621429,1.9483809173107147,having a,0.0502931585389173,0.9068756103515624,0.4534378051757812,16.0,17.0,0.0,21.0,0.0,2.0
6117,"Doctor, my son's sweet pea has been coming out a funny orange color for the past two days.",sweet pea,sweet pea,is_multiword,1,3,3|4,1,7.314935922622681,1,1.0,,,,,,,,,,,,,,,,,,,,,,,,,,,,,,,doctor my son's <mask> <mask> has been coming out a funny orange color for the past two days,▁sweet ▁pea,2.0,2.2822637997576323e-09,19.89809799194336,9.94904899597168,eye e,0.0051527426807447,14.62987184524536,7.314935922622681,3.0,4.0,0.0,17.0,0.0,2.0
6127,"My daughter keeps complaining about an itch in her abraham’s bosom, and I’m worried it might be an infection.",itch in,itch in,is_multiword,0,6,6|7,1,2.7574869791666665,0,1.0,,,,,,,,,,,,,,,,,,,,,,,,,,,,,,,my daughter keeps complaining about an <mask> <mask> <mask> her abraham's bosom and i'm worried it might be an infection,▁it ch ▁in,3.0,1.1814997795833749e-06,13.648725926876068,4.54957530895869,infection infection in,0.0046250643741657,8.2724609375,2.7574869791666665,6.0,7.0,0.0,18.0,0.0,2.0
6128,"Doctor, I’ve been having some burning down in my abraham’s bosom ever since yesterday, and it hurts when I pee.",abraham’s bosom,abraham's bosom,is_multiword,1,9,9|10,1,5.300425325121198,1,1.0,,,,,,,,,,,,,,,,,,,,,,,,,,,,,,,doctor i've been having some burning down in my <mask> <mask> <mask> <mask> <mask> <mask> <mask> ever since yesterday and it hurts when i pee,▁a bra ham ' s ▁bo som,7.0,1.792330657072743e-23,52.37594032287598,7.482277188982282,stomach and i i been been it,2.328286534047359e-07,37.10297727584839,5.300425325121198,9.0,10.0,0.0,19.0,0.0,2.0
6128,"Doctor, I’ve been having some burning down in my abraham’s bosom ever since yesterday, and it hurts when I pee.",abraham’s bosom ever,abraham's bosom ever,is_multiword,0,9,9|10|11,1,4.998616263270378,0,1.0,,,,,,,,,,,,,,,,,,,,,,,,,,,,,,,doctor i've been having some burning down in my <mask> <mask> <mask> <mask> <mask> <mask> <mask> <mask> since yesterday and it hurts when i pee,▁a bra ham ' s ▁bo som ▁ever,8.0,1.4966287127512786e-26,59.46399736404419,7.432999670505524,stomach and i i i been in it,3.484061040475981e-09,39.98893010616303,4.998616263270378,9.0,11.0,0.0,19.0,0.0,3.0
6128,"Doctor, I’ve been having some burning down in my abraham’s bosom ever since yesterday, and it hurts when I pee.",bosom ever,bosom ever,is_multiword,0,10,10|11,1,3.853229602177938,0,1.0,,,,,,,,,,,,,,,,,,,,,,,,,,,,,,,doctor i've been having some burning down in my abraham's <mask> <mask> <mask> since yesterday and it hurts when i pee,▁bo som ▁ever,3.0,2.1334089285421864e-09,19.96554470062256,6.6551815668741865, thro s,0.000223554372948,11.559688806533812,3.853229602177938,10.0,11.0,0.0,19.0,0.0,2.0
6135,"Doctor, my daughter keeps trying to heave the gorge after every meal, and she's losing weight fast.",heave the,heave the,is_multiword,0,6,6|7,1,3.8722787698109946,0,1.0,,,,,,,,,,,,,,,,,,,,,,,,,,,,,,,doctor my daughter keeps trying to <mask> <mask> <mask> gorge after every meal and she's losing weight fast,▁hea ve ▁the,3.0,2.724167606549484e-08,17.41851782798767,5.806172609329224,get a the,0.0030224681337106,11.616836309432983,3.8722787698109946,6.0,7.0,0.0,16.0,0.0,2.0
6135,"Doctor, my daughter keeps trying to heave the gorge after every meal, and she's losing weight fast.",heave the gorge,heave the gorge,is_multiword,1,6,6|7|8,1,5.552936613559723,0,1.0,,,,,,,,,,,,,,,,,,,,,,,,,,,,,,,doctor my daughter keeps trying to <mask> <mask> <mask> <mask> <mask> after every meal and she's losing weight fast,▁hea ve ▁the ▁gor ge,5.0,6.191757438660105e-18,39.6233127117157,7.92466254234314,eat her her her s,7.07721815155846e-06,27.76468306779861,5.552936613559723,6.0,8.0,0.0,16.0,0.0,3.0
6135,"Doctor, my daughter keeps trying to heave the gorge after every meal, and she's losing weight fast.",the gorge,the gorge,is_multiword,0,7,7|8,1,4.849669059117635,0,1.0,,,,,,,,,,,,,,,,,,,,,,,,,,,,,,,doctor my daughter keeps trying to heave <mask> <mask> <mask> after every meal and she's losing weight fast,▁the ▁gor ge,3.0,2.461675901704801e-09,19.822423458099365,6.607474486033122,her her s,0.0051260685365841,14.549007177352903,4.849669059117635,7.0,8.0,0.0,16.0,0.0,2.0
6136,"Doctor, I've been feeling a sharp pain down there in my medlar ever since I started this new exercise routine.",medlar ever,medlar ever,is_multiword,0,11,11|12,1,3.5983022848765054,0,1.0,,,,,,,,,,,,,,,,,,,,,,,,,,,,,,,doctor i've been feeling a sharp pain down there in my <mask> <mask> <mask> since i started this new exercise routine,▁med lar ▁ever,3.0,8.022155774141157e-08,16.338473558425903,5.446157852808635,back right ever,0.00391254702587,10.794906854629517,3.5983022848765054,11.0,12.0,0.0,19.0,0.0,2.0
6137,"My daughter keeps complaining that her medlar itches and burns after she goes swimming, and I'm really worried.",medlar itches,medlar itches,is_multiword,0,6,6|7,1,4.430806189775467,0,1.0,,,,,,,,,,,,,,,,,,,,,,,,,,,,,,,my daughter keeps complaining that her <mask> <mask> <mask> <mask> and burns after she goes swimming and i'm really worried,▁med lar ▁it ches,4.0,2.891462490063048e-12,26.56925868988037,6.642314672470093,body gets sweat s,0.0001439515273359,17.723224759101868,4.430806189775467,6.0,7.0,0.0,17.0,0.0,2.0
6138,"My daughter keeps complaining about irritation in her agreeable ruts of life, and I'm worried it might be an infection.",agreeable ruts,agreeable ruts,is_multiword,0,8,8|9,1,9.839693129062653,1,1.0,,,,,,,,,,,,,,,,,,,,,,,,,,,,,,,my daughter keeps complaining about irritation in her <mask> <mask> <mask> <mask> of life and i'm worried it might be an infection,▁agree able ▁ru ts,4.0,9.954758576944931e-21,46.05623626708984,11.51405906677246,eyes at the times,0.0012340377642599,39.35877251625061,9.839693129062653,8.0,9.0,0.0,19.0,0.0,2.0
6139,"Doctor, I've been feeling some unusual itching down there, what you might call the agreeable ruts of life, and it's been bothering me for days.",agreeable ruts,agreeable ruts,is_multiword,0,14,14|15,1,7.208762973546982,0,1.0,,,,,,,,,,,,,,,,,,,,,,,,,,,,,,,doctor i've been feeling some unusual itching down there what you might call the <mask> <mask> <mask> <mask> of life and it's been bothering me for days,▁agree able ▁ru ts,4.0,1.0610291366643965e-17,39.08470726013184,9.77117681503296,""" est the part",3.536968834933428e-05,28.835051894187927,7.208762973546982,14.0,15.0,0.0,24.0,0.0,2.0
6140,"Doctor, my bear has been feeling really sore and itchy since yesterday, could it be an infection?",really sore,really sore,is_multiword,0,6,6|7,1,1.6739559173583984,0,1.0,,,,,,,,,,,,,,,,,,,,,,,,,,,,,,,doctor my bear has been feeling <mask> <mask> and itchy since yesterday could it be an infection,▁really ▁sore,2.0,0.000441553493618,7.725211381912231,3.862605690956116,so y,0.0125592284722753,3.347911834716797,1.6739559173583984,6.0,7.0,0.0,16.0,0.0,2.0
6142,My wife is really uncomfortable and says her needle-book is itching and burning something fierce after using that new soap.,something fierce,something fierce,is_multiword,0,13,13|14,1,6.360745588938396,0,1.0,,,,,,,,,,,,,,,,,,,,,,,,,,,,,,,my wife is really uncomfortable and says her needle-book is itching and burning <mask> <mask> <mask> after using that new soap,▁something ▁fier ce,3.0,3.977581528637769e-12,26.25034713745117,8.750115712483725,in the s,0.0007707778404259,19.082236766815186,6.360745588938396,13.0,14.0,0.0,19.0,0.0,2.0
6143,"Doctor, I've been feeling a sharp, stinging pain down there in my needle-book ever since I started this new workout routine.",down there,down there,is_multiword,0,8,8|9,1,3.178192019462585,1,1.0,,,,,,,,,,,,,,,,,,,,,,,,,,,,,,,doctor i've been feeling a sharp stinging pain <mask> <mask> in my needle-book ever since i started this new workout routine,▁down ▁there,2.0,1.4671211098442006e-05,11.129623413085938,5.564811706542969,and pain,0.0084529534822088,6.356384038925171,3.178192019462585,8.0,9.0,0.0,20.0,0.0,2.0
6143,"Doctor, I've been feeling a sharp, stinging pain down there in my needle-book ever since I started this new workout routine.",needle-book ever,needle-book ever,is_multiword,0,12,12|13,1,6.275917840003968,1,1.0,,,,,,,,,,,,,,,,,,,,,,,,,,,,,,,doctor i've been feeling a sharp stinging pain down there in my <mask> <mask> <mask> <mask> <mask> since i started this new workout routine,▁need le - book ▁ever,5.0,6.9025332478998146e-18,39.51464319229126,7.902928638458252,back for for a weeks,0.0002930832111196,31.37958920001984,6.275917840003968,12.0,13.0,0.0,20.0,0.0,2.0
6143,"Doctor, I've been feeling a sharp, stinging pain down there in my needle-book ever since I started this new workout routine.",workout routine,workout routine,is_multiword,0,19,19|20,1,6.4472198486328125,0,1.0,,,,,,,,,,,,,,,,,,,,,,,,,,,,,,,doctor i've been feeling a sharp stinging pain down there in my needle-book ever since i started this new <mask> <mask>,▁workout ▁routine,2.0,8.648917838117263e-08,16.263246536254883,8.131623268127441,blog .,0.0344306942067779,12.894439697265623,6.4472198486328125,19.0,20.0,0.0,20.0,0.0,2.0
6144,"Doctor, I've been having this burning pain down there in my poke-hole ever since I started using that new soap.",been having,been having,is_multiword,0,2,2|3,1,0.5179214477539062,1,1.0,,,,,,,,,,,,,,,,,,,,,,,,,,,,,,,doctor i've <mask> <mask> this burning pain down there in my poke-hole ever since i started using that new soap,▁been ▁having,2.0,0.0935785161747203,2.368954449892044,1.184477224946022,been had,0.2636556048951151,1.0358428955078125,0.5179214477539062,2.0,3.0,0.0,19.0,0.0,2.0
6159,"Doctor, I’ve been having a sharp burning pain down around my Mother of St. Patrick ever since I started using that new soap.",of St,of st,is_multiword,0,12,12|13,1,6.598766267299652,0,1.0,,,,,,,,,,,,,,,,,,,,,,,,,,,,,,,doctor i've been having a sharp burning pain down around my mother <mask> <mask> patrick ever since i started using that new soap,▁of ▁st,2.0,2.156714362049245e-07,15.349509716033936,7.674754858016968,' s,0.1162540749919747,13.197532534599304,6.598766267299652,12.0,13.0,0.0,22.0,0.0,2.0
6161,"Doctor, my little boy fell off his bike yesterday and he's got this big purple boo-boo on his knee that hasn't gotten any better.",he's got,he's got,is_multiword,0,10,10|11,1,0.2629022896289825,1,1.0,,,,,,,,,,,,,,,,,,,,,,,,,,,,,,,doctor my little boy fell off his bike yesterday and <mask> <mask> <mask> <mask> this big purple boo-boo on his knee that hasn't gotten any better,▁he ' s ▁got,4.0,0.0001671034648307,8.696897387504578,2.1742243468761444,he ' he have,0.0004782924325356,1.0516091585159302,0.2629022896289825,10.0,11.0,0.0,23.0,0.0,2.0
6161,"Doctor, my little boy fell off his bike yesterday and he's got this big purple boo-boo on his knee that hasn't gotten any better.",gotten any,gotten any,is_multiword,0,21,21|22,1,0.48101806640625,0,1.0,,,,,,,,,,,,,,,,,,,,,,,,,,,,,,,doctor my little boy fell off his bike yesterday and he's got this big purple boo-boo on his knee that hasn't <mask> <mask> <mask> better,▁gott en ▁any,3.0,0.0048181164295355,5.33537220954895,1.7784574031829834,been a any,0.0203980084003797,1.44305419921875,0.48101806640625,21.0,22.0,0.0,23.0,0.0,2.0
6161,"Doctor, my little boy fell off his bike yesterday and he's got this big purple boo-boo on his knee that hasn't gotten any better.",gotten any better,gotten any better,is_multiword,0,21,21|22|23,1,3.756025344133377,0,1.0,,,,,,,,,,,,,,,,,,,,,,,,,,,,,,,doctor my little boy fell off his bike yesterday and he's got this big purple boo-boo on his knee that hasn't <mask> <mask> <mask> <mask>,▁gott en ▁any ▁better,4.0,2.885172743789056e-10,21.96626615524292,5.49156653881073,been a since .,0.0009661757749011,15.024101376533508,3.756025344133377,21.0,23.0,0.0,23.0,0.0,3.0
6161,"Doctor, my little boy fell off his bike yesterday and he's got this big purple boo-boo on his knee that hasn't gotten any better.",any better,any better,is_multiword,0,22,22|23,1,4.623371213674545,1,1.0,,,,,,,,,,,,,,,,,,,,,,,,,,,,,,,doctor my little boy fell off his bike yesterday and he's got this big purple boo-boo on his knee that hasn't gotten <mask> <mask>,▁any ▁better,2.0,2.6374616797909854e-06,12.845693588256836,6.422846794128418,fixed .,0.0273523956697109,9.24674242734909,4.623371213674545,22.0,23.0,0.0,23.0,0.0,2.0
6163,"Doctor, my son has had the backyard trots for three days now and he's barely eating anything.",he's barely,he's barely,is_multiword,0,13,13|14,1,2.2319639682769776,0,1.0,,,,,,,,,,,,,,,,,,,,,,,,,,,,,,,doctor my son has had the backyard trots for three days now and <mask> <mask> <mask> <mask> <mask> eating anything,▁he ' s ▁bare ly,5.0,7.706341833206421e-10,20.98380732536316,4.196761465072632,he has he tired of,5.4137281688007806e-05,11.159819841384888,2.2319639682769776,13.0,14.0,0.0,16.0,0.0,2.0
6166,"Doctor, I’ve been dealing with the drizzlies since yesterday and I’m feeling really weak and dehydrated.",I’m feeling,i'm feeling,is_multiword,0,10,10|11,1,0.0,0,1.0,,,,,,,,,,,,,,,,,,,,,,,,,,,,,,,doctor i've been dealing with the drizzlies since yesterday and <mask> <mask> <mask> <mask> really weak and dehydrated,▁i ' m ▁feeling,4.0,0.0147919694559893,4.21367084980011,1.0534177124500277,i ' m feeling,0.0147919694559893,0.0,0.0,10.0,11.0,0.0,15.0,0.0,2.0
6168,"My elderly mother keeps getting these sudden farts, and she's worried it might be something serious.",keeps getting,keeps getting,is_multiword,0,3,3|4,1,1.6978670358657837,1,1.0,,,,,,,,,,,,,,,,,,,,,,,,,,,,,,,my elderly mother <mask> <mask> <mask> these sudden farts and she's worried it might be something serious,▁keep s ▁getting,3.0,6.318265121236313e-05,9.669480800628662,3.2231602668762207,has s of,0.0102972367850816,5.093601107597351,1.6978670358657837,3.0,4.0,0.0,15.0,0.0,2.0
6169,"Doctor, my little boy has been having the farts all night and he's running a fever.",he's running,he's running,is_multiword,0,12,12|13,1,2.1264809370040894,0,1.0,,,,,,,,,,,,,,,,,,,,,,,,,,,,,,,doctor my little boy has been having the farts all night and <mask> <mask> <mask> <mask> a fever,▁he ' s ▁running,4.0,1.0638805938943487e-07,16.056172490119934,4.014043122529984,he is to having,0.0005259792776508,8.505923748016357,2.1264809370040894,12.0,13.0,0.0,15.0,0.0,2.0
6171,"Doctor, I think my son has been using the beast again—he's been nodding off at the table and his pupils are tiny.",nodding off,nodding off,is_multiword,0,13,13|14,1,2.124332547187805,0,1.0,,,,,,,,,,,,,,,,,,,,,,,,,,,,,,,doctor i think my son has been using the beast again-he's been nodding <mask> <mask> the table and his pupils are tiny,▁off ▁at,2.0,0.0011301672348236,6.78538966178894,3.39269483089447,around on,0.0791251448862735,4.24866509437561,2.124332547187805,13.0,14.0,0.0,21.0,0.0,2.0
6172,"My husband's been sniffling and sweating all morning, and I found a burnt spoon in his jacket—I'm scared he's back on the beast.",on the,on the,is_multiword,0,21,21|22,1,4.37433123588562,0,1.0,,,,,,,,,,,,,,,,,,,,,,,,,,,,,,,my husband's been sniffling and sweating all morning and i found a burnt spoon in his jacket-i'm scared he's back on <mask> <mask> <mask>,▁the ▁be ast,3.0,1.1854556971489065e-08,18.250553488731384,6.083517829577128,the . .,0.0059310158064386,13.12299370765686,4.37433123588562,21.0,22.0,0.0,22.0,0.0,2.0
6174,My son's been acting strange lately—he's always nodding off and his pupils are tiny—I'm worried he's gotten into Aunt Hazel.,nodding off,nodding off,is_multiword,0,8,8|9,1,3.4256878197193146,1,1.0,,,,,,,,,,,,,,,,,,,,,,,,,,,,,,,my son's been acting strange lately-he's always nodding <mask> <mask> his pupils are tiny-i'm worried he's gotten into aunt hazel,▁off ▁and,2.0,0.0001630137715315,8.721675872802734,4.360837936401367,even when,0.1540773956953204,6.851375639438629,3.4256878197193146,8.0,9.0,0.0,19.0,0.0,2.0
6175,"My husband’s been acting really paranoid and aggressive lately, and I’m worried he’s gotten into ice again.",gotten into,gotten into,is_multiword,0,13,13|14,1,5.951117078463237,1,1.0,,,,,,,,,,,,,,,,,,,,,,,,,,,,,,,my husband's been acting really paranoid and aggressive lately and i'm worried he's <mask> <mask> <mask> ice again,▁gott en ▁into,3.0,1.0909196576061223e-09,20.636244773864743,6.878748257954915,gonna on the,0.0618592560297297,17.85335123538971,5.951117078463237,13.0,14.0,0.0,16.0,0.0,2.0
6180,My husband's lost forty pounds in two months and his moods are all over the place—I'm scared he's been smoking chalk.,all over,all over,is_multiword,0,12,12|13,1,0.2341023087501526,0,1.0,,,,,,,,,,,,,,,,,,,,,,,,,,,,,,,my husband's lost forty pounds in two months and his moods are <mask> <mask> the place-i'm scared he's been smoking chalk,▁all ▁over,2.0,0.0424624381851121,3.159135401248932,1.579567700624466,right over,0.0678177862920422,0.4682046175003052,0.2341023087501526,12.0,13.0,0.0,20.0,0.0,2.0
6180,My husband's lost forty pounds in two months and his moods are all over the place—I'm scared he's been smoking chalk.,all over the,all over the,is_multiword,0,12,12|13|14,1,2.030108153820038,0,1.0,,,,,,,,,,,,,,,,,,,,,,,,,,,,,,,my husband's lost forty pounds in two months and his moods are <mask> <mask> <mask> place-i'm scared he's been smoking chalk,▁all ▁over ▁the,3.0,1.6344286119422837e-05,11.021632194519045,3.673877398173014,in the better,0.0072170591207014,6.0903244614601135,2.030108153820038,12.0,14.0,0.0,20.0,0.0,3.0
6180,My husband's lost forty pounds in two months and his moods are all over the place—I'm scared he's been smoking chalk.,all over the place,all over the place,is_multiword,0,12,12|13|14|15,1,2.8187088668346405,1,1.0,,,,,,,,,,,,,,,,,,,,,,,,,,,,,,,my husband's lost forty pounds in two months and his moods are <mask> <mask> <mask> <mask> <mask> <mask> <mask> <mask> scared he's been smoking chalk,▁all ▁over ▁the ▁place - i ' m,8.0,1.2976762899566155e-18,41.1859564781189,5.148244559764862,getting good and he he he ' s,8.060537918057295e-09,22.549670934677124,2.8187088668346405,12.0,15.0,0.0,20.0,0.0,4.0
6180,My husband's lost forty pounds in two months and his moods are all over the place—I'm scared he's been smoking chalk.,over the,over the,is_multiword,0,13,13|14,1,1.4364586174488068,0,1.0,,,,,,,,,,,,,,,,,,,,,,,,,,,,,,,my husband's lost forty pounds in two months and his moods are all <mask> <mask> place-i'm scared he's been smoking chalk,▁over ▁the,2.0,0.0095058100853144,4.65585207939148,2.32792603969574,in one,0.1681439460871623,2.872917234897613,1.4364586174488068,13.0,14.0,0.0,20.0,0.0,2.0
6180,My husband's lost forty pounds in two months and his moods are all over the place—I'm scared he's been smoking chalk.,over the place,over the place,is_multiword,0,13,13|14|15,1,2.44944441318512,0,1.0,,,,,,,,,,,,,,,,,,,,,,,,,,,,,,,my husband's lost forty pounds in two months and his moods are all <mask> <mask> <mask> <mask> <mask> <mask> <mask> scared he's been smoking chalk,▁over ▁the ▁place - i ' m,7.0,1.1936074200836521e-14,32.05921113491058,4.579887304987226,good good and he ' ' s,3.336743756851326e-07,17.146110892295837,2.44944441318512,13.0,15.0,0.0,20.0,0.0,3.0
6180,My husband's lost forty pounds in two months and his moods are all over the place—I'm scared he's been smoking chalk.,the place,the place,is_multiword,0,14,14|15,1,1.8650036056836443,0,1.0,,,,,,,,,,,,,,,,,,,,,,,,,,,,,,,my husband's lost forty pounds in two months and his moods are all over <mask> <mask> <mask> <mask> <mask> <mask> scared he's been smoking chalk,▁the ▁place - i ' m,6.0,4.26764537333003e-10,21.574788689613342,3.595798114935557,the . he ' ' s,3.089960814565183e-05,11.190021634101868,1.8650036056836443,14.0,15.0,0.0,20.0,0.0,2.0
6188,"Doctor, my daughter's been complaining of a belly-ache since last night, and she can't keep any food down.",a belly-ache,a belly-ache,is_multiword,0,6,6|7,1,3.493363046646118,0,1.0,,,,,,,,,,,,,,,,,,,,,,,,,,,,,,,doctor my daughter's been complaining of <mask> <mask> <mask> <mask> <mask> since last night and she can't keep any food down,▁a ▁be lly - ache,5.0,2.133138005881428e-14,31.478597164154053,6.29571943283081,her s in her s,8.217891930506754e-07,17.46681523323059,3.493363046646118,6.0,7.0,0.0,17.0,0.0,2.0
6193,"Doctor, I've been dealing with this pox face for months now, and nothing over the counter seems to help.",pox face,pox face,is_multiword,1,6,6|7,1,3.9933814207712808,0,1.0,,,,,,,,,,,,,,,,,,,,,,,,,,,,,,,doctor i've been dealing with this <mask> <mask> <mask> for months now and nothing over the counter seems to help,▁po x ▁face,3.0,1.1201030337645655e-09,20.60984516143799,6.869948387145996,with of problem,0.0001787180919095,11.980144262313845,3.9933814207712808,6.0,7.0,0.0,18.0,0.0,2.0
6194,"Doctor, my son's face has been breaking out so badly—I think he's got a real case of pox face.",he's got,he's got,is_multiword,0,12,12|13,1,0.0,0,1.0,,,,,,,,,,,,,,,,,,,,,,,,,,,,,,,doctor my son's face has been breaking out so badly-i think he's <mask> <mask> real case of pox face,▁got ▁a,2.0,0.2552974501016503,1.3653259426355362,0.6826629713177681,got a,0.2552974501016503,0.0,0.0,12.0,13.0,0.0,18.0,0.0,2.0
6195,"Doctor, I think I might have a bit of a bracer problem—I've been needing a drink first thing in the morning just to steady my hands.",first thing,first thing,is_multiword,0,17,17|18,1,0.0,0,1.0,,,,,,,,,,,,,,,,,,,,,,,,,,,,,,,doctor i think i might have a bit of a bracer problem-i've been needing a drink first <mask> <mask> the morning just to steady my hands,▁thing ▁in,2.0,0.8329399307510642,0.1827937513589859,0.0913968756794929,thing in,0.8329399307510642,0.0,0.0,17.0,18.0,0.0,25.0,0.0,2.0
6196,"Doctor, I'm here with my husband; I'm worried he's got a bracer issue—he's been sneaking liquor into his coffee and hiding bottles around the house.",bracer issue,bracer issue,is_multiword,0,11,11|12,1,2.849370104925973,0,1.0,,,,,,,,,,,,,,,,,,,,,,,,,,,,,,,doctor i'm here with my husband i'm worried he's got a <mask> <mask> <mask> <mask> <mask> <mask> <mask> been sneaking liquor into his coffee and hiding bottles around the house,▁bra cer ▁issue - he ' s,7.0,1.5126658840047425e-15,34.124902814626694,4.874986116375242,bad of in he he ' s,6.950291289199424e-07,19.94559073448181,2.849370104925973,11.0,12.0,0.0,24.0,0.0,2.0
6200,"Doctor, my husband hasn't had a drink in three days and now he's shaking and seeing things—I think he's got the screaming meemies.",screaming meemies,screaming meemies,is_multiword,1,22,,1,,0,1.0,,,,,,,,,,,,,,,,,,,,,,,,,,,,,,,,,,,,,,,,,,,,,,
6201,"""Is this what you call the alcoholic dithers? My hands won't stop trembling and I keep seeing things out of the corner of my eye.""",alcoholic dithers,alcoholic dithers,is_multiword,1,6,6|7,1,4.950652313232422,0,1.0,,,,,,,,,,,,,,,,,,,,,,,,,,,,,,,is this what you call the <mask> <mask> <mask> <mask> <mask> my hands won't stop trembling and i keep seeing things out of the corner of my eye,▁alcohol ic ▁di ther s,5.0,6.215880341248286e-17,37.31683921813965,7.46336784362793, ? ? ? </s>,3.4970959866428307e-06,24.75326156616211,4.950652313232422,6.0,7.0,0.0,24.0,0.0,2.0
6202,"""Doc, I haven't had a drink in two days and now I'm shaking so bad I can't hold a coffee cup—feels like the alcoholic dithers are kicking in hard.""",alcoholic dithers,alcoholic dithers,is_multiword,1,24,24|25,1,3.179237276315689,1,1.0,,,,,,,,,,,,,,,,,,,,,,,,,,,,,,,doc i haven't had a drink in two days and now i'm shaking so bad i can't hold a coffee cup-feels like the alcoholic <mask> <mask> <mask> <mask> kicking in hard,▁di ther s ▁are,4.0,4.5118277692567305e-10,21.519148588180546,5.379787147045136,and i ' m,0.000150401904607,12.716949105262756,3.179237276315689,24.0,25.0,0.0,28.0,0.0,2.0
6204,"My dad's hands are trembling and he can't sleep since he stopped his whiskey—could this be quart mania, doctor?",quart mania,quart mania,is_multiword,1,17,17|18,1,6.338691691557567,0,1.0,,,,,,,,,,,,,,,,,,,,,,,,,,,,,,,my dad's hands are trembling and he can't sleep since he stopped his whiskey-could this be quart <mask> <mask> <mask>,▁ mania ▁doctor,3.0,4.126521571085745e-11,23.911001205444336,7.970333735148112,z ? ?,0.0074844620749172,19.0160750746727,6.338691691557567,17.0,18.0,0.0,18.0,0.0,2.0
6206,"Doctor, I'm worried about my son, he stopped drinking cold turkey and now he's sweating and confused—seems like he's in the rats.",the rats,the rats,is_multiword,0,21,,1,,0,1.0,,,,,,,,,,,,,,,,,,,,,,,,,,,,,,,,,,,,,,,,,,,,,,
6207,"Doctor, I think I've got the heebie-jeebies—I can't stop shaking and my skin's crawling ever since I stopped drinking three days ago.",I've got,i've got,is_multiword,0,3,3|4,1,1.0611896514892578,1,1.0,,,,,,,,,,,,,,,,,,,,,,,,,,,,,,,doctor i think <mask> <mask> <mask> <mask> the heebie-jeebies-i can't stop shaking and my skin's crawling ever since i stopped drinking three days ago,▁i ' ve ▁got,4.0,4.998030103632513e-05,9.90388160943985,2.4759704023599625,i ' s of,0.0034855723930357,4.244758605957031,1.0611896514892578,3.0,4.0,0.0,21.0,0.0,2.0
6210,"Doctor, my husband’s been shaking and sweating all morning—I think he’s got the jim-jams after stopping his whiskey cold turkey.",he’s got,he's got,is_multiword,0,11,11|12,1,0.7126139998435974,0,1.0,,,,,,,,,,,,,,,,,,,,,,,,,,,,,,,doctor my husband's been shaking and sweating all morning-i think he's <mask> <mask> jim-jams after stopping his whiskey cold turkey,▁got ▁the,2.0,0.0050305194159645,5.292232036590576,2.646116018295288,getting some,0.0209209540340453,1.4252279996871948,0.7126139998435974,11.0,12.0,0.0,19.0,0.0,2.0
6212,"""Doc, I haven't had a drink in three days, and now I'm shaking like a leaf and seeing shadows—feels like I've got the bat fever.""",I've got,i've got,is_multiword,0,21,21|22,1,2.613639757037163,0,1.0,,,,,,,,,,,,,,,,,,,,,,,,,,,,,,,doc i haven't had a drink in three days and now i'm shaking like a leaf and seeing shadows-feels like i've <mask> <mask> bat fever,▁got ▁the,2.0,0.0026732746089308,5.924451112747192,2.962225556373596,had a,0.4979918345026832,5.227279514074326,2.613639757037163,21.0,22.0,0.0,24.0,0.0,2.0
6213,"My husband's been acting like he's in a full ape every night—he's slurring his words and stumbling around, but he swears he only had one beer.",full ape,full ape,is_multiword,0,8,8|9,1,5.718217730522156,0,1.0,,,,,,,,,,,,,,,,,,,,,,,,,,,,,,,my husband's been acting like he's in a <mask> <mask> every night-he's slurring his words and stumbling around but he swears he only had one beer,▁full ▁ape,2.0,1.40131910220538e-08,18.083266735076904,9.041633367538452, bar,0.0012981290103054,11.436435461044312,5.718217730522156,8.0,9.0,0.0,25.0,0.0,2.0
6221,"Doctor, my husband’s been hitting the beast pretty hard lately, and now he can’t keep his hands steady.",beast pretty,beast pretty,is_multiword,0,6,6|7,1,3.621579647064209,0,1.0,,,,,,,,,,,,,,,,,,,,,,,,,,,,,,,doctor my husband's been hitting the <mask> <mask> <mask> hard lately and now he can't keep his hands steady,▁be ast ▁pretty,3.0,6.029089672216208e-08,16.62408471107483,5.541361570358276, s really,0.0031531738250685,10.864738941192629,3.621579647064209,6.0,7.0,0.0,17.0,0.0,2.0
6222,"I’m here for my son—he’s only sixteen but I caught him sneaking the beast from our cabinet, and he’s been throwing up every morning.",throwing up,throwing up,is_multiword,0,21,21|22,1,2.982822380959988,0,1.0,,,,,,,,,,,,,,,,,,,,,,,,,,,,,,,i'm here for my son-he's only sixteen but i caught him sneaking the beast from our cabinet and he's been throwing <mask> <mask> morning,▁up ▁every,2.0,0.0003452831924776,7.9711456298828125,3.9855728149414062,it all,0.1345928655557338,5.965644761919975,2.982822380959988,21.0,22.0,0.0,23.0,0.0,2.0
6227,"I’m worried about my dad, he’s been hiding bottles of artillery around the house and his memory’s getting worse every week.",memory’s getting,memory's getting,is_multiword,0,16,16|17,1,1.5945539772510529,1,1.0,,,,,,,,,,,,,,,,,,,,,,,,,,,,,,,i'm worried about my dad he's been hiding bottles of artillery around the house and his <mask> <mask> <mask> <mask> worse every week,▁memory ' s ▁getting,4.0,5.548430471439438e-06,12.101995468139648,3.025498867034912,health s getting getting,0.0032673384370016,6.378215909004211,1.5945539772510529,16.0,17.0,0.0,20.0,0.0,2.0
6229,"I've been off the barley for three days now, but my hands still shake so bad I can't hold a cup of water.",off the,off the,is_multiword,0,2,2|3,1,3.480558514595032,0,1.0,,,,,,,,,,,,,,,,,,,,,,,,,,,,,,,i've been <mask> <mask> barley for three days now but my hands still shake so bad i can't hold a cup of water,▁off ▁the,2.0,8.415283741630865e-05,9.38287591934204,4.6914379596710205,drink ing,0.0887653515696929,6.961117029190064,3.480558514595032,2.0,3.0,0.0,22.0,0.0,2.0
6229,"I've been off the barley for three days now, but my hands still shake so bad I can't hold a cup of water.",off the barley,off the barley,is_multiword,0,2,2|3|4,1,3.2323036193847656,0,1.0,,,,,,,,,,,,,,,,,,,,,,,,,,,,,,,i've been <mask> <mask> <mask> <mask> for three days now but my hands still shake so bad i can't hold a cup of water,▁off ▁the ▁bar ley,4.0,2.2168624950402354e-10,22.2297580242157,5.557439506053925,using ing this water,9.137455164386696e-05,12.929214477539062,3.2323036193847656,2.0,4.0,0.0,22.0,0.0,3.0
6229,"I've been off the barley for three days now, but my hands still shake so bad I can't hold a cup of water.",the barley,the barley,is_multiword,0,3,3|4,1,3.9475313822428384,0,1.0,,,,,,,,,,,,,,,,,,,,,,,,,,,,,,,i've been off <mask> <mask> <mask> for three days now but my hands still shake so bad i can't hold a cup of water,▁the ▁bar ley,3.0,3.870388131087703e-08,17.067325949668884,5.689108649889628,the the s,0.0053818031501528,11.842594146728516,3.9475313822428384,3.0,4.0,0.0,22.0,0.0,2.0
6231,"My husband insists he's a cleanskin, but his doctor says the blood work shows signs of heavy drinking.",work shows,work shows,is_multiword,0,12,12|13,1,3.2389716506004333,0,1.0,,,,,,,,,,,,,,,,,,,,,,,,,,,,,,,my husband insists he's a cleanskin but his doctor says the blood <mask> <mask> signs of heavy drinking,▁work ▁shows,2.0,5.135360070767542e-05,9.87677550315857,4.938387751579285,is show,0.0334122659649479,6.477943301200867,3.2389716506004333,12.0,13.0,0.0,17.0,0.0,2.0
6232,"Doctor, I'm a cleanskin—I've never touched alcohol in my life—so this liver problem has really caught me off guard.",cleanskin I've,cleanskin i've,is_multiword,0,3,3|4,1,2.753203362226486,1,1.0,,,,,,,,,,,,,,,,,,,,,,,,,,,,,,,doctor i'm a <mask> <mask> <mask> <mask> <mask> <mask> <mask> <mask> touched alcohol in my life-so this liver problem has really caught me off guard,▁clean s kin - i ' ve ▁never,8.0,1.5319988627438133e-17,38.71737325191498,4.839671656489372,very of - - i ' ' ever,5.634646371781276e-08,22.02562689781189,2.753203362226486,3.0,4.0,0.0,18.0,0.0,2.0
6232,"Doctor, I'm a cleanskin—I've never touched alcohol in my life—so this liver problem has really caught me off guard.",off guard,off guard,is_multiword,0,19,,1,,0,1.0,,,,,,,,,,,,,,,,,,,,,,,,,,,,,,,,,,,,,,,,,,,,,,
6233,"Doctor, I've been noticing more and more hair in my brush and on my pillow—could this be what they call a bone-dome coming on?",bone-dome coming,bone-dome coming,is_multiword,0,22,22|23,1,7.019059956073761,1,1.0,,,,,,,,,,,,,,,,,,,,,,,,,,,,,,,doctor i've been noticing more and more hair in my brush and on my pillow-could this be what they call a bone-dome <mask> <mask>,▁coming ▁on,2.0,8.143178537759749e-08,16.323500156402588,8.161750078201294,? ?,0.1017353704604573,14.038119912147522,7.019059956073761,22.0,23.0,0.0,23.0,0.0,2.0
6235,"Doctor, I've been noticing my hair coming out in clumps when I shower—could this be that curly thing you see with stress?",been noticing,been noticing,is_multiword,0,2,2|3,1,3.768112063407898,0,1.0,,,,,,,,,,,,,,,,,,,,,,,,,,,,,,,doctor i've <mask> <mask> <mask> <mask> my hair coming out in clumps when i shower-could this be that curly thing you see with stress,▁been ▁no tic ing,4.0,4.0626824868429577e-10,21.6240074634552,5.4060018658638,been a problem of,0.0014278874855171,15.072448253631592,3.768112063407898,2.0,3.0,0.0,21.0,0.0,2.0
6236,"My son's hair started falling out in round patches last month, and I'm worried he's got what they call curly—is there anything we can do?",he's got,he's got,is_multiword,0,14,14|15,1,0.7613420486450195,0,1.0,,,,,,,,,,,,,,,,,,,,,,,,,,,,,,,my son's hair started falling out in round patches last month and i'm worried <mask> <mask> <mask> <mask> what they call curly-is there anything we can do,▁he ' s ▁got,4.0,1.0828795876112368e-05,11.4333016872406,2.85832542181015,about ' ' s,0.0002275971238487,3.045368194580078,0.7613420486450195,14.0,15.0,0.0,24.0,0.0,2.0
6238,"""Doc, I keep finding patches of hair on my pillow, and my scalp’s starting to look like a hairless coconut—could it be alopecia?""",keep finding,keep finding,is_multiword,0,2,2|3,1,5.591911643743515,1,1.0,,,,,,,,,,,,,,,,,,,,,,,,,,,,,,,doc i <mask> <mask> patches of hair on my pillow and my scalp's starting to look like a hairless coconut-could it be alopecia,▁keep ▁finding,2.0,8.908401369905782e-07,13.931100845336914,6.965550422668457,have some,0.0641021382325433,11.18382328748703,5.591911643743515,2.0,3.0,0.0,22.0,0.0,2.0
6238,"""Doc, I keep finding patches of hair on my pillow, and my scalp’s starting to look like a hairless coconut—could it be alopecia?""",keep finding patches,keep finding patches,is_multiword,0,2,2|3|4,1,5.399590358138084,0,1.0,,,,,,,,,,,,,,,,,,,,,,,,,,,,,,,doc i <mask> <mask> <mask> <mask> of hair on my pillow and my scalp's starting to look like a hairless coconut-could it be alopecia,▁keep ▁finding ▁patch es,4.0,1.2672406291725668e-11,25.091594219207764,6.272898554801941,have a a lot,0.0304024285680023,21.598361432552338,5.399590358138084,2.0,4.0,0.0,22.0,0.0,3.0
6238,"""Doc, I keep finding patches of hair on my pillow, and my scalp’s starting to look like a hairless coconut—could it be alopecia?""",keep finding patches of,keep finding patches of,is_multiword,0,2,2|3|4|5,1,4.532260859012604,0,1.0,,,,,,,,,,,,,,,,,,,,,,,,,,,,,,,doc i <mask> <mask> <mask> <mask> <mask> hair on my pillow and my scalp's starting to look like a hairless coconut-could it be alopecia,▁keep ▁finding ▁patch es ▁of,5.0,7.010721509105509e-15,32.59133577346802,6.518267154693604,' m to ing of,4.869026338267794e-05,22.66130429506302,4.532260859012604,2.0,5.0,0.0,22.0,0.0,4.0
6238,"""Doc, I keep finding patches of hair on my pillow, and my scalp’s starting to look like a hairless coconut—could it be alopecia?""",finding patches,finding patches,is_multiword,0,3,3|4,1,3.212426463762919,0,1.0,,,,,,,,,,,,,,,,,,,,,,,,,,,,,,,doc i keep <mask> <mask> <mask> of hair on my pillow and my scalp's starting to look like a hairless coconut-could it be alopecia,▁finding ▁patch es,3.0,1.1216493784448208e-06,13.70071029663086,4.566903432210286,a a s,0.0171899407675783,9.637279391288756,3.212426463762919,3.0,4.0,0.0,22.0,0.0,2.0
6238,"""Doc, I keep finding patches of hair on my pillow, and my scalp’s starting to look like a hairless coconut—could it be alopecia?""",finding patches of,finding patches of,is_multiword,0,3,3|4|5,1,3.8869857788085938,0,1.0,,,,,,,,,,,,,,,,,,,,,,,,,,,,,,,doc i keep <mask> <mask> <mask> <mask> hair on my pillow and my scalp's starting to look like a hairless coconut-could it be alopecia,▁finding ▁patch es ▁of,4.0,3.580500404439322e-11,24.05293345451355,6.013233363628388,getting ing ing my,0.0002024555221434,15.547943115234377,3.8869857788085938,3.0,5.0,0.0,22.0,0.0,3.0
6238,"""Doc, I keep finding patches of hair on my pillow, and my scalp’s starting to look like a hairless coconut—could it be alopecia?""",patches of,patches of,is_multiword,0,4,4|5,1,4.408270557721456,0,1.0,,,,,,,,,,,,,,,,,,,,,,,,,,,,,,,doc i keep finding <mask> <mask> <mask> hair on my pillow and my scalp's starting to look like a hairless coconut-could it be alopecia,▁patch es ▁of,3.0,7.249814026043706e-09,18.742290019989014,6.247430006663005,a of of,0.0040159620480478,13.224811673164368,4.408270557721456,4.0,5.0,0.0,22.0,0.0,2.0
6241,"Doctor, I keep joking that if this chest pain gets any worse, I'll need the ding-ding wagon, but honestly, it's been scaring me.",ding-ding wagon,ding-ding wagon,is_multiword,1,15,15|16,1,6.932972574234009,0,1.0,,,,,,,,,,,,,,,,,,,,,,,,,,,,,,,doctor i keep joking that if this chest pain gets any worse i'll need the <mask> <mask> <mask> <mask> <mask> but honestly it's been scaring me,▁ding - ding ▁wa gon,5.0,1.2268301429619873e-21,48.14985322952271,9.62997064590454,"doctor of to for ,",1.3916918977799103e-06,34.664862871170044,6.932972574234009,15.0,16.0,0.0,22.0,0.0,2.0
6242,My husband’s been so dizzy he nearly collapsed yesterday—I told him we’re one bad spell away from calling the ding-ding wagon.,nearly collapsed,nearly collapsed,is_multiword,0,6,6|7,1,5.902848452329636,1,1.0,,,,,,,,,,,,,,,,,,,,,,,,,,,,,,,my husband's been so dizzy he <mask> <mask> <mask> <mask> yesterday-i told him we're one bad spell away from calling the ding-ding wagon,▁nearly ▁col lapse d,4.0,5.697287768903839e-15,32.79878616333008,8.19969654083252,' to to me,0.0001023213349452,23.611393809318542,5.902848452329636,6.0,7.0,0.0,20.0,0.0,2.0
6242,My husband’s been so dizzy he nearly collapsed yesterday—I told him we’re one bad spell away from calling the ding-ding wagon.,the ding-ding,the ding-ding,is_multiword,0,19,19|20,1,6.229525542259216,0,1.0,,,,,,,,,,,,,,,,,,,,,,,,,,,,,,,my husband's been so dizzy he nearly collapsed yesterday-i told him we're one bad spell away from calling the <mask> <mask> <mask> <mask> <mask>,▁ding - ding ▁wa gon,5.0,4.272427343589568e-20,44.59951972961426,8.91990394592285,doctor - s . .,1.4385253690869948e-06,31.14762771129608,6.229525542259216,19.0,20.0,0.0,20.0,0.0,2.0
6242,My husband’s been so dizzy he nearly collapsed yesterday—I told him we’re one bad spell away from calling the ding-ding wagon.,the ding-ding wagon,the ding-ding wagon,is_multiword,0,19,,1,,0,1.0,,,,,,,,,,,,,,,,,,,,,,,,,,,,,,,,,,,,,,,,,,,,,,
6242,My husband’s been so dizzy he nearly collapsed yesterday—I told him we’re one bad spell away from calling the ding-ding wagon.,ding-ding wagon,ding-ding wagon,is_multiword,1,20,,1,,0,1.0,,,,,,,,,,,,,,,,,,,,,,,,,,,,,,,,,,,,,,,,,,,,,,
6247,"Doctor, my husband's been getting that 'country porch' look—he's gained so much weight around his middle and he's always short of breath.",so much,so much,is_multiword,0,11,11|12,1,0.0341930389404296,1,1.0,,,,,,,,,,,,,,,,,,,,,,,,,,,,,,,doctor my husband's been getting that 'country porch' look-he's gained so <mask> <mask> around his middle and he's always short of breath,▁much ▁weight,2.0,0.1222924087692926,2.1013403087854385,1.0506701543927193,much muscle,0.1309480982431759,0.0683860778808593,0.0341930389404296,11.0,12.0,0.0,21.0,0.0,2.0
6249,My husband says his bung hole has been feeling sore and he's seen a little blood when he wipes.,bung hole,bung hole,is_multiword,1,4,4|5,1,4.831143697102864,0,1.0,,,,,,,,,,,,,,,,,,,,,,,,,,,,,,,my husband says his <mask> <mask> <mask> has been feeling sore and he's seen a little blood when he wipes,▁ bung ▁hole,3.0,7.455261907626304e-11,23.31951594352722,7.77317198117574, thro s,0.0001468520629781,14.493431091308594,4.831143697102864,4.0,5.0,0.0,18.0,0.0,2.0
6250,"Doctor, my son keeps pointing at his bung hole and saying it itches, especially at night.",bung hole,bung hole,is_multiword,1,7,7|8,1,5.228777567545573,0,1.0,,,,,,,,,,,,,,,,,,,,,,,,,,,,,,,doctor my son keeps pointing at his <mask> <mask> <mask> and saying it itches especially at night,▁ bung ▁hole,3.0,3.0958122386263184e-11,24.19838571548462,8.066128571828207, and s,0.00020103068239,15.68633270263672,5.228777567545573,7.0,8.0,0.0,15.0,0.0,2.0
6251,"""Doctor, I've been getting a sharp pain in my back drain whenever I sit down—could it be a hemorrhoid or something?""",drain whenever,drain whenever,is_multiword,0,10,10|11,1,5.983343958854675,0,1.0,,,,,,,,,,,,,,,,,,,,,,,,,,,,,,,doctor i've been getting a sharp pain in my back <mask> <mask> <mask> i sit down-could it be a hemorrhoid or something,▁dra in ▁whenever,3.0,9.11766106902e-11,23.11822271347046,7.706074237823486,right night when,0.0056948624399418,17.950031876564026,5.983343958854675,10.0,11.0,0.0,20.0,0.0,2.0
6260,"Doctor, I've been feeling a sharp pain around my backslice whenever I sit down after using the bathroom.",backslice whenever,backslice whenever,is_multiword,0,9,9|10,1,2.688174322247505,0,1.0,,,,,,,,,,,,,,,,,,,,,,,,,,,,,,,doctor i've been feeling a sharp pain around my <mask> <mask> <mask> <mask> i sit down after using the bathroom,▁back s lice ▁whenever,4.0,4.943562908421579e-09,19.125179529190063,4.781294882297516,back s s when,0.0002311410933449,10.75269728899002,2.688174322247505,9.0,10.0,0.0,17.0,0.0,2.0
6261,"""My back’s so bad I can barely move—honestly, I think I’m gonna need a 'banjo' just to make it through the next few days here.""",back’s so,back's so,is_multiword,0,1,1|2,1,0.5233231484889984,0,1.0,,,,,,,,,,,,,,,,,,,,,,,,,,,,,,,my <mask> <mask> <mask> <mask> bad i can barely move-honestly i think i'm gonna need a 'banjo' just to make it through the next few days here,▁back ' s ▁so,4.0,0.0002483541111583,8.300654962658882,2.0751637406647205,body is s so,0.0020145440870695,2.0932925939559937,0.5233231484889984,1.0,2.0,0.0,24.0,0.0,2.0
6261,"""My back’s so bad I can barely move—honestly, I think I’m gonna need a 'banjo' just to make it through the next few days here.""",banjo just,banjo just,is_multiword,0,15,15|16,1,0.0,0,1.0,,,,,,,,,,,,,,,,,,,,,,,,,,,,,,,my back's so bad i can barely move-honestly i think i'm gonna need a 'banjo' <mask> <mask> make it through the next few days here,▁just ▁to,2.0,0.0262649014262311,3.639521777629852,1.819760888814926,just to,0.0262649014262311,0.0,0.0,15.0,16.0,0.0,24.0,0.0,2.0
6261,"""My back’s so bad I can barely move—honestly, I think I’m gonna need a 'banjo' just to make it through the next few days here.""",make it,make it,is_multiword,0,18,18|19,1,0.986379623413086,1,1.0,,,,,,,,,,,,,,,,,,,,,,,,,,,,,,,my back's so bad i can barely move-honestly i think i'm gonna need a 'banjo' just to make <mask> <mask> the next few days here,▁it ▁through,2.0,0.0402195376398758,3.213402390480041,1.6067011952400208,it for,0.2891981621524656,1.972759246826172,0.986379623413086,18.0,19.0,0.0,24.0,0.0,2.0
6262,"""Doc, I’ve been having trouble getting to the bathroom in time, so I was wondering if I could get a 'banjo' to keep by the bed at night.""",been having,been having,is_multiword,0,2,2|3,1,0.5262794494628906,1,1.0,,,,,,,,,,,,,,,,,,,,,,,,,,,,,,,doc i've <mask> <mask> trouble getting to the bathroom in time so i was wondering if i could get a 'banjo' to keep by the bed at night,▁been ▁having,2.0,0.0939177442178026,2.3653359413146973,1.1826679706573486,had having,0.2690717941096357,1.0525588989257812,0.5262794494628906,2.0,3.0,0.0,27.0,0.0,2.0
6263,"My husband woke up this morning saying he can’t see anything out of his right eye—could it be one eye and a winkle, doctor?",out of,out of,is_multiword,0,11,11|12,1,1.617023527622223,1,1.0,,,,,,,,,,,,,,,,,,,,,,,,,,,,,,,my husband woke up this morning saying he can't see anything <mask> <mask> his right eye-could it be one eye and a winkle doctor,▁out ▁of,2.0,0.0012143280555112,6.713564395904541,3.3567821979522705,except than,0.0308222841064495,3.234047055244446,1.617023527622223,11.0,12.0,0.0,23.0,0.0,2.0
6264,"Doctor, my son’s been complaining about his left eye for weeks—I’m scared he’s got one eye and a winkle.",he’s got,he's got,is_multiword,0,13,13|14,1,0.3675021529197693,0,1.0,,,,,,,,,,,,,,,,,,,,,,,,,,,,,,,doctor my son's been complaining about his left eye for weeks-i'm scared he's <mask> <mask> eye and a winkle,▁got ▁one,2.0,0.0307399704227161,3.482191503047943,1.7410957515239716,got left,0.0641079308045805,0.7350043058395386,0.3675021529197693,13.0,14.0,0.0,18.0,0.0,2.0
6267,"My mom’s been having these sharp pains in her chest, and the doctor before said her pipe lines are too narrow.",pipe lines,pipe lines,is_multiword,1,16,16|17,1,7.309492111206055,1,1.0,,,,,,,,,,,,,,,,,,,,,,,,,,,,,,,my mom's been having these sharp pains in her chest and the doctor before said her <mask> <mask> are too narrow,▁pipe ▁lines,2.0,4.8987049888521296e-08,16.83170986175537,8.415854930877686,che s,0.1094020512310486,14.61898422241211,7.309492111206055,16.0,17.0,0.0,20.0,0.0,2.0
6268,"Doctor, my husband’s been complaining about his legs feeling heavy and sore—I’m worried his pipe lines might be getting clogged up.",pipe lines,pipe lines,is_multiword,1,15,15|16,1,4.618413686752319,0,1.0,,,,,,,,,,,,,,,,,,,,,,,,,,,,,,,doctor my husband's been complaining about his legs feeling heavy and sore-i'm worried his pipe <mask> <mask> be getting clogged up,▁lines ▁might,2.0,3.023673945848628e-05,10.40645283460617,5.203226417303085,s might,0.3104832075295475,9.23682737350464,4.618413686752319,15.0,16.0,0.0,20.0,0.0,2.0
6268,"Doctor, my husband’s been complaining about his legs feeling heavy and sore—I’m worried his pipe lines might be getting clogged up.",pipe lines might,pipe lines might,is_multiword,0,15,15|16|17,1,3.8280014991760254,0,1.0,,,,,,,,,,,,,,,,,,,,,,,,,,,,,,,doctor my husband's been complaining about his legs feeling heavy and sore-i'm worried his pipe <mask> <mask> <mask> getting clogged up,▁lines ▁might ▁be,3.0,3.5153998960237685e-07,14.860942363739014,4.953647454579671,s ' s,0.0341518723849907,11.484004497528076,3.8280014991760254,15.0,17.0,0.0,20.0,0.0,3.0
6268,"Doctor, my husband’s been complaining about his legs feeling heavy and sore—I’m worried his pipe lines might be getting clogged up.",lines might,lines might,is_multiword,0,16,16|17,1,0.8162460327148438,1,1.0,,,,,,,,,,,,,,,,,,,,,,,,,,,,,,,doctor my husband's been complaining about his legs feeling heavy and sore-i'm worried his pipe lines <mask> <mask> getting clogged up,▁might ▁be,2.0,0.0190837954373923,3.9589157104492183,1.9794578552246092,are be,0.0976443341832644,1.6324920654296875,0.8162460327148438,16.0,17.0,0.0,20.0,0.0,2.0
6268,"Doctor, my husband’s been complaining about his legs feeling heavy and sore—I’m worried his pipe lines might be getting clogged up.",getting clogged,getting clogged,is_multiword,0,19,19|20,1,3.6608516573905945,0,1.0,,,,,,,,,,,,,,,,,,,,,,,,,,,,,,,doctor my husband's been complaining about his legs feeling heavy and sore-i'm worried his pipe lines might be getting <mask> <mask> <mask>,▁clo gged ▁up,3.0,6.376147526903884e-08,16.568116664886475,5.522705554962158,worse ed .,0.0037516419079125,10.982554972171783,3.6608516573905945,19.0,20.0,0.0,20.0,0.0,2.0
6268,"Doctor, my husband’s been complaining about his legs feeling heavy and sore—I’m worried his pipe lines might be getting clogged up.",getting clogged up,getting clogged up,is_multiword,0,19,,1,,0,1.0,,,,,,,,,,,,,,,,,,,,,,,,,,,,,,,,,,,,,,,,,,,,,,
6268,"Doctor, my husband’s been complaining about his legs feeling heavy and sore—I’m worried his pipe lines might be getting clogged up.",clogged up,clogged up,is_multiword,0,20,,1,,0,1.0,,,,,,,,,,,,,,,,,,,,,,,,,,,,,,,,,,,,,,,,,,,,,,
6285,"My husband says he's ready for a docked smack smooth after that last prostate scare, but I told him to ask you first before making any decisions.",docked smack,docked smack,is_multiword,0,7,7|8,1,8.970914989709854,1,1.0,,,,,,,,,,,,,,,,,,,,,,,,,,,,,,,my husband says he's ready for a <mask> <mask> <mask> <mask> smooth after that last prostate scare but i told him to ask you first before making any decisions,▁do cked ▁sma ck,4.0,2.472695961056289e-20,45.146392822265625,11.286598205566406,new and will and,9.489563364916624e-05,35.88365995883942,8.970914989709854,7.0,8.0,0.0,26.0,0.0,2.0
6286,"Doctor, I think my dog needs a docked smack smooth—he's been howling at every female in the neighborhood and we can't calm him down.",docked smack,docked smack,is_multiword,0,7,7|8,1,8.996909201145172,1,1.0,,,,,,,,,,,,,,,,,,,,,,,,,,,,,,,doctor i think my dog needs a <mask> <mask> <mask> <mask> smooth-he's been howling at every female in the neighborhood and we can't calm him down,▁do cked ▁sma ck,4.0,8.666930934671998e-20,43.89218711853027,10.973046779632568,doctor to to him,0.0003690603733288,35.98763680458069,8.996909201145172,7.0,8.0,0.0,23.0,0.0,2.0
6286,"Doctor, I think my dog needs a docked smack smooth—he's been howling at every female in the neighborhood and we can't calm him down.",docked smack smooth,docked smack smooth,is_multiword,1,7,7|8|9,1,4.3752492268880205,0,1.0,,,,,,,,,,,,,,,,,,,,,,,,,,,,,,,doctor i think my dog needs a <mask> <mask> <mask> <mask> <mask> <mask> <mask> <mask> <mask> been howling at every female in the neighborhood and we can't calm him down,▁do cked ▁sma ck ▁smooth - he ' s,9.0,8.559331804309779e-28,62.32536047697067,6.925040052996741,new to to he . . he he s,1.0808345724247439e-10,39.37724304199219,4.3752492268880205,7.0,9.0,0.0,23.0,0.0,3.0
6286,"Doctor, I think my dog needs a docked smack smooth—he's been howling at every female in the neighborhood and we can't calm him down.",smack smooth,smack smooth,is_multiword,0,8,8|9,1,3.634625502995082,0,1.0,,,,,,,,,,,,,,,,,,,,,,,,,,,,,,,doctor i think my dog needs a docked <mask> <mask> <mask> <mask> <mask> <mask> <mask> been howling at every female in the neighborhood and we can't calm him down,▁sma ck ▁smooth - he ' s,7.0,1.2959147363591417e-18,41.18731486797333,5.883902123996189, . . . he ' s,1.452315681030963e-07,25.442378520965576,3.634625502995082,8.0,9.0,0.0,23.0,0.0,2.0
6293,"Doctor, my little boy's been trying to strain the potatoes for three days now, and he's crying every time he sits on the potty.",he's crying,he's crying,is_multiword,0,15,15|16,1,0.6506325244903565,0,1.0,,,,,,,,,,,,,,,,,,,,,,,,,,,,,,,doctor my little boy's been trying to strain the potatoes for three days now and <mask> <mask> <mask> <mask> <mask> every time he sits on the potty,▁he ' s ▁cry ing,5.0,2.964985774498421e-07,15.03122341632843,3.006244683265686,he ' s a them,7.671021318586014e-06,3.2531626224517822,0.6506325244903565,15.0,16.0,0.0,23.0,0.0,2.0
6294,"Doctor, my husband has been doing a proper Darren Gough all night—he can't stop and it's keeping us both awake.",a proper,a proper,is_multiword,0,6,6|7,1,3.85171902179718,0,1.0,,,,,,,,,,,,,,,,,,,,,,,,,,,,,,,doctor my husband has been doing <mask> <mask> darren gough all night-he can't stop and it's keeping us both awake,▁a ▁proper,2.0,6.984720911156088e-06,11.871785521507263,5.935892760753632,a with,0.0154778164354286,7.70343804359436,3.85171902179718,6.0,7.0,0.0,19.0,0.0,2.0
6296,"Doctor, my son keeps picking at his nose and I noticed there's a lot of dried boogie in there—could it be allergies?",boogie in,boogie in,is_multiword,0,16,16|17,1,4.501802295446396,0,1.0,,,,,,,,,,,,,,,,,,,,,,,,,,,,,,,doctor my son keeps picking at his nose and i noticed there's a lot of dried <mask> <mask> <mask> <mask> there-could it be allergies,▁bo o gie ▁in,4.0,1.0181121345521471e-11,25.31048595905304,6.32762148976326,nos e s in,0.0006733288078547,18.007209181785583,4.501802295446396,16.0,17.0,0.0,21.0,0.0,2.0
6299,"Doctor, I think I've got an old fogey in my nose—it feels all crusted up and I can't breathe properly.",I've got,i've got,is_multiword,0,3,3|4,1,0.0485325157642364,1,1.0,,,,,,,,,,,,,,,,,,,,,,,,,,,,,,,doctor i think <mask> <mask> <mask> <mask> an old fogey in my nose-it feels all crusted up and i can't breathe properly,▁i ' ve ▁got,4.0,0.009404238347128,4.6665948033332825,1.1666487008333206,i ' s got,0.0114191359324285,0.1941300630569458,0.0485325157642364,3.0,4.0,0.0,19.0,0.0,2.0
6299,"Doctor, I think I've got an old fogey in my nose—it feels all crusted up and I can't breathe properly.",crusted up,crusted up,is_multiword,0,14,14|15,1,0.4759331345558166,0,1.0,,,,,,,,,,,,,,,,,,,,,,,,,,,,,,,doctor i think i've got an old fogey in my nose-it feels all crusted <mask> <mask> i can't breathe properly,▁up ▁and,2.0,0.028349534070742,3.56314468383789,1.781572341918945,- and,0.0734405961842011,0.9518662691116332,0.4759331345558166,14.0,15.0,0.0,19.0,0.0,2.0
6305,"Doctor, my son has that terrible cough and high fever; I’m worried he’ll eat the big one before the medicine kicks in.",kicks in,kicks in,is_multiword,0,20,20|21,1,2.8042665322621665,1,1.0,,,,,,,,,,,,,,,,,,,,,,,,,,,,,,,doctor my son has that terrible cough and high fever i'm worried he'll eat the big one before the medicine <mask> <mask> <mask>,▁kick s ▁in,3.0,1.355261876130525e-06,13.511515855789185,4.503838618596395,is s .,0.0061045782348739,8.412799596786499,2.8042665322621665,20.0,21.0,0.0,21.0,0.0,2.0
6307,"Doctor, I'm here with my mother—she's been so weak and breathless, and I'm scared we're going to have to lay down the shovel for her if this keeps up.",lay down,lay down,is_multiword,0,20,20|21,1,0.9715424180030824,0,1.0,,,,,,,,,,,,,,,,,,,,,,,,,,,,,,,doctor i'm here with my mother-she's been so weak and breathless and i'm scared we're going to have to lay <mask> <mask> shovel for her if this keeps up,▁down ▁the,2.0,0.0175022531754519,4.045425653457642,2.022712826728821,down a,0.1221701153425463,1.9430848360061648,0.9715424180030824,20.0,21.0,0.0,28.0,0.0,2.0
6309,"I'm scared for my mother, doctor—she keeps telling me she feels like she's going to go feet first if this cough doesn't stop.",go feet,go feet,is_multiword,0,16,16|17,1,8.175878345966339,0,1.0,,,,,,,,,,,,,,,,,,,,,,,,,,,,,,,i'm scared for my mother doctor-she keeps telling me she feels like she's going to go <mask> <mask> if this cough doesn't stop,▁feet ▁first,2.0,1.4869616895567671e-09,20.326530933380127,10.163265466690063,to hospital,0.0187835415612054,16.351756691932678,8.175878345966339,16.0,17.0,0.0,22.0,0.0,2.0
6311,"Doctor, my mother's breathing is so shallow and her pulse is barely there—please tell me she's not going to answer the last roll-call tonight.",barely there,barely there,is_multiword,0,11,11|12,1,5.765131662289302,1,1.0,,,,,,,,,,,,,,,,,,,,,,,,,,,,,,,doctor my mother's breathing is so shallow and her pulse is <mask> <mask> <mask> <mask> <mask> <mask> tell me she's not going to answer the last roll-call tonight,▁bare ly ▁there - ple ase,6.0,1.2849960240580862e-20,45.80094623565674,7.633491039276123,so low . . doctor to,1.35360202116925e-05,34.59078997373581,5.765131662289302,11.0,12.0,0.0,23.0,0.0,2.0
6313,"Doctor, when I checked on my dad this morning, his eye was just staring—it looked like that part had winked out for good.",checked on,checked on,is_multiword,0,3,3|4,1,2.089069406191508,1,1.0,,,,,,,,,,,,,,,,,,,,,,,,,,,,,,,doctor when i <mask> <mask> <mask> my dad this morning his eye was just staring-it looked like that part had winked out for good,▁check ed ▁on,3.0,1.156986786065908e-05,11.367106437683104,3.7890354792277017,went talking to,0.006097367129396,6.267208218574524,2.089069406191508,3.0,4.0,0.0,22.0,0.0,2.0
6313,"Doctor, when I checked on my dad this morning, his eye was just staring—it looked like that part had winked out for good.",for good,for good,is_multiword,0,22,,1,,0,1.0,,,,,,,,,,,,,,,,,,,,,,,,,,,,,,,,,,,,,,,,,,,,,,
6314,"Doctor, when we found my mother this morning, she was completely cut adrift—no pulse, no breathing.",cut adrift,cut adrift,is_multiword,1,11,11|12,1,5.781230115890503,0,1.0,,,,,,,,,,,,,,,,,,,,,,,,,,,,,,,doctor when we found my mother this morning she was completely <mask> <mask> <mask> <mask> <mask> pulse no breathing,▁cut ▁a drift - no,5.0,7.793865629132407e-19,41.69577980041504,8.339155960083009,"un ed , , low",2.789552913685769e-06,28.906150579452515,5.781230115890503,11.0,12.0,0.0,15.0,0.0,2.0
6316,"Doctor, I'm here for my husband—he collapsed at home and when I checked on him, it looked like we could call off all bets, he was completely unresponsive.",looked like,looked like,is_multiword,0,17,17|18,1,1.6912688612937927,0,1.0,,,,,,,,,,,,,,,,,,,,,,,,,,,,,,,doctor i'm here for my husband-he collapsed at home and when i checked on him it looked <mask> <mask> could call off all bets he was completely unresponsive,▁like ▁we,2.0,0.017682922903138,4.035155912861228,2.017577956430614,like i,0.5206807493164562,3.382537722587585,1.6912688612937927,17.0,18.0,0.0,27.0,0.0,2.0
6316,"Doctor, I'm here for my husband—he collapsed at home and when I checked on him, it looked like we could call off all bets, he was completely unresponsive.",call off,call off,is_multiword,0,21,21|22,1,4.26343560218811,1,1.0,,,,,,,,,,,,,,,,,,,,,,,,,,,,,,,doctor i'm here for my husband-he collapsed at home and when i checked on him it looked like we could call <mask> <mask> bets he was completely unresponsive,▁off ▁all,2.0,1.1882989869829653e-05,11.340402603149414,5.670201301574707,him i,0.0599927595161174,8.52687120437622,4.26343560218811,21.0,22.0,0.0,27.0,0.0,2.0
6317,"Doctor, my mother was fine this morning, but now she's not breathing and her eyes are fixed—I think we need to call off all bets, she's gone.",call off,call off,is_multiword,0,22,22|23,1,5.992717683315277,1,1.0,,,,,,,,,,,,,,,,,,,,,,,,,,,,,,,doctor my mother was fine this morning but now she's not breathing and her eyes are fixed-i think we need to call <mask> <mask> bets she's gone,▁off ▁all,2.0,7.294014819799394e-07,14.131041526794434,7.065520763397217,her doctor,0.1169970965664246,11.985435366630554,5.992717683315277,22.0,23.0,0.0,26.0,0.0,2.0
6318,"Doctor, my wife's test results came back with no heartbeat—they told us it's a wash out.",wash out,wash out,is_multiword,1,15,,1,,0,1.0,,,,,,,,,,,,,,,,,,,,,,,,,,,,,,,,,,,,,,,,,,,,,,
6319,"Doctor, I'm worried about my son—he's been so lethargic and pale since the fever broke, and I'm afraid he's a total wash out.",total wash,total wash,is_multiword,0,21,21|22,1,4.696611960728963,1,1.0,,,,,,,,,,,,,,,,,,,,,,,,,,,,,,,doctor i'm worried about my son-he's been so lethargic and pale since the fever broke and i'm afraid he's a total <mask> <mask> <mask>,▁was h ▁out,3.0,4.722880391398242e-10,21.4734320640564,7.157810688018799, . .,0.0006213623313367,14.08983588218689,4.696611960728963,21.0,22.0,0.0,22.0,0.0,2.0
6319,"Doctor, I'm worried about my son—he's been so lethargic and pale since the fever broke, and I'm afraid he's a total wash out.",total wash out,total wash out,is_multiword,0,21,,1,,0,1.0,,,,,,,,,,,,,,,,,,,,,,,,,,,,,,,,,,,,,,,,,,,,,,
6319,"Doctor, I'm worried about my son—he's been so lethargic and pale since the fever broke, and I'm afraid he's a total wash out.",wash out,wash out,is_multiword,1,22,,1,,0,1.0,,,,,,,,,,,,,,,,,,,,,,,,,,,,,,,,,,,,,,,,,,,,,,
6322,"Doctor, I'm worried about my dad—he's been so weak lately, and I'm scared he might bite it if we don't do something soon.",bite it,bite it,is_multiword,1,16,16|17,1,1.6918963193893433,0,1.0,,,,,,,,,,,,,,,,,,,,,,,,,,,,,,,doctor i'm worried about my dad-he's been so weak lately and i'm scared he might bite <mask> <mask> we don't do something soon,▁it ▁if,2.0,0.0153004609616132,4.179872322827578,2.089936161413789,me if,0.4510939329798731,3.3837926387786865,1.6918963193893433,16.0,17.0,0.0,22.0,0.0,2.0
6331,"My husband keeps saying he needs to go for a Barry White but nothing comes out, and he's really straining.",for a,for a,is_multiword,0,8,8|9,1,0.0,0,1.0,,,,,,,,,,,,,,,,,,,,,,,,,,,,,,,my husband keeps saying he needs to go <mask> <mask> barry white but nothing comes out and he's really straining,▁for ▁a,2.0,0.0176235888578673,4.038516998291016,2.019258499145508,for a,0.0176235888578673,0.0,0.0,8.0,9.0,0.0,19.0,0.0,2.0
6334,"My husband’s been complaining about a sharp pain in his molar every time he drinks something cold, so I brought him in to check if he needs a matlock mender.",matlock mender,matlock mender,is_multiword,1,28,28|29,1,6.706470429897308,0,1.0,,,,,,,,,,,,,,,,,,,,,,,,,,,,,,,my husband's been complaining about a sharp pain in his molar every time he drinks something cold so i brought him in to check if he needs a <mask> <mask> <mask> <mask>,▁mat lock ▁men der,4.0,4.3239155162640876e-16,35.37720012664795,8.844300031661987,cold to . .,0.0001932900964685,26.825881719589237,6.706470429897308,28.0,29.0,0.0,29.0,0.0,2.0
6335,"Doctor, my son has been refusing to eat anything hard and keeps pointing to his tooth—I think we need to see a matlock mender for him.",matlock mender,matlock mender,is_multiword,1,23,23|24,1,4.949753959973653,0,1.0,,,,,,,,,,,,,,,,,,,,,,,,,,,,,,,doctor my son has been refusing to eat anything hard and keeps pointing to his tooth-i think we need to see a matlock <mask> <mask> <mask> him,▁men der ▁for,3.0,1.4547284186558602e-09,20.34844660758972,6.78281553586324,to to help,0.0040901046286861,14.84926187992096,4.949753959973653,23.0,24.0,0.0,25.0,0.0,2.0
6339,"My husband keeps sneaking out at night, and I'm worried he's relapsing—could you refer him to the rifle range?",keeps sneaking,keeps sneaking,is_multiword,0,2,2|3,1,3.426959180831909,0,1.0,,,,,,,,,,,,,,,,,,,,,,,,,,,,,,,my husband <mask> <mask> <mask> <mask> <mask> out at night and i'm worried he's relapsing-could you refer him to the rifle range,▁keep s ▁sne a king,5.0,2.1573064577920884e-12,26.862160682678223,5.372432136535645,' s s to him,5.9629223402457145e-05,17.134795904159546,3.426959180831909,2.0,3.0,0.0,18.0,0.0,2.0
6340,My husband's been acting strange and nodding off at odd hours; I think he might be into hops again.,nodding off,nodding off,is_multiword,0,6,6|7,1,3.843297243118286,0,1.0,,,,,,,,,,,,,,,,,,,,,,,,,,,,,,,my husband's been acting strange and <mask> <mask> <mask> at odd hours i think he might be into hops again,▁no dding ▁off,3.0,3.703750338341563e-09,19.413919925689697,6.4713066418965655,he to s,0.0003767125243272,11.529891729354858,3.843297243118286,6.0,7.0,0.0,18.0,0.0,2.0
6342,"My husband's been on Nep powder for weeks, and he keeps saying he sees things that aren't there.",aren't there,aren't there,is_multiword,0,16,16|17,1,3.123988956212997,1,1.0,,,,,,,,,,,,,,,,,,,,,,,,,,,,,,,my husband's been on nep powder for weeks and he keeps saying he sees things that <mask> <mask> <mask> <mask>,▁aren ' t ▁there,4.0,4.1600030555731214e-10,21.600335121154785,5.400083780288696,are not him .,0.000111177860043,12.49595582485199,3.123988956212997,16.0,17.0,0.0,17.0,0.0,2.0
6344,My husband keeps touching his nose because of the fiery snorter—could it be an allergic reaction or something worse?,fiery snorter,fiery snorter,is_multiword,1,9,9|10,1,6.426824910300119,1,1.0,,,,,,,,,,,,,,,,,,,,,,,,,,,,,,,my husband keeps touching his nose because of the <mask> <mask> <mask> <mask> <mask> <mask> <mask> it be an allergic reaction or something worse,▁fier y ▁snor ter - co uld,7.0,6.032978239031201e-28,62.67514181137085,8.953591687338692,smell of his s . . could,2.0819673846627512e-08,44.98777437210083,6.426824910300119,9.0,10.0,0.0,18.0,0.0,2.0
6345,"Doctor, my son has this fiery snorter that's been red and warm to the touch for three days now.",fiery snorter,fiery snorter,is_multiword,1,5,5|6,1,5.179013311862946,1,1.0,,,,,,,,,,,,,,,,,,,,,,,,,,,,,,,doctor my son has this <mask> <mask> <mask> <mask> that's been red and warm to the touch for three days now,▁fier y ▁snor ter,4.0,1.2534649123234027e-14,32.01027965545654,8.002569913864136,kind in the skin,1.2444567097501264e-05,20.716053247451782,5.179013311862946,5.0,6.0,0.0,18.0,0.0,2.0
6345,"Doctor, my son has this fiery snorter that's been red and warm to the touch for three days now.",fiery snorter that's,fiery snorter that's,is_multiword,0,5,5|6|7,1,4.060910812446049,0,1.0,,,,,,,,,,,,,,,,,,,,,,,,,,,,,,,doctor my son has this <mask> <mask> <mask> <mask> <mask> <mask> <mask> been red and warm to the touch for three days now,▁fier y ▁snor ter ▁that ' s,7.0,1.1931600603244196e-20,45.875096559524536,6.553585222789219,kind in the and and and has,2.6431195612619745e-08,28.426375687122345,4.060910812446049,5.0,7.0,0.0,18.0,0.0,3.0
6345,"Doctor, my son has this fiery snorter that's been red and warm to the touch for three days now.",snorter that's,snorter that's,is_multiword,0,6,6|7,1,2.8360923767089843,0,1.0,,,,,,,,,,,,,,,,,,,,,,,,,,,,,,,doctor my son has this fiery <mask> <mask> <mask> <mask> <mask> been red and warm to the touch for three days now,▁snor ter ▁that ' s,5.0,1.5672800436925566e-11,24.87909436225891,4.975818872451782,skin . it ' has,2.2575789686120355e-05,14.180461883544922,2.8360923767089843,6.0,7.0,0.0,18.0,0.0,2.0
6348,"Doctor, I’ve been getting these red blotches all over my mug and they won’t go away.",I’ve been,i've been,is_multiword,0,1,1|2,1,2.944685995578766,0,1.0,,,,,,,,,,,,,,,,,,,,,,,,,,,,,,,doctor <mask> <mask> <mask> <mask> getting these red blotches all over my mug and they won't go away,▁i ' ve ▁been,4.0,9.670805297705352e-09,18.45415425300598,4.613538563251495,s why I m,0.0012615549006556,11.778743982315063,2.944685995578766,1.0,2.0,0.0,15.0,0.0,2.0
6348,"Doctor, I’ve been getting these red blotches all over my mug and they won’t go away.",I’ve been getting,i've been getting,is_multiword,0,1,1|2|3,1,3.769426679611206,1,1.0,,,,,,,,,,,,,,,,,,,,,,,,,,,,,,,doctor <mask> <mask> <mask> <mask> <mask> these red blotches all over my mug and they won't go away,▁i ' ve ▁been ▁getting,5.0,4.206218518036004e-13,28.497042179107662,5.699408435821534,s tell I to have,6.443144413487548e-05,18.84713339805603,3.769426679611206,1.0,3.0,0.0,15.0,0.0,3.0
6348,"Doctor, I’ve been getting these red blotches all over my mug and they won’t go away.",been getting,been getting,is_multiword,0,2,2|3,1,1.2828369140625,0,1.0,,,,,,,,,,,,,,,,,,,,,,,,,,,,,,,doctor i've <mask> <mask> these red blotches all over my mug and they won't go away,▁been ▁getting,2.0,0.0097222128431076,4.633342027664185,2.3166710138320923,been all,0.1264803650903256,2.565673828125,1.2828369140625,2.0,3.0,0.0,15.0,0.0,2.0
6349,"Doctor, I've got this weird rash all over my mug that just won't go away.",I've got,i've got,is_multiword,0,1,1|2,1,2.7628021836280823,1,1.0,,,,,,,,,,,,,,,,,,,,,,,,,,,,,,,doctor <mask> <mask> <mask> <mask> this weird rash all over my mug that just won't go away,▁i ' ve ▁got,4.0,2.1661679650915504e-08,17.6477210521698,4.41193026304245,s I I have,0.0013651208524683,11.051208734512327,2.7628021836280823,1.0,2.0,0.0,14.0,0.0,2.0
6350,My husband keeps complaining about stomach pain and says he can't push out a dead soldier no matter how hard he tries.,push out,push out,is_multiword,0,11,11|12,1,2.9761736392974854,0,1.0,,,,,,,,,,,,,,,,,,,,,,,,,,,,,,,my husband keeps complaining about stomach pain and says he can't <mask> <mask> a dead soldier no matter how hard he tries,▁push ▁out,2.0,3.176524850466805e-05,10.357137680053713,5.178568840026856,even like,0.0122186671612827,5.952347278594971,2.9761736392974854,11.0,12.0,0.0,21.0,0.0,2.0
6352,My wife's been so sick every morning and her clothes don't fit anymore—could it be she's carrying a Hans-en-Kelder?,she's carrying,she's carrying,is_multiword,0,16,16|17,1,3.6265577475229898,1,1.0,,,,,,,,,,,,,,,,,,,,,,,,,,,,,,,my wife's been so sick every morning and her clothes don't fit anymore-could it be she's <mask> <mask> <mask> hans-en-kelder,▁carry ing ▁a,3.0,2.4398696834346622e-08,17.528736114501953,5.842912038167317,doing ? ?,0.0012952353382886,10.87967324256897,3.6265577475229898,16.0,17.0,0.0,18.0,0.0,2.0
6352,My wife's been so sick every morning and her clothes don't fit anymore—could it be she's carrying a Hans-en-Kelder?,she's carrying a,she's carrying a,is_multiword,0,16,16|17|18,1,4.714499586158329,0,1.0,,,,,,,,,,,,,,,,,,,,,,,,,,,,,,,my wife's been so sick every morning and her clothes don't fit anymore-could it be she's <mask> <mask> <mask> <mask> <mask> <mask> <mask> <mask> <mask>,▁carry ing ▁a ▁hans - en - kel der,9.0,1.0046358207253608e-29,66.77034258842468,7.418926954269409,been to or or or or it ? ?,2.6874417261744697e-11,42.43049627542496,4.714499586158329,16.0,18.0,0.0,18.0,0.0,3.0
6352,My wife's been so sick every morning and her clothes don't fit anymore—could it be she's carrying a Hans-en-Kelder?,she's carrying a Hans-en,she's carrying a hans-en,is_multiword,0,16,,1,,0,1.0,,,,,,,,,,,,,,,,,,,,,,,,,,,,,,,,,,,,,,,,,,,,,,
6352,My wife's been so sick every morning and her clothes don't fit anymore—could it be she's carrying a Hans-en-Kelder?,she's carrying a Hans-en Kelder,she's carrying a hans-en kelder,is_multiword,0,16,,1,,0,1.0,,,,,,,,,,,,,,,,,,,,,,,,,,,,,,,,,,,,,,,,,,,,,,
6352,My wife's been so sick every morning and her clothes don't fit anymore—could it be she's carrying a Hans-en-Kelder?,carrying a,carrying a,is_multiword,0,17,17|18,1,4.933730031762805,0,1.0,,,,,,,,,,,,,,,,,,,,,,,,,,,,,,,my wife's been so sick every morning and her clothes don't fit anymore-could it be she's carrying <mask> <mask> <mask> <mask> <mask> <mask> <mask>,▁a ▁hans - en - kel der,7.0,4.589877107951303e-24,53.73818898200989,7.676884140287127,a too or or or ? ?,4.5776560025290535e-09,34.53611022233963,4.933730031762805,17.0,18.0,0.0,18.0,0.0,2.0
6352,My wife's been so sick every morning and her clothes don't fit anymore—could it be she's carrying a Hans-en-Kelder?,carrying a Hans-en,carrying a hans-en,is_multiword,0,17,,1,,0,1.0,,,,,,,,,,,,,,,,,,,,,,,,,,,,,,,,,,,,,,,,,,,,,,
6352,My wife's been so sick every morning and her clothes don't fit anymore—could it be she's carrying a Hans-en-Kelder?,carrying a Hans-en Kelder,carrying a hans-en kelder,is_multiword,0,17,,1,,0,1.0,,,,,,,,,,,,,,,,,,,,,,,,,,,,,,,,,,,,,,,,,,,,,,
6352,My wife's been so sick every morning and her clothes don't fit anymore—could it be she's carrying a Hans-en-Kelder?,a Hans-en,a hans-en,is_multiword,0,18,,1,,0,1.0,,,,,,,,,,,,,,,,,,,,,,,,,,,,,,,,,,,,,,,,,,,,,,
6352,My wife's been so sick every morning and her clothes don't fit anymore—could it be she's carrying a Hans-en-Kelder?,a Hans-en Kelder,a hans-en kelder,is_multiword,0,18,,1,,0,1.0,,,,,,,,,,,,,,,,,,,,,,,,,,,,,,,,,,,,,,,,,,,,,,
6352,My wife's been so sick every morning and her clothes don't fit anymore—could it be she's carrying a Hans-en-Kelder?,Hans-en Kelder,hans-en kelder,is_multiword,1,19,,1,,0,1.0,,,,,,,,,,,,,,,,,,,,,,,,,,,,,,,,,,,,,,,,,,,,,,
6353,"Doctor, I think I've got a Hans-en-Kelder in there—my stomach's been getting hard and I felt something moving last night.",Hans-en Kelder,hans-en kelder,is_multiword,1,6,6|7,1,5.188511031014579,0,1.0,,,,,,,,,,,,,,,,,,,,,,,,,,,,,,,doctor i think i've got a <mask> <mask> <mask> <mask> <mask> <mask> <mask> there-my stomach's been getting hard and i felt something moving last night,▁hans - en - kel der ▁in,7.0,1.0328863489699643e-24,55.22968506813049,7.889955009732928,little of and and ' s been,6.129774640637757e-09,36.31957721710205,5.188511031014579,6.0,7.0,0.0,19.0,0.0,2.0
6357,"My husband has been embarrassed by constant jet all day, and I'm wondering if it could be from the new medication.",I'm wondering,i'm wondering,is_multiword,0,11,11|12,1,1.5462170243263245,1,1.0,,,,,,,,,,,,,,,,,,,,,,,,,,,,,,,my husband has been embarrassed by constant jet all day and <mask> <mask> <mask> <mask> if it could be from the new medication,▁i ' m ▁wondering,4.0,6.62815629607783e-07,14.226768970489502,3.5566922426223755,he is to wondering,0.0003216968636124,6.184868097305298,1.5462170243263245,11.0,12.0,0.0,20.0,0.0,2.0
6358,"Doctor, my son keeps passing a lot of jet after meals, and he complains his tummy hurts.",keeps passing,keeps passing,is_multiword,0,3,3|4,1,3.71754752099514,0,1.0,,,,,,,,,,,,,,,,,,,,,,,,,,,,,,,doctor my son <mask> <mask> <mask> <mask> a lot of jet after meals and he complains his tummy hurts,▁keep s ▁pas sing,4.0,4.5283949026303564e-10,21.515483379364014,5.378870844841003,is s to on,0.0013001270410776,14.87019008398056,3.71754752099514,3.0,4.0,0.0,16.0,0.0,2.0
6359,"Doctor, my mom says her tootsies are so swollen she can barely get her shoes on in the morning.",barely get,barely get,is_multiword,0,11,11|12,1,2.386458029349645,0,1.0,,,,,,,,,,,,,,,,,,,,,,,,,,,,,,,doctor my mom says her tootsies are so swollen she can <mask> <mask> <mask> her shoes on in the morning,▁bare ly ▁get,3.0,4.371308747574143e-05,10.03786301612854,3.345954338709513,' t put,0.0562196506176311,7.159374088048935,2.386458029349645,11.0,12.0,0.0,18.0,0.0,2.0
6362,"Doctor, my dogs have been barking something fierce—every step I take feels like I'm walking on hot coals.",something fierce,something fierce,is_multiword,0,6,6|7,1,7.0269227139651775,0,1.0,,,,,,,,,,,,,,,,,,,,,,,,,,,,,,,doctor my dogs have been barking <mask> <mask> <mask> <mask> <mask> <mask> step i take feels like i'm walking on hot coals,▁something ▁fier ce - e very,6.0,1.4935604162077075e-24,54.86087942123413,9.143479903539022,and i and and every every,3.053130386548306e-06,42.161536283791065,7.0269227139651775,6.0,7.0,0.0,17.0,0.0,2.0
6367,"Doctor, I’ve been having a sharp pain right in my assbone whenever I sit down for more than a few minutes.",I’ve been,i've been,is_multiword,0,1,1|2,1,3.5583761632442474,0,1.0,,,,,,,,,,,,,,,,,,,,,,,,,,,,,,,doctor <mask> <mask> <mask> <mask> having a sharp pain right in my assbone whenever i sit down for more than a few minutes,▁i ' ve ▁been,4.0,2.009765931085982e-09,20.02524757385254,5.006311893463135,s i i am,0.0030526569974817,14.23350465297699,3.5583761632442474,1.0,2.0,0.0,20.0,0.0,2.0
6367,"Doctor, I’ve been having a sharp pain right in my assbone whenever I sit down for more than a few minutes.",I’ve been having,i've been having,is_multiword,0,1,1|2|3,1,4.573998260498047,1,1.0,,,,,,,,,,,,,,,,,,,,,,,,,,,,,,,doctor <mask> <mask> <mask> <mask> <mask> a sharp pain right in my assbone whenever i sit down for more than a few minutes,▁i ' ve ▁been ▁having,5.0,5.071771462718439e-14,30.61250114440918,6.122500228881836,s says i i feel,0.0004339809833807,22.869991302490234,4.573998260498047,1.0,3.0,0.0,20.0,0.0,3.0
6367,"Doctor, I’ve been having a sharp pain right in my assbone whenever I sit down for more than a few minutes.",been having,been having,is_multiword,0,2,2|3,1,0.3000012040138244,0,1.0,,,,,,,,,,,,,,,,,,,,,,,,,,,,,,,doctor i've <mask> <mask> a sharp pain right in my assbone whenever i sit down for more than a few minutes,▁been ▁having,2.0,0.0297123375693495,3.51619291305542,1.75809645652771,been getting,0.0541395392580114,0.6000024080276489,0.3000012040138244,2.0,3.0,0.0,20.0,0.0,2.0
6367,"Doctor, I’ve been having a sharp pain right in my assbone whenever I sit down for more than a few minutes.",assbone whenever,assbone whenever,is_multiword,0,10,10|11,1,4.938857972621918,0,1.0,,,,,,,,,,,,,,,,,,,,,,,,,,,,,,,doctor i've been having a sharp pain right in my <mask> <mask> <mask> i sit down for more than a few minutes,▁ass bone ▁whenever,3.0,4.766649041976724e-09,19.161622285842896,6.387207428614299,back back when,0.0129708808573264,14.816573917865751,4.938857972621918,10.0,11.0,0.0,20.0,0.0,2.0
6369,"""I’m getting this weird rash right on my altar—like, both sides—and it’s starting to itch real bad.""",real bad,real bad,is_multiword,0,17,,1,,0,1.0,,,,,,,,,,,,,,,,,,,,,,,,,,,,,,,,,,,,,,,,,,,,,,
6371,"""Doc, my 'assteriors' have been aching something fierce ever since I started that new desk job—could it be from sitting all day?""",aching something,aching something,is_multiword,0,5,5|6,1,3.5202458699544272,0,1.0,,,,,,,,,,,,,,,,,,,,,,,,,,,,,,,doc my 'assteriors' have been <mask> <mask> <mask> fierce ever since i started that new desk job-could it be from sitting all day,▁a ching ▁something,3.0,1.247509273562625e-07,15.896946668624878,5.298982222874959,so ing and,0.0048140860792279,10.56073760986328,3.5202458699544272,5.0,6.0,0.0,21.0,0.0,2.0
6371,"""Doc, my 'assteriors' have been aching something fierce ever since I started that new desk job—could it be from sitting all day?""",aching something fierce,aching something fierce,is_multiword,0,5,5|6|7,1,4.415296316146851,0,1.0,,,,,,,,,,,,,,,,,,,,,,,,,,,,,,,doc my 'assteriors' have been <mask> <mask> <mask> <mask> <mask> ever since i started that new desk job-could it be from sitting all day,▁a ching ▁something ▁fier ce,5.0,4.2563738838462104e-17,37.695528984069824,7.539105796813965,sitting ing for the day,1.6471528428071966e-07,22.076481580734253,4.415296316146851,5.0,7.0,0.0,21.0,0.0,3.0
6371,"""Doc, my 'assteriors' have been aching something fierce ever since I started that new desk job—could it be from sitting all day?""",aching something fierce ever,aching something fierce ever,is_multiword,0,5,5|6|7|8,1,4.546593983968099,0,1.0,,,,,,,,,,,,,,,,,,,,,,,,,,,,,,,doc my 'assteriors' have been <mask> <mask> <mask> <mask> <mask> <mask> since i started that new desk job-could it be from sitting all day,▁a ching ▁something ▁fier ce ▁ever,6.0,1.6748275808206495e-19,43.23340654373169,7.205567757288615,sitting ing for for a months,1.17851245403093e-07,27.279563903808597,4.546593983968099,5.0,8.0,0.0,21.0,0.0,4.0
6371,"""Doc, my 'assteriors' have been aching something fierce ever since I started that new desk job—could it be from sitting all day?""",something fierce,something fierce,is_multiword,0,6,6|7,1,5.921675523122151,0,1.0,,,,,,,,,,,,,,,,,,,,,,,,,,,,,,,doc my 'assteriors' have been aching <mask> <mask> <mask> ever since i started that new desk job-could it be from sitting all day,▁something ▁fier ce,3.0,7.975026880647849e-12,25.55470609664917,8.518235365549723,for the day,0.0004139855337912,17.765026569366455,5.921675523122151,6.0,7.0,0.0,21.0,0.0,2.0
6371,"""Doc, my 'assteriors' have been aching something fierce ever since I started that new desk job—could it be from sitting all day?""",something fierce ever,something fierce ever,is_multiword,0,6,6|7|8,1,5.222004890441895,0,1.0,,,,,,,,,,,,,,,,,,,,,,,,,,,,,,,doc my 'assteriors' have been aching <mask> <mask> <mask> <mask> since i started that new desk job-could it be from sitting all day,▁something ▁fier ce ▁ever,4.0,5.47791280872976e-14,30.53546714782715,7.633866786956787,for a a day,6.45902177888254e-05,20.888019561767575,5.222004890441895,6.0,8.0,0.0,21.0,0.0,3.0
6371,"""Doc, my 'assteriors' have been aching something fierce ever since I started that new desk job—could it be from sitting all day?""",fierce ever,fierce ever,is_multiword,0,7,7|8,1,5.775549491246541,0,1.0,,,,,,,,,,,,,,,,,,,,,,,,,,,,,,,doc my 'assteriors' have been aching something <mask> <mask> <mask> since i started that new desk job-could it be from sitting all day,▁fier ce ▁ever,3.0,3.627814396160955e-11,24.03980565071106,8.01326855023702,to the day,0.0012148226535844,17.326648473739624,5.775549491246541,7.0,8.0,0.0,21.0,0.0,2.0
6373,"Doctor, I've been having this sharp pain in my bamsie every time I sit down to drive.",I've been,i've been,is_multiword,0,1,1|2,1,3.8300648629665375,0,1.0,,,,,,,,,,,,,,,,,,,,,,,,,,,,,,,doctor <mask> <mask> <mask> <mask> having this sharp pain in my bamsie every time i sit down to drive,▁i ' ve ▁been,4.0,6.98886031531849e-10,21.08153343200684,5.270383358001709,s how i am,0.0031470997009284,15.32025945186615,3.8300648629665375,1.0,2.0,0.0,16.0,0.0,2.0
6373,"Doctor, I've been having this sharp pain in my bamsie every time I sit down to drive.",I've been having,i've been having,is_multiword,0,1,1|2|3,1,4.1911314725875854,1,1.0,,,,,,,,,,,,,,,,,,,,,,,,,,,,,,,doctor <mask> <mask> <mask> <mask> <mask> this sharp pain in my bamsie every time i sit down to drive,▁i ' ve ▁been ▁having,5.0,2.295093112840189e-13,29.102832794189453,5.820566558837891,s how help to have,0.0002895520653793,20.955657362937927,4.1911314725875854,1.0,3.0,0.0,16.0,0.0,3.0
6373,"Doctor, I've been having this sharp pain in my bamsie every time I sit down to drive.",been having,been having,is_multiword,0,2,2|3,1,0.4693412780761719,0,1.0,,,,,,,,,,,,,,,,,,,,,,,,,,,,,,,doctor i've <mask> <mask> this sharp pain in my bamsie every time i sit down to drive,▁been ▁having,2.0,0.0253689900615198,3.674227714538574,1.837113857269287,been had,0.0648586392331021,0.9386825561523438,0.4693412780761719,2.0,3.0,0.0,16.0,0.0,2.0
6379,"My son keeps complaining that his sitters hurt after his gym class, and now he’s got a red lump there.",he’s got,he's got,is_multiword,0,14,14|15,1,0.1731405258178711,1,1.0,,,,,,,,,,,,,,,,,,,,,,,,,,,,,,,my son keeps complaining that his sitters hurt after his gym class and now <mask> <mask> <mask> <mask> a red lump there,▁he ' s ▁got,4.0,0.0008105123450067,7.117843985557556,1.779460996389389,he ' he have,0.00162007654268,0.6925621032714844,0.1731405258178711,14.0,15.0,0.0,19.0,0.0,2.0
6380,"Doctor, I’ve been getting these sharp pains in my sitters whenever I sit down for more than a few minutes.",sitters whenever,sitters whenever,is_multiword,0,9,9|10,1,3.935267229874929,0,1.0,,,,,,,,,,,,,,,,,,,,,,,,,,,,,,,doctor i've been getting these sharp pains in my <mask> <mask> <mask> i sit down for more than a few minutes,▁sitter s ▁whenever,3.0,8.525672332760032e-08,16.27759885787964,5.42586628595988,back s when,0.0114267615731355,11.805801689624786,3.935267229874929,9.0,10.0,0.0,19.0,0.0,2.0
6381,My son keeps complaining about a rash on his arse that won't go away no matter what cream we use.,won't go,won't go,is_multiword,0,11,11|12,1,2.223457396030426,0,1.0,,,,,,,,,,,,,,,,,,,,,,,,,,,,,,,my son keeps complaining about a rash on his arse that <mask> <mask> <mask> <mask> away no matter what cream we use,▁won ' t ▁go,4.0,2.977742070249232e-07,15.026930332183838,3.75673258304596,he can to go,0.0021698423842321,8.893829584121704,2.223457396030426,11.0,12.0,0.0,19.0,0.0,2.0
6381,My son keeps complaining about a rash on his arse that won't go away no matter what cream we use.,won't go away,won't go away,is_multiword,0,11,11|12|13,1,3.145775651931763,1,1.0,,,,,,,,,,,,,,,,,,,,,,,,,,,,,,,my son keeps complaining about a rash on his arse that <mask> <mask> <mask> <mask> <mask> no matter what cream we use,▁won ' t ▁go ▁away,5.0,3.12155562221021e-13,28.79527473449707,5.759054946899414,he s s to him,2.115125361092825e-06,15.728878259658812,3.145775651931763,11.0,13.0,0.0,19.0,0.0,3.0
6381,My son keeps complaining about a rash on his arse that won't go away no matter what cream we use.,go away,go away,is_multiword,0,12,12|13,1,0.4961510300636291,0,1.0,,,,,,,,,,,,,,,,,,,,,,,,,,,,,,,my son keeps complaining about a rash on his arse that won't <mask> <mask> no matter what cream we use,▁go ▁away,2.0,0.0198431416364627,3.9198968410491934,1.9599484205245967,stop away,0.0535256242969986,0.9923020601272584,0.4961510300636291,12.0,13.0,0.0,19.0,0.0,2.0
6384,"Doctor, I've been losing weight and can't shake these fevers—I'm scared I might have the shit.",the shit,the shit,is_multiword,0,15,,1,,0,1.0,,,,,,,,,,,,,,,,,,,,,,,,,,,,,,,,,,,,,,,,,,,,,,
6386,"Doctor, I've been feeling right side up for a change this week, but my appetite's still not back to normal.",right side,right side,is_multiword,0,4,4|5,1,4.915037274360657,0,1.0,,,,,,,,,,,,,,,,,,,,,,,,,,,,,,,doctor i've been feeling <mask> <mask> up for a change this week but my appetite's still not back to normal,▁right ▁side,2.0,4.418741286446838e-07,14.632240772247314,7.316120386123657,warm ed,0.0082119388725585,9.830074548721312,4.915037274360657,4.0,5.0,0.0,19.0,0.0,2.0
6386,"Doctor, I've been feeling right side up for a change this week, but my appetite's still not back to normal.",right side up,right side up,is_multiword,1,4,4|5|6,1,3.9725316365559897,0,1.0,,,,,,,,,,,,,,,,,,,,,,,,,,,,,,,doctor i've been feeling <mask> <mask> <mask> for a change this week but my appetite's still not back to normal,▁right ▁side ▁up,3.0,2.7720146170019092e-09,19.703691482543945,6.5678971608479815,like and ed,0.0004154714855428,11.917594909667969,3.9725316365559897,4.0,6.0,0.0,19.0,0.0,3.0
6386,"Doctor, I've been feeling right side up for a change this week, but my appetite's still not back to normal.",right side up for,right side up for,is_multiword,0,4,4|5|6|7,1,3.785758137702942,0,1.0,,,,,,,,,,,,,,,,,,,,,,,,,,,,,,,doctor i've been feeling <mask> <mask> <mask> <mask> a change this week but my appetite's still not back to normal,▁right ▁side ▁up ▁for,4.0,3.8112424652145e-11,23.9904807806015,5.997620195150375,good and and for,0.0001437480807342,15.143032550811768,3.785758137702942,4.0,7.0,0.0,19.0,0.0,4.0
6386,"Doctor, I've been feeling right side up for a change this week, but my appetite's still not back to normal.",side up,side up,is_multiword,0,5,5|6,1,3.8642847537994394,0,1.0,,,,,,,,,,,,,,,,,,,,,,,,,,,,,,,doctor i've been feeling right <mask> <mask> for a change this week but my appetite's still not back to normal,▁side ▁up,2.0,4.593353317312664e-06,12.290900230407717,6.145450115203857,and good,0.0104377031783141,7.728569507598877,3.8642847537994394,5.0,6.0,0.0,19.0,0.0,2.0
6386,"Doctor, I've been feeling right side up for a change this week, but my appetite's still not back to normal.",side up for,side up for,is_multiword,0,5,5|6|7,1,3.8557536602020255,0,1.0,,,,,,,,,,,,,,,,,,,,,,,,,,,,,,,doctor i've been feeling right <mask> <mask> <mask> a change this week but my appetite's still not back to normal,▁side ▁up ▁for,3.0,1.343508842434318e-08,18.125396013259888,6.041798671086629,and i of,0.0014185287547922,11.56726098060608,3.8557536602020255,5.0,7.0,0.0,19.0,0.0,3.0
6386,"Doctor, I've been feeling right side up for a change this week, but my appetite's still not back to normal.",up for,up for,is_multiword,0,6,6|7,1,1.103073000907898,0,1.0,,,,,,,,,,,,,,,,,,,,,,,,,,,,,,,doctor i've been feeling right side <mask> <mask> a change this week but my appetite's still not back to normal,▁up ▁for,2.0,0.0046523745184609,5.370377540588379,2.685188770294189,ways for,0.0422465942129473,2.206146001815796,1.103073000907898,6.0,7.0,0.0,19.0,0.0,2.0
6388,"""Doc, I've been feeling ace-high for months, but now my chest feels tight and I'm worried something's off.""",feels tight,feels tight,is_multiword,0,11,11|12,1,0.8587164084116617,1,1.0,,,,,,,,,,,,,,,,,,,,,,,,,,,,,,,doc i've been feeling ace-high for months but now my chest <mask> <mask> <mask> and i'm worried something's off,▁feel s ▁tight,3.0,0.0001054168817109,9.15758776664734,3.052529255549113,is s down,0.0013858542514714,2.5761492252349854,0.8587164084116617,11.0,12.0,0.0,17.0,0.0,2.0
6394,"Doctor, my cor's been racing something fierce, even when I'm just sitting here in the waiting room.",something fierce,something fierce,is_multiword,0,5,5|6,1,7.091008583704631,0,1.0,,,,,,,,,,,,,,,,,,,,,,,,,,,,,,,doctor my cor's been racing <mask> <mask> <mask> even when i'm just sitting here in the waiting room,▁something ▁fier ce,3.0,5.648645657306357e-13,28.20219039916992,9.40073013305664,"for the ,",0.0009788181846478,21.27302575111389,7.091008583704631,5.0,6.0,0.0,16.0,0.0,2.0
6395,"My husband's been complaining about Nobby Stiles for weeks, says it feels like he's got a constant pinch back there.",he's got,he's got,is_multiword,0,13,13|14,1,0.5001010596752167,0,1.0,,,,,,,,,,,,,,,,,,,,,,,,,,,,,,,my husband's been complaining about nobby stiles for weeks says it feels like <mask> <mask> <mask> <mask> a constant pinch back there,▁he ' s ▁got,4.0,0.0023765814150949,6.042092204093933,1.5105230510234833,he ' s in,0.017567793546679,2.0004042387008667,0.5001010596752167,13.0,14.0,0.0,19.0,0.0,2.0
6395,"My husband's been complaining about Nobby Stiles for weeks, says it feels like he's got a constant pinch back there.",pinch back,pinch back,is_multiword,0,17,17|18,1,3.2418885628382363,0,1.0,,,,,,,,,,,,,,,,,,,,,,,,,,,,,,,my husband's been complaining about nobby stiles for weeks says it feels like he's got a constant <mask> <mask> <mask> there,▁pin ch ▁back,3.0,1.7935429653882822e-08,17.836487770080566,5.9454959233601885, e in,0.0003002719236857,9.72566568851471,3.2418885628382363,17.0,18.0,0.0,19.0,0.0,2.0
6396,"Doctor, I think I've got a case of Nobby Stiles—it's like sitting on a bag of marbles every time I try to rest.",I've got,i've got,is_multiword,0,3,3|4,1,1.7912445068359375,1,1.0,,,,,,,,,,,,,,,,,,,,,,,,,,,,,,,doctor i think <mask> <mask> <mask> <mask> a case of nobby stiles-it's like sitting on a bag of marbles every time i try to rest,▁i ' ve ▁got,4.0,1.1618630110585726e-05,11.362900704145432,2.840725176036358,it ' s just,0.0150267598574885,7.16497802734375,1.7912445068359375,3.0,4.0,0.0,22.0,0.0,2.0
6397,"Doctor, I've been dealing with this bloody arse-cabbage for weeks now and it's making sitting down a nightmare.",bloody arse-cabbage,bloody arse-cabbage,is_multiword,0,6,6|7,1,6.1018752455711365,0,1.0,,,,,,,,,,,,,,,,,,,,,,,,,,,,,,,doctor i've been dealing with this <mask> <mask> <mask> <mask> <mask> <mask> <mask> <mask> for weeks now and it's making sitting down a nightmare,▁blood y ▁ar se - ca bba ge,8.0,6.9196272121206105e-31,69.44577598571777,8.680721998214722,problem i i ' ' been the it,1.0969041642380164e-09,48.81500196456909,6.1018752455711365,6.0,7.0,0.0,17.0,0.0,2.0
6398,My husband keeps complaining about a burning arse-cabbage whenever he uses the bathroom—could you take a look?,arse-cabbage whenever,arse-cabbage whenever,is_multiword,0,7,7|8,1,4.479164617402213,1,1.0,,,,,,,,,,,,,,,,,,,,,,,,,,,,,,,my husband keeps complaining about a burning <mask> <mask> <mask> <mask> <mask> <mask> <mask> he uses the bathroom-could you take a look,▁ar se - ca bba ge ▁whenever,7.0,1.3794433948834271e-22,50.33519196510315,7.1907417093004495,toilet - the he the s when,5.710040940794432e-09,31.35415232181549,4.479164617402213,7.0,8.0,0.0,16.0,0.0,2.0
6400,"My teenager has been really confused about their body changes, doctor, and we're concerned they might be a morphodite—can you check them out?",we're concerned,we're concerned,is_multiword,0,12,12|13,1,3.340415060520172,1,1.0,,,,,,,,,,,,,,,,,,,,,,,,,,,,,,,my teenager has been really confused about their body changes doctor and <mask> <mask> <mask> <mask> they might be a morphodite-can you check them out,▁we ' re ▁concerned,4.0,2.0422835516323762e-10,22.311782360076904,5.577945590019226,they have told that,0.000129721317771,13.361660242080688,3.340415060520172,12.0,13.0,0.0,22.0,0.0,2.0
6401,"Doctor, I'm worried about my son—he's 16 and keeps saying he might be into faggery, but I don't know if it's just a phase or something we should talk to you about.",into faggery,into faggery,is_multiword,0,14,14|15,1,4.444353103637695,0,1.0,,,,,,,,,,,,,,,,,,,,,,,,,,,,,,,doctor i'm worried about my son-he's 16 and keeps saying he might be into <mask> <mask> <mask> <mask> i don't know if it's just a phase or something we should talk to you about,▁fag ger y ▁but,4.0,1.6066759864719586e-12,27.156853675842285,6.789213418960571,a - - but,8.444237057588265e-05,17.77741241455078,4.444353103637695,14.0,15.0,0.0,31.0,0.0,2.0
6402,"My partner's been really anxious lately, and he thinks his depression might be linked to him struggling with his own faggery, so we wanted to ask if there's any way you can help.",him struggling,him struggling,is_multiword,0,15,15|16,1,5.0102198123931885,0,1.0,,,,,,,,,,,,,,,,,,,,,,,,,,,,,,,my partner's been really anxious lately and he thinks his depression might be linked to <mask> <mask> with his own faggery so we wanted to ask if there's any way you can help,▁him ▁struggling,2.0,3.175708438569175e-06,12.659979820251465,6.329989910125732,his relationship,0.0713940893365088,10.020439624786375,5.0102198123931885,15.0,16.0,0.0,32.0,0.0,2.0
6404,My husband's been acting distant and staying out late with his mates—could this arse-hunting thing be why he's lost interest in me?,arse-hunting thing,arse-hunting thing,is_multiword,0,14,14|15,1,2.449029922485352,0,1.0,,,,,,,,,,,,,,,,,,,,,,,,,,,,,,,my husband's been acting distant and staying out late with his mates-could this arse-hunting <mask> <mask> why he's lost interest in me,▁thing ▁be,2.0,0.001133670893714,6.78229433298111,3.391147166490555,be be,0.1519453308927141,4.898059844970703,2.449029922485352,14.0,15.0,0.0,21.0,0.0,2.0
6409,"Doctor, I think my son might be queer — he's been secretive about his feelings and won't talk about girls like other boys his age.",queer he's,queer he's,is_multiword,0,7,7|8,1,4.264465272426605,0,1.0,,,,,,,,,,,,,,,,,,,,,,,,,,,,,,,doctor i think my son might be <mask> <mask> <mask> he's been secretive about his feelings and won't talk about girls like other boys his age,▁que er ▁-,3.0,4.562051381727748e-09,19.205493450164795,6.401831150054932,more ed because,0.0016415774611555,12.793395817279816,4.264465272426605,7.0,8.0,0.0,24.0,0.0,2.0
6417,"My little girl's fever won't break and she's barely eating—should we just head straight to the croaker joint, doc?",she's barely,she's barely,is_multiword,0,7,7|8,1,2.192492699623108,0,1.0,,,,,,,,,,,,,,,,,,,,,,,,,,,,,,,my little girl's fever won't break and <mask> <mask> <mask> <mask> <mask> eating-should we just head straight to the croaker joint doc,▁she ' s ▁bare ly,5.0,1.5100011290220182e-09,20.31115543842316,4.062231087684632,she ' ' t t,8.707924948599446e-05,10.96246349811554,2.192492699623108,7.0,8.0,0.0,18.0,0.0,2.0
6417,"My little girl's fever won't break and she's barely eating—should we just head straight to the croaker joint, doc?",croaker joint,croaker joint,is_multiword,1,17,17|18,1,6.852115422487259,0,1.0,,,,,,,,,,,,,,,,,,,,,,,,,,,,,,,my little girl's fever won't break and she's barely eating-should we just head straight to the croaker <mask> <mask>,▁joint ▁doc,2.0,7.268246071509276e-08,16.4371657371521,8.21858286857605,? ?,0.0650281586966433,13.704230844974518,6.852115422487259,17.0,18.0,0.0,18.0,0.0,2.0
6418,"Doctor, my husband's been coughing up blood for three days, and I'm worried we should have taken him to the croaker joint sooner instead of waiting.",croaker joint,croaker joint,is_multiword,1,20,20|21,1,6.418673753738403,1,1.0,,,,,,,,,,,,,,,,,,,,,,,,,,,,,,,doctor my husband's been coughing up blood for three days and i'm worried we should have taken him to the <mask> <mask> <mask> <mask> sooner instead of waiting,▁cro a ker ▁joint,4.0,2.1126727604167552e-16,36.09340763092041,9.023351907730104,hospital for a or,2.9868306710810666e-05,25.674695014953613,6.418673753738403,20.0,21.0,0.0,25.0,0.0,2.0
6418,"Doctor, my husband's been coughing up blood for three days, and I'm worried we should have taken him to the croaker joint sooner instead of waiting.",instead of,instead of,is_multiword,0,23,23|24,1,3.856374740600586,1,1.0,,,,,,,,,,,,,,,,,,,,,,,,,,,,,,,doctor my husband's been coughing up blood for three days and i'm worried we should have taken him to the croaker joint sooner <mask> <mask> waiting,▁instead ▁of,2.0,3.893923568071603e-05,10.153508186340332,5.076754093170166,than than,0.0870947471560528,7.712749481201172,3.856374740600586,23.0,24.0,0.0,25.0,0.0,2.0
6420,"My husband's been coughing up blood, and I'm wondering if we should head straight to the flatback department instead of waiting here.",I'm wondering,i'm wondering,is_multiword,0,7,7|8,1,0.988437682390213,1,1.0,,,,,,,,,,,,,,,,,,,,,,,,,,,,,,,my husband's been coughing up blood and <mask> <mask> <mask> <mask> if we should head straight to the flatback department instead of waiting here,▁i ' m ▁wondering,4.0,0.0001895571993357,8.570819735527039,2.14270493388176,I ' to wondering,0.0098817169103729,3.953750729560852,0.988437682390213,7.0,8.0,0.0,21.0,0.0,2.0
6426,"My son keeps complaining of a vague illth, like something's off inside, but he can't point to where it hurts.",like something's,like something's,is_multiword,0,8,8|9,1,3.2215146720409398,1,1.0,,,,,,,,,,,,,,,,,,,,,,,,,,,,,,,my son keeps complaining of a vague illth <mask> <mask> <mask> <mask> off inside but he can't point to where it hurts,▁like ▁something ' s,4.0,2.9396446662546163e-10,21.9475622177124,5.486890554428101,read when he s,0.0001160483632069,12.886058688163756,3.2215146720409398,8.0,9.0,0.0,19.0,0.0,2.0
6427,"Doctor, my baby's had these mulligrubs for three days now—she's just listless and won't eat a thing.",a thing,a thing,is_multiword,0,16,,1,,0,1.0,,,,,,,,,,,,,,,,,,,,,,,,,,,,,,,,,,,,,,,,,,,,,,
6432,"Doctor, ever since the fall, my grandpa's been talking all my eye and my elbow—he keeps mixing up my name with the dog's and saying his breakfast is angry at him.",keeps mixing,keeps mixing,is_multiword,0,16,16|17,1,3.912920872370402,1,1.0,,,,,,,,,,,,,,,,,,,,,,,,,,,,,,,doctor ever since the fall my grandpa's been talking all my eye and my elbow-he keeps <mask> <mask> <mask> my name with the dog's and saying his breakfast is angry at him,▁mix ing ▁up,3.0,6.623753319086381e-08,16.53001856803894,5.5100061893463135,trying to ing,0.0083020238967067,11.738762617111206,3.912920872370402,16.0,17.0,0.0,30.0,0.0,2.0
6435,"Doctor, my husband keeps muttering all my eye and Betty Martin during his check-up, and I can't get a straight answer out of him about his pain.",keeps muttering,keeps muttering,is_multiword,0,3,3|4,1,5.899412155151367,0,1.0,,,,,,,,,,,,,,,,,,,,,,,,,,,,,,,doctor my husband <mask> <mask> <mask> <mask> all my eye and betty martin during his check-up and i can't get a straight answer out of him about his pain,▁keep s ▁mut tering,4.0,1.6777969518201077e-14,31.71870970726013,7.929677426815033,has to to with,0.0002972131241858,23.59764862060547,5.899412155151367,3.0,4.0,0.0,26.0,0.0,2.0
6435,"Doctor, my husband keeps muttering all my eye and Betty Martin during his check-up, and I can't get a straight answer out of him about his pain.",keeps muttering all,keeps muttering all,is_multiword,0,3,3|4|5,1,5.9549683094024655,0,1.0,,,,,,,,,,,,,,,,,,,,,,,,,,,,,,,doctor my husband <mask> <mask> <mask> <mask> <mask> my eye and betty martin during his check-up and i can't get a straight answer out of him about his pain,▁keep s ▁mut tering ▁all,5.0,2.841686551983473e-18,40.40213394165039,8.080426788330078,has to to pain in,2.4245187966610537e-05,29.77484154701233,5.9549683094024655,3.0,5.0,0.0,26.0,0.0,3.0
6435,"Doctor, my husband keeps muttering all my eye and Betty Martin during his check-up, and I can't get a straight answer out of him about his pain.",muttering all,muttering all,is_multiword,0,4,4|5,1,6.740768671035767,0,1.0,,,,,,,,,,,,,,,,,,,,,,,,,,,,,,,doctor my husband keeps <mask> <mask> <mask> my eye and betty martin during his check-up and i can't get a straight answer out of him about his pain,▁mut tering ▁all,3.0,3.127223014569727e-12,26.490875720977783,8.830291906992594,me ing on,0.0018949369592825,20.2223060131073,6.740768671035767,4.0,5.0,0.0,26.0,0.0,2.0
6439,My wife and I are worried about our johnny newcome—she's had a fever since last night and isn't feeding like usual.,johnny newcome,johnny newcome,is_multiword,1,8,8|9,1,4.531454245249431,0,1.0,,,,,,,,,,,,,,,,,,,,,,,,,,,,,,,my wife and i are worried about our <mask> <mask> <mask> <mask> <mask> <mask> <mask> <mask> <mask> had a fever since last night and isn't feeding like usual,▁joh n ny ▁new come - she ' s,9.0,1.185031486916292e-28,64.30261325836182,7.144734806484646,baby s s s s s . . has,6.103796604896103e-11,40.78308820724487,4.531454245249431,8.0,9.0,0.0,20.0,0.0,2.0
6439,My wife and I are worried about our johnny newcome—she's had a fever since last night and isn't feeding like usual.,johnny newcome she's,johnny newcome she's,is_multiword,0,8,8|9|10,1,4.072759342193604,0,1.0,,,,,,,,,,,,,,,,,,,,,,,,,,,,,,,my wife and i are worried about our <mask> <mask> <mask> <mask> <mask> <mask> <mask> <mask> <mask> <mask> a fever since last night and isn't feeding like usual,▁joh n ny ▁new come - she ' s ▁had,10.0,1.1213689678568402e-28,64.35783237218857,6.435783237218857,baby s . . . . . has has had,5.464087153754325e-11,40.72759342193604,4.072759342193604,8.0,10.0,0.0,20.0,0.0,3.0
6439,My wife and I are worried about our johnny newcome—she's had a fever since last night and isn't feeding like usual.,newcome she's,newcome she's,is_multiword,0,9,9|10,1,3.74556349005018,0,1.0,,,,,,,,,,,,,,,,,,,,,,,,,,,,,,,my wife and i are worried about our johnny <mask> <mask> <mask> <mask> <mask> <mask> <mask> a fever since last night and isn't feeding like usual,▁new come - she ' s ▁had,7.0,2.602700391400788e-17,38.18739706277847,5.455342437539782,' s . . has has had,6.341135957691835e-06,26.218944430351257,3.74556349005018,9.0,10.0,0.0,20.0,0.0,2.0
6439,My wife and I are worried about our johnny newcome—she's had a fever since last night and isn't feeding like usual.,feeding like,feeding like,is_multiword,0,19,19|20,1,6.456056296825409,1,1.0,,,,,,,,,,,,,,,,,,,,,,,,,,,,,,,my wife and i are worried about our johnny newcome-she's had a fever since last night and isn't feeding <mask> <mask>,▁like ▁usual,2.0,2.0571349348584682e-07,15.39678144454956,7.69839072227478,her .,0.0833531522638045,12.912112593650818,6.456056296825409,19.0,20.0,0.0,20.0,0.0,2.0
6449,"Doctor, I've been having some trouble with my abraham—there's a strange rash and it stings when I pee.",been having,been having,is_multiword,0,2,2|3,1,0.0,0,1.0,,,,,,,,,,,,,,,,,,,,,,,,,,,,,,,doctor i've <mask> <mask> some trouble with my abraham-there's a strange rash and it stings when i pee,▁been ▁having,2.0,0.4179341177391517,0.8724314719438553,0.4362157359719276,been having,0.4179341177391517,0.0,0.0,2.0,3.0,0.0,17.0,0.0,2.0
6452,"Doctor, my husband’s been complaining about a bit of hard feeling sore and swollen down there since yesterday.",feeling sore,feeling sore,is_multiword,0,10,10|11,1,4.296996980905533,0,1.0,,,,,,,,,,,,,,,,,,,,,,,,,,,,,,,doctor my husband's been complaining about a bit of hard <mask> <mask> and swollen down there since yesterday,▁feeling ▁sore,2.0,1.7603925359701934e-05,10.947388648986816,5.473694324493408,breath s,0.0950459626347271,8.593993961811066,4.296996980905533,10.0,11.0,0.0,17.0,0.0,2.0
6455,"My husband says his oil stick feels swollen and tender, and it's been hurting when he urinates.",it's been,it's been,is_multiword,0,11,11|12,1,1.7719402313232422,0,1.0,,,,,,,,,,,,,,,,,,,,,,,,,,,,,,,my husband says his oil stick feels swollen and tender and <mask> <mask> <mask> <mask> hurting when he urinates,▁it ' s ▁been,4.0,9.177255777593088e-07,13.90136742591858,3.4753418564796448,he he he and,0.0010987231999896,7.087760925292969,1.7719402313232422,11.0,12.0,0.0,16.0,0.0,2.0
6455,"My husband says his oil stick feels swollen and tender, and it's been hurting when he urinates.",it's been hurting,it's been hurting,is_multiword,0,11,11|12|13,1,3.144018908341726,0,1.0,,,,,,,,,,,,,,,,,,,,,,,,,,,,,,,my husband says his oil stick feels swollen and tender and <mask> <mask> <mask> <mask> <mask> <mask> when he urinates,▁it ' s ▁been ▁hur ting,6.0,1.5445158566190108e-15,34.104065895080566,5.684010982513428,he he s his his s,2.406427315573759e-07,18.864113450050358,3.144018908341726,11.0,13.0,0.0,16.0,0.0,3.0
6455,"My husband says his oil stick feels swollen and tender, and it's been hurting when he urinates.",been hurting,been hurting,is_multiword,0,12,12|13,1,4.207216898600261,0,1.0,,,,,,,,,,,,,,,,,,,,,,,,,,,,,,,my husband says his oil stick feels swollen and tender and it's <mask> <mask> <mask> when he urinates,▁been ▁hur ting,3.0,2.4024358319028683e-09,19.84678268432617,6.615594228108724,a to smell,0.0007280564376518,12.62165069580078,4.207216898600261,12.0,13.0,0.0,16.0,0.0,2.0
6479,"I'm worried my son is putting on a circus to get out of his school physical, doc—he's been faking a stomach ache every morning this week.",putting on,putting on,is_multiword,0,5,5|6,1,3.3383254408836365,1,1.0,,,,,,,,,,,,,,,,,,,,,,,,,,,,,,,i'm worried my son is <mask> <mask> a circus to get out of his school physical doc-he's been faking a stomach ache every morning this week,▁putting ▁on,2.0,0.0001416244969822,8.86233139038086,4.43116569519043,going in,0.1124012176255623,6.676650881767273,3.3383254408836365,5.0,6.0,0.0,25.0,0.0,2.0
6479,"I'm worried my son is putting on a circus to get out of his school physical, doc—he's been faking a stomach ache every morning this week.",get out,get out,is_multiword,0,10,10|11,1,0.2777938842773437,0,1.0,,,,,,,,,,,,,,,,,,,,,,,,,,,,,,,i'm worried my son is putting on a circus to <mask> <mask> of his school physical doc-he's been faking a stomach ache every morning this week,▁get ▁out,2.0,0.0094482044476862,4.661930561065674,2.330965280532837,the out,0.0164678910244161,0.5555877685546875,0.2777938842773437,10.0,11.0,0.0,25.0,0.0,2.0
6479,"I'm worried my son is putting on a circus to get out of his school physical, doc—he's been faking a stomach ache every morning this week.",get out of,get out of,is_multiword,0,10,10|11|12,1,1.18454110622406,0,1.0,,,,,,,,,,,,,,,,,,,,,,,,,,,,,,,i'm worried my son is putting on a circus to <mask> <mask> <mask> his school physical doc-he's been faking a stomach ache every morning this week,▁get ▁out ▁of,3.0,0.0001727098542786,8.663897514343262,2.8879658381144204,get him with,0.0060344280826771,3.55362331867218,1.18454110622406,10.0,12.0,0.0,25.0,0.0,3.0
6479,"I'm worried my son is putting on a circus to get out of his school physical, doc—he's been faking a stomach ache every morning this week.",out of,out of,is_multiword,0,11,11|12,1,1.5430145263671875,1,1.0,,,,,,,,,,,,,,,,,,,,,,,,,,,,,,,i'm worried my son is putting on a circus to get <mask> <mask> his school physical doc-he's been faking a stomach ache every morning this week,▁out ▁of,2.0,0.0060644791069185,5.105306625366211,2.552653312683105,back to,0.1327513336434996,3.086029052734375,1.5430145263671875,11.0,12.0,0.0,25.0,0.0,2.0
6480,"""My boss keeps saying my back pain is just an 'ailment,' but I swear, every time I bend over, I feel like I’m gonna pass out.""",gonna pass,gonna pass,is_multiword,0,23,23|24,1,1.45106703042984,0,1.0,,,,,,,,,,,,,,,,,,,,,,,,,,,,,,,my boss keeps saying my back pain is just an 'ailment ' but i swear every time i bend over i feel like <mask> <mask> <mask> <mask> pass out,▁i ' m ▁gonna,4.0,2.0849384827825074e-06,13.080771207809448,3.270192801952362,i can trying to,0.0006915998050138,5.80426812171936,1.45106703042984,23.0,24.0,0.0,26.0,0.0,2.0
6480,"""My boss keeps saying my back pain is just an 'ailment,' but I swear, every time I bend over, I feel like I’m gonna pass out.""",gonna pass out,gonna pass out,is_multiword,0,23,23|24|25,1,1.951279354095459,0,1.0,,,,,,,,,,,,,,,,,,,,,,,,,,,,,,,my boss keeps saying my back pain is just an 'ailment ' but i swear every time i bend over i feel like <mask> <mask> <mask> <mask> <mask> out,▁i ' m ▁gonna ▁pass,5.0,7.123377946212207e-10,21.062468886375427,4.212493777275085,i ' to to ing,1.2298022069209558e-05,9.756396770477297,1.951279354095459,23.0,25.0,0.0,26.0,0.0,3.0
6480,"""My boss keeps saying my back pain is just an 'ailment,' but I swear, every time I bend over, I feel like I’m gonna pass out.""",pass out,pass out,is_multiword,0,24,24|25,1,5.2377570271492,1,1.0,,,,,,,,,,,,,,,,,,,,,,,,,,,,,,,my boss keeps saying my back pain is just an 'ailment ' but i swear every time i bend over i feel like i'm <mask> <mask> out,▁gonna ▁pass,2.0,7.064890420440616e-07,14.162958145141602,7.081479072570801,wi ing,0.0250359098474411,10.4755140542984,5.2377570271492,24.0,25.0,0.0,26.0,0.0,2.0
6481,"""Doc, I hate to say it, but I think I’ve got a bit of that 'ailment'—you know, where I just can’t seem to drag myself into work without feeling like I’m dying.""",I’ve got,i've got,is_multiword,0,9,9|10,1,0.4356127083301544,1,1.0,,,,,,,,,,,,,,,,,,,,,,,,,,,,,,,doc i hate to say it but i think <mask> <mask> <mask> <mask> a bit of that 'ailment'-you know where i just can't seem to drag myself into work without feeling like i'm dying,▁i ' ve ▁got,4.0,0.0010011020643408,6.906653821468353,1.7266634553670883,i ' s have,0.0057176180328286,1.7424508333206177,0.4356127083301544,9.0,10.0,0.0,31.0,0.0,2.0
6481,"""Doc, I hate to say it, but I think I’ve got a bit of that 'ailment'—you know, where I just can’t seem to drag myself into work without feeling like I’m dying.""",drag myself,drag myself,is_multiword,0,24,24|25,1,1.541820466518402,0,1.0,,,,,,,,,,,,,,,,,,,,,,,,,,,,,,,doc i hate to say it but i think i've got a bit of that 'ailment'-you know where i just can't seem to drag <mask> <mask> work without feeling like i'm dying,▁myself ▁into,2.0,0.0097862290604311,4.626779079437256,2.313389539718628,myself to,0.2137093966504169,3.083640933036804,1.541820466518402,24.0,25.0,0.0,31.0,0.0,2.0
6481,"""Doc, I hate to say it, but I think I’ve got a bit of that 'ailment'—you know, where I just can’t seem to drag myself into work without feeling like I’m dying.""",drag myself into,drag myself into,is_multiword,0,24,24|25|26,1,1.8783200581868489,0,1.0,,,,,,,,,,,,,,,,,,,,,,,,,,,,,,,doc i hate to say it but i think i've got a bit of that 'ailment'-you know where i just can't seem to drag <mask> <mask> <mask> without feeling like i'm dying,▁myself ▁into ▁work,3.0,1.481763759174958e-06,13.422277450561523,4.474092483520508,myself back down,0.0004149646276265,5.634960174560547,1.8783200581868489,24.0,26.0,0.0,31.0,0.0,3.0
6481,"""Doc, I hate to say it, but I think I’ve got a bit of that 'ailment'—you know, where I just can’t seem to drag myself into work without feeling like I’m dying.""",myself into,myself into,is_multiword,0,25,25|26,1,2.9454936385154724,0,1.0,,,,,,,,,,,,,,,,,,,,,,,,,,,,,,,doc i hate to say it but i think i've got a bit of that 'ailment'-you know where i just can't seem to drag myself <mask> <mask> without feeling like i'm dying,▁into ▁work,2.0,9.162531818188838e-05,9.297802925109863,4.648901462554932,down it,0.0331465828842261,5.890987277030945,2.9454936385154724,25.0,26.0,0.0,31.0,0.0,2.0
6489,"My wife has been complaining about heavy beet juice for three cycles now, and she's feeling really weak and dizzy.",she's feeling,she's feeling,is_multiword,0,14,14|15,1,1.1050700843334198,0,1.0,,,,,,,,,,,,,,,,,,,,,,,,,,,,,,,my wife has been complaining about heavy beet juice for three cycles now and <mask> <mask> <mask> <mask> really weak and dizzy,▁she ' s ▁feeling,4.0,6.098758645525975e-06,12.00742530822754,3.0018563270568848,she her is getting,0.0005069262791842,4.420280337333679,1.1050700843334198,14.0,15.0,0.0,19.0,0.0,2.0
6493,"Doctor, I've been having these terrible cramps every time the curse comes around, and this month it's made me miss two days of work.",I've been,i've been,is_multiword,0,1,1|2,1,1.5563057959079742,0,1.0,,,,,,,,,,,,,,,,,,,,,,,,,,,,,,,doctor <mask> <mask> <mask> <mask> having these terrible cramps every time the curse comes around and this month it's made me miss two days of work,▁i ' ve ▁been,4.0,6.106644002721018e-06,12.006133198738098,3.0015332996845245,s ' ' been,0.0030859059090937,6.225223183631897,1.5563057959079742,1.0,2.0,0.0,23.0,0.0,2.0
6493,"Doctor, I've been having these terrible cramps every time the curse comes around, and this month it's made me miss two days of work.",I've been having,i've been having,is_multiword,0,1,1|2|3,1,2.221878015995025,1,1.0,,,,,,,,,,,,,,,,,,,,,,,,,,,,,,,doctor <mask> <mask> <mask> <mask> <mask> these terrible cramps every time the curse comes around and this month it's made me miss two days of work,▁i ' ve ▁been ▁having,5.0,1.0624203843820896e-09,20.662716150283813,4.132543230056763,s ' have to have,7.09648360642528e-05,11.109390079975128,2.221878015995025,1.0,3.0,0.0,23.0,0.0,3.0
6493,"Doctor, I've been having these terrible cramps every time the curse comes around, and this month it's made me miss two days of work.",been having,been having,is_multiword,0,2,2|3,1,0.0,0,1.0,,,,,,,,,,,,,,,,,,,,,,,,,,,,,,,doctor i've <mask> <mask> these terrible cramps every time the curse comes around and this month it's made me miss two days of work,▁been ▁having,2.0,0.1622989897371428,1.818315029144287,0.9091575145721436,been having,0.1622989897371428,0.0,0.0,2.0,3.0,0.0,23.0,0.0,2.0
6495,"Doctor, my son has been having these mood swings and hearing voices—could it be the simples? He’s been like this for weeks.",simples He’s,simples he's,is_multiword,0,16,16|17,1,8.713104268012103,0,1.0,,,,,,,,,,,,,,,,,,,,,,,,,,,,,,,doctor my son has been having these mood swings and hearing voices-could it be the simples <mask> <mask> <mask> <mask> like this for weeks,▁he ' s ▁been,4.0,1.245634397797456e-17,38.924301624298096,9.731075406074524,t way to feel,0.0170452355830033,34.85241707204841,8.713104268012103,16.0,17.0,0.0,21.0,0.0,2.0
6496,"My husband's been getting more and more poco loco, forgetting our names and wandering off, so we need your help.",poco loco,poco loco,is_multiword,1,7,7|8,1,16.71591717004776,0,1.0,,,,,,,,,,,,,,,,,,,,,,,,,,,,,,,my husband's been getting more and more <mask> <mask> forgetting our names and wandering off so we need your help,▁poco ▁loco,2.0,6.260785750594137e-17,37.30964088439941,18.654820442199707,"sick ,",0.0206961715662984,33.43183434009552,16.71591717004776,7.0,8.0,0.0,19.0,0.0,2.0
6497,"Doctor, my son's been acting a little poco loco lately—talking to himself and laughing at nothing, and I'm really worried.",little poco,little poco,is_multiword,0,6,6|7,1,5.889415681362152,0,1.0,,,,,,,,,,,,,,,,,,,,,,,,,,,,,,,doctor my son's been acting a <mask> <mask> loco lately-talking to himself and laughing at nothing and i'm really worried,▁little ▁poco,2.0,9.755342836196251e-07,13.840280532836914,6.920140266418457,bit of,0.12726940117895,11.778831362724304,5.889415681362152,6.0,7.0,0.0,19.0,0.0,2.0
6497,"Doctor, my son's been acting a little poco loco lately—talking to himself and laughing at nothing, and I'm really worried.",little poco loco,little poco loco,is_multiword,0,6,6|7|8,1,6.868113040924072,0,1.0,,,,,,,,,,,,,,,,,,,,,,,,,,,,,,,doctor my son's been acting a <mask> <mask> <mask> lately-talking to himself and laughing at nothing and i'm really worried,▁little ▁poco ▁loco,3.0,4.500869172237729e-12,26.126750588417053,8.708916862805685,lot of ly,0.0039961996153793,20.604339122772217,6.868113040924072,6.0,8.0,0.0,19.0,0.0,3.0
6497,"Doctor, my son's been acting a little poco loco lately—talking to himself and laughing at nothing, and I'm really worried.",poco loco,poco loco,is_multiword,1,7,7|8,1,10.09741586446762,1,1.0,,,,,,,,,,,,,,,,,,,,,,,,,,,,,,,doctor my son's been acting a little <mask> <mask> lately-talking to himself and laughing at nothing and i'm really worried,▁poco ▁loco,2.0,6.240947789729144e-11,23.49730396270752,11.74865198135376,bit ly,0.0367920962101843,20.19483172893524,10.09741586446762,7.0,8.0,0.0,19.0,0.0,2.0
6498,"Doctor, I'm really worried about my husband—he's been acting so strange lately, talking to himself and seeing things that aren't there; I think he might be coming down with a bit of Yarmouth.",coming down,coming down,is_multiword,0,27,27|28,1,0.8404502272605896,0,1.0,,,,,,,,,,,,,,,,,,,,,,,,,,,,,,,doctor i'm really worried about my husband-he's been acting so strange lately talking to himself and seeing things that aren't there i think he might be coming <mask> <mask> a bit of yarmouth,▁down ▁with,2.0,0.0089308115453732,4.718248009681702,2.359124004840851,off with,0.0479619373191714,1.6809004545211792,0.8404502272605896,27.0,28.0,0.0,32.0,0.0,2.0
6499,"Doctor, my son has been having these wild mood swings and hearing voices at night. We think it could be Yarmouth setting in.",setting in,setting in,is_multiword,0,21,21|22,1,7.778326153755188,0,1.0,,,,,,,,,,,,,,,,,,,,,,,,,,,,,,,doctor my son has been having these wild mood swings and hearing voices at night we think it could be yarmouth <mask> <mask>,▁setting ▁in,2.0,4.6523403496405414e-09,19.185895442962646,9.592947721481323,s .,0.0265362611655485,15.556652307510376,7.778326153755188,21.0,22.0,0.0,22.0,0.0,2.0
6503,"My son's been acting strange lately, talking to himself and getting angry for no reason—I think he's caught some kind of cadazy.",he's caught,he's caught,is_multiword,0,17,17|18,1,3.311184048652649,0,1.0,,,,,,,,,,,,,,,,,,,,,,,,,,,,,,,my son's been acting strange lately talking to himself and getting angry for no reason-i think he's <mask> <mask> kind of cadazy,▁caught ▁some,2.0,4.677071268088824e-05,9.970253348350523,4.985126674175263,got a,0.0351586272088172,6.622368097305298,3.311184048652649,17.0,18.0,0.0,21.0,0.0,2.0
6504,"Doctor, my daughter has been acting like a humming bird lately—she can't sit still, talks nonstop, and her mind is racing all the time.",humming bird,humming bird,is_multiword,1,8,8|9,1,4.6615763902664185,0,1.0,,,,,,,,,,,,,,,,,,,,,,,,,,,,,,,doctor my daughter has been acting like a <mask> <mask> <mask> <mask> lately-she can't sit still talks nonstop and her mind is racing all the time,▁hum ming ▁bir d,4.0,1.813321984250933e-14,31.64103078842163,7.910257697105408, of a er,2.2722836308930827e-06,18.646305561065677,4.6615763902664185,8.0,9.0,0.0,23.0,0.0,2.0
6505,"My husband's been a real humming bird these past weeks—jumping from one idea to another, not sleeping, and saying things that don't make sense.",humming bird,humming bird,is_multiword,1,5,5|6,1,5.608761787414551,0,1.0,,,,,,,,,,,,,,,,,,,,,,,,,,,,,,,my husband's been a real <mask> <mask> <mask> <mask> these past weeks-jumping from one idea to another not sleeping and saying things that don't make sense,▁hum ming ▁bir d,4.0,4.058057379113807e-15,33.13807201385498,8.284518003463745, of my me,2.247684557465772e-05,22.435047149658203,5.608761787414551,5.0,6.0,0.0,23.0,0.0,2.0
6505,"My husband's been a real humming bird these past weeks—jumping from one idea to another, not sleeping, and saying things that don't make sense.",humming bird these,humming bird these,is_multiword,0,5,5|6|7,1,5.9638059258461,0,1.0,,,,,,,,,,,,,,,,,,,,,,,,,,,,,,,my husband's been a real <mask> <mask> <mask> <mask> <mask> past weeks-jumping from one idea to another not sleeping and saying things that don't make sense,▁hum ming ▁bir d ▁these,5.0,3.725298797703242e-18,40.13138461112976,8.026276922225952, of me for the,3.3220115336049295e-05,29.8190296292305,5.9638059258461,5.0,7.0,0.0,23.0,0.0,3.0
6505,"My husband's been a real humming bird these past weeks—jumping from one idea to another, not sleeping, and saying things that don't make sense.",bird these,bird these,is_multiword,0,6,6|7,1,8.22122560441494,1,1.0,,,,,,,,,,,,,,,,,,,,,,,,,,,,,,,my husband's been a real humming <mask> <mask> <mask> past weeks-jumping from one idea to another not sleeping and saying things that don't make sense,▁bir d ▁these,3.0,1.1910708003473114e-11,25.15358328819275,8.384527762730917,bird for the,0.6126836927792173,24.66367681324482,8.22122560441494,6.0,7.0,0.0,23.0,0.0,2.0
6507,"Doctor, I think my son might be getting the woobles—he's been talking to himself and seeing things that aren't there.",woobles he's,woobles he's,is_multiword,0,9,9|10,1,4.502448126673698,0,1.0,,,,,,,,,,,,,,,,,,,,,,,,,,,,,,,doctor i think my son might be getting the <mask> <mask> <mask> <mask> <mask> <mask> <mask> <mask> talking to himself and seeing things that aren't there,▁wo o bles - he ' s ▁been,8.0,2.2471152208970036e-24,54.45239496231079,6.806549370288849,same of of he he he he be,9.879440573341024e-09,36.01958501338959,4.502448126673698,9.0,10.0,0.0,19.0,0.0,2.0
6513,"Doctor, my mom's cancer pain is getting worse at night—she really needs her dollies to get any sleep.",get any,get any,is_multiword,0,16,16|17,1,5.212928831577301,0,1.0,,,,,,,,,,,,,,,,,,,,,,,,,,,,,,,doctor my mom's cancer pain is getting worse at night-she really needs her dollies to get <mask> <mask>,▁any ▁sleep,2.0,3.549686676850153e-06,12.548651218414308,6.274325609207153,better .,0.1196967814489448,10.425857663154602,5.212928831577301,16.0,17.0,0.0,17.0,0.0,2.0
6518,"Doctor, I think I'm starting to wig out—I can't sleep, my heart's racing, and I keep crying for no reason.",wig out,wig out,is_multiword,1,6,6|7,1,4.894026979804039,0,1.0,,,,,,,,,,,,,,,,,,,,,,,,,,,,,,,doctor i think i'm starting to <mask> <mask> <mask> <mask> <mask> can't sleep my heart's racing and i keep crying for no reason,▁ wig ▁out - i,5.0,1.5365200126966192e-15,34.10925626754761,6.8218512535095215,get a and and i,6.513025510679967e-05,24.470134899020195,4.894026979804039,6.0,7.0,0.0,19.0,0.0,2.0
6524,"Doctor, my little boy's boke has been running non-stop for three days and he can't sleep through the night.",boy's boke,boy's boke,is_multiword,0,3,3|4,1,3.287570261955261,0,1.0,,,,,,,,,,,,,,,,,,,,,,,,,,,,,,,doctor my little <mask> <mask> <mask> <mask> <mask> has been running non-stop for three days and he can't sleep through the night,▁boy ' s ▁bo ke,5.0,3.8322603994285255e-12,26.287566304206848,5.257513260841369,boy is a months and,5.2762228401779166e-05,16.437851309776306,3.287570261955261,3.0,4.0,0.0,18.0,0.0,2.0
6524,"Doctor, my little boy's boke has been running non-stop for three days and he can't sleep through the night.",through the,through the,is_multiword,0,16,16|17,1,1.0696449279785156,1,1.0,,,,,,,,,,,,,,,,,,,,,,,,,,,,,,,doctor my little boy's boke has been running non-stop for three days and he can't sleep <mask> <mask> night,▁through ▁the,2.0,0.0141581984255886,4.257461428642273,2.1287307143211365,until at,0.1202512983836602,2.1392898559570312,1.0696449279785156,16.0,17.0,0.0,18.0,0.0,2.0
6527,My wife keeps complaining that her snottle-box is completely blocked and she can't smell a thing since she fell last week.,a thing,a thing,is_multiword,0,14,14|15,1,1.798389494419098,1,1.0,,,,,,,,,,,,,,,,,,,,,,,,,,,,,,,my wife keeps complaining that her snottle-box is completely blocked and she can't smell <mask> <mask> since she fell last week,▁a ▁thing,2.0,0.0006086417866718,7.404280662536621,3.702140331268311,the water,0.0222035815130722,3.596778988838196,1.798389494419098,14.0,15.0,0.0,20.0,0.0,2.0
6529,My husband keeps complaining his sneezer is completely stuffed up and he can’t breathe through it at night.,stuffed up,stuffed up,is_multiword,0,8,8|9,1,2.619121630986532,1,1.0,,,,,,,,,,,,,,,,,,,,,,,,,,,,,,,my husband keeps complaining his sneezer is completely <mask> <mask> <mask> and he can't breathe through it at night,▁stuff ed ▁up,3.0,1.377754622523807e-07,15.797640562057495,5.265880187352498,un of ed,0.0003561082967219,7.857364892959595,2.619121630986532,8.0,9.0,0.0,17.0,0.0,2.0
6535,"Doctor, my husband says his battering ram’s been acting up—he can’t get it to work right since the surgery.",battering ram’s,battering ram's,is_multiword,1,5,5|6,1,4.650404334068298,0,1.0,,,,,,,,,,,,,,,,,,,,,,,,,,,,,,,doctor my husband says his <mask> <mask> <mask> <mask> <mask> been acting up-he can't get it to work right since the surgery,▁batteri ng ▁ram ' s,5.0,1.44299479631472e-15,34.17205572128296,6.834411144256592,doctor is ' ' ve,1.809212041002793e-05,23.25202167034149,4.650404334068298,5.0,6.0,0.0,18.0,0.0,2.0
6536,"Doctor, I got that battering ram put in a few months back, but now it’s hurting when I use it.",battering ram,battering ram,is_multiword,1,4,4|5,1,8.644899864991507,0,1.0,,,,,,,,,,,,,,,,,,,,,,,,,,,,,,,doctor i got that <mask> <mask> <mask> put in a few months back but now it's hurting when i use it,▁batteri ng ▁ram,3.0,4.1245874003954685e-14,30.819225311279297,10.273075103759766,one i i,0.00756270978152,25.93469959497452,8.644899864991507,4.0,5.0,0.0,19.0,0.0,2.0
6536,"Doctor, I got that battering ram put in a few months back, but now it’s hurting when I use it.",it’s hurting,it's hurting,is_multiword,0,14,14|15,1,1.80343017578125,0,1.0,,,,,,,,,,,,,,,,,,,,,,,,,,,,,,,doctor i got that battering ram put in a few months back but now <mask> <mask> <mask> <mask> <mask> when i use it,▁it ' s ▁hur ting,5.0,7.922272322316268e-11,23.258757948875427,4.651751589775086,i is a the s,6.530533115947126e-07,9.01715087890625,1.80343017578125,14.0,15.0,0.0,19.0,0.0,2.0
6538,"Doctor, I've been having trouble keeping things up in the bedroom, and I was wondering if a mandrake might help me out down there.",out down,out down,is_multiword,0,21,21|22,1,3.2878742292523384,0,1.0,,,,,,,,,,,,,,,,,,,,,,,,,,,,,,,doctor i've been having trouble keeping things up in the bedroom and i was wondering if a mandrake might help me <mask> <mask> there,▁out ▁down,2.0,0.0002291221822296,8.381255149841309,4.190627574920654,get up,0.1643911399046106,6.575748458504677,3.2878742292523384,21.0,22.0,0.0,23.0,0.0,2.0
6540,"Doctor, my son took a fall at the skate park yesterday, and now he's got this ugly painted peeper that's spreading down his cheek.",took a,took a,is_multiword,0,3,3|4,1,0.9266777634620668,0,1.0,,,,,,,,,,,,,,,,,,,,,,,,,,,,,,,doctor my son <mask> <mask> fall at the skate park yesterday and now he's got this ugly painted peeper that's spreading down his cheek,▁took ▁a,2.0,0.0209397046318104,3.8661081790924072,1.933054089546204,had a,0.1336203576098935,1.8533555269241333,0.9266777634620668,3.0,4.0,0.0,23.0,0.0,2.0
6540,"Doctor, my son took a fall at the skate park yesterday, and now he's got this ugly painted peeper that's spreading down his cheek.",took a fall,took a fall,is_multiword,0,3,3|4|5,1,3.197424570719401,0,1.0,,,,,,,,,,,,,,,,,,,,,,,,,,,,,,,doctor my son <mask> <mask> <mask> at the skate park yesterday and now he's got this ugly painted peeper that's spreading down his cheek,▁took ▁a ▁fall,3.0,9.032814227677792e-07,13.917231678962708,4.639077226320903,was a ed,0.0132341063566298,9.592273712158203,3.197424570719401,3.0,5.0,0.0,23.0,0.0,3.0
6540,"Doctor, my son took a fall at the skate park yesterday, and now he's got this ugly painted peeper that's spreading down his cheek.",a fall,a fall,is_multiword,0,4,4|5,1,2.8258304595947266,0,1.0,,,,,,,,,,,,,,,,,,,,,,,,,,,,,,,doctor my son took <mask> <mask> at the skate park yesterday and now he's got this ugly painted peeper that's spreading down his cheek,▁a ▁fall,2.0,0.0001514921738562,8.794976592063904,4.397488296031952,a nap,0.0431395239590541,5.651660919189453,2.8258304595947266,4.0,5.0,0.0,23.0,0.0,2.0
6540,"Doctor, my son took a fall at the skate park yesterday, and now he's got this ugly painted peeper that's spreading down his cheek.",he's got,he's got,is_multiword,0,13,13|14,1,0.8199940323829651,1,1.0,,,,,,,,,,,,,,,,,,,,,,,,,,,,,,,doctor my son took a fall at the skate park yesterday and now <mask> <mask> <mask> <mask> this ugly painted peeper that's spreading down his cheek,▁he ' s ▁got,4.0,0.0001547078398569,8.773972123861313,2.193493030965328,he ' s see,0.0041113822451352,3.2799761295318604,0.8199940323829651,13.0,14.0,0.0,23.0,0.0,2.0
6540,"Doctor, my son took a fall at the skate park yesterday, and now he's got this ugly painted peeper that's spreading down his cheek.",peeper that's,peeper that's,is_multiword,0,18,18|19,1,1.7200158437093098,0,1.0,,,,,,,,,,,,,,,,,,,,,,,,,,,,,,,doctor my son took a fall at the skate park yesterday and now he's got this ugly painted <mask> <mask> <mask> <mask> <mask> <mask> spreading down his cheek,▁pe e per ▁that ' s,6.0,1.9177538113441457e-12,26.97986650466919,4.496644417444865,scar and and and the s,5.8177250563461046e-08,10.32009506225586,1.7200158437093098,18.0,19.0,0.0,23.0,0.0,2.0
6541,"My husband woke up with this steak pie under his eye this morning, but he doesn't remember bumping into anything—should we be worried?",bumping into,bumping into,is_multiword,0,17,17|18,1,8.979269703229269,1,1.0,,,,,,,,,,,,,,,,,,,,,,,,,,,,,,,my husband woke up with this steak pie under his eye this morning but he doesn't remember <mask> <mask> <mask> anything-should we be worried,▁bu mping ▁into,3.0,7.161302336805414e-14,30.267499446868896,10.089166482289633,to to or,0.0358041905777646,26.937809109687805,8.979269703229269,17.0,18.0,0.0,22.0,0.0,2.0
6542,"Doctor, my son fell off his bike yesterday and now he's got a real steak pie around his eye—it's turned all purple and swollen.",he's got,he's got,is_multiword,0,10,10|11,1,0.3518113791942596,1,1.0,,,,,,,,,,,,,,,,,,,,,,,,,,,,,,,doctor my son fell off his bike yesterday and now <mask> <mask> <mask> <mask> a real steak pie around his eye-it's turned all purple and swollen,▁he ' s ▁got,4.0,0.0052782810340465,5.244154796004295,1.3110386990010738,he ' s have,0.0215601348304972,1.4072455167770386,0.3518113791942596,10.0,11.0,0.0,23.0,0.0,2.0
6543,"Doctor, my dad’s got a real bad shanty on his left eye—he doesn’t remember bumping into anything, and we’re worried.",bumping into,bumping into,is_multiword,0,15,15|16,1,3.9343261122703552,0,1.0,,,,,,,,,,,,,,,,,,,,,,,,,,,,,,,doctor my dad's got a real bad shanty on his left eye-he doesn't remember bumping <mask> <mask> and we're worried,▁into ▁anything,2.0,2.326134973637275e-05,10.66871738433838,5.3343586921691895,"it ,",0.0608061003829319,7.8686522245407104,3.9343261122703552,15.0,16.0,0.0,19.0,0.0,2.0
6545,"Doctor, my wife woke up with Northumberland arms this morning after she tripped on the stairs last night, could it be something more serious?",tripped on,tripped on,is_multiword,0,12,12|13,1,3.879945238431295,0,1.0,,,,,,,,,,,,,,,,,,,,,,,,,,,,,,,doctor my wife woke up with northumberland arms this morning after she <mask> <mask> <mask> the stairs last night could it be something more serious,▁tri pped ▁on,3.0,1.1570810556396425e-07,15.972195148468018,5.324065049489339,was ed up,0.0131365161642752,11.639835715293884,3.879945238431295,12.0,13.0,0.0,23.0,0.0,2.0
6546,"Doctor, my son fell off his bike yesterday and now he's got these Northumberland arms—both eyes are black and blue, should I be worried?",he's got,he's got,is_multiword,0,10,10|11,1,1.83273321390152,0,1.0,,,,,,,,,,,,,,,,,,,,,,,,,,,,,,,doctor my son fell off his bike yesterday and now <mask> <mask> <mask> <mask> these northumberland arms-both eyes are black and blue should i be worried,▁he ' s ▁got,4.0,6.040121210467677e-07,14.31967157125473,3.5799178928136826,he he he with,0.0009222089661727,7.330932855606079,1.83273321390152,10.0,11.0,0.0,23.0,0.0,2.0
6549,"My mother keeps insisting her chest pain is nothing, but I think we need a proper Medicine spenser to take a look, not just the urgent care nurse.",Medicine spenser,medicine spenser,is_multiword,1,16,16|17,1,8.219376881917318,0,1.0,,,,,,,,,,,,,,,,,,,,,,,,,,,,,,,my mother keeps insisting her chest pain is nothing but i think we need a proper <mask> <mask> <mask> to take a look not just the urgent care nurse,▁medicine ▁spen ser,3.0,1.1123553164332771e-14,32.129711627960205,10.709903875986734,doctor care nurse,0.0005690279622743,24.658130645751957,8.219376881917318,16.0,17.0,0.0,27.0,0.0,2.0
6549,"My mother keeps insisting her chest pain is nothing, but I think we need a proper Medicine spenser to take a look, not just the urgent care nurse.",urgent care,urgent care,is_multiword,0,25,25|26,1,5.1296082735061646,1,1.0,,,,,,,,,,,,,,,,,,,,,,,,,,,,,,,my mother keeps insisting her chest pain is nothing but i think we need a proper medicine spenser to take a look not just the <mask> <mask> nurse,▁urgent ▁care,2.0,2.1869517040290085e-06,13.033001899719238,6.516500949859619,doctor st,0.0624252553256008,10.259216547012327,5.1296082735061646,25.0,26.0,0.0,27.0,0.0,2.0
6550,"Doctor, my son's asthma has been getting worse, and I want a second opinion—the last pill thrower we saw didn't even listen to his lungs properly.",pill thrower,pill thrower,is_multiword,1,16,16|17,1,6.598457356293996,0,1.0,,,,,,,,,,,,,,,,,,,,,,,,,,,,,,,doctor my son's asthma has been getting worse and i want a second opinion-the last pill <mask> <mask> <mask> saw didn't even listen to his lungs properly,▁throw er ▁we,3.0,6.074853410791339e-11,23.524278163909912,7.841426054636638,i doctor i,0.0240190960796116,19.79537206888199,6.598457356293996,16.0,17.0,0.0,25.0,0.0,2.0
6551,"Doctor, I'm here because my wife has been getting these terrible migraines, and our last pill thrower just kept handing her painkillers without any real tests.",thrower just,thrower just,is_multiword,0,16,16|17,1,6.651381134986877,0,1.0,,,,,,,,,,,,,,,,,,,,,,,,,,,,,,,doctor i'm here because my wife has been getting these terrible migraines and our last pill <mask> <mask> <mask> kept handing her painkillers without any real tests,▁throw er ▁just,3.0,4.3148249758542185e-11,23.86637926101685,7.955459753672282,s and have,0.0199957434404604,19.954143404960632,6.651381134986877,16.0,17.0,0.0,25.0,0.0,2.0
6551,"Doctor, I'm here because my wife has been getting these terrible migraines, and our last pill thrower just kept handing her painkillers without any real tests.",thrower just kept,thrower just kept,is_multiword,0,16,16|17|18,1,5.3741873651742935,0,1.0,,,,,,,,,,,,,,,,,,,,,,,,,,,,,,,doctor i'm here because my wife has been getting these terrible migraines and our last pill <mask> <mask> <mask> <mask> handing her painkillers without any real tests,▁throw er ▁just ▁kept,4.0,3.234567360054368e-13,28.759711027145386,7.189927756786346,s and have been,0.0007010288148337,21.49674946069717,5.3741873651742935,16.0,18.0,0.0,25.0,0.0,3.0
6551,"Doctor, I'm here because my wife has been getting these terrible migraines, and our last pill thrower just kept handing her painkillers without any real tests.",thrower just kept handing,thrower just kept handing,is_multiword,0,16,16|17|18|19,1,5.262463788191478,0,1.0,,,,,,,,,,,,,,,,,,,,,,,,,,,,,,,doctor i'm here because my wife has been getting these terrible migraines and our last pill <mask> <mask> <mask> <mask> <mask> <mask> her painkillers without any real tests,▁throw er ▁just ▁kept ▁hand ing,6.0,1.1612271329186622e-20,45.90222454071045,7.650370756785075,s is have have to of,5.993369886912886e-07,31.574782729148865,5.262463788191478,16.0,19.0,0.0,25.0,0.0,4.0
6551,"Doctor, I'm here because my wife has been getting these terrible migraines, and our last pill thrower just kept handing her painkillers without any real tests.",just kept,just kept,is_multiword,0,17,17|18,1,4.622251328080893,1,1.0,,,,,,,,,,,,,,,,,,,,,,,,,,,,,,,doctor i'm here because my wife has been getting these terrible migraines and our last pill thrower <mask> <mask> handing her painkillers without any real tests,▁just ▁kept,2.0,6.024599901273951e-05,9.717074394226074,4.858537197113037,has been,0.6233969912199074,9.244502656161783,4.622251328080893,17.0,18.0,0.0,25.0,0.0,2.0
6551,"Doctor, I'm here because my wife has been getting these terrible migraines, and our last pill thrower just kept handing her painkillers without any real tests.",just kept handing,just kept handing,is_multiword,0,17,17|18|19,1,3.663044810295105,0,1.0,,,,,,,,,,,,,,,,,,,,,,,,,,,,,,,doctor i'm here because my wife has been getting these terrible migraines and our last pill thrower <mask> <mask> <mask> <mask> her painkillers without any real tests,▁just ▁kept ▁hand ing,4.0,1.213070767246975e-10,22.83269596099853,5.708173990249634,has been to given,0.0002800571916336,14.65217924118042,3.663044810295105,17.0,19.0,0.0,25.0,0.0,3.0
6551,"Doctor, I'm here because my wife has been getting these terrible migraines, and our last pill thrower just kept handing her painkillers without any real tests.",kept handing,kept handing,is_multiword,0,18,18|19,1,4.234989205996196,0,1.0,,,,,,,,,,,,,,,,,,,,,,,,,,,,,,,doctor i'm here because my wife has been getting these terrible migraines and our last pill thrower just <mask> <mask> <mask> her painkillers without any real tests,▁kept ▁hand ing,3.0,8.159522546653112e-09,18.624080181121823,6.208026727040608,started to of,0.0026875841802552,12.704967617988586,4.234989205996196,18.0,19.0,0.0,25.0,0.0,2.0
6553,My husband refuses to see anyone but a medicamenter—he says general practitioners just hand out vitamins and hope for the best.,just hand,just hand,is_multiword,0,13,13|14,1,5.930772960186005,1,1.0,,,,,,,,,,,,,,,,,,,,,,,,,,,,,,,my husband refuses to see anyone but a medicamenter-he says general practitioners just <mask> <mask> vitamins and hope for the best,▁hand ▁out,2.0,5.853652222986912e-07,14.351029872894289,7.175514936447144,take the,0.0829527630958703,11.86154592037201,5.930772960186005,13.0,14.0,0.0,20.0,0.0,2.0
6553,My husband refuses to see anyone but a medicamenter—he says general practitioners just hand out vitamins and hope for the best.,just hand out,just hand out,is_multiword,0,13,13|14|15,1,4.913175493478775,0,1.0,,,,,,,,,,,,,,,,,,,,,,,,,,,,,,,my husband refuses to see anyone but a medicamenter-he says general practitioners just <mask> <mask> <mask> <mask> and hope for the best,▁hand ▁out ▁vitamin s,4.0,2.328678580847439e-13,29.088305234909058,7.272076308727264,want to the s,7.983063252055141e-05,19.6527019739151,4.913175493478775,13.0,15.0,0.0,20.0,0.0,3.0
6553,My husband refuses to see anyone but a medicamenter—he says general practitioners just hand out vitamins and hope for the best.,hand out,hand out,is_multiword,0,14,14|15,1,2.6820627053578696,0,1.0,,,,,,,,,,,,,,,,,,,,,,,,,,,,,,,my husband refuses to see anyone but a medicamenter-he says general practitioners just hand <mask> <mask> <mask> and hope for the best,▁out ▁vitamin s,3.0,4.303670999521373e-07,14.658627271652222,4.88620909055074,out the advice,0.0013435510194812,8.046188116073608,2.6820627053578696,14.0,15.0,0.0,20.0,0.0,2.0
6554,"My wife has had this lump in her neck for weeks now, and our regular doctor said not to worry, but I'd feel better if a syringe took a look at it.",syringe took,syringe took,is_multiword,0,26,26|27,1,8.01575501759847,0,1.0,,,,,,,,,,,,,,,,,,,,,,,,,,,,,,,my wife has had this lump in her neck for weeks now and our regular doctor said not to worry but i'd feel better if a <mask> <mask> <mask> a look at it,▁sy ringe ▁took,3.0,6.023666224137445e-13,28.13791012763977,9.379303375879925,doctor would take,0.0167284389821273,24.04726505279541,8.01575501759847,26.0,27.0,0.0,31.0,0.0,2.0
6555,"My husband's been having these sharp pains in his side, and the castor oil artist down at the urgent care said it's probably just gas.",urgent care,urgent care,is_multiword,0,18,18|19,1,7.500482320785522,1,1.0,,,,,,,,,,,,,,,,,,,,,,,,,,,,,,,my husband's been having these sharp pains in his side and the castor oil artist down at the <mask> <mask> said it's probably just gas,▁urgent ▁care,2.0,1.6341525340870511e-09,20.232141494750977,10.116070747375488,same office,0.0053472286952016,15.000964641571043,7.500482320785522,18.0,19.0,0.0,24.0,0.0,2.0
6560,"My husband insists on seeing that bootlegger who runs the free clinic, but I'm worried his advice might be doing more harm than good.",be doing,be doing,is_multiword,0,18,18|19,1,1.7266045808792114,1,1.0,,,,,,,,,,,,,,,,,,,,,,,,,,,,,,,my husband insists on seeing that bootlegger who runs the free clinic but i'm worried his advice might <mask> <mask> more harm than good,▁be ▁doing,2.0,0.0028973027322003,5.843975067138672,2.921987533569336,do do,0.0915595310782651,3.453209161758423,1.7266045808792114,18.0,19.0,0.0,23.0,0.0,2.0
6561,"Doctor, I've been feeling worse after taking the medicine that bootlegger down the street prescribed last week.",bootlegger down,bootlegger down,is_multiword,0,10,10|11,1,9.36014711856842,0,1.0,,,,,,,,,,,,,,,,,,,,,,,,,,,,,,,doctor i've been feeling worse after taking the medicine that <mask> <mask> <mask> the street prescribed last week,▁boot legger ▁down,3.0,4.997891768638719e-15,32.929760217666626,10.976586739222208,i was on,0.0078337115713518,28.08044135570526,9.36014711856842,10.0,11.0,0.0,16.0,0.0,2.0
6562,"Doctor, my husband has been feeling really run down and dizzy lately, so I thought we should come see a pill-builder about it.",run down,run down,is_multiword,0,7,7|8,1,4.108322143554688,1,1.0,,,,,,,,,,,,,,,,,,,,,,,,,,,,,,,doctor my husband has been feeling really <mask> <mask> and dizzy lately so i thought we should come see a pill-builder about it,▁run ▁down,2.0,4.382757563956893e-06,12.3378324508667,6.16891622543335,ner ed,0.0162252247605541,8.216644287109375,4.108322143554688,7.0,8.0,0.0,22.0,0.0,2.0
6565,"Doctor, my son keeps saying he feels like a horse leech is after him—every time he sees a needle or a stethoscope, he starts crying and hiding behind me.",horse leech,horse leech,is_multiword,1,9,9|10,1,7.923465887705485,0,1.0,,,,,,,,,,,,,,,,,,,,,,,,,,,,,,,doctor my son keeps saying he feels like a <mask> <mask> <mask> is after him-every time he sees a needle or a stethoscope he starts crying and hiding behind me,▁horse ▁le ech,3.0,1.226308164472149e-13,29.72959804534912,9.909866015116371,doctor when that,0.0025819757404811,23.77039766311645,7.923465887705485,9.0,10.0,0.0,28.0,0.0,2.0
6570,"Doctor, I think I might be put in the pudden club—I've been feeling sick every morning and my period's late.",put in,put in,is_multiword,0,6,6|7,1,2.470998764038086,1,1.0,,,,,,,,,,,,,,,,,,,,,,,,,,,,,,,doctor i think i might be <mask> <mask> the pudden club-i've been feeling sick every morning and my period's late,▁put ▁in,2.0,0.0004622071085665,7.679497480392456,3.839748740196228,going to,0.0647319777976537,4.941997528076172,2.470998764038086,6.0,7.0,0.0,19.0,0.0,2.0
6573,"Doctor, I think I might have a bellyful of marrow-pudding—I've been feeling so heavy and my monthly hasn't come.",been feeling,been feeling,is_multiword,0,11,11|12,1,0.7967491149902344,1,1.0,,,,,,,,,,,,,,,,,,,,,,,,,,,,,,,doctor i think i might have a bellyful of marrow-pudding-i've been <mask> <mask> heavy and my monthly hasn't come,▁feeling ▁so,2.0,0.0050029974903976,5.297718048095703,2.648859024047852,a ing,0.0246194175004138,1.5934982299804688,0.7967491149902344,11.0,12.0,0.0,18.0,0.0,2.0
6576,"Doctor, my husband has been acting so strangely lately, I'm worried we might need to send him to the cranky cab for a few days.",the cranky,the cranky,is_multiword,0,18,18|19,1,4.279830753803253,0,1.0,,,,,,,,,,,,,,,,,,,,,,,,,,,,,,,doctor my husband has been acting so strangely lately i'm worried we might need to send him to <mask> <mask> <mask> <mask> cab for a few days,▁the ▁cr an ky,4.0,1.1876454783596544e-11,25.156463265419006,6.289115816354752,a and in a,0.0003232319922784,17.119323015213013,4.279830753803253,18.0,19.0,0.0,24.0,0.0,2.0
6576,"Doctor, my husband has been acting so strangely lately, I'm worried we might need to send him to the cranky cab for a few days.",the cranky cab,the cranky cab,is_multiword,0,18,18|19|20,1,4.130456590652466,0,1.0,,,,,,,,,,,,,,,,,,,,,,,,,,,,,,,doctor my husband has been acting so strangely lately i'm worried we might need to send him to <mask> <mask> <mask> <mask> <mask> for a few days,▁the ▁cr an ky ▁cab,5.0,1.3882466537153426e-15,34.210734844207764,6.842146968841552,the and and of hospital,1.2931209880874228e-06,20.65228295326233,4.130456590652466,18.0,20.0,0.0,24.0,0.0,3.0
6576,"Doctor, my husband has been acting so strangely lately, I'm worried we might need to send him to the cranky cab for a few days.",cranky cab,cranky cab,is_multiword,1,19,19|20,1,5.419334590435028,0,1.0,,,,,,,,,,,,,,,,,,,,,,,,,,,,,,,doctor my husband has been acting so strangely lately i'm worried we might need to send him to the <mask> <mask> <mask> <mask> for a few days,▁cr an ky ▁cab,4.0,2.1805991876969048e-14,31.456591606140137,7.864147901535034,hospital for for hospital,5.661405713021914e-05,21.677338361740112,5.419334590435028,19.0,20.0,0.0,24.0,0.0,2.0
6577,"Doctor, my son's been screaming that the neighbors are spying on him through the walls, and I'm scared he'll end up in the cranky cab if this keeps up.",cranky cab,cranky cab,is_multiword,1,23,23|24,1,6.918962478637695,0,1.0,,,,,,,,,,,,,,,,,,,,,,,,,,,,,,,doctor my son's been screaming that the neighbors are spying on him through the walls and i'm scared he'll end up in the <mask> <mask> <mask> <mask> if this keeps up,▁cr an ky ▁cab,4.0,1.3201151743319006e-16,36.563642501831055,9.140910625457764,house and to see,0.0001380640862787,27.67584991455078,6.918962478637695,23.0,24.0,0.0,28.0,0.0,2.0
6584,"My son keeps complaining that his oyster bag hurts when he runs around at school, could you take a look at it?",oyster bag,oyster bag,is_multiword,1,6,6|7,1,6.152881622314453,0,1.0,,,,,,,,,,,,,,,,,,,,,,,,,,,,,,,my son keeps complaining that his <mask> <mask> <mask> hurts when he runs around at school could you take a look at it,▁oy ster ▁bag,3.0,3.0779898295237165e-12,26.506744384765625,8.835581461588541, ck always,0.0003197089466343,18.45864486694336,6.152881622314453,6.0,7.0,0.0,21.0,0.0,2.0
6590,"Doctor, my daughter says she had a settlement-in-tail with her boyfriend last month, and now she's worried about missing her period—could that be the finding?",settlement-in tail,settlement-in tail,is_multiword,1,7,7|8,1,4.077856268201556,0,1.0,,,,,,,,,,,,,,,,,,,,,,,,,,,,,,,doctor my daughter says she had a <mask> <mask> <mask> <mask> <mask> <mask> <mask> her boyfriend last month and now she's worried about missing her period-could that be the finding,▁sett lement - in - tail ▁with,7.0,6.509793379141776e-22,48.78356432914734,6.96908061844962,bad of and and her s with,1.6236803364610107e-09,28.54499387741089,4.077856268201556,7.0,8.0,0.0,24.0,0.0,2.0
6596,"Doctor, I’ve been having some lower belly pain and spotting after action with my husband—could it be an infection?",I’ve been,i've been,is_multiword,0,1,1|2,1,3.6317100822925568,1,1.0,,,,,,,,,,,,,,,,,,,,,,,,,,,,,,,doctor <mask> <mask> <mask> <mask> having some lower belly pain and spotting after action with my husband-could it be an infection,▁i ' ve ▁been,4.0,1.0903234215850788e-09,20.636791467666622,5.1591978669166565,"s , I am",0.0022206593149005,14.526840329170229,3.6317100822925568,1.0,2.0,0.0,18.0,0.0,2.0
6596,"Doctor, I’ve been having some lower belly pain and spotting after action with my husband—could it be an infection?",I’ve been having,i've been having,is_multiword,0,1,1|2|3,1,3.1924034118652345,0,1.0,,,,,,,,,,,,,,,,,,,,,,,,,,,,,,,doctor <mask> <mask> <mask> <mask> <mask> some lower belly pain and spotting after action with my husband-could it be an infection,▁i ' ve ▁been ▁having,5.0,2.388271300722568e-12,26.760451316833496,5.3520902633667,s me I to have,2.043146879874471e-05,15.962017059326172,3.1924034118652345,1.0,3.0,0.0,18.0,0.0,3.0
6596,"Doctor, I’ve been having some lower belly pain and spotting after action with my husband—could it be an infection?",been having,been having,is_multiword,0,2,2|3,1,0.5155449509620667,0,1.0,,,,,,,,,,,,,,,,,,,,,,,,,,,,,,,doctor i've <mask> <mask> some lower belly pain and spotting after action with my husband-could it be an infection,▁been ▁having,2.0,0.0804037833580164,2.5206940472126007,1.2603470236063004,been had,0.2254618880273697,1.0310899019241333,0.5155449509620667,2.0,3.0,0.0,18.0,0.0,2.0
6597,"My girlfriend’s been feeling nauseous and tired for a week now, and she says it started right after we had some action last month.",some action,some action,is_multiword,0,20,20|21,1,5.642036288976669,0,1.0,,,,,,,,,,,,,,,,,,,,,,,,,,,,,,,my girlfriend's been feeling nauseous and tired for a week now and she says it started right after we had <mask> <mask> last month,▁some ▁action,2.0,5.690178684330894e-07,14.379354000091553,7.189677000045776,a cold,0.0452622728621272,11.28407257795334,5.642036288976669,20.0,21.0,0.0,23.0,0.0,2.0
6598,"Doctor, I think I might have an aft—I’ve been feeling really tired and had some spotting after my husband and I were intimate last night.",an aft,an aft,is_multiword,0,6,6|7,1,3.7325222662517,1,1.0,,,,,,,,,,,,,,,,,,,,,,,,,,,,,,,doctor i think i might have <mask> <mask> <mask> <mask> <mask> <mask> <mask> been feeling really tired and had some spotting after my husband and i were intimate last night,▁an ▁af t - i ' ve,7.0,6.9012497273574694e-18,39.51482915878296,5.644975594111851,been some this night i i have,1.534703592344489e-06,26.127655863761905,3.7325222662517,6.0,7.0,0.0,24.0,0.0,2.0
6602,"Doctor, I think I caught something from my husband after our beast with two backs last week—I've got this burning down there and it won't go away.",two backs,two backs,is_multiword,0,13,13|14,1,2.30535880724589,0,1.0,,,,,,,,,,,,,,,,,,,,,,,,,,,,,,,doctor i think i caught something from my husband after our beast with <mask> <mask> <mask> last week-i've got this burning down there and it won't go away,▁two ▁back s,3.0,1.1075952506977437e-07,16.015904426574707,5.338634808858235,the bur s,0.0001116850161208,6.916076421737671,2.30535880724589,13.0,14.0,0.0,26.0,0.0,2.0
6604,"Doctor, I’m here because of this constant lower belly ache and spotting—could it be from all that mortar-pounding we’ve been doing lately?",belly ache,belly ache,is_multiword,0,8,8|9,1,5.94956511259079,0,1.0,,,,,,,,,,,,,,,,,,,,,,,,,,,,,,,doctor i'm here because of this constant lower <mask> <mask> <mask> <mask> and spotting-could it be from all that mortar-pounding we've been doing lately,▁be lly ▁a che,4.0,5.467990531492885e-15,32.83986520767212,8.20996630191803,- -  s,0.0001183807116308,23.79826045036316,5.94956511259079,8.0,9.0,0.0,21.0,0.0,2.0
6604,"Doctor, I’m here because of this constant lower belly ache and spotting—could it be from all that mortar-pounding we’ve been doing lately?",that mortar-pounding,that mortar-pounding,is_multiword,0,17,17|18,1,6.91810505092144,0,1.0,,,,,,,,,,,,,,,,,,,,,,,,,,,,,,,doctor i'm here because of this constant lower belly ache and spotting-could it be from all that <mask> <mask> <mask> <mask> <mask> <mask> <mask> <mask> been doing lately,▁mort ar - pou nding ▁we ' ve,8.0,7.591797595780102e-30,67.0504843890667,8.381310548633337,i ' been or or what ' ve,8.24714084691498e-06,55.34484040737152,6.91810505092144,17.0,18.0,0.0,21.0,0.0,2.0
6606,"Doctor, my husband and I have been trying for months but we just can't seem to get a ballocking to stick—could there be something wrong with my hormones?",a ballocking,a ballocking,is_multiword,0,17,17|18,1,5.276766777038574,0,1.0,,,,,,,,,,,,,,,,,,,,,,,,,,,,,,,doctor my husband and i have been trying for months but we just can't seem to get <mask> <mask> <mask> <mask> to stick-could there be something wrong with my hormones,▁a ▁bal lock ing,4.0,1.0582588365422439e-13,29.87698125839233,7.4692453145980835,to - we seems,0.0001553369157137,21.107067108154297,5.276766777038574,17.0,18.0,0.0,27.0,0.0,2.0
6608,"My son's been complaining about sores, and I'm worried he's gotten himself Frenchified from that girl he's been seeing.",he's gotten,he's gotten,is_multiword,0,9,9|10,1,3.24914927482605,1,1.0,,,,,,,,,,,,,,,,,,,,,,,,,,,,,,,my son's been complaining about sores and i'm worried <mask> <mask> <mask> <mask> <mask> himself frenchified from that girl he's been seeing,▁he ' s ▁gott en,5.0,2.8212773966853436e-10,21.9886611700058,4.397732234001159,he he ' to find,0.0032054115251301,16.24574637413025,3.24914927482605,9.0,10.0,0.0,18.0,0.0,2.0
6608,"My son's been complaining about sores, and I'm worried he's gotten himself Frenchified from that girl he's been seeing.",he's gotten himself,he's gotten himself,is_multiword,0,9,9|10|11,1,3.5927574833234157,0,1.0,,,,,,,,,,,,,,,,,,,,,,,,,,,,,,,my son's been complaining about sores and i'm worried <mask> <mask> <mask> <mask> <mask> <mask> frenchified from that girl he's been seeing,▁he ' s ▁gott en ▁himself,6.0,1.6085800601569186e-14,31.760839462280277,5.293473243713379,that he ' s s getting,3.7011030714222285e-05,21.55654489994049,3.5927574833234157,9.0,11.0,0.0,18.0,0.0,3.0
6608,"My son's been complaining about sores, and I'm worried he's gotten himself Frenchified from that girl he's been seeing.",he's gotten himself Frenchified,he's gotten himself frenchified,is_multiword,0,9,9|10|11|12,1,4.788429260253906,0,1.0,,,,,,,,,,,,,,,,,,,,,,,,,,,,,,,my son's been complaining about sores and i'm worried <mask> <mask> <mask> <mask> <mask> <mask> <mask> <mask> <mask> from that girl he's been seeing,▁he ' s ▁gott en ▁himself ▁fren ch ified,9.0,4.040952163630172e-29,65.37848734855652,7.264276372061835,that he ' ' s s s so away,2.1027098626887878e-10,43.09586334228516,4.788429260253906,9.0,12.0,0.0,18.0,0.0,4.0
6608,"My son's been complaining about sores, and I'm worried he's gotten himself Frenchified from that girl he's been seeing.",he's gotten himself Frenchified from,he's gotten himself frenchified from,is_multiword,0,9,9|10|11|12|13,1,4.451756286621094,0,1.0,,,,,,,,,,,,,,,,,,,,,,,,,,,,,,,my son's been complaining about sores and i'm worried <mask> <mask> <mask> <mask> <mask> <mask> <mask> <mask> <mask> <mask> that girl he's been seeing,▁he ' s ▁gott en ▁himself ▁fren ch ified ▁from,10.0,2.9338170156797265e-30,68.00124847888947,6.800124847888947,that he ' ' ' ' ' to to like,6.326520558683435e-11,44.51756286621094,4.451756286621094,9.0,13.0,0.0,18.0,0.0,5.0
6608,"My son's been complaining about sores, and I'm worried he's gotten himself Frenchified from that girl he's been seeing.",gotten himself,gotten himself,is_multiword,0,10,10|11,1,5.193238576253255,0,1.0,,,,,,,,,,,,,,,,,,,,,,,,,,,,,,,my son's been complaining about sores and i'm worried he's <mask> <mask> <mask> frenchified from that girl he's been seeing,▁gott en ▁himself,3.0,2.0140187059573792e-09,20.023133754730225,6.674377918243408,getting getting more,0.0117556885224994,15.579715728759766,5.193238576253255,10.0,11.0,0.0,18.0,0.0,2.0
6608,"My son's been complaining about sores, and I'm worried he's gotten himself Frenchified from that girl he's been seeing.",gotten himself Frenchified,gotten himself frenchified,is_multiword,0,10,10|11|12,1,6.123394111792247,0,1.0,,,,,,,,,,,,,,,,,,,,,,,,,,,,,,,my son's been complaining about sores and i'm worried he's <mask> <mask> <mask> <mask> <mask> <mask> from that girl he's been seeing,▁gott en ▁himself ▁fren ch ified,6.0,1.5713820781761686e-23,52.50750160217285,8.751250267028809,getting getting to a so s,1.420428688750755e-07,36.74036467075348,6.123394111792247,10.0,12.0,0.0,18.0,0.0,3.0
6608,"My son's been complaining about sores, and I'm worried he's gotten himself Frenchified from that girl he's been seeing.",gotten himself Frenchified from,gotten himself frenchified from,is_multiword,0,10,10|11|12|13,1,5.3436436993735175,0,1.0,,,,,,,,,,,,,,,,,,,,,,,,,,,,,,,my son's been complaining about sores and i'm worried he's <mask> <mask> <mask> <mask> <mask> <mask> <mask> that girl he's been seeing,▁gott en ▁himself ▁fren ch ified ▁from,7.0,2.645190142453719e-25,56.59188437461853,8.08455491065979,gonna to . to to to like,4.650093644238983e-09,37.405505895614624,5.3436436993735175,10.0,13.0,0.0,18.0,0.0,4.0
6608,"My son's been complaining about sores, and I'm worried he's gotten himself Frenchified from that girl he's been seeing.",himself Frenchified,himself frenchified,is_multiword,0,11,11|12,1,6.867849320173264,0,1.0,,,,,,,,,,,,,,,,,,,,,,,,,,,,,,,my son's been complaining about sores and i'm worried he's gotten <mask> <mask> <mask> <mask> from that girl he's been seeing,▁himself ▁fren ch ified,4.0,8.715394729006511e-17,36.9788556098938,9.24471390247345,a of so s,7.429563701216336e-05,27.47139728069305,6.867849320173264,11.0,12.0,0.0,18.0,0.0,2.0
6608,"My son's been complaining about sores, and I'm worried he's gotten himself Frenchified from that girl he's been seeing.",himself Frenchified from,himself frenchified from,is_multiword,0,11,11|12|13,1,5.317214822769165,0,1.0,,,,,,,,,,,,,,,,,,,,,,,,,,,,,,,my son's been complaining about sores and i'm worried he's gotten <mask> <mask> <mask> <mask> <mask> that girl he's been seeing,▁himself ▁fren ch ified ▁from,5.0,2.080500433962957e-18,40.71392321586609,8.142784643173218,a to to to like,7.317337621750655e-07,26.586074113845825,5.317214822769165,11.0,13.0,0.0,18.0,0.0,3.0
6608,"My son's been complaining about sores, and I'm worried he's gotten himself Frenchified from that girl he's been seeing.",Frenchified from,frenchified from,is_multiword,0,12,12|13,1,5.5852164924144745,0,1.0,,,,,,,,,,,,,,,,,,,,,,,,,,,,,,,my son's been complaining about sores and i'm worried he's gotten himself <mask> <mask> <mask> <mask> that girl he's been seeing,▁fren ch ified ▁from,4.0,8.183839398980665e-15,32.436614990234375,8.109153747558594,into a to with,4.12545552665453e-05,22.340865969657894,5.5852164924144745,12.0,13.0,0.0,18.0,0.0,2.0
6609,"Doctor, I think I might be Frenchified—I've got this burning down there and a weird discharge.",I've got,i've got,is_multiword,0,7,7|8,1,1.6491775512695312,0,1.0,,,,,,,,,,,,,,,,,,,,,,,,,,,,,,,doctor i think i might be frenchified-i've <mask> <mask> burning down there and a weird discharge,▁got ▁this,2.0,0.0048907117498174,5.320417433977127,2.6602087169885635,got a,0.1323821674560629,3.2983551025390625,1.6491775512695312,7.0,8.0,0.0,15.0,0.0,2.0
6610,"My son came home with a rash and fever after his trip, and I'm worried he's caught a full hand from someone.",full hand,full hand,is_multiword,1,18,18|19,1,5.051588296890259,0,1.0,,,,,,,,,,,,,,,,,,,,,,,,,,,,,,,my son came home with a rash and fever after his trip and i'm worried he's caught a <mask> <mask> from someone,▁full ▁hand,2.0,2.245639317705834e-07,15.309105396270752,7.654552698135376, rash,0.0054839545641066,10.103176593780518,5.051588296890259,18.0,19.0,0.0,21.0,0.0,2.0
6612,"""I need you to check me for any bad disease—I had unprotected sex last week and now I've got this strange discharge.""",I've got,i've got,is_multiword,0,18,18|19,1,1.4325065165758133,0,1.0,,,,,,,,,,,,,,,,,,,,,,,,,,,,,,,i need you to check me for any bad disease-i had unprotected sex last week and now i've <mask> <mask> strange discharge,▁got ▁this,2.0,0.0222402245895286,3.805852711200714,1.902926355600357,got a,0.3902999714091523,2.8650130331516266,1.4325065165758133,18.0,19.0,0.0,21.0,0.0,2.0
6613,"""Doctor, I've been getting these weird sores and a burning feeling, and I'm worried it might be that bad disease my buddy warned me about.""",weird sores,weird sores,is_multiword,0,5,5|6,1,3.8440869251887,0,1.0,,,,,,,,,,,,,,,,,,,,,,,,,,,,,,,doctor i've been getting these <mask> <mask> <mask> and a burning feeling and i'm worried it might be that bad disease my buddy warned me about,▁weird ▁so res,3.0,3.861353216110333e-08,17.069663047790527,5.689887682596843,days cold s,0.0039367401460882,11.5322607755661,3.8440869251887,5.0,6.0,0.0,24.0,0.0,2.0
6616,"My son hasn't been able to doss-down properly for three nights now, and he keeps coughing and complaining his throat hurts.",doss-down properly,doss-down properly,is_multiword,0,6,6|7,1,6.0591308116912845,0,1.0,,,,,,,,,,,,,,,,,,,,,,,,,,,,,,,my son hasn't been able to <mask> <mask> <mask> <mask> <mask> for three nights now and he keeps coughing and complaining his throat hurts,▁dos s - down ▁properly,5.0,1.7484581077002054e-18,40.887797355651855,8.17755947113037,get his his his s,2.511253843791971e-05,30.29565405845642,6.0591308116912845,6.0,7.0,0.0,20.0,0.0,2.0
6616,"My son hasn't been able to doss-down properly for three nights now, and he keeps coughing and complaining his throat hurts.",he keeps,he keeps,is_multiword,0,13,13|14,1,0.5265248616536459,1,1.0,,,,,,,,,,,,,,,,,,,,,,,,,,,,,,,my son hasn't been able to doss-down properly for three nights now and <mask> <mask> <mask> coughing and complaining his throat hurts,▁he ▁keep s,3.0,0.0097262573586908,4.632926106452942,1.5443087021509807,he has s,0.0472004656255116,1.5795745849609375,0.5265248616536459,13.0,14.0,0.0,20.0,0.0,2.0
6620,"I'm worried about my son, he's been struggling with his boonsnoozle ever since he started school, and now he's falling asleep in class.",boonsnoozle ever,boonsnoozle ever,is_multiword,0,10,10|11,1,6.614920198917389,0,1.0,,,,,,,,,,,,,,,,,,,,,,,,,,,,,,,i'm worried about my son he's been struggling with his <mask> <mask> <mask> <mask> <mask> <mask> since he started school and now he's falling asleep in class,▁bo ons no oz le ▁ever,6.0,8.232499160424475e-24,53.15395259857178,8.858992099761963,sleep and he s been s,1.4205997660488744e-06,39.68952119350433,6.614920198917389,10.0,11.0,0.0,22.0,0.0,2.0
6622,"My son keeps spitting up yellow back every morning, and his fever just won't go down.",just won't,just won't,is_multiword,0,12,12|13,1,2.4895325005054474,0,1.0,,,,,,,,,,,,,,,,,,,,,,,,,,,,,,,my son keeps spitting up yellow back every morning and his fever <mask> <mask> <mask> <mask> go down,▁just ▁won ' t,4.0,2.6687471248492684e-07,15.136486530303957,3.7841216325759888,is s s to,0.00563726348856,9.95813000202179,2.4895325005054474,12.0,13.0,0.0,15.0,0.0,2.0
6622,"My son keeps spitting up yellow back every morning, and his fever just won't go down.",just won't go,just won't go,is_multiword,0,12,12|13|14,1,3.835151028633118,1,1.0,,,,,,,,,,,,,,,,,,,,,,,,,,,,,,,my son keeps spitting up yellow back every morning and his fever <mask> <mask> <mask> <mask> <mask> down,▁just ▁won ' t ▁go,5.0,1.2063459775670154e-12,27.443425178527832,5.488685035705567,is s to to ing,0.0002566826565798,19.17575514316559,3.835151028633118,12.0,14.0,0.0,15.0,0.0,3.0
6622,"My son keeps spitting up yellow back every morning, and his fever just won't go down.",won't go,won't go,is_multiword,0,13,13|14,1,3.510571524500847,0,1.0,,,,,,,,,,,,,,,,,,,,,,,,,,,,,,,my son keeps spitting up yellow back every morning and his fever just <mask> <mask> <mask> <mask> down,▁won ' t ▁go,4.0,5.070951290016019e-09,19.099737405776978,4.774934351444244,keep s to ing,0.0063617530184769,14.042286098003387,3.510571524500847,13.0,14.0,0.0,15.0,0.0,2.0
6624,"My husband keeps spitting out mucus every morning, and he says his chest feels heavy—what should we do about it?",keeps spitting,keeps spitting,is_multiword,0,2,2|3,1,3.082858145236969,0,1.0,,,,,,,,,,,,,,,,,,,,,,,,,,,,,,,my husband <mask> <mask> <mask> <mask> out mucus every morning and he says his chest feels heavy-what should we do about it,▁keep s ▁spi tting,4.0,1.8151078677937378e-08,17.824535846710205,4.456133961677551,says s to ing,0.0041150542323159,12.331432580947876,3.082858145236969,2.0,3.0,0.0,19.0,0.0,2.0
6628,"My teenage daughter is too embarrassed to say it herself, but she told me she's got some redness and irritation near her dilberry bush after gym class.",she's got,she's got,is_multiword,0,14,14|15,1,1.6255169063806534,1,1.0,,,,,,,,,,,,,,,,,,,,,,,,,,,,,,,my teenage daughter is too embarrassed to say it herself but she told me <mask> <mask> <mask> <mask> some redness and irritation near her dilberry bush after gym class,▁she ' s ▁got,4.0,9.96880181817541e-06,11.516050159931185,2.879012539982796,she she she had,0.0066443890363422,6.5020676255226135,1.6255169063806534,14.0,15.0,0.0,26.0,0.0,2.0
6629,"Doctor, I've been having some itching down there around my dilberry bush and I'm not sure what's causing it.",I've been,i've been,is_multiword,0,1,1|2,1,2.5639428421854973,0,1.0,,,,,,,,,,,,,,,,,,,,,,,,,,,,,,,doctor <mask> <mask> <mask> <mask> having some itching down there around my dilberry bush and i'm not sure what's causing it,▁i ' ve ▁been,4.0,2.349456905163791e-06,12.961326360702516,3.2403315901756287,s i ' m,0.0668332216511236,10.25577136874199,2.5639428421854973,1.0,2.0,0.0,18.0,0.0,2.0
6629,"Doctor, I've been having some itching down there around my dilberry bush and I'm not sure what's causing it.",I've been having,i've been having,is_multiword,0,1,1|2|3,1,2.879007649421692,1,1.0,,,,,,,,,,,,,,,,,,,,,,,,,,,,,,,doctor <mask> <mask> <mask> <mask> <mask> some itching down there around my dilberry bush and i'm not sure what's causing it,▁i ' ve ▁been ▁having,5.0,3.825735662605752e-10,21.68410015106201,4.336820030212403,"s , ' ve got",0.0006829684423315,14.39503824710846,2.879007649421692,1.0,3.0,0.0,18.0,0.0,3.0
6629,"Doctor, I've been having some itching down there around my dilberry bush and I'm not sure what's causing it.",been having,been having,is_multiword,0,2,2|3,1,0.5374832153320312,0,1.0,,,,,,,,,,,,,,,,,,,,,,,,,,,,,,,doctor i've <mask> <mask> some itching down there around my dilberry bush and i'm not sure what's causing it,▁been ▁having,2.0,0.0552699755519903,2.895525455474853,1.4477627277374268,been getting,0.1619351998316362,1.0749664306640625,0.5374832153320312,2.0,3.0,0.0,18.0,0.0,2.0
6629,"Doctor, I've been having some itching down there around my dilberry bush and I'm not sure what's causing it.",down there,down there,is_multiword,0,6,6|7,1,5.360139787197113,1,1.0,,,,,,,,,,,,,,,,,,,,,,,,,,,,,,,doctor i've been having some itching <mask> <mask> around my dilberry bush and i'm not sure what's causing it,▁down ▁there,2.0,3.864455227502956e-07,14.76627492904663,7.383137464523315,and s,0.0174922849606283,10.720279574394226,5.360139787197113,6.0,7.0,0.0,18.0,0.0,2.0
6637,"Doctor, I've been noticing a lot of that cotton shedding down there since I started this new medication.",shedding down,shedding down,is_multiword,0,9,9|10,1,3.5614764293034877,0,1.0,,,,,,,,,,,,,,,,,,,,,,,,,,,,,,,doctor i've been noticing a lot of that cotton <mask> <mask> <mask> there since i started this new medication,▁she dding ▁down,3.0,1.4358329039590637e-08,18.05893564224243,6.0196452140808105,cand is in,0.000627036155743,10.68442928791046,3.5614764293034877,9.0,10.0,0.0,17.0,0.0,2.0
6639,"My wife's been complaining of discomfort during intimacy, and I think it might be an issue with her doorkeeper.",an issue,an issue,is_multiword,0,14,14|15,1,1.7698860168457031,1,1.0,,,,,,,,,,,,,,,,,,,,,,,,,,,,,,,my wife's been complaining of discomfort during intimacy and i think it might be <mask> <mask> with her doorkeeper,▁an ▁issue,2.0,0.0045406308559919,5.394689321517944,2.697344660758972,a problem,0.1564658837730737,3.5397720336914062,1.7698860168457031,14.0,15.0,0.0,18.0,0.0,2.0
6640,"Doctor, I’m worried my husband might have tried a do-it-yourself act—I found some empty pill bottles in his drawer and he won’t talk to me.",a do-it,a do-it,is_multiword,0,8,8|9,1,3.901731133460999,0,1.0,,,,,,,,,,,,,,,,,,,,,,,,,,,,,,,doctor i'm worried my husband might have tried <mask> <mask> <mask> <mask> <mask> <mask> <mask> act-i found some empty pill bottles in his drawer and he won't talk to me,▁a ▁do - it - your self,7.0,2.376274450934772e-20,45.18616795539856,6.455166850771223,to and but but ' ' t,1.7274230348887736e-08,27.31211793422699,3.901731133460999,8.0,9.0,0.0,24.0,0.0,2.0
6640,"Doctor, I’m worried my husband might have tried a do-it-yourself act—I found some empty pill bottles in his drawer and he won’t talk to me.",a do-it yourself,a do-it yourself,is_multiword,0,8,8|9|10,1,4.654342639446258,0,1.0,,,,,,,,,,,,,,,,,,,,,,,,,,,,,,,doctor i'm worried my husband might have tried <mask> <mask> <mask> <mask> <mask> <mask> <mask> <mask> <mask> <mask> found some empty pill bottles in his drawer and he won't talk to me,▁a ▁do - it - your self ▁act - i,10.0,1.349614723196072e-32,73.3829038143158,7.338290381431579,to to pill and and . . i ' just,2.206800427367162e-12,46.543426394462585,4.654342639446258,8.0,10.0,0.0,24.0,0.0,3.0
6640,"Doctor, I’m worried my husband might have tried a do-it-yourself act—I found some empty pill bottles in his drawer and he won’t talk to me.",a do-it yourself act,a do-it yourself act,is_multiword,0,8,8|9|10|11,1,4.894855878569863,0,1.0,,,,,,,,,,,,,,,,,,,,,,,,,,,,,,,doctor i'm worried my husband might have tried <mask> <mask> <mask> <mask> <mask> <mask> <mask> <mask> <mask> <mask> <mask> some empty pill bottles in his drawer and he won't talk to me,▁a ▁do - it - your self ▁act - i ▁found,11.0,4.449165683757341e-36,81.40034675598145,7.40003152327104,to pill pill pill i i he he he he have,1.0769026716445692e-12,53.843414664268494,4.894855878569863,8.0,11.0,0.0,24.0,0.0,4.0
6640,"Doctor, I’m worried my husband might have tried a do-it-yourself act—I found some empty pill bottles in his drawer and he won’t talk to me.",do-it yourself,do-it yourself,is_multiword,0,9,9|10,1,5.435506569014655,0,1.0,,,,,,,,,,,,,,,,,,,,,,,,,,,,,,,doctor i'm worried my husband might have tried a <mask> <mask> <mask> <mask> <mask> <mask> <mask> <mask> <mask> found some empty pill bottles in his drawer and he won't talk to me,▁do - it - your self ▁act - i,9.0,1.6562857561769896e-31,70.87556028366089,7.875062253740099,different pill pill and . . i ' just,2.9149415478663165e-10,48.9195591211319,5.435506569014655,9.0,10.0,0.0,24.0,0.0,2.0
6640,"Doctor, I’m worried my husband might have tried a do-it-yourself act—I found some empty pill bottles in his drawer and he won’t talk to me.",do-it yourself act,do-it yourself act,is_multiword,1,9,9|10|11,1,5.622396874427795,1,1.0,,,,,,,,,,,,,,,,,,,,,,,,,,,,,,,doctor i'm worried my husband might have tried a <mask> <mask> <mask> <mask> <mask> <mask> <mask> <mask> <mask> <mask> some empty pill bottles in his drawer and he won't talk to me,▁do - it - your self ▁act - i ▁found,10.0,5.78181232479555e-35,78.83576107025146,7.883576107025147,different pill pill and . he he he he have,1.5129457889114002e-10,56.223968744277954,5.622396874427795,9.0,11.0,0.0,24.0,0.0,3.0
6640,"Doctor, I’m worried my husband might have tried a do-it-yourself act—I found some empty pill bottles in his drawer and he won’t talk to me.",yourself act,yourself act,is_multiword,0,10,10|11,1,4.624794036149979,0,1.0,,,,,,,,,,,,,,,,,,,,,,,,,,,,,,,doctor i'm worried my husband might have tried a do-it-yourself <mask> <mask> <mask> <mask> some empty pill bottles in his drawer and he won't talk to me,▁act - i ▁found,4.0,1.0550106327594275e-11,25.274885177612305,6.318721294403076,pill . he has,0.0011411610921483,18.499176144599915,4.624794036149979,10.0,11.0,0.0,24.0,0.0,2.0
6641,"My son’s been really down lately, and last night he said something about a do-it-yourself act—can you please help him?",a do-it,a do-it,is_multiword,0,13,13|14,1,5.111443672861372,0,1.0,,,,,,,,,,,,,,,,,,,,,,,,,,,,,,,my son's been really down lately and last night he said something about <mask> <mask> <mask> <mask> <mask> <mask> <mask> act-can you please help him,▁a ▁do - it - your self,7.0,1.6492460904623736e-23,52.45913887023926,7.494162695748465,his and he he he want to,5.706738010131445e-08,35.7801057100296,5.111443672861372,13.0,14.0,0.0,19.0,0.0,2.0
6644,"My husband keeps saying life's not worth living, and last night I caught him looking up ways to do bungy jumping online.",bungy jumping,bungy jumping,is_multiword,1,19,19|20,1,7.863914400339127,1,1.0,,,,,,,,,,,,,,,,,,,,,,,,,,,,,,,my husband keeps saying life's not worth living and last night i caught him looking up ways to do <mask> <mask> <mask> <mask> online,▁bun gy ▁jump ing,4.0,2.5505006891220686e-18,40.510241985321045,10.12756049633026,it with free money,0.0001168541030278,31.455657601356503,7.863914400339127,19.0,20.0,0.0,21.0,0.0,2.0
6650,"Doctor, I noticed a painless sore down there a few weeks ago, and now I've got this rash on my palms—could it be that Irish button thing my buddy warned me about?",I've got,i've got,is_multiword,0,14,14|15,1,0.982879638671875,1,1.0,,,,,,,,,,,,,,,,,,,,,,,,,,,,,,,doctor i noticed a painless sore down there a few weeks ago and now <mask> <mask> <mask> <mask> this rash on my palms-could it be that irish button thing my buddy warned me about,▁i ' ve ▁got,4.0,2.134071972606767e-05,10.754893586039543,2.688723396509886,i am to have,0.0010880425407572,3.9315185546875,0.982879638671875,14.0,15.0,0.0,31.0,0.0,2.0
6651,"My husband's been complaining of a fever and body aches, and he has these strange spots on his chest—doctor, is it possible he's picked up an Irish button?",he's picked,he's picked,is_multiword,0,23,23|24,1,3.999645233154297,0,1.0,,,,,,,,,,,,,,,,,,,,,,,,,,,,,,,my husband's been complaining of a fever and body aches and he has these strange spots on his chest-doctor is it possible he's <mask> <mask> an irish button,▁picked ▁up,2.0,4.148818994452788e-06,12.39268684387207,6.196343421936035,been on,0.0123586831046087,7.999290466308594,3.999645233154297,23.0,24.0,0.0,27.0,0.0,2.0
6651,"My husband's been complaining of a fever and body aches, and he has these strange spots on his chest—doctor, is it possible he's picked up an Irish button?",he's picked up,he's picked up,is_multiword,0,23,23|24|25,1,2.9191412130991616,0,1.0,,,,,,,,,,,,,,,,,,,,,,,,,,,,,,,my husband's been complaining of a fever and body aches and he has these strange spots on his chest-doctor is it possible he's <mask> <mask> <mask> irish button,▁picked ▁up ▁an,3.0,1.5883073831550368e-07,15.655426740646362,5.218475580215454,been on the,0.0010097998850752,8.757423639297485,2.9191412130991616,23.0,25.0,0.0,27.0,0.0,3.0
6651,"My husband's been complaining of a fever and body aches, and he has these strange spots on his chest—doctor, is it possible he's picked up an Irish button?",he's picked up an,he's picked up an,is_multiword,0,23,23|24|25|26,1,5.529746246337891,1,1.0,,,,,,,,,,,,,,,,,,,,,,,,,,,,,,,my husband's been complaining of a fever and body aches and he has these strange spots on his chest-doctor is it possible he's <mask> <mask> <mask> <mask> <mask> button,▁picked ▁up ▁an ▁i rish,5.0,2.1115829662906522e-17,38.39650869369507,7.679301738739014,not to to the the,2.149312455731497e-05,27.648731231689453,5.529746246337891,23.0,26.0,0.0,27.0,0.0,4.0
6651,"My husband's been complaining of a fever and body aches, and he has these strange spots on his chest—doctor, is it possible he's picked up an Irish button?",picked up,picked up,is_multiword,0,24,24|25,1,0.0092182159423828,0,1.0,,,,,,,,,,,,,,,,,,,,,,,,,,,,,,,my husband's been complaining of a fever and body aches and he has these strange spots on his chest-doctor is it possible he's picked <mask> <mask> irish button,▁up ▁an,2.0,0.179506450021577,1.717544138431549,0.8587720692157745,up the,0.1828466041120718,0.0184364318847656,0.0092182159423828,24.0,25.0,0.0,27.0,0.0,2.0
6651,"My husband's been complaining of a fever and body aches, and he has these strange spots on his chest—doctor, is it possible he's picked up an Irish button?",picked up an,picked up an,is_multiword,0,24,24|25|26,1,3.785986840724945,0,1.0,,,,,,,,,,,,,,,,,,,,,,,,,,,,,,,my husband's been complaining of a fever and body aches and he has these strange spots on his chest-doctor is it possible he's picked <mask> <mask> <mask> <mask> button,▁up ▁an ▁i rish,4.0,3.086679580186454e-11,24.20134007930756,6.050335019826889,up the  st,0.0001165263982265,15.14394736289978,3.785986840724945,24.0,26.0,0.0,27.0,0.0,3.0
6651,"My husband's been complaining of a fever and body aches, and he has these strange spots on his chest—doctor, is it possible he's picked up an Irish button?",up an,up an,is_multiword,0,25,25|26,1,5.016487280527751,0,1.0,,,,,,,,,,,,,,,,,,,,,,,,,,,,,,,my husband's been complaining of a fever and body aches and he has these strange spots on his chest-doctor is it possible he's picked up <mask> <mask> <mask> button,▁an ▁i rish,3.0,1.7260073594802422e-10,22.480040073394772,7.493346691131592,the  st,0.0005928446111654,15.049461841583252,5.016487280527751,25.0,26.0,0.0,27.0,0.0,2.0
6652,"Doctor, my husband has been complaining about a rash and some sores that won't heal—I'm worried he might have picked up that old rale from someone.",picked up,picked up,is_multiword,0,20,20|21,1,1.0421428084373474,0,1.0,,,,,,,,,,,,,,,,,,,,,,,,,,,,,,,doctor my husband has been complaining about a rash and some sores that won't heal-i'm worried he might have picked <mask> <mask> old rale from someone,▁up ▁that,2.0,0.0482220096673219,3.03193973004818,1.5159698650240898,up an,0.3876493391130125,2.084285616874695,1.0421428084373474,20.0,21.0,0.0,25.0,0.0,2.0
6654,"Doctor, I’m worried I might have picked up some French marbles—I’ve got this rash and a fever that won’t go away.",picked up,picked up,is_multiword,0,6,6|7,1,6.126953359693289,1,1.0,,,,,,,,,,,,,,,,,,,,,,,,,,,,,,,doctor i'm worried i might have <mask> <mask> some french marbles-i've got this rash and a fever that won't go away,▁picked ▁up,2.0,3.300430614616341e-07,14.924042701721191,7.462021350860596,to get,0.0692428088703204,12.253906719386578,6.126953359693289,6.0,7.0,0.0,20.0,0.0,2.0
6654,"Doctor, I’m worried I might have picked up some French marbles—I’ve got this rash and a fever that won’t go away.",marbles I’ve,marbles i've,is_multiword,0,10,10|11,1,3.5253121512276784,0,1.0,,,,,,,,,,,,,,,,,,,,,,,,,,,,,,,doctor i'm worried i might have picked up some french <mask> <mask> <mask> <mask> <mask> <mask> <mask> this rash and a fever that won't go away,▁mar bles - i ' ve ▁got,7.0,4.012812427906754e-20,44.66220951080322,6.3803156444004605,flu . i i ' to have,2.0922528094879326e-09,24.67718505859375,3.5253121512276784,10.0,11.0,0.0,20.0,0.0,2.0
6654,"Doctor, I’m worried I might have picked up some French marbles—I’ve got this rash and a fever that won’t go away.",marbles I’ve got,marbles i've got,is_multiword,0,10,10|11|12,1,3.918858163058758,0,1.0,,,,,,,,,,,,,,,,,,,,,,,,,,,,,,,doctor i'm worried i might have picked up some french <mask> <mask> <mask> <mask> <mask> <mask> <mask> <mask> rash and a fever that won't go away,▁mar bles - i ' ve ▁got ▁this,8.0,1.4874510976412257e-22,50.25980806350708,6.282476007938385,flu . i i i a have a,6.136920553995669e-09,31.350865304470062,3.918858163058758,10.0,12.0,0.0,20.0,0.0,3.0
6654,"Doctor, I’m worried I might have picked up some French marbles—I’ve got this rash and a fever that won’t go away.",I’ve got,i've got,is_multiword,0,11,11|12,1,2.8507556319236755,0,1.0,,,,,,,,,,,,,,,,,,,,,,,,,,,,,,,doctor i'm worried i might have picked up some french marbles-i've <mask> <mask> rash and a fever that won't go away,▁got ▁this,2.0,0.0026816134095175,5.921336647123098,2.960668323561549,got a,0.8026589434016426,5.701511263847351,2.8507556319236755,11.0,12.0,0.0,20.0,0.0,2.0
6656,"My husband’s been complaining of joint pain and fevers on and off, and I’m scared it might be the Morbus Gallicus he picked up years ago.",Morbus Gallicus,morbus gallicus,is_multiword,1,19,19|20,1,9.541235208511353,1,1.0,,,,,,,,,,,,,,,,,,,,,,,,,,,,,,,my husband's been complaining of joint pain and fevers on and off and i'm scared it might be the <mask> <mask> <mask> <mask> he picked up years ago,▁mor bus ▁gall icus,4.0,1.5920012676502987e-20,45.58670997619629,11.396677494049072,same of the that,0.0005980901025812,38.16494083404541,9.541235208511353,19.0,20.0,0.0,25.0,0.0,2.0
6656,"My husband’s been complaining of joint pain and fevers on and off, and I’m scared it might be the Morbus Gallicus he picked up years ago.",picked up,picked up,is_multiword,0,22,22|23,1,5.272592514753342,1,1.0,,,,,,,,,,,,,,,,,,,,,,,,,,,,,,,my husband's been complaining of joint pain and fevers on and off and i'm scared it might be the morbus gallicus he <mask> <mask> years ago,▁picked ▁up,2.0,3.3631660387539445e-06,12.602627754211426,6.301313877105713,had some,0.127780321891412,10.545185029506683,5.272592514753342,22.0,23.0,0.0,25.0,0.0,2.0
6658,"Doctor, I've got this rash on my palms and I'm worried it might be one of the knights—I've been feeling run down for weeks.",run down,run down,is_multiword,0,21,21|22,1,3.269857406616211,1,1.0,,,,,,,,,,,,,,,,,,,,,,,,,,,,,,,doctor i've got this rash on my palms and i'm worried it might be one of the knights-i've been feeling run <mask> <mask> weeks,▁down ▁for,2.0,0.0004947990874206,7.6113587617874146,3.8056793808937073,for for,0.3424450923099838,6.539714813232422,3.269857406616211,21.0,22.0,0.0,23.0,0.0,2.0
6659,"My husband has these sores that won't heal, and I'm scared it could be one of the knights—he's been too embarrassed to come in himself.",it could,it could,is_multiword,0,11,11|12,1,2.8267783001065254,1,1.0,,,,,,,,,,,,,,,,,,,,,,,,,,,,,,,my husband has these sores that won't heal and i'm scared <mask> <mask> be one of the knights-he's been too embarrassed to come in himself,▁it ▁could,2.0,0.00169265601855,6.38145637512207,3.190728187561035,he will,0.482922171024345,5.653556600213051,2.8267783001065254,11.0,12.0,0.0,24.0,0.0,2.0
6660,My daughter's been complaining about pain near her new boob work—could it be infected or something?,boob work,boob work,is_multiword,1,9,9|10,1,6.0051028082768125,0,1.0,,,,,,,,,,,,,,,,,,,,,,,,,,,,,,,my daughter's been complaining about pain near her new <mask> <mask> <mask> <mask> <mask> <mask> it be infected or something,▁ boob ▁work - co uld,6.0,1.1444680601315676e-21,48.21934700012207,8.036557833353678,born . . . . could,5.087468746232076e-06,36.03061684966087,6.0051028082768125,9.0,10.0,0.0,15.0,0.0,2.0
6663,My son keeps grabbing at his balls and crying when he pees—could something be wrong down there?,keeps grabbing,keeps grabbing,is_multiword,0,2,2|3,1,2.713381767272949,0,1.0,,,,,,,,,,,,,,,,,,,,,,,,,,,,,,,my son <mask> <mask> <mask> <mask> at his balls and crying when he pees-could something be wrong down there,▁keep s ▁grab bing,4.0,4.26594017182133e-08,16.97001814842224,4.24250453710556,is s laugh ing,0.0022061837207276,10.853527069091797,2.713381767272949,2.0,3.0,0.0,16.0,0.0,2.0
6663,My son keeps grabbing at his balls and crying when he pees—could something be wrong down there?,keeps grabbing at,keeps grabbing at,is_multiword,0,2,2|3|4,1,3.0108803272247315,0,1.0,,,,,,,,,,,,,,,,,,,,,,,,,,,,,,,my son <mask> <mask> <mask> <mask> <mask> his balls and crying when he pees-could something be wrong down there,▁keep s ▁grab bing ▁at,5.0,5.48395690837053e-12,25.92919421195984,5.185838842391968,is s and ing ing,1.8929432428555696e-05,15.054401636123655,3.0108803272247315,2.0,4.0,0.0,16.0,0.0,3.0
6663,My son keeps grabbing at his balls and crying when he pees—could something be wrong down there?,grabbing at,grabbing at,is_multiword,0,3,3|4,1,4.529850006103516,0,1.0,,,,,,,,,,,,,,,,,,,,,,,,,,,,,,,my son keeps <mask> <mask> <mask> his balls and crying when he pees-could something be wrong down there,▁grab bing ▁at,3.0,1.6083372383504935e-08,17.94547986984253,5.981826623280843,me ing ing,0.0128305035722763,13.589550018310549,4.529850006103516,3.0,4.0,0.0,16.0,0.0,2.0
6665,"Doctor, my wife says she can feel a little man in the boat when she presses on her belly, and she's worried it might be something wrong with the umbilical cord.",little man,little man,is_multiword,0,8,8|9,1,4.644264042377472,0,1.0,,,,,,,,,,,,,,,,,,,,,,,,,,,,,,,doctor my wife says she can feel a <mask> <mask> in the boat when she presses on her belly and she's worried it might be something wrong with the umbilical cord,▁little ▁man,2.0,3.913668998547896e-06,12.451035261154177,6.225517630577087,little pain,0.0423195054950798,9.288528084754944,4.644264042377472,8.0,9.0,0.0,30.0,0.0,2.0
6668,"Doctor, my son looks like a death’s head—he’s been eating but just keeps losing weight, and I’m worried it’s something serious.",death’s head,death's head,is_multiword,1,6,6|7,1,3.037032663822174,0,1.0,,,,,,,,,,,,,,,,,,,,,,,,,,,,,,,doctor my son looks like a <mask> <mask> <mask> <mask> <mask> <mask> <mask> <mask> been eating but just keeps losing weight and i'm worried it's something serious,▁death ' s ▁head - he ' s,8.0,2.3985838058016543e-20,45.17682337760925,5.647102922201157,big of and and i what ' s,8.544509072587128e-10,24.296261310577396,3.037032663822174,6.0,7.0,0.0,20.0,0.0,2.0
6672,"Doctor, my little one's been running a high fever and I had to put him in diaper clothes to cool him down—should I be worried?",one's been,one's been,is_multiword,0,3,3|4,1,0.6494979858398438,0,1.0,,,,,,,,,,,,,,,,,,,,,,,,,,,,,,,doctor my little <mask> <mask> <mask> <mask> running a high fever and i had to put him in diaper clothes to cool him down-should i be worried,▁one ' s ▁been,4.0,1.369410678855559e-05,11.19854497909546,2.7996362447738647,brother is s is,0.0001840040047335,2.597991943359375,0.6494979858398438,3.0,4.0,0.0,24.0,0.0,2.0
6672,"Doctor, my little one's been running a high fever and I had to put him in diaper clothes to cool him down—should I be worried?",one's been running,one's been running,is_multiword,0,3,3|4|5,1,2.206527757644653,0,1.0,,,,,,,,,,,,,,,,,,,,,,,,,,,,,,,doctor my little <mask> <mask> <mask> <mask> <mask> a high fever and i had to put him in diaper clothes to cool him down-should i be worried,▁one ' s ▁been ▁running,5.0,6.698050361368722e-11,23.42661952972412,4.685323905944824,boy is a he had,4.143454318812604e-06,11.032638788223268,2.206527757644653,3.0,5.0,0.0,24.0,0.0,3.0
6672,"Doctor, my little one's been running a high fever and I had to put him in diaper clothes to cool him down—should I be worried?",been running,been running,is_multiword,0,4,4|5,1,6.942224323749542,1,1.0,,,,,,,,,,,,,,,,,,,,,,,,,,,,,,,doctor my little one's <mask> <mask> a high fever and i had to put him in diaper clothes to cool him down-should i be worried,▁been ▁running,2.0,1.6181290368197506e-07,15.63682508468628,7.81841254234314,dad has,0.173361470890747,13.884448647499084,6.942224323749542,4.0,5.0,0.0,24.0,0.0,2.0
6673,"My husband's been running around the house like a bollicky bill since his fever spiked, and I can't get him to stay covered.",bollicky bill,bollicky bill,is_multiword,1,9,9|10,1,6.424876272678375,0,1.0,,,,,,,,,,,,,,,,,,,,,,,,,,,,,,,my husband's been running around the house like a <mask> <mask> <mask> <mask> since his fever spiked and i can't get him to stay covered,▁ boll icky ▁bill,4.0,9.184879098161944e-17,36.92638802528381,9.231597006320952, of the months,1.331149068350619e-05,25.6995050907135,6.424876272678375,9.0,10.0,0.0,22.0,0.0,2.0
6674,"Doctor, my little boy is a total bollicky bill every time I try to get him dressed for his checkup—he just won't keep his clothes on.",total bollicky,total bollicky,is_multiword,0,6,6|7,1,7.766718834638596,0,1.0,,,,,,,,,,,,,,,,,,,,,,,,,,,,,,,doctor my little boy is a <mask> <mask> <mask> <mask> bill every time i try to get him dressed for his checkup-he just won't keep his clothes on,▁total ▁ boll icky,4.0,5.61039539368221e-18,39.72191047668457,9.930477619171144,bit - has the,0.0001742472765274,31.066875338554382,7.766718834638596,6.0,7.0,0.0,25.0,0.0,2.0
6674,"Doctor, my little boy is a total bollicky bill every time I try to get him dressed for his checkup—he just won't keep his clothes on.",total bollicky bill,total bollicky bill,is_multiword,0,6,6|7|8,1,7.197466421127319,0,1.0,,,,,,,,,,,,,,,,,,,,,,,,,,,,,,,doctor my little boy is a <mask> <mask> <mask> <mask> <mask> every time i try to get him dressed for his checkup-he just won't keep his clothes on,▁total ▁ boll icky ▁bill,5.0,7.195873138727147e-21,46.38077926635742,9.276155853271485,little - - - and,3.06325569888168e-05,35.9873321056366,7.197466421127319,6.0,8.0,0.0,25.0,0.0,3.0
6674,"Doctor, my little boy is a total bollicky bill every time I try to get him dressed for his checkup—he just won't keep his clothes on.",bollicky bill,bollicky bill,is_multiword,1,7,7|8,1,7.731564462184906,0,1.0,,,,,,,,,,,,,,,,,,,,,,,,,,,,,,,doctor my little boy is a total <mask> <mask> <mask> <mask> every time i try to get him dressed for his checkup-he just won't keep his clothes on,▁ boll icky ▁bill,4.0,5.776879816386687e-18,39.692667961120605,9.923166990280151,de - - and,0.0001558821768969,30.926257848739624,7.731564462184906,7.0,8.0,0.0,25.0,0.0,2.0
6675,"My husband keeps stripping down to his model's clothes every time the fever spikes, and I can't get him to stay covered up.",keeps stripping,keeps stripping,is_multiword,0,2,2|3,1,2.958024114370346,0,1.0,,,,,,,,,,,,,,,,,,,,,,,,,,,,,,,my husband <mask> <mask> <mask> <mask> down to his model's clothes every time the fever spikes and i can't get him to stay covered up,▁keep s ▁strip ping,4.0,7.096681080727482e-09,18.763638615608212,4.690909653902054,is s to me,0.0009764937987766,11.832096457481384,2.958024114370346,2.0,3.0,0.0,22.0,0.0,2.0
6675,"My husband keeps stripping down to his model's clothes every time the fever spikes, and I can't get him to stay covered up.",keeps stripping down,keeps stripping down,is_multiword,0,2,2|3|4,1,3.267653703689575,0,1.0,,,,,,,,,,,,,,,,,,,,,,,,,,,,,,,my husband <mask> <mask> <mask> <mask> <mask> to his model's clothes every time the fever spikes and i can't get him to stay covered up,▁keep s ▁strip ping ▁down,5.0,3.846563765161439e-12,26.283840894699097,5.25676817893982,is s to to on,4.793942245624364e-05,16.338268518447876,3.267653703689575,2.0,4.0,0.0,22.0,0.0,3.0
6675,"My husband keeps stripping down to his model's clothes every time the fever spikes, and I can't get him to stay covered up.",stripping down,stripping down,is_multiword,0,3,3|4,1,3.9351499478022256,0,1.0,,,,,,,,,,,,,,,,,,,,,,,,,,,,,,,my husband keeps <mask> <mask> <mask> to his model's clothes every time the fever spikes and i can't get him to stay covered up,▁strip ping ▁down,3.0,2.7115079850696292e-08,17.423175811767578,5.807725270589192,me ing up,0.003632893036544,11.805449843406675,3.9351499478022256,3.0,4.0,0.0,22.0,0.0,2.0
6676,"Doctor, my son has been running a high fever and now he's in his model's clothes—he tore off all his pajamas and won't let me put anything back on him.",been running,been running,is_multiword,0,4,4|5,1,3.031707644462585,0,1.0,,,,,,,,,,,,,,,,,,,,,,,,,,,,,,,doctor my son has <mask> <mask> a high fever and now he's in his model's clothes-he tore off all his pajamas and won't let me put anything back on him,▁been ▁running,2.0,9.590720624810476e-05,9.252129435539246,4.626064717769623,been had,0.0412248459804886,6.063415288925171,3.031707644462585,4.0,5.0,0.0,29.0,0.0,2.0
6678,"Doctor, my son refuses to get bare-butt for his check-up—he keeps clinging to his pants every time I try.",get bare-butt,get bare-butt,is_multiword,0,5,5|6,1,4.42525634765625,0,1.0,,,,,,,,,,,,,,,,,,,,,,,,,,,,,,,doctor my son refuses to <mask> <mask> <mask> <mask> <mask> for his check-up-he keeps clinging to his pants every time i try,▁get ▁bare - but t,5.0,8.051745174641748e-15,32.452887535095215,6.490577507019043,go my my pan s,3.275005891956433e-05,22.12628173828125,4.42525634765625,5.0,6.0,0.0,18.0,0.0,2.0
6678,"Doctor, my son refuses to get bare-butt for his check-up—he keeps clinging to his pants every time I try.",keeps clinging,keeps clinging,is_multiword,0,11,11|12,1,3.8676236470540366,1,1.0,,,,,,,,,,,,,,,,,,,,,,,,,,,,,,,doctor my son refuses to get bare-butt for his check-up-he keeps <mask> <mask> <mask> his pants every time i try,▁cli nging ▁to,3.0,2.4260850080799922e-08,17.534401893615723,5.844800631205241,getting ing in,0.002654415093159,11.60287094116211,3.8676236470540366,11.0,12.0,0.0,18.0,0.0,2.0
6680,"My mom’s been too embarrassed to say it, but I think her barrier isn’t holding anymore; she’s been having accidents on the way to the bathroom.",mom’s been,mom's been,is_multiword,0,1,1|2,1,0.4066362380981445,0,1.0,,,,,,,,,,,,,,,,,,,,,,,,,,,,,,,my <mask> <mask> <mask> <mask> too embarrassed to say it but i think her barrier isn't holding anymore she's been having accidents on the way to the bathroom,▁mom ' s ▁been,4.0,2.592152213046988e-05,10.560436964035034,2.6401092410087585,friend ' s s,0.0001318438867216,1.626544952392578,0.4066362380981445,1.0,2.0,0.0,25.0,0.0,2.0
6680,"My mom’s been too embarrassed to say it, but I think her barrier isn’t holding anymore; she’s been having accidents on the way to the bathroom.",mom’s been too,mom's been too,is_multiword,0,1,1|2|3,1,1.016644287109375,1,1.0,,,,,,,,,,,,,,,,,,,,,,,,,,,,,,,my <mask> <mask> <mask> <mask> <mask> embarrassed to say it but i think her barrier isn't holding anymore she's been having accidents on the way to the bathroom,▁mom ' s ▁been ▁too,5.0,8.630554072152198e-08,16.265372037887573,3.253074407577514,friend is i s s,1.392046355370314e-05,5.083221435546875,1.016644287109375,1.0,3.0,0.0,25.0,0.0,3.0
6680,"My mom’s been too embarrassed to say it, but I think her barrier isn’t holding anymore; she’s been having accidents on the way to the bathroom.",been too,been too,is_multiword,0,2,2|3,1,0.0,0,1.0,,,,,,,,,,,,,,,,,,,,,,,,,,,,,,,my mom's <mask> <mask> embarrassed to say it but i think her barrier isn't holding anymore she's been having accidents on the way to the bathroom,▁been ▁too,2.0,0.0233796666424405,3.75588858127594,1.87794429063797,been too,0.0233796666424405,0.0,0.0,2.0,3.0,0.0,25.0,0.0,2.0
6680,"My mom’s been too embarrassed to say it, but I think her barrier isn’t holding anymore; she’s been having accidents on the way to the bathroom.",isn’t holding,isn't holding,is_multiword,0,13,13|14,1,1.7266265153884888,0,1.0,,,,,,,,,,,,,,,,,,,,,,,,,,,,,,,my mom's been too embarrassed to say it but i think her barrier <mask> <mask> <mask> <mask> anymore she's been having accidents on the way to the bathroom,▁isn ' t ▁holding,4.0,9.734666994337998e-07,13.84240221977234,3.4606005549430847,s ' not strong,0.0009722513871198,6.906506061553955,1.7266265153884888,13.0,14.0,0.0,25.0,0.0,2.0
6681,"My husband keeps getting up five times a night to pump ship, and it's really wearing him out.",keeps getting,keeps getting,is_multiword,0,2,2|3,1,1.0622559388478596,0,1.0,,,,,,,,,,,,,,,,,,,,,,,,,,,,,,,my husband <mask> <mask> <mask> up five times a night to pump ship and it's really wearing him out,▁keep s ▁getting,3.0,0.0002404031666557,8.333193182945251,2.7777310609817505,' s wake,0.0058201725704304,3.186767816543579,1.0622559388478596,2.0,3.0,0.0,17.0,0.0,2.0
6684,"My mother keeps getting up to piddle four or five times a night, and she says she feels like she can't empty her bladder.",keeps getting,keeps getting,is_multiword,0,2,2|3,1,0.9077606201171876,1,1.0,,,,,,,,,,,,,,,,,,,,,,,,,,,,,,,my mother <mask> <mask> <mask> up to piddle four or five times a night and she says she feels like she can't empty her bladder,▁keep s ▁getting,3.0,0.000237100723451,8.347025513648987,2.782341837882996,says s getting,0.0036110970772239,2.7232818603515625,0.9077606201171876,2.0,3.0,0.0,23.0,0.0,2.0
6686,"Doctor, my son has been having trouble with the dew off the lily—he says it burns and he keeps running to the bathroom every ten minutes.",keeps running,keeps running,is_multiword,0,19,19|20,1,1.7633475959300997,0,1.0,,,,,,,,,,,,,,,,,,,,,,,,,,,,,,,doctor my son has been having trouble with the dew off the lily-he says it burns and he keeps <mask> <mask> the bathroom every ten minutes,▁running ▁to,2.0,0.0071992750313491,4.933774948120117,2.4668874740600586,going in,0.2448572830672329,3.526695191860199,1.7633475959300997,19.0,20.0,0.0,25.0,0.0,2.0
6687,"I'm here with my mother; she says her onsey has become really frequent and urgent, especially at night, and she's worried something's wrong.",onsey has,onsey has,is_multiword,0,8,8|9,1,5.363336126009624,0,1.0,,,,,,,,,,,,,,,,,,,,,,,,,,,,,,,i'm here with my mother she says her <mask> <mask> <mask> become really frequent and urgent especially at night and she's worried something's wrong,▁on sey ▁has,3.0,8.726676648329847e-10,20.8594663143158,6.953155438105266,call s has,0.0084849783124442,16.09000837802887,5.363336126009624,8.0,9.0,0.0,22.0,0.0,2.0
6689,My mom’s bangers have been really weak lately—she says she can’t empty her bladder properly and it’s been keeping her up all night.,mom’s bangers,mom's bangers,is_multiword,0,1,1|2,1,2.943550109863281,0,1.0,,,,,,,,,,,,,,,,,,,,,,,,,,,,,,,my <mask> <mask> <mask> <mask> <mask> have been really weak lately-she says she can't empty her bladder properly and it's been keeping her up all night,▁mom ' s ▁bang ers,5.0,5.288601802268505e-12,25.96546721458435,5.193093442916871,little ' s ' s,1.3037031601930829e-05,14.717750549316406,2.943550109863281,1.0,2.0,0.0,22.0,0.0,2.0
6692,"My husband’s been complaining about having to get up three times a night to pass his chamber lye, and he’s been feeling really tired during the day.",chamber lye,chamber lye,is_multiword,1,16,16|17,1,7.111127883195877,0,1.0,,,,,,,,,,,,,,,,,,,,,,,,,,,,,,,my husband's been complaining about having to get up three times a night to pass his <mask> <mask> <mask> <mask> and he's been feeling really tired during the day,▁cha mber ▁l ye,4.0,5.1645795824899545e-17,37.50212287902832,9.37553071975708,"time on the ,",0.0001165009248638,28.44451153278351,7.111127883195877,16.0,17.0,0.0,26.0,0.0,2.0
6693,"Doctor, my son's chamber lye has been a strange dark color for the past two days, and he says it stings when he goes.",chamber lye,chamber lye,is_multiword,1,3,3|4,1,6.090290904045105,0,1.0,,,,,,,,,,,,,,,,,,,,,,,,,,,,,,,doctor my son's <mask> <mask> <mask> <mask> has been a strange dark color for the past two days and he says it stings when he goes,▁cha mber ▁l ye,4.0,4.655086508525647e-16,35.30340099334717,8.825850248336792,eye is the it,1.7694841931272774e-05,24.36116361618042,6.090290904045105,3.0,4.0,0.0,23.0,0.0,2.0
6694,"My wife says her bleeder feels like it's cramping nonstop, and she's worried something's wrong down there.",cramping nonstop,cramping nonstop,is_multiword,0,8,8|9,1,5.664134311676025,0,1.0,,,,,,,,,,,,,,,,,,,,,,,,,,,,,,,my wife says her bleeder feels like it's <mask> <mask> <mask> <mask> <mask> and she's worried something's wrong down there,▁ cra mping ▁non stop,5.0,1.86365280572872e-19,43.12657833099365,8.62531566619873,"been to the her ,",3.71429496056069e-07,28.320671558380127,5.664134311676025,8.0,9.0,0.0,16.0,0.0,2.0
6695,"Doctor, I've been having this dull ache in my lower belly and some spotting—could there be something wrong with my bleeder?",I've been,i've been,is_multiword,0,1,1|2,1,3.402102530002594,1,1.0,,,,,,,,,,,,,,,,,,,,,,,,,,,,,,,doctor <mask> <mask> <mask> <mask> having this dull ache in my lower belly and some spotting-could there be something wrong with my bleeder,▁i ' ve ▁been,4.0,3.778694409014783e-09,19.393887281417847,4.848471820354462,"s , I am",0.0030718442605803,13.608410120010376,3.402102530002594,1.0,2.0,0.0,20.0,0.0,2.0
6695,"Doctor, I've been having this dull ache in my lower belly and some spotting—could there be something wrong with my bleeder?",I've been having,i've been having,is_multiword,0,1,1|2|3,1,3.3376702308654784,0,1.0,,,,,,,,,,,,,,,,,,,,,,,,,,,,,,,doctor <mask> <mask> <mask> <mask> <mask> this dull ache in my lower belly and some spotting-could there be something wrong with my bleeder,▁i ' ve ▁been ▁having,5.0,2.3377398960104437e-12,26.78183650970459,5.356367301940918,s I I I have,4.134804754530025e-05,16.688351154327393,3.3376702308654784,1.0,3.0,0.0,20.0,0.0,3.0
6695,"Doctor, I've been having this dull ache in my lower belly and some spotting—could there be something wrong with my bleeder?",been having,been having,is_multiword,0,2,2|3,1,0.7275161743164062,0,1.0,,,,,,,,,,,,,,,,,,,,,,,,,,,,,,,doctor i've <mask> <mask> this dull ache in my lower belly and some spotting-could there be something wrong with my bleeder,▁been ▁having,2.0,0.0293313475935612,3.5290984511375427,1.7645492255687714,been noticed,0.125673739096328,1.4550323486328125,0.7275161743164062,2.0,3.0,0.0,20.0,0.0,2.0
6697,"Doctor, I’ve been feeling a burning pain down in my alcove ever since yesterday morning.",alcove ever,alcove ever,is_multiword,0,10,10|11,1,4.881012886762619,0,1.0,,,,,,,,,,,,,,,,,,,,,,,,,,,,,,,doctor i've been feeling a burning pain down in my <mask> <mask> <mask> <mask> since yesterday morning,▁al co ve ▁ever,4.0,1.510359730745145e-13,29.52125835418701,7.380314588546753,back and a s,4.552691779076378e-05,19.52405154705048,4.881012886762619,10.0,11.0,0.0,14.0,0.0,2.0
6698,"Doctor, I've been having this burning pain down in my basket-maker that just won't go away.",I've been,i've been,is_multiword,0,1,1|2,1,3.039265543222428,0,1.0,,,,,,,,,,,,,,,,,,,,,,,,,,,,,,,doctor <mask> <mask> <mask> <mask> having this burning pain down in my basket-maker that just won't go away,▁i ' ve ▁been,4.0,5.012825362632482e-09,19.111266136169437,4.777816534042358,s how I am,0.0009546135459777,12.15706217288971,3.039265543222428,1.0,2.0,0.0,15.0,0.0,2.0
6698,"Doctor, I've been having this burning pain down in my basket-maker that just won't go away.",I've been having,i've been having,is_multiword,0,1,1|2|3,1,4.678691041469574,1,1.0,,,,,,,,,,,,,,,,,,,,,,,,,,,,,,,doctor <mask> <mask> <mask> <mask> <mask> this burning pain down in my basket-maker that just won't go away,▁i ' ve ▁been ▁having,5.0,1.6353067119282062e-14,31.74436092376709,6.348872184753418,s how I to get,0.0002361825071518,23.39345520734787,4.678691041469574,1.0,3.0,0.0,15.0,0.0,3.0
6698,"Doctor, I've been having this burning pain down in my basket-maker that just won't go away.",been having,been having,is_multiword,0,2,2|3,1,1.8106518983840945,0,1.0,,,,,,,,,,,,,,,,,,,,,,,,,,,,,,,doctor i've <mask> <mask> this burning pain down in my basket-maker that just won't go away,▁been ▁having,2.0,0.0019542039688105,6.237772345542908,3.118886172771454,been all,0.0730604170890615,3.621303796768189,1.8106518983840945,2.0,3.0,0.0,15.0,0.0,2.0
6700,"Doctor, my wife says she's been feeling a sharp pain down in her cock-chafer ever since she fell off the bike last week.",cock-chafer ever,cock-chafer ever,is_multiword,0,13,13|14,1,5.213225531578064,0,1.0,,,,,,,,,,,,,,,,,,,,,,,,,,,,,,,doctor my wife says she's been feeling a sharp pain down in her <mask> <mask> <mask> <mask> <mask> since she fell off the bike last week,▁cock - cha fer ▁ever,5.0,2.3642992369302106e-17,38.28346490859985,7.656692981719971,back and and a s,4.943993014624125e-06,26.06612765789032,5.213225531578064,13.0,14.0,0.0,22.0,0.0,2.0
6701,"I'm here with my daughter—she keeps complaining that her cock-chafer itches and burns when she pees, and I'm really worried it might be an infection.",cock-chafer itches,cock-chafer itches,is_multiword,0,10,10|11,1,2.599137663841248,0,1.0,,,,,,,,,,,,,,,,,,,,,,,,,,,,,,,i'm here with my daughter-she keeps complaining that her cock-chafer <mask> <mask> <mask> burns when she pees and i'm really worried it might be an infection,▁it ches ▁and,3.0,8.104804797060098e-07,14.025638580322266,4.675212860107422,- s and,0.0019729496164247,7.797412991523743,2.599137663841248,10.0,11.0,0.0,24.0,0.0,2.0
6703,"My wife says her Grand Canyon has been itching and sore ever since she finished her antibiotics, and she’s too embarrassed to come in herself.",sore ever,sore ever,is_multiword,0,10,10|11,1,4.9398194551467896,1,1.0,,,,,,,,,,,,,,,,,,,,,,,,,,,,,,,my wife says her grand canyon has been itching and <mask> <mask> since she finished her antibiotics and she's too embarrassed to come in herself,▁sore ▁ever,2.0,7.08547002980818e-07,14.160049438476562,7.080024719238281,dy ing,0.0138369804498812,9.87963891029358,4.9398194551467896,10.0,11.0,0.0,24.0,0.0,2.0
6705,"Doctor, I'm a cherry tree and I've never been pregnant before, but I've been feeling sick in the mornings and my stomach's getting hard.",stomach's getting,stomach's getting,is_multiword,0,21,21|22,1,2.246585786342621,1,1.0,,,,,,,,,,,,,,,,,,,,,,,,,,,,,,,doctor i'm a cherry tree and i've never been pregnant before but i've been feeling sick in the mornings and my <mask> <mask> <mask> <mask> hard,▁stomach ' s ▁getting,4.0,1.445276555203724e-07,15.749794960021973,3.937448740005493,body is been so,0.0011552346278402,8.986343145370483,2.246585786342621,21.0,22.0,0.0,23.0,0.0,2.0
6724,"Doctor, I've been having this burning sensation down there around my milk-pan for the past few days and it really stings when I pee.",really stings,really stings,is_multiword,0,19,19|20,1,3.265446901321411,1,1.0,,,,,,,,,,,,,,,,,,,,,,,,,,,,,,,doctor i've been having this burning sensation down there around my milk-pan for the past few days and it <mask> <mask> <mask> when i pee,▁really ▁sting s,3.0,3.307602975299909e-07,14.921871900558472,4.973957300186157,' s up,0.0059430595848367,9.796340703964232,3.265446901321411,19.0,20.0,0.0,23.0,0.0,2.0
6732,"My wife’s been complaining about a painful camel toe after her workouts, and she’s too embarrassed to ask about it—could it be an infection or something?",camel toe,camel toe,is_multiword,1,7,7|8,1,5.435192346572876,0,1.0,,,,,,,,,,,,,,,,,,,,,,,,,,,,,,,my wife's been complaining about a painful <mask> <mask> <mask> after her workouts and she's too embarrassed to ask about it-could it be an infection or something,▁ca mel ▁toe,3.0,9.101410756370568e-12,25.42259168624878,8.474197228749594,che thro pain,0.0001097819264706,16.305577039718628,5.435192346572876,7.0,8.0,0.0,25.0,0.0,2.0
6733,"Doctor, I’ve been feeling a lot of pressure and discomfort down there—it looks like I’ve got a camel toe that won’t go away, and it’s really sore.",camel toe,camel toe,is_multiword,1,18,18|19,1,3.0888043642044067,0,1.0,,,,,,,,,,,,,,,,,,,,,,,,,,,,,,,doctor i've been feeling a lot of pressure and discomfort down there-it looks like i've got a camel <mask> <mask> won't go away and it's really sore,▁toe ▁that,2.0,0.000153242298243,8.783490240573883,4.3917451202869415,infection that,0.0738380193883667,6.1776087284088135,3.0888043642044067,18.0,19.0,0.0,26.0,0.0,2.0
6734,"Doctor, my son fell off his bike yesterday and now he's got this big mouse on his shin that's turning purple.",he's got,he's got,is_multiword,0,10,10|11,1,0.4808120429515838,1,1.0,,,,,,,,,,,,,,,,,,,,,,,,,,,,,,,doctor my son fell off his bike yesterday and now <mask> <mask> <mask> <mask> this big mouse on his shin that's turning purple,▁he ' s ▁got,4.0,0.002518489315078,5.98409603536129,1.4960240088403225,he ' s have,0.0172344004988514,1.9232481718063357,0.4808120429515838,10.0,11.0,0.0,20.0,0.0,2.0
6736,"Doctor, my son's been dealing with Bombay bottom for three days now—he can't keep anything down and he's getting dehydrated.",dealing with,dealing with,is_multiword,0,4,4|5,1,3.2016639709472656,1,1.0,,,,,,,,,,,,,,,,,,,,,,,,,,,,,,,doctor my son's been <mask> <mask> bombay bottom for three days now-he can't keep anything down and he's getting dehydrated,▁dealing ▁with,2.0,0.0002396892331607,8.336167335510254,4.168083667755127,on a,0.1447366501658459,6.403327941894531,3.2016639709472656,4.0,5.0,0.0,19.0,0.0,2.0
6737,"Doctor, my little boy has been having the collywobbles since last night and I'm worried he's getting dehydrated.",he's getting,he's getting,is_multiword,0,15,15|16,1,0.5406169891357422,1,1.0,,,,,,,,,,,,,,,,,,,,,,,,,,,,,,,doctor my little boy has been having the collywobbles since last night and i'm worried <mask> <mask> <mask> <mask> dehydrated,▁he ' s ▁getting,4.0,0.0003793786049052,7.876975893974304,1.969243973493576,he he will getting,0.0032977728330533,2.1624679565429688,0.5406169891357422,15.0,16.0,0.0,17.0,0.0,2.0
6739,"My wife's been dealing with a bad case of cow's courant since yesterday, and she's feeling too weak to get out of bed.",cow's courant,cow's courant,is_multiword,1,9,9|10,1,4.456482791900635,0,1.0,,,,,,,,,,,,,,,,,,,,,,,,,,,,,,,my wife's been dealing with a bad case of <mask> <mask> <mask> <mask> <mask> since yesterday and she's feeling too weak to get out of bed,▁co w ' s ▁courant,5.0,6.136743773779711e-17,37.329652309417725,7.465930461883545,a and and the s,2.917879929522596e-07,22.28241395950317,4.456482791900635,9.0,10.0,0.0,22.0,0.0,2.0
6739,"My wife's been dealing with a bad case of cow's courant since yesterday, and she's feeling too weak to get out of bed.",she's feeling,she's feeling,is_multiword,0,14,14|15,1,0.5229215621948242,0,1.0,,,,,,,,,,,,,,,,,,,,,,,,,,,,,,,my wife's been dealing with a bad case of cow's courant since yesterday and <mask> <mask> <mask> <mask> too weak to get out of bed,▁she ' s ▁feeling,4.0,0.0008104179521766,7.117960453033447,1.7794901132583618,she ' s just,0.0065632182839984,2.091686248779297,0.5229215621948242,14.0,15.0,0.0,22.0,0.0,2.0
6740,"Doctor, my little boy has been having what I'd call cow's courant for the past two days—every time he eats, he's running to the bathroom.",he's running,he's running,is_multiword,0,21,21|22,1,1.1630706787109375,0,1.0,,,,,,,,,,,,,,,,,,,,,,,,,,,,,,,doctor my little boy has been having what i'd call cow's courant for the past two days-every time he eats he's <mask> <mask> the bathroom,▁running ▁to,2.0,0.0132949925704476,4.320367813110352,2.160183906555176,going in,0.1361189074591138,2.326141357421875,1.1630706787109375,21.0,22.0,0.0,24.0,0.0,2.0
6744,"Doctor, I think my son picked up a case of Mexicali revenge after that trip to the border—he's been running to the bathroom all night.",picked up,picked up,is_multiword,0,5,5|6,1,6.181221097707748,1,1.0,,,,,,,,,,,,,,,,,,,,,,,,,,,,,,,doctor i think my son <mask> <mask> a case of mexicali revenge after that trip to the border-he's been running to the bathroom all night,▁picked ▁up,2.0,2.5808638923791295e-07,15.169971466064451,7.584985733032227,is getting,0.0603539265463855,12.362442195415497,6.181221097707748,5.0,6.0,0.0,24.0,0.0,2.0
6745,My husband's been acting strange and I found some powder in his jacket—could he be on the blow?,the blow,the blow,is_multiword,0,17,,1,,0,1.0,,,,,,,,,,,,,,,,,,,,,,,,,,,,,,,,,,,,,,,,,,,,,,
6747,My son's been acting strange and nodding off at dinner—I'm scared he might be messing with the big H.,nodding off,nodding off,is_multiword,0,6,6|7,1,3.6330793698628745,0,1.0,,,,,,,,,,,,,,,,,,,,,,,,,,,,,,,my son's been acting strange and <mask> <mask> <mask> at dinner-i'm scared he might be messing with the big h,▁no dding ▁off,3.0,4.1269941049502145e-09,19.3057165145874,6.435238838195801,we to me,0.0002234152512187,10.899238109588625,3.6330793698628745,6.0,7.0,0.0,18.0,0.0,2.0
6747,My son's been acting strange and nodding off at dinner—I'm scared he might be messing with the big H.,nodding off at,nodding off at,is_multiword,0,6,6|7|8,1,2.7227413058280945,0,1.0,,,,,,,,,,,,,,,,,,,,,,,,,,,,,,,my son's been acting strange and <mask> <mask> <mask> <mask> dinner-i'm scared he might be messing with the big h,▁no dding ▁off ▁at,4.0,3.8817467758915716e-10,21.669565677642822,5.417391419410706,we to me at,2.08407478932618e-05,10.890965223312378,2.7227413058280945,6.0,8.0,0.0,18.0,0.0,3.0
6747,My son's been acting strange and nodding off at dinner—I'm scared he might be messing with the big H.,off at,off at,is_multiword,0,7,7|8,1,1.9208982586860657,0,1.0,,,,,,,,,,,,,,,,,,,,,,,,,,,,,,,my son's been acting strange and nodding <mask> <mask> dinner-i'm scared he might be messing with the big h,▁off ▁at,2.0,0.0005046796987523,7.591586589813232,3.795793294906616,out after,0.0235226833972323,3.8417965173721313,1.9208982586860657,7.0,8.0,0.0,18.0,0.0,2.0
6750,"My husband lost so much weight and won't eat, I think he's hooked on bob white.",so much,so much,is_multiword,0,3,3|4,1,0.7554626166820526,1,1.0,,,,,,,,,,,,,,,,,,,,,,,,,,,,,,,my husband lost <mask> <mask> weight and won't eat i think he's hooked on bob white,▁so ▁much,2.0,0.0162088426466303,4.1221983432769775,2.0610991716384888,a kg,0.0734409857738921,1.5109252333641052,0.7554626166820526,3.0,4.0,0.0,15.0,0.0,2.0
6750,"My husband lost so much weight and won't eat, I think he's hooked on bob white.",won't eat,won't eat,is_multiword,0,7,7|8,1,4.420370131731033,1,1.0,,,,,,,,,,,,,,,,,,,,,,,,,,,,,,,my husband lost so much weight and <mask> <mask> <mask> <mask> i think he's hooked on bob white,▁won ' t ▁eat,4.0,3.750052378509798e-12,26.30925130844116,6.5773128271102905,he so it and,0.0001790633719538,17.681480526924133,4.420370131731033,7.0,8.0,0.0,15.0,0.0,2.0
6753,"My son's been acting real strange lately, talking nonstop and not sleeping—could it be from that redneck cocaine stuff his friends got him into?",real strange,real strange,is_multiword,0,4,4|5,1,4.244720697402954,0,1.0,,,,,,,,,,,,,,,,,,,,,,,,,,,,,,,my son's been acting <mask> <mask> lately talking nonstop and not sleeping-could it be from that redneck cocaine stuff his friends got him into,▁real ▁strange,2.0,8.569838824538056e-07,13.969846725463867,6.984923362731934,pretty bad,0.0041676400832038,8.489441394805908,4.244720697402954,4.0,5.0,0.0,23.0,0.0,2.0
6757,I'm here about my son—we found canned stuff in his room and he's been throwing up and barely talking to us.,throwing up,throwing up,is_multiword,0,15,15|16,1,1.2204760909080503,0,1.0,,,,,,,,,,,,,,,,,,,,,,,,,,,,,,,i'm here about my son-we found canned stuff in his room and he's been throwing <mask> <mask> barely talking to us,▁up ▁and,2.0,0.010947550063891,4.514639586210251,2.257319793105125,it and,0.1257213405165884,2.440952181816101,1.2204760909080503,15.0,16.0,0.0,20.0,0.0,2.0
