sentence_id,sentence,candidate,cand_norm,cand_type,is_gold,token_pos,component_token_positions,mt_pred,lg_score,lg_pred,mt_score,is_named_entity,gold_terms,source_dataset,term_type,spanish_sentence,spanish_back_to_english_sentence,spanish_best_back_translation_word,spanish_fuzz_ratio,spanish_specialized,spanish_term_failed_to_translate,arabic_sentence,arabic_back_to_english_sentence,arabic_best_back_translation_word,arabic_fuzz_ratio,arabic_specialized,arabic_term_failed_to_translate,chinese_sentence,chinese_back_to_english_sentence,chinese_best_back_translation_word,chinese_fuzz_ratio,chinese_specialized,chinese_term_failed_to_translate,japanese_sentence,japanese_back_to_english_sentence,japanese_best_back_translation_word,japanese_fuzz_ratio,japanese_specialized,japanese_term_failed_to_translate,specialized_votes,normal_votes,masked sentence,subwords,number of subwords,candidate probability,candidate surprise,candidate avg surprise,top token,top token probability,gap,average gap,start word index,end word index,window start word index,window end word index,windowed_context,number of words
0,"Doctor, I keep having to bender-over from the pain in my gut, and it's been going on for three days now.",keep having,keep having,is_multiword,0,2,2|3,1,3.232812941074372,1,1.0,,,,,,,,,,,,,,,,,,,,,,,,,,,,,,,doctor i <mask> <mask> to bender-over from the pain in my gut and it's been going on for three days now,▁keep ▁having,2.0,0.0001451180707538,8.837962865829468,4.418981432914734,am trying,0.093262518419698,6.465625882148743,3.232812941074372,2.0,3.0,0.0,20.0,0.0,2.0
0,"Doctor, I keep having to bender-over from the pain in my gut, and it's been going on for three days now.",going on,going on,is_multiword,0,15,15|16,1,0.882692277431488,1,1.0,,,,,,,,,,,,,,,,,,,,,,,,,,,,,,,doctor i keep having to bender-over from the pain in my gut and it's been <mask> <mask> for three days now,▁going ▁on,2.0,0.0037842930335182,5.576896190643311,2.7884480953216557,going ing,0.0221147242692785,1.765384554862976,0.882692277431488,15.0,16.0,0.0,20.0,0.0,2.0
5,"Doctor, my son has been complaining of the mulligrubs for the past two days and can't keep any food down.",any food,any food,is_multiword,0,17,17|18,1,4.818267971277237,1,1.0,,,,,,,,,,,,,,,,,,,,,,,,,,,,,,,doctor my son has been complaining of the mulligrubs for the past two days and can't keep <mask> <mask> down,▁any ▁food,2.0,4.378091298824782e-06,12.338897705078123,6.169448852539063,his head,0.0670469765644688,9.636535942554474,4.818267971277237,17.0,18.0,0.0,19.0,0.0,2.0
5,"Doctor, my son has been complaining of the mulligrubs for the past two days and can't keep any food down.",any food down,any food down,is_multiword,0,17,17|18|19,1,4.107032775878906,0,1.0,,,,,,,,,,,,,,,,,,,,,,,,,,,,,,,doctor my son has been complaining of the mulligrubs for the past two days and can't keep <mask> <mask> <mask>,▁any ▁food ▁down,3.0,1.5156431845453686e-08,18.004840850830078,6.001613616943359,it ing .,0.0034008069979229,12.32109832763672,4.107032775878906,17.0,19.0,0.0,19.0,0.0,3.0
5,"Doctor, my son has been complaining of the mulligrubs for the past two days and can't keep any food down.",food down,food down,is_multiword,0,18,18|19,1,4.778186798095703,0,1.0,,,,,,,,,,,,,,,,,,,,,,,,,,,,,,,doctor my son has been complaining of the mulligrubs for the past two days and can't keep any <mask> <mask>,▁food ▁down,2.0,3.654838065196034e-06,12.519458770751951,6.259729385375977,. .,0.0516592931283424,9.556373596191406,4.778186798095703,18.0,19.0,0.0,19.0,0.0,2.0
6,"Doctor, my son keeps crying and pointing to his tummy—I think he's got a misery in breadbox after eating that spicy snack.",he's got,he's got,is_multiword,0,12,12|13,1,2.756240725517273,0,1.0,,,,,,,,,,,,,,,,,,,,,,,,,,,,,,,doctor my son keeps crying and pointing to his tummy-i think he's <mask> <mask> misery in breadbox after eating that spicy snack,▁got ▁a,2.0,0.0002169651945496,8.435773611068726,4.217886805534363,in in,0.0537564209252733,5.512481451034546,2.756240725517273,12.0,13.0,0.0,21.0,0.0,2.0
6,"Doctor, my son keeps crying and pointing to his tummy—I think he's got a misery in breadbox after eating that spicy snack.",misery in,misery in,is_multiword,0,15,15|16,1,5.835760871569316,0,1.0,,,,,,,,,,,,,,,,,,,,,,,,,,,,,,,doctor my son keeps crying and pointing to his tummy-i think he's got a misery <mask> <mask> <mask> after eating that spicy snack,▁in ▁bread box,3.0,9.599664725452999e-11,23.066707849502563,7.6889026165008545,in his stomach,0.0038509891762203,17.507282614707947,5.835760871569316,15.0,16.0,0.0,21.0,0.0,2.0
6,"Doctor, my son keeps crying and pointing to his tummy—I think he's got a misery in breadbox after eating that spicy snack.",misery in breadbox,misery in breadbox,is_multiword,1,15,15|16|17,1,5.3320198357105255,0,1.0,,,,,,,,,,,,,,,,,,,,,,,,,,,,,,,doctor my son keeps crying and pointing to his tummy-i think he's got a misery <mask> <mask> <mask> <mask> eating that spicy snack,▁in ▁bread box ▁after,4.0,1.8243617606151665e-13,29.33237600326538,7.333094000816345,and he ' s,0.0003340243510121,21.328079342842106,5.3320198357105255,15.0,17.0,0.0,21.0,0.0,3.0
6,"Doctor, my son keeps crying and pointing to his tummy—I think he's got a misery in breadbox after eating that spicy snack.",in breadbox,in breadbox,is_multiword,0,16,16|17,1,6.2536888519922895,0,1.0,,,,,,,,,,,,,,,,,,,,,,,,,,,,,,,doctor my son keeps crying and pointing to his tummy-i think he's got a misery in <mask> <mask> <mask> eating that spicy snack,▁bread box ▁after,3.0,1.124913582884692e-10,22.90814471244812,7.636048237482707,the head after,0.0158105450004804,18.761066555976868,6.2536888519922895,16.0,17.0,0.0,21.0,0.0,2.0
10,"""I’m here because I’ve got a pain in the sawdust that won’t quit, and it’s worse when I try to eat anything.""",I’ve got,i've got,is_multiword,0,3,3|4,1,0.1507606506347656,1,1.0,,,,,,,,,,,,,,,,,,,,,,,,,,,,,,,i'm here because <mask> <mask> <mask> <mask> a pain in the sawdust that won't quit and it's worse when i try to eat anything,▁i ' ve ▁got,4.0,0.0223607266620771,3.800449132919312,0.950112283229828,i ' ve have,0.0408680567196213,0.6030426025390625,0.1507606506347656,3.0,4.0,0.0,21.0,0.0,2.0
10,"""I’m here because I’ve got a pain in the sawdust that won’t quit, and it’s worse when I try to eat anything.""",won’t quit,won't quit,is_multiword,0,11,11|12,1,3.6995025634765626,0,1.0,,,,,,,,,,,,,,,,,,,,,,,,,,,,,,,i'm here because i've got a pain in the sawdust that <mask> <mask> <mask> <mask> <mask> and it's worse when i try to eat anything,▁won ' t ▁qui t,5.0,2.338379758809353e-13,29.084147930145264,5.816829586029053,"' s s to ,",2.5251244590053814e-05,18.49751281738281,3.6995025634765626,11.0,12.0,0.0,21.0,0.0,2.0
11,"""I came in because these collywobbles keep hitting me after I eat, and it's worse than just a normal bellyache.""",collywobbles keep,collywobbles keep,is_multiword,0,5,5|6,1,7.383528113365173,0,1.0,,,,,,,,,,,,,,,,,,,,,,,,,,,,,,,i came in because these <mask> <mask> <mask> <mask> <mask> hitting me after i eat and it's worse than just a normal bellyache,▁coll yw ob bles ▁keep,5.0,1.874895114676911e-21,47.7257342338562,9.54514684677124,bell s s s s,2.0235062983682677e-05,36.91764056682587,7.383528113365173,5.0,6.0,0.0,19.0,0.0,2.0
13,"I’ve been having this terrible belly-grunting for two days now, and it gets worse after I eat anything.",terrible belly-grunting,terrible belly-grunting,is_multiword,0,4,4|5,1,5.690745830535889,0,1.0,,,,,,,,,,,,,,,,,,,,,,,,,,,,,,,i've been having this <mask> <mask> <mask> <mask> <mask> <mask> for two days now and it gets worse after i eat anything,▁terrible ▁be lly - gr unting,6.0,6.999738529695389e-22,48.71099925041199,8.118499875068665,problem i i i i it,4.718879530268918e-07,34.14447498321533,5.690745830535889,4.0,5.0,0.0,17.0,0.0,2.0
16,My son keeps crying and pointing to his tummy—this hubbub started last night and he hasn't kept any food down.,kept any,kept any,is_multiword,0,17,17|18,1,7.477048754692078,1,1.0,,,,,,,,,,,,,,,,,,,,,,,,,,,,,,,my son keeps crying and pointing to his tummy-this hubbub started last night and he hasn't kept <mask> <mask> down,▁any ▁food,2.0,2.5487884911657712e-08,17.48506259918213,8.742531299591064,calm ing,0.0795821792633111,14.954097509384155,7.477048754692078,17.0,18.0,0.0,19.0,0.0,2.0
16,My son keeps crying and pointing to his tummy—this hubbub started last night and he hasn't kept any food down.,kept any food,kept any food,is_multiword,0,17,17|18|19,1,5.295655568440755,0,1.0,,,,,,,,,,,,,,,,,,,,,,,,,,,,,,,my son keeps crying and pointing to his tummy-this hubbub started last night and he hasn't kept <mask> <mask> <mask>,▁any ▁food ▁down,3.0,6.695850354084925e-10,21.12436294555664,7.041454315185547,coming ing .,0.0053140754136885,15.886966705322266,5.295655568440755,17.0,19.0,0.0,19.0,0.0,3.0
16,My son keeps crying and pointing to his tummy—this hubbub started last night and he hasn't kept any food down.,kept any food down,kept any food down,is_multiword,0,17,,1,,0,1.0,,,,,,,,,,,,,,,,,,,,,,,,,,,,,,,,,,,,,,,,,,,,,,
16,My son keeps crying and pointing to his tummy—this hubbub started last night and he hasn't kept any food down.,any food,any food,is_multiword,0,18,18|19,1,4.901515901088715,0,1.0,,,,,,,,,,,,,,,,,,,,,,,,,,,,,,,my son keeps crying and pointing to his tummy-this hubbub started last night and he hasn't kept any <mask> <mask>,▁food ▁down,2.0,1.4091757915911836e-06,13.472505569458008,6.736252784729004,more .,0.0254898800268443,9.80303180217743,4.901515901088715,18.0,19.0,0.0,19.0,0.0,2.0
16,My son keeps crying and pointing to his tummy—this hubbub started last night and he hasn't kept any food down.,any food down,any food down,is_multiword,0,18,,1,,0,1.0,,,,,,,,,,,,,,,,,,,,,,,,,,,,,,,,,,,,,,,,,,,,,,
16,My son keeps crying and pointing to his tummy—this hubbub started last night and he hasn't kept any food down.,food down,food down,is_multiword,0,19,,1,,0,1.0,,,,,,,,,,,,,,,,,,,,,,,,,,,,,,,,,,,,,,,,,,,,,,
17,"Doctor, my son has been complaining about benders for the past three days and can't keep any food down.",about benders,about benders,is_multiword,0,6,6|7,1,5.8029327392578125,0,1.0,,,,,,,,,,,,,,,,,,,,,,,,,,,,,,,doctor my son has been complaining <mask> <mask> <mask> for the past three days and can't keep any food down,▁about ▁ben ders,3.0,1.6635265570564251e-10,22.516911149024963,7.505637049674988,about his s,0.0060474841811429,17.408798217773438,5.8029327392578125,6.0,7.0,0.0,18.0,0.0,2.0
18,"My husband keeps getting these sharp benders after meals, and it's been going on for over a week now.",keeps getting,keeps getting,is_multiword,0,2,2|3,1,2.042574644088745,0,1.0,,,,,,,,,,,,,,,,,,,,,,,,,,,,,,,my husband <mask> <mask> <mask> these sharp benders after meals and it's been going on for over a week now,▁keep s ▁getting,3.0,6.818157865338702e-06,11.895921230316162,3.965307076772054,is to of,0.0031253865793585,6.127723932266235,2.042574644088745,2.0,3.0,0.0,18.0,0.0,2.0
21,"""Doc, I've been having this awful 'stomach revolution' for two days now—it's like my insides are staging a coup right under my ribs.""",awful stomach,awful stomach,is_multiword,0,5,5|6,1,4.145074168841044,0,1.0,,,,,,,,,,,,,,,,,,,,,,,,,,,,,,,doc i've been having this <mask> <mask> <mask> <mask> <mask> <mask> revolution' for two days now-it's like my insides are staging a coup right under my ribs,▁a w ful ▁' sto mach,6.0,6.015013819781053e-17,37.34968793392181,6.224947988986969,' of ' ' ' the,3.8048160166223855e-06,24.870445013046265,4.145074168841044,5.0,6.0,0.0,22.0,0.0,2.0
23,"Doctor, I've had this nagging pain in the puku right here for two days and it gets worse after I eat anything greasy.",puku right,puku right,is_multiword,0,8,8|9,1,6.501275380452474,0,1.0,,,,,,,,,,,,,,,,,,,,,,,,,,,,,,,doctor i've had this nagging pain in the <mask> <mask> <mask> here for two days and it gets worse after i eat anything greasy,▁pu ku ▁right,3.0,2.7969973266301317e-11,24.29988956451416,8.099963188171387,stomach i been,0.0082622079311379,19.503826141357425,6.501275380452474,8.0,9.0,0.0,22.0,0.0,2.0
25,"Doctor, my little boy keeps crying and holding his tummy—I think he's got the wiffle-woffles.",boy keeps,boy keeps,is_multiword,0,3,3|4,1,0.7908782958984375,0,1.0,,,,,,,,,,,,,,,,,,,,,,,,,,,,,,,doctor my little <mask> <mask> <mask> crying and holding his tummy-i think he's got the wiffle-woffles,▁boy ▁keep s,3.0,0.001898705565608,6.266582906246185,2.0888609687487283,guy is s,0.020364786562292,2.3726348876953125,0.7908782958984375,3.0,4.0,0.0,14.0,0.0,2.0
26,"My wife has been doubled over with the wiffle-woffles all morning, and she can't keep anything down.",doubled over,doubled over,is_multiword,0,4,4|5,1,4.93173082669576,0,1.0,,,,,,,,,,,,,,,,,,,,,,,,,,,,,,,my wife has been <mask> <mask> <mask> with the wiffle-woffles all morning and she can't keep anything down,▁double d ▁over,3.0,1.2221484296645115e-10,22.82524061203003,7.608413537343343,in ing up,0.0003255325400297,14.79519248008728,4.93173082669576,4.0,5.0,0.0,16.0,0.0,2.0
26,"My wife has been doubled over with the wiffle-woffles all morning, and she can't keep anything down.",doubled over with,doubled over with,is_multiword,0,4,4|5|6,1,3.8848313689231873,0,1.0,,,,,,,,,,,,,,,,,,,,,,,,,,,,,,,my wife has been <mask> <mask> <mask> <mask> the wiffle-woffles all morning and she can't keep anything down,▁double d ▁over ▁with,4.0,1.1033596031243724e-11,25.2300763130188,6.3075190782547,a to to all,6.185294547844707e-05,15.539325475692747,3.8848313689231873,4.0,6.0,0.0,16.0,0.0,3.0
26,"My wife has been doubled over with the wiffle-woffles all morning, and she can't keep anything down.",over with,over with,is_multiword,0,5,5|6,1,2.159213900566101,0,1.0,,,,,,,,,,,,,,,,,,,,,,,,,,,,,,,my wife has been doubled <mask> <mask> the wiffle-woffles all morning and she can't keep anything down,▁over ▁with,2.0,0.0012706523975468,6.668224811553955,3.334112405776977,up all,0.0953885231265306,4.318427801132202,2.159213900566101,5.0,6.0,0.0,16.0,0.0,2.0
31,"""I’m scared I messed up trying to pick a lock—there’s this awful smell and pain down there, and I’m bleeding real bad.""",messed up,messed up,is_multiword,0,3,3|4,1,9.93779854476452,1,1.0,,,,,,,,,,,,,,,,,,,,,,,,,,,,,,,i'm scared i <mask> <mask> <mask> trying to pick a lock-there's this awful smell and pain down there and i'm bleeding real bad,▁mes sed ▁up,3.0,3.4240025211154856e-14,31.00538110733032,10.335127035776772,' m m,0.3036178401888382,29.81339563429356,9.93779854476452,3.0,4.0,0.0,21.0,0.0,2.0
31,"""I’m scared I messed up trying to pick a lock—there’s this awful smell and pain down there, and I’m bleeding real bad.""",this awful,this awful,is_multiword,0,11,11|12,1,3.8511618971824646,1,1.0,,,,,,,,,,,,,,,,,,,,,,,,,,,,,,,i'm scared i messed up trying to pick a lock-there's this <mask> <mask> <mask> <mask> and pain down there and i'm bleeding real bad,▁a w ful ▁smell,4.0,7.692894853049554e-11,23.28813886642456,5.82203471660614,kind of of s,0.0003769148426129,15.404647588729858,3.8511618971824646,11.0,12.0,0.0,21.0,0.0,2.0
32,"""Doc, I think I tried to pick a lock myself a few days back, and now I’ve got this fever and chills that won’t quit.""",I’ve got,i've got,is_multiword,0,16,16|17,1,0.7303113639354706,1,1.0,,,,,,,,,,,,,,,,,,,,,,,,,,,,,,,doc i think i tried to pick a lock myself a few days back and now <mask> <mask> <mask> <mask> this fever and chills that won't quit,▁i ' ve ▁got,4.0,0.0001899217619154,8.568898350000381,2.142224587500096,i ' back with,0.0035257824551485,2.9212454557418823,0.7303113639354706,16.0,17.0,0.0,24.0,0.0,2.0
33,"""Doctor, I had a 'lock picker' done a few days ago, and now I'm running a fever and feeling real bad down there.""",I'm running,i'm running,is_multiword,0,13,13|14,1,1.5398339927196505,0,1.0,,,,,,,,,,,,,,,,,,,,,,,,,,,,,,,doctor i had a 'lock picker' done a few days ago and now <mask> <mask> <mask> <mask> a fever and feeling real bad down there,▁i ' m ▁running,4.0,3.4423094315173047e-06,12.579367965459824,3.144841991364956,i ' to having,0.0016286041274476,6.159335970878601,1.5398339927196505,13.0,14.0,0.0,22.0,0.0,2.0
33,"""Doctor, I had a 'lock picker' done a few days ago, and now I'm running a fever and feeling real bad down there.""",feeling real,feeling real,is_multiword,0,18,18|19,1,1.845018446445465,0,1.0,,,,,,,,,,,,,,,,,,,,,,,,,,,,,,,doctor i had a 'lock picker' done a few days ago and now i'm running a fever and <mask> <mask> bad down there,▁feeling ▁real,2.0,0.0005814712512912,7.449949026107788,3.724974513053894,feeling feel,0.0232857863321477,3.69003689289093,1.845018446445465,18.0,19.0,0.0,22.0,0.0,2.0
35,"Doctor, my daughter came to me crying last night and admitted she'd tried to end a pregnancy herself—I'm terrified she's got an abigail.",admitted she'd,admitted she'd,is_multiword,0,10,10|11,1,2.5144554138183595,0,1.0,,,,,,,,,,,,,,,,,,,,,,,,,,,,,,,doctor my daughter came to me crying last night and <mask> <mask> <mask> <mask> <mask> tried to end a pregnancy herself-i'm terrified she's got an abigail,▁admit ted ▁she ' d,5.0,1.500841508371829e-09,20.31723988056183,4.063447976112366,told ' she ' she,0.0004329177458205,12.572277069091797,2.5144554138183595,10.0,11.0,0.0,22.0,0.0,2.0
35,"Doctor, my daughter came to me crying last night and admitted she'd tried to end a pregnancy herself—I'm terrified she's got an abigail.",she's got,she's got,is_multiword,0,20,20|21,1,3.340438961982727,1,1.0,,,,,,,,,,,,,,,,,,,,,,,,,,,,,,,doctor my daughter came to me crying last night and admitted she'd tried to end a pregnancy herself-i'm terrified she's <mask> <mask> abigail,▁got ▁an,2.0,8.595868164294777e-06,11.664228916168211,5.832114458084106,still .,0.0068510661793259,6.680877923965454,3.340438961982727,20.0,21.0,0.0,22.0,0.0,2.0
42,"""I tried some herbs last week, but it didn’t work, so please just bring it away before I get worse.""",just bring,just bring,is_multiword,0,12,12|13,1,4.838142335414887,0,1.0,,,,,,,,,,,,,,,,,,,,,,,,,,,,,,,i tried some herbs last week but it didn't work so please <mask> <mask> it away before i get worse,▁just ▁bring,2.0,1.5531816709671554e-06,13.375205039978027,6.687602519989014, take,0.024750233166373,9.676284670829771,4.838142335414887,12.0,13.0,0.0,19.0,0.0,2.0
43,My daughter's been sick with a high fever and terrible cramps after she said she went to a clinic—could this be a scrape that's gone bad?,scrape that's,scrape that's,is_multiword,0,23,23|24,1,2.4203396439552307,0,1.0,,,,,,,,,,,,,,,,,,,,,,,,,,,,,,,my daughter's been sick with a high fever and terrible cramps after she said she went to a clinic-could this be a scrape <mask> <mask> <mask> <mask> bad,▁that ' s ▁gone,4.0,2.8561319988669197e-08,17.371212482452393,4.342803120613098,or she is so,0.000457444996534,9.681358575820925,2.4203396439552307,23.0,24.0,0.0,25.0,0.0,2.0
45,"""Doc, I went to a pin artist last week, and now I’ve got this fever and sharp pain down below—something’s really wrong.""",I’ve got,i've got,is_multiword,0,11,11|12,1,0.4064359664916992,1,1.0,,,,,,,,,,,,,,,,,,,,,,,,,,,,,,,doc i went to a pin artist last week and now <mask> <mask> <mask> <mask> this fever and sharp pain down below-something's really wrong,▁i ' ve ▁got,4.0,0.000734927163621,7.215739160776138,1.8039347901940344,i ' m with,0.0037350454387476,1.6257438659667969,0.4064359664916992,11.0,12.0,0.0,21.0,0.0,2.0
45,"""Doc, I went to a pin artist last week, and now I’ve got this fever and sharp pain down below—something’s really wrong.""",below something’s,below something's,is_multiword,0,19,19|20,1,4.373788050242832,1,1.0,,,,,,,,,,,,,,,,,,,,,,,,,,,,,,,doc i went to a pin artist last week and now i've got this fever and sharp pain down <mask> <mask> <mask> <mask> <mask> <mask> <mask> wrong,▁below - some thing ' s ▁really,7.0,1.0952663385299946e-19,43.65811920166016,6.236874171665737,my my i i what something something,2.1682225011735867e-06,30.61651635169983,4.373788050242832,19.0,20.0,0.0,21.0,0.0,2.0
46,"""I’m bleeding bad and feeling sick, doctor—I think that pin artist I saw didn’t do it clean, and I’m scared it’s gone septic.""",gone septic,gone septic,is_multiword,0,22,,1,,0,1.0,,,,,,,,,,,,,,,,,,,,,,,,,,,,,,,,,,,,,,,,,,,,,,
54,"My wife's been in agony with a high fever and chills, and she's scared it's a 'throw away belly' from the procedure she had last week.",throw away,throw away,is_multiword,0,16,16|17,1,3.986701041460037,0,1.0,,,,,,,,,,,,,,,,,,,,,,,,,,,,,,,my wife's been in agony with a high fever and chills and she's scared it's a <mask> <mask> <mask> <mask> belly' from the procedure she had last week,▁' th row ▁away,4.0,1.7220990043872208e-10,22.48230703175068,5.62057675793767,' ' ' the,0.0014509991862352,15.946804165840147,3.986701041460037,16.0,17.0,0.0,25.0,0.0,2.0
54,"My wife's been in agony with a high fever and chills, and she's scared it's a 'throw away belly' from the procedure she had last week.",throw away belly,throw away belly,is_multiword,1,16,16|17|18,1,4.62554270880563,0,1.0,,,,,,,,,,,,,,,,,,,,,,,,,,,,,,,my wife's been in agony with a high fever and chills and she's scared it's a <mask> <mask> <mask> <mask> <mask> <mask> <mask> from the procedure she had last week,▁' th row ▁away ▁be lly ',7.0,2.074191752030697e-23,52.22988557815552,7.461412225450788,cold of and ' ' her s,2.3921181302627237e-09,32.378798961639404,4.62554270880563,16.0,18.0,0.0,25.0,0.0,3.0
54,"My wife's been in agony with a high fever and chills, and she's scared it's a 'throw away belly' from the procedure she had last week.",throw away belly from,throw away belly from,is_multiword,0,16,16|17|18|19,1,3.8269921392202377,0,1.0,,,,,,,,,,,,,,,,,,,,,,,,,,,,,,,my wife's been in agony with a high fever and chills and she's scared it's a <mask> <mask> <mask> <mask> <mask> <mask> <mask> <mask> the procedure she had last week,▁' th row ▁away ▁be lly ' ▁from,8.0,1.1593448061156285e-23,52.8116021156311,6.601450264453888,cold of . ' ' ' to after,2.2937451722359418e-10,30.615937113761905,3.8269921392202377,16.0,19.0,0.0,25.0,0.0,4.0
54,"My wife's been in agony with a high fever and chills, and she's scared it's a 'throw away belly' from the procedure she had last week.",away belly,away belly,is_multiword,0,17,17|18,1,4.472887963056564,0,1.0,,,,,,,,,,,,,,,,,,,,,,,,,,,,,,,my wife's been in agony with a high fever and chills and she's scared it's a 'throw <mask> <mask> <mask> <mask> from the procedure she had last week,▁away ▁be lly ',4.0,8.608916083773367e-11,23.17563760280609,5.793909400701523,back ' ' ',0.0050716668376907,17.891551852226257,4.472887963056564,17.0,18.0,0.0,25.0,0.0,2.0
54,"My wife's been in agony with a high fever and chills, and she's scared it's a 'throw away belly' from the procedure she had last week.",away belly from,away belly from,is_multiword,0,17,17|18|19,1,4.485791802406311,0,1.0,,,,,,,,,,,,,,,,,,,,,,,,,,,,,,,my wife's been in agony with a high fever and chills and she's scared it's a 'throw <mask> <mask> <mask> <mask> <mask> the procedure she had last week,▁away ▁be lly ' ▁from,5.0,1.0414455076432705e-13,29.892996549606323,5.978599309921265,' ' ' ' after,0.0005733366238461,22.428959012031555,4.485791802406311,17.0,19.0,0.0,25.0,0.0,3.0
54,"My wife's been in agony with a high fever and chills, and she's scared it's a 'throw away belly' from the procedure she had last week.",belly from,belly from,is_multiword,0,18,18|19,1,5.897997938096523,1,1.0,,,,,,,,,,,,,,,,,,,,,,,,,,,,,,,my wife's been in agony with a high fever and chills and she's scared it's a 'throw away <mask> <mask> <mask> <mask> the procedure she had last week,▁be lly ' ▁from,4.0,3.3779833834174304e-13,28.71632730960846,7.179081827402115,' ' ' after,0.0059501695905201,23.591991752386093,5.897997938096523,18.0,19.0,0.0,25.0,0.0,2.0
55,"Doctor, I think I might have a 'throw away belly'—I've been bleeding and running a fever since I tried to end it myself.",throw away,throw away,is_multiword,0,7,7|8,1,5.117208451032639,0,1.0,,,,,,,,,,,,,,,,,,,,,,,,,,,,,,,doctor i think i might have a <mask> <mask> <mask> <mask> belly'-i've been bleeding and running a fever since i tried to end it myself,▁' th row ▁away,4.0,1.6331036828803628e-12,27.14053881168365,6.785134702920914,' ver in my,0.0012662379641588,20.468833804130558,5.117208451032639,7.0,8.0,0.0,22.0,0.0,2.0
55,"Doctor, I think I might have a 'throw away belly'—I've been bleeding and running a fever since I tried to end it myself.",throw away belly,throw away belly,is_multiword,1,7,7|8|9,1,4.378805046731776,0,1.0,,,,,,,,,,,,,,,,,,,,,,,,,,,,,,,doctor i think i might have a <mask> <mask> <mask> <mask> <mask> <mask> <mask> <mask> <mask> <mask> <mask> been bleeding and running a fever since i tried to end it myself,▁' th row ▁away ▁be lly ' - i ' ve,11.0,1.1736635612621044e-31,71.22000777721405,6.474546161564914,fe ver i i i i i i i i ve,9.73067979630245e-11,48.16685551404953,4.378805046731776,7.0,9.0,0.0,22.0,0.0,3.0
55,"Doctor, I think I might have a 'throw away belly'—I've been bleeding and running a fever since I tried to end it myself.",away belly,away belly,is_multiword,0,8,8|9,1,3.399027418345213,0,1.0,,,,,,,,,,,,,,,,,,,,,,,,,,,,,,,doctor i think i might have a 'throw <mask> <mask> <mask> <mask> <mask> <mask> <mask> <mask> been bleeding and running a fever since i tried to end it myself,▁away ▁be lly ' - i ' ve,8.0,2.5479641012820963e-18,40.511237025260925,5.063904628157616,' ' ' i i i i ve,1.6429491341808971e-06,27.192219346761703,3.399027418345213,8.0,9.0,0.0,22.0,0.0,2.0
56,"""Doctor, I think I've got that 'Appendicitis hospital' situation—I was bleeding bad and running a fever after I tried to take care of things myself.""",I've got,i've got,is_multiword,0,3,3|4,1,1.345714509487152,1,1.0,,,,,,,,,,,,,,,,,,,,,,,,,,,,,,,doctor i think <mask> <mask> <mask> <mask> that 'appendicitis hospital' situation-i was bleeding bad and running a fever after i tried to take care of things myself,▁i ' ve ▁got,4.0,3.820759636408937e-06,12.475061297416689,3.118765324354172,i ' to in,0.0008315631962876,5.382858037948608,1.345714509487152,3.0,4.0,0.0,24.0,0.0,2.0
58,"Doctor, I think I might need a fix up—I've been bleeding and running a fever since I tried to take care of things myself at home.",fix up,fix up,is_multiword,1,7,7|8,1,3.2992235173781714,0,1.0,,,,,,,,,,,,,,,,,,,,,,,,,,,,,,,doctor i think i might need a <mask> <mask> <mask> <mask> <mask> <mask> been bleeding and running a fever since i tried to take care of things myself at home,▁fix ▁up - i ' ve,6.0,4.246682345538746e-14,30.790053248405457,5.131675541400909,doctor for . i i ve,1.6790250890452155e-05,19.795341104269028,3.2992235173781714,7.0,8.0,0.0,25.0,0.0,2.0
59,"My daughter's been sick with a high fever and severe cramps after a procedure, and I'm scared she might need a fix up right away.",fix up,fix up,is_multiword,1,21,21|22,1,4.426809251308441,0,1.0,,,,,,,,,,,,,,,,,,,,,,,,,,,,,,,my daughter's been sick with a high fever and severe cramps after a procedure and i'm scared she might need a <mask> <mask> right away,▁fix ▁up,2.0,2.6843330215761663e-06,12.828078269958496,6.414039134979248,new surgery,0.018789449427529,8.853618502616882,4.426809251308441,21.0,22.0,0.0,24.0,0.0,2.0
59,"My daughter's been sick with a high fever and severe cramps after a procedure, and I'm scared she might need a fix up right away.",fix up right,fix up right,is_multiword,0,21,21|22|23,1,4.300833264986674,0,1.0,,,,,,,,,,,,,,,,,,,,,,,,,,,,,,,my daughter's been sick with a high fever and severe cramps after a procedure and i'm scared she might need a <mask> <mask> <mask> away,▁fix ▁up ▁right,3.0,1.150358919137492e-08,18.280606746673584,6.093535582224528,little to right,0.0046165530209825,12.902499794960022,4.300833264986674,21.0,23.0,0.0,24.0,0.0,3.0
59,"My daughter's been sick with a high fever and severe cramps after a procedure, and I'm scared she might need a fix up right away.",fix up right away,fix up right away,is_multiword,0,21,21|22|23|24,1,5.132668673992157,0,1.0,,,,,,,,,,,,,,,,,,,,,,,,,,,,,,,my daughter's been sick with a high fever and severe cramps after a procedure and i'm scared she might need a <mask> <mask> <mask> <mask>,▁fix ▁up ▁right ▁away,4.0,2.3071068756040133e-13,29.097611904144287,7.274402976036072,new of . .,0.0001902945908919,20.530674695968628,5.132668673992157,21.0,24.0,0.0,24.0,0.0,4.0
59,"My daughter's been sick with a high fever and severe cramps after a procedure, and I'm scared she might need a fix up right away.",up right,up right,is_multiword,0,22,22|23,1,2.654428482055664,0,1.0,,,,,,,,,,,,,,,,,,,,,,,,,,,,,,,my daughter's been sick with a high fever and severe cramps after a procedure and i'm scared she might need a fix <mask> <mask> away,▁up ▁right,2.0,0.0003190885859662,8.050041794776917,4.025020897388458,right right,0.064493887270879,5.308856964111328,2.654428482055664,22.0,23.0,0.0,24.0,0.0,2.0
59,"My daughter's been sick with a high fever and severe cramps after a procedure, and I'm scared she might need a fix up right away.",up right away,up right away,is_multiword,0,22,22|23|24,1,4.798782388369243,0,1.0,,,,,,,,,,,,,,,,,,,,,,,,,,,,,,,my daughter's been sick with a high fever and severe cramps after a procedure and i'm scared she might need a fix <mask> <mask> <mask>,▁up ▁right ▁away,3.0,3.311801534960464e-09,19.52577352523804,6.508591175079346,for it .,0.0059199554223068,14.396347165107729,4.798782388369243,22.0,24.0,0.0,24.0,0.0,3.0
59,"My daughter's been sick with a high fever and severe cramps after a procedure, and I'm scared she might need a fix up right away.",right away,right away,is_multiword,0,23,23|24,1,5.286478221416473,1,1.0,,,,,,,,,,,,,,,,,,,,,,,,,,,,,,,my daughter's been sick with a high fever and severe cramps after a procedure and i'm scared she might need a fix up <mask> <mask>,▁right ▁away,2.0,1.8922356560792497e-06,13.177751541137695,6.588875770568848,soon </s>,0.0739182816271588,10.572956442832949,5.286478221416473,23.0,24.0,0.0,24.0,0.0,2.0
62,"My husband has this swollen, red spot on his back that's throbbing nonstop; I'm worried it's a Conan Doyle from that old injury.",that's throbbing,that's throbbing,is_multiword,0,10,10|11,1,4.066816329956055,0,1.0,,,,,,,,,,,,,,,,,,,,,,,,,,,,,,,my husband has this swollen red spot on his back <mask> <mask> <mask> <mask> <mask> <mask> nonstop i'm worried it's a conan doyle from that old injury,▁that ' s ▁th rob bing,6.0,2.534725517000188e-17,38.21386122703552,6.368976871172587,and he he he on it,1.0025505578174751e-06,24.400897979736328,4.066816329956055,10.0,11.0,0.0,22.0,0.0,2.0
62,"My husband has this swollen, red spot on his back that's throbbing nonstop; I'm worried it's a Conan Doyle from that old injury.",that's throbbing nonstop,that's throbbing nonstop,is_multiword,0,10,10|11|12,1,5.379908546805382,0,1.0,,,,,,,,,,,,,,,,,,,,,,,,,,,,,,,my husband has this swollen red spot on his back <mask> <mask> <mask> <mask> <mask> <mask> <mask> <mask> i'm worried it's a conan doyle from that old injury,▁that ' s ▁th rob bing ▁non stop,8.0,4.5555183781898765e-29,65.25862836837769,8.15732854604721,and he ' s s the it and,2.2400337573654477e-10,43.039268374443054,5.379908546805382,10.0,12.0,0.0,22.0,0.0,3.0
62,"My husband has this swollen, red spot on his back that's throbbing nonstop; I'm worried it's a Conan Doyle from that old injury.",throbbing nonstop,throbbing nonstop,is_multiword,0,11,11|12,1,7.625601077079773,0,1.0,,,,,,,,,,,,,,,,,,,,,,,,,,,,,,,my husband has this swollen red spot on his back that's <mask> <mask> <mask> <mask> <mask> i'm worried it's a conan doyle from that old injury,▁th rob bing ▁non stop,5.0,2.9342615238502647e-23,51.88300132751465,10.37660026550293,"not a the , and",1.0623831250876455e-06,38.12800538539887,7.625601077079773,11.0,12.0,0.0,22.0,0.0,2.0
68,"My son keeps crying and pointing to his armpit—I think that red, swollen pluke needs to be looked at.",looked at,looked at,is_multiword,0,18,,1,,0,1.0,,,,,,,,,,,,,,,,,,,,,,,,,,,,,,,,,,,,,,,,,,,,,,
76,"Doctor, my son's face is covered in these red, angry jack bumps—could it be acne vulgaris like his father had?",jack bumps,jack bumps,is_multiword,1,10,10|11,1,5.447883061000279,0,1.0,,,,,,,,,,,,,,,,,,,,,,,,,,,,,,,doctor my son's face is covered in these red angry <mask> <mask> <mask> <mask> <mask> <mask> <mask> it be acne vulgaris like his father had,▁jack ▁bu mp s - co uld,7.0,4.075381503865987e-25,56.15966296195984,8.022808994565692,lines s s . . . could,1.4861653455688105e-08,38.13518142700195,5.447883061000279,10.0,11.0,0.0,19.0,0.0,2.0
77,I'm here for my daughter—she's been so self-conscious about the jack bumps on her chin and forehead.,jack bumps,jack bumps,is_multiword,1,11,11|12,1,2.95496928691864,0,1.0,,,,,,,,,,,,,,,,,,,,,,,,,,,,,,,i'm here for my daughter-she's been so self-conscious about the jack <mask> <mask> <mask> <mask> her chin and forehead,▁bu mp s ▁on,4.0,3.912747770350337e-09,19.359025955200195,4.839756488800049,- s s on,0.0005318501360158,11.81987714767456,2.95496928691864,11.0,12.0,0.0,16.0,0.0,2.0
78,"Doctor, my son's face is covered in acker—it's been getting worse since he started high school.",acker it's,acker it's,is_multiword,0,7,7|8,1,2.142935037612915,1,1.0,,,,,,,,,,,,,,,,,,,,,,,,,,,,,,,doctor my son's face is covered in <mask> <mask> <mask> <mask> <mask> <mask> <mask> getting worse since he started high school,▁a cker - it ' s ▁been,7.0,2.2337944093235468e-14,31.43248963356018,4.490355661937168, s </s> my his ' been,7.306295499406945e-08,15.000545263290403,2.142935037612915,7.0,8.0,0.0,15.0,0.0,2.0
78,"Doctor, my son's face is covered in acker—it's been getting worse since he started high school.",acker it's been,acker it's been,is_multiword,0,7,7|8|9,1,2.0515536963939667,0,1.0,,,,,,,,,,,,,,,,,,,,,,,,,,,,,,,doctor my son's face is covered in <mask> <mask> <mask> <mask> <mask> <mask> <mask> <mask> worse since he started high school,▁a cker - it ' s ▁been ▁getting,8.0,4.913035295518131e-17,37.55205464363098,4.694006830453873, s </s> and his ' has been,6.594433324517478e-10,16.412429571151733,2.0515536963939667,7.0,9.0,0.0,15.0,0.0,3.0
78,"Doctor, my son's face is covered in acker—it's been getting worse since he started high school.",acker it's been getting,acker it's been getting,is_multiword,0,7,7|8|9|10,1,2.688790718714396,0,1.0,,,,,,,,,,,,,,,,,,,,,,,,,,,,,,,doctor my son's face is covered in <mask> <mask> <mask> <mask> <mask> <mask> <mask> <mask> <mask> since he started high school,▁a cker - it ' s ▁been ▁getting ▁worse,9.0,4.2254177554186185e-22,49.21575391292572,5.468417101436192,white . . he he been been been s,1.3658795477287796e-11,24.199116468429565,2.688790718714396,7.0,10.0,0.0,15.0,0.0,4.0
78,"Doctor, my son's face is covered in acker—it's been getting worse since he started high school.",acker it's been getting worse,acker it's been getting worse,is_multiword,0,7,7|8|9|10|11,1,2.803819590806961,0,1.0,,,,,,,,,,,,,,,,,,,,,,,,,,,,,,,doctor my son's face is covered in <mask> <mask> <mask> <mask> <mask> <mask> <mask> <mask> <mask> <mask> he started high school,▁a cker - it ' s ▁been ▁getting ▁worse ▁since,10.0,2.62178447285311e-25,56.60077214241028,5.660077214241028,white . </s> </s> he he was the years when,3.939406094778363e-13,28.03819590806961,2.803819590806961,7.0,11.0,0.0,15.0,0.0,5.0
78,"Doctor, my son's face is covered in acker—it's been getting worse since he started high school.",it's been,it's been,is_multiword,0,8,8|9,1,0.3251514434814453,0,1.0,,,,,,,,,,,,,,,,,,,,,,,,,,,,,,,doctor my son's face is covered in acker-it's <mask> <mask> worse since he started high school,▁been ▁getting,2.0,0.0210391116654496,3.861372113227844,1.930686056613922,got much,0.0403134859816806,0.6503028869628906,0.3251514434814453,8.0,9.0,0.0,15.0,0.0,2.0
78,"Doctor, my son's face is covered in acker—it's been getting worse since he started high school.",it's been getting,it's been getting,is_multiword,0,8,8|9|10,1,1.8188717365264893,0,1.0,,,,,,,,,,,,,,,,,,,,,,,,,,,,,,,doctor my son's face is covered in acker-it's <mask> <mask> <mask> since he started high school,▁been ▁getting ▁worse,3.0,1.1178478145725625e-05,11.40152022242546,3.800506740808487,been a ed,0.0026191511222589,5.456615209579468,1.8188717365264893,8.0,10.0,0.0,15.0,0.0,3.0
78,"Doctor, my son's face is covered in acker—it's been getting worse since he started high school.",it's been getting worse,it's been getting worse,is_multiword,0,8,8|9|10|11,1,1.7462949752807615,0,1.0,,,,,,,,,,,,,,,,,,,,,,,,,,,,,,,doctor my son's face is covered in acker-it's <mask> <mask> <mask> <mask> he started high school,▁been ▁getting ▁worse ▁since,4.0,3.7786157009516335e-08,17.091323018074036,4.272830754518509,been the from since,4.082797225624161e-05,6.985179901123047,1.7462949752807615,8.0,11.0,0.0,15.0,0.0,4.0
78,"Doctor, my son's face is covered in acker—it's been getting worse since he started high school.",been getting,been getting,is_multiword,0,9,9|10,1,5.206552624702454,1,1.0,,,,,,,,,,,,,,,,,,,,,,,,,,,,,,,doctor my son's face is covered in acker-it's been <mask> <mask> since he started high school,▁getting ▁worse,2.0,2.367467889083389e-06,12.953689575195312,6.476844787597656,a years,0.0788203295805976,10.413105249404907,5.206552624702454,9.0,10.0,0.0,15.0,0.0,2.0
78,"Doctor, my son's face is covered in acker—it's been getting worse since he started high school.",been getting worse,been getting worse,is_multiword,0,9,9|10|11,1,4.42462142308553,0,1.0,,,,,,,,,,,,,,,,,,,,,,,,,,,,,,,doctor my son's face is covered in acker-it's been <mask> <mask> <mask> he started high school,▁getting ▁worse ▁since,3.0,1.6197721781371826e-07,15.63581014238298,5.21193671412766,a years since,0.0942366720629228,13.273864269256592,4.42462142308553,9.0,11.0,0.0,15.0,0.0,3.0
78,"Doctor, my son's face is covered in acker—it's been getting worse since he started high school.",getting worse,getting worse,is_multiword,0,10,10|11,1,0.0,0,1.0,,,,,,,,,,,,,,,,,,,,,,,,,,,,,,,doctor my son's face is covered in acker-it's been getting <mask> <mask> he started high school,▁worse ▁since,2.0,0.5928686665585162,0.5227823774330318,0.2613911887165159,worse since,0.5928686665585162,0.0,0.0,10.0,11.0,0.0,15.0,0.0,2.0
86,"My daughter keeps picking at her chin and forehead, and I'm worried it's pimgenet—could you take a look and tell us what to do?",it's pimgenet,it's pimgenet,is_multiword,0,12,12|13,1,4.974610865116119,0,1.0,,,,,,,,,,,,,,,,,,,,,,,,,,,,,,,my daughter keeps picking at her chin and forehead and i'm worried <mask> <mask> <mask> <mask> <mask> <mask> <mask> <mask> <mask> <mask> you take a look and tell us what to do,▁it ' s ▁pi m gen et - co uld,10.0,1.3448554207464583e-32,73.38643646240234,7.338643646240234,she she ' s . . . . </s> can,5.4092378865821205e-11,49.7461086511612,4.974610865116119,12.0,13.0,0.0,23.0,0.0,2.0
87,"Doctor, my teenage son's face is covered in what I think is pimgenet—these angry red bumps just won't clear up no matter what we try.",clear up,clear up,is_multiword,0,19,19|20,1,0.0,0,1.0,,,,,,,,,,,,,,,,,,,,,,,,,,,,,,,doctor my teenage son's face is covered in what i think is pimgenet-these angry red bumps just won't clear <mask> <mask> matter what we try,▁up ▁no,2.0,0.6171432044069461,0.4826541841030121,0.241327092051506,up no,0.6171432044069461,0.0,0.0,19.0,20.0,0.0,24.0,0.0,2.0
88,"Doctor, I think I'm coming down with a bad case of fruitcake—my face is covered in these red, angry bumps that won't go away.",coming down,coming down,is_multiword,0,4,4|5,1,1.8832473754882808,0,1.0,,,,,,,,,,,,,,,,,,,,,,,,,,,,,,,doctor i think i'm <mask> <mask> with a bad case of fruitcake-my face is covered in these red angry bumps that won't go away,▁coming ▁down,2.0,0.0002833726722649,8.168747663497925,4.084373831748962,just up,0.0122497112644108,3.7664947509765625,1.8832473754882808,4.0,5.0,0.0,23.0,0.0,2.0
91,"Doctor, my son's face is covered in these red bumps—I think he's got that louse bag thing that's been going around his school.",he's got,he's got,is_multiword,0,12,12|13,1,0.2373161315917968,1,1.0,,,,,,,,,,,,,,,,,,,,,,,,,,,,,,,doctor my son's face is covered in these red bumps-i think he's <mask> <mask> louse bag thing that's been going around his school,▁got ▁that,2.0,0.0576767312092837,2.8529014587402344,1.4264507293701172,got the,0.0927109031672896,0.4746322631835937,0.2373161315917968,12.0,13.0,0.0,22.0,0.0,2.0
93,"Doctor, my son has been really self-conscious about these barnacles on his face—they just won't clear up no matter what we try.",clear up,clear up,is_multiword,0,16,16|17,1,0.0,0,1.0,,,,,,,,,,,,,,,,,,,,,,,,,,,,,,,doctor my son has been really self-conscious about these barnacles on his face-they just won't clear <mask> <mask> matter what we try,▁up ▁no,2.0,0.4692456652545378,0.7566288411617279,0.3783144205808639,up no,0.4692456652545378,0.0,0.0,16.0,17.0,0.0,21.0,0.0,2.0
98,"""I’ve got this draining sinus on my cheek that keeps coming back, and my neighbor said it sounds like the Clyers she had after her tooth infection.""",draining sinus,draining sinus,is_multiword,0,3,3|4,1,6.72512674331665,0,1.0,,,,,,,,,,,,,,,,,,,,,,,,,,,,,,,i've got this <mask> <mask> <mask> on my cheek that keeps coming back and my neighbor said it sounds like the clyers she had after her tooth infection,▁dra ining ▁sinus,3.0,7.075475025160451e-13,27.97697162628174,9.32565720876058, oth rash,0.0004090834467976,20.17538022994995,6.72512674331665,3.0,4.0,0.0,26.0,0.0,2.0
100,"""Doctor, my tongue's been feeling so stiff and hard, I think it might be that 'wooden tongue' thing I heard about.""",tongue's been,tongue's been,is_multiword,0,2,2|3,1,0.5116584777832032,1,1.0,,,,,,,,,,,,,,,,,,,,,,,,,,,,,,,doctor my <mask> <mask> <mask> <mask> <mask> feeling so stiff and hard i think it might be that 'wooden tongue' thing i heard about,▁ton gue ' s ▁been,5.0,2.5846959075046294e-07,15.168487787246704,3.033697557449341,mouth is i i been,3.337810855566022e-06,2.558292388916016,0.5116584777832032,2.0,3.0,0.0,20.0,0.0,2.0
100,"""Doctor, my tongue's been feeling so stiff and hard, I think it might be that 'wooden tongue' thing I heard about.""",tongue's been feeling,tongue's been feeling,is_multiword,0,2,2|3|4,1,1.4820282856623332,0,1.0,,,,,,,,,,,,,,,,,,,,,,,,,,,,,,,doctor my <mask> <mask> <mask> <mask> <mask> <mask> so stiff and hard i think it might be that 'wooden tongue' thing i heard about,▁ton gue ' s ▁been ▁feeling,6.0,1.7939216992957247e-11,24.74403190612793,4.124005317687988,mouth is s s s is,1.305039696132537e-07,8.892169713973999,1.4820282856623332,2.0,4.0,0.0,20.0,0.0,3.0
100,"""Doctor, my tongue's been feeling so stiff and hard, I think it might be that 'wooden tongue' thing I heard about.""",been feeling,been feeling,is_multiword,0,3,3|4,1,1.6371535062789917,0,1.0,,,,,,,,,,,,,,,,,,,,,,,,,,,,,,,doctor my tongue's <mask> <mask> so stiff and hard i think it might be that 'wooden tongue' thing i heard about,▁been ▁feeling,2.0,0.0004145927976745,7.788213729858398,3.894106864929199,got is,0.0109555761236373,3.2743070125579834,1.6371535062789917,3.0,4.0,0.0,20.0,0.0,2.0
103,"Doctor, my son's voice has been cracking and squeaking for the past few months—I think he's going through the gosling patch and it's really embarrassing him at school.",gosling patch,gosling patch,is_multiword,1,20,20|21,1,2.6821480989456177,0,1.0,,,,,,,,,,,,,,,,,,,,,,,,,,,,,,,doctor my son's voice has been cracking and squeaking for the past few months-i think he's going through the gosling <mask> <mask> it's really embarrassing him at school,▁patch ▁and,2.0,0.0003305911008462,8.014628291130066,4.007314145565033,process and,0.0706277541657428,5.364296197891235,2.6821480989456177,20.0,21.0,0.0,27.0,0.0,2.0
106,"""Doctor, I'm 44 and just found out I'm pregnant—guess you could call this a late cackling of the hen, but I'm worried about the risks.""",cackling of,cackling of,is_multiword,0,16,16|17,1,0.0641117095947265,0,1.0,,,,,,,,,,,,,,,,,,,,,,,,,,,,,,,doctor i'm 44 and just found out i'm pregnant-guess you could call this a late cackling <mask> <mask> hen but i'm worried about the risks,▁of ▁the,2.0,0.0107482711179586,4.533010363578796,2.266505181789398,for the,0.0122187094021361,0.1282234191894531,0.0641117095947265,16.0,17.0,0.0,24.0,0.0,2.0
108,"Doctor, I'm forty-three and this is my first pregnancy—I guess you'd call it the late cackling of the hen, but I'm worried about the risks.",guess you'd,guess you'd,is_multiword,0,10,10|11,1,0.9215736240148544,1,1.0,,,,,,,,,,,,,,,,,,,,,,,,,,,,,,,doctor i'm forty-three and this is my first pregnancy-i guess <mask> <mask> <mask> <mask> it the late cackling of the hen but i'm worried about the risks,▁you ' d ▁call,4.0,0.0001466370701687,8.827549934387207,2.2068874835968018,i ' ll call,0.0058503403594527,3.6862944960594177,0.9215736240148544,10.0,11.0,0.0,24.0,0.0,2.0
119,"Doctor, I’m worried about my mother, she’s become such a bottle hound lately, drinking first thing in the morning and forgetting to eat.",bottle hound,bottle hound,is_multiword,1,10,10|11,1,5.00384521484375,0,1.0,,,,,,,,,,,,,,,,,,,,,,,,,,,,,,,doctor i'm worried about my mother she's become such a <mask> <mask> <mask> lately drinking first thing in the morning and forgetting to eat,▁bottle ▁ho und,3.0,2.695468496329806e-11,24.33686399459839,8.112287998199463, of er,8.913768598939515e-05,15.01153564453125,5.00384521484375,10.0,11.0,0.0,22.0,0.0,2.0
121,"Doctor, I think my husband might be a tanker—he’s been hiding bottles around the house and can’t seem to stop drinking even when he says he will.",seem to,seem to,is_multiword,0,18,18|19,1,0.0,0,1.0,,,,,,,,,,,,,,,,,,,,,,,,,,,,,,,doctor i think my husband might be a tanker-he's been hiding bottles around the house and can't seem <mask> <mask> drinking even when he says he will,▁to ▁stop,2.0,0.6244450770507203,0.4708919003605842,0.2354459501802921,to stop,0.6244450770507203,0.0,0.0,18.0,19.0,0.0,26.0,0.0,2.0
122,My husband's been acting like a bombo-basher lately—he's hiding bottles around the house and I'm worried his liver's giving out.,liver's giving,liver's giving,is_multiword,0,18,18|19,1,3.1212786436080933,0,1.0,,,,,,,,,,,,,,,,,,,,,,,,,,,,,,,my husband's been acting like a bombo-basher lately-he's hiding bottles around the house and i'm worried his liver's <mask> <mask>,▁giving ▁out,2.0,2.764423714706942e-05,10.496093273162842,5.248046636581421,going .,0.0142138848476043,6.2425572872161865,3.1212786436080933,18.0,19.0,0.0,19.0,0.0,2.0
124,"Doctor, I think my husband's got a bad case of 'colic—he's been hiding bottles around the house and can't go a day without a drink.",husband's got,husband's got,is_multiword,0,4,4|5,1,0.2871990501880646,0,1.0,,,,,,,,,,,,,,,,,,,,,,,,,,,,,,,doctor i think my <mask> <mask> <mask> <mask> a bad case of 'colic-he's been hiding bottles around the house and can't go a day without a drink,▁husband ' s ▁got,4.0,0.0004735644525681,7.655222535133362,1.9138056337833405,son ' s got,0.0014938085679537,1.1487962007522583,0.2871990501880646,4.0,5.0,0.0,24.0,0.0,2.0
126,"Doctor, I think I've caught the booze bug—I can't seem to go a day without a drink and it's starting to wreck my liver.",the booze,the booze,is_multiword,0,5,5|6,1,4.911487539609273,0,1.0,,,,,,,,,,,,,,,,,,,,,,,,,,,,,,,doctor i think i've caught <mask> <mask> <mask> bug-i can't seem to go a day without a drink and it's starting to wreck my liver,▁the ▁bo oze,3.0,1.2226124774629255e-08,18.21969079971313,6.073230266571045,a  liver,0.0306467646254255,14.73446261882782,4.911487539609273,5.0,6.0,0.0,23.0,0.0,2.0
126,"Doctor, I think I've caught the booze bug—I can't seem to go a day without a drink and it's starting to wreck my liver.",the booze bug,the booze bug,is_multiword,0,5,5|6|7,1,3.7072277516126633,0,1.0,,,,,,,,,,,,,,,,,,,,,,,,,,,,,,,doctor i think i've caught <mask> <mask> <mask> <mask> <mask> <mask> can't seem to go a day without a drink and it's starting to wreck my liver,▁the ▁bo oze ▁bug - i,6.0,2.093965032636243e-16,36.10230207443237,6.0170503457387285,a in a this and i,9.575043577218863e-07,22.24336650967598,3.7072277516126633,5.0,7.0,0.0,23.0,0.0,3.0
126,"Doctor, I think I've caught the booze bug—I can't seem to go a day without a drink and it's starting to wreck my liver.",booze bug,booze bug,is_multiword,1,6,6|7,1,4.352193447947502,0,1.0,,,,,,,,,,,,,,,,,,,,,,,,,,,,,,,doctor i think i've caught the <mask> <mask> <mask> <mask> <mask> can't seem to go a day without a drink and it's starting to wreck my liver,▁bo oze ▁bug - i,5.0,4.3790253997398926e-15,33.06195020675659,6.612390041351318,virus of i and i,1.23607680608604e-05,21.76096723973751,4.352193447947502,6.0,7.0,0.0,23.0,0.0,2.0
127,My husband's been hiding bottles around the house and getting shaky in the mornings—I'm worried he's got the booze bug.,getting shaky,getting shaky,is_multiword,0,9,9|10,1,3.3528048197428384,0,1.0,,,,,,,,,,,,,,,,,,,,,,,,,,,,,,,my husband's been hiding bottles around the house and <mask> <mask> <mask> in the mornings-i'm worried he's got the booze bug,▁getting ▁shak y,3.0,6.939985457345798e-09,18.785966157913208,6.261988719304402,he ing up,0.0001620587395422,10.058414459228516,3.3528048197428384,9.0,10.0,0.0,19.0,0.0,2.0
127,My husband's been hiding bottles around the house and getting shaky in the mornings—I'm worried he's got the booze bug.,he's got,he's got,is_multiword,0,16,16|17,1,0.3351211547851562,0,1.0,,,,,,,,,,,,,,,,,,,,,,,,,,,,,,,my husband's been hiding bottles around the house and getting shaky in the mornings-i'm worried he's <mask> <mask> booze bug,▁got ▁the,2.0,0.1370363565308705,1.98750901222229,0.993754506111145,got a,0.2678664609605453,0.6702423095703125,0.3351211547851562,16.0,17.0,0.0,19.0,0.0,2.0
127,My husband's been hiding bottles around the house and getting shaky in the mornings—I'm worried he's got the booze bug.,booze bug,booze bug,is_multiword,1,19,,1,,0,1.0,,,,,,,,,,,,,,,,,,,,,,,,,,,,,,,,,,,,,,,,,,,,,,
128,"My dad's been acting confused and shaky lately, and the nurses at his home say it's the booze stupe—he's been sneaking liquor into his room.",booze stupe,booze stupe,is_multiword,1,17,17|18,1,4.630130171775818,0,1.0,,,,,,,,,,,,,,,,,,,,,,,,,,,,,,,my dad's been acting confused and shaky lately and the nurses at his home say it's the <mask> <mask> <mask> <mask> <mask> <mask> <mask> <mask> been sneaking liquor into his room,▁bo oze ▁stup e - he ' s,8.0,4.864671789554178e-24,53.68004298210144,6.71000537276268,same of he and and he ' s,5.939821818609008e-08,37.04104137420654,4.630130171775818,17.0,18.0,0.0,24.0,0.0,2.0
129,"Doctor, I'm worried about my husband—he's been drinking heavily every night for years, and I think he's got that booze stupe; he can't even function without a drink in the morning.",booze stupe,booze stupe,is_multiword,1,20,20|21,1,5.969651460647583,0,1.0,,,,,,,,,,,,,,,,,,,,,,,,,,,,,,,doctor i'm worried about my husband-he's been drinking heavily every night for years and i think he's got that booze <mask> <mask> <mask> can't even function without a drink in the morning,▁stup e ▁he,3.0,2.382026249004473e-10,22.15789943933487,7.38596647977829,problem . he,0.0142792897972713,17.90895438194275,5.969651460647583,20.0,21.0,0.0,30.0,0.0,2.0
130,My son's been acting out in school and I think he's picking up alky habits from his friends—he's been coming home smelling of liquor.,acting out,acting out,is_multiword,0,3,3|4,1,2.2735966046651206,0,1.0,,,,,,,,,,,,,,,,,,,,,,,,,,,,,,,my son's been <mask> <mask> <mask> in school and i think he's picking up alky habits from his friends-he's been coming home smelling of liquor,▁ac ting ▁out,3.0,1.643150089923262e-07,15.621480464935305,5.2071601549784345,a a y,0.0001506290070969,6.820789813995361,2.2735966046651206,3.0,4.0,0.0,23.0,0.0,2.0
130,My son's been acting out in school and I think he's picking up alky habits from his friends—he's been coming home smelling of liquor.,acting out in,acting out in,is_multiword,0,3,3|4|5,1,2.099162995815277,0,1.0,,,,,,,,,,,,,,,,,,,,,,,,,,,,,,,my son's been <mask> <mask> <mask> <mask> school and i think he's picking up alky habits from his friends-he's been coming home smelling of liquor,▁ac ting ▁out ▁in,4.0,7.642073336946302e-09,18.6895968914032,4.6723992228508,a to to after,3.38712187658834e-05,8.396651983261108,2.099162995815277,3.0,5.0,0.0,23.0,0.0,3.0
130,My son's been acting out in school and I think he's picking up alky habits from his friends—he's been coming home smelling of liquor.,out in,out in,is_multiword,0,4,4|5,1,0.6682930588722229,0,1.0,,,,,,,,,,,,,,,,,,,,,,,,,,,,,,,my son's been acting <mask> <mask> school and i think he's picking up alky habits from his friends-he's been coming home smelling of liquor,▁out ▁in,2.0,0.0069478788548495,4.969318866729736,2.484659433364868,in high,0.0264438212530608,1.3365861177444458,0.6682930588722229,4.0,5.0,0.0,23.0,0.0,2.0
130,My son's been acting out in school and I think he's picking up alky habits from his friends—he's been coming home smelling of liquor.,he's picking,he's picking,is_multiword,0,10,10|11,1,0.0577011108398437,0,1.0,,,,,,,,,,,,,,,,,,,,,,,,,,,,,,,my son's been acting out in school and i think <mask> <mask> <mask> <mask> <mask> up alky habits from his friends-he's been coming home smelling of liquor,▁he ' s ▁pick ing,5.0,0.0176033714656031,4.039664834737778,0.8079329669475556,he ' s pick picked,0.0234904979879406,0.2885055541992187,0.0577011108398437,10.0,11.0,0.0,23.0,0.0,2.0
130,My son's been acting out in school and I think he's picking up alky habits from his friends—he's been coming home smelling of liquor.,he's picking up,he's picking up,is_multiword,0,10,10|11|12,1,1.6254634658495586,0,1.0,,,,,,,,,,,,,,,,,,,,,,,,,,,,,,,my son's been acting out in school and i think <mask> <mask> <mask> <mask> <mask> <mask> alky habits from his friends-he's been coming home smelling of liquor,▁he ' s ▁pick ing ▁up,6.0,2.823235148375184e-08,17.382797300815582,2.897132883469264,he ' s been getting some,0.0004856528422252,9.752780795097353,1.6254634658495586,10.0,12.0,0.0,23.0,0.0,3.0
130,My son's been acting out in school and I think he's picking up alky habits from his friends—he's been coming home smelling of liquor.,he's picking up alky,he's picking up alky,is_multiword,0,10,10|11|12|13,1,2.5364303588867188,0,1.0,,,,,,,,,,,,,,,,,,,,,,,,,,,,,,,my son's been acting out in school and i think <mask> <mask> <mask> <mask> <mask> <mask> <mask> <mask> habits from his friends-he's been coming home smelling of liquor,▁he ' s ▁pick ing ▁up ▁al ky,8.0,4.944899146426262e-16,35.24300491809845,4.405375614762306,he ' s been a his of bad,3.2108432712103745e-07,20.29144287109375,2.5364303588867188,10.0,13.0,0.0,23.0,0.0,4.0
130,My son's been acting out in school and I think he's picking up alky habits from his friends—he's been coming home smelling of liquor.,picking up,picking up,is_multiword,0,11,11|12,1,4.141619324684143,1,1.0,,,,,,,,,,,,,,,,,,,,,,,,,,,,,,,my son's been acting out in school and i think he's <mask> <mask> <mask> alky habits from his friends-he's been coming home smelling of liquor,▁pick ing ▁up,3.0,4.4345932317275815e-08,16.93124485015869,5.643748283386231,been getting some,0.0110382708522058,12.42485797405243,4.141619324684143,11.0,12.0,0.0,23.0,0.0,2.0
130,My son's been acting out in school and I think he's picking up alky habits from his friends—he's been coming home smelling of liquor.,picking up alky,picking up alky,is_multiword,0,11,11|12|13,1,4.619827294349671,0,1.0,,,,,,,,,,,,,,,,,,,,,,,,,,,,,,,my son's been acting out in school and i think he's <mask> <mask> <mask> <mask> <mask> habits from his friends-he's been coming home smelling of liquor,▁pick ing ▁up ▁al ky,5.0,2.791564041199752e-15,33.51217436790466,6.702434873580932,been a some of bad,3.0038282809839484e-05,23.099136471748352,4.619827294349671,11.0,13.0,0.0,23.0,0.0,3.0
130,My son's been acting out in school and I think he's picking up alky habits from his friends—he's been coming home smelling of liquor.,up alky,up alky,is_multiword,0,12,12|13,1,4.90746796131134,0,1.0,,,,,,,,,,,,,,,,,,,,,,,,,,,,,,,my son's been acting out in school and i think he's picking <mask> <mask> <mask> habits from his friends-he's been coming home smelling of liquor,▁up ▁al ky,3.0,2.176418007219532e-08,17.643000334501266,5.881000111500423,up his bad,0.053901528113608,14.72240388393402,4.90746796131134,12.0,13.0,0.0,23.0,0.0,2.0
131,"Doctor, I'm worried my husband might be an alky—he's been hiding bottles and can't seem to cut back on his drinking.",cut back,cut back,is_multiword,0,17,17|18,1,0.0,0,1.0,,,,,,,,,,,,,,,,,,,,,,,,,,,,,,,doctor i'm worried my husband might be an alky-he's been hiding bottles and can't seem to cut <mask> <mask> his drinking,▁back ▁on,2.0,0.0767242200402695,2.567537844181061,1.2837689220905304,back on,0.0767242200402695,0.0,0.0,17.0,18.0,0.0,20.0,0.0,2.0
131,"Doctor, I'm worried my husband might be an alky—he's been hiding bottles and can't seem to cut back on his drinking.",cut back on,cut back on,is_multiword,0,17,17|18|19,1,0.9831644694010416,1,1.0,,,,,,,,,,,,,,,,,,,,,,,,,,,,,,,doctor i'm worried my husband might be an alky-he's been hiding bottles and can't seem to cut <mask> <mask> <mask> drinking,▁back ▁on ▁his,3.0,0.0001282558477391,8.961483478546143,2.987161159515381,it out after,0.0024492092286457,2.949493408203125,0.9831644694010416,17.0,19.0,0.0,20.0,0.0,3.0
131,"Doctor, I'm worried my husband might be an alky—he's been hiding bottles and can't seem to cut back on his drinking.",back on,back on,is_multiword,0,18,18|19,1,0.0,0,1.0,,,,,,,,,,,,,,,,,,,,,,,,,,,,,,,doctor i'm worried my husband might be an alky-he's been hiding bottles and can't seem to cut back <mask> <mask> drinking,▁on ▁his,2.0,0.2639496096119805,1.331997066736221,0.6659985333681107,on his,0.2639496096119805,0.0,0.0,18.0,19.0,0.0,20.0,0.0,2.0
133,"Doctor, I'm worried my husband might be a dipso—he's been hiding bottles around the house and can't seem to stop drinking even when he says he will.",a dipso,a dipso,is_multiword,0,7,7|8,1,3.32717464864254,0,1.0,,,,,,,,,,,,,,,,,,,,,,,,,,,,,,,doctor i'm worried my husband might be <mask> <mask> <mask> <mask> <mask> <mask> <mask> <mask> been hiding bottles around the house and can't seem to stop drinking even when he says he will,▁a ▁di ps o - he ' s,8.0,2.693805142650476e-19,42.75816202163696,5.34477025270462,getting ing with . . he ' s,9.775858337269316e-08,26.61739718914032,3.32717464864254,7.0,8.0,0.0,26.0,0.0,2.0
134,"Doctor, I think my husband's turned into a real brewhound—he's hiding bottles around the house and can't seem to stop shaking in the mornings.",brewhound he's,brewhound he's,is_multiword,0,9,9|10,1,4.233690357208252,0,1.0,,,,,,,,,,,,,,,,,,,,,,,,,,,,,,,doctor i think my husband's turned into a real <mask> <mask> <mask> <mask> <mask> <mask> <mask> <mask> <mask> <mask> bottles around the house and can't seem to stop shaking in the mornings,▁ brew ho und - he ' s ▁hi ding,10.0,6.348887984513352e-31,69.53185820579529,6.953185820579529, . he he he s s a of of,1.5466116134985465e-12,42.33690357208252,4.233690357208252,9.0,10.0,0.0,23.0,0.0,2.0
136,"Doctor, I think my husband's been hitting the canteen pretty hard lately—he's been shaky in the mornings and can't seem to stop.",canteen pretty,canteen pretty,is_multiword,0,8,8|9,1,4.973163604736328,0,1.0,,,,,,,,,,,,,,,,,,,,,,,,,,,,,,,doctor i think my husband's been hitting the <mask> <mask> <mask> hard lately-he's been shaky in the mornings and can't seem to stop,▁can teen ▁pretty,3.0,7.907477139192755e-10,20.95804214477539,6.986014048258464, s really,0.0023850115054476,14.919490814208984,4.973163604736328,8.0,9.0,0.0,21.0,0.0,2.0
136,"Doctor, I think my husband's been hitting the canteen pretty hard lately—he's been shaky in the mornings and can't seem to stop.",canteen pretty hard,canteen pretty hard,is_multiword,0,8,8|9|10,1,4.806751132011414,0,1.0,,,,,,,,,,,,,,,,,,,,,,,,,,,,,,,doctor i think my husband's been hitting the <mask> <mask> <mask> <mask> lately-he's been shaky in the mornings and can't seem to stop,▁can teen ▁pretty ▁hard,4.0,1.5064990233374334e-13,29.523817777633667,7.380954444408417,hard of of s,3.374044642561312e-05,19.22700452804565,4.806751132011414,8.0,10.0,0.0,21.0,0.0,3.0
136,"Doctor, I think my husband's been hitting the canteen pretty hard lately—he's been shaky in the mornings and can't seem to stop.",pretty hard,pretty hard,is_multiword,0,9,9|10,1,2.5412617921829224,1,1.0,,,,,,,,,,,,,,,,,,,,,,,,,,,,,,,doctor i think my husband's been hitting the canteen <mask> <mask> lately-he's been shaky in the mornings and can't seem to stop,▁pretty ▁hard,2.0,5.4867319969175614e-05,9.810592651367188,4.905296325683594,a s,0.0088435308292736,5.082523584365845,2.5412617921829224,9.0,10.0,0.0,21.0,0.0,2.0
136,"Doctor, I think my husband's been hitting the canteen pretty hard lately—he's been shaky in the mornings and can't seem to stop.",seem to,seem to,is_multiword,0,20,20|21,1,1.43031507730484,0,1.0,,,,,,,,,,,,,,,,,,,,,,,,,,,,,,,doctor i think my husband's been hitting the canteen pretty hard lately-he's been shaky in the mornings and can't seem <mask> <mask>,▁to ▁stop,2.0,0.006622593847265,5.017268165946007,2.5086340829730034,to sleep,0.1157134952767079,2.86063015460968,1.43031507730484,20.0,21.0,0.0,21.0,0.0,2.0
137,"My son's been drinking from the canteen every night for months now, and I'm worried his liver might be giving out.",giving out,giving out,is_multiword,0,19,19|20,1,3.1020659804344177,0,1.0,,,,,,,,,,,,,,,,,,,,,,,,,,,,,,,my son's been drinking from the canteen every night for months now and i'm worried his liver might be <mask> <mask>,▁giving ▁out,2.0,1.9166142523191663e-05,10.862365245819092,5.431182622909546,infect .,0.0094832017257571,6.2041319608688354,3.1020659804344177,19.0,20.0,0.0,20.0,0.0,2.0
145,"Doctor, my husband's hands have been shaking nonstop since he stopped drinking—I think he's got the jimjams.",he's got,he's got,is_multiword,0,14,14|15,1,0.8102436065673828,0,1.0,,,,,,,,,,,,,,,,,,,,,,,,,,,,,,,doctor my husband's hands have been shaking nonstop since he stopped drinking-i think he's <mask> <mask> jimjams,▁got ▁the,2.0,0.0011180741474741,6.796147584915161,3.398073792457581,been a,0.0056524829409602,1.6204872131347656,0.8102436065673828,14.0,15.0,0.0,16.0,0.0,2.0
148,"Doctor, my husband hasn't had a drink in two days and now he's shaking and seeing things—I think the Brooklyn boys have come for him.",had a,had a,is_multiword,0,4,4|5,1,0.0,0,1.0,,,,,,,,,,,,,,,,,,,,,,,,,,,,,,,doctor my husband hasn't <mask> <mask> drink in two days and now he's shaking and seeing things-i think the brooklyn boys have come for him,▁had ▁a,2.0,0.4730949689959301,0.748459130525589,0.3742295652627945,had a,0.4730949689959301,0.0,0.0,4.0,5.0,0.0,24.0,0.0,2.0
148,"Doctor, my husband hasn't had a drink in two days and now he's shaking and seeing things—I think the Brooklyn boys have come for him.",had a drink,had a drink,is_multiword,0,4,4|5|6,1,2.775389313697815,0,1.0,,,,,,,,,,,,,,,,,,,,,,,,,,,,,,,doctor my husband hasn't <mask> <mask> <mask> in two days and now he's shaking and seeing things-i think the brooklyn boys have come for him,▁had ▁a ▁drink,3.0,5.026309549499235e-07,14.503409624099731,4.83446987469991,seen a ed,0.0020761466344538,8.326167941093445,2.775389313697815,4.0,6.0,0.0,24.0,0.0,3.0
148,"Doctor, my husband hasn't had a drink in two days and now he's shaking and seeing things—I think the Brooklyn boys have come for him.",a drink,a drink,is_multiword,0,5,5|6,1,1.8088951110839844,0,1.0,,,,,,,,,,,,,,,,,,,,,,,,,,,,,,,doctor my husband hasn't had <mask> <mask> in two days and now he's shaking and seeing things-i think the brooklyn boys have come for him,▁a ▁drink,2.0,0.0011972652115253,6.727715313434601,3.3638576567173004,a cold,0.0446042964664842,3.6177902221679688,1.8088951110839844,5.0,6.0,0.0,24.0,0.0,2.0
149,"I'm here for my brother, doc—he stopped drinking cold turkey and now he's sweating, his heart's racing, and he keeps saying the Brooklyn boys are crawling on his skin.",cold turkey,cold turkey,is_multiword,0,9,9|10,1,3.790616432825724,0,1.0,,,,,,,,,,,,,,,,,,,,,,,,,,,,,,,i'm here for my brother doc-he stopped drinking cold <mask> <mask> <mask> now he's sweating his heart's racing and he keeps saying the brooklyn boys are crawling on his skin,▁tur key ▁and,3.0,1.2272140357177377e-07,15.91334906220436,5.304449687401454,water s and,0.0106574109633296,11.371849298477173,3.790616432825724,9.0,10.0,0.0,28.0,0.0,2.0
150,"Doctor, I can’t sleep, my heart’s racing, and I feel like bugs are crawling on me—is this what you call the gallon distemper?",gallon distemper,gallon distemper,is_multiword,1,22,,1,,0,1.0,,,,,,,,,,,,,,,,,,,,,,,,,,,,,,,,,,,,,,,,,,,,,,
152,"Doctor, I've been trying to quit on my own, but the jerks hit me hard last night and I couldn't stop trembling.",on my,on my,is_multiword,0,6,6|7,1,0.0,0,1.0,,,,,,,,,,,,,,,,,,,,,,,,,,,,,,,doctor i've been trying to quit <mask> <mask> own but the jerks hit me hard last night and i couldn't stop trembling,▁on ▁my,2.0,0.9426886776654118,0.0590191911906003,0.0295095955953001,on my,0.9426886776654118,0.0,0.0,6.0,7.0,0.0,21.0,0.0,2.0
152,"Doctor, I've been trying to quit on my own, but the jerks hit me hard last night and I couldn't stop trembling.",on my own,on my own,is_multiword,0,6,6|7|8,1,4.761524160703023,1,1.0,,,,,,,,,,,,,,,,,,,,,,,,,,,,,,,doctor i've been trying to quit <mask> <mask> <mask> but the jerks hit me hard last night and i couldn't stop trembling,▁on ▁my ▁own,3.0,8.864530832911396e-10,20.84379291534424,6.947930971781413,"this this ,",0.0014169899181353,14.28457248210907,4.761524160703023,6.0,8.0,0.0,21.0,0.0,3.0
152,"Doctor, I've been trying to quit on my own, but the jerks hit me hard last night and I couldn't stop trembling.",my own,my own,is_multiword,0,7,7|8,1,1.0669822692871094,0,1.0,,,,,,,,,,,,,,,,,,,,,,,,,,,,,,,doctor i've been trying to quit on <mask> <mask> but the jerks hit me hard last night and i couldn't stop trembling,▁my ▁own,2.0,0.0015270621227565,6.48440957069397,3.242204785346985,"this ,",0.0129010699122486,2.1339645385742188,1.0669822692871094,7.0,8.0,0.0,21.0,0.0,2.0
153,"Doctor, my husband hasn't had a drink in three days and now he's shaking and sweating—I think he's got the jerks.",had a,had a,is_multiword,0,4,4|5,1,0.0,0,1.0,,,,,,,,,,,,,,,,,,,,,,,,,,,,,,,doctor my husband hasn't <mask> <mask> drink in three days and now he's shaking and sweating-i think he's got the jerks,▁had ▁a,2.0,0.4277480981803011,0.8492208123207092,0.4246104061603546,had a,0.4277480981803011,0.0,0.0,4.0,5.0,0.0,20.0,0.0,2.0
153,"Doctor, my husband hasn't had a drink in three days and now he's shaking and sweating—I think he's got the jerks.",had a drink,had a drink,is_multiword,0,4,4|5|6,1,1.8241056203842163,0,1.0,,,,,,,,,,,,,,,,,,,,,,,,,,,,,,,doctor my husband hasn't <mask> <mask> <mask> in three days and now he's shaking and sweating-i think he's got the jerks,▁had ▁a ▁drink,3.0,6.46506254245429e-06,11.949097871780396,3.9830326239267984,been a ed,0.0015387559547245,5.472316861152649,1.8241056203842163,4.0,6.0,0.0,20.0,0.0,3.0
153,"Doctor, my husband hasn't had a drink in three days and now he's shaking and sweating—I think he's got the jerks.",a drink,a drink,is_multiword,0,5,5|6,1,2.883655548095703,0,1.0,,,,,,,,,,,,,,,,,,,,,,,,,,,,,,,doctor my husband hasn't had <mask> <mask> in three days and now he's shaking and sweating-i think he's got the jerks,▁a ▁drink,2.0,0.000482260702335,7.637025713920593,3.8185128569602966,a cold,0.1541676522524731,5.767311096191406,2.883655548095703,5.0,6.0,0.0,20.0,0.0,2.0
154,"I’m here for my husband, doctor; he’s got the clanks bad after trying to quit cold turkey, and now he’s seeing things.",cold turkey,cold turkey,is_multiword,0,15,15|16,1,6.324852148691813,1,1.0,,,,,,,,,,,,,,,,,,,,,,,,,,,,,,,i'm here for my husband doctor he's got the clanks bad after trying to quit <mask> <mask> <mask> and now he's seeing things,▁cold ▁tur key,3.0,4.0259881486372535e-12,26.238250732421875,8.746083577473959,the the s,0.0007005153452095,18.97455644607544,6.324852148691813,15.0,16.0,0.0,21.0,0.0,2.0
155,"Doctor, I think my dad’s been going through the clanks ever since he stopped drinking last week—he’s shaking and can’t sleep.",clanks ever,clanks ever,is_multiword,0,9,9|10,1,8.22917303442955,0,1.0,,,,,,,,,,,,,,,,,,,,,,,,,,,,,,,doctor i think my dad's been going through the <mask> <mask> <mask> since he stopped drinking last week-he's shaking and can't sleep,▁clan ks ▁ever,3.0,1.689250031957032e-13,29.409321546554565,9.803107182184856,same of thing,0.0088991239180272,24.68751910328865,8.22917303442955,9.0,10.0,0.0,20.0,0.0,2.0
157,"I'm worried about my son, doctor—he's been seeing things that aren't there and can't stop trembling, could this be the jiggers from him quitting cold turkey?",quitting cold,quitting cold,is_multiword,0,24,24|25,1,9.652349948883057,1,1.0,,,,,,,,,,,,,,,,,,,,,,,,,,,,,,,i'm worried about my son doctor-he's been seeing things that aren't there and can't stop trembling could this be the jiggers from him quitting <mask> <mask> <mask>,▁cold ▁tur key,3.0,2.6231914983047597e-15,33.574384689331055,11.191461563110352,to doctor ?,0.0098790903363393,28.95704984664917,9.652349948883057,24.0,25.0,0.0,25.0,0.0,2.0
157,"I'm worried about my son, doctor—he's been seeing things that aren't there and can't stop trembling, could this be the jiggers from him quitting cold turkey?",quitting cold turkey,quitting cold turkey,is_multiword,0,24,,1,,0,1.0,,,,,,,,,,,,,,,,,,,,,,,,,,,,,,,,,,,,,,,,,,,,,,
157,"I'm worried about my son, doctor—he's been seeing things that aren't there and can't stop trembling, could this be the jiggers from him quitting cold turkey?",cold turkey,cold turkey,is_multiword,0,25,,1,,0,1.0,,,,,,,,,,,,,,,,,,,,,,,,,,,,,,,,,,,,,,,,,,,,,,
159,"My brother's been acting really strange and jumpy ever since he quit cold turkey, and last night he said he could see them crawling on the walls.",jumpy ever,jumpy ever,is_multiword,0,7,7|8,1,2.6196529865264893,0,1.0,,,,,,,,,,,,,,,,,,,,,,,,,,,,,,,my brother's been acting really strange and <mask> <mask> <mask> since he quit cold turkey and last night he said he could see them crawling on the walls,▁jump y ▁ever,3.0,2.6505532261834053e-08,17.44591236114502,5.815304120381673,he a s,6.861815544840473e-05,7.858958959579468,2.6196529865264893,7.0,8.0,0.0,26.0,0.0,2.0
159,"My brother's been acting really strange and jumpy ever since he quit cold turkey, and last night he said he could see them crawling on the walls.",cold turkey,cold turkey,is_multiword,0,12,12|13,1,7.817654927571614,0,1.0,,,,,,,,,,,,,,,,,,,,,,,,,,,,,,,my brother's been acting really strange and jumpy ever since he quit <mask> <mask> <mask> and last night he said he could see them crawling on the walls,▁cold ▁tur key,3.0,5.150127263955576e-14,30.597169876098636,10.199056625366213,the school school,0.0007894254990988,23.452964782714844,7.817654927571614,12.0,13.0,0.0,26.0,0.0,2.0
160,"Doctor, my husband hasn't had a drink in three days and now he's got the heebie-jeebies—shaking, sweating, and seeing things that aren't there.",had a,had a,is_multiword,0,4,4|5,1,0.0,0,1.0,,,,,,,,,,,,,,,,,,,,,,,,,,,,,,,doctor my husband hasn't <mask> <mask> drink in three days and now he's got the heebie-jeebies-shaking sweating and seeing things that aren't there,▁had ▁a,2.0,0.3862387958333363,0.9512994587421416,0.4756497293710708,had a,0.3862387958333363,0.0,0.0,4.0,5.0,0.0,22.0,0.0,2.0
160,"Doctor, my husband hasn't had a drink in three days and now he's got the heebie-jeebies—shaking, sweating, and seeing things that aren't there.",had a drink,had a drink,is_multiword,0,4,4|5|6,1,2.219490011533101,0,1.0,,,,,,,,,,,,,,,,,,,,,,,,,,,,,,,doctor my husband hasn't <mask> <mask> <mask> in three days and now he's got the heebie-jeebies-shaking sweating and seeing things that aren't there,▁had ▁a ▁drink,3.0,2.2224416687670583e-06,13.01690411567688,4.33896803855896,seen a ed,0.001732076881314,6.658470034599304,2.219490011533101,4.0,6.0,0.0,22.0,0.0,3.0
160,"Doctor, my husband hasn't had a drink in three days and now he's got the heebie-jeebies—shaking, sweating, and seeing things that aren't there.",a drink,a drink,is_multiword,0,5,5|6,1,2.6917132139205933,0,1.0,,,,,,,,,,,,,,,,,,,,,,,,,,,,,,,doctor my husband hasn't had <mask> <mask> in three days and now he's got the heebie-jeebies-shaking sweating and seeing things that aren't there,▁a ▁drink,2.0,0.0004534822107096,7.698554515838623,3.849277257919312,a cold,0.0987535340495791,5.3834264278411865,2.6917132139205933,5.0,6.0,0.0,22.0,0.0,2.0
161,"Doctor, I think I've got the heebie-jeebies—I stopped drinking cold turkey yesterday and my hands won't stop trembling.",I've got,i've got,is_multiword,0,3,3|4,1,1.282071053981781,1,1.0,,,,,,,,,,,,,,,,,,,,,,,,,,,,,,,doctor i think <mask> <mask> <mask> <mask> the heebie-jeebies-i stopped drinking cold turkey yesterday and my hands won't stop trembling,▁i ' ve ▁got,4.0,4.371030348939448e-06,12.340511798858644,3.0851279497146606,i ' to of,0.000737512454134,5.128284215927124,1.282071053981781,3.0,4.0,0.0,17.0,0.0,2.0
162,"My son's been acting really strange since he quit cold turkey—please tell me if this is the jag snakes, because he's sweating buckets and his hands won't stop trembling.",jag snakes,jag snakes,is_multiword,1,18,18|19,1,7.695751190185547,0,1.0,,,,,,,,,,,,,,,,,,,,,,,,,,,,,,,my son's been acting really strange since he quit cold turkey-please tell me if this is the jag <mask> <mask> <mask> he's sweating buckets and his hands won't stop trembling,▁sna kes ▁because,3.0,2.804689889404209e-13,28.902313232421875,9.634104410807293,uar - </s>,0.0029823023924402,23.08725357055664,7.695751190185547,18.0,19.0,0.0,28.0,0.0,2.0
163,"Doctor, I think my husband's got the jag snakes—he stopped drinking three days ago and now he can't stop shaking and seeing things that aren't there.",husband's got,husband's got,is_multiword,0,4,4|5,1,1.5411548018455503,1,1.0,,,,,,,,,,,,,,,,,,,,,,,,,,,,,,,doctor i think my <mask> <mask> <mask> <mask> the jag snakes-he stopped drinking three days ago and now he can't stop shaking and seeing things that aren't there,▁husband ' s ▁got,4.0,1.0153097591423055e-06,13.80031681060791,3.450079202651977,son is is from,0.0004829016234444,6.164619207382202,1.5411548018455503,4.0,5.0,0.0,25.0,0.0,2.0
163,"Doctor, I think my husband's got the jag snakes—he stopped drinking three days ago and now he can't stop shaking and seeing things that aren't there.",jag snakes,jag snakes,is_multiword,1,7,7|8,1,6.765074962377549,0,1.0,,,,,,,,,,,,,,,,,,,,,,,,,,,,,,,doctor i think my husband's got the <mask> <mask> <mask> <mask> <mask> stopped drinking three days ago and now he can't stop shaking and seeing things that aren't there,▁jag ▁sna kes - he,5.0,7.59253675618691e-19,41.72195100784302,8.344390201568604,same problem he he he,0.0003720150691829,33.82537481188774,6.765074962377549,7.0,8.0,0.0,25.0,0.0,2.0
165,"Doctor, I think my husband's got a bad case of barrel fever—he's shaking and sweating ever since he stopped drinking.",husband's got,husband's got,is_multiword,0,4,4|5,1,0.3188848793506622,0,1.0,,,,,,,,,,,,,,,,,,,,,,,,,,,,,,,doctor i think my <mask> <mask> <mask> <mask> a bad case of barrel fever-he's shaking and sweating ever since he stopped drinking,▁husband ' s ▁got,4.0,0.0005942459352797,7.42821729183197,1.8570543229579928,son ' s got,0.0021277764293253,1.275539517402649,0.3188848793506622,4.0,5.0,0.0,19.0,0.0,2.0
166,"Doctor, my husband has been shaking and seeing things ever since he stopped drinking—I think he’s got the screaming meemies.",he’s got,he's got,is_multiword,0,16,16|17,1,1.3689880967140198,0,1.0,,,,,,,,,,,,,,,,,,,,,,,,,,,,,,,doctor my husband has been shaking and seeing things ever since he stopped drinking-i think he's <mask> <mask> screaming meemies,▁got ▁the,2.0,0.000798329095618,7.1329896450042725,3.566494822502136,just just,0.0123387143491575,2.73797619342804,1.3689880967140198,16.0,17.0,0.0,19.0,0.0,2.0
166,"Doctor, my husband has been shaking and seeing things ever since he stopped drinking—I think he’s got the screaming meemies.",screaming meemies,screaming meemies,is_multiword,1,19,,1,,0,1.0,,,,,,,,,,,,,,,,,,,,,,,,,,,,,,,,,,,,,,,,,,,,,,
168,"Doctor, I've been sweating and my heart's racing ever since I stopped drinking; I'm pretty sure I have the rats.",I'm pretty,i'm pretty,is_multiword,0,13,13|14,1,2.686223104596138,1,1.0,,,,,,,,,,,,,,,,,,,,,,,,,,,,,,,doctor i've been sweating and my heart's racing ever since i stopped drinking <mask> <mask> <mask> <mask> sure i have the rats,▁i ' m ▁pretty,4.0,2.0007001524633681e-07,15.424598455429075,3.856149613857269,and i to make,0.0092817419743695,10.744892418384552,2.686223104596138,13.0,14.0,0.0,19.0,0.0,2.0
172,"Doctor, my husband hasn't had a drink in two days and now he's shaking and seeing things—I'm worried it's the Mahoney Brothers.",had a,had a,is_multiword,0,4,4|5,1,0.0,0,1.0,,,,,,,,,,,,,,,,,,,,,,,,,,,,,,,doctor my husband hasn't <mask> <mask> drink in two days and now he's shaking and seeing things-i'm worried it's the mahoney brothers,▁had ▁a,2.0,0.4589325016596476,0.7788521349430084,0.3894260674715042,had a,0.4589325016596476,0.0,0.0,4.0,5.0,0.0,21.0,0.0,2.0
172,"Doctor, my husband hasn't had a drink in two days and now he's shaking and seeing things—I'm worried it's the Mahoney Brothers.",had a drink,had a drink,is_multiword,0,4,4|5|6,1,2.751757264137268,0,1.0,,,,,,,,,,,,,,,,,,,,,,,,,,,,,,,doctor my husband hasn't <mask> <mask> <mask> in two days and now he's shaking and seeing things-i'm worried it's the mahoney brothers,▁had ▁a ▁drink,3.0,8.551151608952558e-07,13.97202968597412,4.65734322865804,seen a ed,0.0032903613297543,8.255271792411804,2.751757264137268,4.0,6.0,0.0,21.0,0.0,3.0
172,"Doctor, my husband hasn't had a drink in two days and now he's shaking and seeing things—I'm worried it's the Mahoney Brothers.",a drink,a drink,is_multiword,0,5,5|6,1,2.088281691074372,0,1.0,,,,,,,,,,,,,,,,,,,,,,,,,,,,,,,doctor my husband hasn't had <mask> <mask> in two days and now he's shaking and seeing things-i'm worried it's the mahoney brothers,▁a ▁drink,2.0,0.0009579044631306,6.950762510299683,3.4753812551498413,a cold,0.0623994306310404,4.176563382148743,2.088281691074372,5.0,6.0,0.0,21.0,0.0,2.0
176,"Doctor, my husband hasn't had a drink in three days and now he's shaking and seeing things—I think he's got the jumping jimmies.",jumping jimmies,jumping jimmies,is_multiword,1,22,,1,,0,1.0,,,,,,,,,,,,,,,,,,,,,,,,,,,,,,,,,,,,,,,,,,,,,,
181,My husband's been shaking and sweating for two days since he stopped drinking—I think he's got the jams.,he's got,he's got,is_multiword,0,15,15|16,1,0.6172447204589844,0,1.0,,,,,,,,,,,,,,,,,,,,,,,,,,,,,,,my husband's been shaking and sweating for two days since he stopped drinking-i think he's <mask> <mask> jams,▁got ▁the,2.0,0.0047193892548696,5.356075882911682,2.678037941455841,getting some,0.0162187638933482,1.2344894409179688,0.6172447204589844,15.0,16.0,0.0,17.0,0.0,2.0
181,My husband's been shaking and sweating for two days since he stopped drinking—I think he's got the jams.,he's got the,he's got the,is_multiword,0,15,15|16|17,1,2.88938707113266,0,1.0,,,,,,,,,,,,,,,,,,,,,,,,,,,,,,,my husband's been shaking and sweating for two days since he stopped drinking-i think he's <mask> <mask> <mask> <mask>,▁got ▁the ▁jam s,4.0,9.466450442422947e-10,20.778096914291385,5.1945242285728455,been a it .,9.898436696325744e-05,11.55754828453064,2.88938707113266,15.0,17.0,0.0,17.0,0.0,3.0
181,My husband's been shaking and sweating for two days since he stopped drinking—I think he's got the jams.,he's got the jams,he's got the jams,is_multiword,0,15,,1,,0,1.0,,,,,,,,,,,,,,,,,,,,,,,,,,,,,,,,,,,,,,,,,,,,,,
181,My husband's been shaking and sweating for two days since he stopped drinking—I think he's got the jams.,got the,got the,is_multiword,0,16,16|17,1,3.4226402839024863,0,1.0,,,,,,,,,,,,,,,,,,,,,,,,,,,,,,,my husband's been shaking and sweating for two days since he stopped drinking-i think he's got <mask> <mask> <mask>,▁the ▁jam s,3.0,8.73400399939212e-08,16.253456830978394,5.417818943659465,a problem .,0.0025148654414408,10.267920851707458,3.4226402839024863,16.0,17.0,0.0,17.0,0.0,2.0
181,My husband's been shaking and sweating for two days since he stopped drinking—I think he's got the jams.,got the jams,got the jams,is_multiword,0,16,,1,,0,1.0,,,,,,,,,,,,,,,,,,,,,,,,,,,,,,,,,,,,,,,,,,,,,,
181,My husband's been shaking and sweating for two days since he stopped drinking—I think he's got the jams.,the jams,the jams,is_multiword,0,17,,1,,0,1.0,,,,,,,,,,,,,,,,,,,,,,,,,,,,,,,,,,,,,,,,,,,,,,
182,"My son's been through detox before, but this time the uglies hit him so hard he couldn't even hold a glass of water.",son's been,son's been,is_multiword,0,1,1|2,1,1.2164869606494904,1,1.0,,,,,,,,,,,,,,,,,,,,,,,,,,,,,,,my <mask> <mask> <mask> <mask> through detox before but this time the uglies hit him so hard he couldn't even hold a glass of water,▁son ' s ▁been,4.0,5.155281768449109e-05,9.872903689742088,2.468225922435522,son has has been,0.0066912414961797,4.865947842597961,1.2164869606494904,1.0,2.0,0.0,22.0,0.0,2.0
183,"Doctor, my husband hasn't had a drink in three days and now he's shaking, sweating, and seeing things—I think he's got the uglies bad.",had a,had a,is_multiword,0,4,4|5,1,0.0,0,1.0,,,,,,,,,,,,,,,,,,,,,,,,,,,,,,,doctor my husband hasn't <mask> <mask> drink in three days and now he's shaking sweating and seeing things-i think he's got the uglies bad,▁had ▁a,2.0,0.3815396528112647,0.963540494441986,0.481770247220993,had a,0.3815396528112647,0.0,0.0,4.0,5.0,0.0,23.0,0.0,2.0
183,"Doctor, my husband hasn't had a drink in three days and now he's shaking, sweating, and seeing things—I think he's got the uglies bad.",had a drink,had a drink,is_multiword,0,4,4|5|6,1,2.136053760846456,0,1.0,,,,,,,,,,,,,,,,,,,,,,,,,,,,,,,doctor my husband hasn't <mask> <mask> <mask> in three days and now he's shaking sweating and seeing things-i think he's got the uglies bad,▁had ▁a ▁drink,3.0,2.9865642561023998e-06,12.721386909484863,4.240462303161621,seen a ed,0.0018121783900621,6.408161282539368,2.136053760846456,4.0,6.0,0.0,23.0,0.0,3.0
183,"Doctor, my husband hasn't had a drink in three days and now he's shaking, sweating, and seeing things—I think he's got the uglies bad.",a drink,a drink,is_multiword,0,5,5|6,1,2.612417221069336,0,1.0,,,,,,,,,,,,,,,,,,,,,,,,,,,,,,,doctor my husband hasn't had <mask> <mask> in three days and now he's shaking sweating and seeing things-i think he's got the uglies bad,▁a ▁drink,2.0,0.0005851348372479,7.443668246269226,3.721834123134613,a cold,0.1087358422026613,5.224834442138672,2.612417221069336,5.0,6.0,0.0,23.0,0.0,2.0
183,"Doctor, my husband hasn't had a drink in three days and now he's shaking, sweating, and seeing things—I think he's got the uglies bad.",got the,got the,is_multiword,0,21,21|22,1,6.13807412981987,0,1.0,,,,,,,,,,,,,,,,,,,,,,,,,,,,,,,doctor my husband hasn't had a drink in three days and now he's shaking sweating and seeing things-i think he's got <mask> <mask> <mask> <mask> bad,▁the ▁u glie s,4.0,1.1882238148821877e-15,34.36631679534912,8.59157919883728,a to s really,5.467957732735981e-05,24.55229651927948,6.13807412981987,21.0,22.0,0.0,23.0,0.0,2.0
183,"Doctor, my husband hasn't had a drink in three days and now he's shaking, sweating, and seeing things—I think he's got the uglies bad.",got the uglies,got the uglies,is_multiword,0,21,21|22|23,1,5.162573957443238,0,1.0,,,,,,,,,,,,,,,,,,,,,,,,,,,,,,,doctor my husband hasn't had a drink in three days and now he's shaking sweating and seeing things-i think he's got <mask> <mask> <mask> <mask> <mask>,▁the ▁u glie s ▁bad,5.0,1.6592733673308785e-17,38.63756680488586,7.727513360977173,a to of . .,2.693424790870108e-06,25.812869787216187,5.162573957443238,21.0,23.0,0.0,23.0,0.0,3.0
183,"Doctor, my husband hasn't had a drink in three days and now he's shaking, sweating, and seeing things—I think he's got the uglies bad.",got the uglies bad,got the uglies bad,is_multiword,0,21,,1,,0,1.0,,,,,,,,,,,,,,,,,,,,,,,,,,,,,,,,,,,,,,,,,,,,,,
183,"Doctor, my husband hasn't had a drink in three days and now he's shaking, sweating, and seeing things—I think he's got the uglies bad.",the uglies,the uglies,is_multiword,0,22,22|23,1,6.442932814359665,0,1.0,,,,,,,,,,,,,,,,,,,,,,,,,,,,,,,doctor my husband hasn't had a drink in three days and now he's shaking sweating and seeing things-i think he's got the <mask> <mask> <mask> <mask>,▁u glie s ▁bad,4.0,4.846641048872189e-16,35.26307559013367,8.815768897533417,same to . .,7.550253450311887e-05,25.77173125743866,6.442932814359665,22.0,23.0,0.0,23.0,0.0,2.0
183,"Doctor, my husband hasn't had a drink in three days and now he's shaking, sweating, and seeing things—I think he's got the uglies bad.",the uglies bad,the uglies bad,is_multiword,0,22,,1,,0,1.0,,,,,,,,,,,,,,,,,,,,,,,,,,,,,,,,,,,,,,,,,,,,,,
183,"Doctor, my husband hasn't had a drink in three days and now he's shaking, sweating, and seeing things—I think he's got the uglies bad.",uglies bad,uglies bad,is_multiword,0,23,,1,,0,1.0,,,,,,,,,,,,,,,,,,,,,,,,,,,,,,,,,,,,,,,,,,,,,,
186,"Doctor, I think I’ve got the jimjam jimmies—I can’t stop sweating, my heart’s racing, and I feel like bugs are crawling on me.",jimjam jimmies,jimjam jimmies,is_multiword,1,6,6|7,1,7.6171270832419395,0,1.0,,,,,,,,,,,,,,,,,,,,,,,,,,,,,,,doctor i think i've got the <mask> <mask> <mask> <mask> <mask> <mask> can't stop sweating my heart's racing and i feel like bugs are crawling on me,▁jim jam ▁jim mies - i,6.0,1.8672362360291198e-26,59.24275302886963,9.873792171478271,right to to s but i,1.3172154864459613e-06,45.70276249945164,7.6171270832419395,6.0,7.0,0.0,22.0,0.0,2.0
187,"Doc, my husband’s been shaking and seeing things for two days since he stopped drinking—I’m worried it’s the jimjam jimmies.",jimjam jimmies,jimjam jimmies,is_multiword,1,19,,1,,0,1.0,,,,,,,,,,,,,,,,,,,,,,,,,,,,,,,,,,,,,,,,,,,,,,
196,"I’m here for my father—he’s had the shiver'n'shakes real bad the last two mornings, and I’m worried it’s from him trying to quit the bottle on his own.",from him,from him,is_multiword,0,20,20|21,1,5.437507629394531,1,1.0,,,,,,,,,,,,,,,,,,,,,,,,,,,,,,,i'm here for my father-he's had the shiver'n'shakes real bad the last two mornings and i'm worried it's from him <mask> <mask> quit the bottle on his own,▁trying ▁to,2.0,2.7115766855746268e-06,12.817980289459229,6.408990144729614,that he,0.1432784942152797,10.875015258789062,5.437507629394531,20.0,21.0,0.0,27.0,0.0,2.0
197,"Doctor, I think my husband’s got the shiver'n'shakes again—he’s been shaking and sweating since he stopped drinking three days ago.",husband’s got,husband's got,is_multiword,0,4,4|5,1,0.941730499267578,1,1.0,,,,,,,,,,,,,,,,,,,,,,,,,,,,,,,doctor i think my <mask> <mask> <mask> <mask> the shiver'n'shakes again-he's been shaking and sweating since he stopped drinking three days ago,▁husband ' s ▁got,4.0,1.876938233176226e-05,10.883283615112305,2.720820903778076,son is s getting,0.0008117147131334,3.766921997070313,0.941730499267578,4.0,5.0,0.0,19.0,0.0,2.0
197,"Doctor, I think my husband’s got the shiver'n'shakes again—he’s been shaking and sweating since he stopped drinking three days ago.",shiver'n shakes,shiver'n shakes,is_multiword,1,7,7|8,1,3.1588989595572152,0,1.0,,,,,,,,,,,,,,,,,,,,,,,,,,,,,,,doctor i think my husband's got the <mask> <mask> <mask> <mask> <mask> <mask> <mask> <mask> <mask> <mask> <mask> <mask> been shaking and sweating since he stopped drinking three days ago,▁shi ver ' n ' shak es ▁again - he ' s,12.0,1.4513368909798932e-30,68.70506766438484,5.725422305365403,same of ' ' ' ' s s and he ' s,4.2118886275437676e-14,37.90678751468658,3.1588989595572152,7.0,8.0,0.0,19.0,0.0,2.0
198,"I'm here for my dad, doctor—he's been sweating and his heart's racing, and I'm worried it's the blue flame after he stopped drinking cold turkey.",cold turkey,cold turkey,is_multiword,0,24,,1,,0,1.0,,,,,,,,,,,,,,,,,,,,,,,,,,,,,,,,,,,,,,,,,,,,,,
199,"Doctor, I think my husband's got the blue flame—he hasn't had a drink in two days and now he's shaking and seeing things.",husband's got,husband's got,is_multiword,0,4,4|5,1,1.09734246134758,0,1.0,,,,,,,,,,,,,,,,,,,,,,,,,,,,,,,doctor i think my <mask> <mask> <mask> <mask> the blue flame-he hasn't had a drink in two days and now he's shaking and seeing things,▁husband ' s ▁got,4.0,9.431472341878858e-06,11.571458339691162,2.8928645849227905,son is s in,0.0007600787631721,4.38936984539032,1.09734246134758,4.0,5.0,0.0,22.0,0.0,2.0
203,"""Doc, I haven't had a drink in two days and now I'm seeing things and shaking like crazy—I think the 'alky rats' are finally catching up to me.""",drink in,drink in,is_multiword,0,5,5|6,1,1.2409723997116089,0,1.0,,,,,,,,,,,,,,,,,,,,,,,,,,,,,,,doc i haven't had a <mask> <mask> two days and now i'm seeing things and shaking like crazy-i think the 'alky rats' are finally catching up to me,▁drink ▁in,2.0,0.0028568742820976,5.858027160167694,2.929013580083847,nap in,0.0341811019997708,2.4819447994232178,1.2409723997116089,5.0,6.0,0.0,27.0,0.0,2.0
205,"Doctor, I think my husband's got the admiral of the blue—he hasn't had a drink in two days and now he's shaking and seeing things.",husband's got,husband's got,is_multiword,0,4,4|5,1,1.6572809517383575,0,1.0,,,,,,,,,,,,,,,,,,,,,,,,,,,,,,,doctor i think my <mask> <mask> <mask> <mask> the admiral of the blue-he hasn't had a drink in two days and now he's shaking and seeing things,▁husband ' s ▁got,4.0,9.942483518903228e-07,13.8212788105011,3.4553197026252747,doctor is s like,0.0007524658055166,6.62912380695343,1.6572809517383575,4.0,5.0,0.0,24.0,0.0,2.0
209,"Doctor, my husband's been shaking and sweating all night, and he keeps saying he's seeing things—I think he's got the whoops and jingles from stopping his drinking cold turkey.",stopping his,stopping his,is_multiword,0,25,25|26,1,3.235660552978516,0,1.0,,,,,,,,,,,,,,,,,,,,,,,,,,,,,,,doctor my husband's been shaking and sweating all night and he keeps saying he's seeing things-i think he's got the whoops and jingles from stopping <mask> <mask> <mask> cold turkey,▁his ▁drink ing,3.0,1.1279783276332595e-06,13.695083618164062,4.5650278727213545,by eating a,0.018534860675726,9.706981658935549,3.235660552978516,25.0,26.0,0.0,28.0,0.0,2.0
213,"Doctor, my husband hasn't had a drink in three days and now he's shaking and seeing things—I think he's got the joe blakes.",had a,had a,is_multiword,0,4,4|5,1,0.0,0,1.0,,,,,,,,,,,,,,,,,,,,,,,,,,,,,,,doctor my husband hasn't <mask> <mask> drink in three days and now he's shaking and seeing things-i think he's got the joe blakes,▁had ▁a,2.0,0.4249213300292166,0.8558512330055237,0.4279256165027618,had a,0.4249213300292166,0.0,0.0,4.0,5.0,0.0,22.0,0.0,2.0
213,"Doctor, my husband hasn't had a drink in three days and now he's shaking and seeing things—I think he's got the joe blakes.",had a drink,had a drink,is_multiword,0,4,4|5|6,1,2.528400421142578,0,1.0,,,,,,,,,,,,,,,,,,,,,,,,,,,,,,,doctor my husband hasn't <mask> <mask> <mask> in three days and now he's shaking and seeing things-i think he's got the joe blakes,▁had ▁a ▁drink,3.0,1.5334832462695253e-06,13.38796877861023,4.462656259536743,seen a ed,0.003019187525197,7.585201263427734,2.528400421142578,4.0,6.0,0.0,22.0,0.0,3.0
213,"Doctor, my husband hasn't had a drink in three days and now he's shaking and seeing things—I think he's got the joe blakes.",a drink,a drink,is_multiword,0,5,5|6,1,2.1676560640335083,0,1.0,,,,,,,,,,,,,,,,,,,,,,,,,,,,,,,doctor my husband hasn't had <mask> <mask> in three days and now he's shaking and seeing things-i think he's got the joe blakes,▁a ▁drink,2.0,0.0007296751524828,7.22291111946106,3.61145555973053,a cold,0.0557098118985872,4.335312128067017,2.1676560640335083,5.0,6.0,0.0,22.0,0.0,2.0
215,"Doctor, my husband’s been shaking and seeing things ever since he stopped drinking—could he have the dingbats?",the dingbats,the dingbats,is_multiword,0,16,,1,,0,1.0,,,,,,,,,,,,,,,,,,,,,,,,,,,,,,,,,,,,,,,,,,,,,,
217,"Doctor, my husband hasn't had a drink in three days and now he's shaking and seeing things—I'm scared it's this liquid distemper.",had a,had a,is_multiword,0,4,4|5,1,0.0,0,1.0,,,,,,,,,,,,,,,,,,,,,,,,,,,,,,,doctor my husband hasn't <mask> <mask> drink in three days and now he's shaking and seeing things-i'm scared it's this liquid distemper,▁had ▁a,2.0,0.3596582055242724,1.0226011276245115,0.5113005638122559,had a,0.3596582055242724,0.0,0.0,4.0,5.0,0.0,21.0,0.0,2.0
217,"Doctor, my husband hasn't had a drink in three days and now he's shaking and seeing things—I'm scared it's this liquid distemper.",had a drink,had a drink,is_multiword,0,4,4|5|6,1,1.6824570894241333,0,1.0,,,,,,,,,,,,,,,,,,,,,,,,,,,,,,,doctor my husband hasn't <mask> <mask> <mask> in three days and now he's shaking and seeing things-i'm scared it's this liquid distemper,▁had ▁a ▁drink,3.0,1.4367566006434613e-05,11.150537252426147,3.716845750808716,seen a ed,0.0022357780646163,5.0473712682724,1.6824570894241333,4.0,6.0,0.0,21.0,0.0,3.0
217,"Doctor, my husband hasn't had a drink in three days and now he's shaking and seeing things—I'm scared it's this liquid distemper.",a drink,a drink,is_multiword,0,5,5|6,1,2.046213209629059,0,1.0,,,,,,,,,,,,,,,,,,,,,,,,,,,,,,,doctor my husband hasn't had <mask> <mask> in three days and now he's shaking and seeing things-i'm scared it's this liquid distemper,▁a ▁drink,2.0,0.0010939740147377,6.817938327789307,3.4089691638946533,a cold,0.0655126576444031,4.092426419258118,2.046213209629059,5.0,6.0,0.0,21.0,0.0,2.0
218,"Doctor, I stopped drinking last week and now I can't stop trembling—I think I have them bad.",them bad,them bad,is_multiword,0,16,,1,,0,1.0,,,,,,,,,,,,,,,,,,,,,,,,,,,,,,,,,,,,,,,,,,,,,,
219,"I'm here for my dad; he's been real jittery and seeing things that aren't there, and I'm worried it might be Beverley coming on.",real jittery,real jittery,is_multiword,0,7,7|8,1,6.678582191467285,1,1.0,,,,,,,,,,,,,,,,,,,,,,,,,,,,,,,i'm here for my dad he's been <mask> <mask> <mask> <mask> and seeing things that aren't there and i'm worried it might be beverley coming on,▁real ▁ji tter y,4.0,5.211751776803998e-17,37.4930305480957,9.373257637023926,going ing the s,2.083863625111018e-05,26.71432876586914,6.678582191467285,7.0,8.0,0.0,23.0,0.0,2.0
220,"Doctor, I think my husband's got a touch of Beverley—he's shaking like a leaf and can't keep anything down since he stopped drinking.",husband's got,husband's got,is_multiword,0,4,4|5,1,0.2490978240966797,0,1.0,,,,,,,,,,,,,,,,,,,,,,,,,,,,,,,doctor i think my <mask> <mask> <mask> <mask> a touch of beverley-he's shaking like a leaf and can't keep anything down since he stopped drinking,▁husband ' s ▁got,4.0,0.0001328940458466,8.925958395004272,2.231489598751068,son ' s got,0.0003599421986835,0.9963912963867188,0.2490978240966797,4.0,5.0,0.0,22.0,0.0,2.0
221,"I'm worried about my father, he's been getting the bottle-ache every time he tries to stop drinking, and now his hands won't stop trembling.",he's been,he's been,is_multiword,0,5,5|6,1,2.459175020456314,0,1.0,,,,,,,,,,,,,,,,,,,,,,,,,,,,,,,i'm worried about my father <mask> <mask> <mask> <mask> getting the bottle-ache every time he tries to stop drinking and now his hands won't stop trembling,▁he ' s ▁been,4.0,4.930562300765694e-07,14.522642612457275,3.630660653114319,' s ' s,0.0092240365767686,9.836700081825256,2.459175020456314,5.0,6.0,0.0,23.0,0.0,2.0
221,"I'm worried about my father, he's been getting the bottle-ache every time he tries to stop drinking, and now his hands won't stop trembling.",he's been getting,he's been getting,is_multiword,0,5,5|6|7,1,2.535479021072388,1,1.0,,,,,,,,,,,,,,,,,,,,,,,,,,,,,,,i'm worried about my father <mask> <mask> <mask> <mask> <mask> the bottle-ache every time he tries to stop drinking and now his hands won't stop trembling,▁he ' s ▁been ▁getting,5.0,1.5385162476050626e-10,22.595032453536987,4.5190064907073975,' s ' to get,4.929749211070092e-05,12.677395105361938,2.535479021072388,5.0,7.0,0.0,23.0,0.0,3.0
221,"I'm worried about my father, he's been getting the bottle-ache every time he tries to stop drinking, and now his hands won't stop trembling.",been getting,been getting,is_multiword,0,6,6|7,1,1.284170150756836,0,1.0,,,,,,,,,,,,,,,,,,,,,,,,,,,,,,,i'm worried about my father he's <mask> <mask> the bottle-ache every time he tries to stop drinking and now his hands won't stop trembling,▁been ▁getting,2.0,0.0057086964706087,5.165764570236206,2.582882285118103,getting getting,0.0744651335845045,2.568340301513672,1.284170150756836,6.0,7.0,0.0,23.0,0.0,2.0
223,"""I haven't had a drink in two days, and now I'm sweating and twitching like crazy—is this those alky jerks you hear about?""",alky jerks,alky jerks,is_multiword,1,19,19|20,1,5.47076948483785,0,1.0,,,,,,,,,,,,,,,,,,,,,,,,,,,,,,,i haven't had a drink in two days and now i'm sweating and twitching like crazy-is this those alky <mask> <mask> <mask> hear about,▁jer ks ▁you,3.0,1.068895150876306e-09,20.65664029121399,6.885546763737996,um s we,0.0143453154908791,16.41230845451355,5.47076948483785,19.0,20.0,0.0,22.0,0.0,2.0
224,"""Doc, I get these shakes real bad in the morning, my buddies call 'em the alky jerks—can you give me something to calm 'em down?""",alky jerks,alky jerks,is_multiword,1,15,15|16,1,5.231492310762405,0,1.0,,,,,,,,,,,,,,,,,,,,,,,,,,,,,,,doc i get these shakes real bad in the morning my buddies call 'em the <mask> <mask> <mask> <mask> <mask> <mask> you give me something to calm 'em down,▁al ky ▁jer ks - can,6.0,2.6724108640506295e-21,47.3713059425354,7.895217657089233, s ' s s can,1.145388147484726e-07,31.388953864574432,5.231492310762405,15.0,16.0,0.0,24.0,0.0,2.0
225,"Doctor, I'm worried about my dad—he stopped drinking cold turkey and now he's confused and sweating, seems like he's in the dingbats.",cold turkey,cold turkey,is_multiword,0,9,9|10,1,4.200731833775838,0,1.0,,,,,,,,,,,,,,,,,,,,,,,,,,,,,,,doctor i'm worried about my dad-he stopped drinking cold <mask> <mask> <mask> now he's confused and sweating seems like he's in the dingbats,▁tur key ▁and,3.0,3.825968506597818e-08,17.078869104385376,5.692956368128459,water s and,0.0113711753567462,12.602195501327516,4.200731833775838,9.0,10.0,0.0,21.0,0.0,2.0
227,"I'm worried about my dad, doc—he's got the shakes and keeps saying he sees things that aren't there after he quit the bottle cold turkey.",cold turkey,cold turkey,is_multiword,0,24,,1,,0,1.0,,,,,,,,,,,,,,,,,,,,,,,,,,,,,,,,,,,,,,,,,,,,,,
228,"Doctor, my husband's been having the shakes real bad since he stopped drinking last week—he can't even hold a cup steady.",shakes real,shakes real,is_multiword,0,6,6|7,1,3.4995065927505493,0,1.0,,,,,,,,,,,,,,,,,,,,,,,,,,,,,,,doctor my husband's been having the <mask> <mask> <mask> bad since he stopped drinking last week-he can't even hold a cup steady,▁shake s ▁real,3.0,7.729092653608057e-08,16.375689268112183,5.458563089370728,same s so,0.0028027071492791,10.498519778251648,3.4995065927505493,6.0,7.0,0.0,20.0,0.0,2.0
229,"My dad hasn't had a drop in a week and now he's confused, shaky, and can't sleep—could this be the aggers?",the aggers,the aggers,is_multiword,0,20,,1,,0,1.0,,,,,,,,,,,,,,,,,,,,,,,,,,,,,,,,,,,,,,,,,,,,,,
230,"Doctor, I think my husband might have the aggers—he's been shaking, sweating, and seeing things since he stopped drinking three days ago.",aggers he's,aggers he's,is_multiword,0,8,8|9,1,5.045207406793322,0,1.0,,,,,,,,,,,,,,,,,,,,,,,,,,,,,,,doctor i think my husband might have the <mask> <mask> <mask> <mask> <mask> <mask> <mask> shaking sweating and seeing things since he stopped drinking three days ago,▁ag gers - he ' s ▁been,7.0,1.8233084973914024e-22,50.05621933937073,7.150888477052961,same of he he he he been,3.968261776476458e-07,35.31645184755325,5.045207406793322,8.0,9.0,0.0,21.0,0.0,2.0
233,"Doc, I think my husband's got the whoofits—he's been shaking and sweating ever since he stopped drinking two days ago.",husband's got,husband's got,is_multiword,0,4,4|5,1,1.234694480895996,0,1.0,,,,,,,,,,,,,,,,,,,,,,,,,,,,,,,doc i think my <mask> <mask> <mask> <mask> the whoofits-he's been shaking and sweating ever since he stopped drinking two days ago,▁husband ' s ▁got,4.0,5.505737909507567e-06,12.10971975326538,3.027429938316345,son is s in,0.0007685985013483,4.938777923583984,1.234694480895996,4.0,5.0,0.0,19.0,0.0,2.0
233,"Doc, I think my husband's got the whoofits—he's been shaking and sweating ever since he stopped drinking two days ago.",whoofits he's,whoofits he's,is_multiword,0,7,7|8,1,3.92624805867672,0,1.0,,,,,,,,,,,,,,,,,,,,,,,,,,,,,,,doc i think my husband's got the <mask> <mask> <mask> <mask> <mask> <mask> <mask> <mask> shaking and sweating ever since he stopped drinking two days ago,▁who of its - he ' s ▁been,8.0,4.986054176889674e-22,49.05022719502449,6.131278399378061,same of drink he he he ' been,2.1824279996615178e-08,31.40998446941376,3.92624805867672,7.0,8.0,0.0,19.0,0.0,2.0
237,"I’m here because my father can’t stop seeing things after his last bender, and I’m worried it’s quart-mania setting in.",it’s quart-mania,it's quart-mania,is_multiword,0,16,16|17,1,5.884767433007558,0,1.0,,,,,,,,,,,,,,,,,,,,,,,,,,,,,,,i'm here because my father can't stop seeing things after his last bender and i'm worried <mask> <mask> <mask> <mask> <mask> <mask> setting in,▁it ' s ▁quart - mania,6.0,2.025283598890928e-21,47.64857721328735,7.941429535547891,that he ' ' ' be,4.37338777237636e-06,35.30860459804535,5.884767433007558,16.0,17.0,0.0,19.0,0.0,2.0
237,"I’m here because my father can’t stop seeing things after his last bender, and I’m worried it’s quart-mania setting in.",it’s quart-mania setting,it's quart-mania setting,is_multiword,0,16,16|17|18,1,5.985559684889657,0,1.0,,,,,,,,,,,,,,,,,,,,,,,,,,,,,,,i'm here because my father can't stop seeing things after his last bender and i'm worried <mask> <mask> <mask> <mask> <mask> <mask> <mask> in,▁it ' s ▁quart - mania ▁setting,7.0,3.42981361706322e-26,58.63470649719238,8.376386642456055,that he ' ' be be him,5.39186880009612e-08,41.8989177942276,5.985559684889657,16.0,18.0,0.0,19.0,0.0,3.0
237,"I’m here because my father can’t stop seeing things after his last bender, and I’m worried it’s quart-mania setting in.",it’s quart-mania setting in,it's quart-mania setting in,is_multiword,0,16,16|17|18|19,1,5.349669992923737,0,1.0,,,,,,,,,,,,,,,,,,,,,,,,,,,,,,,i'm here because my father can't stop seeing things after his last bender and i'm worried <mask> <mask> <mask> <mask> <mask> <mask> <mask> <mask>,▁it ' s ▁quart - mania ▁setting ▁in,8.0,2.350932281874929e-28,63.617570638656616,7.952196329832077,that he ' s be the him .,9.076060516756464e-10,42.79735994338989,5.349669992923737,16.0,19.0,0.0,19.0,0.0,4.0
237,"I’m here because my father can’t stop seeing things after his last bender, and I’m worried it’s quart-mania setting in.",quart-mania setting,quart-mania setting,is_multiword,0,17,17|18,1,8.556208431720734,0,1.0,,,,,,,,,,,,,,,,,,,,,,,,,,,,,,,i'm here because my father can't stop seeing things after his last bender and i'm worried it's <mask> <mask> <mask> <mask> in,▁quart - mania ▁setting,4.0,4.443473181815958e-20,44.56026554107666,11.140066385269163,going he to him,3.246227817740822e-05,34.224833726882935,8.556208431720734,17.0,18.0,0.0,19.0,0.0,2.0
237,"I’m here because my father can’t stop seeing things after his last bender, and I’m worried it’s quart-mania setting in.",quart-mania setting in,quart-mania setting in,is_multiword,0,17,17|18|19,1,7.724765014648438,0,1.0,,,,,,,,,,,,,,,,,,,,,,,,,,,,,,,i'm here because my father can't stop seeing things after his last bender and i'm worried it's <mask> <mask> <mask> <mask> <mask>,▁quart - mania ▁setting ▁in,5.0,1.526281122571968e-23,52.53662300109863,10.507324600219729,going to the . .,9.072952393317092e-07,38.62382507324219,7.724765014648438,17.0,19.0,0.0,19.0,0.0,3.0
237,"I’m here because my father can’t stop seeing things after his last bender, and I’m worried it’s quart-mania setting in.",setting in,setting in,is_multiword,0,18,18|19,1,9.39624959230423,1,1.0,,,,,,,,,,,,,,,,,,,,,,,,,,,,,,,i'm here because my father can't stop seeing things after his last bender and i'm worried it's quart-mania <mask> <mask>,▁setting ▁in,2.0,8.509251381899287e-10,20.88469696044922,10.44234848022461,c </s>,0.1234155977177791,18.79249918460846,9.39624959230423,18.0,19.0,0.0,19.0,0.0,2.0
239,"Doctor, I can't sleep and my hands won't stop trembling ever since I quit drinking; I'm worried it might be the Rats.",trembling ever,trembling ever,is_multiword,0,9,9|10,1,4.96847407023112,0,1.0,,,,,,,,,,,,,,,,,,,,,,,,,,,,,,,doctor i can't sleep and my hands won't stop <mask> <mask> <mask> since i quit drinking i'm worried it might be the rats,▁trem bling ▁ever,3.0,3.323494606257329e-10,21.82483410835266,7.274944702784221,running ing and,0.0009884110564925,14.90542221069336,4.96847407023112,9.0,10.0,0.0,21.0,0.0,2.0
240,"Doctor, my husband hasn't had a drink in three days and now he's shaking and seeing things—I think he's got the Rats.",had a,had a,is_multiword,0,4,4|5,1,0.0,0,1.0,,,,,,,,,,,,,,,,,,,,,,,,,,,,,,,doctor my husband hasn't <mask> <mask> drink in three days and now he's shaking and seeing things-i think he's got the rats,▁had ▁a,2.0,0.346035540368881,1.0612137913703918,0.5306068956851959,had a,0.346035540368881,0.0,0.0,4.0,5.0,0.0,21.0,0.0,2.0
240,"Doctor, my husband hasn't had a drink in three days and now he's shaking and seeing things—I think he's got the Rats.",had a drink,had a drink,is_multiword,0,4,4|5|6,1,2.773461699485779,0,1.0,,,,,,,,,,,,,,,,,,,,,,,,,,,,,,,doctor my husband hasn't <mask> <mask> <mask> in three days and now he's shaking and seeing things-i think he's got the rats,▁had ▁a ▁drink,3.0,8.384665807097139e-07,13.99169111251831,4.663897037506104,seen a ed,0.0034433652547573,8.320385098457336,2.773461699485779,4.0,6.0,0.0,21.0,0.0,3.0
240,"Doctor, my husband hasn't had a drink in three days and now he's shaking and seeing things—I think he's got the Rats.",a drink,a drink,is_multiword,0,5,5|6,1,2.936128556728363,0,1.0,,,,,,,,,,,,,,,,,,,,,,,,,,,,,,,doctor my husband hasn't had <mask> <mask> in three days and now he's shaking and seeing things-i think he's got the rats,▁a ▁drink,2.0,0.000200747463264,8.513462841510773,4.256731420755386,a s,0.0712752791226663,5.872257113456726,2.936128556728363,5.0,6.0,0.0,21.0,0.0,2.0
243,"Doctor, I think my husband's got the Blue Johnnies—he's shaking like a leaf and seeing things since he stopped drinking yesterday.",husband's got,husband's got,is_multiword,0,4,4|5,1,1.2488650381565094,1,1.0,,,,,,,,,,,,,,,,,,,,,,,,,,,,,,,doctor i think my <mask> <mask> <mask> <mask> the blue johnnies-he's shaking like a leaf and seeing things since he stopped drinking yesterday,▁husband ' s ▁got,4.0,6.517379814659849e-06,11.941038131713867,2.985259532928467,son is s of,0.0009628836449263,4.995460152626038,1.2488650381565094,4.0,5.0,0.0,20.0,0.0,2.0
245,"Doctor, my husband hasn't had a drink in three days and now he's shaking and seeing things—I think he's got the rams.",had a,had a,is_multiword,0,4,4|5,1,0.0,0,1.0,,,,,,,,,,,,,,,,,,,,,,,,,,,,,,,doctor my husband hasn't <mask> <mask> drink in three days and now he's shaking and seeing things-i think he's got the rams,▁had ▁a,2.0,0.4265836114480104,0.8519468903541565,0.4259734451770782,had a,0.4265836114480104,0.0,0.0,4.0,5.0,0.0,21.0,0.0,2.0
245,"Doctor, my husband hasn't had a drink in three days and now he's shaking and seeing things—I think he's got the rams.",had a drink,had a drink,is_multiword,0,4,4|5|6,1,2.5534770488739014,0,1.0,,,,,,,,,,,,,,,,,,,,,,,,,,,,,,,doctor my husband hasn't <mask> <mask> <mask> in three days and now he's shaking and seeing things-i think he's got the rams,▁had ▁a ▁drink,3.0,1.521985873251071e-06,13.39549458026886,4.46516486008962,seen a ed,0.0032306774281929,7.660431146621704,2.5534770488739014,4.0,6.0,0.0,21.0,0.0,3.0
245,"Doctor, my husband hasn't had a drink in three days and now he's shaking and seeing things—I think he's got the rams.",a drink,a drink,is_multiword,0,5,5|6,1,2.333728790283203,0,1.0,,,,,,,,,,,,,,,,,,,,,,,,,,,,,,,doctor my husband hasn't had <mask> <mask> in three days and now he's shaking and seeing things-i think he's got the rams,▁a ▁drink,2.0,0.0004605864532478,7.68300998210907,3.841504991054535,a cold,0.0490187499735609,4.667457580566406,2.333728790283203,5.0,6.0,0.0,21.0,0.0,2.0
249,"My dad's been sweating and his hands won't stop trembling since he quit whiskey last week; could this be the diddleums, doctor?",won't stop,won't stop,is_multiword,0,7,7|8,1,2.7045669108629227,1,1.0,,,,,,,,,,,,,,,,,,,,,,,,,,,,,,,my dad's been sweating and his hands <mask> <mask> <mask> <mask> trembling since he quit whiskey last week could this be the diddleums doctor,▁won ' t ▁stop,4.0,8.375147423429314e-08,16.295412063598633,4.073853015899658,are ' ' been,0.0041812525670407,10.81826764345169,2.7045669108629227,7.0,8.0,0.0,21.0,0.0,2.0
250,"Doctor, my husband hasn't had a drink in three days and now he's shaking and seeing things—I think he's got the diddleums.",had a,had a,is_multiword,0,4,4|5,1,0.0,0,1.0,,,,,,,,,,,,,,,,,,,,,,,,,,,,,,,doctor my husband hasn't <mask> <mask> drink in three days and now he's shaking and seeing things-i think he's got the diddleums,▁had ▁a,2.0,0.3868936825741391,0.9496053457260132,0.4748026728630066,had a,0.3868936825741391,0.0,0.0,4.0,5.0,0.0,21.0,0.0,2.0
250,"Doctor, my husband hasn't had a drink in three days and now he's shaking and seeing things—I think he's got the diddleums.",had a drink,had a drink,is_multiword,0,4,4|5|6,1,2.4731025298436484,0,1.0,,,,,,,,,,,,,,,,,,,,,,,,,,,,,,,doctor my husband hasn't <mask> <mask> <mask> in three days and now he's shaking and seeing things-i think he's got the diddleums,▁had ▁a ▁drink,3.0,1.9750213966708614e-06,13.134931325912476,4.378310441970825,seen a ed,0.0032940952337005,7.419307589530945,2.4731025298436484,4.0,6.0,0.0,21.0,0.0,3.0
250,"Doctor, my husband hasn't had a drink in three days and now he's shaking and seeing things—I think he's got the diddleums.",a drink,a drink,is_multiword,0,5,5|6,1,2.204252243041992,0,1.0,,,,,,,,,,,,,,,,,,,,,,,,,,,,,,,doctor my husband hasn't had <mask> <mask> in three days and now he's shaking and seeing things-i think he's got the diddleums,▁a ▁drink,2.0,0.000608880433046,7.403888642787933,3.701944321393967,a cold,0.0500174088724872,4.408504486083984,2.204252243041992,5.0,6.0,0.0,21.0,0.0,2.0
251,"Doctor, I can't sleep and I keep seeing things that aren't there—could this be the hoo-jahs from quitting whiskey cold turkey?",aren't there,aren't there,is_multiword,0,10,10|11,1,3.035781843321664,0,1.0,,,,,,,,,,,,,,,,,,,,,,,,,,,,,,,doctor i can't sleep and i keep seeing things that <mask> <mask> <mask> <mask> <mask> <mask> <mask> this be the hoo-jahs from quitting whiskey cold turkey,▁aren ' t ▁there - co uld,7.0,3.682110311514281e-17,37.840460538864136,5.405780076980591,are ' ' . . . can,6.238208915080592e-08,21.250472903251648,3.035781843321664,10.0,11.0,0.0,20.0,0.0,2.0
253,"Doctor, I think my husband has the horries—he's been shaking, sweating, and seeing things ever since he stopped drinking three days ago.",horries he's,horries he's,is_multiword,0,7,7|8,1,4.147269027573722,0,1.0,,,,,,,,,,,,,,,,,,,,,,,,,,,,,,,doctor i think my husband has the <mask> <mask> <mask> <mask> <mask> <mask> <mask> shaking sweating and seeing things ever since he stopped drinking three days ago,▁horri es - he ' s ▁been,7.0,1.081245936664252e-19,43.67100274562836,6.238714677946908,same of drink he he he been,4.38406378196609e-07,29.03088319301605,4.147269027573722,7.0,8.0,0.0,21.0,0.0,2.0
254,"I'm worried about my dad, doctor—he's got the horries bad, can't stop trembling and his heart's racing like crazy.",horries bad,horries bad,is_multiword,0,9,9|10,1,1.7145718932151794,0,1.0,,,,,,,,,,,,,,,,,,,,,,,,,,,,,,,i'm worried about my dad doctor-he's got the horries <mask> <mask> <mask> <mask> stop trembling and his heart's racing like crazy,▁bad ▁can ' t,4.0,1.1211958913539317e-05,11.398529589176178,2.8496323972940445,and he ' t,0.010670823727551,6.858287572860718,1.7145718932151794,9.0,10.0,0.0,18.0,0.0,2.0
257,"Doctor, my husband hasn't had a drink in three days and now he's got the jumps—shaking, sweating, and seeing things that aren't there.",had a,had a,is_multiword,0,4,4|5,1,0.0,0,1.0,,,,,,,,,,,,,,,,,,,,,,,,,,,,,,,doctor my husband hasn't <mask> <mask> drink in three days and now he's got the jumps-shaking sweating and seeing things that aren't there,▁had ▁a,2.0,0.4299851006915181,0.8440047204494476,0.4220023602247238,had a,0.4299851006915181,0.0,0.0,4.0,5.0,0.0,22.0,0.0,2.0
257,"Doctor, my husband hasn't had a drink in three days and now he's got the jumps—shaking, sweating, and seeing things that aren't there.",had a drink,had a drink,is_multiword,0,4,4|5|6,1,2.23354971408844,0,1.0,,,,,,,,,,,,,,,,,,,,,,,,,,,,,,,doctor my husband hasn't <mask> <mask> <mask> in three days and now he's got the jumps-shaking sweating and seeing things that aren't there,▁had ▁a ▁drink,3.0,2.631872371433361e-06,12.847815036773682,4.282605012257894,seen a ed,0.0021395368587656,6.70064914226532,2.23354971408844,4.0,6.0,0.0,22.0,0.0,3.0
257,"Doctor, my husband hasn't had a drink in three days and now he's got the jumps—shaking, sweating, and seeing things that aren't there.",a drink,a drink,is_multiword,0,5,5|6,1,2.8044089674949646,0,1.0,,,,,,,,,,,,,,,,,,,,,,,,,,,,,,,doctor my husband hasn't had <mask> <mask> in three days and now he's got the jumps-shaking sweating and seeing things that aren't there,▁a ▁drink,2.0,0.000358502375201,7.93357527256012,3.96678763628006,a cold,0.0978071752987033,5.608817934989929,2.8044089674949646,5.0,6.0,0.0,22.0,0.0,2.0
264,My husband hasn't had a drink in two days and now he's seeing things and can't sleep—is this that black dog you warned us about?,had a,had a,is_multiword,0,3,3|4,1,0.0,0,1.0,,,,,,,,,,,,,,,,,,,,,,,,,,,,,,,my husband hasn't <mask> <mask> drink in two days and now he's seeing things and can't sleep-is this that black dog you warned us about,▁had ▁a,2.0,0.2713549955279704,1.304327368736267,0.6521636843681335,had a,0.2713549955279704,0.0,0.0,3.0,4.0,0.0,24.0,0.0,2.0
264,My husband hasn't had a drink in two days and now he's seeing things and can't sleep—is this that black dog you warned us about?,had a drink,had a drink,is_multiword,0,3,3|4|5,1,2.639657417933146,0,1.0,,,,,,,,,,,,,,,,,,,,,,,,,,,,,,,my husband hasn't <mask> <mask> <mask> in two days and now he's seeing things and can't sleep-is this that black dog you warned us about,▁had ▁a ▁drink,3.0,5.764332998808099e-07,14.366406202316284,4.788802067438762,seen a bed,0.0015845830780143,7.9189722537994385,2.639657417933146,3.0,5.0,0.0,24.0,0.0,3.0
264,My husband hasn't had a drink in two days and now he's seeing things and can't sleep—is this that black dog you warned us about?,a drink,a drink,is_multiword,0,4,4|5,1,1.8829402327537537,0,1.0,,,,,,,,,,,,,,,,,,,,,,,,,,,,,,,my husband hasn't had <mask> <mask> in two days and now he's seeing things and can't sleep-is this that black dog you warned us about,▁a ▁drink,2.0,0.0014490821229653,6.536824941635132,3.268412470817566,a dog,0.0626028499141239,3.7658804655075073,1.8829402327537537,4.0,5.0,0.0,24.0,0.0,2.0
265,I'm worried my dad's been going through the jimmies; he's been so restless and confused since he tried to quit cold turkey.,cold turkey,cold turkey,is_multiword,0,20,20|21,1,8.064221660296122,1,1.0,,,,,,,,,,,,,,,,,,,,,,,,,,,,,,,i'm worried my dad's been going through the jimmies he's been so restless and confused since he tried to quit <mask> <mask> <mask>,▁cold ▁tur key,3.0,5.4134942838882177e-14,30.54729652404785,10.182432174682615,the . .,0.0017386757075245,24.192664980888367,8.064221660296122,20.0,21.0,0.0,21.0,0.0,2.0
270,"Doctor, my husband keeps getting completely arseholed every night and I’m worried about his liver—he’s been vomiting bile this morning.",keeps getting,keeps getting,is_multiword,0,3,3|4,1,2.3953794638315835,1,1.0,,,,,,,,,,,,,,,,,,,,,,,,,,,,,,,doctor my husband <mask> <mask> <mask> completely arseholed every night and i'm worried about his liver-he's been vomiting bile this morning,▁keep s ▁getting,3.0,1.589482117118129e-05,11.049517214298248,3.6831724047660823,' s been,0.02099693461131,7.186138391494751,2.3953794638315835,3.0,4.0,0.0,19.0,0.0,2.0
270,"Doctor, my husband keeps getting completely arseholed every night and I’m worried about his liver—he’s been vomiting bile this morning.",he’s been,he's been,is_multiword,0,15,15|16,1,3.494226455688477,0,1.0,,,,,,,,,,,,,,,,,,,,,,,,,,,,,,,doctor my husband keeps getting completely arseholed every night and i'm worried about his liver-he's <mask> <mask> <mask> <mask> bile this morning,▁been ▁vom i ting,4.0,9.63103267101798e-11,23.06344556808472,5.765861392021179,been a to of,0.0001131790199694,13.976905822753906,3.494226455688477,15.0,16.0,0.0,19.0,0.0,2.0
270,"Doctor, my husband keeps getting completely arseholed every night and I’m worried about his liver—he’s been vomiting bile this morning.",he’s been vomiting,he's been vomiting,is_multiword,0,15,15|16|17,1,4.392886352539063,0,1.0,,,,,,,,,,,,,,,,,,,,,,,,,,,,,,,doctor my husband keeps getting completely arseholed every night and i'm worried about his liver-he's <mask> <mask> <mask> <mask> <mask> this morning,▁been ▁vom i ting ▁bile,5.0,2.140061187083875e-16,36.08052706718445,7.21610541343689,been a a a s,7.403851564303678e-07,21.964431762695312,4.392886352539063,15.0,17.0,0.0,19.0,0.0,3.0
270,"Doctor, my husband keeps getting completely arseholed every night and I’m worried about his liver—he’s been vomiting bile this morning.",been vomiting,been vomiting,is_multiword,0,16,16|17,1,5.477586805820465,0,1.0,,,,,,,,,,,,,,,,,,,,,,,,,,,,,,,doctor my husband keeps getting completely arseholed every night and i'm worried about his liver-he's been <mask> <mask> <mask> <mask> this morning,▁vom i ting ▁bile,4.0,6.4012176177918986e-15,32.68228816986084,8.17057204246521,getting ing a from,2.098000017659167e-05,21.91034722328186,5.477586805820465,16.0,17.0,0.0,19.0,0.0,2.0
271,"Doctor, I think I might be getting loaded too often—my liver's been aching and I feel sick every morning.",getting loaded,getting loaded,is_multiword,0,6,6|7,1,4.340376615524292,0,1.0,,,,,,,,,,,,,,,,,,,,,,,,,,,,,,,doctor i think i might be <mask> <mask> <mask> too often-my liver's been aching and i feel sick every morning,▁getting ▁load ed,3.0,2.748414465262876e-09,19.71224164962769,6.5707472165425616,getting ing it,0.0012419012555062,13.021129846572876,4.340376615524292,6.0,7.0,0.0,18.0,0.0,2.0
274,"My husband comes home soused every evening, and this morning he couldn't even stand up straight—I'm scared he's got something wrong with his balance.",he's got,he's got,is_multiword,0,18,18|19,1,0.5396499633789062,1,1.0,,,,,,,,,,,,,,,,,,,,,,,,,,,,,,,my husband comes home soused every evening and this morning he couldn't even stand up straight-i'm scared he's <mask> <mask> wrong with his balance,▁got ▁something,2.0,0.1208516648210838,2.113191395998001,1.0565956979990003,doing something,0.3556203786338464,1.0792999267578125,0.5396499633789062,18.0,19.0,0.0,23.0,0.0,2.0
276,"My husband keeps saying he's just afloat from a little celebration, but he's been stumbling and slurring his words all morning, and I'm worried it's more than that.",afloat from,afloat from,is_multiword,0,6,6|7,1,7.168407678604126,0,1.0,,,,,,,,,,,,,,,,,,,,,,,,,,,,,,,my husband keeps saying he's just <mask> <mask> <mask> <mask> a little celebration but he's been stumbling and slurring his words all morning and i'm worried it's more than that,▁af lo at ▁from,4.0,1.059176055460805e-15,34.481285095214844,8.620321273803711,gonna to to for,0.0030044691541344,28.673630714416504,7.168407678604126,6.0,7.0,0.0,27.0,0.0,2.0
277,"Doctor, I’m here because my husband’s been showing signs of inebriation every evening, but he says he hasn’t had a drop to drink.",to drink,to drink,is_multiword,0,21,21|22,1,6.284326374530792,1,1.0,,,,,,,,,,,,,,,,,,,,,,,,,,,,,,,doctor i'm here because my husband's been showing signs of inebriation every evening but he says he hasn't had a drop <mask> <mask>,▁to ▁drink,2.0,3.89176264156502e-07,14.759233474731444,7.379616737365723,yet </s>,0.1118517745563979,12.568652749061584,6.284326374530792,21.0,22.0,0.0,22.0,0.0,2.0
283,"I think I was abroad again this morning, doc—I woke up with no memory of last night and my head's pounding like a drum.",with no,with no,is_multiword,0,12,12|13,1,3.653360396623612,0,1.0,,,,,,,,,,,,,,,,,,,,,,,,,,,,,,,i think i was abroad again this morning doc-i woke up with <mask> <mask> of last night and my head's pounding like a drum,▁no ▁memory,2.0,5.5123815766450126e-05,9.805928707122805,4.902964353561401,the sound,0.0821500427692136,7.306720793247223,3.653360396623612,12.0,13.0,0.0,23.0,0.0,2.0
284,"Doctor, my husband came home last night looking really abroad—slurring his words and stumbling—and I'm worried it might be more than just a few drinks.",abroad slurring,abroad slurring,is_multiword,0,9,9|10,1,5.37012425490788,0,1.0,,,,,,,,,,,,,,,,,,,,,,,,,,,,,,,doctor my husband came home last night looking really <mask> <mask> <mask> <mask> <mask> <mask> <mask> words and stumbling-and i'm worried it might be more than just a few drinks,▁ab road - s lur ring ▁his,7.0,1.1263319477187942e-24,55.14307594299317,7.877582277570452,bad and he a a with of,2.383272600282956e-08,37.59086978435517,5.37012425490788,9.0,10.0,0.0,24.0,0.0,2.0
285,"Doctor, I think my husband might be airlocked again—he can't even walk straight and keeps slurring his words since last night.",keeps slurring,keeps slurring,is_multiword,0,15,15|16,1,5.051352381706238,0,1.0,,,,,,,,,,,,,,,,,,,,,,,,,,,,,,,doctor i think my husband might be airlocked again-he can't even walk straight and keeps <mask> <mask> <mask> <mask> words since last night,▁slu r ring ▁his,4.0,2.0393123956720602e-13,29.220993518829346,7.305248379707336,trying ing ing ing,0.0001215014948454,20.20540952682495,5.051352381706238,15.0,16.0,0.0,20.0,0.0,2.0
286,"I'm worried about my son, he's been acting strange and stumbling around—could he be airlocked from all the partying he did yesterday?",stumbling around,stumbling around,is_multiword,0,10,10|11,1,5.477983815329416,1,1.0,,,,,,,,,,,,,,,,,,,,,,,,,,,,,,,i'm worried about my son he's been acting strange and <mask> <mask> <mask> <mask> <mask> <mask> <mask> he be airlocked from all the partying he did yesterday,▁ stum bling ▁around - co uld,7.0,2.0677352690426127e-25,56.838173389434814,8.119739055633545,he to . . . how will,9.308976547709003e-09,38.34588670730591,5.477983815329416,10.0,11.0,0.0,21.0,0.0,2.0
289,"Doctor, my husband's been coming home with that zigzag look every night—he can't walk straight and his words are slurred.",husband's been,husband's been,is_multiword,0,2,2|3,1,1.0389528572559357,0,1.0,,,,,,,,,,,,,,,,,,,,,,,,,,,,,,,doctor my <mask> <mask> <mask> <mask> coming home with that zigzag look every night-he can't walk straight and his words are slurred,▁husband ' s ▁been,4.0,7.807985399499457e-06,11.760363578796388,2.9400908946990967,son is ' s,0.0004981784808968,4.155811429023743,1.0389528572559357,2.0,3.0,0.0,19.0,0.0,2.0
289,"Doctor, my husband's been coming home with that zigzag look every night—he can't walk straight and his words are slurred.",husband's been coming,husband's been coming,is_multiword,0,2,2|3|4,1,1.1889335632324218,0,1.0,,,,,,,,,,,,,,,,,,,,,,,,,,,,,,,doctor my <mask> <mask> <mask> <mask> <mask> home with that zigzag look every night-he can't walk straight and his words are slurred,▁husband ' s ▁been ▁coming,5.0,2.0136803366509286e-07,15.418131589889526,3.083626317977905,son is ' to at,7.68647039067742e-05,5.944667816162109,1.1889335632324218,2.0,4.0,0.0,19.0,0.0,3.0
289,"Doctor, my husband's been coming home with that zigzag look every night—he can't walk straight and his words are slurred.",been coming,been coming,is_multiword,0,3,3|4,1,0.5237197875976562,1,1.0,,,,,,,,,,,,,,,,,,,,,,,,,,,,,,,doctor my husband's <mask> <mask> home with that zigzag look every night-he can't walk straight and his words are slurred,▁been ▁coming,2.0,0.0151886623133132,4.187206029891968,2.093603014945984,coming at,0.043292907576619,1.0474395751953125,0.5237197875976562,3.0,4.0,0.0,19.0,0.0,2.0
292,"Doctor, I think my husband is stewed again—he can't even walk straight and keeps slurring his words.",keeps slurring,keeps slurring,is_multiword,0,14,14|15,1,5.053477108478546,0,1.0,,,,,,,,,,,,,,,,,,,,,,,,,,,,,,,doctor i think my husband is stewed again-he can't even walk straight and keeps <mask> <mask> <mask> <mask> words,▁slu r ring ▁his,4.0,2.6332821236742e-13,28.965375185012817,7.241343796253204,saying ing ing his,0.0001582290721633,20.213908433914185,5.053477108478546,14.0,15.0,0.0,16.0,0.0,2.0
299,"My husband's been banged up to the eyes for the third time this week, and I'm scared he won't wake up properly.",husband's been,husband's been,is_multiword,0,1,1|2,1,0.7565298080444336,0,1.0,,,,,,,,,,,,,,,,,,,,,,,,,,,,,,,my <mask> <mask> <mask> <mask> banged up to the eyes for the third time this week and i'm scared he won't wake up properly,▁husband ' s ▁been,4.0,8.901981209856064e-06,11.629236698150637,2.9073091745376587,son is ' been,0.0001835327438162,3.0261192321777344,0.7565298080444336,1.0,2.0,0.0,21.0,0.0,2.0
299,"My husband's been banged up to the eyes for the third time this week, and I'm scared he won't wake up properly.",husband's been banged,husband's been banged,is_multiword,0,1,1|2|3,1,2.142076432704925,0,1.0,,,,,,,,,,,,,,,,,,,,,,,,,,,,,,,my <mask> <mask> <mask> <mask> <mask> <mask> up to the eyes for the third time this week and i'm scared he won't wake up properly,▁husband ' s ▁been ▁bang ed,6.0,3.671578221312418e-12,26.33039951324463,4.3883999188741045,son is s ' to him,1.401537209375019e-06,12.852458596229551,2.142076432704925,1.0,3.0,0.0,21.0,0.0,3.0
299,"My husband's been banged up to the eyes for the third time this week, and I'm scared he won't wake up properly.",been banged,been banged,is_multiword,0,2,2|3,1,2.379524310429891,0,1.0,,,,,,,,,,,,,,,,,,,,,,,,,,,,,,,my husband's <mask> <mask> <mask> up to the eyes for the third time this week and i'm scared he won't wake up properly,▁been ▁bang ed,3.0,3.217115592026339e-07,14.949610471725464,4.983203490575154,son is me,0.0004052373794603,7.138572931289673,2.379524310429891,2.0,3.0,0.0,21.0,0.0,2.0
300,"Doctor, I think I'm banged up to the eyes—I can't stop shaking and my head is pounding since last night.",banged up,banged up,is_multiword,0,4,4|5,1,4.189403454462688,1,1.0,,,,,,,,,,,,,,,,,,,,,,,,,,,,,,,doctor i think i'm <mask> <mask> <mask> to the eyes-i can't stop shaking and my head is pounding since last night,▁bang ed ▁up,3.0,1.6219528370398767e-08,17.937049865722656,5.979016621907552,getting ing ing,0.0046595355540029,12.568210363388062,4.189403454462688,4.0,5.0,0.0,19.0,0.0,2.0
305,"My son's been showing up to work with all sails set again, and his boss called me saying he needs to see a doctor about his drinking.",showing up,showing up,is_multiword,0,3,3|4,1,3.7869988679885855,0,1.0,,,,,,,,,,,,,,,,,,,,,,,,,,,,,,,my son's been <mask> <mask> to work with all sails set again and his boss called me saying he needs to see a doctor about his drinking,▁showing ▁up,2.0,3.573173003155173e-06,12.542056560516356,6.271028280258179,forced ed,0.0069566389932544,7.573997735977173,3.7869988679885855,3.0,4.0,0.0,26.0,0.0,2.0
306,"Doctor, I'm worried about my husband—he's been coming home with all sails set almost every night this week, and I don't know how to help him.",been coming,been coming,is_multiword,0,7,7|8,1,3.129178881645202,1,1.0,,,,,,,,,,,,,,,,,,,,,,,,,,,,,,,doctor i'm worried about my husband-he's been <mask> <mask> with all sails set almost every night this week and i don't know how to help him,▁coming ▁home,2.0,7.035676323386106e-06,11.864516735076904,5.932258367538452,so ing,0.003675158669826,6.258357763290405,3.129178881645202,7.0,8.0,0.0,25.0,0.0,2.0
307,"I’m here for my son, he’s only sixteen and he came home totally afflicted, throwing up and barely conscious—can you check him out?",totally afflicted,totally afflicted,is_multiword,0,12,12|13,1,8.57185184955597,1,1.0,,,,,,,,,,,,,,,,,,,,,,,,,,,,,,,i'm here for my son he's only sixteen and he came home <mask> <mask> <mask> <mask> throwing up and barely conscious-can you check him out,▁totally ▁af flict ed,4.0,1.5110323017078089e-18,41.03373861312866,10.258434653282166,with he ' s,0.0011751832161482,34.28740739822388,8.57185184955597,12.0,13.0,0.0,22.0,0.0,2.0
307,"I’m here for my son, he’s only sixteen and he came home totally afflicted, throwing up and barely conscious—can you check him out?",throwing up,throwing up,is_multiword,0,14,14|15,1,7.640120059251785,1,1.0,,,,,,,,,,,,,,,,,,,,,,,,,,,,,,,i'm here for my son he's only sixteen and he came home totally afflicted <mask> <mask> <mask> and barely conscious-can you check him out,▁throw ing ▁up,3.0,7.157509755323299e-13,27.965444087982178,9.32181469599406,with the s,0.0064409198821266,22.92036017775536,7.640120059251785,14.0,15.0,0.0,22.0,0.0,2.0
310,"I'm worried about my dad—he's been getting bamboozled almost every evening, and now his liver tests are all over the place.",been getting,been getting,is_multiword,0,6,6|7,1,6.568570709228515,0,1.0,,,,,,,,,,,,,,,,,,,,,,,,,,,,,,,i'm worried about my dad-he's been <mask> <mask> <mask> <mask> <mask> almost every evening and now his liver tests are all over the place,▁getting ▁ba mbo oz led,5.0,1.105091324287462e-20,45.95177388191223,9.190354776382446,in ing  the s,2.0270676111546534e-06,32.84285354614258,6.568570709228515,6.0,7.0,0.0,20.0,0.0,2.0
310,"I'm worried about my dad—he's been getting bamboozled almost every evening, and now his liver tests are all over the place.",been getting bamboozled,been getting bamboozled,is_multiword,0,6,6|7|8,1,5.499825914700826,0,1.0,,,,,,,,,,,,,,,,,,,,,,,,,,,,,,,i'm worried about my dad-he's been <mask> <mask> <mask> <mask> <mask> <mask> every evening and now his liver tests are all over the place,▁getting ▁ba mbo oz led ▁almost,6.0,9.502978275070234e-23,50.70785188674927,8.451308647791544,sick ing and and to s,2.0376238415366263e-08,32.99895548820496,5.499825914700826,6.0,8.0,0.0,20.0,0.0,3.0
310,"I'm worried about my dad—he's been getting bamboozled almost every evening, and now his liver tests are all over the place.",getting bamboozled,getting bamboozled,is_multiword,0,7,7|8,1,6.383932423591614,0,1.0,,,,,,,,,,,,,,,,,,,,,,,,,,,,,,,i'm worried about my dad-he's been getting <mask> <mask> <mask> <mask> <mask> every evening and now his liver tests are all over the place,▁ba mbo oz led ▁almost,5.0,2.9795787467574513e-20,44.9599199295044,8.991983985900879,sick of of the s,2.171140805903785e-06,31.91966211795807,6.383932423591614,7.0,8.0,0.0,20.0,0.0,2.0
312,"Doctor, I think I've got a real bang-up from last night—my head's pounding and I can't stop shaking.",bang-up from,bang-up from,is_multiword,0,7,7|8,1,2.52105712890625,0,1.0,,,,,,,,,,,,,,,,,,,,,,,,,,,,,,,doctor i think i've got a real <mask> <mask> <mask> <mask> last night-my head's pounding and i can't stop shaking,▁bang - up ▁from,4.0,2.149872858884407e-09,19.957857131958008,4.989464282989502,bad of from from,5.15154592188234e-05,10.084228515625,2.52105712890625,7.0,8.0,0.0,17.0,0.0,2.0
313,My husband's been acting about right all week—he's slurring his words and stumbling even when he hasn't had a drop since breakfast.,about right,about right,is_multiword,1,4,4|5,1,4.056982100009918,0,1.0,,,,,,,,,,,,,,,,,,,,,,,,,,,,,,,my husband's been acting <mask> <mask> all week-he's slurring his words and stumbling even when he hasn't had a drop since breakfast,▁about ▁right,2.0,7.77107609477947e-06,11.765101909637451,5.882550954818726,like me,0.0259615752364335,8.113964200019836,4.056982100009918,4.0,5.0,0.0,21.0,0.0,2.0
315,"Doctor, I think my husband has his ass on backwards—he's been stumbling and slurring his words since noon.",ass on,ass on,is_multiword,0,7,7|8,1,3.4628354907035828,0,1.0,,,,,,,,,,,,,,,,,,,,,,,,,,,,,,,doctor i think my husband has his <mask> <mask> backwards-he's been stumbling and slurring his words since noon,▁ass ▁on,2.0,1.7641554773322976e-05,10.945253372192385,5.472626686096191,head going,0.0179604638287879,6.9256709814071655,3.4628354907035828,7.0,8.0,0.0,17.0,0.0,2.0
316,"Doctor, I'm worried my son's got his ass on backwards—he can't even walk straight and keeps saying his head is spinning.",son's got,son's got,is_multiword,0,4,4|5,1,1.5697755217552185,1,1.0,,,,,,,,,,,,,,,,,,,,,,,,,,,,,,,doctor i'm worried my <mask> <mask> <mask> <mask> his ass on backwards-he can't even walk straight and keeps saying his head is spinning,▁son ' s ▁got,4.0,5.910538767678316e-07,14.341358661651611,3.585339665412903,son is to ing,0.0003152146966528,6.279102087020874,1.5697755217552185,4.0,5.0,0.0,20.0,0.0,2.0
316,"Doctor, I'm worried my son's got his ass on backwards—he can't even walk straight and keeps saying his head is spinning.",ass on,ass on,is_multiword,0,7,7|8,1,3.2052592635154724,0,1.0,,,,,,,,,,,,,,,,,,,,,,,,,,,,,,,doctor i'm worried my son's got his <mask> <mask> backwards-he can't even walk straight and keeps saying his head is spinning,▁ass ▁on,2.0,4.2235673119934e-05,10.072245359420776,5.036122679710388,head moving,0.0256881153343721,6.410518527030945,3.2052592635154724,7.0,8.0,0.0,20.0,0.0,2.0
323,"Doctor, my husband came home last night completely baked again, and this morning he can't stop shaking and says he sees things that aren't there.",aren't there,aren't there,is_multiword,0,23,23|24,1,3.230905622243881,1,1.0,,,,,,,,,,,,,,,,,,,,,,,,,,,,,,,doctor my husband came home last night completely baked again and this morning he can't stop shaking and says he sees things that <mask> <mask> <mask> <mask>,▁aren ' t ▁there,4.0,2.5580844905125133e-10,22.086592197418213,5.521648049354553,are not him .,0.0001048510581697,12.923622488975523,3.230905622243881,23.0,24.0,0.0,24.0,0.0,2.0
324,"I'm worried about my son, he keeps getting baked every weekend and now he's throwing up bile and complaining about terrible stomach pain.",throwing up,throwing up,is_multiword,0,14,14|15,1,2.496051788330078,1,1.0,,,,,,,,,,,,,,,,,,,,,,,,,,,,,,,i'm worried about my son he keeps getting baked every weekend and now he's <mask> <mask> <mask> bile and complaining about terrible stomach pain,▁throw ing ▁up,3.0,4.305506663869369e-06,12.355615735054016,4.118538578351338,getting ing ing,0.0076928775625832,7.488155364990234,2.496051788330078,14.0,15.0,0.0,22.0,0.0,2.0
326,"My son’s been slurring his words and stumbling since lunch, and he hasn’t touched a drop—could this be Adrian acting up?",slurring his,slurring his,is_multiword,0,3,3|4,1,4.186745643615723,0,1.0,,,,,,,,,,,,,,,,,,,,,,,,,,,,,,,my son's been <mask> <mask> <mask> <mask> words and stumbling since lunch and he hasn't touched a drop-could this be adrian acting up,▁slu r ring ▁his,4.0,1.6334952335637128e-12,27.140299081802368,6.785074770450592,a ing with with,3.063655949743166e-05,16.74698257446289,4.186745643615723,3.0,4.0,0.0,20.0,0.0,2.0
326,"My son’s been slurring his words and stumbling since lunch, and he hasn’t touched a drop—could this be Adrian acting up?",acting up,acting up,is_multiword,0,20,,1,,0,1.0,,,,,,,,,,,,,,,,,,,,,,,,,,,,,,,,,,,,,,,,,,,,,,
329,My husband's been acting strange and stumbling around the house—could he be alky up from his drinking last night?,alky up,alky up,is_multiword,1,13,13|14,1,3.396905899047852,0,1.0,,,,,,,,,,,,,,,,,,,,,,,,,,,,,,,my husband's been acting strange and stumbling around the house-could he be alky <mask> <mask> his drinking last night,▁up ▁from,2.0,6.771779563273208e-05,9.6001615524292,4.8000807762146,o after,0.0604251569879247,6.793811798095703,3.396905899047852,13.0,14.0,0.0,18.0,0.0,2.0
329,My husband's been acting strange and stumbling around the house—could he be alky up from his drinking last night?,alky up from,alky up from,is_multiword,0,13,13|14|15,1,5.384363849957784,1,1.0,,,,,,,,,,,,,,,,,,,,,,,,,,,,,,,my husband's been acting strange and stumbling around the house-could he be alky <mask> <mask> <mask> drinking last night,▁up ▁from ▁his,3.0,2.335109744073792e-09,19.87520694732666,6.62506898244222,o or was,0.0241827575559817,16.153091549873352,5.384363849957784,13.0,15.0,0.0,18.0,0.0,3.0
329,My husband's been acting strange and stumbling around the house—could he be alky up from his drinking last night?,up from,up from,is_multiword,0,14,14|15,1,1.4335173964500427,0,1.0,,,,,,,,,,,,,,,,,,,,,,,,,,,,,,,my husband's been acting strange and stumbling around the house-could he be alky up <mask> <mask> drinking last night,▁from ▁his,2.0,0.0013430792598804,6.61279034614563,3.306395173072815,after was,0.0236177778160681,2.867034792900085,1.4335173964500427,14.0,15.0,0.0,18.0,0.0,2.0
330,"Doctor, I think I might be alky up again—I can't stop shaking and my head's pounding worse than ever.",might be,might be,is_multiword,0,4,4|5,1,3.397565752267837,1,1.0,,,,,,,,,,,,,,,,,,,,,,,,,,,,,,,doctor i think i <mask> <mask> alky up again-i can't stop shaking and my head's pounding worse than ever,▁might ▁be,2.0,0.0004863569709196,7.628567695617676,3.814283847808838,' m,0.4345535090126604,6.795131504535675,3.397565752267837,4.0,5.0,0.0,18.0,0.0,2.0
330,"Doctor, I think I might be alky up again—I can't stop shaking and my head's pounding worse than ever.",might be alky,might be alky,is_multiword,0,4,4|5|6,1,6.172026515007019,0,1.0,,,,,,,,,,,,,,,,,,,,,,,,,,,,,,,doctor i think i <mask> <mask> <mask> <mask> up again-i can't stop shaking and my head's pounding worse than ever,▁might ▁be ▁al ky,4.0,9.1712451789395e-14,30.020118236541748,7.505029559135437,' to wake wake,0.0048343326882325,24.68810606002808,6.172026515007019,4.0,6.0,0.0,18.0,0.0,3.0
330,"Doctor, I think I might be alky up again—I can't stop shaking and my head's pounding worse than ever.",might be alky up,might be alky up,is_multiword,0,4,4|5|6|7,1,3.7293081879615775,0,1.0,,,,,,,,,,,,,,,,,,,,,,,,,,,,,,,doctor i think i <mask> <mask> <mask> <mask> <mask> again-i can't stop shaking and my head's pounding worse than ever,▁might ▁be ▁al ky ▁up,5.0,1.2648363368096276e-13,29.698663473129272,5.939732694625855,' m to to ing,1.585346398893485e-05,18.64654093980789,3.7293081879615775,4.0,7.0,0.0,18.0,0.0,4.0
330,"Doctor, I think I might be alky up again—I can't stop shaking and my head's pounding worse than ever.",be alky,be alky,is_multiword,0,5,5|6,1,7.132535298665364,0,1.0,,,,,,,,,,,,,,,,,,,,,,,,,,,,,,,doctor i think i might <mask> <mask> <mask> up again-i can't stop shaking and my head's pounding worse than ever,▁be ▁al ky,3.0,1.7020185664875146e-11,24.796621084213257,8.265540361404419,need wake wake,0.0334061525387325,21.397605895996094,7.132535298665364,5.0,6.0,0.0,18.0,0.0,2.0
330,"Doctor, I think I might be alky up again—I can't stop shaking and my head's pounding worse than ever.",be alky up,be alky up,is_multiword,0,5,5|6|7,1,3.5075857043266296,0,1.0,,,,,,,,,,,,,,,,,,,,,,,,,,,,,,,doctor i think i might <mask> <mask> <mask> <mask> again-i can't stop shaking and my head's pounding worse than ever,▁be ▁al ky ▁up,4.0,6.465201776920876e-11,23.46200180053711,5.865500450134277,need to this day,8.014612850210722e-05,14.03034281730652,3.5075857043266296,5.0,7.0,0.0,18.0,0.0,3.0
330,"Doctor, I think I might be alky up again—I can't stop shaking and my head's pounding worse than ever.",alky up,alky up,is_multiword,1,6,6|7,1,4.241095026334127,0,1.0,,,,,,,,,,,,,,,,,,,,,,,,,,,,,,,doctor i think i might be <mask> <mask> <mask> again-i can't stop shaking and my head's pounding worse than ever,▁al ky ▁up,3.0,1.2744671259138203e-09,20.480737686157227,6.826912562052409,getting ing ing,0.0004275443179869,12.72328507900238,4.241095026334127,6.0,7.0,0.0,18.0,0.0,2.0
332,"Doctor, I think I might be getting tight again—I've been shaky and seeing things in the corner of my eyes.",might be,might be,is_multiword,0,4,4|5,1,5.462761105969548,1,1.0,,,,,,,,,,,,,,,,,,,,,,,,,,,,,,,doctor i think i <mask> <mask> getting tight again-i've been shaky and seeing things in the corner of my eyes,▁might ▁be,2.0,1.655094995717776e-05,11.009067058563232,5.504533529281616,' m,0.9198498335864642,10.925522211939096,5.462761105969548,4.0,5.0,0.0,19.0,0.0,2.0
338,"My husband's been sneaking drinks and acting strange all week, is this what happens with too much boob blue?",boob blue,boob blue,is_multiword,1,17,17|18,1,6.811155835787456,0,1.0,,,,,,,,,,,,,,,,,,,,,,,,,,,,,,,my husband's been sneaking drinks and acting strange all week is this what happens with too much <mask> <mask> <mask>,▁ boob ▁blue,3.0,1.887441264040572e-11,24.693213939666748,8.23107131322225,sex ? </s>,0.0141258838238891,20.43346750736237,6.811155835787456,17.0,18.0,0.0,18.0,0.0,2.0
339,"Doctor, I think my husband's been hitting the chateau collapso again—he's shaking and can't remember last night.",hitting the,hitting the,is_multiword,0,6,6|7,1,2.1238442262013755,0,1.0,,,,,,,,,,,,,,,,,,,,,,,,,,,,,,,doctor i think my husband's been <mask> <mask> <mask> chateau collapso again-he's shaking and can't remember last night,▁hit ting ▁the,3.0,9.532057780664636e-07,13.86343502998352,4.621145009994507,in to de,0.0005575812354802,6.371532678604126,2.1238442262013755,6.0,7.0,0.0,16.0,0.0,2.0
345,My son's been acting strange and I found empty bottles in his room—he might be sneaking brew.,sneaking brew,sneaking brew,is_multiword,0,16,,1,,0,1.0,,,,,,,,,,,,,,,,,,,,,,,,,,,,,,,,,,,,,,,,,,,,,,
346,"Doctor, I think the brew I had last night is making my stomach burn something fierce.",burn something,burn something,is_multiword,0,13,13|14,1,3.7872331738471994,0,1.0,,,,,,,,,,,,,,,,,,,,,,,,,,,,,,,doctor i think the brew i had last night is making my stomach <mask> <mask> fierce,▁burn ▁something,2.0,2.628724353683033e-05,10.546426773071287,5.2732133865356445,feel more,0.0512028325422104,7.574466347694397,3.7872331738471994,13.0,14.0,0.0,15.0,0.0,2.0
346,"Doctor, I think the brew I had last night is making my stomach burn something fierce.",burn something fierce,burn something fierce,is_multiword,0,13,13|14|15,1,5.78260800242424,0,1.0,,,,,,,,,,,,,,,,,,,,,,,,,,,,,,,doctor i think the brew i had last night is making my stomach <mask> <mask> <mask> <mask>,▁burn ▁something ▁fier ce,4.0,2.8698760313318015e-15,33.48450756072998,8.371126890182495,feel more . .,3.186266687164663e-05,23.13043200969696,5.78260800242424,13.0,15.0,0.0,15.0,0.0,3.0
346,"Doctor, I think the brew I had last night is making my stomach burn something fierce.",something fierce,something fierce,is_multiword,0,14,14|15,1,6.938152194023132,0,1.0,,,,,,,,,,,,,,,,,,,,,,,,,,,,,,,doctor i think the brew i had last night is making my stomach burn <mask> <mask> <mask>,▁something ▁fier ce,3.0,2.2085013110968655e-12,26.838706970214844,8.946235656738281,t . </s>,0.0024193644720809,20.8144565820694,6.938152194023132,14.0,15.0,0.0,15.0,0.0,2.0
347,"Doctor, I think my wife’s been using the ammunition to cope with her back pain, and now she’s feeling sick every morning.",she’s feeling,she's feeling,is_multiword,0,17,17|18,1,0.5689125657081604,0,1.0,,,,,,,,,,,,,,,,,,,,,,,,,,,,,,,doctor i think my wife's been using the ammunition to cope with her back pain and now <mask> <mask> <mask> <mask> sick every morning,▁she ' s ▁feeling,4.0,0.0013165250634427,6.632759541273117,1.6581898853182793,she ' s so,0.0128153798515284,2.2756502628326416,0.5689125657081604,17.0,18.0,0.0,21.0,0.0,2.0
348,"My son’s been sneaking ammunition from the cabinet, and I’m worried it’s making his stomach problems worse.",it’s making,it's making,is_multiword,0,11,11|12,1,1.7569360975176096,1,1.0,,,,,,,,,,,,,,,,,,,,,,,,,,,,,,,my son's been sneaking ammunition from the cabinet and i'm worried <mask> <mask> <mask> <mask> his stomach problems worse,▁it ' s ▁making,4.0,2.1637624433466895e-05,10.7410768866539,2.685269221663475,he ' will make,0.024396087776099,7.027744390070438,1.7569360975176096,11.0,12.0,0.0,16.0,0.0,2.0
350,"Doctor, my son keeps sneaking sips from my bottles—I think he's been baptized again and it's making him dizzy.",keeps sneaking,keeps sneaking,is_multiword,0,3,3|4,1,3.527227067947388,0,1.0,,,,,,,,,,,,,,,,,,,,,,,,,,,,,,,doctor my son <mask> <mask> <mask> <mask> <mask> sips from my bottles-i think he's been baptized again and it's making him dizzy,▁keep s ▁sne a king,5.0,1.429713437188713e-13,29.57613217830658,5.915226435661316,is s s s he,6.524169852175397e-06,17.63613533973694,3.527227067947388,3.0,4.0,0.0,18.0,0.0,2.0
352,My son's been acting strange and I found a bottle hidden in his room—could it be the creepy pete causing his stomach pain and slurred speech?,creepy pete,creepy pete,is_multiword,1,18,18|19,1,3.4600130319595337,0,1.0,,,,,,,,,,,,,,,,,,,,,,,,,,,,,,,my son's been acting strange and i found a bottle hidden in his room-could it be the creepy <mask> <mask> <mask> his stomach pain and slurred speech,▁pe te ▁causing,3.0,7.301376999291864e-08,16.432617783546448,5.477539261182149,bottle ? causing,0.0023517896495325,10.3800390958786,3.4600130319595337,18.0,19.0,0.0,25.0,0.0,2.0
353,"Doctor, I've been drinking more black strap than usual to cope with the pain, and now my liver's giving me trouble.",liver's giving,liver's giving,is_multiword,0,17,17|18,1,2.0930960893630983,1,1.0,,,,,,,,,,,,,,,,,,,,,,,,,,,,,,,doctor i've been drinking more black strap than usual to cope with the pain and now my <mask> <mask> <mask> <mask> <mask> me trouble,▁ liver ' s ▁giving,5.0,4.767897035867211e-09,19.16136050224304,3.832272100448608,doctor is ' to giving,0.0001672735510481,10.46548044681549,2.0930960893630983,17.0,18.0,0.0,20.0,0.0,2.0
357,"My husband's been on the bivvy every night for months, and now his skin's gone yellow and he's confused all the time.",skin's gone,skin's gone,is_multiword,0,13,13|14,1,1.1105050146579742,0,1.0,,,,,,,,,,,,,,,,,,,,,,,,,,,,,,,my husband's been on the bivvy every night for months and now his <mask> <mask> <mask> <mask> yellow and he's confused all the time,▁skin ' s ▁gone,4.0,2.196107220450981e-06,13.028824210166931,3.257206052541733,eyes is s s,0.0001865513257711,4.442020058631897,1.1105050146579742,13.0,14.0,0.0,21.0,0.0,2.0
362,"Doctor, my son's been acting really strange and aggressive lately—I think he's been sneaking too much A-bomb juice with his friends after school.",really strange,really strange,is_multiword,0,5,5|6,1,2.7262174487113957,0,1.0,,,,,,,,,,,,,,,,,,,,,,,,,,,,,,,doctor my son's been acting <mask> <mask> and aggressive lately-i think he's been sneaking too much a-bomb juice with his friends after school,▁really ▁strange,2.0,9.788417238452626e-05,9.231725692749023,4.615862846374512,too hard,0.0228388831254557,5.452434897422791,2.7262174487113957,5.0,6.0,0.0,22.0,0.0,2.0
365,"Doctor, I think this artesian stuff I've been drinking is what's making my liver feel so heavy and sore.",artesian stuff,artesian stuff,is_multiword,0,4,4|5,1,10.212656696637472,0,1.0,,,,,,,,,,,,,,,,,,,,,,,,,,,,,,,doctor i think this <mask> <mask> <mask> i've been drinking is what's making my liver feel so heavy and sore,▁artes ian ▁stuff,3.0,4.9433861881228285e-16,35.24331092834473,11.747770309448242,is of what,0.0099982936211607,30.63797008991241,10.212656696637472,4.0,5.0,0.0,18.0,0.0,2.0
366,"My husband has been hitting the artesian hard every night, and now he's shaking and can't keep his breakfast down.",hitting the,hitting the,is_multiword,0,4,4|5,1,2.0590211550394693,1,1.0,,,,,,,,,,,,,,,,,,,,,,,,,,,,,,,my husband has been <mask> <mask> <mask> artesian hard every night and now he's shaking and can't keep his breakfast down,▁hit ting ▁the,3.0,3.161839193071984e-05,10.361771583557127,3.453923861185709,working ing the,0.0152266496716418,6.177063465118408,2.0590211550394693,4.0,5.0,0.0,19.0,0.0,2.0
366,"My husband has been hitting the artesian hard every night, and now he's shaking and can't keep his breakfast down.",hitting the artesian,hitting the artesian,is_multiword,0,4,4|5|6,1,6.497774600982666,0,1.0,,,,,,,,,,,,,,,,,,,,,,,,,,,,,,,my husband has been <mask> <mask> <mask> <mask> <mask> hard every night and now he's shaking and can't keep his breakfast down,▁hit ting ▁the ▁artes ian,5.0,7.025304207921356e-20,44.10218334197998,8.820436668395995,eating ing and and so,9.044892383685764e-06,32.48887300491333,6.497774600982666,4.0,6.0,0.0,19.0,0.0,3.0
366,"My husband has been hitting the artesian hard every night, and now he's shaking and can't keep his breakfast down.",the artesian,the artesian,is_multiword,0,5,5|6,1,8.42159903049469,0,1.0,,,,,,,,,,,,,,,,,,,,,,,,,,,,,,,my husband has been hitting <mask> <mask> <mask> hard every night and now he's shaking and can't keep his breakfast down,▁the ▁artes ian,3.0,1.3877628841078555e-14,31.908498287200928,10.636166095733644,his and so,0.0013021986215499,25.26479709148407,8.42159903049469,5.0,6.0,0.0,19.0,0.0,2.0
367,"My husband has been complaining about sharp pains in his right side, and he's been hitting the booze pretty hard lately—could that be causing it?",booze pretty,booze pretty,is_multiword,0,17,17|18,1,5.023412108421326,0,1.0,,,,,,,,,,,,,,,,,,,,,,,,,,,,,,,my husband has been complaining about sharp pains in his right side and he's been hitting the <mask> <mask> <mask> hard lately-could that be causing it,▁bo oze ▁pretty,3.0,1.186552081839541e-09,20.5522141456604,6.850738048553467,back s very,0.0041610916619513,15.070236325263975,5.023412108421326,17.0,18.0,0.0,24.0,0.0,2.0
367,"My husband has been complaining about sharp pains in his right side, and he's been hitting the booze pretty hard lately—could that be causing it?",booze pretty hard,booze pretty hard,is_multiword,0,17,17|18|19,1,5.677450120449066,0,1.0,,,,,,,,,,,,,,,,,,,,,,,,,,,,,,,my husband has been complaining about sharp pains in his right side and he's been hitting the <mask> <mask> <mask> <mask> lately-could that be causing it,▁bo oze ▁pretty ▁hard,4.0,6.029762715723271e-14,30.439483642578125,7.609870910644531,back of a times,0.0004395833722919,22.709800481796265,5.677450120449066,17.0,19.0,0.0,24.0,0.0,3.0
367,"My husband has been complaining about sharp pains in his right side, and he's been hitting the booze pretty hard lately—could that be causing it?",pretty hard,pretty hard,is_multiword,0,18,18|19,1,5.0540483593940735,1,1.0,,,,,,,,,,,,,,,,,,,,,,,,,,,,,,,my husband has been complaining about sharp pains in his right side and he's been hitting the booze <mask> <mask> lately-could that be causing it,▁pretty ▁hard,2.0,4.77743173381679e-07,14.554192543029783,7.277096271514893,bar s,0.0117242512701926,10.108096718788149,5.0540483593940735,18.0,19.0,0.0,24.0,0.0,2.0
371,"My husband's been shaky and sweating at night, and he admits he's been leaning on Channel Nine pretty hard to get through the day.",pretty hard,pretty hard,is_multiword,0,17,17|18,1,5.283462405204773,1,1.0,,,,,,,,,,,,,,,,,,,,,,,,,,,,,,,my husband's been shaky and sweating at night and he admits he's been leaning on channel nine <mask> <mask> to get through the day,▁pretty ▁hard,2.0,1.6940592142710394e-06,13.28838300704956,6.64419150352478,and trying,0.0657787660827853,10.566924810409546,5.283462405204773,17.0,18.0,0.0,23.0,0.0,2.0
372,"Doctor, I've been having these sharp pains in my side every morning, and I think it's from all the Channel Nine I've been hitting lately.",having these,having these,is_multiword,0,3,3|4,1,1.496566653251648,0,1.0,,,,,,,,,,,,,,,,,,,,,,,,,,,,,,,doctor i've been <mask> <mask> sharp pains in my side every morning and i think it's from all the channel nine i've been hitting lately,▁having ▁these,2.0,0.0022991450046547,6.075217962265015,3.0376089811325078,having with,0.0458635472151389,2.993133306503296,1.496566653251648,3.0,4.0,0.0,24.0,0.0,2.0
372,"Doctor, I've been having these sharp pains in my side every morning, and I think it's from all the Channel Nine I've been hitting lately.",from all,from all,is_multiword,0,16,16|17,1,5.519250929355621,1,1.0,,,,,,,,,,,,,,,,,,,,,,,,,,,,,,,doctor i've been having these sharp pains in my side every morning and i think it's <mask> <mask> the channel nine i've been hitting lately,▁from ▁all,2.0,2.5587350483359238e-06,12.87599754333496,6.4379987716674805,due of,0.1592156534644624,11.038501858711244,5.519250929355621,16.0,17.0,0.0,24.0,0.0,2.0
380,"My husband's been on the chateau cardboard every night for months, and I'm worried his memory lapses are getting worse.",lapses are,lapses are,is_multiword,0,16,16|17,1,2.213368773460388,1,1.0,,,,,,,,,,,,,,,,,,,,,,,,,,,,,,,my husband's been on the chateau cardboard every night for months and i'm worried his memory <mask> <mask> <mask> getting worse,▁lapse s ▁are,3.0,9.952357014306816e-06,11.517701148986816,3.839233716328939,' s s,0.0076153081398178,6.6401063203811646,2.213368773460388,16.0,17.0,0.0,19.0,0.0,2.0
381,"My husband’s been complaining about stomach trouble, and I’m wondering if it’s from the bombo he drinks every evening.",I’m wondering,i'm wondering,is_multiword,0,8,8|9,1,1.2721070647239685,1,1.0,,,,,,,,,,,,,,,,,,,,,,,,,,,,,,,my husband's been complaining about stomach trouble and <mask> <mask> <mask> <mask> if it's from the bombo he drinks every evening,▁i ' m ▁wondering,4.0,7.474887302224699e-06,11.803961515426636,2.950990378856659,he ' to as,0.0012119395648895,5.088428258895874,1.2721070647239685,8.0,9.0,0.0,18.0,0.0,2.0
384,"My dad's been hitting the big man every night for years, and lately he can't even walk to the bathroom without getting winded.",getting winded,getting winded,is_multiword,0,21,21|22,1,5.286293148994446,1,1.0,,,,,,,,,,,,,,,,,,,,,,,,,,,,,,,my dad's been hitting the big man every night for years and lately he can't even walk to the bathroom without <mask> <mask> <mask>,▁getting ▁wind ed,3.0,1.1218685783469367e-09,20.608270168304443,6.869423389434815,his . .,0.0086569681027137,15.858879446983336,5.286293148994446,21.0,22.0,0.0,22.0,0.0,2.0
385,"My husband’s been complaining about stomach pain and yellowing skin, and I’m worried it’s from all the amber fluid he’s been downing for years.",fluid he’s,fluid he's,is_multiword,0,18,18|19,1,1.6385144889354706,0,1.0,,,,,,,,,,,,,,,,,,,,,,,,,,,,,,,my husband's been complaining about stomach pain and yellowing skin and i'm worried it's from all the amber <mask> <mask> <mask> <mask> been downing for years,▁fluid ▁he ' s,4.0,1.992264583622456e-06,13.126238584518433,3.281559646129608,. that ' s,0.0013987439428123,6.554057955741882,1.6385144889354706,18.0,19.0,0.0,23.0,0.0,2.0
386,"Doctor, I’ve been waking up with a terrible headache and shaky hands every morning, and I think it’s from cutting back on the amber fluid too fast.",from cutting,from cutting,is_multiword,0,18,18|19,1,5.744098683198293,1,1.0,,,,,,,,,,,,,,,,,,,,,,,,,,,,,,,doctor i've been waking up with a terrible headache and shaky hands every morning and i think it's <mask> <mask> <mask> back on the amber fluid too fast,▁from ▁cu tting,3.0,1.6062157667104843e-09,20.24938488006592,6.749794960021973,time to get,0.0489434939756191,17.23229604959488,5.744098683198293,18.0,19.0,0.0,26.0,0.0,2.0
386,"Doctor, I’ve been waking up with a terrible headache and shaky hands every morning, and I think it’s from cutting back on the amber fluid too fast.",from cutting back,from cutting back,is_multiword,0,18,18|19|20,1,4.86290255188942,0,1.0,,,,,,,,,,,,,,,,,,,,,,,,,,,,,,,doctor i've been waking up with a terrible headache and shaky hands every morning and i think it's <mask> <mask> <mask> <mask> on the amber fluid too fast,▁from ▁cu tting ▁back,4.0,1.3156228519055885e-12,27.35671091079712,6.83917772769928,probably to to take,0.0003688573023412,19.45161020755768,4.86290255188942,18.0,20.0,0.0,26.0,0.0,3.0
386,"Doctor, I’ve been waking up with a terrible headache and shaky hands every morning, and I think it’s from cutting back on the amber fluid too fast.",from cutting back on,from cutting back on,is_multiword,0,18,18|19|20|21,1,4.546713185310364,0,1.0,,,,,,,,,,,,,,,,,,,,,,,,,,,,,,,doctor i've been waking up with a terrible headache and shaky hands every morning and i think it's <mask> <mask> <mask> <mask> <mask> the amber fluid too fast,▁from ▁cu tting ▁back ▁on,5.0,2.900422820222769e-15,33.47391986846924,6.694783973693848,probably to i to in,2.1653272895966262e-05,22.73356592655182,4.546713185310364,18.0,21.0,0.0,26.0,0.0,4.0
386,"Doctor, I’ve been waking up with a terrible headache and shaky hands every morning, and I think it’s from cutting back on the amber fluid too fast.",from cutting back on the,from cutting back on the,is_multiword,0,18,18|19|20|21|22,1,3.658061146736145,0,1.0,,,,,,,,,,,,,,,,,,,,,,,,,,,,,,,doctor i've been waking up with a terrible headache and shaky hands every morning and i think it's <mask> <mask> <mask> <mask> <mask> <mask> amber fluid too fast,▁from ▁cu tting ▁back ▁on ▁the,6.0,1.8727434037264583e-16,36.21395707130432,6.035659511884053,probably to i to in the,6.375773774498344e-07,21.94836688041687,3.658061146736145,18.0,22.0,0.0,26.0,0.0,5.0
386,"Doctor, I’ve been waking up with a terrible headache and shaky hands every morning, and I think it’s from cutting back on the amber fluid too fast.",from cutting back on the amber,from cutting back on the amber,is_multiword,0,18,18|19|20|21|22|23,1,4.441142529249191,0,1.0,,,,,,,,,,,,,,,,,,,,,,,,,,,,,,,doctor i've been waking up with a terrible headache and shaky hands every morning and i think it's <mask> <mask> <mask> <mask> <mask> <mask> <mask> <mask> fluid too fast,▁from ▁cu tting ▁back ▁on ▁the ▁amb er,8.0,3.099856799672434e-25,56.433271408081055,7.054158926010132,probably to the i i to in the,8.345477337129483e-10,35.52914023399353,4.441142529249191,18.0,23.0,0.0,26.0,0.0,6.0
386,"Doctor, I’ve been waking up with a terrible headache and shaky hands every morning, and I think it’s from cutting back on the amber fluid too fast.",cutting back,cutting back,is_multiword,0,19,19|20,1,5.035540382067363,0,1.0,,,,,,,,,,,,,,,,,,,,,,,,,,,,,,,doctor i've been waking up with a terrible headache and shaky hands every morning and i think it's from <mask> <mask> <mask> on the amber fluid too fast,▁cu tting ▁back,3.0,4.428120721239124e-10,21.537875652313232,7.179291884104411,my i ing,0.0016104292733564,15.106621146202087,5.035540382067363,19.0,20.0,0.0,26.0,0.0,2.0
386,"Doctor, I’ve been waking up with a terrible headache and shaky hands every morning, and I think it’s from cutting back on the amber fluid too fast.",cutting back on,cutting back on,is_multiword,0,19,19|20|21,1,5.164208263158798,0,1.0,,,,,,,,,,,,,,,,,,,,,,,,,,,,,,,doctor i've been waking up with a terrible headache and shaky hands every morning and i think it's from <mask> <mask> <mask> <mask> the amber fluid too fast,▁cu tting ▁back ▁on,4.0,3.284123671962738e-13,28.744506359100345,7.186126589775085,the i i of,0.0003073039280451,20.656833052635196,5.164208263158798,19.0,21.0,0.0,26.0,0.0,3.0
386,"Doctor, I’ve been waking up with a terrible headache and shaky hands every morning, and I think it’s from cutting back on the amber fluid too fast.",cutting back on the,cutting back on the,is_multiword,0,19,19|20|21|22,1,3.911998534202576,0,1.0,,,,,,,,,,,,,,,,,,,,,,,,,,,,,,,doctor i've been waking up with a terrible headache and shaky hands every morning and i think it's from <mask> <mask> <mask> <mask> <mask> amber fluid too fast,▁cu tting ▁back ▁on ▁the,5.0,8.378994247788769e-15,32.41304850578308,6.482609701156616,the i i or the,2.618115340379941e-06,19.55999267101288,3.911998534202576,19.0,22.0,0.0,26.0,0.0,4.0
386,"Doctor, I’ve been waking up with a terrible headache and shaky hands every morning, and I think it’s from cutting back on the amber fluid too fast.",cutting back on the amber,cutting back on the amber,is_multiword,0,19,19|20|21|22|23,1,5.2812169109072,0,1.0,,,,,,,,,,,,,,,,,,,,,,,,,,,,,,,doctor i've been waking up with a terrible headache and shaky hands every morning and i think it's from <mask> <mask> <mask> <mask> <mask> <mask> <mask> fluid too fast,▁cu tting ▁back ▁on ▁the ▁amb er,7.0,9.38776055242919e-24,53.0226354598999,7.574662208557129,the or or i i in the,1.066069549883819e-07,36.9685183763504,5.2812169109072,19.0,23.0,0.0,26.0,0.0,5.0
386,"Doctor, I’ve been waking up with a terrible headache and shaky hands every morning, and I think it’s from cutting back on the amber fluid too fast.",back on,back on,is_multiword,0,20,20|21,1,2.323705643415451,1,1.0,,,,,,,,,,,,,,,,,,,,,,,,,,,,,,,doctor i've been waking up with a terrible headache and shaky hands every morning and i think it's from cutting <mask> <mask> the amber fluid too fast,▁back ▁on,2.0,0.0004546883610495,7.695898294448851,3.8479491472244254,out of,0.0474306323160596,4.647411286830902,2.323705643415451,20.0,21.0,0.0,26.0,0.0,2.0
386,"Doctor, I’ve been waking up with a terrible headache and shaky hands every morning, and I think it’s from cutting back on the amber fluid too fast.",back on the,back on the,is_multiword,0,20,20|21|22,1,1.8910038868586223,0,1.0,,,,,,,,,,,,,,,,,,,,,,,,,,,,,,,doctor i've been waking up with a terrible headache and shaky hands every morning and i think it's from cutting <mask> <mask> <mask> amber fluid too fast,▁back ▁on ▁the,3.0,3.2119577884509643e-06,12.648629903793337,4.216209967931111,my in and,0.0009343885094481,5.673011660575867,1.8910038868586223,20.0,22.0,0.0,26.0,0.0,3.0
386,"Doctor, I’ve been waking up with a terrible headache and shaky hands every morning, and I think it’s from cutting back on the amber fluid too fast.",back on the amber,back on the amber,is_multiword,0,20,20|21|22|23,1,4.022749352455139,0,1.0,,,,,,,,,,,,,,,,,,,,,,,,,,,,,,,doctor i've been waking up with a terrible headache and shaky hands every morning and i think it's from cutting <mask> <mask> <mask> <mask> <mask> fluid too fast,▁back ▁on ▁the ▁amb er,5.0,1.3314299053074834e-14,31.94993782043457,6.389987564086914,my or or to the,7.237815973756413e-06,20.113746762275696,4.022749352455139,20.0,23.0,0.0,26.0,0.0,4.0
386,"Doctor, I’ve been waking up with a terrible headache and shaky hands every morning, and I think it’s from cutting back on the amber fluid too fast.",on the,on the,is_multiword,0,21,21|22,1,0.0,0,1.0,,,,,,,,,,,,,,,,,,,,,,,,,,,,,,,doctor i've been waking up with a terrible headache and shaky hands every morning and i think it's from cutting back <mask> <mask> amber fluid too fast,▁on ▁the,2.0,0.1563431073183531,1.85570228099823,0.927851140499115,on the,0.1563431073183531,0.0,0.0,21.0,22.0,0.0,26.0,0.0,2.0
386,"Doctor, I’ve been waking up with a terrible headache and shaky hands every morning, and I think it’s from cutting back on the amber fluid too fast.",on the amber,on the amber,is_multiword,0,21,21|22|23,1,2.9413395524024963,0,1.0,,,,,,,,,,,,,,,,,,,,,,,,,,,,,,,doctor i've been waking up with a terrible headache and shaky hands every morning and i think it's from cutting back <mask> <mask> <mask> <mask> fluid too fast,▁on ▁the ▁amb er,4.0,5.324350437922495e-10,21.35356020927429,5.338390052318573,on and ing the,6.853253241547369e-05,11.765358209609984,2.9413395524024963,21.0,23.0,0.0,26.0,0.0,3.0
386,"Doctor, I’ve been waking up with a terrible headache and shaky hands every morning, and I think it’s from cutting back on the amber fluid too fast.",the amber,the amber,is_multiword,0,22,22|23,1,3.2478739817937217,0,1.0,,,,,,,,,,,,,,,,,,,,,,,,,,,,,,,doctor i've been waking up with a terrible headache and shaky hands every morning and i think it's from cutting back on <mask> <mask> <mask> fluid too fast,▁the ▁amb er,3.0,3.902309016851662e-08,17.059112310409546,5.686370770136516,my to of,0.0006651550643423,9.743621945381165,3.2478739817937217,22.0,23.0,0.0,26.0,0.0,2.0
387,"Doctor, I’ve been waking up shaky and sick every morning, and I think it’s because I’ve been hitting the happy juice too hard lately.",hitting the,hitting the,is_multiword,0,17,17|18,1,2.6580773194630942,1,1.0,,,,,,,,,,,,,,,,,,,,,,,,,,,,,,,doctor i've been waking up shaky and sick every morning and i think it's because i've been <mask> <mask> <mask> happy juice too hard lately,▁hit ting ▁the,3.0,6.741852768529e-06,11.907175779342651,3.969058593114217,trying ing my,0.0195859301315776,7.974231958389282,2.6580773194630942,17.0,18.0,0.0,23.0,0.0,2.0
389,My husband’s been sneaking nose paint again—his breath smells like a distillery and he’s been throwing up bile every morning.,throwing up,throwing up,is_multiword,0,16,16|17,1,5.612401843070984,0,1.0,,,,,,,,,,,,,,,,,,,,,,,,,,,,,,,my husband's been sneaking nose paint again-his breath smells like a distillery and he's been throwing <mask> <mask> every morning,▁up ▁bile,2.0,1.8373241323089095e-07,15.509785413742064,7.754892706871033,a out,0.0137738732007144,11.224803686141968,5.612401843070984,16.0,17.0,0.0,19.0,0.0,2.0
394,"My husband's been hitting the bang-up pretty hard lately, and now he's complaining his stomach's burning something fierce.",hitting the,hitting the,is_multiword,0,3,3|4,1,1.928736368815104,0,1.0,,,,,,,,,,,,,,,,,,,,,,,,,,,,,,,my husband's been <mask> <mask> <mask> bang-up pretty hard lately and now he's complaining his stomach's burning something fierce,▁hit ting ▁the,3.0,3.304116285989464e-05,10.317756414413452,3.4392521381378174,trying ing his,0.0107640079454424,5.7862091064453125,1.928736368815104,3.0,4.0,0.0,17.0,0.0,2.0
394,"My husband's been hitting the bang-up pretty hard lately, and now he's complaining his stomach's burning something fierce.",hitting the bang-up,hitting the bang-up,is_multiword,0,3,3|4|5,1,4.09929637114207,1,1.0,,,,,,,,,,,,,,,,,,,,,,,,,,,,,,,my husband's been <mask> <mask> <mask> <mask> <mask> <mask> pretty hard lately and now he's complaining his stomach's burning something fierce,▁hit ting ▁the ▁bang - up,6.0,1.866784521276541e-17,38.519729137420654,6.419954856236775,having ing his he ' s,8.972324107978545e-07,24.595778226852417,4.09929637114207,3.0,5.0,0.0,17.0,0.0,3.0
394,"My husband's been hitting the bang-up pretty hard lately, and now he's complaining his stomach's burning something fierce.",hitting the bang-up pretty,hitting the bang-up pretty,is_multiword,0,3,3|4|5|6,1,3.9045953920909335,0,1.0,,,,,,,,,,,,,,,,,,,,,,,,,,,,,,,my husband's been <mask> <mask> <mask> <mask> <mask> <mask> <mask> hard lately and now he's complaining his stomach's burning something fierce,▁hit ting ▁the ▁bang - up ▁pretty,7.0,5.902004243152984e-20,44.27640986442566,6.3252014092036655,having ing his he he s so,4.3773285760150573e-08,27.332167744636536,3.9045953920909335,3.0,6.0,0.0,17.0,0.0,4.0
394,"My husband's been hitting the bang-up pretty hard lately, and now he's complaining his stomach's burning something fierce.",hitting the bang-up pretty hard,hitting the bang-up pretty hard,is_multiword,0,3,3|4|5|6|7,1,3.611944064497948,0,1.0,,,,,,,,,,,,,,,,,,,,,,,,,,,,,,,my husband's been <mask> <mask> <mask> <mask> <mask> <mask> <mask> <mask> lately and now he's complaining his stomach's burning something fierce,▁hit ting ▁the ▁bang - up ▁pretty ▁hard,8.0,4.3632085470152603e-23,51.4862494468689,6.435781180858612,having ing a his his his a s,1.5452010001235335e-10,28.89555251598358,3.611944064497948,3.0,7.0,0.0,17.0,0.0,5.0
394,"My husband's been hitting the bang-up pretty hard lately, and now he's complaining his stomach's burning something fierce.",the bang-up,the bang-up,is_multiword,0,4,4|5,1,3.55759434401989,0,1.0,,,,,,,,,,,,,,,,,,,,,,,,,,,,,,,my husband's been hitting <mask> <mask> <mask> <mask> pretty hard lately and now he's complaining his stomach's burning something fierce,▁the ▁bang - up,4.0,1.7139140177249378e-10,22.48707127571106,5.621767818927765,his stomach ' s,0.0002595155589775,14.23037737607956,3.55759434401989,4.0,5.0,0.0,17.0,0.0,2.0
394,"My husband's been hitting the bang-up pretty hard lately, and now he's complaining his stomach's burning something fierce.",the bang-up pretty,the bang-up pretty,is_multiword,0,4,4|5|6,1,3.230116963386536,0,1.0,,,,,,,,,,,,,,,,,,,,,,,,,,,,,,,my husband's been hitting <mask> <mask> <mask> <mask> <mask> hard lately and now he's complaining his stomach's burning something fierce,▁the ▁bang - up ▁pretty,5.0,2.2110270241272615e-12,26.83756399154663,5.367512798309326,his and and s really,2.2840411090867285e-05,16.150584816932678,3.230116963386536,4.0,6.0,0.0,17.0,0.0,3.0
394,"My husband's been hitting the bang-up pretty hard lately, and now he's complaining his stomach's burning something fierce.",the bang-up pretty hard,the bang-up pretty hard,is_multiword,0,4,4|5|6|7,1,3.1046396493911743,0,1.0,,,,,,,,,,,,,,,,,,,,,,,,,,,,,,,my husband's been hitting <mask> <mask> <mask> <mask> <mask> <mask> lately and now he's complaining his stomach's burning something fierce,▁the ▁bang - up ▁pretty ▁hard,6.0,5.508242606004857e-16,35.1351158618927,5.855852643648784,his with with a a s,6.776107204329989e-08,18.62783789634705,3.1046396493911743,4.0,7.0,0.0,17.0,0.0,4.0
394,"My husband's been hitting the bang-up pretty hard lately, and now he's complaining his stomach's burning something fierce.",bang-up pretty,bang-up pretty,is_multiword,0,5,5|6,1,3.6433160305023193,0,1.0,,,,,,,,,,,,,,,,,,,,,,,,,,,,,,,my husband's been hitting the <mask> <mask> <mask> <mask> hard lately and now he's complaining his stomach's burning something fierce,▁bang - up ▁pretty,4.0,5.0408204494058237e-11,23.710867166519165,5.927716791629791, s s really,0.0001075448009156,14.573264122009276,3.6433160305023193,5.0,6.0,0.0,17.0,0.0,2.0
394,"My husband's been hitting the bang-up pretty hard lately, and now he's complaining his stomach's burning something fierce.",bang-up pretty hard,bang-up pretty hard,is_multiword,0,5,5|6|7,1,4.057916235923767,0,1.0,,,,,,,,,,,,,,,,,,,,,,,,,,,,,,,my husband's been hitting the <mask> <mask> <mask> <mask> <mask> lately and now he's complaining his stomach's burning something fierce,▁bang - up ▁pretty ▁hard,5.0,5.520513153651221e-15,32.83030557632446,6.566061115264892,hard of of a s,3.5779362269121846e-06,20.289581179618835,4.057916235923767,5.0,7.0,0.0,17.0,0.0,3.0
394,"My husband's been hitting the bang-up pretty hard lately, and now he's complaining his stomach's burning something fierce.",pretty hard,pretty hard,is_multiword,0,6,6|7,1,5.498008549213409,1,1.0,,,,,,,,,,,,,,,,,,,,,,,,,,,,,,,my husband's been hitting the bang-up <mask> <mask> lately and now he's complaining his stomach's burning something fierce,▁pretty ▁hard,2.0,1.5473380822475498e-07,15.681559562683104,7.840779781341553,pill s,0.0092277275419178,10.99601709842682,5.498008549213409,6.0,7.0,0.0,17.0,0.0,2.0
394,"My husband's been hitting the bang-up pretty hard lately, and now he's complaining his stomach's burning something fierce.",something fierce,something fierce,is_multiword,0,16,16|17,1,7.423834323883057,0,1.0,,,,,,,,,,,,,,,,,,,,,,,,,,,,,,,my husband's been hitting the bang-up pretty hard lately and now he's complaining his stomach's burning <mask> <mask> <mask>,▁something ▁fier ce,3.0,6.810702278081206e-13,28.015110969543457,9.338370323181152,too . .,0.0032031902973588,22.27150297164917,7.423834323883057,16.0,17.0,0.0,17.0,0.0,2.0
396,"My husband’s been sneaking buck all week, and this morning he couldn’t even stand up straight.",sneaking buck,sneaking buck,is_multiword,0,3,3|4,1,5.6841963768005375,0,1.0,,,,,,,,,,,,,,,,,,,,,,,,,,,,,,,my husband's been <mask> <mask> <mask> <mask> <mask> all week and this morning he couldn't even stand up straight,▁sne a king ▁ buck,5.0,1.3852708603589005e-18,41.120635986328125,8.224127197265625,sleeping ing the the bed,3.05218111781905e-06,28.42098188400269,5.6841963768005375,3.0,4.0,0.0,15.0,0.0,2.0
397,"Doctor, my husband’s been drinking a lot of cherry ball lately and now his hands are shaking bad.",ball lately,ball lately,is_multiword,0,9,9|10,1,3.581858197848002,0,1.0,,,,,,,,,,,,,,,,,,,,,,,,,,,,,,,doctor my husband's been drinking a lot of cherry <mask> <mask> <mask> and now his hands are shaking bad,▁ball ▁la tely,3.0,1.5557454716825882e-08,17.978725910186768,5.992908636728923,and a s,0.0007222412622544,10.745574593544006,3.581858197848002,9.0,10.0,0.0,17.0,0.0,2.0
398,I’m here for my son—he’s been sneaking cherry ball with his friends and he passed out last night.,passed out,passed out,is_multiword,0,15,15|16,1,1.1687945872545242,0,1.0,,,,,,,,,,,,,,,,,,,,,,,,,,,,,,,i'm here for my son-he's been sneaking cherry ball with his friends and he passed <mask> <mask> night,▁out ▁last,2.0,0.0603833026574092,2.80704265832901,1.403521329164505,away last,0.6253439354897024,2.3375891745090485,1.1687945872545242,15.0,16.0,0.0,17.0,0.0,2.0
400,"My husband’s been waking up shaky and nauseous every morning, and I think it’s because he’s been hitting the crop pretty hard lately.",hitting the,hitting the,is_multiword,0,17,17|18,1,1.7415682077407837,0,1.0,,,,,,,,,,,,,,,,,,,,,,,,,,,,,,,my husband's been waking up shaky and nauseous every morning and i think it's because he's been <mask> <mask> <mask> crop pretty hard lately,▁hit ting ▁the,3.0,0.0001438651851519,8.846633911132812,2.948877970377604,working ing his,0.026731054811226,5.224704623222351,1.7415682077407837,17.0,18.0,0.0,22.0,0.0,2.0
400,"My husband’s been waking up shaky and nauseous every morning, and I think it’s because he’s been hitting the crop pretty hard lately.",hitting the crop,hitting the crop,is_multiword,0,17,17|18|19,1,4.297791337966919,0,1.0,,,,,,,,,,,,,,,,,,,,,,,,,,,,,,,my husband's been waking up shaky and nauseous every morning and i think it's because he's been <mask> <mask> <mask> <mask> <mask> pretty hard lately,▁hit ting ▁the ▁cro p,5.0,6.907041286651087e-15,32.60623502731323,6.521247005462646,working ing and and sleeping,1.4853450876167427e-05,21.488956689834595,4.297791337966919,17.0,19.0,0.0,22.0,0.0,3.0
400,"My husband’s been waking up shaky and nauseous every morning, and I think it’s because he’s been hitting the crop pretty hard lately.",hitting the crop pretty,hitting the crop pretty,is_multiword,0,17,17|18|19|20,1,4.17006129026413,0,1.0,,,,,,,,,,,,,,,,,,,,,,,,,,,,,,,my husband's been waking up shaky and nauseous every morning and i think it's because he's been <mask> <mask> <mask> <mask> <mask> <mask> hard lately,▁hit ting ▁the ▁cro p ▁pretty,6.0,2.750952150377911e-17,38.131999492645264,6.355333248774211,working ing and and ing so,2.021578833578628e-06,25.020367741584774,4.17006129026413,17.0,20.0,0.0,22.0,0.0,4.0
400,"My husband’s been waking up shaky and nauseous every morning, and I think it’s because he’s been hitting the crop pretty hard lately.",hitting the crop pretty hard,hitting the crop pretty hard,is_multiword,0,17,17|18|19|20|21,1,3.8441886561257497,0,1.0,,,,,,,,,,,,,,,,,,,,,,,,,,,,,,,my husband's been waking up shaky and nauseous every morning and i think it's because he's been <mask> <mask> <mask> <mask> <mask> <mask> <mask> lately,▁hit ting ▁the ▁cro p ▁pretty ▁hard,7.0,1.2788207661284956e-20,45.805763483047485,6.543680497578213,having ing and and and of s,6.214112696934817e-09,26.90932059288025,3.8441886561257497,17.0,21.0,0.0,22.0,0.0,5.0
400,"My husband’s been waking up shaky and nauseous every morning, and I think it’s because he’s been hitting the crop pretty hard lately.",the crop,the crop,is_multiword,0,18,18|19,1,4.505762656529744,0,1.0,,,,,,,,,,,,,,,,,,,,,,,,,,,,,,,my husband's been waking up shaky and nauseous every morning and i think it's because he's been hitting <mask> <mask> <mask> pretty hard lately,▁the ▁cro p,3.0,4.265129500175929e-09,19.272793292999268,6.424264430999756,my nerv s,0.0031653067032834,13.517287969589232,4.505762656529744,18.0,19.0,0.0,22.0,0.0,2.0
400,"My husband’s been waking up shaky and nauseous every morning, and I think it’s because he’s been hitting the crop pretty hard lately.",the crop pretty,the crop pretty,is_multiword,0,18,18|19|20,1,3.821248084306717,0,1.0,,,,,,,,,,,,,,,,,,,,,,,,,,,,,,,my husband's been waking up shaky and nauseous every morning and i think it's because he's been hitting <mask> <mask> <mask> <mask> hard lately,▁the ▁cro p ▁pretty,4.0,1.0932525694292307e-10,22.93669366836548,5.73417341709137,my and s so,0.0004752349088931,15.284992337226868,3.821248084306717,18.0,20.0,0.0,22.0,0.0,3.0
400,"My husband’s been waking up shaky and nauseous every morning, and I think it’s because he’s been hitting the crop pretty hard lately.",the crop pretty hard,the crop pretty hard,is_multiword,0,18,18|19|20|21,1,3.609323883056641,0,1.0,,,,,,,,,,,,,,,,,,,,,,,,,,,,,,,my husband's been waking up shaky and nauseous every morning and i think it's because he's been hitting <mask> <mask> <mask> <mask> <mask> lately,▁the ▁cro p ▁pretty ▁hard,5.0,4.6966355828631385e-14,30.689344882965088,6.137868976593017,me and and a s,3.2309786865850288e-06,18.046619415283203,3.609323883056641,18.0,21.0,0.0,22.0,0.0,4.0
400,"My husband’s been waking up shaky and nauseous every morning, and I think it’s because he’s been hitting the crop pretty hard lately.",crop pretty,crop pretty,is_multiword,0,19,19|20,1,4.401615142822266,0,1.0,,,,,,,,,,,,,,,,,,,,,,,,,,,,,,,my husband's been waking up shaky and nauseous every morning and i think it's because he's been hitting the <mask> <mask> <mask> hard lately,▁cro p ▁pretty,3.0,4.602313284830234e-09,19.196706771850582,6.398902257283528, s so,0.0024990082060935,13.204845428466797,4.401615142822266,19.0,20.0,0.0,22.0,0.0,2.0
400,"My husband’s been waking up shaky and nauseous every morning, and I think it’s because he’s been hitting the crop pretty hard lately.",crop pretty hard,crop pretty hard,is_multiword,0,19,19|20|21,1,3.9077770113945007,0,1.0,,,,,,,,,,,,,,,,,,,,,,,,,,,,,,,my husband's been waking up shaky and nauseous every morning and i think it's because he's been hitting the <mask> <mask> <mask> <mask> lately,▁cro p ▁pretty ▁hard,4.0,5.956792489406301e-12,25.84648895263672,6.46162223815918,bed of a lot,3.660297974552514e-05,15.631108045578005,3.9077770113945007,19.0,21.0,0.0,22.0,0.0,3.0
400,"My husband’s been waking up shaky and nauseous every morning, and I think it’s because he’s been hitting the crop pretty hard lately.",pretty hard,pretty hard,is_multiword,0,20,20|21,1,2.537456512451172,1,1.0,,,,,,,,,,,,,,,,,,,,,,,,,,,,,,,my husband's been waking up shaky and nauseous every morning and i think it's because he's been hitting the crop <mask> <mask> lately,▁pretty ▁hard,2.0,0.0001552786702561,8.770289182662964,4.385144591331482,of s,0.0248381088576337,5.074913024902344,2.537456512451172,20.0,21.0,0.0,22.0,0.0,2.0
403,"Doctor, I think my husband's been hitting the bevvy too hard again—his hands are shaking and he can't keep his breakfast down.",hitting the,hitting the,is_multiword,0,6,6|7,1,2.7704188028971357,1,1.0,,,,,,,,,,,,,,,,,,,,,,,,,,,,,,,doctor i think my husband's been <mask> <mask> <mask> bevvy too hard again-his hands are shaking and he can't keep his breakfast down,▁hit ting ▁the,3.0,1.323124788765057e-06,13.53551435470581,4.511838118235271,trying ing to,0.0053843539591612,8.311256408691406,2.7704188028971357,6.0,7.0,0.0,21.0,0.0,2.0
403,"Doctor, I think my husband's been hitting the bevvy too hard again—his hands are shaking and he can't keep his breakfast down.",hitting the bevvy,hitting the bevvy,is_multiword,0,6,6|7|8,1,4.707566618919373,0,1.0,,,,,,,,,,,,,,,,,,,,,,,,,,,,,,,doctor i think my husband's been <mask> <mask> <mask> <mask> <mask> <mask> too hard again-his hands are shaking and he can't keep his breakfast down,▁hit ting ▁the ▁be v vy,6.0,3.5354012081873733e-19,42.486289978027344,7.081048329671224,sick ing and he s ing,6.535215915856498e-07,28.245399713516235,4.707566618919373,6.0,8.0,0.0,21.0,0.0,3.0
403,"Doctor, I think my husband's been hitting the bevvy too hard again—his hands are shaking and he can't keep his breakfast down.",the bevvy,the bevvy,is_multiword,0,7,7|8,1,4.252643555402756,0,1.0,,,,,,,,,,,,,,,,,,,,,,,,,,,,,,,doctor i think my husband's been hitting <mask> <mask> <mask> <mask> too hard again-his hands are shaking and he can't keep his breakfast down,▁the ▁be v vy,4.0,2.158688422696493e-12,26.86152029037476,6.715380072593689,his and ' s,5.26973141419697e-05,17.010574221611023,4.252643555402756,7.0,8.0,0.0,21.0,0.0,2.0
404,"My son's been sneaking bevvy with his mates on weekends, and now he's complaining about this sharp pain right here in his side.",sneaking bevvy,sneaking bevvy,is_multiword,0,3,3|4,1,6.605936765670776,0,1.0,,,,,,,,,,,,,,,,,,,,,,,,,,,,,,,my son's been <mask> <mask> <mask> <mask> <mask> <mask> with his mates on weekends and now he's complaining about this sharp pain right here in his side,▁sne a king ▁be v vy,6.0,2.068646574979627e-24,54.53514766693115,9.08919127782186,having ing a to to s,3.382342707222681e-07,39.63562059402466,6.605936765670776,3.0,4.0,0.0,22.0,0.0,2.0
405,"Doctor, my husband's been on the apple fritter again—he's shaky and can't keep his hands steady.",husband's been,husband's been,is_multiword,0,2,2|3,1,0.9580888897180556,0,1.0,,,,,,,,,,,,,,,,,,,,,,,,,,,,,,,doctor my <mask> <mask> <mask> <mask> on the apple fritter again-he's shaky and can't keep his hands steady,▁husband ' s ▁been,4.0,1.6802012636021664e-05,10.994011878967283,2.7485029697418213,son is s ing,0.0007757685674421,3.832355558872223,0.9580888897180556,2.0,3.0,0.0,15.0,0.0,2.0
408,"Doctor, I've been having these sharp pains in my side ever since I stopped the amber stuff last week.",amber stuff,amber stuff,is_multiword,1,15,15|16,1,4.309981187184651,0,1.0,,,,,,,,,,,,,,,,,,,,,,,,,,,,,,,doctor i've been having these sharp pains in my side ever since i stopped the <mask> <mask> <mask> last week,▁amb er ▁stuff,3.0,4.566983255599277e-10,21.50699806213379,7.168999354044597, of s,0.0001883790313506,12.929943561553957,4.309981187184651,15.0,16.0,0.0,18.0,0.0,2.0
415,"I'm here for my son, doc—he's only fifteen but I found a stash of bottles in his room, and I'm scared it's the all keyhole that's making him sick.",all keyhole,all keyhole,is_multiword,1,24,24|25,1,2.9259710550308227,0,1.0,,,,,,,,,,,,,,,,,,,,,,,,,,,,,,,i'm here for my son doc-he's only fifteen but i found a stash of bottles in his room and i'm scared it's the all <mask> <mask> <mask> <mask> <mask> making him sick,▁key hole ▁that ' s,5.0,9.28391875089348e-12,25.402737379074097,5.08054747581482,- s s ' s,2.096026398429917e-05,14.629855275154114,2.9259710550308227,24.0,25.0,0.0,28.0,0.0,2.0
416,"Doctor, my husband says he's just tired, but I think he's been hitting the all keyhole again—he's been shaky and confused since yesterday.",all keyhole,all keyhole,is_multiword,1,14,14|15,1,6.011338472366333,0,1.0,,,,,,,,,,,,,,,,,,,,,,,,,,,,,,,doctor my husband says he's just tired but i think he's been hitting the <mask> <mask> <mask> again-he's been shaky and confused since yesterday,▁all ▁key hole,3.0,8.176249715462186e-12,25.52978754043579,8.509929180145264, of s,0.0005554276927981,18.034015417099,6.011338472366333,14.0,15.0,0.0,22.0,0.0,2.0
419,"My husband's been drinking that corroboree water every night for years, and now his liver's giving him trouble—can you help?",liver's giving,liver's giving,is_multiword,0,14,14|15,1,1.9417595624923707,0,1.0,,,,,,,,,,,,,,,,,,,,,,,,,,,,,,,my husband's been drinking that corroboree water every night for years and now his <mask> <mask> <mask> <mask> <mask> him trouble-can you help,▁ liver ' s ▁giving,5.0,4.296703164464241e-09,19.26541781425476,3.853083562850952,wife ' ' to causing,7.073146731780267e-05,9.708797812461851,1.9417595624923707,14.0,15.0,0.0,19.0,0.0,2.0
421,"My son's been sneaking Barclay and Perkins for months, and now he's coughing up blood and can't keep any food down.",any food,any food,is_multiword,0,18,18|19,1,6.2688256204128265,1,1.0,,,,,,,,,,,,,,,,,,,,,,,,,,,,,,,my son's been sneaking barclay and perkins for months and now he's coughing up blood and can't keep <mask> <mask> down,▁any ▁food,2.0,3.926517124323614e-07,14.750342845916748,7.375171422958374,his hands,0.1094057747114104,12.537651240825651,6.2688256204128265,18.0,19.0,0.0,20.0,0.0,2.0
421,"My son's been sneaking Barclay and Perkins for months, and now he's coughing up blood and can't keep any food down.",any food down,any food down,is_multiword,0,18,18|19|20,1,4.689110954602559,0,1.0,,,,,,,,,,,,,,,,,,,,,,,,,,,,,,,my son's been sneaking barclay and perkins for months and now he's coughing up blood and can't keep <mask> <mask> <mask>,▁any ▁food ▁down,3.0,4.937603777156661e-09,19.12638568878174,6.375461896260579,it breath .,0.0063515727157335,14.067332863807678,4.689110954602559,18.0,20.0,0.0,20.0,0.0,3.0
421,"My son's been sneaking Barclay and Perkins for months, and now he's coughing up blood and can't keep any food down.",food down,food down,is_multiword,0,19,19|20,1,4.54782110452652,0,1.0,,,,,,,,,,,,,,,,,,,,,,,,,,,,,,,my son's been sneaking barclay and perkins for months and now he's coughing up blood and can't keep any <mask> <mask>,▁food ▁down,2.0,1.1117394679405874e-05,11.406999588012695,5.703499794006348,breath .,0.0991266078272273,9.09564220905304,4.54782110452652,19.0,20.0,0.0,20.0,0.0,2.0
424,"I'm worried about my son, he's only seventeen but he's been sneaking conk-buster and we found empty bottles under his bed.",sneaking conk-buster,sneaking conk-buster,is_multiword,0,11,11|12,1,5.487727761268616,0,1.0,,,,,,,,,,,,,,,,,,,,,,,,,,,,,,,i'm worried about my son he's only seventeen but he's been <mask> <mask> <mask> <mask> <mask> <mask> <mask> <mask> and we found empty bottles under his bed,▁sne a king ▁con k - bu ster,8.0,5.9920201012709506e-31,69.58970928192139,8.698713660240173,a for since the the a a night,6.980593376745352e-12,43.901822090148926,5.487727761268616,11.0,12.0,0.0,20.0,0.0,2.0
433,"My son's been losing patches of hair since last month, could this be what you call dry skull?",patches of,patches of,is_multiword,0,4,4|5,1,3.9177947441736856,0,1.0,,,,,,,,,,,,,,,,,,,,,,,,,,,,,,,my son's been losing <mask> <mask> <mask> hair since last month could this be what you call dry skull,▁patch es ▁of,3.0,5.92080492177026e-08,16.642208337783813,5.547402779261272,all of of,0.0075302720781793,11.753384232521055,3.9177947441736856,4.0,5.0,0.0,17.0,0.0,2.0
439,"My son’s been losing clumps of hair for weeks, and his scalp looks shiny in spots—is it possible he’s got this peel-head condition?",spots is,spots is,is_multiword,0,15,15|16,1,4.545664292573929,1,1.0,,,,,,,,,,,,,,,,,,,,,,,,,,,,,,,my son's been losing clumps of hair for weeks and his scalp looks shiny in <mask> <mask> <mask> <mask> <mask> possible he's got this peel-head condition,▁spot s - is ▁it,5.0,4.491612421039618e-13,28.43139445781708,5.686278891563416,the . . ' s,0.00333569910483,22.728321462869644,4.545664292573929,15.0,16.0,0.0,22.0,0.0,2.0
439,"My son’s been losing clumps of hair for weeks, and his scalp looks shiny in spots—is it possible he’s got this peel-head condition?",spots is it,spots is it,is_multiword,0,15,15|16|17,1,4.232498019933701,0,1.0,,,,,,,,,,,,,,,,,,,,,,,,,,,,,,,my son's been losing clumps of hair for weeks and his scalp looks shiny in <mask> <mask> <mask> <mask> <mask> <mask> he's got this peel-head condition,▁spot s - is ▁it ▁possible,6.0,2.2790768174109805e-17,38.320176124572754,6.386696020762126,the dark . I looks like,2.435915236338597e-06,25.394988119602203,4.232498019933701,15.0,17.0,0.0,22.0,0.0,3.0
439,"My son’s been losing clumps of hair for weeks, and his scalp looks shiny in spots—is it possible he’s got this peel-head condition?",spots is it possible,spots is it possible,is_multiword,0,15,15|16|17|18,1,2.739155729611715,0,1.0,,,,,,,,,,,,,,,,,,,,,,,,,,,,,,,my son's been losing clumps of hair for weeks and his scalp looks shiny in <mask> <mask> <mask> <mask> <mask> <mask> <mask> <mask> <mask> got this peel-head condition,▁spot s - is ▁it ▁possible ▁he ' s,9.0,2.0369730970503481e-19,43.0376518368721,4.781961315208012,the . . </s> ' ' he ' he,1.0360656116969124e-08,24.652401566505432,2.739155729611715,15.0,18.0,0.0,22.0,0.0,4.0
439,"My son’s been losing clumps of hair for weeks, and his scalp looks shiny in spots—is it possible he’s got this peel-head condition?",spots is it possible he’s,spots is it possible he's,is_multiword,0,15,15|16|17|18|19,1,3.2332943081855774,0,1.0,,,,,,,,,,,,,,,,,,,,,,,,,,,,,,,my son's been losing clumps of hair for weeks and his scalp looks shiny in <mask> <mask> <mask> <mask> <mask> <mask> <mask> <mask> <mask> <mask> this peel-head condition,▁spot s - is ▁it ▁possible ▁he ' s ▁got,10.0,1.7209109626865976e-24,54.71918845176697,5.471918845176697,the dark . . ' ' ' to to in,1.8957329789530083e-10,32.332943081855774,3.2332943081855774,15.0,19.0,0.0,22.0,0.0,5.0
439,"My son’s been losing clumps of hair for weeks, and his scalp looks shiny in spots—is it possible he’s got this peel-head condition?",spots is it possible he’s got,spots is it possible he's got,is_multiword,0,15,15|16|17|18|19|20,1,3.069557536732067,0,1.0,,,,,,,,,,,,,,,,,,,,,,,,,,,,,,,my son's been losing clumps of hair for weeks and his scalp looks shiny in <mask> <mask> <mask> <mask> <mask> <mask> <mask> <mask> <mask> <mask> <mask> peel-head condition,▁spot s - is ▁it ▁possible ▁he ' s ▁got ▁this,11.0,1.183664813348864e-28,64.30376720428467,5.845797018571333,the . . </s> </s> ' hair hair hair ' in,5.4605908690952575e-14,33.765132904052734,3.069557536732067,15.0,20.0,0.0,22.0,0.0,6.0
439,"My son’s been losing clumps of hair for weeks, and his scalp looks shiny in spots—is it possible he’s got this peel-head condition?",is it,is it,is_multiword,0,16,16|17,1,0.5706253051757812,0,1.0,,,,,,,,,,,,,,,,,,,,,,,,,,,,,,,my son's been losing clumps of hair for weeks and his scalp looks shiny in spots-is <mask> <mask> he's got this peel-head condition,▁it ▁possible,2.0,0.0274402825457334,3.595743179321289,1.7978715896606443,it that,0.0859067761470582,1.1412506103515625,0.5706253051757812,16.0,17.0,0.0,22.0,0.0,2.0
439,"My son’s been losing clumps of hair for weeks, and his scalp looks shiny in spots—is it possible he’s got this peel-head condition?",is it possible,is it possible,is_multiword,0,16,16|17|18,1,0.3832588195800781,0,1.0,,,,,,,,,,,,,,,,,,,,,,,,,,,,,,,my son's been losing clumps of hair for weeks and his scalp looks shiny in spots-is <mask> <mask> <mask> <mask> <mask> got this peel-head condition,▁it ▁possible ▁he ' s,5.0,0.0001437670430867,8.847316324710846,1.769463264942169,it the he ' he,0.0009770016404928,1.9162940979003904,0.3832588195800781,16.0,18.0,0.0,22.0,0.0,3.0
439,"My son’s been losing clumps of hair for weeks, and his scalp looks shiny in spots—is it possible he’s got this peel-head condition?",is it possible he’s,is it possible he's,is_multiword,0,16,16|17|18|19,1,1.299703598022461,0,1.0,,,,,,,,,,,,,,,,,,,,,,,,,,,,,,,my son's been losing clumps of hair for weeks and his scalp looks shiny in spots-is <mask> <mask> <mask> <mask> <mask> <mask> this peel-head condition,▁it ▁possible ▁he ' s ▁got,6.0,3.65818174497024e-10,21.72888469696045,3.6214807828267417,it the he to to in,8.912301756050516e-07,7.798221588134766,1.299703598022461,16.0,19.0,0.0,22.0,0.0,4.0
439,"My son’s been losing clumps of hair for weeks, and his scalp looks shiny in spots—is it possible he’s got this peel-head condition?",is it possible he’s got,is it possible he's got,is_multiword,0,16,16|17|18|19|20,1,1.853323783193316,0,1.0,,,,,,,,,,,,,,,,,,,,,,,,,,,,,,,my son's been losing clumps of hair for weeks and his scalp looks shiny in spots-is <mask> <mask> <mask> <mask> <mask> <mask> <mask> peel-head condition,▁it ▁possible ▁he ' s ▁got ▁this,7.0,7.586396386604201e-15,32.51241970062256,4.644631385803223,he a a - - - a,3.267785762430578e-09,12.97326648235321,1.853323783193316,16.0,20.0,0.0,22.0,0.0,5.0
439,"My son’s been losing clumps of hair for weeks, and his scalp looks shiny in spots—is it possible he’s got this peel-head condition?",it possible,it possible,is_multiword,0,17,17|18,1,0.6840581893920898,0,1.0,,,,,,,,,,,,,,,,,,,,,,,,,,,,,,,my son's been losing clumps of hair for weeks and his scalp looks shiny in spots-is it <mask> <mask> <mask> <mask> got this peel-head condition,▁possible ▁he ' s,4.0,0.0007442065091224,7.203191995620728,1.800797998905182,normal he he he,0.0114821773889046,2.73623275756836,0.6840581893920898,17.0,18.0,0.0,22.0,0.0,2.0
439,"My son’s been losing clumps of hair for weeks, and his scalp looks shiny in spots—is it possible he’s got this peel-head condition?",it possible he’s,it possible he's,is_multiword,0,17,17|18|19,1,1.5859673023223877,0,1.0,,,,,,,,,,,,,,,,,,,,,,,,,,,,,,,my son's been losing clumps of hair for weeks and his scalp looks shiny in spots-is it <mask> <mask> <mask> <mask> <mask> this peel-head condition,▁possible ▁he ' s ▁got,5.0,6.328676022693375e-09,18.87817478179932,3.775634956359864,possible to to to of,1.7587216233892977e-05,7.929836511611938,1.5859673023223877,17.0,19.0,0.0,22.0,0.0,3.0
439,"My son’s been losing clumps of hair for weeks, and his scalp looks shiny in spots—is it possible he’s got this peel-head condition?",it possible he’s got,it possible he's got,is_multiword,0,17,17|18|19|20,1,1.5174598693847656,0,1.0,,,,,,,,,,,,,,,,,,,,,,,,,,,,,,,my son's been losing clumps of hair for weeks and his scalp looks shiny in spots-is it <mask> <mask> <mask> <mask> <mask> <mask> peel-head condition,▁possible ▁he ' s ▁got ▁this,6.0,8.115612718816653e-11,23.234646320343018,3.872441053390503,normal a he he ' a,7.30244005872732e-07,9.104759216308594,1.5174598693847656,17.0,20.0,0.0,22.0,0.0,4.0
439,"My son’s been losing clumps of hair for weeks, and his scalp looks shiny in spots—is it possible he’s got this peel-head condition?",possible he’s,possible he's,is_multiword,0,18,18|19,1,2.2230644524097443,1,1.0,,,,,,,,,,,,,,,,,,,,,,,,,,,,,,,my son's been losing clumps of hair for weeks and his scalp looks shiny in spots-is it possible <mask> <mask> <mask> <mask> this peel-head condition,▁he ' s ▁got,4.0,1.877204840257693e-07,15.488311767578123,3.8720779418945312,he he to from,0.0013657467123013,8.892257809638977,2.2230644524097443,18.0,19.0,0.0,22.0,0.0,2.0
439,"My son’s been losing clumps of hair for weeks, and his scalp looks shiny in spots—is it possible he’s got this peel-head condition?",possible he’s got,possible he's got,is_multiword,0,18,18|19|20,1,1.262120819091797,0,1.0,,,,,,,,,,,,,,,,,,,,,,,,,,,,,,,my son's been losing clumps of hair for weeks and his scalp looks shiny in spots-is it possible <mask> <mask> <mask> <mask> <mask> peel-head condition,▁he ' s ▁got ▁this,5.0,1.0682734521895617e-07,16.052051901817322,3.2104103803634643,he he ' ' a,5.879534891000041e-05,6.310604095458984,1.262120819091797,18.0,20.0,0.0,22.0,0.0,3.0
439,"My son’s been losing clumps of hair for weeks, and his scalp looks shiny in spots—is it possible he’s got this peel-head condition?",he’s got,he's got,is_multiword,0,19,19|20,1,2.354587584733963,0,1.0,,,,,,,,,,,,,,,,,,,,,,,,,,,,,,,my son's been losing clumps of hair for weeks and his scalp looks shiny in spots-is it possible he's <mask> <mask> peel-head condition,▁got ▁this,2.0,0.0024561047020986,6.009178638458252,3.004589319229126,having a,0.2725308476254989,4.709175169467926,2.354587584733963,19.0,20.0,0.0,22.0,0.0,2.0
440,"Doctor, I’ve been noticing big patches of hair falling out in the shower—could this be that peel-head thing you see sometimes?",you see,you see,is_multiword,0,19,19|20,1,6.119113981723785,0,1.0,,,,,,,,,,,,,,,,,,,,,,,,,,,,,,,doctor i've been noticing big patches of hair falling out in the shower-could this be that peel-head thing you <mask> <mask>,▁see ▁sometimes,2.0,6.106523693809184e-07,14.308737993240356,7.154368996620178,have ?,0.1261214396065316,12.23822796344757,6.119113981723785,19.0,20.0,0.0,20.0,0.0,2.0
441,"Doctor, I've been noticing a lot of hair falling out in the shower lately—could this be a gooseberry case?",been noticing,been noticing,is_multiword,0,2,2|3,1,3.8022632896900177,0,1.0,,,,,,,,,,,,,,,,,,,,,,,,,,,,,,,doctor i've <mask> <mask> <mask> <mask> a lot of hair falling out in the shower lately-could this be a gooseberry case,▁been ▁no tic ing,4.0,1.3649815782568583e-10,22.714709997177124,5.678677499294281,been to i get,0.0005499644938725,15.20905315876007,3.8022632896900177,2.0,3.0,0.0,18.0,0.0,2.0
446,"Doctor, my husband's been losing his hair in patches over the past month—I think he's got that pilgarlic thing, and it's really worrying him.",he's got,he's got,is_multiword,0,15,15|16,1,0.9232063293457032,0,1.0,,,,,,,,,,,,,,,,,,,,,,,,,,,,,,,doctor my husband's been losing his hair in patches over the past month-i think he's <mask> <mask> pilgarlic thing and it's really worrying him,▁got ▁that,2.0,0.0165515848986905,4.101273417472839,2.05063670873642,doing a,0.1048881474730096,1.8464126586914065,0.9232063293457032,15.0,16.0,0.0,23.0,0.0,2.0
447,"Doctor, I've been noticing a lot of hair coming out in the shower and on my pillow—could this be what you call skintop?",I've been,i've been,is_multiword,0,1,1|2,1,2.294168621301651,1,1.0,,,,,,,,,,,,,,,,,,,,,,,,,,,,,,,doctor <mask> <mask> <mask> <mask> noticing a lot of hair coming out in the shower and on my pillow-could this be what you call skintop,▁i ' ve ▁been,4.0,3.983234664627964e-07,14.736001431941986,3.684000357985497,s I ' been,0.0038513677010745,9.176674485206604,2.294168621301651,1.0,2.0,0.0,22.0,0.0,2.0
447,"Doctor, I've been noticing a lot of hair coming out in the shower and on my pillow—could this be what you call skintop?",I've been noticing,i've been noticing,is_multiword,0,1,1|2|3,1,4.931357264518738,0,1.0,,,,,,,,,,,,,,,,,,,,,,,,,,,,,,,doctor <mask> <mask> <mask> <mask> <mask> <mask> <mask> a lot of hair coming out in the shower and on my pillow-could this be what you call skintop,▁i ' ve ▁been ▁no tic ing,7.0,2.1874418082207417e-22,49.87413930892944,7.124877044132778,s s this - I I have,2.14568144876813e-07,34.519500851631165,4.931357264518738,1.0,3.0,0.0,22.0,0.0,3.0
447,"Doctor, I've been noticing a lot of hair coming out in the shower and on my pillow—could this be what you call skintop?",been noticing,been noticing,is_multiword,0,2,2|3,1,3.732128202915192,0,1.0,,,,,,,,,,,,,,,,,,,,,,,,,,,,,,,doctor i've <mask> <mask> <mask> <mask> a lot of hair coming out in the shower and on my pillow-could this be what you call skintop,▁been ▁no tic ing,4.0,8.70516453735592e-11,23.164519548416138,5.791129887104034,been a i have,0.0002649401155013,14.928512811660768,3.732128202915192,2.0,3.0,0.0,22.0,0.0,2.0
451,"My husband's been hiding his bald spots with hats, but it's spreading so fast, I'm worried he's got a real bladder of lard.",he's got,he's got,is_multiword,0,16,16|17,1,0.9196290969848632,1,1.0,,,,,,,,,,,,,,,,,,,,,,,,,,,,,,,my husband's been hiding his bald spots with hats but it's spreading so fast i'm worried <mask> <mask> <mask> <mask> a real bladder of lard,▁he ' s ▁got,4.0,0.0002882211264479,8.15178257226944,2.03794564306736,he ' ' s,0.0114099878001853,3.678516387939453,0.9196290969848632,16.0,17.0,0.0,22.0,0.0,2.0
453,"My son’s been losing patches of hair for a few weeks now, and we’re worried it’s turning into melonhead.",patches of,patches of,is_multiword,0,4,4|5,1,4.202766537666321,0,1.0,,,,,,,,,,,,,,,,,,,,,,,,,,,,,,,my son's been losing <mask> <mask> <mask> hair for a few weeks now and we're worried it's turning into melonhead,▁patch es ▁of,3.0,2.1328017618503633e-08,17.663244247436523,5.887748082478841,his of his,0.0063777198586044,12.608299612998962,4.202766537666321,4.0,5.0,0.0,18.0,0.0,2.0
453,"My son’s been losing patches of hair for a few weeks now, and we’re worried it’s turning into melonhead.",it’s turning,it's turning,is_multiword,0,15,15|16,1,1.6725482493638992,1,1.0,,,,,,,,,,,,,,,,,,,,,,,,,,,,,,,my son's been losing patches of hair for a few weeks now and we're worried <mask> <mask> <mask> <mask> into melonhead,▁it ' s ▁turning,4.0,4.043838772720401e-06,12.418316125869753,3.1045790314674377,he he turn turn,0.0032531773033404,6.690192997455597,1.6725482493638992,15.0,16.0,0.0,18.0,0.0,2.0
458,"Doctor, my husband's been losing hair so fast on the top that it's almost all gone—could this be a case of chrome dome from something like a vitamin problem?",chrome dome,chrome dome,is_multiword,1,22,22|23,1,7.721853226423263,0,1.0,,,,,,,,,,,,,,,,,,,,,,,,,,,,,,,doctor my husband's been losing hair so fast on the top that it's almost all gone-could this be a case of chrome <mask> <mask> something like a vitamin problem,▁dome ▁from,2.0,1.1258095322239008e-08,18.30217838287353,9.151089191436768,? or,0.0573563378337045,15.443706452846529,7.721853226423263,22.0,23.0,0.0,28.0,0.0,2.0
458,"Doctor, my husband's been losing hair so fast on the top that it's almost all gone—could this be a case of chrome dome from something like a vitamin problem?",chrome dome from,chrome dome from,is_multiword,0,22,22|23|24,1,6.620376507441203,0,1.0,,,,,,,,,,,,,,,,,,,,,,,,,,,,,,,doctor my husband's been losing hair so fast on the top that it's almost all gone-could this be a case of chrome <mask> <mask> <mask> like a vitamin problem,▁dome ▁from ▁something,3.0,1.4078470811926189e-11,24.986374378204346,8.32879145940145,? it looks,0.0059447615684206,19.86112952232361,6.620376507441203,22.0,24.0,0.0,28.0,0.0,3.0
458,"Doctor, my husband's been losing hair so fast on the top that it's almost all gone—could this be a case of chrome dome from something like a vitamin problem?",dome from,dome from,is_multiword,0,23,23|24,1,4.839683473110199,0,1.0,,,,,,,,,,,,,,,,,,,,,,,,,,,,,,,doctor my husband's been losing hair so fast on the top that it's almost all gone-could this be a case of chrome dome <mask> <mask> like a vitamin problem,▁from ▁something,2.0,3.1939412144643327e-06,12.654254913330078,6.327127456665039,or looks,0.0510531533160988,9.679366946220398,4.839683473110199,23.0,24.0,0.0,28.0,0.0,2.0
460,"Doctor, my little girl's hair has been falling out in clumps since last month; could this be what they call Madame Tussaud?",Madame Tussaud,madame tussaud,is_multiword,1,20,20|21,1,8.578896117210387,1,1.0,,,,,,,,,,,,,,,,,,,,,,,,,,,,,,,doctor my little girl's hair has been falling out in clumps since last month could this be what they call <mask> <mask> <mask> <mask> <mask>,▁mada me ▁tu ssa ud,5.0,3.3317862225208914e-24,54.05853366851807,10.811706733703613,""" hair hair ? ?",1.4174682850458402e-05,42.89448058605194,8.578896117210387,20.0,21.0,0.0,21.0,0.0,2.0
465,"My husband's been finding clumps of hair on his pillow for weeks, and his scalp is getting shiny—do you think it's bacon-bonce?",it's bacon-bonce,it's bacon-bonce,is_multiword,0,21,,1,,0,1.0,,,,,,,,,,,,,,,,,,,,,,,,,,,,,,,,,,,,,,,,,,,,,,
466,"Doctor, I'm really worried about my son—he's been losing patches of hair all over his head, could this be that bacon-bonce thing you mentioned last time?",bacon-bonce thing,bacon-bonce thing,is_multiword,0,21,21|22,1,0.6314945220947266,1,1.0,,,,,,,,,,,,,,,,,,,,,,,,,,,,,,,doctor i'm really worried about my son-he's been losing patches of hair all over his head could this be that bacon-bonce <mask> <mask> mentioned last time,▁thing ▁you,2.0,0.019771997362298,3.92348861694336,1.96174430847168,that I,0.0699132862460257,1.2629890441894531,0.6314945220947266,21.0,22.0,0.0,25.0,0.0,2.0
470,My husband keeps finding more goose egg spots on his head every morning—could this be something serious?,keeps finding,keeps finding,is_multiword,0,2,2|3,1,2.0855929454167685,0,1.0,,,,,,,,,,,,,,,,,,,,,,,,,,,,,,,my husband <mask> <mask> <mask> more goose egg spots on his head every morning-could this be something serious,▁keep s ▁finding,3.0,3.911593887053714e-06,12.451565623283386,4.150521874427795,is s see,0.0020400381159056,6.256778836250305,2.0855929454167685,2.0,3.0,0.0,16.0,0.0,2.0
472,"""Doctor, I’ve been finding clumps of hair on my pillow every morning—could this be that 'Dutch cheese' thing my granddad had?""",been finding,been finding,is_multiword,0,2,2|3,1,1.6976394653320312,0,1.0,,,,,,,,,,,,,,,,,,,,,,,,,,,,,,,doctor i've <mask> <mask> clumps of hair on my pillow every morning-could this be that 'dutch cheese' thing my granddad had,▁been ▁finding,2.0,0.0001532810767781,8.783237218856812,4.391618609428406,got two,0.0045712970855251,3.3952789306640625,1.6976394653320312,2.0,3.0,0.0,20.0,0.0,2.0
473,"Doctor, I've been losing patches of hair for weeks—my wife says I'm turning into an egghead, could it be alopecia?",patches of,patches of,is_multiword,0,4,4|5,1,4.38449494043986,0,1.0,,,,,,,,,,,,,,,,,,,,,,,,,,,,,,,doctor i've been losing <mask> <mask> <mask> hair for weeks-my wife says i'm turning into an egghead could it be alopecia,▁patch es ▁of,3.0,2.068201331818041e-08,17.69400143623352,5.898000478744507,my of my,0.0106678939365874,13.15348482131958,4.38449494043986,4.0,5.0,0.0,19.0,0.0,2.0
473,"Doctor, I've been losing patches of hair for weeks—my wife says I'm turning into an egghead, could it be alopecia?",an egghead,an egghead,is_multiword,0,15,15|16,1,3.5617651542027797,0,1.0,,,,,,,,,,,,,,,,,,,,,,,,,,,,,,,doctor i've been losing patches of hair for weeks-my wife says i'm turning into an <mask> <mask> <mask> it be alopecia,▁egg head ▁could,3.0,1.5738604998433574e-07,15.66456413269043,5.221521377563477,issue - could,0.0068790916038239,10.685295462608336,3.5617651542027797,15.0,16.0,0.0,19.0,0.0,2.0
475,"My son keeps finding clumps of hair on his pillow, and he's starting to get a real ballhead—what's causing this?",clumps of,clumps of,is_multiword,0,4,4|5,1,3.931458503007889,0,1.0,,,,,,,,,,,,,,,,,,,,,,,,,,,,,,,my son keeps finding <mask> <mask> <mask> <mask> hair on his pillow and he's starting to get a real ballhead-what's causing this,▁c lump s ▁of,4.0,2.4647565963924493e-11,24.426342964172363,6.106585741043091,out to of of,0.0001665010483543,15.725834012031555,3.931458503007889,4.0,5.0,0.0,19.0,0.0,2.0
477,"""Doc, I've been noticing my hair's coming out in clumps—looks like I'm getting that 'barefoot dome' thing my uncle had.""",been noticing,been noticing,is_multiword,0,2,2|3,1,3.366808772087097,0,1.0,,,,,,,,,,,,,,,,,,,,,,,,,,,,,,,doc i've <mask> <mask> <mask> <mask> my hair's coming out in clumps-looks like i'm getting that 'barefoot dome' thing my uncle had,▁been ▁no tic ing,4.0,9.591518293434014e-10,20.76497173309326,5.191242933273315,been a hair and,0.0006770694910541,13.467235088348389,3.366808772087097,2.0,3.0,0.0,19.0,0.0,2.0
479,"Doctor, I think I might be getting that bonehead thing—I’ve been finding big clumps of hair on my pillow every morning.",bonehead thing,bonehead thing,is_multiword,0,8,8|9,1,4.485671456371035,0,1.0,,,,,,,,,,,,,,,,,,,,,,,,,,,,,,,doctor i think i might be getting that <mask> <mask> <mask> <mask> <mask> <mask> <mask> been finding big clumps of hair on my pillow every morning,▁bone head ▁thing - i ' ve,7.0,1.625315913408684e-19,43.263414561748505,6.180487794535501,bad in i i i i ve,7.041323789773164e-06,31.399700194597244,4.485671456371035,8.0,9.0,0.0,20.0,0.0,2.0
480,"My son’s been losing patches of hair for a few weeks now, could this be the bonehead you mentioned?",patches of,patches of,is_multiword,0,4,4|5,1,4.14361313978831,0,1.0,,,,,,,,,,,,,,,,,,,,,,,,,,,,,,,my son's been losing <mask> <mask> <mask> hair for a few weeks now could this be the bonehead you mentioned,▁patch es ▁of,3.0,2.6418360615882534e-08,17.449206590652466,5.816402196884155,his of his,0.006615319579214,12.43083941936493,4.14361313978831,4.0,5.0,0.0,18.0,0.0,2.0
481,"My husband keeps finding bald patches on his scalp, and I think it might be that fly rink thing—can you take a look?",keeps finding,keeps finding,is_multiword,0,2,2|3,1,3.213655948638916,0,1.0,,,,,,,,,,,,,,,,,,,,,,,,,,,,,,,my husband <mask> <mask> <mask> bald patches on his scalp and i think it might be that fly rink thing-can you take a look,▁keep s ▁finding,3.0,3.72168430367255e-07,14.803919315338137,4.934639771779378,is s some,0.0057247782184854,9.640967845916748,3.213655948638916,2.0,3.0,0.0,22.0,0.0,2.0
481,"My husband keeps finding bald patches on his scalp, and I think it might be that fly rink thing—can you take a look?",fly rink,fly rink,is_multiword,1,16,16|17,1,13.443671703338625,0,1.0,,,,,,,,,,,,,,,,,,,,,,,,,,,,,,,my husband keeps finding bald patches on his scalp and i think it might be that <mask> <mask> thing-can you take a look,▁fly ▁rink,2.0,5.6241261920223975e-14,30.50912570953369,15.254562854766846,kind of,0.0267349841655324,26.88734340667725,13.443671703338625,16.0,17.0,0.0,22.0,0.0,2.0
482,"Doctor, my daughter's hair has been coming out in clumps for weeks now—I'm worried she's got a fly rink.",she's got,she's got,is_multiword,0,15,15|16,1,2.4671573638916016,0,1.0,,,,,,,,,,,,,,,,,,,,,,,,,,,,,,,doctor my daughter's hair has been coming out in clumps for weeks now-i'm worried she's <mask> <mask> fly rink,▁got ▁a,2.0,0.0006236999907589,7.379841089248657,3.6899205446243286,going to,0.0866804976181784,4.934314727783203,2.4671573638916016,15.0,16.0,0.0,18.0,0.0,2.0
482,"Doctor, my daughter's hair has been coming out in clumps for weeks now—I'm worried she's got a fly rink.",fly rink,fly rink,is_multiword,1,18,,1,,0,1.0,,,,,,,,,,,,,,,,,,,,,,,,,,,,,,,,,,,,,,,,,,,,,,
489,"Doctor, I've been noticing my hair's coming out in clumps when I shower—feels like my head's turning into a skating rink.",hair's coming,hair's coming,is_multiword,0,5,5|6,1,0.9702301323413848,1,1.0,,,,,,,,,,,,,,,,,,,,,,,,,,,,,,,doctor i've been noticing my <mask> <mask> <mask> <mask> out in clumps when i shower-feels like my head's turning into a skating rink,▁hair ' s ▁coming,4.0,4.8188718899069975e-06,12.242970705032349,3.060742676258087,head s stick ing,0.000233564993305,3.88092052936554,0.9702301323413848,5.0,6.0,0.0,20.0,0.0,2.0
494,"Doctor, I've been noticing a lot of hair coming out in the shower and on my pillow—could this be what you call cheesekop?",been noticing,been noticing,is_multiword,0,2,2|3,1,3.673115789890289,0,1.0,,,,,,,,,,,,,,,,,,,,,,,,,,,,,,,doctor i've <mask> <mask> <mask> <mask> a lot of hair coming out in the shower and on my pillow-could this be what you call cheesekop,▁been ▁no tic ing,4.0,8.87512958639867e-11,23.145183086395264,5.786295771598816,been a i with,0.000213319412389,14.692463159561155,3.673115789890289,2.0,3.0,0.0,22.0,0.0,2.0
496,"Doctor, every time I see a blood box racing down my street, I get this sharp pain in my chest—could that be a sign of something wrong with my heart?",get this,get this,is_multiword,0,13,13|14,1,2.954979032278061,0,1.0,,,,,,,,,,,,,,,,,,,,,,,,,,,,,,,doctor every time i see a blood box racing down my street i <mask> <mask> sharp pain in my chest-could that be a sign of something wrong with my heart,▁get ▁this,2.0,0.0011787879966508,6.743268489837647,3.3716342449188232,feel a,0.4346081644193895,5.909958064556122,2.954979032278061,13.0,14.0,0.0,29.0,0.0,2.0
497,My son’s asthma has been so bad this week that I’ve almost had to call a bus twice—can you check his breathing again?,a bus,a bus,is_multiword,0,15,15|16,1,6.755170613527298,0,1.0,,,,,,,,,,,,,,,,,,,,,,,,,,,,,,,my son's asthma has been so bad this week that i've almost had to call <mask> <mask> twice-can you check his breathing again,▁a ▁bus,2.0,1.749339363358974e-07,15.558857440948486,7.779428720474243,your doctor,0.1289260604319826,13.510341227054596,6.755170613527298,15.0,16.0,0.0,22.0,0.0,2.0
500,"My son is so scared of needles he started shaking and begged me not to call a bobo wagon, but his fever won't come down.",a bobo,a bobo,is_multiword,0,16,16|17,1,7.005882387359937,1,1.0,,,,,,,,,,,,,,,,,,,,,,,,,,,,,,,my son is so scared of needles he started shaking and begged me not to call <mask> <mask> <mask> wagon but his fever won't come down,▁a ▁bo bo,3.0,3.902817595140698e-11,23.966737270355225,7.988912423451741,him a the,0.0523873510864134,21.01764716207981,7.005882387359937,16.0,17.0,0.0,24.0,0.0,2.0
500,"My son is so scared of needles he started shaking and begged me not to call a bobo wagon, but his fever won't come down.",a bobo wagon,a bobo wagon,is_multiword,0,16,16|17|18,1,5.795021724700928,0,1.0,,,,,,,,,,,,,,,,,,,,,,,,,,,,,,,my son is so scared of needles he started shaking and begged me not to call <mask> <mask> <mask> <mask> <mask> but his fever won't come down,▁a ▁bo bo ▁wa gon,5.0,1.1575922238145658e-18,41.30018949508667,8.260037899017334,"him to he he ,",4.439002488194897e-06,28.97510862350464,5.795021724700928,16.0,18.0,0.0,24.0,0.0,3.0
500,"My son is so scared of needles he started shaking and begged me not to call a bobo wagon, but his fever won't come down.",bobo wagon,bobo wagon,is_multiword,1,17,17|18,1,6.642362684011459,0,1.0,,,,,,,,,,,,,,,,,,,,,,,,,,,,,,,my son is so scared of needles he started shaking and begged me not to call a <mask> <mask> <mask> <mask> but his fever won't come down,▁bo bo ▁wa gon,4.0,3.191986795420099e-16,35.68071794509888,8.92017948627472,"doctor for for ,",0.0001104147079231,26.56945073604584,6.642362684011459,17.0,18.0,0.0,24.0,0.0,2.0
500,"My son is so scared of needles he started shaking and begged me not to call a bobo wagon, but his fever won't come down.",won't come,won't come,is_multiword,0,22,22|23,1,3.109186202287674,1,1.0,,,,,,,,,,,,,,,,,,,,,,,,,,,,,,,my son is so scared of needles he started shaking and begged me not to call a bobo wagon but his fever <mask> <mask> <mask> <mask> down,▁won ' t ▁come,4.0,6.266003282722051e-10,21.190712213516235,5.297678053379059,was not to him,0.0001578338904292,12.436744809150696,3.109186202287674,22.0,23.0,0.0,24.0,0.0,2.0
501,"Doctor, I keep seeing flashing lights and hearing sirens, and I feel like I need to call a bobo wagon just to get here.",bobo wagon,bobo wagon,is_multiword,1,18,18|19,1,6.657220095396042,1,1.0,,,,,,,,,,,,,,,,,,,,,,,,,,,,,,,doctor i keep seeing flashing lights and hearing sirens and i feel like i need to call a <mask> <mask> <mask> <mask> just to get here,▁bo bo ▁wa gon,4.0,2.759294513994681e-16,35.82638645172119,8.956596612930298,doctor or the doctor,0.0001012917014967,26.628880381584167,6.657220095396042,18.0,19.0,0.0,23.0,0.0,2.0
504,"Doctor, I keep seeing the meat rack parked outside my building every morning—it's making me think I'm having a heart attack.",keep seeing,keep seeing,is_multiword,0,2,2|3,1,1.5928744673728945,0,1.0,,,,,,,,,,,,,,,,,,,,,,,,,,,,,,,doctor i <mask> <mask> the meat rack parked outside my building every morning-it's making me think i'm having a heart attack,▁keep ▁seeing,2.0,0.0008410983473997,7.080801963806152,3.540400981903076,always have,0.020342295687732,3.185748934745789,1.5928744673728945,2.0,3.0,0.0,20.0,0.0,2.0
506,I keep telling my mom she needs to see a doctor before she ends up on a bang wagon again with her dizzy spells.,bang wagon,bang wagon,is_multiword,1,17,17|18,1,4.06134049097697,0,1.0,,,,,,,,,,,,,,,,,,,,,,,,,,,,,,,i keep telling my mom she needs to see a doctor before she ends up on a <mask> <mask> <mask> again with her dizzy spells,▁bang ▁wa gon,3.0,5.678054533369591e-10,21.289242267608643,7.096414089202881, and road,0.0001110843434071,12.184021472930908,4.06134049097697,17.0,18.0,0.0,23.0,0.0,2.0
506,I keep telling my mom she needs to see a doctor before she ends up on a bang wagon again with her dizzy spells.,dizzy spells,dizzy spells,is_multiword,0,22,22|23,1,5.059099167585373,0,1.0,,,,,,,,,,,,,,,,,,,,,,,,,,,,,,,i keep telling my mom she needs to see a doctor before she ends up on a bang wagon again with her <mask> <mask> <mask> <mask>,▁di zzy ▁spell s,4.0,5.5741411245822137e-14,30.51805305480957,7.629513263702393,mom and . .,3.4255741082102135e-05,20.23639667034149,5.059099167585373,22.0,23.0,0.0,23.0,0.0,2.0
507,"Doctor, I'm worried about my husband—if his chest pain gets any worse, he's going to need a bang wagon instead of a prescription.",bang wagon,bang wagon,is_multiword,1,18,18|19,1,5.663222948710124,0,1.0,,,,,,,,,,,,,,,,,,,,,,,,,,,,,,,doctor i'm worried about my husband-if his chest pain gets any worse he's going to need a bang <mask> <mask> <mask> of a prescription,▁wa gon ▁instead,3.0,1.1014362684418523e-09,20.6266508102417,6.875550270080566,le the instead,0.0263316941625787,16.98966884613037,5.663222948710124,18.0,19.0,0.0,22.0,0.0,2.0
509,"""My chest feels like it’s got a speed wagon siren inside, and I’m hoping you can shut it off before I actually call one.""",it’s got,it's got,is_multiword,0,4,4|5,1,0.1273603737354278,0,1.0,,,,,,,,,,,,,,,,,,,,,,,,,,,,,,,my chest feels like <mask> <mask> <mask> <mask> a speed wagon siren inside and i'm hoping you can shut it off before i actually call one,▁it ' s ▁got,4.0,0.0004868610050953,7.627531886100769,1.9068829715251925,a ' ve with,0.0008103126548282,0.5094414949417114,0.1273603737354278,4.0,5.0,0.0,23.0,0.0,2.0
509,"""My chest feels like it’s got a speed wagon siren inside, and I’m hoping you can shut it off before I actually call one.""",I’m hoping,i'm hoping,is_multiword,0,12,12|13,1,1.829066276550293,1,1.0,,,,,,,,,,,,,,,,,,,,,,,,,,,,,,,my chest feels like it's got a speed wagon siren inside and <mask> <mask> <mask> <mask> you can shut it off before i actually call one,▁i ' m ▁hoping,4.0,1.450487718997961e-07,15.746195793151855,3.936548948287964,out ' s if,0.0002182366165115,7.316265106201172,1.829066276550293,12.0,13.0,0.0,23.0,0.0,2.0
512,"""Last time I had these dizzy spells, I woke up in a meat wagon, so I figured I'd come see you before that happens again.""",figured I'd,figured i'd,is_multiword,0,16,16|17,1,2.8123969554901125,1,1.0,,,,,,,,,,,,,,,,,,,,,,,,,,,,,,,last time i had these dizzy spells i woke up in a meat wagon so i <mask> <mask> <mask> <mask> <mask> come see you before that happens again,▁figure d ▁i ' d,5.0,3.5003302926075504e-11,24.075578689575195,4.815115737915039,was to i i to,4.478694299066746e-05,14.061984777450562,2.8123969554901125,16.0,17.0,0.0,24.0,0.0,2.0
515,"""I keep joking with my wife that I’m gonna need the faint wagon if this dizziness doesn’t stop, but now it’s happening even when I’m sitting down.""",faint wagon,faint wagon,is_multiword,1,11,11|12,1,6.596074461936951,1,1.0,,,,,,,,,,,,,,,,,,,,,,,,,,,,,,,i keep joking with my wife that i'm gonna need the <mask> <mask> <mask> <mask> if this dizziness doesn't stop but now it's happening even when i'm sitting down,▁fa int ▁wa gon,4.0,1.1808566864529422e-16,36.67512130737305,9.168780326843262,extra to to even,3.394315108607715e-05,26.384297847747803,6.596074461936951,11.0,12.0,0.0,26.0,0.0,2.0
516,"""Doc, every time I stand up too fast I see spots and feel like I need a faint wagon—should I be worried about my blood pressure?""",faint wagon,faint wagon,is_multiword,1,17,17|18,1,6.759464383125305,1,1.0,,,,,,,,,,,,,,,,,,,,,,,,,,,,,,,doc every time i stand up too fast i see spots and feel like i need a <mask> <mask> <mask> <mask> <mask> <mask> <mask> i be worried about my blood pressure,▁fa int ▁wa gon - sho uld,7.0,2.0354185878006712e-29,66.06426620483398,9.437752314976285,doctor . i i i i should,7.208423797329038e-09,47.316250681877136,6.759464383125305,17.0,18.0,0.0,25.0,0.0,2.0
517,"My husband's been calling for the butcher wagon himself every time his chest tightens up, but I told him we're coming straight to you first.",butcher wagon,butcher wagon,is_multiword,1,6,6|7,1,7.617604166269302,0,1.0,,,,,,,,,,,,,,,,,,,,,,,,,,,,,,,my husband's been calling for the <mask> <mask> <mask> <mask> himself every time his chest tightens up but i told him we're coming straight to you first,▁but cher ▁wa gon,4.0,2.366227852708919e-17,38.282649517059326,9.570662379264832,best to to to,0.0004047532839218,30.47041666507721,7.617604166269302,6.0,7.0,0.0,24.0,0.0,2.0
517,"My husband's been calling for the butcher wagon himself every time his chest tightens up, but I told him we're coming straight to you first.",we're coming,we're coming,is_multiword,0,19,19|20,1,2.3517359644174576,0,1.0,,,,,,,,,,,,,,,,,,,,,,,,,,,,,,,my husband's been calling for the butcher wagon himself every time his chest tightens up but i told him <mask> <mask> <mask> <mask> straight to you first,▁we ' re ▁coming,4.0,3.02967199518485e-07,15.009641289711,3.7524103224277496,i ' to go,0.0036879024214084,9.40694385766983,2.3517359644174576,19.0,20.0,0.0,24.0,0.0,2.0
518,"My son's asthma attack was so bad last night I nearly called for a daffy chariot, but I managed to calm him down before we came in.",daffy chariot,daffy chariot,is_multiword,1,14,14|15,1,6.294423699378967,1,1.0,,,,,,,,,,,,,,,,,,,,,,,,,,,,,,,my son's asthma attack was so bad last night i nearly called for a <mask> <mask> <mask> <mask> <mask> but i managed to calm him down before we came in,▁da ffy ▁cha rio t,5.0,7.548974551781781e-20,44.03029012680054,8.806058025360107,doctor to his his him,3.516052558389347e-06,31.47211849689484,6.294423699378967,14.0,15.0,0.0,26.0,0.0,2.0
519,"Doctor, I keep joking with my wife that every time I have one of these dizzy spells, I'm going to need a daffy chariot to get here.",daffy chariot,daffy chariot,is_multiword,1,22,22|23,1,8.306926035881043,1,1.0,,,,,,,,,,,,,,,,,,,,,,,,,,,,,,,doctor i keep joking with my wife that every time i have one of these dizzy spells i'm going to need a <mask> <mask> <mask> <mask> <mask> to get here,▁da ffy ▁cha rio t,5.0,2.5999934536390417e-23,52.00394821166992,10.400789642333985,doctor . . i how,2.839441655604516e-05,41.53463017940521,8.306926035881043,22.0,23.0,0.0,26.0,0.0,2.0
520,"Doctor, every time I hear an ambie go by, my heart starts racing and I break out in a cold sweat—could this be anxiety?",ambie go,ambie go,is_multiword,0,6,6|7,1,4.12380846341451,0,1.0,,,,,,,,,,,,,,,,,,,,,,,,,,,,,,,doctor every time i hear an <mask> <mask> <mask> by my heart starts racing and i break out in a cold sweat-could this be anxiety,▁amb ie ▁go,3.0,6.495455175466327e-10,21.15474820137024,7.05158273379008, sound ing,0.0001532679576643,12.37142539024353,4.12380846341451,6.0,7.0,0.0,23.0,0.0,2.0
521,"My son keeps covering his ears and crying whenever an ambie passes, and he says the noise makes his head hurt.",keeps covering,keeps covering,is_multiword,0,2,2|3,1,1.920789748430252,0,1.0,,,,,,,,,,,,,,,,,,,,,,,,,,,,,,,my son <mask> <mask> <mask> <mask> his ears and crying whenever an ambie passes and he says the noise makes his head hurt,▁keep s ▁cover ing,4.0,2.699731047904768e-07,15.124943494796751,3.781235873699188,is s ing in,0.0005862381210116,7.683158993721008,1.920789748430252,2.0,3.0,0.0,20.0,0.0,2.0
521,"My son keeps covering his ears and crying whenever an ambie passes, and he says the noise makes his head hurt.",an ambie,an ambie,is_multiword,0,9,9|10,1,6.906989872455597,1,1.0,,,,,,,,,,,,,,,,,,,,,,,,,,,,,,,my son keeps covering his ears and crying whenever <mask> <mask> <mask> passes and he says the noise makes his head hurt,▁an ▁amb ie,3.0,1.3700139079219187e-11,25.01361513137817,8.33787171045939,the no ise,0.0136687166418365,20.72096961736679,6.906989872455597,9.0,10.0,0.0,20.0,0.0,2.0
524,"""Doc, I feel so bad I keep thinking I’ll need an agony wagon just to get out of your parking lot.""",keep thinking,keep thinking,is_multiword,0,6,6|7,1,3.666921496391296,1,1.0,,,,,,,,,,,,,,,,,,,,,,,,,,,,,,,doc i feel so bad i <mask> <mask> i'll need an agony wagon just to get out of your parking lot,▁keep ▁thinking,2.0,1.3254201961112953e-05,11.23119592666626,5.61559796333313,think you,0.0202955641034599,7.333842992782593,3.666921496391296,6.0,7.0,0.0,20.0,0.0,2.0
525,"""I told my wife to call an agony wagon on the way here, but she said you’d fix me up before I hit the stretcher.""",agony wagon,agony wagon,is_multiword,1,7,7|8,1,7.743159264326096,0,1.0,,,,,,,,,,,,,,,,,,,,,,,,,,,,,,,i told my wife to call an <mask> <mask> <mask> <mask> on the way here but she said you'd fix me up before i hit the stretcher,▁ago ny ▁wa gon,4.0,6.289123980605265e-18,39.60770988464356,9.901927471160889,ambula and ' was,0.0001777606052265,30.972637057304382,7.743159264326096,7.0,8.0,0.0,24.0,0.0,2.0
526,My husband’s been snoring louder and struggling to button his trousers; I’m worried he’s developed a German goitre from all that belly fat.,goitre from,goitre from,is_multiword,0,17,17|18,1,3.7362252473831177,0,1.0,,,,,,,,,,,,,,,,,,,,,,,,,,,,,,,my husband's been snoring louder and struggling to button his trousers i'm worried he's developed a german <mask> <mask> <mask> <mask> all that belly fat,▁go it re ▁from,4.0,2.2598721008352747e-11,24.51312780380249,6.128281950950623,y and due with,6.991524646489314e-05,14.94490098953247,3.7362252473831177,17.0,18.0,0.0,22.0,0.0,2.0
528,"""I’m worried this 'jelly belly' is more than just fat—it feels hard like android obesity, and I’m getting short of breath.""",getting short,getting short,is_multiword,0,18,18|19,1,1.2363414764404297,0,1.0,,,,,,,,,,,,,,,,,,,,,,,,,,,,,,,i'm worried this 'jelly belly' is more than just fat-it feels hard like android obesity and i'm getting <mask> <mask> breath,▁short ▁of,2.0,0.0055904981939382,5.186686873435974,2.593343436717987,out bad,0.0662709312542459,2.47268295288086,1.2363414764404297,18.0,19.0,0.0,20.0,0.0,2.0
528,"""I’m worried this 'jelly belly' is more than just fat—it feels hard like android obesity, and I’m getting short of breath.""",getting short of,getting short of,is_multiword,0,18,18|19|20,1,4.656903584798177,0,1.0,,,,,,,,,,,,,,,,,,,,,,,,,,,,,,,i'm worried this 'jelly belly' is more than just fat-it feels hard like android obesity and i'm getting <mask> <mask> <mask>,▁short ▁of ▁breath,3.0,6.529672303499998e-10,21.149494171142575,7.049831390380859,too . .,0.0007625950383825,13.970710754394531,4.656903584798177,18.0,20.0,0.0,20.0,0.0,3.0
528,"""I’m worried this 'jelly belly' is more than just fat—it feels hard like android obesity, and I’m getting short of breath.""",getting short of breath,getting short of breath,is_multiword,0,18,,1,,0,1.0,,,,,,,,,,,,,,,,,,,,,,,,,,,,,,,,,,,,,,,,,,,,,,
528,"""I’m worried this 'jelly belly' is more than just fat—it feels hard like android obesity, and I’m getting short of breath.""",short of,short of,is_multiword,0,19,19|20,1,5.466459333896637,1,1.0,,,,,,,,,,,,,,,,,,,,,,,,,,,,,,,i'm worried this 'jelly belly' is more than just fat-it feels hard like android obesity and i'm getting short <mask> <mask>,▁of ▁breath,2.0,3.877642161359661e-06,12.460283279418944,6.230141639709473,er .,0.2171070755068153,10.932918667793274,5.466459333896637,19.0,20.0,0.0,20.0,0.0,2.0
528,"""I’m worried this 'jelly belly' is more than just fat—it feels hard like android obesity, and I’m getting short of breath.""",short of breath,short of breath,is_multiword,0,19,,1,,0,1.0,,,,,,,,,,,,,,,,,,,,,,,,,,,,,,,,,,,,,,,,,,,,,,
528,"""I’m worried this 'jelly belly' is more than just fat—it feels hard like android obesity, and I’m getting short of breath.""",of breath,of breath,is_multiword,0,20,,1,,0,1.0,,,,,,,,,,,,,,,,,,,,,,,,,,,,,,,,,,,,,,,,,,,,,,
529,My husband's been complaining about his jelly belly and says his trousers don't fit anymore—could it be something more than just weight gain?,trousers don't,trousers don't,is_multiword,0,11,11|12,1,3.5411116778850555,0,1.0,,,,,,,,,,,,,,,,,,,,,,,,,,,,,,,my husband's been complaining about his jelly belly and says his <mask> <mask> <mask> <mask> <mask> <mask> fit anymore-could it be something more than just weight gain,▁trou s ers ▁don ' t,6.0,3.625620263104281e-13,28.64558082818985,4.774263471364975,body lly ' ' ' t,0.0006119189242891,21.246670067310333,3.5411116778850555,11.0,12.0,0.0,22.0,0.0,2.0
531,"My husband has always been a bit stocky, but now he’s gone totally pudding-bellied, and his blood pressure keeps spiking—could that belly be causing it?",gone totally,gone totally,is_multiword,0,11,11|12,1,4.329290449619293,1,1.0,,,,,,,,,,,,,,,,,,,,,,,,,,,,,,,my husband has always been a bit stocky but now he's <mask> <mask> pudding-bellied and his blood pressure keeps spiking-could that belly be causing it,▁gone ▁totally,2.0,9.67511653873977e-06,11.545953273773192,5.772976636886597,a bit,0.0557224381118018,8.658580899238586,4.329290449619293,11.0,12.0,0.0,24.0,0.0,2.0
531,"My husband has always been a bit stocky, but now he’s gone totally pudding-bellied, and his blood pressure keeps spiking—could that belly be causing it?",gone totally pudding-bellied,gone totally pudding-bellied,is_multiword,0,11,11|12|13,1,5.156855957848685,0,1.0,,,,,,,,,,,,,,,,,,,,,,,,,,,,,,,my husband has always been a bit stocky but now he's <mask> <mask> <mask> <mask> <mask> <mask> <mask> and his blood pressure keeps spiking-could that belly be causing it,▁gone ▁totally ▁pu dding - belli ed,7.0,9.399419641505339e-25,55.32397937774658,7.903425625392368,been a a a a be lly,4.4695072343155585e-09,36.0979917049408,5.156855957848685,11.0,13.0,0.0,24.0,0.0,3.0
531,"My husband has always been a bit stocky, but now he’s gone totally pudding-bellied, and his blood pressure keeps spiking—could that belly be causing it?",totally pudding-bellied,totally pudding-bellied,is_multiword,0,12,12|13,1,6.0362123648325605,0,1.0,,,,,,,,,,,,,,,,,,,,,,,,,,,,,,,my husband has always been a bit stocky but now he's gone <mask> <mask> <mask> <mask> <mask> <mask> and his blood pressure keeps spiking-could that belly be causing it,▁totally ▁pu dding - belli ed,6.0,2.2201245418843685e-23,52.16189384460449,8.693648974100748,to a a a a s,1.1894321345238637e-07,36.21727418899536,6.0362123648325605,12.0,13.0,0.0,24.0,0.0,2.0
531,"My husband has always been a bit stocky, but now he’s gone totally pudding-bellied, and his blood pressure keeps spiking—could that belly be causing it?",keeps spiking,keeps spiking,is_multiword,0,18,18|19,1,4.773580270154135,0,1.0,,,,,,,,,,,,,,,,,,,,,,,,,,,,,,,my husband has always been a bit stocky but now he's gone totally pudding-bellied and his blood pressure <mask> <mask> <mask> <mask> <mask> <mask> <mask> that belly be causing it,▁keep s ▁spi king - co uld,7.0,2.5556993227890923e-22,49.71854615211487,7.102649450302124,is s high . it may could,8.307813710995236e-08,33.41506189107895,4.773580270154135,18.0,19.0,0.0,24.0,0.0,2.0
535,"Doctor, I’ve got this lager belly that won’t go away no matter how much I exercise—could it be android obesity?",I’ve got,i've got,is_multiword,0,1,1|2,1,2.90907284617424,1,1.0,,,,,,,,,,,,,,,,,,,,,,,,,,,,,,,doctor <mask> <mask> <mask> <mask> this lager belly that won't go away no matter how much i exercise-could it be android obesity,▁i ' ve ▁got,4.0,4.33684162616194e-09,19.2561194896698,4.81402987241745,s s i have,0.0004906261600619,11.63629138469696,2.90907284617424,1.0,2.0,0.0,19.0,0.0,2.0
536,"I'm bringing my son in because his stomach's gotten so guttery over the past few months—he's only twelve, but his waist is bigger than mine and he gets winded just climbing stairs.",so guttery,so guttery,is_multiword,0,9,9|10,1,5.057069142659505,0,1.0,,,,,,,,,,,,,,,,,,,,,,,,,,,,,,,i'm bringing my son in because his stomach's gotten <mask> <mask> <mask> over the past few months-he's only twelve but his waist is bigger than mine and he gets winded just climbing stairs,▁so ▁gutter y,3.0,1.5050046541739415e-10,22.61705493927002,7.539018313090007,a bit y,0.000583861061815,15.171207427978516,5.057069142659505,9.0,10.0,0.0,31.0,0.0,2.0
537,"""Is this what you call guttery? My jeans won't button and I've got that hard, round stomach that won't go away.""",I've got,i've got,is_multiword,0,11,11|12,1,1.9118805527687075,1,1.0,,,,,,,,,,,,,,,,,,,,,,,,,,,,,,,is this what you call guttery my jeans won't button and <mask> <mask> <mask> <mask> that hard round stomach that won't go away,▁i ' ve ▁got,4.0,1.395240048239867e-07,15.78502917289734,3.946257293224335,I ' t have,0.0002923651679558,7.647522211074829,1.9118805527687075,11.0,12.0,0.0,20.0,0.0,2.0
538,"""Doc, I think I'm getting balconied—my gut's sticking out way past my belt, but my arms and legs are still skinny as ever.""",gut's sticking,gut's sticking,is_multiword,0,7,7|8,1,2.2046777407328286,1,1.0,,,,,,,,,,,,,,,,,,,,,,,,,,,,,,,doc i think i'm getting balconied-my gut's <mask> <mask> <mask> way past my belt but my arms and legs are still skinny as ever,▁stick ing ▁out,3.0,2.349777260066769e-07,15.263775110244753,5.08792503674825,been ed ed,0.0001751720563247,6.614033222198486,2.2046777407328286,7.0,8.0,0.0,22.0,0.0,2.0
541,"""I keep telling my wife it's just my 'ballast room' acting up, but now I'm getting short of breath just tying my shoes.""",getting short,getting short,is_multiword,0,15,15|16,1,4.132362356409431,0,1.0,,,,,,,,,,,,,,,,,,,,,,,,,,,,,,,i keep telling my wife it's just my 'ballast room' acting up but now i'm <mask> <mask> of breath just tying my shoes,▁getting ▁short,2.0,0.0001255464415091,8.982834815979004,4.491417407989502,in out,0.487673037327138,8.264724712818861,4.132362356409431,15.0,16.0,0.0,22.0,0.0,2.0
544,"My husband’s been short of breath just walking to the car, and that beer pot he’s had is getting harder for him to ignore.",getting harder,getting harder,is_multiword,0,18,18|19,1,4.8000195026397705,0,1.0,,,,,,,,,,,,,,,,,,,,,,,,,,,,,,,my husband's been short of breath just walking to the car and that beer pot he's had is <mask> <mask> <mask> for him to ignore,▁getting ▁har der,3.0,5.884301456401733e-09,18.95097780227661,6.31699260075887,a too thing,0.0105574944763055,14.400058507919312,4.8000195026397705,18.0,19.0,0.0,23.0,0.0,2.0
545,"Doctor, I’ve been carrying this beer pot for years and now my back’s killing me—could it be something more than just belly fat?",back’s killing,back's killing,is_multiword,0,12,12|13,1,3.0383430242538454,0,1.0,,,,,,,,,,,,,,,,,,,,,,,,,,,,,,,doctor i've been carrying this beer pot for years and now my <mask> <mask> <mask> <mask> <mask> me-could it be something more than just belly fat,▁back ' s ▁ki lling,5.0,1.0922895900633978e-11,25.24015998840332,5.048031997680664,doctor is s to asking,4.325296088615782e-05,15.191715121269226,3.0383430242538454,12.0,13.0,0.0,22.0,0.0,2.0
545,"Doctor, I’ve been carrying this beer pot for years and now my back’s killing me—could it be something more than just belly fat?",back’s killing me,back's killing me,is_multiword,0,12,12|13|14,1,3.573483798238966,0,1.0,,,,,,,,,,,,,,,,,,,,,,,,,,,,,,,doctor i've been carrying this beer pot for years and now my <mask> <mask> <mask> <mask> <mask> <mask> <mask> <mask> <mask> it be something more than just belly fat,▁back ' s ▁ki lling ▁me - co uld,9.0,1.496754772674832e-24,54.8587429523468,6.0954158835940895,body lly it it it it it . can,1.3888306884032315e-10,32.161354184150696,3.573483798238966,12.0,14.0,0.0,22.0,0.0,3.0
545,"Doctor, I’ve been carrying this beer pot for years and now my back’s killing me—could it be something more than just belly fat?",killing me,killing me,is_multiword,0,13,13|14,1,3.805505692958832,1,1.0,,,,,,,,,,,,,,,,,,,,,,,,,,,,,,,doctor i've been carrying this beer pot for years and now my back's <mask> <mask> <mask> <mask> <mask> <mask> it be something more than just belly fat,▁ki lling ▁me - co uld,6.0,8.037428611652016e-18,39.36242246627808,6.56040374437968,pain so and . . Could,6.627929318476602e-08,22.83303415775299,3.805505692958832,13.0,14.0,0.0,22.0,0.0,2.0
546,"Doctor, I’ve got this beer gut that won’t go away no matter how much I exercise—could it be something more than just belly fat?",I’ve got,i've got,is_multiword,0,1,1|2,1,2.650306761264801,1,1.0,,,,,,,,,,,,,,,,,,,,,,,,,,,,,,,doctor <mask> <mask> <mask> <mask> this beer gut that won't go away no matter how much i exercise-could it be something more than just belly fat,▁i ' ve ▁got,4.0,6.9571899915553785e-09,18.78349018096924,4.69587254524231,s i i have,0.0002795685220818,10.601227045059204,2.650306761264801,1.0,2.0,0.0,23.0,0.0,2.0
548,"""I’m worried this 'big kitchen' is running in my family—my dad had the same apple-shaped belly, and now mine’s puffing up just like his.""",mine’s puffing,mine's puffing,is_multiword,0,19,19|20,1,3.5137022733688354,1,1.0,,,,,,,,,,,,,,,,,,,,,,,,,,,,,,,i'm worried this 'big kitchen' is running in my family-my dad had the same apple-shaped belly and now mine's <mask> <mask> <mask> just like his,▁puff ing ▁up,3.0,1.7122326272473076e-08,17.882882595062256,5.960960865020752,"a shape ,",0.0006478989760289,10.541106820106506,3.5137022733688354,19.0,20.0,0.0,23.0,0.0,2.0
548,"""I’m worried this 'big kitchen' is running in my family—my dad had the same apple-shaped belly, and now mine’s puffing up just like his.""",mine’s puffing up,mine's puffing up,is_multiword,0,19,19|20|21,1,3.323511242866516,0,1.0,,,,,,,,,,,,,,,,,,,,,,,,,,,,,,,i'm worried this 'big kitchen' is running in my family-my dad had the same apple-shaped belly and now mine's <mask> <mask> <mask> <mask> like his,▁puff ing ▁up ▁just,4.0,1.4596026046087402e-10,22.64768671989441,5.661921679973602,a - - just,8.664928889880221e-05,13.294044971466064,3.323511242866516,19.0,21.0,0.0,23.0,0.0,3.0
548,"""I’m worried this 'big kitchen' is running in my family—my dad had the same apple-shaped belly, and now mine’s puffing up just like his.""",puffing up,puffing up,is_multiword,0,20,20|21,1,0.0,0,1.0,,,,,,,,,,,,,,,,,,,,,,,,,,,,,,,i'm worried this 'big kitchen' is running in my family-my dad had the same apple-shaped belly and now mine's puffing <mask> <mask> like his,▁up ▁just,2.0,0.0706481406791575,2.650043487548828,1.325021743774414,up just,0.0706481406791575,0.0,0.0,20.0,21.0,0.0,23.0,0.0,2.0
549,My husband’s been eating nonstop and his stomach’s gotten huge—could this be that big kitchen problem you mentioned?,stomach’s gotten,stomach's gotten,is_multiword,0,7,7|8,1,2.326160359382629,0,1.0,,,,,,,,,,,,,,,,,,,,,,,,,,,,,,,my husband's been eating nonstop and his <mask> <mask> <mask> <mask> <mask> huge-could this be that big kitchen problem you mentioned,▁stomach ' s ▁gott en,5.0,1.0485576286456244e-10,22.97843539714813,4.595687079429626,kitchen ' ' been so,1.1797373922099336e-05,11.630801796913149,2.326160359382629,7.0,8.0,0.0,17.0,0.0,2.0
549,My husband’s been eating nonstop and his stomach’s gotten huge—could this be that big kitchen problem you mentioned?,stomach’s gotten huge,stomach's gotten huge,is_multiword,0,7,7|8|9,1,3.6119346221288047,0,1.0,,,,,,,,,,,,,,,,,,,,,,,,,,,,,,,my husband's been eating nonstop and his <mask> <mask> <mask> <mask> <mask> <mask> <mask> <mask> <mask> this be that big kitchen problem you mentioned,▁stomach ' s ▁gott en ▁huge - co uld,9.0,3.8500771502516313e-25,56.21653413772583,6.246281570858425,wife is s s . . . </s> could,5.049622481568867e-11,32.50741159915924,3.6119346221288047,7.0,9.0,0.0,17.0,0.0,3.0
549,My husband’s been eating nonstop and his stomach’s gotten huge—could this be that big kitchen problem you mentioned?,gotten huge,gotten huge,is_multiword,0,8,8|9,1,4.847039461135864,0,1.0,,,,,,,,,,,,,,,,,,,,,,,,,,,,,,,my husband's been eating nonstop and his stomach's <mask> <mask> <mask> <mask> <mask> <mask> this be that big kitchen problem you mentioned,▁gott en ▁huge - co uld,6.0,2.140669773117965e-19,42.98799800872803,7.164666334788005,still ing . . </s> could,9.137021061074196e-07,29.082236766815186,4.847039461135864,8.0,9.0,0.0,17.0,0.0,2.0
550,"Doctor, I’m worried about my husband—his stomach’s gotten really big and hard, like a brewer’s goitre, even though he hasn’t been drinking more than usual.",stomach’s gotten,stomach's gotten,is_multiword,0,7,7|8,1,3.203367829322815,1,1.0,,,,,,,,,,,,,,,,,,,,,,,,,,,,,,,doctor i'm worried about my husband-his stomach's <mask> <mask> <mask> big and hard like a brewer's goitre even though he hasn't been drinking more than usual,▁gott en ▁really,3.0,3.41439371094946e-07,14.890095710754396,4.963365236918132,been ing and,0.0050924703977775,9.610103487968445,3.203367829322815,7.0,8.0,0.0,24.0,0.0,2.0
550,"Doctor, I’m worried about my husband—his stomach’s gotten really big and hard, like a brewer’s goitre, even though he hasn’t been drinking more than usual.",stomach’s gotten really,stomach's gotten really,is_multiword,0,7,7|8|9,1,2.92516428232193,0,1.0,,,,,,,,,,,,,,,,,,,,,,,,,,,,,,,doctor i'm worried about my husband-his stomach's <mask> <mask> <mask> <mask> and hard like a brewer's goitre even though he hasn't been drinking more than usual,▁gott en ▁really ▁big,4.0,1.2970746881939614e-10,22.76573944091797,5.691434860229492,been ing and cold,1.564933221854149e-05,11.70065712928772,2.92516428232193,7.0,9.0,0.0,24.0,0.0,3.0
550,"Doctor, I’m worried about my husband—his stomach’s gotten really big and hard, like a brewer’s goitre, even though he hasn’t been drinking more than usual.",gotten really,gotten really,is_multiword,0,8,8|9,1,1.7904396057128906,0,1.0,,,,,,,,,,,,,,,,,,,,,,,,,,,,,,,doctor i'm worried about my husband-his stomach's gotten <mask> <mask> and hard like a brewer's goitre even though he hasn't been drinking more than usual,▁really ▁big,2.0,0.0002129022150822,8.45467758178711,4.227338790893555,so y,0.0076442742887848,3.580879211425781,1.7904396057128906,8.0,9.0,0.0,24.0,0.0,2.0
550,"Doctor, I’m worried about my husband—his stomach’s gotten really big and hard, like a brewer’s goitre, even though he hasn’t been drinking more than usual.",been drinking,been drinking,is_multiword,0,21,21|22,1,2.3674951990445456,1,1.0,,,,,,,,,,,,,,,,,,,,,,,,,,,,,,,doctor i'm worried about my husband-his stomach's gotten really big and hard like a brewer's goitre even though he hasn't been <mask> <mask> <mask> than usual,▁drink ing ▁more,3.0,3.3408920077962287e-06,12.609272718429564,4.2030909061431885,a much er,0.004059127941004,7.1024855971336365,2.3674951990445456,21.0,22.0,0.0,24.0,0.0,2.0
553,"Doctor, I’ve been having trouble with my breathing and this big boep just keeps getting in the way when I try to bend down to tie my shoes.",boep just,boep just,is_multiword,0,11,11|12,1,2.8608781496683755,0,1.0,,,,,,,,,,,,,,,,,,,,,,,,,,,,,,,doctor i've been having trouble with my breathing and this big <mask> <mask> <mask> keeps getting in the way when i try to bend down to tie my shoes,▁bo ep ▁just,3.0,9.349137010342629e-09,18.48798179626465,6.162660598754883, e just,4.9907096681159526e-05,8.582634449005127,2.8608781496683755,11.0,12.0,0.0,27.0,0.0,2.0
553,"Doctor, I’ve been having trouble with my breathing and this big boep just keeps getting in the way when I try to bend down to tie my shoes.",boep just keeps,boep just keeps,is_multiword,0,11,11|12|13,1,2.93748025894165,0,1.0,,,,,,,,,,,,,,,,,,,,,,,,,,,,,,,doctor i've been having trouble with my breathing and this big <mask> <mask> <mask> <mask> <mask> getting in the way when i try to bend down to tie my shoes,▁bo ep ▁just ▁keep s,5.0,8.370375114735638e-13,27.808907508850098,5.561781501770019, of ' ' is,2.0017150614637973e-06,14.687401294708252,2.93748025894165,11.0,13.0,0.0,27.0,0.0,3.0
553,"Doctor, I’ve been having trouble with my breathing and this big boep just keeps getting in the way when I try to bend down to tie my shoes.",boep just keeps getting,boep just keeps getting,is_multiword,0,11,11|12|13|14,1,2.5452952782313027,0,1.0,,,,,,,,,,,,,,,,,,,,,,,,,,,,,,,doctor i've been having trouble with my breathing and this big <mask> <mask> <mask> <mask> <mask> <mask> in the way when i try to bend down to tie my shoes,▁bo ep ▁just ▁keep s ▁getting,6.0,2.2074206950737004e-14,31.44436657428741,5.240727762381236, is is ' getting getting,9.469592153447441e-08,15.271771669387816,2.5452952782313027,11.0,14.0,0.0,27.0,0.0,4.0
553,"Doctor, I’ve been having trouble with my breathing and this big boep just keeps getting in the way when I try to bend down to tie my shoes.",boep just keeps getting in,boep just keeps getting in,is_multiword,0,11,11|12|13|14|15,1,2.3871611527034213,0,1.0,,,,,,,,,,,,,,,,,,,,,,,,,,,,,,,doctor i've been having trouble with my breathing and this big <mask> <mask> <mask> <mask> <mask> <mask> <mask> the way when i try to bend down to tie my shoes,▁bo ep ▁just ▁keep s ▁getting ▁in,7.0,2.634858179220082e-16,35.87253212928772,5.124647447041103, is is ' to out all,4.762924053446037e-09,16.71012806892395,2.3871611527034213,11.0,15.0,0.0,27.0,0.0,5.0
553,"Doctor, I’ve been having trouble with my breathing and this big boep just keeps getting in the way when I try to bend down to tie my shoes.",boep just keeps getting in the,boep just keeps getting in the,is_multiword,0,11,11|12|13|14|15|16,1,2.033412009477616,0,1.0,,,,,,,,,,,,,,,,,,,,,,,,,,,,,,,doctor i've been having trouble with my breathing and this big <mask> <mask> <mask> <mask> <mask> <mask> <mask> <mask> way when i try to bend down to tie my shoes,▁bo ep ▁just ▁keep s ▁getting ▁in ▁the,8.0,1.5766760434211558e-17,38.68862771987915,4.836078464984894,thing is is ' ' in in the,1.8303721116502943e-10,16.267296075820923,2.033412009477616,11.0,16.0,0.0,27.0,0.0,6.0
553,"Doctor, I’ve been having trouble with my breathing and this big boep just keeps getting in the way when I try to bend down to tie my shoes.",boep just keeps getting in the way,boep just keeps getting in the way,is_multiword,0,11,11|12|13|14|15|16|17,1,2.185822751786974,0,1.0,,,,,,,,,,,,,,,,,,,,,,,,,,,,,,,doctor i've been having trouble with my breathing and this big <mask> <mask> <mask> <mask> <mask> <mask> <mask> <mask> <mask> when i try to bend down to tie my shoes,▁bo ep ▁just ▁keep s ▁getting ▁in ▁the ▁way,9.0,1.2807020880125176e-21,48.10687851905823,5.345208724339803,thing is is the the the the the me,4.477802693683509e-13,19.672404766082764,2.185822751786974,11.0,17.0,0.0,27.0,0.0,7.0
553,"Doctor, I’ve been having trouble with my breathing and this big boep just keeps getting in the way when I try to bend down to tie my shoes.",just keeps,just keeps,is_multiword,0,12,12|13,1,2.285273234049479,1,1.0,,,,,,,,,,,,,,,,,,,,,,,,,,,,,,,doctor i've been having trouble with my breathing and this big boep <mask> <mask> <mask> getting in the way when i try to bend down to tie my shoes,▁just ▁keep s,3.0,2.2427984702985225e-06,13.00778615474701,4.335928718249003,is ' is,0.0021292905015829,6.8558197021484375,2.285273234049479,12.0,13.0,0.0,27.0,0.0,2.0
553,"Doctor, I’ve been having trouble with my breathing and this big boep just keeps getting in the way when I try to bend down to tie my shoes.",just keeps getting,just keeps getting,is_multiword,0,12,12|13|14,1,1.6213588118553162,0,1.0,,,,,,,,,,,,,,,,,,,,,,,,,,,,,,,doctor i've been having trouble with my breathing and this big boep <mask> <mask> <mask> <mask> in the way when i try to bend down to tie my shoes,▁just ▁keep s ▁getting,4.0,1.208219423986642e-07,15.928947925567629,3.9822369813919063,is ' getting getting,7.920170923344792e-05,6.485435247421265,1.6213588118553162,12.0,14.0,0.0,27.0,0.0,3.0
553,"Doctor, I’ve been having trouble with my breathing and this big boep just keeps getting in the way when I try to bend down to tie my shoes.",just keeps getting in,just keeps getting in,is_multiword,0,12,12|13|14|15,1,1.5624130725860597,0,1.0,,,,,,,,,,,,,,,,,,,,,,,,,,,,,,,doctor i've been having trouble with my breathing and this big boep <mask> <mask> <mask> <mask> <mask> the way when i try to bend down to tie my shoes,▁just ▁keep s ▁getting ▁in,5.0,1.735709853074361e-09,20.171849370002747,4.034369874000549,is ' s out all,4.287597491997403e-06,7.812065362930298,1.5624130725860597,12.0,15.0,0.0,27.0,0.0,4.0
553,"Doctor, I’ve been having trouble with my breathing and this big boep just keeps getting in the way when I try to bend down to tie my shoes.",just keeps getting in the,just keeps getting in the,is_multiword,0,12,12|13|14|15|16,1,1.1145407756169636,0,1.0,,,,,,,,,,,,,,,,,,,,,,,,,,,,,,,doctor i've been having trouble with my breathing and this big boep <mask> <mask> <mask> <mask> <mask> <mask> way when i try to bend down to tie my shoes,▁just ▁keep s ▁getting ▁in ▁the,6.0,1.5940842804194743e-10,22.55955147743225,3.759925246238709,is ' s s in the,1.2786295332870718e-07,6.687244653701782,1.1145407756169636,12.0,16.0,0.0,27.0,0.0,5.0
553,"Doctor, I’ve been having trouble with my breathing and this big boep just keeps getting in the way when I try to bend down to tie my shoes.",just keeps getting in the way,just keeps getting in the way,is_multiword,0,12,12|13|14|15|16|17,1,1.4323359898158483,0,1.0,,,,,,,,,,,,,,,,,,,,,,,,,,,,,,,doctor i've been having trouble with my breathing and this big boep <mask> <mask> <mask> <mask> <mask> <mask> <mask> when i try to bend down to tie my shoes,▁just ▁keep s ▁getting ▁in ▁the ▁way,7.0,1.0666208773034298e-14,32.17169570922852,4.595956529889788,is s me me to the me,2.412122702906706e-10,10.026351928710938,1.4323359898158483,12.0,17.0,0.0,27.0,0.0,6.0
553,"Doctor, I’ve been having trouble with my breathing and this big boep just keeps getting in the way when I try to bend down to tie my shoes.",keeps getting,keeps getting,is_multiword,0,13,13|14,1,0.3123550415039062,0,1.0,,,,,,,,,,,,,,,,,,,,,,,,,,,,,,,doctor i've been having trouble with my breathing and this big boep just <mask> <mask> <mask> in the way when i try to bend down to tie my shoes,▁keep s ▁getting,3.0,0.0011212679396462,6.79329514503479,2.2644317150115967,gets s me,0.0028620131003335,0.9370651245117188,0.3123550415039062,13.0,14.0,0.0,27.0,0.0,2.0
553,"Doctor, I’ve been having trouble with my breathing and this big boep just keeps getting in the way when I try to bend down to tie my shoes.",keeps getting in,keeps getting in,is_multiword,0,13,13|14|15,1,1.0156183540821075,0,1.0,,,,,,,,,,,,,,,,,,,,,,,,,,,,,,,doctor i've been having trouble with my breathing and this big boep just <mask> <mask> <mask> <mask> the way when i try to bend down to tie my shoes,▁keep s ▁getting ▁in,4.0,1.7216864135712377e-05,10.969621181488035,2.7424052953720093,keep s out all,0.0010006076983964,4.06247341632843,1.0156183540821075,13.0,15.0,0.0,27.0,0.0,3.0
553,"Doctor, I’ve been having trouble with my breathing and this big boep just keeps getting in the way when I try to bend down to tie my shoes.",keeps getting in the,keeps getting in the,is_multiword,0,13,13|14|15|16,1,0.4903404235839844,0,1.0,,,,,,,,,,,,,,,,,,,,,,,,,,,,,,,doctor i've been having trouble with my breathing and this big boep just <mask> <mask> <mask> <mask> <mask> way when i try to bend down to tie my shoes,▁keep s ▁getting ▁in ▁the,5.0,2.2222784743725326e-06,13.016977548599243,2.6033955097198485,keep s me the the,2.579640464275909e-05,2.451702117919922,0.4903404235839844,13.0,16.0,0.0,27.0,0.0,4.0
553,"Doctor, I’ve been having trouble with my breathing and this big boep just keeps getting in the way when I try to bend down to tie my shoes.",keeps getting in the way,keeps getting in the way,is_multiword,0,13,13|14|15|16|17,1,0.974121650060018,0,1.0,,,,,,,,,,,,,,,,,,,,,,,,,,,,,,,doctor i've been having trouble with my breathing and this big boep just <mask> <mask> <mask> <mask> <mask> <mask> when i try to bend down to tie my shoes,▁keep s ▁getting ▁in ▁the ▁way,6.0,6.119044366175941e-10,21.214444994926453,3.535740832487742,goes s me my my me,2.113574428989233e-07,5.844729900360107,0.974121650060018,13.0,17.0,0.0,27.0,0.0,5.0
553,"Doctor, I’ve been having trouble with my breathing and this big boep just keeps getting in the way when I try to bend down to tie my shoes.",getting in,getting in,is_multiword,0,14,14|15,1,1.265155792236328,1,1.0,,,,,,,,,,,,,,,,,,,,,,,,,,,,,,,doctor i've been having trouble with my breathing and this big boep just keeps <mask> <mask> the way when i try to bend down to tie my shoes,▁getting ▁in,2.0,0.0086668529919194,4.748249530792236,2.374124765396118,coming all,0.1088332977028491,2.530311584472656,1.265155792236328,14.0,15.0,0.0,27.0,0.0,2.0
553,"Doctor, I’ve been having trouble with my breathing and this big boep just keeps getting in the way when I try to bend down to tie my shoes.",getting in the,getting in the,is_multiword,0,14,14|15|16,1,0.5395469665527344,0,1.0,,,,,,,,,,,,,,,,,,,,,,,,,,,,,,,doctor i've been having trouble with my breathing and this big boep just keeps <mask> <mask> <mask> way when i try to bend down to tie my shoes,▁getting ▁in ▁the,3.0,0.0026796497268636,5.922069191932678,1.9740230639775596,coming the the,0.0135221216720331,1.6186408996582031,0.5395469665527344,14.0,16.0,0.0,27.0,0.0,3.0
553,"Doctor, I’ve been having trouble with my breathing and this big boep just keeps getting in the way when I try to bend down to tie my shoes.",getting in the way,getting in the way,is_multiword,0,14,14|15|16|17,1,1.6027650833129885,0,1.0,,,,,,,,,,,,,,,,,,,,,,,,,,,,,,,doctor i've been having trouble with my breathing and this big boep just keeps <mask> <mask> <mask> <mask> when i try to bend down to tie my shoes,▁getting ▁in ▁the ▁way,4.0,8.193339489784635e-07,14.014774084091188,3.5036935210227966,me ing ing me,0.0004985963283408,6.411060333251953,1.6027650833129885,14.0,17.0,0.0,27.0,0.0,4.0
553,"Doctor, I’ve been having trouble with my breathing and this big boep just keeps getting in the way when I try to bend down to tie my shoes.",in the,in the,is_multiword,0,15,15|16,1,0.0861015319824218,0,1.0,,,,,,,,,,,,,,,,,,,,,,,,,,,,,,,doctor i've been having trouble with my breathing and this big boep just keeps getting <mask> <mask> way when i try to bend down to tie my shoes,▁in ▁the,2.0,0.153589201501292,1.8734737634658811,0.9367368817329408,in my,0.1824515356148847,0.1722030639648437,0.0861015319824218,15.0,16.0,0.0,27.0,0.0,2.0
553,"Doctor, I’ve been having trouble with my breathing and this big boep just keeps getting in the way when I try to bend down to tie my shoes.",in the way,in the way,is_multiword,0,15,15|16|17,1,1.7287102540334065,0,1.0,,,,,,,,,,,,,,,,,,,,,,,,,,,,,,,doctor i've been having trouble with my breathing and this big boep just keeps getting <mask> <mask> <mask> when i try to bend down to tie my shoes,▁in ▁the ▁way,3.0,5.701223159161213e-06,12.074829816818236,4.024943272272746,me and me,0.0010192389529665,5.18613076210022,1.7287102540334065,15.0,17.0,0.0,27.0,0.0,3.0
553,"Doctor, I’ve been having trouble with my breathing and this big boep just keeps getting in the way when I try to bend down to tie my shoes.",the way,the way,is_multiword,0,16,16|17,1,0.81207275390625,0,1.0,,,,,,,,,,,,,,,,,,,,,,,,,,,,,,,doctor i've been having trouble with my breathing and this big boep just keeps getting in <mask> <mask> when i try to bend down to tie my shoes,▁the ▁way,2.0,0.0211896015827339,3.8542447090148926,1.9271223545074463,my air,0.1075177637153037,1.6241455078125,0.81207275390625,16.0,17.0,0.0,27.0,0.0,2.0
556,"""I'm worried about this beer barrel look I've got, Doctor. My arms and legs are still thin, but my stomach sticks out like I'm nine months pregnant.""",look I've,look i've,is_multiword,0,6,6|7,1,1.2899770736694336,0,1.0,,,,,,,,,,,,,,,,,,,,,,,,,,,,,,,i'm worried about this beer barrel <mask> <mask> <mask> <mask> got doctor my arms and legs are still thin but my stomach sticks out like i'm nine months pregnant,▁look ▁i ' ve,4.0,0.0001058351395454,9.153627961874008,2.288406990468502,. i ' ve,0.0184310291618531,5.159908294677734,1.2899770736694336,6.0,7.0,0.0,26.0,0.0,2.0
556,"""I'm worried about this beer barrel look I've got, Doctor. My arms and legs are still thin, but my stomach sticks out like I'm nine months pregnant.""",look I've got,look i've got,is_multiword,0,6,6|7|8,1,4.263838863372802,0,1.0,,,,,,,,,,,,,,,,,,,,,,,,,,,,,,,i'm worried about this beer barrel <mask> <mask> <mask> <mask> <mask> doctor my arms and legs are still thin but my stomach sticks out like i'm nine months pregnant,▁look ▁i ' ve ▁got,5.0,7.005975707748137e-13,27.98684275150299,5.597368550300598,i i to to the,0.0012713849833582,21.319194316864014,4.263838863372802,6.0,8.0,0.0,26.0,0.0,3.0
556,"""I'm worried about this beer barrel look I've got, Doctor. My arms and legs are still thin, but my stomach sticks out like I'm nine months pregnant.""",I've got,i've got,is_multiword,0,7,7|8,1,4.624246656894684,1,1.0,,,,,,,,,,,,,,,,,,,,,,,,,,,,,,,i'm worried about this beer barrel look <mask> <mask> <mask> <mask> doctor my arms and legs are still thin but my stomach sticks out like i'm nine months pregnant,▁i ' ve ▁got,4.0,1.6905765088850262e-11,24.8033664226532,6.2008416056633,like i to the,0.0018246268199531,18.496986627578732,4.624246656894684,7.0,8.0,0.0,26.0,0.0,2.0
556,"""I'm worried about this beer barrel look I've got, Doctor. My arms and legs are still thin, but my stomach sticks out like I'm nine months pregnant.""",sticks out,sticks out,is_multiword,0,20,20|21,1,2.8752238750457764,1,1.0,,,,,,,,,,,,,,,,,,,,,,,,,,,,,,,i'm worried about this beer barrel look i've got doctor my arms and legs are still thin but my stomach <mask> <mask> <mask> like i'm nine months pregnant,▁stick s ▁out,3.0,8.766852477800496e-07,13.947117805480955,4.649039268493652,is still s,0.0048856830349548,8.625671625137329,2.8752238750457764,20.0,21.0,0.0,26.0,0.0,2.0
560,My husband's potbelly keeps getting bigger and he's always tired—is that what you call android obesity?,potbelly keeps,potbelly keeps,is_multiword,0,2,2|3,1,4.236396026611328,0,1.0,,,,,,,,,,,,,,,,,,,,,,,,,,,,,,,my husband's <mask> <mask> <mask> <mask> <mask> getting bigger and he's always tired-is that what you call android obesity,▁pot bel ly ▁keep s,5.0,8.38831073992967e-15,32.41193723678589,6.482387447357178,obes is he ' s,1.3270631745209652e-05,21.18198013305664,4.236396026611328,2.0,3.0,0.0,15.0,0.0,2.0
561,"""Doc, I’ve got this potbelly that won’t go away no matter how much I diet—could it be that android obesity thing you mentioned last time?""",I’ve got,i've got,is_multiword,0,1,1|2,1,2.16763499379158,1,1.0,,,,,,,,,,,,,,,,,,,,,,,,,,,,,,,doc <mask> <mask> <mask> <mask> this potbelly that won't go away no matter how much i diet-could it be that android obesity thing you mentioned last time,▁i ' ve ▁got,4.0,1.34498539877006e-07,15.821712493896484,3.955428123474121,", i i have",0.0007839443527797,8.67053997516632,2.16763499379158,1.0,2.0,0.0,24.0,0.0,2.0
562,"Doctor, I’ve been getting this beer goitre over the last year—my belly’s huge but my arms and legs stayed thin, and I’m worried it’s more than just weight.",goitre over,goitre over,is_multiword,0,6,6|7,1,5.358600661158562,0,1.0,,,,,,,,,,,,,,,,,,,,,,,,,,,,,,,doctor i've been getting this beer <mask> <mask> <mask> <mask> the last year-my belly's huge but my arms and legs stayed thin and i'm worried it's more than just weight,▁go it re ▁over,4.0,2.7820231092233937e-13,28.9104278087616,7.227606952190399,for the times for,0.000566504709543,21.434402644634247,5.358600661158562,6.0,7.0,0.0,27.0,0.0,2.0
562,"Doctor, I’ve been getting this beer goitre over the last year—my belly’s huge but my arms and legs stayed thin, and I’m worried it’s more than just weight.",belly’s huge,belly's huge,is_multiword,0,12,12|13,1,3.0552635192871094,1,1.0,,,,,,,,,,,,,,,,,,,,,,,,,,,,,,,doctor i've been getting this beer goitre over the last year-my belly's <mask> <mask> my arms and legs stayed thin and i'm worried it's more than just weight,▁huge ▁but,2.0,7.531089425975159e-05,9.49388575553894,4.74694287776947,"gone ,",0.0339332908002715,6.110527038574219,3.0552635192871094,12.0,13.0,0.0,27.0,0.0,2.0
563,"My husband’s been complaining about his beer goitre for months, and now he’s short of breath just walking to the car—could that be causing his high blood pressure?",he’s short,he's short,is_multiword,0,12,12|13,1,1.795565627515316,0,1.0,,,,,,,,,,,,,,,,,,,,,,,,,,,,,,,my husband's been complaining about his beer goitre for months and now <mask> <mask> <mask> <mask> of breath just walking to the car-could that be causing his high blood pressure,▁he ' s ▁short,4.0,4.3520435058193495e-05,10.042279958724976,2.510569989681244,he has a out,0.0572677610108461,7.182262510061264,1.795565627515316,12.0,13.0,0.0,27.0,0.0,2.0
564,"Doctor, I'm worried about my husband's beer drinker's paunch—he's got this big hard belly but his arms and legs are still thin.",drinker's paunch,drinker's paunch,is_multiword,0,7,7|8,1,2.7501403960314663,0,1.0,,,,,,,,,,,,,,,,,,,,,,,,,,,,,,,doctor i'm worried about my husband's beer <mask> <mask> <mask> <mask> <mask> <mask> <mask> <mask> <mask> <mask> <mask> got this big hard belly but his arms and legs are still thin,▁drink er ' s ▁pa un ch - he ' s,11.0,2.0510365255082828e-26,59.14886713027954,5.377169739116322,and he he s s s . he he he he,2.8187215609864e-13,30.25154435634613,2.7501403960314663,7.0,8.0,0.0,21.0,0.0,2.0
564,"Doctor, I'm worried about my husband's beer drinker's paunch—he's got this big hard belly but his arms and legs are still thin.",drinker's paunch he's,drinker's paunch he's,is_multiword,0,7,7|8|9,1,2.8497559825579324,0,1.0,,,,,,,,,,,,,,,,,,,,,,,,,,,,,,,doctor i'm worried about my husband's beer <mask> <mask> <mask> <mask> <mask> <mask> <mask> <mask> <mask> <mask> <mask> <mask> this big hard belly but his arms and legs are still thin,▁drink er ' s ▁pa un ch - he ' s ▁got,12.0,1.962534536734825e-30,68.40331602096558,5.700276335080464,and . he s s . . he he he he have,1.3944947518856736e-15,34.19707179069519,2.8497559825579324,7.0,9.0,0.0,21.0,0.0,3.0
564,"Doctor, I'm worried about my husband's beer drinker's paunch—he's got this big hard belly but his arms and legs are still thin.",drinker's paunch he's got,drinker's paunch he's got,is_multiword,0,7,7|8|9|10,1,2.9686570029992323,0,1.0,,,,,,,,,,,,,,,,,,,,,,,,,,,,,,,doctor i'm worried about my husband's beer <mask> <mask> <mask> <mask> <mask> <mask> <mask> <mask> <mask> <mask> <mask> <mask> <mask> big hard belly but his arms and legs are still thin,▁drink er ' s ▁pa un ch - he ' s ▁got ▁this,13.0,2.079330688968164e-32,72.95067691802979,5.6115905321561375,and . he s s a . . . he he has a,1.1979844454818193e-15,38.59254103899002,2.9686570029992323,7.0,10.0,0.0,21.0,0.0,4.0
564,"Doctor, I'm worried about my husband's beer drinker's paunch—he's got this big hard belly but his arms and legs are still thin.",paunch he's,paunch he's,is_multiword,0,8,8|9,1,4.346750736236572,0,1.0,,,,,,,,,,,,,,,,,,,,,,,,,,,,,,,doctor i'm worried about my husband's beer drinker's <mask> <mask> <mask> <mask> <mask> <mask> <mask> <mask> this big hard belly but his arms and legs are still thin,▁pa un ch - he ' s ▁got,8.0,6.684613458381684e-23,51.05964875221253,6.3824560940265656,be lly . he he he to have,8.457366879656765e-08,34.77400588989258,4.346750736236572,8.0,9.0,0.0,21.0,0.0,2.0
564,"Doctor, I'm worried about my husband's beer drinker's paunch—he's got this big hard belly but his arms and legs are still thin.",paunch he's got,paunch he's got,is_multiword,0,8,8|9|10,1,4.195700350734922,0,1.0,,,,,,,,,,,,,,,,,,,,,,,,,,,,,,,doctor i'm worried about my husband's beer drinker's <mask> <mask> <mask> <mask> <mask> <mask> <mask> <mask> <mask> big hard belly but his arms and legs are still thin,▁pa un ch - he ' s ▁got ▁this,9.0,1.4285160835191707e-25,57.20799112319946,6.356443458133274,body . . . he he he has a,3.5843525942338554e-09,37.761303156614304,4.195700350734922,8.0,10.0,0.0,21.0,0.0,3.0
564,"Doctor, I'm worried about my husband's beer drinker's paunch—he's got this big hard belly but his arms and legs are still thin.",he's got,he's got,is_multiword,0,9,9|10,1,3.1221543438732624,0,1.0,,,,,,,,,,,,,,,,,,,,,,,,,,,,,,,doctor i'm worried about my husband's beer drinker's paunch-he's <mask> <mask> big hard belly but his arms and legs are still thin,▁got ▁this,2.0,0.0015161950039979,6.491551369428635,3.2457756847143173,got a,0.780951147994451,6.244308687746525,3.1221543438732624,9.0,10.0,0.0,21.0,0.0,2.0
565,"My dad's been complaining about his beer drinker's paunch, and I'm concerned it might be more than just weight gain since his waist is getting huge.",drinker's paunch,drinker's paunch,is_multiword,0,7,7|8,1,3.569011756352016,0,1.0,,,,,,,,,,,,,,,,,,,,,,,,,,,,,,,my dad's been complaining about his beer <mask> <mask> <mask> <mask> <mask> <mask> <mask> and i'm concerned it might be more than just weight gain since his waist is getting huge,▁drink er ' s ▁pa un ch,7.0,7.747485691212775e-20,44.00433349609375,6.286333356584821,and he he s been weight weight,5.484986515635416e-09,24.98308229446411,3.569011756352016,7.0,8.0,0.0,25.0,0.0,2.0
566,"My husband's booze balloon is getting out of control, doc—he can't even tie his shoes anymore because his belly's in the way, and he's been short of breath.",booze balloon,booze balloon,is_multiword,1,2,2|3,1,5.742893099784851,0,1.0,,,,,,,,,,,,,,,,,,,,,,,,,,,,,,,my husband's <mask> <mask> <mask> <mask> is getting out of control doc-he can't even tie his shoes anymore because his belly's in the way and he's been short of breath,▁bo oze ▁ball oon,4.0,1.4551502515170732e-16,36.46625232696533,9.116563081741331, - and ing,1.378272123365122e-06,22.971572399139404,5.742893099784851,2.0,3.0,0.0,27.0,0.0,2.0
567,"Doctor, I've got this booze balloon that's been growing for months—my stomach's huge but the rest of me is normal, and I'm worried it's from all the beer I drink.",I've got,i've got,is_multiword,0,1,1|2,1,1.276693373918533,1,1.0,,,,,,,,,,,,,,,,,,,,,,,,,,,,,,,doctor <mask> <mask> <mask> <mask> this booze balloon that's been growing for months-my stomach's huge but the rest of me is normal and i'm worried it's from all the beer i drink,▁i ' ve ▁got,4.0,1.866365073159567e-06,13.19151782989502,3.297879457473755,s ' to have,0.0003082053321703,5.106773495674133,1.276693373918533,1.0,2.0,0.0,29.0,0.0,2.0
570,"""Could this be what they call a 'Milwaukee goiter'? I’ve been packing on weight only around my middle, and it’s making me feel awful.""",packing on,packing on,is_multiword,0,11,11|12,1,2.57214093208313,0,1.0,,,,,,,,,,,,,,,,,,,,,,,,,,,,,,,could this be what they call a 'milwaukee goiter' i've been <mask> <mask> <mask> weight only around my middle and it's making me feel awful,▁pack ing ▁on,3.0,8.394426897752794e-07,13.990527629852297,4.663509209950765,los ing my,0.0018844772196499,7.71642279624939,2.57214093208313,11.0,12.0,0.0,23.0,0.0,2.0
572,"I've been trying to cut back on beer, but this booze belly just won't shrink, and my back's been killing me.",killing me,killing me,is_multiword,0,19,19|20,1,2.4203885793685918,1,1.0,,,,,,,,,,,,,,,,,,,,,,,,,,,,,,,i've been trying to cut back on beer but this booze belly just won't shrink and my back's been <mask> <mask> <mask>,▁ki lling ▁me,3.0,2.2375116658401558e-07,15.312731266021729,5.104243755340576,pain ing .,0.0003186027503494,7.261165738105774,2.4203885793685918,19.0,20.0,0.0,20.0,0.0,2.0
573,"Doctor, I think my husband's got that booze belly—he can't even see his feet anymore, and his pants don't fit.",husband's got,husband's got,is_multiword,0,4,4|5,1,1.424315482378006,1,1.0,,,,,,,,,,,,,,,,,,,,,,,,,,,,,,,doctor i think my <mask> <mask> <mask> <mask> that booze belly-he can't even see his feet anymore and his pants don't fit,▁husband ' s ▁got,4.0,1.0787647945833695e-06,13.739693880081177,3.434923470020294,son is to with,0.0003215260630415,5.697261929512024,1.424315482378006,4.0,5.0,0.0,19.0,0.0,2.0
574,"""I came in 'cause my wife said my 'big front' is getting out of hand—I'm downing a six-pack a night and my belt won't fit.""",in cause,in cause,is_multiword,0,2,2|3,1,5.563055127859116,0,1.0,,,,,,,,,,,,,,,,,,,,,,,,,,,,,,,i came <mask> <mask> <mask> <mask> my wife said my 'big front' is getting out of hand-i'm downing a six-pack a night and my belt won't fit,▁in ▁' ca use,4.0,1.0557427835559639e-13,29.879361629486084,7.469840407371521,to to today and,0.0004870512919981,22.252220511436462,5.563055127859116,2.0,3.0,0.0,24.0,0.0,2.0
576,"""Doc, I can't seem to keep anything down, and I've lost so much weight—I think I'm 'off chump' like my cousin was.""",so much,so much,is_multiword,0,11,11|12,1,0.0277595520019531,0,1.0,,,,,,,,,,,,,,,,,,,,,,,,,,,,,,,doc i can't seem to keep anything down and i've lost <mask> <mask> weight-i think i'm 'off chump' like my cousin was,▁so ▁much,2.0,0.0530515660887278,2.9364908933639526,1.4682454466819763,a much,0.0560802381664197,0.0555191040039062,0.0277595520019531,11.0,12.0,0.0,21.0,0.0,2.0
576,"""Doc, I can't seem to keep anything down, and I've lost so much weight—I think I'm 'off chump' like my cousin was.""",off chump,off chump,is_multiword,1,17,17|18,1,5.836677610874176,0,1.0,,,,,,,,,,,,,,,,,,,,,,,,,,,,,,,doc i can't seem to keep anything down and i've lost so much weight-i think i'm 'off <mask> <mask> <mask> <mask> my cousin was,▁chu mp ' ▁like,4.0,4.665784953514753e-13,28.39335012435913,7.098337531089783,' ' ' when,0.0064309070789399,23.346710443496704,5.836677610874176,17.0,18.0,0.0,21.0,0.0,2.0
577,"""Every time I look in the mirror, I feel huge, but the scale says I'm wasting away—could this be that 'off chump' thing?""",wasting away,wasting away,is_multiword,0,15,15|16,1,5.971425890922546,0,1.0,,,,,,,,,,,,,,,,,,,,,,,,,,,,,,,every time i look in the mirror i feel huge but the scale says i'm <mask> <mask> <mask> <mask> <mask> <mask> this be that 'off chump' thing,▁was ting ▁away - co uld,6.0,3.560709062827457e-22,49.38691234588623,8.231152057647705,not big big . </s> can,1.2932436989286804e-06,35.82855534553528,5.971425890922546,15.0,16.0,0.0,22.0,0.0,2.0
577,"""Every time I look in the mirror, I feel huge, but the scale says I'm wasting away—could this be that 'off chump' thing?""",off chump,off chump,is_multiword,1,21,21|22,1,6.735067389905453,1,1.0,,,,,,,,,,,,,,,,,,,,,,,,,,,,,,,every time i look in the mirror i feel huge but the scale says i'm wasting away-could this be that 'off <mask> <mask> <mask> <mask>,▁chu mp ' ▁thing,4.0,2.5536284975606424e-14,31.298676013946533,7.824669003486633,' ' ' ?,0.0127987668271743,26.94026955962181,6.735067389905453,21.0,22.0,0.0,22.0,0.0,2.0
579,"Doctor, my daughter's been barely eating for weeks now—I'm worried she's got the chuck horrors.",she's got,she's got,is_multiword,0,11,11|12,1,2.4907741248607635,0,1.0,,,,,,,,,,,,,,,,,,,,,,,,,,,,,,,doctor my daughter's been barely eating for weeks now-i'm worried she's <mask> <mask> chuck horrors,▁got ▁the,2.0,0.0010671391376822,6.842773914337158,3.421386957168579,going to,0.1554819448154717,4.981548249721527,2.4907741248607635,11.0,12.0,0.0,14.0,0.0,2.0
579,"Doctor, my daughter's been barely eating for weeks now—I'm worried she's got the chuck horrors.",chuck horrors,chuck horrors,is_multiword,1,14,,1,,0,1.0,,,,,,,,,,,,,,,,,,,,,,,,,,,,,,,,,,,,,,,,,,,,,,
580,"My husband says his ass pussy has been itching and bleeding after he goes to the bathroom, could you take a look?",ass pussy,ass pussy,is_multiword,1,4,4|5,1,6.372898459434509,1,1.0,,,,,,,,,,,,,,,,,,,,,,,,,,,,,,,my husband says his <mask> <mask> has been itching and bleeding after he goes to the bathroom could you take a look,▁ass ▁pussy,2.0,3.2819325392163223e-08,17.232248306274414,8.616124153137207,little e,0.0112605322600016,12.74579691886902,6.372898459434509,4.0,5.0,0.0,21.0,0.0,2.0
581,"Doctor, my son keeps complaining about a sharp pain in his ass pussy when he sits down, and I'm worried it might be infected.",ass pussy,ass pussy,is_multiword,1,11,11|12,1,7.936491012573242,1,1.0,,,,,,,,,,,,,,,,,,,,,,,,,,,,,,,doctor my son keeps complaining about a sharp pain in his <mask> <mask> when he sits down and i'm worried it might be infected,▁ass ▁pussy,2.0,3.0497541942811543e-09,19.60820484161377,9.804102420806885,che ck,0.0238678523256803,15.872982025146484,7.936491012573242,11.0,12.0,0.0,23.0,0.0,2.0
585,"Doctor, I've been feeling a sharp pain right around my keyster whenever I sit down for too long.",keyster whenever,keyster whenever,is_multiword,0,10,10|11,1,5.627394318580627,0,1.0,,,,,,,,,,,,,,,,,,,,,,,,,,,,,,,doctor i've been feeling a sharp pain right around my <mask> <mask> <mask> i sit down for too long,▁key ster ▁whenever,3.0,1.987329101267648e-10,22.33905935287476,7.446353117624919,back s when,0.0042668629361058,16.882182955741882,5.627394318580627,10.0,11.0,0.0,17.0,0.0,2.0
589,"Doctor, my son keeps complaining about pain in his bakery goods when he sits down after playing outside.",bakery goods,bakery goods,is_multiword,1,9,9|10,1,5.653996467590332,0,1.0,,,,,,,,,,,,,,,,,,,,,,,,,,,,,,,doctor my son keeps complaining about pain in his <mask> <mask> <mask> <mask> when he sits down after playing outside,▁bak ery ▁good s,4.0,2.0565518915385044e-14,31.51516056060791,7.8787901401519775,back and and s,0.0001365015360557,22.615985870361328,5.653996467590332,9.0,10.0,0.0,17.0,0.0,2.0
593,My son keeps pointing at his back tottie and crying when he sits down—could something be wrong down there?,back tottie,back tottie,is_multiword,1,6,6|7,1,5.718609968821208,0,1.0,,,,,,,,,,,,,,,,,,,,,,,,,,,,,,,my son keeps pointing at his <mask> <mask> <mask> and crying when he sits down-could something be wrong down there,▁back ▁tot tie,3.0,1.965558849633456e-11,24.65265941619873,8.21755313873291, s s,0.0005548407015035,17.155829906463623,5.718609968821208,6.0,7.0,0.0,18.0,0.0,2.0
594,"""I noticed some bleeding from my bog hole after I went to the toilet this morning; could that be something serious?""",bog hole,bog hole,is_multiword,1,6,6|7,1,8.963668823242188,0,1.0,,,,,,,,,,,,,,,,,,,,,,,,,,,,,,,i noticed some bleeding from my <mask> <mask> after i went to the toilet this morning could that be something serious,▁bog ▁hole,2.0,7.715307481257139e-11,23.285229682922363,11.642614841461182,che right,0.0047108258979716,17.927337646484375,8.963668823242188,6.0,7.0,0.0,20.0,0.0,2.0
595,"""Doctor, I've been feeling a sharp pain down in my bog hole every time I sit down—it's getting worse.""",bog hole,bog hole,is_multiword,1,10,10|11,1,9.987003326416016,0,1.0,,,,,,,,,,,,,,,,,,,,,,,,,,,,,,,doctor i've been feeling a sharp pain down in my <mask> <mask> every time i sit down-it's getting worse,▁bog ▁hole,2.0,7.20332512913407e-11,23.353893280029297,11.676946640014648,back and,0.0340513150087894,19.97400665283203,9.987003326416016,10.0,11.0,0.0,18.0,0.0,2.0
598,I’m here with my mom—she says she feels like something is stuck in her back hole and it’s been bleeding when she wipes.,it’s been,it's been,is_multiword,0,18,18|19,1,3.434763789176941,0,1.0,,,,,,,,,,,,,,,,,,,,,,,,,,,,,,,i'm here with my mom-she says she feels like something is stuck in her back hole and it's <mask> <mask> <mask> <mask> when she wipes,▁been ▁ble ed ing,4.0,1.8486794264460556e-11,24.713964462280277,6.178491115570068,not to to her,1.71260595264447e-05,13.739055156707764,3.434763789176941,18.0,19.0,0.0,22.0,0.0,2.0
599,"Doctor, my son keeps complaining about a sharp pain in his back hole whenever he sits down to do his homework.",hole whenever,hole whenever,is_multiword,0,12,12|13,1,6.783834278583527,0,1.0,,,,,,,,,,,,,,,,,,,,,,,,,,,,,,,doctor my son keeps complaining about a sharp pain in his back <mask> <mask> he sits down to do his homework,▁hole ▁whenever,2.0,2.2936505120206253e-07,15.287950992584229,7.643975496292114,even when,0.1790155804306658,13.567668557167051,6.783834278583527,12.0,13.0,0.0,20.0,0.0,2.0
601,"""Doctor, ever since I started that new medication, my farter's been itching something fierce—I can't sit still.""",something fierce,something fierce,is_multiword,0,12,12|13,1,6.112094855308532,0,1.0,,,,,,,,,,,,,,,,,,,,,,,,,,,,,,,doctor ever since i started that new medication my farter's been itching <mask> <mask> <mask> <mask> <mask> can't sit still,▁something ▁fier ce - i,5.0,2.671863225459851e-18,40.46375560760498,8.092751121520996,and and night and i,5.0010312136946055e-05,30.560474276542664,6.112094855308532,12.0,13.0,0.0,16.0,0.0,2.0
603,"My mom keeps complaining about a burning itch around her ass canal, and she's too embarrassed to check it herself.",mom keeps,mom keeps,is_multiword,0,1,1|2,1,1.88461172580719,1,1.0,,,,,,,,,,,,,,,,,,,,,,,,,,,,,,,my <mask> <mask> <mask> complaining about a burning itch around her ass canal and she's too embarrassed to check it herself,▁mom ▁keep s,3.0,4.807223287424786e-05,9.942805826663973,3.3142686088879905,wife is s,0.0137190397357102,5.65383517742157,1.88461172580719,1.0,2.0,0.0,19.0,0.0,2.0
603,"My mom keeps complaining about a burning itch around her ass canal, and she's too embarrassed to check it herself.",ass canal,ass canal,is_multiword,1,10,10|11,1,6.396024942398071,0,1.0,,,,,,,,,,,,,,,,,,,,,,,,,,,,,,,my mom keeps complaining about a burning itch around her <mask> <mask> and she's too embarrassed to check it herself,▁ass ▁canal,2.0,6.951576042987801e-08,16.481712341308594,8.240856170654297,"breast ,",0.0249804326016967,12.792049884796144,6.396024942398071,10.0,11.0,0.0,19.0,0.0,2.0
604,My son keeps complaining that his ass chute hurts when he goes to the bathroom—could he have some kind of infection?,ass chute,ass chute,is_multiword,1,6,6|7,1,5.440928061803182,0,1.0,,,,,,,,,,,,,,,,,,,,,,,,,,,,,,,my son keeps complaining that his <mask> <mask> <mask> hurts when he goes to the bathroom-could he have some kind of infection,▁ass ▁chu te,3.0,3.5502565688636404e-11,24.061416149139404,8.020472049713135,che ck always,0.0004356671760825,16.322784185409546,5.440928061803182,6.0,7.0,0.0,20.0,0.0,2.0
605,"Doctor, my ass chute has been feeling really sore and itchy ever since I started that new medication.",ass chute,ass chute,is_multiword,1,2,2|3,1,5.300191164016724,0,1.0,,,,,,,,,,,,,,,,,,,,,,,,,,,,,,,doctor my <mask> <mask> <mask> has been feeling really sore and itchy ever since i started that new medication,▁ass ▁chu te,3.0,7.325261408147183e-11,23.337107181549072,7.779035727183024,little and s,0.0005893244426799,15.900573492050173,5.300191164016724,2.0,3.0,0.0,17.0,0.0,2.0
605,"Doctor, my ass chute has been feeling really sore and itchy ever since I started that new medication.",really sore,really sore,is_multiword,0,7,7|8,1,1.1993789672851562,1,1.0,,,,,,,,,,,,,,,,,,,,,,,,,,,,,,,doctor my ass chute has been feeling <mask> <mask> and itchy ever since i started that new medication,▁really ▁sore,2.0,0.0009794578230801,6.928511381149292,3.464255690574646,so y,0.0107833344130077,2.3987579345703125,1.1993789672851562,7.0,8.0,0.0,17.0,0.0,2.0
608,"""I keep getting this sharp pain near my windmill when I sit down, and I was wondering if maybe I strained something.""",keep getting,keep getting,is_multiword,0,1,1|2,1,2.381181836128235,0,1.0,,,,,,,,,,,,,,,,,,,,,,,,,,,,,,,i <mask> <mask> this sharp pain near my windmill when i sit down and i was wondering if maybe i strained something,▁keep ▁getting,2.0,0.0003957765520329,7.834660768508911,3.917330384254456,was feel,0.0463146433769708,4.76236367225647,2.381181836128235,1.0,2.0,0.0,21.0,0.0,2.0
608,"""I keep getting this sharp pain near my windmill when I sit down, and I was wondering if maybe I strained something.""",was wondering,was wondering,is_multiword,0,15,15|16,1,1.1437052488327026,1,1.0,,,,,,,,,,,,,,,,,,,,,,,,,,,,,,,i keep getting this sharp pain near my windmill when i sit down and i <mask> <mask> if maybe i strained something,▁was ▁wondering,2.0,0.0031877413623546,5.748442649841309,2.8742213249206543,wonder wondering,0.0313973384570155,2.2874104976654053,1.1437052488327026,15.0,16.0,0.0,21.0,0.0,2.0
609,"""Doctor, ever since I started that new medication, my windmill's been feeling really sore and itchy—like something's not right back there.""",really sore,really sore,is_multiword,0,12,12|13,1,1.7534962892532349,1,1.0,,,,,,,,,,,,,,,,,,,,,,,,,,,,,,,doctor ever since i started that new medication my windmill's been feeling <mask> <mask> and itchy-like something's not right back there,▁really ▁sore,2.0,0.0001919798286247,8.558120250701904,4.279060125350952,pain y,0.0064021098928034,3.5069925785064697,1.7534962892532349,12.0,13.0,0.0,20.0,0.0,2.0
612,"My mother-in-law says her back bum has been itching and bleeding a bit when she wipes, and she's too embarrassed to ask about it herself.",back bum,back bum,is_multiword,1,5,5|6,1,4.630191743373871,1,1.0,,,,,,,,,,,,,,,,,,,,,,,,,,,,,,,my mother-in-law says her back <mask> <mask> <mask> been itching and bleeding a bit when she wipes and she's too embarrassed to ask about it herself,▁bu m ▁has,3.0,2.2232200439792643e-08,17.621724128723145,5.873908042907715,is ' s,0.0239652863299948,13.890575230121613,4.630191743373871,5.0,6.0,0.0,24.0,0.0,2.0
616,"My husband says his ass cunt feels sore when he sits down, and he's been avoiding the toilet.",ass cunt,ass cunt,is_multiword,1,4,4|5,1,4.280053377151489,0,1.0,,,,,,,,,,,,,,,,,,,,,,,,,,,,,,,my husband says his <mask> <mask> <mask> feels sore when he sits down and he's been avoiding the toilet,▁ass ▁cu nt,3.0,7.872450853939905e-10,20.96248149871826,6.987493832906087, and always,0.0002968387881824,12.840160131454468,4.280053377151489,4.0,5.0,0.0,17.0,0.0,2.0
617,"Doctor, my son keeps pointing to his bottom and crying—I think his ass cunt might be irritated or infected.",ass cunt,ass cunt,is_multiword,1,13,13|14,1,3.7659465670585632,0,1.0,,,,,,,,,,,,,,,,,,,,,,,,,,,,,,,doctor my son keeps pointing to his bottom and crying-i think his ass <mask> <mask> <mask> be irritated or infected,▁cu nt ▁might,3.0,2.970418028571387e-07,15.029392957687378,5.009797652562459,is supposed to,0.0239555977358599,11.29783970117569,3.7659465670585632,13.0,14.0,0.0,18.0,0.0,2.0
617,"Doctor, my son keeps pointing to his bottom and crying—I think his ass cunt might be irritated or infected.",ass cunt might,ass cunt might,is_multiword,0,13,13|14|15,1,3.3952788710594177,0,1.0,,,,,,,,,,,,,,,,,,,,,,,,,,,,,,,doctor my son keeps pointing to his bottom and crying-i think his ass <mask> <mask> <mask> <mask> irritated or infected,▁cu nt ▁might ▁be,4.0,1.234752938019561e-10,22.81498003005981,5.703745007514954,is a or or,9.767503625706404e-05,13.581115484237673,3.3952788710594177,13.0,15.0,0.0,18.0,0.0,3.0
617,"Doctor, my son keeps pointing to his bottom and crying—I think his ass cunt might be irritated or infected.",cunt might,cunt might,is_multiword,0,14,14|15,1,1.727386474609375,1,1.0,,,,,,,,,,,,,,,,,,,,,,,,,,,,,,,doctor my son keeps pointing to his bottom and crying-i think his ass cunt <mask> <mask> irritated or infected,▁might ▁be,2.0,0.0031795520786193,5.751014947891235,2.8755074739456177,is been,0.1006363254347453,3.45477294921875,1.727386474609375,14.0,15.0,0.0,18.0,0.0,2.0
621,"Doctor, I've been having a sharp pain in my cornhole every time I sit down to use the bathroom.",I've been,i've been,is_multiword,0,1,1|2,1,2.731126695871353,0,1.0,,,,,,,,,,,,,,,,,,,,,,,,,,,,,,,doctor <mask> <mask> <mask> <mask> having a sharp pain in my cornhole every time i sit down to use the bathroom,▁i ' ve ▁been,4.0,5.732280940179081e-08,16.674567222595215,4.168641805648804,s i i am,0.0031825884378846,10.924506783485413,2.731126695871353,1.0,2.0,0.0,18.0,0.0,2.0
621,"Doctor, I've been having a sharp pain in my cornhole every time I sit down to use the bathroom.",I've been having,i've been having,is_multiword,0,1,1|2|3,1,3.7871979236602784,1,1.0,,,,,,,,,,,,,,,,,,,,,,,,,,,,,,,doctor <mask> <mask> <mask> <mask> <mask> a sharp pain in my cornhole every time i sit down to use the bathroom,▁i ' ve ▁been ▁having,5.0,2.9007190818656048e-12,26.566062450408936,5.313212490081787,s i i i feel,0.0004856254879245,18.93598961830139,3.7871979236602784,1.0,3.0,0.0,18.0,0.0,3.0
621,"Doctor, I've been having a sharp pain in my cornhole every time I sit down to use the bathroom.",been having,been having,is_multiword,0,2,2|3,1,0.1321144104003906,0,1.0,,,,,,,,,,,,,,,,,,,,,,,,,,,,,,,doctor i've <mask> <mask> a sharp pain in my cornhole every time i sit down to use the bathroom,▁been ▁having,2.0,0.0443585983879781,3.1154487133026123,1.5577243566513062,been getting,0.0577738000441913,0.2642288208007812,0.1321144104003906,2.0,3.0,0.0,18.0,0.0,2.0
622,"Doctor, I've been having some real sharp pain around my bunghole every time I go to the bathroom.",I've been,i've been,is_multiword,0,1,1|2,1,3.7822684198617935,0,1.0,,,,,,,,,,,,,,,,,,,,,,,,,,,,,,,doctor <mask> <mask> <mask> <mask> having some real sharp pain around my bunghole every time i go to the bathroom,▁i ' ve ▁been,4.0,3.3322088580146064e-09,19.519630432128903,4.879907608032227,s i i am,0.0123938270027868,15.129073679447174,3.7822684198617935,1.0,2.0,0.0,17.0,0.0,2.0
622,"Doctor, I've been having some real sharp pain around my bunghole every time I go to the bathroom.",I've been having,i've been having,is_multiword,0,1,1|2|3,1,4.546939122676849,1,1.0,,,,,,,,,,,,,,,,,,,,,,,,,,,,,,,doctor <mask> <mask> <mask> <mask> <mask> some real sharp pain around my bunghole every time i go to the bathroom,▁i ' ve ▁been ▁having,5.0,1.3987773448408693e-13,29.5980076789856,5.919601535797119,s tell i i feel,0.0010454456077031,22.734695613384247,4.546939122676849,1.0,3.0,0.0,17.0,0.0,3.0
622,"Doctor, I've been having some real sharp pain around my bunghole every time I go to the bathroom.",been having,been having,is_multiword,0,2,2|3,1,0.3346633315086365,0,1.0,,,,,,,,,,,,,,,,,,,,,,,,,,,,,,,doctor i've <mask> <mask> some real sharp pain around my bunghole every time i go to the bathroom,▁been ▁having,2.0,0.0387771800496622,3.249923348426819,1.6249616742134094,been getting,0.0757288042665807,0.669326663017273,0.3346633315086365,2.0,3.0,0.0,17.0,0.0,2.0
628,My husband says he feels a sharp pain in his back bottie whenever he sits down after his long truck drives.,bottie whenever,bottie whenever,is_multiword,0,11,11|12,1,8.292769114176432,0,1.0,,,,,,,,,,,,,,,,,,,,,,,,,,,,,,,my husband says he feels a sharp pain in his back <mask> <mask> <mask> he sits down after his long truck drives,▁bot tie ▁whenever,3.0,8.418845368722784e-14,30.1057186126709,10.035239537556969,and the when,0.0053674020873323,24.878307342529297,8.292769114176432,11.0,12.0,0.0,20.0,0.0,2.0
631,"Doctor, I've been having this sharp pain in my rectum every time I sit down to use the toilet.",I've been,i've been,is_multiword,0,1,1|2,1,4.037868469953537,0,1.0,,,,,,,,,,,,,,,,,,,,,,,,,,,,,,,doctor <mask> <mask> <mask> <mask> having this sharp pain in my rectum every time i sit down to use the toilet,▁i ' ve ▁been,4.0,4.89553357136516e-10,21.437527656555176,5.359381914138794,s how i am,0.0050616954798382,16.151473879814148,4.037868469953537,1.0,2.0,0.0,18.0,0.0,2.0
631,"Doctor, I've been having this sharp pain in my rectum every time I sit down to use the toilet.",I've been having,i've been having,is_multiword,0,1,1|2|3,1,4.410406470298767,1,1.0,,,,,,,,,,,,,,,,,,,,,,,,,,,,,,,doctor <mask> <mask> <mask> <mask> <mask> this sharp pain in my rectum every time i sit down to use the toilet,▁i ' ve ▁been ▁having,5.0,1.0363062541002091e-13,29.8979434967041,5.9795886993408205,s how i to feel,0.0003913488699797,22.052032351493835,4.410406470298767,1.0,3.0,0.0,18.0,0.0,3.0
631,"Doctor, I've been having this sharp pain in my rectum every time I sit down to use the toilet.",been having,been having,is_multiword,0,2,2|3,1,0.0473594665527343,0,1.0,,,,,,,,,,,,,,,,,,,,,,,,,,,,,,,doctor i've <mask> <mask> this sharp pain in my rectum every time i sit down to use the toilet,▁been ▁having,2.0,0.046347795853982,3.071581542491913,1.5357907712459564,been getting,0.0509524410692538,0.0947189331054687,0.0473594665527343,2.0,3.0,0.0,18.0,0.0,2.0
632,"My mom keeps complaining about itching around her ass channel, and she’s too embarrassed to mention it herself.",mom keeps,mom keeps,is_multiword,0,1,1|2,1,1.3859647115071614,1,1.0,,,,,,,,,,,,,,,,,,,,,,,,,,,,,,,my <mask> <mask> <mask> complaining about itching around her ass channel and she's too embarrassed to mention it herself,▁mom ▁keep s,3.0,0.0001714306879664,8.671331524848938,2.8904438416163125,wife is s,0.0109607190777856,4.157894134521484,1.3859647115071614,1.0,2.0,0.0,17.0,0.0,2.0
632,"My mom keeps complaining about itching around her ass channel, and she’s too embarrassed to mention it herself.",ass channel,ass channel,is_multiword,1,8,8|9,1,7.74464601278305,0,1.0,,,,,,,,,,,,,,,,,,,,,,,,,,,,,,,my mom keeps complaining about itching around her <mask> <mask> and she's too embarrassed to mention it herself,▁ass ▁channel,2.0,5.925918451196087e-09,18.94393014907837,9.471965074539185,"face ,",0.0315987371273488,15.4892920255661,7.74464601278305,8.0,9.0,0.0,17.0,0.0,2.0
633,"Doctor, I’ve been having some burning pain down in my ass channel after I go to the bathroom.",ass channel,ass channel,is_multiword,1,10,10|11,1,7.529573321342468,0,1.0,,,,,,,,,,,,,,,,,,,,,,,,,,,,,,,doctor i've been having some burning pain down in my <mask> <mask> after i go to the bathroom,▁ass ▁channel,2.0,4.920946072732806e-09,19.129765033721924,9.564882516860962,back right,0.0170668312680841,15.059146642684937,7.529573321342468,10.0,11.0,0.0,17.0,0.0,2.0
634,"Doctor, I've been having this sharp pain near my abyss every time I sit down to use the bathroom.",I've been,i've been,is_multiword,0,1,1|2,1,3.6011143922805786,0,1.0,,,,,,,,,,,,,,,,,,,,,,,,,,,,,,,doctor <mask> <mask> <mask> <mask> having this sharp pain near my abyss every time i sit down to use the bathroom,▁i ' ve ▁been,4.0,1.3083085516907799e-09,20.454530715942383,5.113632678985596,s how i am,0.0023576895426899,14.404457569122314,3.6011143922805786,1.0,2.0,0.0,18.0,0.0,2.0
634,"Doctor, I've been having this sharp pain near my abyss every time I sit down to use the bathroom.",I've been having,i've been having,is_multiword,0,1,1|2|3,1,4.219878387451172,1,1.0,,,,,,,,,,,,,,,,,,,,,,,,,,,,,,,doctor <mask> <mask> <mask> <mask> <mask> this sharp pain near my abyss every time i sit down to use the bathroom,▁i ' ve ▁been ▁having,5.0,1.2428857554273858e-13,29.71617031097412,5.943234062194824,s how i to feel,0.0001810425676941,21.09939193725586,4.219878387451172,1.0,3.0,0.0,18.0,0.0,3.0
634,"Doctor, I've been having this sharp pain near my abyss every time I sit down to use the bathroom.",been having,been having,is_multiword,0,2,2|3,1,0.3808861374855041,0,1.0,,,,,,,,,,,,,,,,,,,,,,,,,,,,,,,doctor i've <mask> <mask> this sharp pain near my abyss every time i sit down to use the bathroom,▁been ▁having,2.0,0.0272706965640395,3.601942539215088,1.800971269607544,always getting,0.0584157190094799,0.7617722749710083,0.3808861374855041,2.0,3.0,0.0,18.0,0.0,2.0
637,"Doctor, I've been having some itching and irritation around my batcave and I'm not sure what's causing it.",I've been,i've been,is_multiword,0,1,1|2,1,2.9540500789880757,1,1.0,,,,,,,,,,,,,,,,,,,,,,,,,,,,,,,doctor <mask> <mask> <mask> <mask> having some itching and irritation around my batcave and i'm not sure what's causing it,▁i ' ve ▁been,4.0,2.8479322476841865e-07,15.071502447128296,3.767875611782074,s i ' m,0.0385691659553701,11.8162003159523,2.9540500789880757,1.0,2.0,0.0,17.0,0.0,2.0
637,"Doctor, I've been having some itching and irritation around my batcave and I'm not sure what's causing it.",I've been having,i've been having,is_multiword,0,1,1|2|3,1,2.896595799922943,0,1.0,,,,,,,,,,,,,,,,,,,,,,,,,,,,,,,doctor <mask> <mask> <mask> <mask> <mask> some itching and irritation around my batcave and i'm not sure what's causing it,▁i ' ve ▁been ▁having,5.0,4.95060894582272e-10,21.426340341567997,4.285268068313599,"s , i i have",0.0009650203758736,14.482978999614716,2.896595799922943,1.0,3.0,0.0,17.0,0.0,3.0
637,"Doctor, I've been having some itching and irritation around my batcave and I'm not sure what's causing it.",been having,been having,is_multiword,0,2,2|3,1,0.2437629103660583,0,1.0,,,,,,,,,,,,,,,,,,,,,,,,,,,,,,,doctor i've <mask> <mask> some itching and irritation around my batcave and i'm not sure what's causing it,▁been ▁having,2.0,0.0806319390043003,2.517860442399978,1.258930221199989,been getting,0.1312915807894649,0.4875258207321167,0.2437629103660583,2.0,3.0,0.0,17.0,0.0,2.0
640,"My husband keeps complaining about itching around his dirt chute, and I'm worried it might be something serious.",dirt chute,dirt chute,is_multiword,1,8,8|9,1,5.576200246810913,1,1.0,,,,,,,,,,,,,,,,,,,,,,,,,,,,,,,my husband keeps complaining about itching around his <mask> <mask> <mask> <mask> and i'm worried it might be something serious,▁dir t ▁chu te,4.0,3.5525812193289156e-15,33.27110195159912,8.31777548789978,"back and s ,",1.727412286609275e-05,22.30480098724365,5.576200246810913,8.0,9.0,0.0,17.0,0.0,2.0
641,"Doctor, I've been having this sharp pain near my dirt chute every time I sit down to use the bathroom.",I've been,i've been,is_multiword,0,1,1|2,1,3.4192503690719604,0,1.0,,,,,,,,,,,,,,,,,,,,,,,,,,,,,,,doctor <mask> <mask> <mask> <mask> having this sharp pain near my dirt chute every time i sit down to use the bathroom,▁i ' ve ▁been,4.0,2.066357409950126e-09,19.997478485107425,4.999369621276856,s how i am,0.001799085122048,13.677001476287842,3.4192503690719604,1.0,2.0,0.0,19.0,0.0,2.0
641,"Doctor, I've been having this sharp pain near my dirt chute every time I sit down to use the bathroom.",I've been having,i've been having,is_multiword,0,1,1|2|3,1,3.880348181724549,1,1.0,,,,,,,,,,,,,,,,,,,,,,,,,,,,,,,doctor <mask> <mask> <mask> <mask> <mask> this sharp pain near my dirt chute every time i sit down to use the bathroom,▁i ' ve ▁been ▁having,5.0,5.780327811880704e-13,28.17914581298828,5.635829162597656,s how i to get,0.0001541776722954,19.40174090862274,3.880348181724549,1.0,3.0,0.0,19.0,0.0,3.0
641,"Doctor, I've been having this sharp pain near my dirt chute every time I sit down to use the bathroom.",been having,been having,is_multiword,0,2,2|3,1,0.2776756286621094,0,1.0,,,,,,,,,,,,,,,,,,,,,,,,,,,,,,,doctor i've <mask> <mask> this sharp pain near my dirt chute every time i sit down to use the bathroom,▁been ▁having,2.0,0.0363889315383976,3.313490629196167,1.6567453145980835,been getting,0.0634096404281624,0.5553512573242188,0.2776756286621094,2.0,3.0,0.0,19.0,0.0,2.0
641,"Doctor, I've been having this sharp pain near my dirt chute every time I sit down to use the bathroom.",dirt chute,dirt chute,is_multiword,1,9,9|10,1,5.340563744306564,1,1.0,,,,,,,,,,,,,,,,,,,,,,,,,,,,,,,doctor i've been having this sharp pain near my <mask> <mask> <mask> <mask> every time i sit down to use the bathroom,▁dir t ▁chu te,4.0,3.132385048575111e-14,31.094396591186523,7.773599147796631,back and and it,5.934506364728192e-05,21.362254977226257,5.340563744306564,9.0,10.0,0.0,19.0,0.0,2.0
642,"Doctor, my son keeps complaining about a sharp pain in his bazoo whenever he sits down—could it be a fissure?",bazoo whenever,bazoo whenever,is_multiword,0,11,11|12,1,6.788978606462479,0,1.0,,,,,,,,,,,,,,,,,,,,,,,,,,,,,,,doctor my son keeps complaining about a sharp pain in his <mask> <mask> <mask> he sits down-could it be a fissure,▁bazo o ▁whenever,3.0,1.2797269921404863e-11,25.08178925514221,8.360596418380737,back ck when,0.0089611793591247,20.36693581938744,6.788978606462479,11.0,12.0,0.0,19.0,0.0,2.0
646,"Doctor, my son keeps scratching back there and saying his ars musica hurts when he wipes.",ars musica,ars musica,is_multiword,1,10,10|11,1,7.044278462727864,0,1.0,,,,,,,,,,,,,,,,,,,,,,,,,,,,,,,doctor my son keeps scratching back there and saying his <mask> <mask> <mask> hurts when he wipes,▁ar s ▁musica,3.0,1.539652165565673e-13,29.502049684524536,9.83401656150818, s always,0.0002318976850377,21.132835388183597,7.044278462727864,10.0,11.0,0.0,15.0,0.0,2.0
647,"Doctor, my husband has been complaining about a burning sensation in his ars musica, especially after spicy food.",ars musica,ars musica,is_multiword,1,12,12|13,1,8.987459560235342,0,1.0,,,,,,,,,,,,,,,,,,,,,,,,,,,,,,,doctor my husband has been complaining about a burning sensation in his <mask> <mask> <mask> especially after spicy food,▁ar s ▁musica,3.0,1.5996340293770363e-14,31.766416430473328,10.588805476824442,"che s ,",0.0081965843861105,26.962378680706024,8.987459560235342,12.0,13.0,0.0,17.0,0.0,2.0
651,My husband says he's got a sharp pain right in his batty-hole that won't go away.,he's got,he's got,is_multiword,0,3,3|4,1,0.0084352493286132,1,1.0,,,,,,,,,,,,,,,,,,,,,,,,,,,,,,,my husband says <mask> <mask> <mask> <mask> a sharp pain right in his batty-hole that won't go away,▁he ' s ▁got,4.0,0.0023076164724408,6.071540117263794,1.5178850293159485,he ' s have,0.0023868062113376,0.0337409973144531,0.0084352493286132,3.0,4.0,0.0,15.0,0.0,2.0
659,My mother has been complaining about a sharp pain near her ass-bud ever since she had that fall last week.,ass-bud ever,ass-bud ever,is_multiword,0,11,11|12,1,4.885683000087738,0,1.0,,,,,,,,,,,,,,,,,,,,,,,,,,,,,,,my mother has been complaining about a sharp pain near her <mask> <mask> <mask> <mask> since she had that fall last week,▁ass - bud ▁ever,4.0,5.728207391936172e-13,28.18820357322693,7.047050893306732,back for a months,0.0001759216956732,19.542732000350952,4.885683000087738,11.0,12.0,0.0,19.0,0.0,2.0
661,"Doctor, my little boy keeps complaining that his annie hurts when he goes to the bathroom, and I'm worried it might be something serious.",boy keeps,boy keeps,is_multiword,0,3,3|4,1,1.2975349028905232,1,1.0,,,,,,,,,,,,,,,,,,,,,,,,,,,,,,,doctor my little <mask> <mask> <mask> complaining that his annie hurts when he goes to the bathroom and i'm worried it might be something serious,▁boy ▁keep s,3.0,0.0003021204346927,8.104684829711914,2.701561609903971,brother is been,0.0148155181920767,3.89260470867157,1.2975349028905232,3.0,4.0,0.0,23.0,0.0,2.0
664,"""Doctor, I've got this sharp pain in my arse when I sit down—it's been going on for three days now.""",I've got,i've got,is_multiword,0,1,1|2,1,3.474476844072342,1,1.0,,,,,,,,,,,,,,,,,,,,,,,,,,,,,,,doctor <mask> <mask> <mask> <mask> this sharp pain in my arse when i sit down-it's been going on for three days now,▁i ' ve ▁got,4.0,8.260929708918156e-10,20.914313793182373,5.228578448295593,s help to have,0.0008970433073195,13.897907376289368,3.474476844072342,1.0,2.0,0.0,19.0,0.0,2.0
665,"""I noticed a weird rash on my arse after I started using that new soap—could it be an allergy?""",weird rash,weird rash,is_multiword,0,3,3|4,1,0.9928499857584636,0,1.0,,,,,,,,,,,,,,,,,,,,,,,,,,,,,,,i noticed a <mask> <mask> <mask> on my arse after i started using that new soap-could it be an allergy,▁weird ▁ rash,3.0,7.517014455873076e-06,11.798341512680054,3.932780504226685,little red rash,0.0001477791607891,2.97854995727539,0.9928499857584636,3.0,4.0,0.0,18.0,0.0,2.0
666,"""Doctor, I've been having a sharp pain around my bucket filler every time I sit down—could it be a fissure or something?""",I've been,i've been,is_multiword,0,1,1|2,1,3.4478044658899307,0,1.0,,,,,,,,,,,,,,,,,,,,,,,,,,,,,,,doctor <mask> <mask> <mask> <mask> having a sharp pain around my bucket filler every time i sit down-could it be a fissure or something,▁i ' ve ▁been,4.0,6.278179636617712e-09,18.88618576526642,4.721546441316605,s i i am,0.0061275033140918,13.791217863559725,3.4478044658899307,1.0,2.0,0.0,21.0,0.0,2.0
666,"""Doctor, I've been having a sharp pain around my bucket filler every time I sit down—could it be a fissure or something?""",I've been having,i've been having,is_multiword,0,1,1|2|3,1,4.614842820167541,1,1.0,,,,,,,,,,,,,,,,,,,,,,,,,,,,,,,doctor <mask> <mask> <mask> <mask> <mask> a sharp pain around my bucket filler every time i sit down-could it be a fissure or something,▁i ' ve ▁been ▁having,5.0,1.793754787675914e-13,29.349295139312744,5.869859027862549,"s , i i feel",0.0018826384814453,23.074214100837708,4.614842820167541,1.0,3.0,0.0,21.0,0.0,3.0
666,"""Doctor, I've been having a sharp pain around my bucket filler every time I sit down—could it be a fissure or something?""",been having,been having,is_multiword,0,2,2|3,1,0.2231026291847229,0,1.0,,,,,,,,,,,,,,,,,,,,,,,,,,,,,,,doctor i've <mask> <mask> a sharp pain around my bucket filler every time i sit down-could it be a fissure or something,▁been ▁having,2.0,0.0550076649576746,2.9002827405929565,1.4501413702964785,been feeling,0.0859424423130113,0.4462052583694458,0.2231026291847229,2.0,3.0,0.0,21.0,0.0,2.0
666,"""Doctor, I've been having a sharp pain around my bucket filler every time I sit down—could it be a fissure or something?""",bucket filler,bucket filler,is_multiword,1,9,9|10,1,5.118607580661774,0,1.0,,,,,,,,,,,,,,,,,,,,,,,,,,,,,,,doctor i've been having a sharp pain around my <mask> <mask> <mask> <mask> every time i sit down-could it be a fissure or something,▁bu cket ▁fill er,4.0,1.875949940072683e-13,29.30449104309082,7.326122760772705,back and and and,0.0001462693576744,20.47443032264709,5.118607580661774,9.0,10.0,0.0,21.0,0.0,2.0
667,"Doctor, I've been having this sharp pain around my bucket filler whenever I sit down for too long.",I've been,i've been,is_multiword,0,1,1|2,1,4.548914074897766,0,1.0,,,,,,,,,,,,,,,,,,,,,,,,,,,,,,,doctor <mask> <mask> <mask> <mask> having this sharp pain around my bucket filler whenever i sit down for too long,▁i ' ve ▁been,4.0,1.8787282664039333e-11,24.69784092903137,6.174460232257843,s help i am,0.001500158320505,18.195656299591064,4.548914074897766,1.0,2.0,0.0,17.0,0.0,2.0
667,"Doctor, I've been having this sharp pain around my bucket filler whenever I sit down for too long.",I've been having,i've been having,is_multiword,0,1,1|2|3,1,4.7030120372772215,1,1.0,,,,,,,,,,,,,,,,,,,,,,,,,,,,,,,doctor <mask> <mask> <mask> <mask> <mask> this sharp pain around my bucket filler whenever i sit down for too long,▁i ' ve ▁been ▁having,5.0,1.0841437976685654e-14,32.15540075302124,6.431080150604248,s how i to have,0.0001768266707224,23.51506018638611,4.7030120372772215,1.0,3.0,0.0,17.0,0.0,3.0
667,"Doctor, I've been having this sharp pain around my bucket filler whenever I sit down for too long.",been having,been having,is_multiword,0,2,2|3,1,0.2811012864112854,0,1.0,,,,,,,,,,,,,,,,,,,,,,,,,,,,,,,doctor i've <mask> <mask> this sharp pain around my bucket filler whenever i sit down for too long,▁been ▁having,2.0,0.0324150112387502,3.429133653640747,1.7145668268203735,been getting,0.0568731982793192,0.5622025728225708,0.2811012864112854,2.0,3.0,0.0,17.0,0.0,2.0
667,"Doctor, I've been having this sharp pain around my bucket filler whenever I sit down for too long.",bucket filler,bucket filler,is_multiword,1,9,9|10,1,5.254940897226334,0,1.0,,,,,,,,,,,,,,,,,,,,,,,,,,,,,,,doctor i've been having this sharp pain around my <mask> <mask> <mask> <mask> whenever i sit down for too long,▁bu cket ▁fill er,4.0,7.584259002196322e-14,30.21011638641357,7.5525290966033936,back and and and,0.0001020188663561,21.01976358890533,5.254940897226334,9.0,10.0,0.0,17.0,0.0,2.0
667,"Doctor, I've been having this sharp pain around my bucket filler whenever I sit down for too long.",bucket filler whenever,bucket filler whenever,is_multiword,0,9,9|10|11,1,5.099345278739929,0,1.0,,,,,,,,,,,,,,,,,,,,,,,,,,,,,,,doctor i've been having this sharp pain around my <mask> <mask> <mask> <mask> <mask> i sit down for too long,▁bu cket ▁fill er ▁whenever,5.0,1.1055202215302392e-16,36.7410454750061,7.348209095001221,"back , , , when",1.3081401343686308e-05,25.49672639369965,5.099345278739929,9.0,11.0,0.0,17.0,0.0,3.0
667,"Doctor, I've been having this sharp pain around my bucket filler whenever I sit down for too long.",filler whenever,filler whenever,is_multiword,0,10,10|11,1,5.886454224586487,0,1.0,,,,,,,,,,,,,,,,,,,,,,,,,,,,,,,doctor i've been having this sharp pain around my bucket <mask> <mask> <mask> i sit down for too long,▁fill er ▁whenever,3.0,1.2987710869902535e-10,22.76443243026733,7.588144143422444,"s , when",0.0060659157633038,17.65936267375946,5.886454224586487,10.0,11.0,0.0,17.0,0.0,2.0
668,"""I keep feeling like there's something stuck in my shithole, and wiping just makes it worse—could it be a hemorrhoid?""",keep feeling,keep feeling,is_multiword,0,1,1|2,1,2.7641296088695526,1,1.0,,,,,,,,,,,,,,,,,,,,,,,,,,,,,,,i <mask> <mask> like there's something stuck in my shithole and wiping just makes it worse-could it be a hemorrhoid,▁keep ▁feeling,2.0,0.0008284190992975,7.095991373062134,3.547995686531067,' feel,0.2085175319216755,5.528259217739105,2.7641296088695526,1.0,2.0,0.0,19.0,0.0,2.0
669,"Doctor, my kid keeps complaining that his shithole hurts when he goes to the bathroom.",kid keeps,kid keeps,is_multiword,0,2,2|3,1,2.970929205417633,1,1.0,,,,,,,,,,,,,,,,,,,,,,,,,,,,,,,doctor my <mask> <mask> <mask> <mask> complaining that his shithole hurts when he goes to the bathroom,▁ki d ▁keep s,4.0,2.053968386126826e-09,20.0034921169281,5.000873029232025,son is s is,0.0002975955240545,11.883716821670532,2.970929205417633,2.0,3.0,0.0,14.0,0.0,2.0
670,"""There’s this weird itching near my keester that’s been keeping me up at night, and I’m wondering if it’s a sign of an infection.""",keester that’s,keester that's,is_multiword,0,6,6|7,1,4.61244215965271,0,1.0,,,,,,,,,,,,,,,,,,,,,,,,,,,,,,,there's this weird itching near my <mask> <mask> <mask> <mask> <mask> been keeping me up at night and i'm wondering if it's a sign of an infection,▁ke ester ▁that ' s,5.0,4.929215474717114e-13,28.3384263664484,5.66768527328968,ear . it ' s,0.0051117392625568,23.06221079826355,4.61244215965271,6.0,7.0,0.0,23.0,0.0,2.0
671,My husband says there's a sharp pain near his keester whenever he has a bowel movement.,keester whenever,keester whenever,is_multiword,0,9,9|10,1,7.463731090227763,0,1.0,,,,,,,,,,,,,,,,,,,,,,,,,,,,,,,my husband says there's a sharp pain near his <mask> <mask> <mask> he has a bowel movement,▁ke ester ▁whenever,3.0,4.732808364134011e-13,28.37908744812012,9.45969581604004,"should , and",0.0025089418775832,22.39119327068329,7.463731090227763,9.0,10.0,0.0,15.0,0.0,2.0
676,"Doctor, my arsehole has been itching like crazy for the past week and it's keeping me up at night.",the past,the past,is_multiword,0,9,9|10,1,0.5667152404785156,1,1.0,,,,,,,,,,,,,,,,,,,,,,,,,,,,,,,doctor my arsehole has been itching like crazy for <mask> <mask> week and it's keeping me up at night,▁the ▁past,2.0,0.0447577630373508,3.10649037361145,1.553245186805725,about a,0.1390307854030238,1.1334304809570312,0.5667152404785156,9.0,10.0,0.0,18.0,0.0,2.0
679,My husband says he’s been having sharp pains near his blowhole whenever he sits down for too long.,blowhole whenever,blowhole whenever,is_multiword,0,10,10|11,1,7.22302234172821,0,1.0,,,,,,,,,,,,,,,,,,,,,,,,,,,,,,,my husband says he's been having sharp pains near his <mask> <mask> <mask> he sits down for too long,▁blow hole ▁whenever,3.0,2.114135275286733e-12,26.882375240325928,8.960791746775309,"back , because",0.0054436351501834,21.66906702518463,7.22302234172821,10.0,11.0,0.0,17.0,0.0,2.0
680,"Doctor, I've got a terrible case of the dikk—my heart's been racing and I can't stop worrying about every little thing.",I've got,i've got,is_multiword,0,1,1|2,1,2.0324287712574005,1,1.0,,,,,,,,,,,,,,,,,,,,,,,,,,,,,,,doctor <mask> <mask> <mask> <mask> a terrible case of the dikk-my heart's been racing and i can't stop worrying about every little thing,▁i ' ve ▁got,4.0,1.886983459893955e-07,15.483116149902344,3.870779037475586,s i ' have,0.0006404105743522,8.129715085029602,2.0324287712574005,1.0,2.0,0.0,20.0,0.0,2.0
681,"My mom's been dealing with this constant dikk ever since her diagnosis, and she can't sleep at night.",dikk ever,dikk ever,is_multiword,0,7,7|8,1,3.829686562220256,0,1.0,,,,,,,,,,,,,,,,,,,,,,,,,,,,,,,my mom's been dealing with this constant <mask> <mask> <mask> since her diagnosis and she can't sleep at night,▁di kk ▁ever,3.0,3.926902587847565e-09,19.355414867401123,6.451804955800374,sleep insomni ing,0.0003834293490944,11.489059686660768,3.829686562220256,7.0,8.0,0.0,17.0,0.0,2.0
700,"Doctor, my mother has been too weak to get out of bed to use the bathroom, so I’ve been bringing her the chamber pot, but now she’s complaining of pain when she uses it.",chamber pot,chamber pot,is_multiword,1,22,22|23,1,6.757537643114726,1,1.0,,,,,,,,,,,,,,,,,,,,,,,,,,,,,,,doctor my mother has been too weak to get out of bed to use the bathroom so i've been bringing her the <mask> <mask> <mask> but now she's complaining of pain when she uses it,▁cha mber ▁pot,3.0,4.610822401975136e-12,26.102614879608154,8.70087162653605,"toilet to ,",0.0029380712502034,20.272612929344177,6.757537643114726,22.0,23.0,0.0,33.0,0.0,2.0
700,"Doctor, my mother has been too weak to get out of bed to use the bathroom, so I’ve been bringing her the chamber pot, but now she’s complaining of pain when she uses it.",she’s complaining,she's complaining,is_multiword,0,26,26|27,1,1.8626800060272215,0,1.0,,,,,,,,,,,,,,,,,,,,,,,,,,,,,,,doctor my mother has been too weak to get out of bed to use the bathroom so i've been bringing her the chamber pot but now <mask> <mask> <mask> <mask> <mask> of pain when she uses it,▁she ' s ▁complain ing,5.0,4.553761320872854e-07,14.602142095565796,2.920428419113159,she ' a a lot,0.0050481064549292,9.313400030136108,1.8626800060272215,26.0,27.0,0.0,33.0,0.0,2.0
704,"My husband has developed a chuck habit lately—he'll consume a whole pizza and a liter of soda in under twenty minutes, and we're concerned it might be a medical issue.",we're concerned,we're concerned,is_multiword,0,23,23|24,1,0.6515330970287323,0,1.0,,,,,,,,,,,,,,,,,,,,,,,,,,,,,,,my husband has developed a chuck habit lately-he'll consume a whole pizza and a liter of soda in under twenty minutes and we're <mask> <mask> might be a medical issue,▁concerned ▁it,2.0,0.0817971075693679,2.5035133957862854,1.2517566978931427,worried it,0.3010595474532578,1.3030661940574646,0.6515330970287323,23.0,24.0,0.0,29.0,0.0,2.0
706,"Doctor, my mother keeps bumping into furniture and squinting at everything—I think this groperess is getting worse for her.",keeps bumping,keeps bumping,is_multiword,0,3,3|4,1,2.098078653216362,0,1.0,,,,,,,,,,,,,,,,,,,,,,,,,,,,,,,doctor my mother <mask> <mask> <mask> <mask> into furniture and squinting at everything-i think this groperess is getting worse for her,▁keep s ▁bu mping,4.0,1.3481120276519786e-07,15.819390535354614,3.9548476338386536,is s ing ing,0.0005949245765888,8.392314612865448,2.098078653216362,3.0,4.0,0.0,18.0,0.0,2.0
709,"Doctor, I've been having trouble reading street signs and my vision's gone all blurry lately, could this be that puppy thing you mentioned?",vision's gone,vision's gone,is_multiword,0,10,10|11,1,1.7228412926197052,0,1.0,,,,,,,,,,,,,,,,,,,,,,,,,,,,,,,doctor i've been having trouble reading street signs and my <mask> <mask> <mask> <mask> all blurry lately could this be that puppy thing you mentioned,▁vision ' s ▁gone,4.0,8.056786066733024e-07,14.031580924987791,3.507895231246948,eyes s ' getting,0.0007925810750771,6.891365170478821,1.7228412926197052,10.0,11.0,0.0,22.0,0.0,2.0
709,"Doctor, I've been having trouble reading street signs and my vision's gone all blurry lately, could this be that puppy thing you mentioned?",vision's gone all,vision's gone all,is_multiword,0,10,10|11|12,1,2.4547057867050173,0,1.0,,,,,,,,,,,,,,,,,,,,,,,,,,,,,,,doctor i've been having trouble reading street signs and my <mask> <mask> <mask> <mask> <mask> blurry lately could this be that puppy thing you mentioned,▁vision ' s ▁gone ▁all,5.0,3.0086446681613425e-10,21.92436122894287,4.384872245788574,eyes ' ' been getting,6.437196823823477e-05,12.273528933525084,2.4547057867050173,10.0,12.0,0.0,22.0,0.0,3.0
709,"Doctor, I've been having trouble reading street signs and my vision's gone all blurry lately, could this be that puppy thing you mentioned?",gone all,gone all,is_multiword,0,11,11|12,1,4.725513458251953,1,1.0,,,,,,,,,,,,,,,,,,,,,,,,,,,,,,,doctor i've been having trouble reading street signs and my vision's <mask> <mask> blurry lately could this be that puppy thing you mentioned,▁gone ▁all,2.0,6.421883502853956e-06,11.955799102783203,5.977899551391602,been getting,0.0816942069267667,9.451026916503906,4.725513458251953,11.0,12.0,0.0,22.0,0.0,2.0
710,"Doctor, my granddad's gone completely gammy-eyed in his left eye since last night—he can't see my hand waving right in front of his face.",granddad's gone,granddad's gone,is_multiword,0,2,2|3,1,3.3135727286338805,0,1.0,,,,,,,,,,,,,,,,,,,,,,,,,,,,,,,doctor my <mask> <mask> <mask> <mask> <mask> completely gammy-eyed in his left eye since last night-he can't see my hand waving right in front of his face,▁grand dad ' s ▁gone,5.0,1.5380933236310413e-11,24.89789247512817,4.979578495025635,son ' ' ' been,0.0002411650915163,16.567863643169403,3.3135727286338805,2.0,3.0,0.0,23.0,0.0,2.0
711,"My wife's been saying her vision's all blurry, and now she's gone gammy-eyed in one eye—could it be a stroke or something?",wife's been,wife's been,is_multiword,0,1,1|2,1,0.0255584716796875,0,1.0,,,,,,,,,,,,,,,,,,,,,,,,,,,,,,,my <mask> <mask> <mask> <mask> saying her vision's all blurry and now she's gone gammy-eyed in one eye-could it be a stroke or something,▁wife ' s ▁been,4.0,0.0003090597859693,8.081975817680359,2.0204939544200897,eye ' s been,0.0003423277553111,0.10223388671875,0.0255584716796875,1.0,2.0,0.0,21.0,0.0,2.0
711,"My wife's been saying her vision's all blurry, and now she's gone gammy-eyed in one eye—could it be a stroke or something?",wife's been saying,wife's been saying,is_multiword,0,1,1|2|3,1,1.5877670288085937,0,1.0,,,,,,,,,,,,,,,,,,,,,,,,,,,,,,,my <mask> <mask> <mask> <mask> <mask> her vision's all blurry and now she's gone gammy-eyed in one eye-could it be a stroke or something,▁wife ' s ▁been ▁saying,5.0,5.082222088659451e-09,19.097517251968384,3.8195034503936767,daughter ' s s and,1.425101952883965e-05,7.938835144042969,1.5877670288085937,1.0,3.0,0.0,21.0,0.0,3.0
711,"My wife's been saying her vision's all blurry, and now she's gone gammy-eyed in one eye—could it be a stroke or something?",been saying,been saying,is_multiword,0,2,2|3,1,2.3693255186080933,1,1.0,,,,,,,,,,,,,,,,,,,,,,,,,,,,,,,my wife's <mask> <mask> her vision's all blurry and now she's gone gammy-eyed in one eye-could it be a stroke or something,▁been ▁saying,2.0,4.974342427649772e-05,9.908632278442385,4.954316139221191,older and,0.0056846754557604,4.7386510372161865,2.3693255186080933,2.0,3.0,0.0,21.0,0.0,2.0
711,"My wife's been saying her vision's all blurry, and now she's gone gammy-eyed in one eye—could it be a stroke or something?",vision's all,vision's all,is_multiword,0,5,5|6,1,1.7415619492530825,0,1.0,,,,,,,,,,,,,,,,,,,,,,,,,,,,,,,my wife's been saying her <mask> <mask> <mask> <mask> blurry and now she's gone gammy-eyed in one eye-could it be a stroke or something,▁vision ' s ▁all,4.0,5.394067019822373e-07,14.432796001434326,3.6081990003585815,eyes ' s looking,0.0005718989720798,6.966247797012329,1.7415619492530825,5.0,6.0,0.0,21.0,0.0,2.0
711,"My wife's been saying her vision's all blurry, and now she's gone gammy-eyed in one eye—could it be a stroke or something?",she's gone,she's gone,is_multiword,0,10,10|11,1,1.1549988389015198,0,1.0,,,,,,,,,,,,,,,,,,,,,,,,,,,,,,,my wife's been saying her vision's all blurry and now <mask> <mask> <mask> <mask> gammy-eyed in one eye-could it be a stroke or something,▁she ' s ▁gone,4.0,0.0002104829557659,8.466105878353119,2.11652646958828,she ' s s,0.0213626646583708,4.619995355606079,1.1549988389015198,10.0,11.0,0.0,21.0,0.0,2.0
711,"My wife's been saying her vision's all blurry, and now she's gone gammy-eyed in one eye—could it be a stroke or something?",she's gone gammy-eyed,she's gone gammy-eyed,is_multiword,0,10,10|11|12,1,3.947692314783732,0,1.0,,,,,,,,,,,,,,,,,,,,,,,,,,,,,,,my wife's been saying her vision's all blurry and now <mask> <mask> <mask> <mask> <mask> <mask> <mask> <mask> <mask> in one eye-could it be a stroke or something,▁she ' s ▁gone ▁gam my - ey ed,9.0,2.472740960460713e-25,56.659300088882446,6.295477787653605,she ' s s s s s the s,6.657750562428088e-10,35.52923083305359,3.947692314783732,10.0,12.0,0.0,21.0,0.0,3.0
711,"My wife's been saying her vision's all blurry, and now she's gone gammy-eyed in one eye—could it be a stroke or something?",gone gammy-eyed,gone gammy-eyed,is_multiword,0,11,11|12,1,5.486993749936421,0,1.0,,,,,,,,,,,,,,,,,,,,,,,,,,,,,,,my wife's been saying her vision's all blurry and now she's <mask> <mask> <mask> <mask> <mask> <mask> in one eye-could it be a stroke or something,▁gone ▁gam my - ey ed,6.0,9.810293828595046e-23,50.67602491378784,8.446004152297974,seeing seeing a a a s,1.9476398959363842e-08,32.92196249961853,5.486993749936421,11.0,12.0,0.0,21.0,0.0,2.0
717,"I'm worried about my husband, doctor; he keeps describing his vision as burnt lamps, like the light's just gone out in his eyes.",light's just,light's just,is_multiword,0,16,16|17,1,1.366180419921875,0,1.0,,,,,,,,,,,,,,,,,,,,,,,,,,,,,,,i'm worried about my husband doctor he keeps describing his vision as burnt lamps like the <mask> <mask> <mask> <mask> gone out in his eyes,▁light ' s ▁just,4.0,1.718511747668652e-06,13.274051904678345,3.318512976169586,light s that have,0.0004059298384519,5.4647216796875,1.366180419921875,16.0,17.0,0.0,22.0,0.0,2.0
718,"Doctor, my grandpa keeps bumping into furniture and grabbing at things he can't see—I think he's got the groper pretty bad now.",grandpa keeps,grandpa keeps,is_multiword,0,2,2|3,1,2.6600645780563354,0,1.0,,,,,,,,,,,,,,,,,,,,,,,,,,,,,,,doctor my <mask> <mask> <mask> <mask> bumping into furniture and grabbing at things he can't see-i think he's got the groper pretty bad now,▁grand pa ▁keep s,4.0,8.994574903241902e-09,18.52664422988892,4.631661057472229,little ' s s,0.0003758253873956,10.640258312225342,2.6600645780563354,2.0,3.0,0.0,21.0,0.0,2.0
718,"Doctor, my grandpa keeps bumping into furniture and grabbing at things he can't see—I think he's got the groper pretty bad now.",grandpa keeps bumping,grandpa keeps bumping,is_multiword,0,2,2|3|4,1,2.806641856829325,0,1.0,,,,,,,,,,,,,,,,,,,,,,,,,,,,,,,doctor my <mask> <mask> <mask> <mask> <mask> <mask> into furniture and grabbing at things he can't see-i think he's got the groper pretty bad now,▁grand pa ▁keep s ▁bu mping,6.0,7.639319550894939e-14,30.202882766723636,5.0338137944539385,son ' s s throw ing,1.5722047477981616e-06,16.839851140975952,2.806641856829325,2.0,4.0,0.0,21.0,0.0,3.0
718,"Doctor, my grandpa keeps bumping into furniture and grabbing at things he can't see—I think he's got the groper pretty bad now.",keeps bumping,keeps bumping,is_multiword,0,3,3|4,1,1.7452840507030487,0,1.0,,,,,,,,,,,,,,,,,,,,,,,,,,,,,,,doctor my grandpa <mask> <mask> <mask> <mask> into furniture and grabbing at things he can't see-i think he's got the groper pretty bad now,▁keep s ▁bu mping,4.0,6.596618153952568e-07,14.231538534164429,3.557884633541107,is s throw ing,0.0007098887208908,6.981136202812195,1.7452840507030487,3.0,4.0,0.0,21.0,0.0,2.0
718,"Doctor, my grandpa keeps bumping into furniture and grabbing at things he can't see—I think he's got the groper pretty bad now.",grabbing at,grabbing at,is_multiword,0,8,8|9,1,3.9927164713541674,1,1.0,,,,,,,,,,,,,,,,,,,,,,,,,,,,,,,doctor my grandpa keeps bumping into furniture and <mask> <mask> <mask> things he can't see-i think he's got the groper pretty bad now,▁grab bing ▁at,3.0,3.385108005651622e-09,19.5038800239563,6.501293341318767,stuff ing of,0.0005390347004069,11.9781494140625,3.9927164713541674,8.0,9.0,0.0,21.0,0.0,2.0
719,"My husband's been acting like he's got the groper lately, squinting and stumbling around the house, so I brought him in to get his eyes checked.",he's got,he's got,is_multiword,0,5,5|6,1,1.7832412123680117,0,1.0,,,,,,,,,,,,,,,,,,,,,,,,,,,,,,,my husband's been acting like <mask> <mask> <mask> <mask> the groper lately squinting and stumbling around the house so i brought him in to get his eyes checked,▁he ' s ▁got,4.0,9.401412725841119e-08,16.179820775985718,4.044955193996429,a ki e of,0.0001177607037912,7.132964849472046,1.7832412123680117,5.0,6.0,0.0,25.0,0.0,2.0
723,I’m here with my son because he keeps bumping into furniture; I’m worried he’s got a touch of the bacon.,he’s got,he's got,is_multiword,0,13,13|14,1,0.8961086273193359,0,1.0,,,,,,,,,,,,,,,,,,,,,,,,,,,,,,,i'm here with my son because he keeps bumping into furniture i'm worried <mask> <mask> <mask> <mask> a touch of the bacon,▁he ' s ▁got,4.0,4.940928809851668e-05,9.915372133255005,2.478843033313751,he he to get,0.0017803636745932,3.584434509277344,0.8961086273193359,13.0,14.0,0.0,19.0,0.0,2.0
723,I’m here with my son because he keeps bumping into furniture; I’m worried he’s got a touch of the bacon.,the bacon,the bacon,is_multiword,0,18,18|19,1,4.630674600601196,0,1.0,,,,,,,,,,,,,,,,,,,,,,,,,,,,,,,i'm here with my son because he keeps bumping into furniture i'm worried he's got a touch of <mask> <mask>,▁the ▁bacon,2.0,3.881395481540796e-07,14.761900901794434,7.380950450897217,a .,0.0040845173860801,9.261349201202393,4.630674600601196,18.0,19.0,0.0,19.0,0.0,2.0
728,"My mom keeps saying she's having a blink in her right eye, and yesterday she couldn't see my face at all for almost a minute.",she's having,she's having,is_multiword,0,4,4|5,1,1.413105934858322,0,1.0,,,,,,,,,,,,,,,,,,,,,,,,,,,,,,,my mom keeps saying <mask> <mask> <mask> <mask> a blink in her right eye and yesterday she couldn't see my face at all for almost a minute,▁she ' s ▁having,4.0,8.373600321310351e-07,13.993011713027954,3.4982529282569885,that I I see,0.0002386319923694,5.652423739433289,1.413105934858322,4.0,5.0,0.0,24.0,0.0,2.0
730,"Doctor, my husband keeps walking into furniture and missing the doorways—I'm scared he's got that golden hind thing.",he's got,he's got,is_multiword,0,13,13|14,1,0.816017210483551,1,1.0,,,,,,,,,,,,,,,,,,,,,,,,,,,,,,,doctor my husband keeps walking into furniture and missing the doorways-i'm scared he's <mask> <mask> golden hind thing,▁got ▁that,2.0,0.0151827173693127,4.1875975131988525,2.0937987565994263,doing the,0.0776484964896955,1.632034420967102,0.816017210483551,13.0,14.0,0.0,17.0,0.0,2.0
744,My husband's gums have been bleeding and he's spitting up amontillado when he coughs—could it be something serious?,he's spitting,he's spitting,is_multiword,0,7,7|8,1,1.5137108325958253,0,1.0,,,,,,,,,,,,,,,,,,,,,,,,,,,,,,,my husband's gums have been bleeding and <mask> <mask> <mask> <mask> <mask> up amontillado when he coughs-could it be something serious,▁he ' s ▁spi tting,5.0,2.0694256284751653e-07,15.390824556350708,3.0781649112701417,he ' to to give,0.0004007108779307,7.568554162979126,1.5137108325958253,7.0,8.0,0.0,17.0,0.0,2.0
747,"Doctor, my son took a bad spill from his bike and there’s quite a bit of claret on his knee—should I be worried about infection?",bad spill,bad spill,is_multiword,0,5,5|6,1,6.099926233291626,0,1.0,,,,,,,,,,,,,,,,,,,,,,,,,,,,,,,doctor my son took a <mask> <mask> from his bike and there's quite a bit of claret on his knee-should i be worried about infection,▁bad ▁spill,2.0,3.407739497144841e-08,17.194631576538086,8.597315788269043,few e,0.0067732170699637,12.199852466583252,6.099926233291626,5.0,6.0,0.0,24.0,0.0,2.0
747,"Doctor, my son took a bad spill from his bike and there’s quite a bit of claret on his knee—should I be worried about infection?",bad spill from,bad spill from,is_multiword,0,5,5|6|7,1,4.036753396193187,0,1.0,,,,,,,,,,,,,,,,,,,,,,,,,,,,,,,doctor my son took a <mask> <mask> <mask> his bike and there's quite a bit of claret on his knee-should i be worried about infection,▁bad ▁spill ▁from,3.0,9.860761930756536e-09,18.434702396392822,6.144900798797607,few test on,0.0017919655161879,12.11026018857956,4.036753396193187,5.0,7.0,0.0,24.0,0.0,3.0
747,"Doctor, my son took a bad spill from his bike and there’s quite a bit of claret on his knee—should I be worried about infection?",spill from,spill from,is_multiword,0,6,6|7,1,7.139274567365646,0,1.0,,,,,,,,,,,,,,,,,,,,,,,,,,,,,,,doctor my son took a bad <mask> <mask> his bike and there's quite a bit of claret on his knee-should i be worried about infection,▁spill ▁from,2.0,1.4238500168705994e-07,15.764731168746948,7.882365584373474,breath on,0.2262347653778707,14.278549134731293,7.139274567365646,6.0,7.0,0.0,24.0,0.0,2.0
749,"""Doc, I’ve been coughing up some angry boy this morning—it’s not stopping and it’s freaking me out.""",some angry,some angry,is_multiword,0,5,5|6,1,5.127150257428487,0,1.0,,,,,,,,,,,,,,,,,,,,,,,,,,,,,,,doc i've been coughing up <mask> <mask> <mask> boy this morning-it's not stopping and it's freaking me out,▁some ▁ang ry,3.0,1.1079422238720167e-09,20.62076139450073,6.873587131500244,like my little,0.0053039119749274,15.38145077228546,5.127150257428487,5.0,6.0,0.0,16.0,0.0,2.0
749,"""Doc, I’ve been coughing up some angry boy this morning—it’s not stopping and it’s freaking me out.""",some angry boy,some angry boy,is_multiword,0,5,5|6|7,1,6.329299718141556,0,1.0,,,,,,,,,,,,,,,,,,,,,,,,,,,,,,,doc i've been coughing up <mask> <mask> <mask> <mask> this morning-it's not stopping and it's freaking me out,▁some ▁ang ry ▁boy,4.0,2.3654755439711624e-15,33.67779731750488,8.41944932937622,for a a s,0.0002339043130237,25.317198872566223,6.329299718141556,5.0,7.0,0.0,16.0,0.0,3.0
749,"""Doc, I’ve been coughing up some angry boy this morning—it’s not stopping and it’s freaking me out.""",angry boy,angry boy,is_multiword,1,6,6|7,1,6.61224643389384,1,1.0,,,,,,,,,,,,,,,,,,,,,,,,,,,,,,,doc i've been coughing up some <mask> <mask> <mask> this morning-it's not stopping and it's freaking me out,▁ang ry ▁boy,3.0,2.99528050617712e-12,26.53398323059082,8.844661076863607,of this s,0.0012343090626404,19.83673930168152,6.61224643389384,6.0,7.0,0.0,16.0,0.0,2.0
749,"""Doc, I’ve been coughing up some angry boy this morning—it’s not stopping and it’s freaking me out.""",not stopping,not stopping,is_multiword,0,11,11|12,1,4.000148892402649,0,1.0,,,,,,,,,,,,,,,,,,,,,,,,,,,,,,,doc i've been coughing up some angry boy this morning-it's not <mask> <mask> <mask> it's freaking me out,▁stop ping ▁and,3.0,1.1127518185158508e-08,18.313844680786133,6.104614893595378,a me but,0.0018118660397751,12.000446677207949,4.000148892402649,11.0,12.0,0.0,16.0,0.0,2.0
759,"Doctor, I noticed these blue lines popping up on my legs after standing all day—could that be a sign of something wrong with my blood vessels?",popping up,popping up,is_multiword,0,6,6|7,1,4.70010765393575,1,1.0,,,,,,,,,,,,,,,,,,,,,,,,,,,,,,,doctor i noticed these blue lines <mask> <mask> <mask> on my legs after standing all day-could that be a sign of something wrong with my blood vessels,▁po pping ▁up,3.0,3.11635888063032e-09,19.58660054206848,6.52886684735616,and the s,0.0041432383769545,14.100322961807253,4.70010765393575,6.0,7.0,0.0,25.0,0.0,2.0
761,"Doctor, I think this vein in my leg might be a popped bitch—it's been throbbing and swollen since I stood up all day at work.",popped bitch,popped bitch,is_multiword,0,11,11|12,1,4.609503209590912,0,1.0,,,,,,,,,,,,,,,,,,,,,,,,,,,,,,,doctor i think this vein in my leg might be a <mask> <mask> <mask> <mask> <mask> <mask> <mask> <mask> been throbbing and swollen since i stood up all day at work,▁po pped ▁bit ch - it ' s,8.0,1.4592582180922437e-23,52.58152890205383,6.572691112756729,bit of of i i i i have,1.5107291659527856e-07,36.876025676727295,4.609503209590912,11.0,12.0,0.0,24.0,0.0,2.0
761,"Doctor, I think this vein in my leg might be a popped bitch—it's been throbbing and swollen since I stood up all day at work.",popped bitch it's,popped bitch it's,is_multiword,0,11,11|12|13,1,4.469441771507263,0,1.0,,,,,,,,,,,,,,,,,,,,,,,,,,,,,,,doctor i think this vein in my leg might be a <mask> <mask> <mask> <mask> <mask> <mask> <mask> <mask> <mask> throbbing and swollen since i stood up all day at work,▁po pped ▁bit ch - it ' s ▁been,9.0,6.828607234355728e-27,60.24867677688599,6.694297419653998,cause of of i i i i been been,2.0128769228395573e-09,40.22497594356537,4.469441771507263,11.0,13.0,0.0,24.0,0.0,3.0
761,"Doctor, I think this vein in my leg might be a popped bitch—it's been throbbing and swollen since I stood up all day at work.",bitch it's,bitch it's,is_multiword,0,12,12|13,1,3.224334563527788,1,1.0,,,,,,,,,,,,,,,,,,,,,,,,,,,,,,,doctor i think this vein in my leg might be a popped <mask> <mask> <mask> <mask> <mask> <mask> <mask> throbbing and swollen since i stood up all day at work,▁bit ch - it ' s ▁been,7.0,1.0794135541124082e-16,36.76494359970093,5.252134799957275,ve in i i i been been,6.844832554260813e-07,22.57034194469452,3.224334563527788,12.0,13.0,0.0,24.0,0.0,2.0
762,My mother keeps rubbing her calf and says it feels like a hard knot inside—could it be a busted bitch causing that pain?,busted bitch,busted bitch,is_multiword,0,19,19|20,1,2.228192647298177,0,1.0,,,,,,,,,,,,,,,,,,,,,,,,,,,,,,,my mother keeps rubbing her calf and says it feels like a hard knot inside-could it be a busted <mask> <mask> <mask> that pain,▁bit ch ▁causing,3.0,6.269306342912649e-07,14.282429933547974,4.760809977849324,k to all,0.0005015275626501,6.684577941894531,2.228192647298177,19.0,20.0,0.0,22.0,0.0,2.0
766,"Doctor, I think my Danny McGrain just popped in my nose—I can't stop the bleeding.",popped in,popped in,is_multiword,0,7,7|8,1,3.4968185126781464,0,1.0,,,,,,,,,,,,,,,,,,,,,,,,,,,,,,,doctor i think my danny mcgrain just <mask> <mask> <mask> my nose-i can't stop the bleeding,▁po pped ▁in,3.0,1.1968875768990102e-06,13.635786056518556,4.545262018839519,ble ed in,0.0430526919844888,10.49045553803444,3.4968185126781464,7.0,8.0,0.0,14.0,0.0,2.0
768,"My son keeps complaining about his legs hurting after playing, and I'm worried his sewers might be getting blocked.",getting blocked,getting blocked,is_multiword,0,17,17|18,1,4.224708358446757,1,1.0,,,,,,,,,,,,,,,,,,,,,,,,,,,,,,,my son keeps complaining about his legs hurting after playing and i'm worried his sewers might be <mask> <mask> <mask>,▁getting ▁block ed,3.0,2.28888359565199e-08,17.59261655807495,5.864205519358317,hur ing .,0.0073101500209103,12.674125075340273,4.224708358446757,17.0,18.0,0.0,18.0,0.0,2.0
770,"My son keeps complaining his head hurts, and I'm worried he's got a line that's popped in his brain from all that roughhousing.",that's popped,that's popped,is_multiword,0,14,14|15,1,2.5285034656524656,0,1.0,,,,,,,,,,,,,,,,,,,,,,,,,,,,,,,my son keeps complaining his head hurts and i'm worried he's got a line <mask> <mask> <mask> <mask> <mask> in his brain from all that roughhousing,▁that ' s ▁po pped,5.0,6.744095754728993e-12,25.72235369682312,5.144470739364624,that the to a s,2.0868884764305346e-06,12.642517328262327,2.5285034656524656,14.0,15.0,0.0,22.0,0.0,2.0
772,"Doctor, my wife's bra has been leaving red marks on her skin—could this 'booby trap' be causing her rash?",been leaving,been leaving,is_multiword,0,5,5|6,1,3.893974244594574,1,1.0,,,,,,,,,,,,,,,,,,,,,,,,,,,,,,,doctor my wife's bra has <mask> <mask> red marks on her skin-could this 'booby trap' be causing her rash,▁been ▁leaving,2.0,1.3670423903001872e-05,11.200275897979736,5.600137948989868,left ed,0.0329643894156052,7.787948489189148,3.893974244594574,5.0,6.0,0.0,18.0,0.0,2.0
774,My wife says her tit pants are leaving deep grooves in her shoulders and she’s worried it might be cutting off her circulation.,tit pants,tit pants,is_multiword,1,4,4|5,1,5.353279232978821,0,1.0,,,,,,,,,,,,,,,,,,,,,,,,,,,,,,,my wife says her <mask> <mask> <mask> are leaving deep grooves in her shoulders and she's worried it might be cutting off her circulation,▁tit ▁pan ts,3.0,2.508515748302185e-10,22.10615968704224,7.368719895680745, and s,0.0023665502188749,16.059837698936462,5.353279232978821,4.0,5.0,0.0,22.0,0.0,2.0
774,My wife says her tit pants are leaving deep grooves in her shoulders and she’s worried it might be cutting off her circulation.,be cutting,be cutting,is_multiword,0,18,18|19,1,2.452618996302286,0,1.0,,,,,,,,,,,,,,,,,,,,,,,,,,,,,,,my wife says her tit pants are leaving deep grooves in her shoulders and she's worried it might <mask> <mask> <mask> off her circulation,▁be ▁cu tting,3.0,2.2347560299586683e-05,10.70879340171814,3.5695978005727134,be to ing,0.0350515160395797,7.35785698890686,2.452618996302286,18.0,19.0,0.0,22.0,0.0,2.0
777,"My wife says her over-the-shoulder boulder-holder has been digging into her shoulders for weeks, and she's worried it might be causing those headaches.",digging into,digging into,is_multiword,0,9,9|10,1,1.6557121872901917,0,1.0,,,,,,,,,,,,,,,,,,,,,,,,,,,,,,,my wife says her over-the-shoulder boulder-holder has been digging <mask> <mask> shoulders for weeks and she's worried it might be causing those headaches,▁into ▁her,2.0,0.0134251490231234,4.310625538229942,2.155312769114971,on her,0.3681734340520958,3.3114243745803837,1.6557121872901917,9.0,10.0,0.0,22.0,0.0,2.0
780,"Doctor, I’ve been having this sharp pain under my left double slingshot—right where the underwire sits—ever since I bent over to pick up my toddler.",double slingshot,double slingshot,is_multiword,1,10,10|11,1,5.720020333925883,0,1.0,,,,,,,,,,,,,,,,,,,,,,,,,,,,,,,doctor i've been having this sharp pain under my left <mask> <mask> <mask> <mask> <mask> <mask> where the underwire sits-ever since i bent over to pick up my toddler,▁double ▁s ling shot - right,6.0,9.619025263011397e-22,48.393129110336304,8.065521518389383,hand - - the the is,7.72984294019342e-07,34.3201220035553,5.720020333925883,10.0,11.0,0.0,24.0,0.0,2.0
780,"Doctor, I’ve been having this sharp pain under my left double slingshot—right where the underwire sits—ever since I bent over to pick up my toddler.",double slingshot right,double slingshot right,is_multiword,0,10,10|11|12,1,4.537625857761928,0,1.0,,,,,,,,,,,,,,,,,,,,,,,,,,,,,,,doctor i've been having this sharp pain under my left <mask> <mask> <mask> <mask> <mask> <mask> <mask> the underwire sits-ever since i bent over to pick up my toddler,▁double ▁s ling shot - right ▁where,7.0,5.098515482826099e-22,49.02792263031006,7.003988947187152,side e - the the s where,3.17764106473042e-08,31.763381004333496,4.537625857761928,10.0,12.0,0.0,24.0,0.0,3.0
780,"Doctor, I’ve been having this sharp pain under my left double slingshot—right where the underwire sits—ever since I bent over to pick up my toddler.",slingshot right,slingshot right,is_multiword,0,11,11|12,1,3.324801762898763,0,1.0,,,,,,,,,,,,,,,,,,,,,,,,,,,,,,,doctor i've been having this sharp pain under my left double <mask> <mask> <mask> <mask> <mask> <mask> the underwire sits-ever since i bent over to pick up my toddler,▁s ling shot - right ▁where,6.0,1.9127653664164248e-15,33.89022636413574,5.64837106068929, - - the - where,8.816984024582686e-07,19.948810577392575,3.324801762898763,11.0,12.0,0.0,24.0,0.0,2.0
780,"Doctor, I’ve been having this sharp pain under my left double slingshot—right where the underwire sits—ever since I bent over to pick up my toddler.",underwire sits,underwire sits,is_multiword,0,15,15|16,1,3.337071251869202,1,1.0,,,,,,,,,,,,,,,,,,,,,,,,,,,,,,,doctor i've been having this sharp pain under my left double slingshot-right where the underwire <mask> <mask> <mask> <mask> <mask> i bent over to pick up my toddler,▁sit s - ever ▁since,5.0,8.164012679157447e-13,27.83387041091919,5.566774082183838,is the the </s> when,1.4396662464087265e-05,16.68535625934601,3.337071251869202,15.0,16.0,0.0,24.0,0.0,2.0
780,"Doctor, I’ve been having this sharp pain under my left double slingshot—right where the underwire sits—ever since I bent over to pick up my toddler.",underwire sits ever,underwire sits ever,is_multiword,0,15,15|16|17,1,3.061349928379059,0,1.0,,,,,,,,,,,,,,,,,,,,,,,,,,,,,,,doctor i've been having this sharp pain under my left double slingshot-right where the underwire <mask> <mask> <mask> <mask> <mask> <mask> bent over to pick up my toddler,▁sit s - ever ▁since ▁i,6.0,2.3218207971356005e-14,31.393839597702023,5.232306599617004,is the . and when just,2.2028908720671905e-06,18.368099570274357,3.061349928379059,15.0,17.0,0.0,24.0,0.0,3.0
780,"Doctor, I’ve been having this sharp pain under my left double slingshot—right where the underwire sits—ever since I bent over to pick up my toddler.",sits ever,sits ever,is_multiword,0,16,16|17,1,0.0,0,1.0,,,,,,,,,,,,,,,,,,,,,,,,,,,,,,,doctor i've been having this sharp pain under my left double slingshot-right where the underwire sits-ever <mask> <mask> bent over to pick up my toddler,▁since ▁i,2.0,0.2556262252236648,1.364038959145546,0.682019479572773,since i,0.2556262252236648,0.0,0.0,16.0,17.0,0.0,24.0,0.0,2.0
782,"Doctor, my wife says her lochinvar feels way too tight and it's leaving red marks on her skin.",it's leaving,it's leaving,is_multiword,0,11,11|12,1,1.7109497785568235,0,1.0,,,,,,,,,,,,,,,,,,,,,,,,,,,,,,,doctor my wife says her lochinvar feels way too tight and <mask> <mask> <mask> <mask> red marks on her skin,▁it ' s ▁leaving,4.0,3.152403698006417e-07,14.969930410385132,3.742482602596283,she has s with,0.0002957100051633,6.843799114227295,1.7109497785568235,11.0,12.0,0.0,17.0,0.0,2.0
784,"My daughter keeps complaining that her titty bag feels too tight around her ribs, and she's having trouble taking a deep breath.",titty bag,titty bag,is_multiword,1,6,6|7,1,4.483329772949219,0,1.0,,,,,,,,,,,,,,,,,,,,,,,,,,,,,,,my daughter keeps complaining that her <mask> <mask> <mask> feels too tight around her ribs and she's having trouble taking a deep breath,▁titt y ▁bag,3.0,1.5186083931521098e-10,22.60805654525757,7.536018848419189, s s,0.0001053663506726,13.449989318847656,4.483329772949219,6.0,7.0,0.0,21.0,0.0,2.0
787,"My daughter’s been complaining that her titty warmers are too tight and leaving red marks, and she’s only twelve—should we be worried about her development?",titty warmers,titty warmers,is_multiword,1,6,6|7,1,5.561958491802216,0,1.0,,,,,,,,,,,,,,,,,,,,,,,,,,,,,,,my daughter's been complaining that her <mask> <mask> <mask> <mask> are too tight and leaving red marks and she's only twelve-should we be worried about her development,▁titt y ▁warm ers,4.0,4.4218829806172094e-14,30.74962568283081,7.687406420707703, and leg s,0.0002031041379519,22.247833967208862,5.561958491802216,6.0,7.0,0.0,24.0,0.0,2.0
788,"Doctor, my wife says her titty warmers are chafing something awful, and she’s got a rash underneath—could it be a skin infection?",titty warmers,titty warmers,is_multiword,1,5,5|6,1,6.373462647199631,0,1.0,,,,,,,,,,,,,,,,,,,,,,,,,,,,,,,doctor my wife says her <mask> <mask> <mask> <mask> are chafing something awful and she's got a rash underneath-could it be a skin infection,▁titt y ▁warm ers,4.0,8.939846119174956e-15,32.34825801849365,8.087064504623413,doctor and and s,0.0010547964915195,25.493850588798523,6.373462647199631,5.0,6.0,0.0,21.0,0.0,2.0
788,"Doctor, my wife says her titty warmers are chafing something awful, and she’s got a rash underneath—could it be a skin infection?",chafing something,chafing something,is_multiword,0,8,8|9,1,4.760635256767273,0,1.0,,,,,,,,,,,,,,,,,,,,,,,,,,,,,,,doctor my wife says her titty warmers are <mask> <mask> <mask> <mask> awful and she's got a rash underneath-could it be a skin infection,▁cha f ing ▁something,4.0,1.8078259669541282e-13,29.34148120880127,7.335370302200317,so and ' so,3.36687590496693e-05,19.04254102706909,4.760635256767273,8.0,9.0,0.0,21.0,0.0,2.0
788,"Doctor, my wife says her titty warmers are chafing something awful, and she’s got a rash underneath—could it be a skin infection?",chafing something awful,chafing something awful,is_multiword,0,8,8|9|10,1,4.007616349628994,0,1.0,,,,,,,,,,,,,,,,,,,,,,,,,,,,,,,doctor my wife says her titty warmers are <mask> <mask> <mask> <mask> <mask> <mask> <mask> and she's got a rash underneath-could it be a skin infection,▁cha f ing ▁something ▁a w ful,7.0,1.8782730181857117e-22,50.02651929855347,7.146645614079067,"not - and she the s ,",2.865222701160601e-10,28.053314447402958,4.007616349628994,8.0,10.0,0.0,21.0,0.0,3.0
788,"Doctor, my wife says her titty warmers are chafing something awful, and she’s got a rash underneath—could it be a skin infection?",something awful,something awful,is_multiword,0,9,9|10,1,4.578196436166763,0,1.0,,,,,,,,,,,,,,,,,,,,,,,,,,,,,,,doctor my wife says her titty warmers are chafing <mask> <mask> <mask> <mask> and she's got a rash underneath-could it be a skin infection,▁something ▁a w ful,4.0,1.2612447742612553e-12,27.39892196655273,6.849730491638184,"in the the ,",0.0001132246995732,18.312785744667053,4.578196436166763,9.0,10.0,0.0,21.0,0.0,2.0
788,"Doctor, my wife says her titty warmers are chafing something awful, and she’s got a rash underneath—could it be a skin infection?",she’s got,she's got,is_multiword,0,12,12|13,1,0.7464799880981445,1,1.0,,,,,,,,,,,,,,,,,,,,,,,,,,,,,,,doctor my wife says her titty warmers are chafing something awful and <mask> <mask> <mask> <mask> a rash underneath-could it be a skin infection,▁she ' s ▁got,4.0,3.340311095968623e-05,10.306861519813538,2.5767153799533844,she she she have,0.0006615390342743,2.985919952392578,0.7464799880981445,12.0,13.0,0.0,21.0,0.0,2.0
790,My wife says her Roseanne feels too tight and is leaving dents in her shoulders—could that be causing her headaches?,dents in,dents in,is_multiword,0,11,11|12,1,5.427229523658752,0,1.0,,,,,,,,,,,,,,,,,,,,,,,,,,,,,,,my wife says her roseanne feels too tight and is leaving <mask> <mask> <mask> her shoulders-could that be causing her headaches,▁de nts ▁in,3.0,8.705332930645788e-10,20.861915111541748,6.953971703847249,a rest on,0.0102525734095219,16.281688570976257,5.427229523658752,11.0,12.0,0.0,19.0,0.0,2.0
792,"Doctor, I’ve been having this rash under my hammocks and it’s really itchy—could it be from the new detergent I’m using?",I’ve been,i've been,is_multiword,0,1,1|2,1,2.3509654961526394,1,1.0,,,,,,,,,,,,,,,,,,,,,,,,,,,,,,,doctor <mask> <mask> <mask> <mask> having this rash under my hammocks and it's really itchy-could it be from the new detergent i'm using,▁i ' ve ▁been,4.0,5.11169984905374e-06,12.18397855758667,3.0459946393966675,", i ' m",0.062031275785432,9.403861984610558,2.3509654961526394,1.0,2.0,0.0,20.0,0.0,2.0
792,"Doctor, I’ve been having this rash under my hammocks and it’s really itchy—could it be from the new detergent I’m using?",I’ve been having,i've been having,is_multiword,0,1,1|2|3,1,1.524440097808838,0,1.0,,,,,,,,,,,,,,,,,,,,,,,,,,,,,,,doctor <mask> <mask> <mask> <mask> <mask> this rash under my hammocks and it's really itchy-could it be from the new detergent i'm using,▁i ' ve ▁been ▁having,5.0,5.728338234953479e-07,14.37267017364502,2.874534034729004,s i ' ve got,0.0011703298057937,7.622200489044189,1.524440097808838,1.0,3.0,0.0,20.0,0.0,3.0
792,"Doctor, I’ve been having this rash under my hammocks and it’s really itchy—could it be from the new detergent I’m using?",been having,been having,is_multiword,0,2,2|3,1,0.7361373901367188,0,1.0,,,,,,,,,,,,,,,,,,,,,,,,,,,,,,,doctor i've <mask> <mask> this rash under my hammocks and it's really itchy-could it be from the new detergent i'm using,▁been ▁having,2.0,0.0253433984257752,3.675236999988556,1.837618499994278,been noticed,0.1104754207172436,1.4722747802734375,0.7361373901367188,2.0,3.0,0.0,20.0,0.0,2.0
796,"Doctor, my wife says her brassiere buddies have been feeling tender and swollen since she started the new medication.",brassiere buddies,brassiere buddies,is_multiword,1,5,5|6,1,7.5128677725791935,0,1.0,,,,,,,,,,,,,,,,,,,,,,,,,,,,,,,doctor my wife says her <mask> <mask> <mask> <mask> <mask> have been feeling tender and swollen since she started the new medication,▁bras s iere ▁bud dies,5.0,3.3251055343154967e-21,47.15278553962708,9.430557107925416,body is and and and,6.851576612770838e-05,37.564338862895966,7.5128677725791935,5.0,6.0,0.0,18.0,0.0,2.0
801,"""I keep getting a sharp pain under my right baby's public-house when I breathe in deep—could it be something serious?""",keep getting,keep getting,is_multiword,0,1,1|2,1,2.730217039585113,1,1.0,,,,,,,,,,,,,,,,,,,,,,,,,,,,,,,i <mask> <mask> a sharp pain under my right baby's public-house when i breathe in deep-could it be something serious,▁keep ▁getting,2.0,0.0003693480394793,7.903771162033081,3.951885581016541,am feel,0.0868704732557974,5.460434079170227,2.730217039585113,1.0,2.0,0.0,19.0,0.0,2.0
801,"""I keep getting a sharp pain under my right baby's public-house when I breathe in deep—could it be something serious?""",baby's public-house,baby's public-house,is_multiword,1,9,9|10,1,6.251717428366344,0,1.0,,,,,,,,,,,,,,,,,,,,,,,,,,,,,,,i keep getting a sharp pain under my right <mask> <mask> <mask> <mask> <mask> <mask> when i breathe in deep-could it be something serious,▁baby ' s ▁public - house,6.0,7.656610384324311e-24,53.22647285461426,8.871078809102377,hand and i i the s,1.494702763303006e-07,37.51030457019806,6.251717428366344,9.0,10.0,0.0,19.0,0.0,2.0
805,"Doctor, I’ve been feeling a lump in my left Mae West and it’s been tender for about a week now.",Mae West,mae west,is_multiword,1,9,9|10,1,13.557029962539673,0,1.0,,,,,,,,,,,,,,,,,,,,,,,,,,,,,,,doctor i've been feeling a lump in my left <mask> <mask> and it's been tender for about a week now,▁mae ▁west,2.0,2.8753647985413126e-14,31.180011749267575,15.590005874633787," ,",0.0171466608973741,27.114059925079346,13.557029962539673,9.0,10.0,0.0,19.0,0.0,2.0
810,"Doctor, I’ve been feeling a sharp ache in my left ninny ever since I lifted that heavy box yesterday.",ninny ever,ninny ever,is_multiword,0,10,10|11,1,6.216858943303426,0,1.0,,,,,,,,,,,,,,,,,,,,,,,,,,,,,,,doctor i've been feeling a sharp ache in my left <mask> <mask> <mask> since i lifted that heavy box yesterday,▁nin ny ▁ever,3.0,2.102108541996487e-11,24.58549511432648,8.195165038108826,side right ever,0.002645438919295,18.65057682991028,6.216858943303426,10.0,11.0,0.0,18.0,0.0,2.0
817,"Doctor, my wife says her Charleys are so tender she can't even stand wearing a bra, and she's worried it might be something serious.",stand wearing,stand wearing,is_multiword,0,12,12|13,1,2.5758553743362427,1,1.0,,,,,,,,,,,,,,,,,,,,,,,,,,,,,,,doctor my wife says her charleys are so tender she can't even <mask> <mask> a bra and she's worried it might be something serious,▁stand ▁wearing,2.0,0.0003518221694982,7.95238471031189,3.976192355155945,put on,0.0607690927833204,5.151710748672485,2.5758553743362427,12.0,13.0,0.0,23.0,0.0,2.0
830,"Doctor, I’ve noticed a lump in my left jiggler and it’s been feeling tender for the past few weeks.",feeling tender,feeling tender,is_multiword,0,12,12|13,1,5.1073949337005615,1,1.0,,,,,,,,,,,,,,,,,,,,,,,,,,,,,,,doctor i've noticed a lump in my left jiggler and it's been <mask> <mask> for the past few weeks,▁feeling ▁tender,2.0,6.672370679322789e-07,14.220120429992676,7.110060214996338,pain ing,0.0182182659859799,10.214789867401125,5.1073949337005615,12.0,13.0,0.0,18.0,0.0,2.0
836,"Doctor, my left jutters has been feeling really sore and tender since yesterday—could it be something serious?",really sore,really sore,is_multiword,0,7,7|8,1,0.9613553285598756,0,1.0,,,,,,,,,,,,,,,,,,,,,,,,,,,,,,,doctor my left jutters has been feeling <mask> <mask> and tender since yesterday-could it be something serious,▁really ▁sore,2.0,0.0010477705476936,6.861090660095215,3.4305453300476074,pain sore,0.0071661981936906,1.922710657119751,0.9613553285598756,7.0,8.0,0.0,16.0,0.0,2.0
844,My mother says her goodie has been hurting ever since she started that new medication.,hurting ever,hurting ever,is_multiword,0,7,7|8,1,2.1058312257130942,0,1.0,,,,,,,,,,,,,,,,,,,,,,,,,,,,,,,my mother says her goodie has been <mask> <mask> <mask> since she started that new medication,▁hur ting ▁ever,3.0,2.686020492388197e-07,15.130034923553469,5.043344974517822,a ing her,0.0001488544989235,6.317493677139282,2.1058312257130942,7.0,8.0,0.0,14.0,0.0,2.0
846,"My wife's feeding bottles are all red and itchy, and she's worried it might be something serious.",feeding bottles,feeding bottles,is_multiword,1,2,2|3,1,4.59597110748291,1,1.0,,,,,,,,,,,,,,,,,,,,,,,,,,,,,,,my wife's <mask> <mask> <mask> <mask> are all red and itchy and she's worried it might be something serious,▁feed ing ▁bottle s,4.0,8.210131543996727e-12,25.525652170181274,6.381413042545319,hair and her s,0.0007913519545857,18.38388442993164,4.59597110748291,2.0,3.0,0.0,16.0,0.0,2.0
859,"Doctor, my tits have been feeling really tender and lumpy, especially on the left side.",really tender,really tender,is_multiword,0,6,6|7,1,3.749679684638977,0,1.0,,,,,,,,,,,,,,,,,,,,,,,,,,,,,,,doctor my tits have been feeling <mask> <mask> and lumpy especially on the left side,▁really ▁tender,2.0,1.0833663636710356e-05,11.432852268218994,5.716426134109497,thi y,0.0195751788803821,7.499359369277954,3.749679684638977,6.0,7.0,0.0,14.0,0.0,2.0
864,"Doctor, my cabman's rests have been feeling really tender and lumpy for the past few weeks, and I'm worried it might be something serious.",cabman's rests,cabman's rests,is_multiword,1,2,2|3,1,5.956862106919289,1,1.0,,,,,,,,,,,,,,,,,,,,,,,,,,,,,,,doctor my <mask> <mask> <mask> <mask> <mask> <mask> have been feeling really tender and lumpy for the past few weeks and i'm worried it might be something serious,▁cab man ' s ▁rest s,6.0,5.414321750458985e-21,46.665239334106445,7.777539889017741,problem is a and and i,1.8019308283020996e-05,35.74117264151573,5.956862106919289,2.0,3.0,0.0,23.0,0.0,2.0
865,My wife is worried because she noticed a lump in her cabman's rests during her self-check last week.,cabman's rests,cabman's rests,is_multiword,1,11,11|12,1,4.883209904034932,0,1.0,,,,,,,,,,,,,,,,,,,,,,,,,,,,,,,my wife is worried because she noticed a lump in her <mask> <mask> <mask> <mask> <mask> <mask> during her self-check last week,▁cab man ' s ▁rest s,6.0,1.519890156366487e-20,45.63306379318237,7.6055106321970625,che and she she a ed,8.059700322367337e-08,29.299259424209595,4.883209904034932,11.0,12.0,0.0,17.0,0.0,2.0
873,"My wife says her right boob has been feeling tender and swollen since she started breastfeeding, and she's concerned it might be mastitis.",she's concerned,she's concerned,is_multiword,0,17,17|18,1,2.182888984680176,0,1.0,,,,,,,,,,,,,,,,,,,,,,,,,,,,,,,my wife says her right boob has been feeling tender and swollen since she started breastfeeding and <mask> <mask> <mask> <mask> it might be mastitis,▁she ' s ▁concerned,4.0,2.0228136780571967e-08,17.716191291809082,4.429047822952271,she doctor s that,0.0001253205938668,8.731555938720703,2.182888984680176,17.0,18.0,0.0,22.0,0.0,2.0
881,"Doctor, I've been feeling a lump in my right prize faggots for a few weeks now and it's starting to worry me.",prize faggots,prize faggots,is_multiword,1,9,9|10,1,7.304782581329346,0,1.0,,,,,,,,,,,,,,,,,,,,,,,,,,,,,,,doctor i've been feeling a lump in my right <mask> <mask> <mask> <mask> <mask> for a few weeks now and it's starting to worry me,▁pri ze ▁fag got s,5.0,3.7548733784967696e-22,49.33381748199463,9.866763496398926,hand and I is it,2.733563262842711e-06,36.52391290664673,7.304782581329346,9.0,10.0,0.0,21.0,0.0,2.0
882,"Doctor, my right bazoom has been feeling really tender and I found a lump when I was showering this morning.",really tender,really tender,is_multiword,0,7,7|8,1,3.7256909012794495,0,1.0,,,,,,,,,,,,,,,,,,,,,,,,,,,,,,,doctor my right bazoom has been feeling <mask> <mask> and i found a lump when i was showering this morning,▁really ▁tender,2.0,7.835428360326025e-06,11.756855010986328,5.878427505493164,pain y,0.0134944983203488,7.451381802558899,3.7256909012794495,7.0,8.0,0.0,19.0,0.0,2.0
887,"Doctor, my left titty has been feeling really tender and I found a lump there this morning.",really tender,really tender,is_multiword,0,7,7|8,1,3.2903555631637573,0,1.0,,,,,,,,,,,,,,,,,,,,,,,,,,,,,,,doctor my left titty has been feeling <mask> <mask> and i found a lump there this morning,▁really ▁tender,2.0,2.360392474352172e-05,10.654097557067873,5.327048778533936,pain sore,0.0170196549246415,6.580711126327515,3.2903555631637573,7.0,8.0,0.0,16.0,0.0,2.0
890,"Doctor, my right hooter has been feeling really tender and I found a lump this morning.",hooter has,hooter has,is_multiword,0,3,3|4,1,5.0101265112559,0,1.0,,,,,,,,,,,,,,,,,,,,,,,,,,,,,,,doctor my right <mask> <mask> <mask> been feeling really tender and i found a lump this morning,▁hoo ter ▁has,3.0,1.6172796423100186e-09,20.242520332336422,6.747506777445476,hand e has,0.0054499938509769,15.0303795337677,5.0101265112559,3.0,4.0,0.0,15.0,0.0,2.0
890,"Doctor, my right hooter has been feeling really tender and I found a lump this morning.",really tender,really tender,is_multiword,0,7,7|8,1,3.5318450331687927,0,1.0,,,,,,,,,,,,,,,,,,,,,,,,,,,,,,,doctor my right hooter has been feeling <mask> <mask> and i found a lump this morning,▁really ▁tender,2.0,1.0565971950606338e-05,11.457871913909912,5.728935956954956,"pain ,",0.0123489795411091,7.0636900663375854,3.5318450331687927,7.0,8.0,0.0,15.0,0.0,2.0
893,"Doctor, I've been having a sharp pain in my left frontispiece that comes and goes, especially when I lift my arm.",I've been,i've been,is_multiword,0,1,1|2,1,4.037736833095551,0,1.0,,,,,,,,,,,,,,,,,,,,,,,,,,,,,,,doctor <mask> <mask> <mask> <mask> having a sharp pain in my left frontispiece that comes and goes especially when i lift my arm,▁i ' ve ▁been,4.0,6.605599349859915e-10,21.137933254241943,5.284483313560486,"s , i am",0.0068262082414865,16.150947332382202,4.037736833095551,1.0,2.0,0.0,20.0,0.0,2.0
893,"Doctor, I've been having a sharp pain in my left frontispiece that comes and goes, especially when I lift my arm.",I've been having,i've been having,is_multiword,0,1,1|2|3,1,4.443764436244964,1,1.0,,,,,,,,,,,,,,,,,,,,,,,,,,,,,,,doctor <mask> <mask> <mask> <mask> <mask> a sharp pain in my left frontispiece that comes and goes especially when i lift my arm,▁i ' ve ▁been ▁having,5.0,1.8518237130126286e-13,29.3174352645874,5.86348705291748,"s , i i have",0.0008262500689388,22.218822181224823,4.443764436244964,1.0,3.0,0.0,20.0,0.0,3.0
893,"Doctor, I've been having a sharp pain in my left frontispiece that comes and goes, especially when I lift my arm.",been having,been having,is_multiword,0,2,2|3,1,0.0,0,1.0,,,,,,,,,,,,,,,,,,,,,,,,,,,,,,,doctor i've <mask> <mask> a sharp pain in my left frontispiece that comes and goes especially when i lift my arm,▁been ▁having,2.0,0.0736229307775491,2.6087987422943115,1.3043993711471558,been having,0.0736229307775491,0.0,0.0,2.0,3.0,0.0,20.0,0.0,2.0
896,My wife says her right booby has been sore and tender ever since she started breastfeeding.,tender ever,tender ever,is_multiword,0,10,10|11,1,6.0904542207717896,1,1.0,,,,,,,,,,,,,,,,,,,,,,,,,,,,,,,my wife says her right booby has been sore and <mask> <mask> since she started breastfeeding,▁tender ▁ever,2.0,4.1197803086685255e-08,17.004880905151367,8.502440452575684,pain ed,0.008034805685395,12.18090844154358,6.0904542207717896,10.0,11.0,0.0,15.0,0.0,2.0
898,My wife says her herman has been sore and she's worried it might be something serious.,herman has,herman has,is_multiword,0,4,4|5,1,3.5078724026679997,0,1.0,,,,,,,,,,,,,,,,,,,,,,,,,,,,,,,my wife says her <mask> <mask> <mask> been sore and she's worried it might be something serious,▁her man ▁has,3.0,7.364628349790013e-08,16.423992156982422,5.474664052327474,ear s s,0.0027384178592728,10.523617208003998,3.5078724026679997,4.0,5.0,0.0,15.0,0.0,2.0
898,My wife says her herman has been sore and she's worried it might be something serious.,herman has been,herman has been,is_multiword,0,4,4|5|6,1,3.0802461206912994,0,1.0,,,,,,,,,,,,,,,,,,,,,,,,,,,,,,,my wife says her <mask> <mask> <mask> <mask> sore and she's worried it might be something serious,▁her man ▁has ▁been,4.0,2.6129426344344286e-10,22.06537389755249,5.516343474388123,ear is s very,5.86226501466634e-05,12.320984482765198,3.0802461206912994,4.0,6.0,0.0,15.0,0.0,3.0
898,My wife says her herman has been sore and she's worried it might be something serious.,herman has been sore,herman has been sore,is_multiword,0,4,4|5|6|7,1,3.79569091796875,0,1.0,,,,,,,,,,,,,,,,,,,,,,,,,,,,,,,my wife says her <mask> <mask> <mask> <mask> <mask> and she's worried it might be something serious,▁her man ▁has ▁been ▁sore,5.0,2.6747865473831062e-14,31.25232172012329,6.250464344024659,"husband is s a ,",4.672262490419517e-06,18.97845458984375,3.79569091796875,4.0,7.0,0.0,15.0,0.0,4.0
898,My wife says her herman has been sore and she's worried it might be something serious.,has been,has been,is_multiword,0,5,5|6,1,1.4656105041503906,1,1.0,,,,,,,,,,,,,,,,,,,,,,,,,,,,,,,my wife says her herman <mask> <mask> sore and she's worried it might be something serious,▁has ▁been,2.0,0.00197026059692,6.229589462280273,3.1147947311401367,is is,0.0369433931033797,2.931221008300781,1.4656105041503906,5.0,6.0,0.0,15.0,0.0,2.0
898,My wife says her herman has been sore and she's worried it might be something serious.,has been sore,has been sore,is_multiword,0,5,5|6|7,1,2.075145681699117,0,1.0,,,,,,,,,,,,,,,,,,,,,,,,,,,,,,,my wife says her herman <mask> <mask> <mask> and she's worried it might be something serious,▁has ▁been ▁sore,3.0,1.6657745199862729e-06,13.305220365524292,4.435073455174764,is a her,0.000841955563187,6.225437045097351,2.075145681699117,5.0,7.0,0.0,15.0,0.0,3.0
898,My wife says her herman has been sore and she's worried it might be something serious.,been sore,been sore,is_multiword,0,6,6|7,1,3.62580668926239,0,1.0,,,,,,,,,,,,,,,,,,,,,,,,,,,,,,,my wife says her herman has <mask> <mask> and she's worried it might be something serious,▁been ▁sore,2.0,1.0434873088145752e-05,11.470357179641724,5.735178589820862,a cancer,0.0147171205280614,7.25161337852478,3.62580668926239,6.0,7.0,0.0,15.0,0.0,2.0
902,"Doctor, I’ve been feeling a lump in my left milky way and it’s been sore for a few days.",milky way,milky way,is_multiword,1,9,9|10,1,8.39193868637085,1,1.0,,,,,,,,,,,,,,,,,,,,,,,,,,,,,,,doctor i've been feeling a lump in my left <mask> <mask> <mask> and it's been sore for a few days,▁mil ky ▁way,3.0,3.1832759930347725e-14,31.07828044891357,10.359426816304524,side for night,0.0027327020706888,25.17581605911255,8.39193868637085,9.0,10.0,0.0,18.0,0.0,2.0
926,My son's been acting really spaced out and failing his classes—I found some biftah in his room and I'm worried it's affecting his health.,spaced out,spaced out,is_multiword,0,5,5|6,1,6.4754486083984375,1,1.0,,,,,,,,,,,,,,,,,,,,,,,,,,,,,,,my son's been acting really <mask> <mask> <mask> and failing his classes-i found some biftah in his room and i'm worried it's affecting his health,▁space d ▁out,3.0,5.0162680974561895e-12,26.01833486557007,8.672778288523356,bad for tely,0.0013713096589003,19.426345825195312,6.4754486083984375,5.0,6.0,0.0,23.0,0.0,2.0
929,"Doctor, my son has been coughing non-stop and his eyes are always red—I'm worried he's been smoking bo-bo jockey behind the schoolyard.",bo-bo jockey,bo-bo jockey,is_multiword,1,18,18|19,1,8.242226923505465,0,1.0,,,,,,,,,,,,,,,,,,,,,,,,,,,,,,,doctor my son has been coughing non-stop and his eyes are always red-i'm worried he's been smoking bo-bo <mask> <mask> <mask> the schoolyard,▁joc key ▁behind,3.0,9.24536281551117e-13,27.7094841003418,9.236494700113932,- s in,0.050650644194199,24.7266807705164,8.242226923505465,18.0,19.0,0.0,21.0,0.0,2.0
930,"My husband keeps getting dizzy spells and losing his appetite, and I found a strange smell on his clothes—could it be from using bo-bo jockey?",keeps getting,keeps getting,is_multiword,0,2,2|3,1,2.093910257021586,0,1.0,,,,,,,,,,,,,,,,,,,,,,,,,,,,,,,my husband <mask> <mask> <mask> dizzy spells and losing his appetite and i found a strange smell on his clothes-could it be from using bo-bo jockey,▁keep s ▁getting,3.0,1.2561467243377983e-05,11.284876585006714,3.7616255283355713,was having having,0.0067167839763941,6.281730771064758,2.093910257021586,2.0,3.0,0.0,24.0,0.0,2.0
930,"My husband keeps getting dizzy spells and losing his appetite, and I found a strange smell on his clothes—could it be from using bo-bo jockey?",bo-bo jockey,bo-bo jockey,is_multiword,1,24,,1,,0,1.0,,,,,,,,,,,,,,,,,,,,,,,,,,,,,,,,,,,,,,,,,,,,,,
947,"My son keeps sneaking out to smoke budlies with his friends, and I'm worried it's making his asthma worse.",keeps sneaking,keeps sneaking,is_multiword,0,2,2|3,1,4.735772681236267,0,1.0,,,,,,,,,,,,,,,,,,,,,,,,,,,,,,,my son <mask> <mask> <mask> <mask> <mask> out to smoke budlies with his friends and i'm worried it's making his asthma worse,▁keep s ▁sne a king,5.0,2.336049808212004e-15,33.69031500816345,6.738063001632691,' s ' to go,4.488299336099477e-05,23.678863406181332,4.735772681236267,2.0,3.0,0.0,18.0,0.0,2.0
947,"My son keeps sneaking out to smoke budlies with his friends, and I'm worried it's making his asthma worse.",it's making,it's making,is_multiword,0,14,14|15,1,2.03661160543561,1,1.0,,,,,,,,,,,,,,,,,,,,,,,,,,,,,,,my son keeps sneaking out to smoke budlies with his friends and i'm worried <mask> <mask> <mask> <mask> his asthma worse,▁it ' s ▁making,4.0,4.280178856157921e-06,12.361515760421751,3.0903789401054382,he ' can make,0.0147712975093165,8.14644642174244,2.03661160543561,14.0,15.0,0.0,18.0,0.0,2.0
951,"Doctor, my son's been messing around with the barn cats again, and I'm worried he might need a hamstring the fiddle—he keeps grabbing at himself and crying.",messing around,messing around,is_multiword,0,4,4|5,1,3.830360412597656,0,1.0,,,,,,,,,,,,,,,,,,,,,,,,,,,,,,,doctor my son's been <mask> <mask> <mask> with the barn cats again and i'm worried he might need a hamstring the fiddle-he keeps grabbing at himself and crying,▁me ssing ▁around,3.0,5.251655178190466e-09,19.064722537994385,6.354907512664795,a to trouble,0.0005138180722499,11.491081237792969,3.830360412597656,4.0,5.0,0.0,26.0,0.0,2.0
951,"Doctor, my son's been messing around with the barn cats again, and I'm worried he might need a hamstring the fiddle—he keeps grabbing at himself and crying.",grabbing at,grabbing at,is_multiword,0,23,23|24,1,3.854196429252625,0,1.0,,,,,,,,,,,,,,,,,,,,,,,,,,,,,,,doctor my son's been messing around with the barn cats again and i'm worried he might need a hamstring the fiddle-he keeps grabbing <mask> <mask> and crying,▁at ▁himself,2.0,1.3414557051395404e-05,11.219170093536375,5.6095850467681885,the s,0.0298736865356419,7.708392858505249,3.854196429252625,23.0,24.0,0.0,26.0,0.0,2.0
952,"Doctor, my husband's been acting strange ever since the accident down there—could he be needing a hamstring the fiddle to stop the pain?",be needing,be needing,is_multiword,0,14,14|15,1,1.5003928740819297,0,1.0,,,,,,,,,,,,,,,,,,,,,,,,,,,,,,,doctor my husband's been acting strange ever since the accident down there-could he be <mask> <mask> <mask> hamstring the fiddle to stop the pain,▁need ing ▁a,3.0,0.0001644481783028,8.712915062904358,2.904305020968119,able ing to,0.0148206108701018,4.501178622245789,1.5003928740819297,14.0,15.0,0.0,22.0,0.0,2.0
955,"My son keeps trying to hock the dock on our farm cat, and I'm worried he's picking up bad habits from somewhere.",dock on,dock on,is_multiword,0,7,7|8,1,4.63517951965332,0,1.0,,,,,,,,,,,,,,,,,,,,,,,,,,,,,,,my son keeps trying to hock the <mask> <mask> our farm cat and i'm worried he's picking up bad habits from somewhere,▁dock ▁on,2.0,3.795573537343052e-06,12.481675028800964,6.240837514400482,back of,0.0403035393229779,9.27035903930664,4.63517951965332,7.0,8.0,0.0,21.0,0.0,2.0
955,"My son keeps trying to hock the dock on our farm cat, and I'm worried he's picking up bad habits from somewhere.",he's picking,he's picking,is_multiword,0,15,15|16,1,0.4615539789199829,0,1.0,,,,,,,,,,,,,,,,,,,,,,,,,,,,,,,my son keeps trying to hock the dock on our farm cat and i'm worried <mask> <mask> <mask> <mask> <mask> up bad habits from somewhere,▁he ' s ▁pick ing,5.0,8.904692209096581e-05,9.32634711265564,1.865269422531128,he ' ' pick pick,0.0008950981167399,2.3077698945999146,0.4615539789199829,15.0,16.0,0.0,21.0,0.0,2.0
955,"My son keeps trying to hock the dock on our farm cat, and I'm worried he's picking up bad habits from somewhere.",he's picking up,he's picking up,is_multiword,0,15,15|16|17,1,1.9700037240982056,0,1.0,,,,,,,,,,,,,,,,,,,,,,,,,,,,,,,my son keeps trying to hock the dock on our farm cat and i'm worried <mask> <mask> <mask> <mask> <mask> <mask> bad habits from somewhere,▁he ' s ▁pick ing ▁up,6.0,9.171100651258276e-11,23.11237871646881,3.852063119411469,he ' ' s to his,1.2467860660649942e-05,11.820022344589232,1.9700037240982056,15.0,17.0,0.0,21.0,0.0,3.0
955,"My son keeps trying to hock the dock on our farm cat, and I'm worried he's picking up bad habits from somewhere.",picking up,picking up,is_multiword,0,16,16|17,1,2.7748591105143228,1,1.0,,,,,,,,,,,,,,,,,,,,,,,,,,,,,,,my son keeps trying to hock the dock on our farm cat and i'm worried he's <mask> <mask> <mask> bad habits from somewhere,▁pick ing ▁up,3.0,2.2530919445471715e-06,13.003207087516785,4.334402362505595,getting ing his,0.0092917371153854,8.324577331542969,2.7748591105143228,16.0,17.0,0.0,21.0,0.0,2.0
957,"My son has been acting out a lot lately, and I'm wondering if getting him cut might help calm him down.",I'm wondering,i'm wondering,is_multiword,0,10,10|11,1,0.7840862274169922,1,1.0,,,,,,,,,,,,,,,,,,,,,,,,,,,,,,,my son has been acting out a lot lately and <mask> <mask> <mask> <mask> if getting him cut might help calm him down,▁i ' m ▁wondering,4.0,5.729007854129196e-05,9.767383098602297,2.4418457746505737,i am to sure,0.0013187932185267,3.1363449096679688,0.7840862274169922,10.0,11.0,0.0,20.0,0.0,2.0
958,"My husband is worried about his prostate, but he's scared of the surgery—could you explain what happens when he gets cut?",he's scared,he's scared,is_multiword,0,8,8|9,1,2.0366530895233157,0,1.0,,,,,,,,,,,,,,,,,,,,,,,,,,,,,,,my husband is worried about his prostate but <mask> <mask> <mask> <mask> <mask> of the surgery-could you explain what happens when he gets cut,▁he ' s ▁scar ed,5.0,1.1486406503321615e-09,20.584686636924744,4.1169373273849486,he is not the out,3.038926340782276e-05,10.183265447616575,2.0366530895233157,8.0,9.0,0.0,20.0,0.0,2.0
959,"Doctor, we're considering having our old dog put hors de combat because of his prostate problems—will that help with his constant urinary infections?",hors de,hors de,is_multiword,0,8,8|9,1,9.151801764965056,0,1.0,,,,,,,,,,,,,,,,,,,,,,,,,,,,,,,doctor we're considering having our old dog put <mask> <mask> combat because of his prostate problems-will that help with his constant urinary infections,▁hors ▁de,2.0,1.8298079987532174e-09,20.119054794311523,10.059527397155762,in into,0.1627644420198221,18.303603529930115,9.151801764965056,8.0,9.0,0.0,22.0,0.0,2.0
960,"Doctor, our cat got into a fight and I think we need to have him put hors de combat to calm him down, but could that cause any health issues later?",hors de,hors de,is_multiword,0,16,16|17,1,10.046856164932253,1,1.0,,,,,,,,,,,,,,,,,,,,,,,,,,,,,,,doctor our cat got into a fight and i think we need to have him put <mask> <mask> combat to calm him down but could that cause any health issues later,▁hors ▁de,2.0,1.4334501259561336e-10,22.665766716003414,11.332883358001707,in in,0.0763784732589411,20.093712329864506,10.046856164932253,16.0,17.0,0.0,30.0,0.0,2.0
960,"Doctor, our cat got into a fight and I think we need to have him put hors de combat to calm him down, but could that cause any health issues later?",hors de combat,hors de combat,is_multiword,0,16,16|17|18,1,9.35977041721344,0,1.0,,,,,,,,,,,,,,,,,,,,,,,,,,,,,,,doctor our cat got into a fight and i think we need to have him put <mask> <mask> <mask> to calm him down but could that cause any health issues later,▁hors ▁de ▁combat,3.0,1.645625141252179e-14,31.738070964813232,10.579356988271078,in a bed,0.0257644482234165,28.07931125164032,9.35977041721344,16.0,18.0,0.0,30.0,0.0,3.0
960,"Doctor, our cat got into a fight and I think we need to have him put hors de combat to calm him down, but could that cause any health issues later?",de combat,de combat,is_multiword,0,17,17|18,1,7.206745028495789,0,1.0,,,,,,,,,,,,,,,,,,,,,,,,,,,,,,,doctor our cat got into a fight and i think we need to have him put hors <mask> <mask> to calm him down but could that cause any health issues later,▁de ▁combat,2.0,1.6600442601688956e-08,17.91383647918701,8.956918239593506,the bed,0.0301869241902166,14.413490056991575,7.206745028495789,17.0,18.0,0.0,30.0,0.0,2.0
966,"Doctor, my husband has been in so much pain since the accident—I’m terrified he might need to cut the G-string to save his life.",so much,so much,is_multiword,0,6,6|7,1,2.884546339511872,1,1.0,,,,,,,,,,,,,,,,,,,,,,,,,,,,,,,doctor my husband has been in <mask> <mask> pain since the accident-i'm terrified he might need to cut the g-string to save his life,▁so ▁much,2.0,5.222951484317473e-05,9.859862804412842,4.929931402206421,pain of,0.0167263472125111,5.769092679023743,2.884546339511872,6.0,7.0,0.0,23.0,0.0,2.0
968,"Doctor, my husband's prostate issues have been getting worse, and we're considering whether to take out the starch—what would you recommend for his long-term health?",take out,take out,is_multiword,0,14,14|15,1,1.0386276245117188,1,1.0,,,,,,,,,,,,,,,,,,,,,,,,,,,,,,,doctor my husband's prostate issues have been getting worse and we're considering whether to <mask> <mask> the starch-what would you recommend for his long-term health,▁take ▁out,2.0,0.0015908285777863,6.443500280380249,3.2217501401901245,go him,0.0126988348812901,2.077255249023437,1.0386276245117188,14.0,15.0,0.0,24.0,0.0,2.0
970,"Doctor, my husband’s old injury keeps flaring up and the vet said it’s like a lame the duck for his nerves—does that sound right for a man too?",keeps flaring,keeps flaring,is_multiword,0,5,5|6,1,5.120357573032379,0,1.0,,,,,,,,,,,,,,,,,,,,,,,,,,,,,,,doctor my husband's old injury <mask> <mask> <mask> <mask> up and the vet said it's like a lame the duck for his nerves-does that sound right for a man too,▁keep s ▁fl aring,4.0,1.392800256784867e-13,29.60228991508484,7.40057247877121,has ' to it,0.0001093606280118,20.48143029212952,5.120357573032379,5.0,6.0,0.0,27.0,0.0,2.0
970,"Doctor, my husband’s old injury keeps flaring up and the vet said it’s like a lame the duck for his nerves—does that sound right for a man too?",sound right,sound right,is_multiword,0,23,23|24,1,2.086952269077301,0,1.0,,,,,,,,,,,,,,,,,,,,,,,,,,,,,,,doctor my husband's old injury keeps flaring up and the vet said it's like a lame the duck for his nerves-does that sound <mask> <mask> a man too,▁right ▁for,2.0,0.0015002284246035,6.502137899398804,3.251068949699402,good like,0.097467785447186,4.173904538154602,2.086952269077301,23.0,24.0,0.0,27.0,0.0,2.0
980,"Doctor, I think my husband had an attack last night—he couldn't move his left side and his speech was slurred.",an attack,an attack,is_multiword,0,6,6|7,1,2.102218508720398,1,1.0,,,,,,,,,,,,,,,,,,,,,,,,,,,,,,,doctor i think my husband had <mask> <mask> last night-he couldn't move his left side and his speech was slurred,▁an ▁attack,2.0,0.0005398694141409,7.52418327331543,3.762091636657715,a problem,0.0361620064866873,4.204437017440796,2.102218508720398,6.0,7.0,0.0,19.0,0.0,2.0
981,"My mother's been acting confused all morning, and I'm scared she might be having an attack.",an attack,an attack,is_multiword,0,14,14|15,1,3.1172714829444885,1,1.0,,,,,,,,,,,,,,,,,,,,,,,,,,,,,,,my mother's been acting confused all morning and i'm scared she might be having <mask> <mask>,▁an ▁attack,2.0,0.0001514313804806,8.795377969741821,4.397688984870911,a .,0.0772402176293345,6.234542965888977,3.1172714829444885,14.0,15.0,0.0,15.0,0.0,2.0
982,My wife had a belly pull with our first baby and now she's feeling some pain in the same spot—could it be scar tissue?,belly pull,belly pull,is_multiword,1,4,4|5,1,8.35993312795957,1,1.0,,,,,,,,,,,,,,,,,,,,,,,,,,,,,,,my wife had a <mask> <mask> <mask> with our first baby and now she's feeling some pain in the same spot-could it be scar tissue,▁be lly ▁pull,3.0,6.790263193818174e-14,30.320701599121094,10.106900533040363,scar scar infection,0.0052954770199001,25.079799383878708,8.35993312795957,4.0,5.0,0.0,23.0,0.0,2.0
982,My wife had a belly pull with our first baby and now she's feeling some pain in the same spot—could it be scar tissue?,she's feeling,she's feeling,is_multiword,0,12,12|13,1,0.5891437828540802,0,1.0,,,,,,,,,,,,,,,,,,,,,,,,,,,,,,,my wife had a belly pull with our first baby and now <mask> <mask> <mask> <mask> some pain in the same spot-could it be scar tissue,▁she ' s ▁feeling,4.0,2.2319440449452664e-05,10.710052490234377,2.6775131225585938,she ' she have,0.0002355759105117,2.356575131416321,0.5891437828540802,12.0,13.0,0.0,23.0,0.0,2.0
983,"Doctor, I'm scheduled for a belly pull next week and I'm a bit nervous about the recovery time.",belly pull,belly pull,is_multiword,1,5,5|6,1,8.25569768746694,0,1.0,,,,,,,,,,,,,,,,,,,,,,,,,,,,,,,doctor i'm scheduled for a <mask> <mask> <mask> next week and i'm a bit nervous about the recovery time,▁be lly ▁pull,3.0,3.688703320215175e-14,30.93091630935669,10.31030543645223,doctor of surgery,0.0021041930238188,24.767093062400814,8.25569768746694,5.0,6.0,0.0,17.0,0.0,2.0
990,"My wife is having strong contractions every three minutes, doctor, it looks like the loosing of the cat is starting.",loosing of,loosing of,is_multiword,0,14,14|15,1,3.342829386393229,0,1.0,,,,,,,,,,,,,,,,,,,,,,,,,,,,,,,my wife is having strong contractions every three minutes doctor it looks like the <mask> <mask> <mask> the cat is starting,▁loo sing ▁of,3.0,2.8025637063254117e-08,17.390146136283875,5.796715378761292,contract is of,0.0006351445309949,10.028488159179688,3.342829386393229,14.0,15.0,0.0,19.0,0.0,2.0
991,"Doctor, my daughter's been having those piss bones pains for hours now—I think the baby's finally coming.",piss bones,piss bones,is_multiword,1,6,6|7,1,3.26324462890625,0,1.0,,,,,,,,,,,,,,,,,,,,,,,,,,,,,,,doctor my daughter's been having those <mask> <mask> <mask> <mask> pains for hours now-i think the baby's finally coming,▁pis s ▁bone s,4.0,1.1626231539225364e-10,22.87517213821411,5.718793034553528,same - s back,5.423448362467676e-05,13.052978515625,3.26324462890625,6.0,7.0,0.0,16.0,0.0,2.0
992,"My wife says she feels like she's piss bones with this one, doc—should we head to the delivery room?",she's piss,she's piss,is_multiword,0,6,6|7,1,2.999465990066528,0,1.0,,,,,,,,,,,,,,,,,,,,,,,,,,,,,,,my wife says she feels like <mask> <mask> <mask> <mask> <mask> bones with this one doc-should we head to the delivery room,▁she ' s ▁pis s,5.0,3.814874790051856e-11,23.9895281791687,4.79790563583374,she have to her her,0.0001243763847553,14.997329950332642,2.999465990066528,6.0,7.0,0.0,18.0,0.0,2.0
993,"My wife's been having sharp pains in her lower belly, and I'm worried she's about to pop before her due date.",she's about,she's about,is_multiword,0,13,13|14,1,0.8642815947532654,0,1.0,,,,,,,,,,,,,,,,,,,,,,,,,,,,,,,my wife's been having sharp pains in her lower belly and i'm worried <mask> <mask> <mask> <mask> to pop before her due date,▁she ' s ▁about,4.0,3.830884356987706e-05,10.169829785823822,2.5424574464559555,she she is have,0.0012153740289445,3.457126379013061,0.8642815947532654,13.0,14.0,0.0,20.0,0.0,2.0
996,"Doctor, I'm hoping to be relieved of tympany with two heels soon—my due date was yesterday and I can't wait any longer.",I'm hoping,i'm hoping,is_multiword,0,1,1|2,1,3.366190969944,1,1.0,,,,,,,,,,,,,,,,,,,,,,,,,,,,,,,doctor <mask> <mask> <mask> <mask> to be relieved of tympany with two heels soon-my due date was yesterday and i can't wait any longer,▁i ' m ▁hoping,4.0,3.4308901492764283e-09,19.49044609069824,4.8726115226745605,says told i me,0.0024159028497307,13.464763879776,3.366190969944,1.0,2.0,0.0,21.0,0.0,2.0
999,"Doctor, my daughter’s been in labor for twelve hours now and she can’t seem to piss hard—should we be worried?",to piss,to piss,is_multiword,0,14,14|15,1,5.197897771994273,0,1.0,,,,,,,,,,,,,,,,,,,,,,,,,,,,,,,doctor my daughter's been in labor for twelve hours now and she can't seem <mask> <mask> <mask> hard-should we be worried,▁to ▁pis s,3.0,5.80683707702195e-09,18.96422980725765,6.321409935752551,to work so,0.0343711925512706,15.59369331598282,5.197897771994273,14.0,15.0,0.0,19.0,0.0,2.0
999,"Doctor, my daughter’s been in labor for twelve hours now and she can’t seem to piss hard—should we be worried?",to piss hard,to piss hard,is_multiword,0,14,14|15|16,1,5.069609620741436,0,1.0,,,,,,,,,,,,,,,,,,,,,,,,,,,,,,,doctor my daughter's been in labor for twelve hours now and she can't seem <mask> <mask> <mask> <mask> <mask> <mask> <mask> we be worried,▁to ▁pis s ▁hard - sho uld,7.0,1.3119419634190161e-21,48.08277849853039,6.868968356932912,to get her . . why should,3.387185716971429e-06,35.48726734519005,5.069609620741436,14.0,16.0,0.0,19.0,0.0,3.0
999,"Doctor, my daughter’s been in labor for twelve hours now and she can’t seem to piss hard—should we be worried?",piss hard,piss hard,is_multiword,1,15,15|16,1,6.259975393613179,0,1.0,,,,,,,,,,,,,,,,,,,,,,,,,,,,,,,doctor my daughter's been in labor for twelve hours now and she can't seem to <mask> <mask> <mask> <mask> <mask> <mask> we be worried,▁pis s ▁hard - sho uld,6.0,7.156200649062735e-22,48.68889284133911,8.114815473556519,get a . . why should,1.4679765930996444e-05,37.55985236167908,6.259975393613179,15.0,16.0,0.0,19.0,0.0,2.0
1000,"Doctor, I think my wife’s about to piss hard—her water broke an hour ago and the contractions are coming fast.",piss hard,piss hard,is_multiword,1,7,7|8,1,4.979415154457092,0,1.0,,,,,,,,,,,,,,,,,,,,,,,,,,,,,,,doctor i think my wife's about to <mask> <mask> <mask> <mask> <mask> water broke an hour ago and the contractions are coming fast,▁pis s ▁hard - her,5.0,1.4199750605867894e-16,36.49072217941284,7.298144435882568,get a a and the,9.224510727372944e-06,24.89707577228546,4.979415154457092,7.0,8.0,0.0,19.0,0.0,2.0
1008,"My wife's been in labor for hours, and we're worried she might do a trio right here in the waiting room.",do a,do a,is_multiword,0,12,12|13,1,2.3196316957473755,0,1.0,,,,,,,,,,,,,,,,,,,,,,,,,,,,,,,my wife's been in labor for hours and we're worried she might <mask> <mask> trio right here in the waiting room,▁do ▁a,2.0,0.0021163929601975,6.158042073249817,3.0790210366249084,have a,0.2189791669538814,4.639263391494751,2.3196316957473755,12.0,13.0,0.0,20.0,0.0,2.0
1008,"My wife's been in labor for hours, and we're worried she might do a trio right here in the waiting room.",do a trio,do a trio,is_multiword,1,12,12|13|14,1,5.157624522844951,0,1.0,,,,,,,,,,,,,,,,,,,,,,,,,,,,,,,my wife's been in labor for hours and we're worried she might <mask> <mask> <mask> right here in the waiting room,▁do ▁a ▁trio,3.0,5.620096951012413e-10,21.29950201511383,7.099834005037944,be a up,0.0029479995816082,15.472873568534853,5.157624522844951,12.0,14.0,0.0,20.0,0.0,3.0
1008,"My wife's been in labor for hours, and we're worried she might do a trio right here in the waiting room.",do a trio right,do a trio right,is_multiword,0,12,12|13|14|15,1,4.100477278232575,0,1.0,,,,,,,,,,,,,,,,,,,,,,,,,,,,,,,my wife's been in labor for hours and we're worried she might <mask> <mask> <mask> <mask> here in the waiting room,▁do ▁a ▁trio ▁right,4.0,2.448297246331157e-11,24.43304324150085,6.108260810375214,have to to up,0.0003251792046842,16.401909112930298,4.100477278232575,12.0,15.0,0.0,20.0,0.0,4.0
1008,"My wife's been in labor for hours, and we're worried she might do a trio right here in the waiting room.",a trio,a trio,is_multiword,0,13,13|14,1,6.337118089199066,0,1.0,,,,,,,,,,,,,,,,,,,,,,,,,,,,,,,my wife's been in labor for hours and we're worried she might do <mask> <mask> right here in the waiting room,▁a ▁trio,2.0,5.514139976617442e-07,14.41077995300293,7.205389976501465,something wrong,0.1761280882307397,12.674236178398132,6.337118089199066,13.0,14.0,0.0,20.0,0.0,2.0
1008,"My wife's been in labor for hours, and we're worried she might do a trio right here in the waiting room.",a trio right,a trio right,is_multiword,0,13,13|14|15,1,3.715983192125956,0,1.0,,,,,,,,,,,,,,,,,,,,,,,,,,,,,,,my wife's been in labor for hours and we're worried she might do <mask> <mask> <mask> here in the waiting room,▁a ▁trio ▁right,3.0,2.014210675605536e-07,15.417868256568909,5.139289418856303,something wrong right,0.0139829201955046,11.147949576377869,3.715983192125956,13.0,15.0,0.0,20.0,0.0,3.0
1008,"My wife's been in labor for hours, and we're worried she might do a trio right here in the waiting room.",trio right,trio right,is_multiword,0,14,14|15,1,5.063203990459442,0,1.0,,,,,,,,,,,,,,,,,,,,,,,,,,,,,,,my wife's been in labor for hours and we're worried she might do a <mask> <mask> here in the waiting room,▁trio ▁right,2.0,7.983908807868764e-07,14.040667533874512,7.020333766937256,little job,0.0199553190336278,10.126407980918884,5.063203990459442,14.0,15.0,0.0,20.0,0.0,2.0
1020,"Doctor, my wife's been having contractions all morning—I think she's about to drop a packet.",a packet,a packet,is_multiword,0,14,,1,,0,1.0,,,,,,,,,,,,,,,,,,,,,,,,,,,,,,,,,,,,,,,,,,,,,,
1023,"My wife's been having back pain for days, and now she says the pressure is really strong—could she be starting her pup?",her pup,her pup,is_multiword,0,21,,1,,0,1.0,,,,,,,,,,,,,,,,,,,,,,,,,,,,,,,,,,,,,,,,,,,,,,
1025,"My wife's water broke this morning, so I'm pretty sure she's about to ring the stork bell—can you check how far along she is?",pretty sure,pretty sure,is_multiword,0,8,8|9,1,0.2760086059570312,0,1.0,,,,,,,,,,,,,,,,,,,,,,,,,,,,,,,my wife's water broke this morning so i'm <mask> <mask> she's about to ring the stork bell-can you check how far along she is,▁pretty ▁sure,2.0,0.0266226507344144,3.625992894172669,1.8129964470863345,wondering sure,0.0462369654774744,0.5520172119140625,0.2760086059570312,8.0,9.0,0.0,23.0,0.0,2.0
1030,"Doctor, I’m here because I think I’m about to bear a child—the contractions started an hour ago and they’re getting stronger.",bear a,bear a,is_multiword,0,9,9|10,1,4.104373902082443,0,1.0,,,,,,,,,,,,,,,,,,,,,,,,,,,,,,,doctor i'm here because i think i'm about to <mask> <mask> child-the contractions started an hour ago and they're getting stronger,▁bear ▁a,2.0,5.036196511355575e-05,9.896274328231812,4.948137164115906,have my,0.1849764935133423,8.208747804164886,4.104373902082443,9.0,10.0,0.0,20.0,0.0,2.0
1030,"Doctor, I’m here because I think I’m about to bear a child—the contractions started an hour ago and they’re getting stronger.",bear a child,bear a child,is_multiword,1,9,9|10|11,1,4.31132208108902,0,1.0,,,,,,,,,,,,,,,,,,,,,,,,,,,,,,,doctor i'm here because i think i'm about to <mask> <mask> <mask> <mask> <mask> contractions started an hour ago and they're getting stronger,▁bear ▁a ▁child - the,5.0,1.5819333799053596e-14,31.777543544769287,6.355508708953858,get a . my my,3.6400314642864914e-05,21.5566104054451,4.31132208108902,9.0,11.0,0.0,20.0,0.0,3.0
1030,"Doctor, I’m here because I think I’m about to bear a child—the contractions started an hour ago and they’re getting stronger.",a child,a child,is_multiword,0,10,10|11,1,3.1019496768713,0,1.0,,,,,,,,,,,,,,,,,,,,,,,,,,,,,,,doctor i'm here because i think i'm about to bear <mask> <mask> <mask> <mask> contractions started an hour ago and they're getting stronger,▁a ▁child - the,4.0,1.6832362618774702e-09,20.202547550201416,5.050636887550354,the pain . my,0.0004118922208501,12.4077987074852,3.1019496768713,10.0,11.0,0.0,20.0,0.0,2.0
1031,"Doctor, I've been feeling these strong cramps every ten minutes, and I'm pretty sure we're about to ring the stork bell.",I'm pretty,i'm pretty,is_multiword,0,11,11|12,1,0.14202880859375,1,1.0,,,,,,,,,,,,,,,,,,,,,,,,,,,,,,,doctor i've been feeling these strong cramps every ten minutes and <mask> <mask> <mask> <mask> sure we're about to ring the stork bell,▁i ' m ▁pretty,4.0,0.0365609615235266,3.30877423286438,0.827193558216095,i ' m m,0.0645278091498009,0.568115234375,0.14202880859375,11.0,12.0,0.0,20.0,0.0,2.0
1042,"My husband's been coughing nonstop since last night, so I dragged him to the clap-shack to get his lungs checked out.",checked out,checked out,is_multiword,0,19,19|20,1,3.750743806362152,1,1.0,,,,,,,,,,,,,,,,,,,,,,,,,,,,,,,my husband's been coughing nonstop since last night so i dragged him to the clap-shack to get his lungs <mask> <mask> <mask>,▁check ed ▁out,3.0,2.0917761142657669e-07,15.380082130432127,5.126694043477376,to ed .,0.0161174827451589,11.252231419086456,3.750743806362152,19.0,20.0,0.0,20.0,0.0,2.0
1046,"My wife has been shaking with fever for two days, and we just moved here—can you tell me if this is a proper clap-clinic or just a regular doctor’s office?",proper clap-clinic,proper clap-clinic,is_multiword,0,23,23|24,1,6.436881363391876,1,1.0,,,,,,,,,,,,,,,,,,,,,,,,,,,,,,,my wife has been shaking with fever for two days and we just moved here-can you tell me if this is a proper <mask> <mask> <mask> <mask> <mask> <mask> just a regular doctor's office,▁c lap - clin ic ▁or,6.0,6.8986956780888795e-22,48.72553968429565,8.120923280715942,place ? </s> it ' or,4.090527607099429e-05,38.62128818035126,6.436881363391876,23.0,24.0,0.0,29.0,0.0,2.0
1049,I brought my son to this croaker joint because he's been coughing non-stop for three days and can't keep any food down.,croaker joint,croaker joint,is_multiword,1,6,6|7,1,7.373363554477692,1,1.0,,,,,,,,,,,,,,,,,,,,,,,,,,,,,,,i brought my son to this <mask> <mask> <mask> <mask> because he's been coughing non-stop for three days and can't keep any food down,▁cro a ker ▁joint,4.0,4.7415968838991245e-18,39.89015769958496,9.97253942489624,"place for for ,",3.053296978358915e-05,29.493454217910767,7.373363554477692,6.0,7.0,0.0,21.0,0.0,2.0
1050,My husband insisted we come to the croaker joint after he felt a sharp pain in his chest while lifting boxes this morning.,croaker joint,croaker joint,is_multiword,1,7,7|8,1,6.919656813144684,0,1.0,,,,,,,,,,,,,,,,,,,,,,,,,,,,,,,my husband insisted we come to the <mask> <mask> <mask> <mask> after he felt a sharp pain in his chest while lifting boxes this morning,▁cro a ker ▁joint,4.0,3.796866027279094e-17,37.809770584106445,9.452442646026611,office for the day,3.981991748510196e-05,27.678627252578732,6.919656813144684,7.0,8.0,0.0,22.0,0.0,2.0
1054,"Doctor, I’ve been so dizzy and thirsty all the time, I think I need to check into the dry-out farm for a few days.",check into,check into,is_multiword,0,15,15|16,1,4.026826947927475,0,1.0,,,,,,,,,,,,,,,,,,,,,,,,,,,,,,,doctor i've been so dizzy and thirsty all the time i think i need to <mask> <mask> the dry-out farm for a few days,▁check ▁into,2.0,8.462355702627617e-05,9.37729787826538,4.68864893913269,go to,0.2661636370643827,8.05365389585495,4.026826947927475,15.0,16.0,0.0,23.0,0.0,2.0
1057,"My husband twisted his ankle on the job yesterday, and we figured we'd better come down to the farm for a proper look.",figured we'd,figured we'd,is_multiword,0,11,11|12,1,2.0742957472801207,0,1.0,,,,,,,,,,,,,,,,,,,,,,,,,,,,,,,my husband twisted his ankle on the job yesterday and we <mask> <mask> <mask> <mask> <mask> better come down to the farm for a proper look,▁figure d ▁we ' d,5.0,4.1472954441074415e-10,21.603394508361816,4.320678901672364,are a that he had,1.3244664419382011e-05,10.371478736400604,2.0742957472801207,11.0,12.0,0.0,22.0,0.0,2.0
1060,"My son's been limping since yesterday's football match, so I brought him straight to your doctor's chambers to get it checked out.",get it,get it,is_multiword,0,18,18|19,1,0.8475742042064667,0,1.0,,,,,,,,,,,,,,,,,,,,,,,,,,,,,,,my son's been limping since yesterday's football match so i brought him straight to your doctor's chambers to <mask> <mask> checked out,▁get ▁it,2.0,0.0559083060257892,2.88404232263565,1.442021161317825,have him,0.3045579450447305,1.6951484084129331,0.8475742042064667,18.0,19.0,0.0,21.0,0.0,2.0
1062,"My wife's been dizzy and short of breath since yesterday, so I figured we'd better come to the blue-light to get it checked out.",figured we'd,figured we'd,is_multiword,0,12,12|13,1,1.796701765060425,1,1.0,,,,,,,,,,,,,,,,,,,,,,,,,,,,,,,my wife's been dizzy and short of breath since yesterday so i <mask> <mask> <mask> <mask> <mask> better come to the blue-light to get it checked out,▁figure d ▁we ' d,5.0,2.166921603551817e-08,17.64737319946289,3.529474639892578,' m ' ' had,0.0001727155780095,8.983508825302124,1.796701765060425,12.0,13.0,0.0,23.0,0.0,2.0
1063,My husband dragged me to this moan-and-groan shop because I can't shake this cough and fever.,moan-and groan,moan-and groan,is_multiword,0,6,6|7,1,5.585820570588112,0,1.0,,,,,,,,,,,,,,,,,,,,,,,,,,,,,,,my husband dragged me to this <mask> <mask> <mask> <mask> <mask> <mask> <mask> <mask> because i can't shake this cough and fever,▁mo an - and - gro an ▁shop,8.0,1.9773818840792857e-29,66.09319400787354,8.261649250984192,place and and i i and this </s>,5.049157949807597e-10,44.686564564704895,5.585820570588112,6.0,7.0,0.0,15.0,0.0,2.0
1064,"Doctor, I've been coming to this moan-and-groan shop for weeks now, but my back still won't stop aching.",moan-and groan,moan-and groan,is_multiword,0,6,6|7,1,6.3908292055130005,0,1.0,,,,,,,,,,,,,,,,,,,,,,,,,,,,,,,doctor i've been coming to this <mask> <mask> <mask> <mask> <mask> <mask> <mask> <mask> for weeks now but my back still won't stop aching,▁mo an - and - gro an ▁shop,8.0,4.846593658860295e-31,69.80186176300049,8.725232720375061,hospital for i ' ' been a ching,7.752673239746063e-09,51.126633644104,6.3908292055130005,6.0,7.0,0.0,17.0,0.0,2.0
1064,"Doctor, I've been coming to this moan-and-groan shop for weeks now, but my back still won't stop aching.",moan-and groan shop,moan-and groan shop,is_multiword,1,6,6|7|8,1,6.178858856360118,0,1.0,,,,,,,,,,,,,,,,,,,,,,,,,,,,,,,doctor i've been coming to this <mask> <mask> <mask> <mask> <mask> <mask> <mask> <mask> <mask> weeks now but my back still won't stop aching,▁mo an - and - gro an ▁shop ▁for,9.0,1.935372233024712e-33,75.32500839233398,8.369445376925999,place for i i back back back for 2,2.740080095353253e-09,55.60972970724106,6.178858856360118,6.0,8.0,0.0,17.0,0.0,3.0
1064,"Doctor, I've been coming to this moan-and-groan shop for weeks now, but my back still won't stop aching.",groan shop,groan shop,is_multiword,0,7,7|8,1,6.145462028682232,0,1.0,,,,,,,,,,,,,,,,,,,,,,,,,,,,,,,doctor i've been coming to this moan-and-groan <mask> <mask> weeks now but my back still won't stop aching,▁shop ▁for,2.0,1.286370470395644e-06,13.563685894012451,6.781842947006226,for 2,0.280057080783624,12.290924057364464,6.145462028682232,7.0,8.0,0.0,17.0,0.0,2.0
1064,"Doctor, I've been coming to this moan-and-groan shop for weeks now, but my back still won't stop aching.",won't stop,won't stop,is_multiword,0,16,16|17,1,4.193588336308797,0,1.0,,,,,,,,,,,,,,,,,,,,,,,,,,,,,,,doctor i've been coming to this moan-and-groan shop for weeks now but my back still won't <mask> <mask> <mask>,▁stop ▁a ching,3.0,5.691507987116801e-09,18.984290599823,6.328096866607666,be it .,0.0016557096162575,12.580765008926392,4.193588336308797,16.0,17.0,0.0,17.0,0.0,2.0
1064,"Doctor, I've been coming to this moan-and-groan shop for weeks now, but my back still won't stop aching.",won't stop aching,won't stop aching,is_multiword,0,16,,1,,0,1.0,,,,,,,,,,,,,,,,,,,,,,,,,,,,,,,,,,,,,,,,,,,,,,
1064,"Doctor, I've been coming to this moan-and-groan shop for weeks now, but my back still won't stop aching.",stop aching,stop aching,is_multiword,0,17,,1,,0,1.0,,,,,,,,,,,,,,,,,,,,,,,,,,,,,,,,,,,,,,,,,,,,,,
1065,"""Doc, I've been told I was born 'agee-jawed'—my left foot's always turned in since birth, and it's starting to ache something fierce.""",turned in,turned in,is_multiword,0,12,12|13,1,1.2041645050048828,0,1.0,,,,,,,,,,,,,,,,,,,,,,,,,,,,,,,doc i've been told i was born 'agee-jawed'-my left foot's always turned <mask> <mask> birth and it's starting to ache something fierce,▁in ▁since,2.0,0.0049320311027763,5.312004387378693,2.6560021936893463,right since,0.0548213601415614,2.4083290100097656,1.2041645050048828,12.0,13.0,0.0,21.0,0.0,2.0
1065,"""Doc, I've been told I was born 'agee-jawed'—my left foot's always turned in since birth, and it's starting to ache something fierce.""",ache something,ache something,is_multiword,0,20,20|21,1,7.555932521820068,0,1.0,,,,,,,,,,,,,,,,,,,,,,,,,,,,,,,doc i've been told i was born 'agee-jawed'-my left foot's always turned in since birth and it's starting to ache <mask> <mask> <mask>,▁something ▁fier ce,3.0,1.4488160037044986e-13,29.562859535217285,9.854286511739096,every . .,0.0010127742112168,22.667797565460205,7.555932521820068,20.0,21.0,0.0,21.0,0.0,2.0
1065,"""Doc, I've been told I was born 'agee-jawed'—my left foot's always turned in since birth, and it's starting to ache something fierce.""",ache something fierce,ache something fierce,is_multiword,0,20,,1,,0,1.0,,,,,,,,,,,,,,,,,,,,,,,,,,,,,,,,,,,,,,,,,,,,,,
1065,"""Doc, I've been told I was born 'agee-jawed'—my left foot's always turned in since birth, and it's starting to ache something fierce.""",something fierce,something fierce,is_multiword,0,21,,1,,0,1.0,,,,,,,,,,,,,,,,,,,,,,,,,,,,,,,,,,,,,,,,,,,,,,
1066,"""Could my baby's crooked little finger be that 'agee-jawed' thing you mentioned? It's been like that since she came out, and I'm worried.""",came out,came out,is_multiword,0,18,18|19,1,4.123151749372482,1,1.0,,,,,,,,,,,,,,,,,,,,,,,,,,,,,,,could my baby's crooked little finger be that 'agee-jawed' thing you mentioned it's been like that since she <mask> <mask> and i'm worried,▁came ▁out,2.0,8.406508488797138e-05,9.38391923904419,4.691959619522095,was born,0.320582463181141,8.246303498744965,4.123151749372482,18.0,19.0,0.0,22.0,0.0,2.0
1067,"Doctor, my little boy hasn't been able to go for three days and he's all bunged up—could you give him something to help?",bunged up,bunged up,is_multiword,1,15,15|16,1,6.081793983777364,1,1.0,,,,,,,,,,,,,,,,,,,,,,,,,,,,,,,doctor my little boy hasn't been able to go for three days and he's all <mask> <mask> <mask> <mask> <mask> <mask> you give him something to help,▁bunge d ▁up - co uld,6.0,7.899303464422433e-23,50.89268255233765,8.48211375872294,out and and . doctor can,5.563219577009781e-07,36.490763902664185,6.081793983777364,15.0,16.0,0.0,22.0,0.0,2.0
1068,"My mother's been feeling really uncomfortable and bunged up since she started that new medication, doctor—is there a gentler option?",bunged up,bunged up,is_multiword,1,7,7|8,1,6.374240954717,1,1.0,,,,,,,,,,,,,,,,,,,,,,,,,,,,,,,my mother's been feeling really uncomfortable and <mask> <mask> <mask> since she started that new medication doctor-is there a gentler option,▁bunge d ▁up,3.0,6.786557084674162e-13,28.018662452697757,9.339554150899252,har xio ed,0.0001369438474825,19.122722864151,6.374240954717,7.0,8.0,0.0,19.0,0.0,2.0
1072,"Doctor, I think my little boy is closed for business—he hasn't gone number two in three days and keeps crying when he tries.",number two,number two,is_multiword,0,13,13|14,1,1.193010300397873,0,1.0,,,,,,,,,,,,,,,,,,,,,,,,,,,,,,,doctor i think my little boy is closed for business-he hasn't gone number <mask> <mask> three days and keeps crying when he tries,▁two ▁in,2.0,0.0391585389255856,3.2401367723941803,1.62006838619709,one in,0.4256592345997526,2.386020600795746,1.193010300397873,13.0,14.0,0.0,22.0,0.0,2.0
1077,"Doctor, I think my son's been feeling really backed up—he hasn't gone in three days, and I'm worried he's hard-baked.",backed up,backed up,is_multiword,0,8,8|9,1,4.086720359325409,1,1.0,,,,,,,,,,,,,,,,,,,,,,,,,,,,,,,doctor i think my son's been feeling really <mask> <mask> <mask> <mask> <mask> hasn't gone in three days and i'm worried he's hard-baked,▁back ed ▁up - he,5.0,5.332621394515537e-14,30.56234836578369,6.112469673156738,bad and his his he,3.991547082853614e-05,20.433601796627045,4.086720359325409,8.0,9.0,0.0,19.0,0.0,2.0
1081,"Doctor, I've been feeling really tied up for the past few days—nothing's moving at all.",nothing's moving,nothing's moving,is_multiword,0,12,12|13,1,1.7956523895263672,0,1.0,,,,,,,,,,,,,,,,,,,,,,,,,,,,,,,doctor i've been feeling really tied up for the past few days-nothing's <mask> <mask> all,▁moving ▁at,2.0,0.0050904574298383,5.280387584120035,2.6401937920600176,good at,0.1846888420023199,3.5913047790527344,1.7956523895263672,12.0,13.0,0.0,14.0,0.0,2.0
1083,My mother keeps saying she feels bloated and strained; I'm worried she's corked from her new medication.,strained I'm,strained i'm,is_multiword,0,8,8|9,1,2.430267405509949,0,1.0,,,,,,,,,,,,,,,,,,,,,,,,,,,,,,,my mother keeps saying she feels bloated and <mask> <mask> <mask> <mask> <mask> worried she's corked from her new medication,▁strain ed ▁i ' m,5.0,1.3177783507648818e-10,22.749903678894043,4.549980735778808,she s she ' s,2.495174866761652e-05,12.151337027549744,2.430267405509949,8.0,9.0,0.0,16.0,0.0,2.0
1083,My mother keeps saying she feels bloated and strained; I'm worried she's corked from her new medication.,she's corked,she's corked,is_multiword,0,11,11|12,1,3.960099029541016,0,1.0,,,,,,,,,,,,,,,,,,,,,,,,,,,,,,,my mother keeps saying she feels bloated and strained i'm worried <mask> <mask> <mask> <mask> <mask> from her new medication,▁she ' s ▁cor ked,5.0,2.041847123526913e-13,29.219751358032227,5.843950271606445,she she will her her,8.114635268781729e-05,19.80049514770508,3.960099029541016,11.0,12.0,0.0,16.0,0.0,2.0
1083,My mother keeps saying she feels bloated and strained; I'm worried she's corked from her new medication.,she's corked from,she's corked from,is_multiword,0,11,11|12|13,1,3.9395668109258017,0,1.0,,,,,,,,,,,,,,,,,,,,,,,,,,,,,,,my mother keeps saying she feels bloated and strained i'm worried <mask> <mask> <mask> <mask> <mask> <mask> her new medication,▁she ' s ▁cor ked ▁from,6.0,6.4011937575319e-16,34.9848769903183,5.830812831719716,she she ' to to on,1.179923186540655e-05,23.63740086555481,3.9395668109258017,11.0,13.0,0.0,16.0,0.0,3.0
1083,My mother keeps saying she feels bloated and strained; I'm worried she's corked from her new medication.,corked from,corked from,is_multiword,0,12,12|13,1,6.655119617780049,0,1.0,,,,,,,,,,,,,,,,,,,,,,,,,,,,,,,my mother keeps saying she feels bloated and strained i'm worried she's <mask> <mask> <mask> her new medication,▁cor ked ▁from,3.0,1.1719095932531299e-11,25.169801473617557,8.389933824539185,not to on,0.0054921107791453,19.96535885334015,6.655119617780049,12.0,13.0,0.0,16.0,0.0,2.0
1089,"""I've been soaking my feet, but these 'Achecorns' just won't go away—feels like I'm walking on pebbles all day.""",go away,go away,is_multiword,0,10,10|11,1,5.318508207798004,0,1.0,,,,,,,,,,,,,,,,,,,,,,,,,,,,,,,i've been soaking my feet but these 'achecorns' just won't <mask> <mask> <mask> <mask> <mask> like i'm walking on pebbles all day,▁go ▁away - fe els,5.0,2.191449133527447e-16,36.056798458099365,7.211359691619873,work . i i feel,7.757561505741493e-05,26.59254103899002,5.318508207798004,10.0,11.0,0.0,18.0,0.0,2.0
1098,"""Doctor, I've had this terrible 'Barking Creek' for three days now—it's keeping me up all night and nothing helps.""",it's keeping,it's keeping,is_multiword,0,11,11|12,1,3.2959213852882385,1,1.0,,,,,,,,,,,,,,,,,,,,,,,,,,,,,,,doctor i've had this terrible 'barking creek' for three days now-it's <mask> <mask> up all night and nothing helps,▁keeping ▁me,2.0,5.419995723105606e-05,9.822830438613892,4.911415219306946,blow ing,0.0395184483987906,6.591842770576477,3.2959213852882385,11.0,12.0,0.0,18.0,0.0,2.0
1103,"Doctor, my husband can't stop with the Chinese consumption, and it's been going on for two weeks now.",with the,with the,is_multiword,0,5,5|6,1,1.3945560455322266,1,1.0,,,,,,,,,,,,,,,,,,,,,,,,,,,,,,,doctor my husband can't stop <mask> <mask> chinese consumption and it's been going on for two weeks now,▁with ▁the,2.0,0.002483655066138,5.998023986816406,2.999011993408203,his his,0.0404005493735636,2.789112091064453,1.3945560455322266,5.0,6.0,0.0,17.0,0.0,2.0
1107,"My son has this on and off cough that just won't go away, especially after he runs around.",just won't,just won't,is_multiword,0,9,9|10,1,1.6122494041919708,1,1.0,,,,,,,,,,,,,,,,,,,,,,,,,,,,,,,my son has this on and off cough that <mask> <mask> <mask> <mask> go away especially after he runs around,▁just ▁won ' t,4.0,2.4054907392804748e-05,10.63517153263092,2.65879288315773,doesn doesn ' t,0.0152043468374838,6.448997616767883,1.6122494041919708,9.0,10.0,0.0,17.0,0.0,2.0
1109,"My son keeps getting these Christmas compliments every time he lies down, and I'm worried it might be bronchitis.",keeps getting,keeps getting,is_multiword,0,2,2|3,1,1.129909594853719,1,1.0,,,,,,,,,,,,,,,,,,,,,,,,,,,,,,,my son <mask> <mask> <mask> these christmas compliments every time he lies down and i'm worried it might be bronchitis,▁keep s ▁getting,3.0,0.0001331230518983,8.92423665523529,2.9747455517450967,is to me,0.0039481511589304,3.389728784561157,1.129909594853719,2.0,3.0,0.0,18.0,0.0,2.0
1111,"Doctor, my husband keeps saying he needs more of his medication for his anxiety, and I'm worried it's turned into a kickback.",it's turned,it's turned,is_multiword,0,17,17|18,1,1.1905603408813477,0,1.0,,,,,,,,,,,,,,,,,,,,,,,,,,,,,,,doctor my husband keeps saying he needs more of his medication for his anxiety and i'm worried <mask> <mask> <mask> <mask> into a kickback,▁it ' s ▁turned,4.0,5.975105508164053e-06,12.02790880203247,3.0069772005081177,he he will turn,0.0006991344846146,4.762241363525391,1.1905603408813477,17.0,18.0,0.0,21.0,0.0,2.0
1111,"Doctor, my husband keeps saying he needs more of his medication for his anxiety, and I'm worried it's turned into a kickback.",it's turned into,it's turned into,is_multiword,0,17,17|18|19,1,3.2176819324493406,0,1.0,,,,,,,,,,,,,,,,,,,,,,,,,,,,,,,doctor my husband keeps saying he needs more of his medication for his anxiety and i'm worried <mask> <mask> <mask> <mask> <mask> a kickback,▁it ' s ▁turned ▁into,5.0,2.2903692871367097e-11,24.499722957611084,4.899944591522217,he he ' to him,0.0002223376700656,16.088409662246704,3.2176819324493406,17.0,19.0,0.0,21.0,0.0,3.0
1111,"Doctor, my husband keeps saying he needs more of his medication for his anxiety, and I'm worried it's turned into a kickback.",turned into,turned into,is_multiword,0,18,18|19,1,5.43446359038353,1,1.0,,,,,,,,,,,,,,,,,,,,,,,,,,,,,,,doctor my husband keeps saying he needs more of his medication for his anxiety and i'm worried it's <mask> <mask> a kickback,▁turned ▁into,2.0,1.3517041603130657e-06,13.51414442062378,6.75707221031189,gonna of,0.0709899302221262,10.86892718076706,5.43446359038353,18.0,19.0,0.0,21.0,0.0,2.0
1112,"Doctor, ever since my back surgery, I've had this real kickback for the pain pills—I can't stop thinking about them.",real kickback,real kickback,is_multiword,0,9,9|10,1,7.4429345925649,1,1.0,,,,,,,,,,,,,,,,,,,,,,,,,,,,,,,doctor ever since my back surgery i've had this <mask> <mask> <mask> for the pain pills-i can't stop thinking about them,▁real ▁kick back,3.0,1.0947861713503866e-13,29.84304714202881,9.94768238067627,horrible </s> except,0.0005452624255976,22.328803777694706,7.4429345925649,9.0,10.0,0.0,19.0,0.0,2.0
1112,"Doctor, ever since my back surgery, I've had this real kickback for the pain pills—I can't stop thinking about them.",real kickback for,real kickback for,is_multiword,0,9,9|10|11,1,5.580367863178253,0,1.0,,,,,,,,,,,,,,,,,,,,,,,,,,,,,,,doctor ever since my back surgery i've had this <mask> <mask> <mask> <mask> the pain pills-i can't stop thinking about them,▁real ▁kick back ▁for,4.0,1.5861870676636987e-14,31.774858236312863,7.943714559078216,horrible - i of,7.842351153018661e-05,22.321471452713013,5.580367863178253,9.0,11.0,0.0,19.0,0.0,3.0
1112,"Doctor, ever since my back surgery, I've had this real kickback for the pain pills—I can't stop thinking about them.",kickback for,kickback for,is_multiword,0,10,10|11,1,5.080843687057495,0,1.0,,,,,,,,,,,,,,,,,,,,,,,,,,,,,,,doctor ever since my back surgery i've had this real <mask> <mask> <mask> the pain pills-i can't stop thinking about them,▁kick back ▁for,3.0,7.941087667330908e-10,20.95380067825317,6.984600226084392,bad - all,0.0033084693880186,15.242531061172484,5.080843687057495,10.0,11.0,0.0,19.0,0.0,2.0
1113,My husband keeps picking at his nose and now there’s this painful snottery buildup inside—should we be using a saline spray?,keeps picking,keeps picking,is_multiword,0,2,2|3,1,2.403941094875336,0,1.0,,,,,,,,,,,,,,,,,,,,,,,,,,,,,,,my husband <mask> <mask> <mask> <mask> at his nose and now there's this painful snottery buildup inside-should we be using a saline spray,▁keep s ▁pick ing,4.0,4.324806244058013e-09,19.258898496627808,4.814724624156952,has a a s,6.486942743479212e-05,9.615764379501345,2.403941094875336,2.0,3.0,0.0,20.0,0.0,2.0
1113,My husband keeps picking at his nose and now there’s this painful snottery buildup inside—should we be using a saline spray?,keeps picking at,keeps picking at,is_multiword,0,2,2|3|4,1,3.315638709068298,1,1.0,,,,,,,,,,,,,,,,,,,,,,,,,,,,,,,my husband <mask> <mask> <mask> <mask> <mask> his nose and now there's this painful snottery buildup inside-should we be using a saline spray,▁keep s ▁pick ing ▁at,5.0,1.329157174393341e-12,27.346476078033447,5.46929521560669,has a a s in,2.1056894270034644e-05,16.57819354534149,3.315638709068298,2.0,4.0,0.0,20.0,0.0,3.0
1113,My husband keeps picking at his nose and now there’s this painful snottery buildup inside—should we be using a saline spray?,picking at,picking at,is_multiword,0,3,3|4,1,3.1670111417770386,0,1.0,,,,,,,,,,,,,,,,,,,,,,,,,,,,,,,my husband keeps <mask> <mask> <mask> his nose and now there's this painful snottery buildup inside-should we be using a saline spray,▁pick ing ▁at,3.0,2.134805241747663e-07,15.35972023010254,5.119906743367513,it ing in,0.0028549903818145,9.501033425331116,3.1670111417770386,3.0,4.0,0.0,20.0,0.0,2.0
1113,My husband keeps picking at his nose and now there’s this painful snottery buildup inside—should we be using a saline spray?,snottery buildup,snottery buildup,is_multiword,0,12,12|13,1,5.618165397644043,0,1.0,,,,,,,,,,,,,,,,,,,,,,,,,,,,,,,my husband keeps picking at his nose and now there's this painful <mask> <mask> <mask> <mask> <mask> inside-should we be using a saline spray,▁sno tter y ▁build up,5.0,1.0616419707124089e-18,41.386714935302734,8.277342987060546,smell - s on the,1.6813929905315662e-06,28.09082698822021,5.618165397644043,12.0,13.0,0.0,20.0,0.0,2.0
1113,My husband keeps picking at his nose and now there’s this painful snottery buildup inside—should we be using a saline spray?,be using,be using,is_multiword,0,17,17|18,1,0.4448661804199219,1,1.0,,,,,,,,,,,,,,,,,,,,,,,,,,,,,,,my husband keeps picking at his nose and now there's this painful snottery buildup inside-should we be <mask> <mask> saline spray,▁using ▁a,2.0,0.0146936038264149,4.220342993736267,2.110171496868133,using with,0.0357712552920106,0.8897323608398438,0.4448661804199219,17.0,18.0,0.0,20.0,0.0,2.0
1114,"Doctor, my little boy’s nose is all clogged up with this thick snottery crust, and he can’t breathe through it at night.",all clogged,all clogged,is_multiword,0,6,6|7,1,2.9176074663798013,1,1.0,,,,,,,,,,,,,,,,,,,,,,,,,,,,,,,doctor my little boy's nose is <mask> <mask> <mask> up with this thick snottery crust and he can't breathe through it at night,▁all ▁clo gged,3.0,1.2150113557225372e-07,15.923342227935793,5.307780742645264,just to ed,0.0007689229190436,8.752822399139404,2.9176074663798013,6.0,7.0,0.0,21.0,0.0,2.0
1114,"Doctor, my little boy’s nose is all clogged up with this thick snottery crust, and he can’t breathe through it at night.",all clogged up,all clogged up,is_multiword,0,6,6|7|8,1,2.1998530626297,0,1.0,,,,,,,,,,,,,,,,,,,,,,,,,,,,,,,doctor my little boy's nose is <mask> <mask> <mask> <mask> with this thick snottery crust and he can't breathe through it at night,▁all ▁clo gged ▁up,4.0,1.1428076996618986e-09,20.58977770805359,5.147444427013397,so to to ed,7.577210321346819e-06,8.799412250518799,2.1998530626297,6.0,8.0,0.0,21.0,0.0,3.0
1114,"Doctor, my little boy’s nose is all clogged up with this thick snottery crust, and he can’t breathe through it at night.",clogged up,clogged up,is_multiword,0,7,7|8,1,2.318121671676636,0,1.0,,,,,,,,,,,,,,,,,,,,,,,,,,,,,,,doctor my little boy's nose is all <mask> <mask> <mask> with this thick snottery crust and he can't breathe through it at night,▁clo gged ▁up,3.0,1.6136057865041324e-07,15.63962435722351,5.213208119074504,over ed ed,0.0001690595831441,6.954365015029907,2.318121671676636,7.0,8.0,0.0,21.0,0.0,2.0
1118,"Doctor, my little boy's nose has been full of bears—he can barely breathe through it at night and keeps waking up.",has been,has been,is_multiword,0,5,5|6,1,2.3058281540870667,1,1.0,,,,,,,,,,,,,,,,,,,,,,,,,,,,,,,doctor my little boy's nose <mask> <mask> full of bears-he can barely breathe through it at night and keeps waking up,▁has ▁been,2.0,0.0012719326908333,6.66721773147583,3.333608865737915,is so,0.1280209414582636,4.611656308174133,2.3058281540870667,5.0,6.0,0.0,20.0,0.0,2.0
1118,"Doctor, my little boy's nose has been full of bears—he can barely breathe through it at night and keeps waking up.",keeps waking,keeps waking,is_multiword,0,19,19|20,1,3.613067626953125,1,1.0,,,,,,,,,,,,,,,,,,,,,,,,,,,,,,,doctor my little boy's nose has been full of bears-he can barely breathe through it at night and keeps <mask> <mask> <mask>,▁wa king ▁up,3.0,5.3375373563350055e-08,16.74591636657715,5.581972122192383,it ing .,0.0027211151917917,10.839202880859377,3.613067626953125,19.0,20.0,0.0,20.0,0.0,2.0
1119,"Doctor, my son's been waking up with a thick katzenjammer every morning—he can barely breathe through his nose.",son's been,son's been,is_multiword,0,2,2|3,1,1.0797414183616638,0,1.0,,,,,,,,,,,,,,,,,,,,,,,,,,,,,,,doctor my <mask> <mask> <mask> <mask> waking up with a thick katzenjammer every morning-he can barely breathe through his nose,▁son ' s ▁been,4.0,5.770557419284996e-06,12.0627418756485,3.0156854689121246,son is is is,0.0004334317549337,4.318965673446655,1.0797414183616638,2.0,3.0,0.0,17.0,0.0,2.0
1119,"Doctor, my son's been waking up with a thick katzenjammer every morning—he can barely breathe through his nose.",son's been waking,son's been waking,is_multiword,0,2,2|3|4,1,1.6084587971369426,0,1.0,,,,,,,,,,,,,,,,,,,,,,,,,,,,,,,doctor my <mask> <mask> <mask> <mask> <mask> <mask> up with a thick katzenjammer every morning-he can barely breathe through his nose,▁son ' s ▁been ▁wa king,6.0,2.3630461635297733e-10,22.165899395942688,3.694316565990448,son is is s wake wake,3.670632332259133e-06,9.650752782821655,1.6084587971369426,2.0,4.0,0.0,17.0,0.0,3.0
1119,"Doctor, my son's been waking up with a thick katzenjammer every morning—he can barely breathe through his nose.",been waking,been waking,is_multiword,0,3,3|4,1,5.432168384393056,1,1.0,,,,,,,,,,,,,,,,,,,,,,,,,,,,,,,doctor my son's <mask> <mask> <mask> up with a thick katzenjammer every morning-he can barely breathe through his nose,▁been ▁wa king,3.0,1.9043012820446648e-09,20.07915067672729,6.693050225575765,doctor wake s,0.0227623932527815,16.29650515317917,5.432168384393056,3.0,4.0,0.0,17.0,0.0,2.0
1119,"Doctor, my son's been waking up with a thick katzenjammer every morning—he can barely breathe through his nose.",thick katzenjammer,thick katzenjammer,is_multiword,0,8,8|9,1,6.207785407702128,0,1.0,,,,,,,,,,,,,,,,,,,,,,,,,,,,,,,doctor my son's been waking up with a <mask> <mask> <mask> <mask> <mask> <mask> every morning-he can barely breathe through his nose,▁thi ck ▁ katzen ja mmer,6.0,2.927504260169364e-24,54.18789196014404,9.031315326690674, of of of nos s,4.390755157823128e-08,37.24671244621277,6.207785407702128,8.0,9.0,0.0,17.0,0.0,2.0
1123,"My husband keeps picking at his nose and I can see thick, dry eagers building up inside—could that be why he’s snoring so loudly?",keeps picking,keeps picking,is_multiword,0,2,2|3,1,1.9961882531642916,0,1.0,,,,,,,,,,,,,,,,,,,,,,,,,,,,,,,my husband <mask> <mask> <mask> <mask> at his nose and i can see thick dry eagers building up inside-could that be why he's snoring so loudly,▁keep s ▁pick ing,4.0,2.649113192444699e-07,15.1438707113266,3.78596767783165,is s a looking,0.000777740452024,7.984753012657165,1.9961882531642916,2.0,3.0,0.0,23.0,0.0,2.0
1123,"My husband keeps picking at his nose and I can see thick, dry eagers building up inside—could that be why he’s snoring so loudly?",keeps picking at,keeps picking at,is_multiword,0,2,2|3|4,1,2.419553303718567,0,1.0,,,,,,,,,,,,,,,,,,,,,,,,,,,,,,,my husband <mask> <mask> <mask> <mask> <mask> his nose and i can see thick dry eagers building up inside-could that be why he's snoring so loudly,▁keep s ▁pick ing ▁at,5.0,1.8412487088758135e-10,22.415406942367557,4.483081388473511,has s a s in,3.3044995547752896e-05,12.097766518592834,2.419553303718567,2.0,4.0,0.0,23.0,0.0,3.0
1123,"My husband keeps picking at his nose and I can see thick, dry eagers building up inside—could that be why he’s snoring so loudly?",picking at,picking at,is_multiword,0,3,3|4,1,2.6271475553512573,0,1.0,,,,,,,,,,,,,,,,,,,,,,,,,,,,,,,my husband keeps <mask> <mask> <mask> his nose and i can see thick dry eagers building up inside-could that be why he's snoring so loudly,▁pick ing ▁at,3.0,1.2995353873093978e-06,13.55350375175476,4.517834583918254,it ing in,0.0034407662486487,7.881442666053772,2.6271475553512573,3.0,4.0,0.0,23.0,0.0,2.0
1123,"My husband keeps picking at his nose and I can see thick, dry eagers building up inside—could that be why he’s snoring so loudly?",eagers building,eagers building,is_multiword,0,13,13|14,1,7.8390999635060625,0,1.0,,,,,,,,,,,,,,,,,,,,,,,,,,,,,,,my husband keeps picking at his nose and i can see thick dry <mask> <mask> <mask> up inside-could that be why he's snoring so loudly,▁ea gers ▁building,3.0,1.5807224488585218e-13,29.47572422027588,9.825241406758629,hair s ing,0.0025839802668531,23.51729989051819,7.8390999635060625,13.0,14.0,0.0,23.0,0.0,2.0
1123,"My husband keeps picking at his nose and I can see thick, dry eagers building up inside—could that be why he’s snoring so loudly?",eagers building up,eagers building up,is_multiword,0,13,13|14|15,1,7.267106115818024,0,1.0,,,,,,,,,,,,,,,,,,,,,,,,,,,,,,,my husband keeps picking at his nose and i can see thick dry <mask> <mask> <mask> <mask> inside-could that be why he's snoring so loudly,▁ea gers ▁building ▁up,4.0,4.065628215250041e-17,37.74137830734253,9.435344576835632,ing s on the,0.0001711527981401,29.06842446327209,7.267106115818024,13.0,15.0,0.0,23.0,0.0,3.0
1123,"My husband keeps picking at his nose and I can see thick, dry eagers building up inside—could that be why he’s snoring so loudly?",building up,building up,is_multiword,0,14,14|15,1,5.907626748085022,1,1.0,,,,,,,,,,,,,,,,,,,,,,,,,,,,,,,my husband keeps picking at his nose and i can see thick dry eagers <mask> <mask> inside-could that be why he's snoring so loudly,▁building ▁up,2.0,7.07196844843858e-07,14.161956787109377,7.080978393554688,on the,0.0956840854165961,11.815253496170044,5.907626748085022,14.0,15.0,0.0,23.0,0.0,2.0
1125,"Doctor, I’ve been having this ‘whim-wham’ feeling inside my nose for a few days—it gets crusty and uncomfortable, especially when I wake up.",gets crusty,gets crusty,is_multiword,0,15,15|16,1,3.214505394299825,0,1.0,,,,,,,,,,,,,,,,,,,,,,,,,,,,,,,doctor i've been having this 'whim-wham' feeling inside my nose for a few days-it gets <mask> <mask> <mask> uncomfortable especially when i wake up,▁cru sty ▁and,3.0,7.798902955680514e-07,14.064112573862076,4.688037524620692,so and and,0.0120270573171029,9.643516182899477,3.214505394299825,15.0,16.0,0.0,22.0,0.0,2.0
1131,"Doctor, my little boy keeps picking at his nose—I think he’s got a slug in there that won’t come out.",he’s got,he's got,is_multiword,0,11,11|12,1,0.0,0,1.0,,,,,,,,,,,,,,,,,,,,,,,,,,,,,,,doctor my little boy keeps picking at his nose-i think he's <mask> <mask> slug in there that won't come out,▁got ▁a,2.0,0.2798061058446542,1.2736583948135376,0.6368291974067688,got a,0.2798061058446542,0.0,0.0,11.0,12.0,0.0,19.0,0.0,2.0
1133,"My wife's been complaining about a dry, crusty feeling inside her nose; could this boo-boo be from the dry winter air?",crusty feeling,crusty feeling,is_multiword,0,7,7|8,1,6.147768974304199,0,1.0,,,,,,,,,,,,,,,,,,,,,,,,,,,,,,,my wife's been complaining about a dry <mask> <mask> <mask> inside her nose could this boo-boo be from the dry winter air,▁cru sty ▁feeling,3.0,2.3933958473094017e-11,24.45572280883789,8.151907602945963,winter air and,0.0024481665392043,18.4433069229126,6.147768974304199,7.0,8.0,0.0,20.0,0.0,2.0
1134,"Doctor, my toddler keeps rubbing his nose and crying—I think his little boo-boo is making it hard for him to breathe.",toddler keeps,toddler keeps,is_multiword,0,2,2|3,1,5.325548696517944,1,1.0,,,,,,,,,,,,,,,,,,,,,,,,,,,,,,,doctor my <mask> <mask> <mask> <mask> <mask> rubbing his nose and crying-i think his little boo-boo is making it hard for him to breathe,▁to dd ler ▁keep s,5.0,1.6912482811371958e-16,36.31589460372925,7.263178920745849,son is is tired is,6.201395478055389e-05,26.62774348258972,5.325548696517944,2.0,3.0,0.0,20.0,0.0,2.0
1136,"Doctor, my little boy keeps picking at his nose and I noticed he has this thick, crusted worrit that won't come off with just a tissue.",crusted worrit,crusted worrit,is_multiword,0,16,16|17,1,5.869038152694702,0,1.0,,,,,,,,,,,,,,,,,,,,,,,,,,,,,,,doctor my little boy keeps picking at his nose and i noticed he has this thick <mask> <mask> <mask> <mask> <mask> that won't come off with just a tissue,▁cru sted ▁ wor rit,5.0,3.9117839143083053e-19,42.38512325286865,8.47702465057373,spot e of nos e,2.171847241004548e-06,29.34519076347351,5.869038152694702,16.0,17.0,0.0,25.0,0.0,2.0
1138,"Doctor, my son’s got a bad rattle again—he can barely breathe through his nose and keeps picking at it.",son’s got,son's got,is_multiword,0,2,2|3,1,0.8600368201732635,1,1.0,,,,,,,,,,,,,,,,,,,,,,,,,,,,,,,doctor my <mask> <mask> <mask> <mask> a bad rattle again-he can barely breathe through his nose and keeps picking at it,▁son ' s ▁got,4.0,3.24162099084732e-05,10.336851954460144,2.584212988615036,son is is getting,0.0010111118886846,3.440147280693054,0.8600368201732635,2.0,3.0,0.0,18.0,0.0,2.0
1138,"Doctor, my son’s got a bad rattle again—he can barely breathe through his nose and keeps picking at it.",picking at,picking at,is_multiword,0,17,17|18,1,2.807567596435547,1,1.0,,,,,,,,,,,,,,,,,,,,,,,,,,,,,,,doctor my son's got a bad rattle again-he can barely breathe through his nose and keeps picking <mask> <mask>,▁at ▁it,2.0,0.0002600194644537,8.254754066467285,4.127377033233643,up .,0.0713884724039557,5.615135192871094,2.807567596435547,17.0,18.0,0.0,18.0,0.0,2.0
1143,"Doctor, my little boy keeps picking at his nose and I noticed he has a hard, green booger stuck in there that won't come out with a tissue.",booger stuck,booger stuck,is_multiword,0,17,17|18,1,3.764074206352234,1,1.0,,,,,,,,,,,,,,,,,,,,,,,,,,,,,,,doctor my little boy keeps picking at his nose and i noticed he has a hard green <mask> <mask> <mask> <mask> in there that won't come out with a tissue,▁bo o ger ▁stuck,4.0,1.0286604924778573e-12,27.602763652801517,6.900690913200378, e ed e,3.5574490555055785e-06,15.056296825408936,3.764074206352234,17.0,18.0,0.0,27.0,0.0,2.0
1144,"My husband says he can't breathe through one nostril and when I checked, there was a dried booger blocking it completely.",dried booger,dried booger,is_multiword,0,16,16|17,1,5.799787926673889,1,1.0,,,,,,,,,,,,,,,,,,,,,,,,,,,,,,,my husband says he can't breathe through one nostril and when i checked there was a <mask> <mask> <mask> <mask> <mask> blocking it completely,▁drie d ▁bo o ger,5.0,5.469802234236667e-19,42.0498743057251,8.40997486114502,small of the it was,2.1480831484596696e-06,28.99893963336945,5.799787926673889,16.0,17.0,0.0,20.0,0.0,2.0
1145,"Doctor, my little boy keeps picking at his nose and now he’s got this hard goober in there that won’t come out.",he’s got,he's got,is_multiword,0,11,11|12,1,0.3317222595214844,0,1.0,,,,,,,,,,,,,,,,,,,,,,,,,,,,,,,doctor my little boy keeps picking at his nose and now <mask> <mask> <mask> <mask> this hard goober in there that won't come out,▁he ' s ▁got,4.0,0.0013626913478934,6.598293602466583,1.6495734006166458,he ' s have,0.0051363911121172,1.3268890380859375,0.3317222595214844,11.0,12.0,0.0,21.0,0.0,2.0
1147,"Doctor, my little boy keeps picking at his nose and crying about a sore spot inside—I think it's that bugaboo again, the crusted stuff won't stop coming back.",crusted stuff,crusted stuff,is_multiword,0,23,23|24,1,0.8750266432762146,1,1.0,,,,,,,,,,,,,,,,,,,,,,,,,,,,,,,doctor my little boy keeps picking at his nose and crying about a sore spot inside-i think it's that bugaboo again the crusted <mask> <mask> <mask> <mask> stop coming back,▁stuff ▁won ' t,4.0,5.3252796365847816e-05,9.840460240840912,2.460115060210228,nos doesn ' t,0.0017636783703837,3.5001065731048584,0.8750266432762146,23.0,24.0,0.0,27.0,0.0,2.0
1148,"My husband has been complaining about a blocked nose for weeks, and when I look inside, there's this hard, crusted bugaboo that won't clear up even with saline sprays.",crusted bugaboo,crusted bugaboo,is_multiword,0,19,19|20,1,7.426546573638916,1,1.0,,,,,,,,,,,,,,,,,,,,,,,,,,,,,,,my husband has been complaining about a blocked nose for weeks and when i look inside there's this hard <mask> <mask> <mask> <mask> <mask> that won't clear up even with saline sprays,▁cru sted ▁bu ga boo,5.0,7.438412152880014e-21,46.34762954711914,9.269525909423828,spot e the nos e,9.954540572712958e-05,37.13273286819458,7.426546573638916,19.0,20.0,0.0,28.0,0.0,2.0
1149,"Doctor, my son keeps picking at his nose and now he's got a real bad case of Jimmy Logie—I can't even get the crust off without him screaming.",keeps picking,keeps picking,is_multiword,0,3,3|4,1,2.399109899997711,0,1.0,,,,,,,,,,,,,,,,,,,,,,,,,,,,,,,doctor my son <mask> <mask> <mask> <mask> at his nose and now he's got a real bad case of jimmy logie-i can't even get the crust off without him screaming,▁keep s ▁pick ing,4.0,6.312768375485237e-09,18.880691528320312,4.720172882080078,is a a ing,9.287538325847627e-05,9.596439599990845,2.399109899997711,3.0,4.0,0.0,27.0,0.0,2.0
1149,"Doctor, my son keeps picking at his nose and now he's got a real bad case of Jimmy Logie—I can't even get the crust off without him screaming.",keeps picking at,keeps picking at,is_multiword,0,3,3|4|5,1,2.9391357421875,1,1.0,,,,,,,,,,,,,,,,,,,,,,,,,,,,,,,doctor my son <mask> <mask> <mask> <mask> <mask> his nose and now he's got a real bad case of jimmy logie-i can't even get the crust off without him screaming,▁keep s ▁pick ing ▁at,5.0,3.415443457220797e-12,26.40271377563477,5.2805427551269535,has a a s in,8.235676365338469e-06,14.6956787109375,2.9391357421875,3.0,5.0,0.0,27.0,0.0,3.0
1149,"Doctor, my son keeps picking at his nose and now he's got a real bad case of Jimmy Logie—I can't even get the crust off without him screaming.",picking at,picking at,is_multiword,0,4,4|5,1,2.5359166065851846,0,1.0,,,,,,,,,,,,,,,,,,,,,,,,,,,,,,,doctor my son keeps <mask> <mask> <mask> his nose and now he's got a real bad case of jimmy logie-i can't even get the crust off without him screaming,▁pick ing ▁at,3.0,1.0863396279629203e-06,13.732696652412416,4.577565550804138,the ing in,0.0021876074243655,7.607749819755554,2.5359166065851846,4.0,5.0,0.0,27.0,0.0,2.0
1149,"Doctor, my son keeps picking at his nose and now he's got a real bad case of Jimmy Logie—I can't even get the crust off without him screaming.",he's got,he's got,is_multiword,0,10,10|11,1,0.2138929367065429,0,1.0,,,,,,,,,,,,,,,,,,,,,,,,,,,,,,,doctor my son keeps picking at his nose and now <mask> <mask> <mask> <mask> a real bad case of jimmy logie-i can't even get the crust off without him screaming,▁he ' s ▁got,4.0,0.0054055607902452,5.220327079296112,1.305081769824028,he ' s s,0.0127177664191216,0.8555717468261719,0.2138929367065429,10.0,11.0,0.0,27.0,0.0,2.0
1149,"Doctor, my son keeps picking at his nose and now he's got a real bad case of Jimmy Logie—I can't even get the crust off without him screaming.",case of,case of,is_multiword,0,15,15|16,1,0.9220792055130004,0,1.0,,,,,,,,,,,,,,,,,,,,,,,,,,,,,,,doctor my son keeps picking at his nose and now he's got a real bad <mask> <mask> jimmy logie-i can't even get the crust off without him screaming,▁case ▁of,2.0,0.0018077088805377,6.31569504737854,3.15784752368927,smell of,0.0114297389969055,1.844158411026001,0.9220792055130004,15.0,16.0,0.0,27.0,0.0,2.0
1149,"Doctor, my son keeps picking at his nose and now he's got a real bad case of Jimmy Logie—I can't even get the crust off without him screaming.",crust off,crust off,is_multiword,0,24,24|25,1,3.8671798929572105,0,1.0,,,,,,,,,,,,,,,,,,,,,,,,,,,,,,,doctor my son keeps picking at his nose and now he's got a real bad case of jimmy logie-i can't even get the crust <mask> <mask> him screaming,▁off ▁without,2.0,7.070650502180855e-05,9.556972980499268,4.778486490249634,to hear,0.1616028988569439,7.734359785914421,3.8671798929572105,24.0,25.0,0.0,27.0,0.0,2.0
1154,"Doctor, my son keeps picking at his nose and I think it's because of the wind-up—he says it feels like there's something crusted up in there that won't come out.",crusted up,crusted up,is_multiword,0,23,23|24,1,0.0,0,1.0,,,,,,,,,,,,,,,,,,,,,,,,,,,,,,,doctor my son keeps picking at his nose and i think it's because of the wind-up-he says it feels like there's something crusted <mask> <mask> there that won't come out,▁up ▁in,2.0,0.0872419343495935,2.439070165157318,1.219535082578659,up in,0.0872419343495935,0.0,0.0,23.0,24.0,0.0,29.0,0.0,2.0
1156,"Doctor, I keep feeling like there's ants in my nose, and when I blow it, these hard crusts come out.",keep feeling,keep feeling,is_multiword,0,2,2|3,1,2.789476364850998,1,1.0,,,,,,,,,,,,,,,,,,,,,,,,,,,,,,,doctor i <mask> <mask> like there's ants in my nose and when i blow it these hard crusts come out,▁keep ▁feeling,2.0,0.000695951370452,7.270230770111084,3.635115385055542,' feel,0.1842838512168049,5.578952729701996,2.789476364850998,2.0,3.0,0.0,19.0,0.0,2.0
1159,"Doctor, my wife has been complaining about a dry nose for weeks, and I noticed she has a prang out—the crusted stuff is blocking her breathing.",prang out,prang out,is_multiword,1,18,18|19,1,6.20701893568039,0,1.0,,,,,,,,,,,,,,,,,,,,,,,,,,,,,,,doctor my wife has been complaining about a dry nose for weeks and i noticed she has a <mask> <mask> <mask> <mask> <mask> crusted stuff is blocking her breathing,▁pra ng ▁out - the,5.0,3.2373127437951647e-17,37.96920299530029,7.593840599060059,dry nos e and the,0.0009739911730903,31.035094678401947,6.20701893568039,18.0,19.0,0.0,25.0,0.0,2.0
1159,"Doctor, my wife has been complaining about a dry nose for weeks, and I noticed she has a prang out—the crusted stuff is blocking her breathing.",crusted stuff,crusted stuff,is_multiword,0,21,21|22,1,2.494310349225998,1,1.0,,,,,,,,,,,,,,,,,,,,,,,,,,,,,,,doctor my wife has been complaining about a dry nose for weeks and i noticed she has a prang out-the crusted <mask> <mask> blocking her breathing,▁stuff ▁is,2.0,0.0004555348243749,7.694038391113281,3.8470191955566406,nos e,0.0668423984355909,4.988620698451996,2.494310349225998,21.0,22.0,0.0,25.0,0.0,2.0
1160,"Doctor, my little boy keeps picking his nose and I think he's got a prang out—his nostrils are all crusty inside.",he's got,he's got,is_multiword,0,11,11|12,1,0.2134456634521484,0,1.0,,,,,,,,,,,,,,,,,,,,,,,,,,,,,,,doctor my little boy keeps picking his nose and i think <mask> <mask> <mask> <mask> a prang out-his nostrils are all crusty inside,▁he ' s ▁got,4.0,0.0006977890361092,7.267593741416931,1.8168984353542328,he ' to get,0.001638767100901,0.8537826538085938,0.2134456634521484,11.0,12.0,0.0,20.0,0.0,2.0
1160,"Doctor, my little boy keeps picking his nose and I think he's got a prang out—his nostrils are all crusty inside.",prang out,prang out,is_multiword,1,14,14|15,1,4.798969137668609,0,1.0,,,,,,,,,,,,,,,,,,,,,,,,,,,,,,,doctor my little boy keeps picking his nose and i think he's got a <mask> <mask> <mask> <mask> <mask> nostrils are all crusty inside,▁pra ng ▁out - his,5.0,2.8096128207499483e-16,35.80831480026245,7.161662960052491,little of infection and his,7.404155865714706e-06,23.994845688343048,4.798969137668609,14.0,15.0,0.0,20.0,0.0,2.0
1163,"Doctor, my mom's been saying she feels like she took an earth bath—she hasn't moved from the chair since yesterday morning.",an earth,an earth,is_multiword,0,10,10|11,1,7.655685663223267,1,1.0,,,,,,,,,,,,,,,,,,,,,,,,,,,,,,,doctor my mom's been saying she feels like she took <mask> <mask> bath-she hasn't moved from the chair since yesterday morning,▁an ▁earth,2.0,1.196968012917101e-07,15.93830394744873,7.969151973724365,a bad,0.5342279700040498,15.311371326446531,7.655685663223267,10.0,11.0,0.0,20.0,0.0,2.0
1164,"I'm here with my husband, doc, he's been acting like he had an earth bath—won't eat, won't talk, just stares at the wall.",had an,had an,is_multiword,0,11,11|12,1,0.872495710849762,0,1.0,,,,,,,,,,,,,,,,,,,,,,,,,,,,,,,i'm here with my husband doc he's been acting like he <mask> <mask> earth bath-won't eat won't talk just stares at the wall,▁had ▁an,2.0,0.0109910824695329,4.510671019554138,2.255335509777069,is an,0.0629333154655702,1.744991421699524,0.872495710849762,11.0,12.0,0.0,22.0,0.0,2.0
1167,"My husband's been complaining of chest pain all night, and now he's just pipe off on the couch—I think he's gone.",pipe off,pipe off,is_multiword,1,13,13|14,1,7.424297451972961,0,1.0,,,,,,,,,,,,,,,,,,,,,,,,,,,,,,,my husband's been complaining of chest pain all night and now he's just <mask> <mask> on the couch-i think he's gone,▁pipe ▁off,2.0,4.160302729633631e-09,19.29767799377441,9.648838996887209,sitting ing,0.0116892800779673,14.848594903945925,7.424297451972961,13.0,14.0,0.0,20.0,0.0,2.0
1171,"Doctor, when I checked on my grandpa this morning, I found him cease—he wasn't breathing and his skin was cold.",checked on,checked on,is_multiword,0,3,3|4,1,2.7489357789357505,1,1.0,,,,,,,,,,,,,,,,,,,,,,,,,,,,,,,doctor when i <mask> <mask> <mask> my grandpa this morning i found him cease-he wasn't breathing and his skin was cold,▁check ed ▁on,3.0,4.145866427158805e-06,12.393398761749268,4.131132920583089,went to to,0.0158182423643494,8.246807336807251,2.7489357789357505,3.0,4.0,0.0,19.0,0.0,2.0
1178,"My son hasn't woken up since the accident, and I'm terrified he might give an earth bath soon.",give an,give an,is_multiword,0,13,13|14,1,3.287141799926758,0,1.0,,,,,,,,,,,,,,,,,,,,,,,,,,,,,,,my son hasn't woken up since the accident and i'm terrified he might <mask> <mask> earth bath soon,▁give ▁an,2.0,0.0004383614118128,7.732466846704483,3.8662334233522415,need an,0.3140562255473314,6.574283599853516,3.287141799926758,13.0,14.0,0.0,17.0,0.0,2.0
1178,"My son hasn't woken up since the accident, and I'm terrified he might give an earth bath soon.",give an earth,give an earth,is_multiword,0,13,13|14|15,1,5.402888139088948,0,1.0,,,,,,,,,,,,,,,,,,,,,,,,,,,,,,,my son hasn't woken up since the accident and i'm terrified he might <mask> <mask> <mask> bath soon,▁give ▁an ▁earth,3.0,1.6272623910128106e-09,20.23636674880981,6.7454555829366045,be a a,0.0178152164247286,16.208664417266846,5.402888139088948,13.0,15.0,0.0,17.0,0.0,3.0
1178,"My son hasn't woken up since the accident, and I'm terrified he might give an earth bath soon.",give an earth bath,give an earth bath,is_multiword,1,13,13|14|15|16,1,5.570637732744217,0,1.0,,,,,,,,,,,,,,,,,,,,,,,,,,,,,,,my son hasn't woken up since the accident and i'm terrified he might <mask> <mask> <mask> <mask> soon,▁give ▁an ▁earth ▁bath,4.0,5.12729025128469e-14,30.60161399841309,7.650403499603271,be to a too,0.000243824204076,22.282550930976868,5.570637732744217,13.0,16.0,0.0,17.0,0.0,4.0
1178,"My son hasn't woken up since the accident, and I'm terrified he might give an earth bath soon.",an earth,an earth,is_multiword,0,14,14|15,1,8.427818328142166,0,1.0,,,,,,,,,,,,,,,,,,,,,,,,,,,,,,,my son hasn't woken up since the accident and i'm terrified he might give <mask> <mask> bath soon,▁an ▁earth,2.0,2.0135271265727035e-08,17.720792770385742,8.860396385192871,me a,0.4209858256731212,16.855636656284332,8.427818328142166,14.0,15.0,0.0,17.0,0.0,2.0
1178,"My son hasn't woken up since the accident, and I'm terrified he might give an earth bath soon.",an earth bath,an earth bath,is_multiword,0,14,14|15|16,1,8.148628344138464,0,1.0,,,,,,,,,,,,,,,,,,,,,,,,,,,,,,,my son hasn't woken up since the accident and i'm terrified he might give <mask> <mask> <mask> soon,▁an ▁earth ▁bath,3.0,1.307429093226717e-12,27.362958431243896,9.120986143747963,up a too,0.0540917608891423,24.44588503241539,8.148628344138464,14.0,16.0,0.0,17.0,0.0,3.0
1178,"My son hasn't woken up since the accident, and I'm terrified he might give an earth bath soon.",earth bath,earth bath,is_multiword,0,15,15|16,1,9.062929272651672,1,1.0,,,,,,,,,,,,,,,,,,,,,,,,,,,,,,,my son hasn't woken up since the accident and i'm terrified he might give an <mask> <mask> soon,▁earth ▁bath,2.0,3.878980575134917e-10,21.670278549194336,10.835139274597168,early too,0.0288853710549891,18.125858545303345,9.062929272651672,15.0,16.0,0.0,17.0,0.0,2.0
1182,"My mother's been so weak lately, and with her heart condition, I'm scared she's about to bail out on us.",bail out,bail out,is_multiword,1,16,16|17,1,5.869579374790192,0,1.0,,,,,,,,,,,,,,,,,,,,,,,,,,,,,,,my mother's been so weak lately and with her heart condition i'm scared she's about to <mask> <mask> on us,▁bail ▁out,2.0,4.1348340646377657e-07,14.698648452758787,7.349324226379394,re down,0.051845366949502,11.739158749580383,5.869579374790192,16.0,17.0,0.0,19.0,0.0,2.0
1182,"My mother's been so weak lately, and with her heart condition, I'm scared she's about to bail out on us.",bail out on,bail out on,is_multiword,0,16,16|17|18,1,3.872288982073466,0,1.0,,,,,,,,,,,,,,,,,,,,,,,,,,,,,,,my mother's been so weak lately and with her heart condition i'm scared she's about to <mask> <mask> <mask> us,▁bail ▁out ▁on,3.0,4.749793577959929e-08,16.862579584121704,5.620859861373901,be apart of,0.0052700647082375,11.616866946220398,3.872288982073466,16.0,18.0,0.0,19.0,0.0,3.0
1182,"My mother's been so weak lately, and with her heart condition, I'm scared she's about to bail out on us.",out on,out on,is_multiword,0,17,17|18,1,1.3811225593090055,0,1.0,,,,,,,,,,,,,,,,,,,,,,,,,,,,,,,my mother's been so weak lately and with her heart condition i'm scared she's about to bail <mask> <mask> us,▁out ▁on,2.0,0.0449129251285536,3.1030296608805656,1.5515148304402828,out of,0.7112121278555493,2.7622451186180115,1.3811225593090055,17.0,18.0,0.0,19.0,0.0,2.0
1183,"""Doc, when I woke up this morning, my left leg was all up—I can’t feel a thing from the knee down.""",a thing,a thing,is_multiword,0,16,16|17,1,0.4078731536865234,0,1.0,,,,,,,,,,,,,,,,,,,,,,,,,,,,,,,doc when i woke up this morning my left leg was all up-i can't feel a <mask> <mask> the knee down,▁thing ▁from,2.0,0.0195470402585188,3.934931397438049,1.9674656987190249,pain from,0.0441931672008294,0.8157463073730469,0.4078731536865234,16.0,17.0,0.0,20.0,0.0,2.0
1184,"""I’m worried, doctor—the whole right side of my face feels all up, like it’s dead to the touch.""",all up,all up,is_multiword,1,11,11|12,1,1.5019855499267578,0,1.0,,,,,,,,,,,,,,,,,,,,,,,,,,,,,,,i'm worried doctor-the whole right side of my face feels all <mask> <mask> it's dead to the touch,▁up ▁like,2.0,0.0029974900957939,5.809979975223541,2.90498998761177,weird like,0.0604457581638605,3.003971099853516,1.5019855499267578,11.0,12.0,0.0,17.0,0.0,2.0
1189,"Doctor, I found my hamster belly up in his cage this morning, and now my son's been crying all day—could this be some kind of infection that spread to him?",belly up,belly up,is_multiword,1,5,5|6,1,3.5696919361750283,0,1.0,,,,,,,,,,,,,,,,,,,,,,,,,,,,,,,doctor i found my hamster <mask> <mask> <mask> in his cage this morning and now my son's been crying all day-could this be some kind of infection that spread to him,▁be lly ▁up,3.0,5.1610864997905226e-08,16.779533624649048,5.593177874883016,' ing ed,0.0023101153604099,10.709075808525084,3.5696919361750283,5.0,6.0,0.0,29.0,0.0,2.0
1190,"Doctor, my wife's been complaining of severe stomach pain for days, and when I checked on her last night, she was lying belly up and barely breathing—please tell me what's wrong.",belly up,belly up,is_multiword,1,22,22|23,1,7.534375449021657,1,1.0,,,,,,,,,,,,,,,,,,,,,,,,,,,,,,,doctor my wife's been complaining of severe stomach pain for days and when i checked on her last night she was lying <mask> <mask> <mask> and barely breathing-please tell me what's wrong,▁be lly ▁up,3.0,4.8122612371308644e-12,26.05985403060913,8.686618010203043,in the bed,0.0315327786053343,22.60312634706497,7.534375449021657,22.0,23.0,0.0,30.0,0.0,2.0
1192,"Doctor, my husband’s been complaining about that African pill feeling—he says everything inside him just went dead, like he can’t feel his own heartbeat anymore.",just went,just went,is_multiword,0,15,15|16,1,7.343850880861282,1,1.0,,,,,,,,,,,,,,,,,,,,,,,,,,,,,,,doctor my husband's been complaining about that african pill feeling-he says everything inside him just <mask> <mask> like he can't feel his own heartbeat anymore,▁went ▁dead,2.0,8.337190837416493e-08,16.299954414367676,8.149977207183838,feel s,0.1994378434912156,14.687701761722565,7.343850880861282,15.0,16.0,0.0,24.0,0.0,2.0
1193,"Doctor, I think my husband has been taking the sod cure—I found him in the garden this morning and he wouldn't wake up.",sod cure,sod cure,is_multiword,0,9,9|10,1,6.894311964511871,0,1.0,,,,,,,,,,,,,,,,,,,,,,,,,,,,,,,doctor i think my husband has been taking the <mask> <mask> <mask> <mask> found him in the garden this morning and he wouldn't wake up,▁sod ▁cure - i,4.0,5.738643541662889e-16,35.094138622283936,8.773534655570984,medicine pill i i,0.0005438208070177,27.577247858047485,6.894311964511871,9.0,10.0,0.0,22.0,0.0,2.0
1194,"My son was taking the sod cure when I checked on him after his nap, and I couldn't get a pulse.",the sod,the sod,is_multiword,0,4,4|5,1,6.485544294118881,0,1.0,,,,,,,,,,,,,,,,,,,,,,,,,,,,,,,my son was taking <mask> <mask> cure when i checked on him after his nap and i couldn't get a pulse,▁the ▁sod,2.0,3.03224701527186e-08,17.311376810073853,8.655688405036926,a pain,0.0130327713327747,12.971088588237762,6.485544294118881,4.0,5.0,0.0,20.0,0.0,2.0
1194,"My son was taking the sod cure when I checked on him after his nap, and I couldn't get a pulse.",the sod cure,the sod cure,is_multiword,0,4,4|5|6,1,6.825543602307637,0,1.0,,,,,,,,,,,,,,,,,,,,,,,,,,,,,,,my son was taking <mask> <mask> <mask> when i checked on him after his nap and i couldn't get a pulse,▁the ▁sod ▁cure,3.0,5.0449573042931e-13,28.31521701812744,9.438405672709148,a a s,0.0003942259991519,20.476630806922916,6.825543602307637,4.0,6.0,0.0,20.0,0.0,3.0
1194,"My son was taking the sod cure when I checked on him after his nap, and I couldn't get a pulse.",sod cure,sod cure,is_multiword,0,5,5|6,1,11.128612995147703,0,1.0,,,,,,,,,,,,,,,,,,,,,,,,,,,,,,,my son was taking the <mask> <mask> when i checked on him after his nap and i couldn't get a pulse,▁sod ▁cure,2.0,1.6325113756397514e-12,27.14090156555176,13.57045078277588,same test,0.007569141885253,22.25722599029541,11.128612995147703,5.0,6.0,0.0,20.0,0.0,2.0
1195,"Doctor, I'm here with my mother—she's been bedridden for weeks and I'm terrified she's going to be sewed up in a dirt blanket if we don't figure out what's wrong.",sewed up,sewed up,is_multiword,0,18,18|19,1,0.0,0,1.0,,,,,,,,,,,,,,,,,,,,,,,,,,,,,,,doctor i'm here with my mother-she's been bedridden for weeks and i'm terrified she's going to be sewed <mask> <mask> a dirt blanket if we don't figure out what's wrong,▁up ▁in,2.0,0.0843037636378983,2.4733287692070007,1.2366643846035004,up in,0.0843037636378983,0.0,0.0,18.0,19.0,0.0,29.0,0.0,2.0
1200,"Doctor, we found our father gone home by crate this morning, and we're not sure if it was his heart or something else—can you help us understand the cause?",by crate,by crate,is_multiword,0,7,7|8,1,6.78930143515269,0,1.0,,,,,,,,,,,,,,,,,,,,,,,,,,,,,,,doctor we found our father gone home <mask> <mask> <mask> this morning and we're not sure if it was his heart or something else-can you help us understand the cause,▁by ▁c rate,3.0,6.699771869328121e-12,25.72894763946533,8.576315879821777,from the early,0.0046960040500626,20.36790430545807,6.78930143515269,7.0,8.0,0.0,28.0,0.0,2.0
1201,"Doctor, I'm here about my mother—she's gone home by crate, but the nursing home says it was just old age and I need to know what really happened.",by crate,by crate,is_multiword,0,9,9|10,1,5.997621138890584,0,1.0,,,,,,,,,,,,,,,,,,,,,,,,,,,,,,,doctor i'm here about my mother-she's gone home by <mask> <mask> <mask> the nursing home says it was just old age and i need to know what really happened,▁c rate ▁but,3.0,1.9211110948729994e-10,22.372947216033936,7.457649072011311,the and and,0.0125243090479882,17.992863416671753,5.997621138890584,9.0,10.0,0.0,27.0,0.0,2.0
1202,"We found my dad in his chair last night, and it seemed his old ticker had just shut up shop.",shut up,shut up,is_multiword,0,17,17|18,1,6.837235709031423,1,1.0,,,,,,,,,,,,,,,,,,,,,,,,,,,,,,,we found my dad in his chair last night and it seemed his old ticker had just <mask> <mask> <mask> shop,▁shu t ▁up,3.0,3.1622698129567e-11,24.177145957946777,8.059048652648926,gone to the,0.0255929378483697,20.51170712709427,6.837235709031423,17.0,18.0,0.0,19.0,0.0,2.0
1203,"Doctor, when I checked on my granddad this morning, it looked like his heart had shut up shop for good.",checked on,checked on,is_multiword,0,3,3|4,1,1.6205750306447346,1,1.0,,,,,,,,,,,,,,,,,,,,,,,,,,,,,,,doctor when i <mask> <mask> <mask> my granddad this morning it looked like his heart had shut up shop for good,▁check ed ▁on,3.0,3.158708533771017e-05,10.362762212753296,3.454254070917765,was talking to,0.0040825351598684,4.861725091934204,1.6205750306447346,3.0,4.0,0.0,19.0,0.0,2.0
1203,"Doctor, when I checked on my granddad this morning, it looked like his heart had shut up shop for good.",looked like,looked like,is_multiword,0,10,10|11,1,0.0,0,1.0,,,,,,,,,,,,,,,,,,,,,,,,,,,,,,,doctor when i checked on my granddad this morning it <mask> <mask> his heart had shut up shop for good,▁looked ▁like,2.0,0.1387201346391602,1.9752967953681944,0.9876483976840972,looked like,0.1387201346391602,0.0,0.0,10.0,11.0,0.0,19.0,0.0,2.0
1203,"Doctor, when I checked on my granddad this morning, it looked like his heart had shut up shop for good.",shut up,shut up,is_multiword,0,15,15|16,1,3.838277141253153,1,1.0,,,,,,,,,,,,,,,,,,,,,,,,,,,,,,,doctor when i checked on my granddad this morning it looked like his heart had <mask> <mask> <mask> shop for good,▁shu t ▁up,3.0,7.150838248139424e-08,16.45345115661621,5.48448371887207,been to the,0.0071644804477541,11.51483142375946,3.838277141253153,15.0,16.0,0.0,19.0,0.0,2.0
1203,"Doctor, when I checked on my granddad this morning, it looked like his heart had shut up shop for good.",shut up shop,shut up shop,is_multiword,1,15,15|16|17,1,3.935646235942841,0,1.0,,,,,,,,,,,,,,,,,,,,,,,,,,,,,,,doctor when i checked on my granddad this morning it looked like his heart had <mask> <mask> <mask> <mask> for good,▁shu t ▁up ▁shop,4.0,7.523551993378725e-12,25.612982749938965,6.403245687484741,been d ed ed,5.1682165040566734e-05,15.742584943771362,3.935646235942841,15.0,17.0,0.0,19.0,0.0,3.0
1203,"Doctor, when I checked on my granddad this morning, it looked like his heart had shut up shop for good.",shut up shop for,shut up shop for,is_multiword,0,15,15|16|17|18,1,3.9672775268554688,0,1.0,,,,,,,,,,,,,,,,,,,,,,,,,,,,,,,doctor when i checked on my granddad this morning it looked like his heart had <mask> <mask> <mask> <mask> <mask> good,▁shu t ▁up ▁shop ▁for,5.0,1.5334148518976384e-14,31.8086941242218,6.361738824844361,been broken and it not,6.316745152745048e-06,19.836387634277344,3.9672775268554688,15.0,18.0,0.0,19.0,0.0,4.0
1203,"Doctor, when I checked on my granddad this morning, it looked like his heart had shut up shop for good.",shut up shop for good,shut up shop for good,is_multiword,0,15,15|16|17|18|19,1,4.00299467643102,0,1.0,,,,,,,,,,,,,,,,,,,,,,,,,,,,,,,doctor when i checked on my granddad this morning it looked like his heart had <mask> <mask> <mask> <mask> <mask> <mask>,▁shu t ▁up ▁shop ▁for ▁good,6.0,3.1189699715363144e-18,40.30902886390686,6.71817147731781,been ed in the . .,8.411669253317735e-08,24.01796805858612,4.00299467643102,15.0,19.0,0.0,19.0,0.0,5.0
1203,"Doctor, when I checked on my granddad this morning, it looked like his heart had shut up shop for good.",up shop,up shop,is_multiword,0,16,16|17,1,5.583505809307098,0,1.0,,,,,,,,,,,,,,,,,,,,,,,,,,,,,,,doctor when i checked on my granddad this morning it looked like his heart had shut <mask> <mask> for good,▁up ▁shop,2.0,1.266190144240609e-06,13.579498052597046,6.789749026298523,down down,0.0895922521766501,11.167011618614197,5.583505809307098,16.0,17.0,0.0,19.0,0.0,2.0
1203,"Doctor, when I checked on my granddad this morning, it looked like his heart had shut up shop for good.",up shop for,up shop for,is_multiword,0,16,16|17|18,1,4.332650383313497,0,1.0,,,,,,,,,,,,,,,,,,,,,,,,,,,,,,,doctor when i checked on my granddad this morning it looked like his heart had shut <mask> <mask> <mask> good,▁up ▁shop ▁for,3.0,7.56676231271227e-09,18.699500560760494,6.233166853586833,down it was,0.0033407851966005,12.99795114994049,4.332650383313497,16.0,18.0,0.0,19.0,0.0,3.0
1203,"Doctor, when I checked on my granddad this morning, it looked like his heart had shut up shop for good.",up shop for good,up shop for good,is_multiword,0,16,16|17|18|19,1,4.451792687177658,0,1.0,,,,,,,,,,,,,,,,,,,,,,,,,,,,,,,doctor when i checked on my granddad this morning it looked like his heart had shut <mask> <mask> <mask> <mask>,▁up ▁shop ▁for ▁good,4.0,4.202373514303304e-12,26.195371627807617,6.548842906951904,down the the .,0.0002275362756001,17.807170748710632,4.451792687177658,16.0,19.0,0.0,19.0,0.0,4.0
1203,"Doctor, when I checked on my granddad this morning, it looked like his heart had shut up shop for good.",shop for,shop for,is_multiword,0,17,17|18,1,5.960859060287476,0,1.0,,,,,,,,,,,,,,,,,,,,,,,,,,,,,,,doctor when i checked on my granddad this morning it looked like his heart had shut up <mask> <mask> good,▁shop ▁for,2.0,7.604835216331653e-08,16.39189648628235,8.195948243141174,and for,0.0114452742239997,11.921718120574951,5.960859060287476,17.0,18.0,0.0,19.0,0.0,2.0
1203,"Doctor, when I checked on my granddad this morning, it looked like his heart had shut up shop for good.",shop for good,shop for good,is_multiword,0,17,17|18|19,1,6.068206707636516,0,1.0,,,,,,,,,,,,,,,,,,,,,,,,,,,,,,,doctor when i checked on my granddad this morning it looked like his heart had shut up <mask> <mask> <mask>,▁shop ▁for ▁good,3.0,1.3926864506813168e-11,24.997201442718502,8.332400480906168,for night .,0.0011220686147234,18.204620122909542,6.068206707636516,17.0,19.0,0.0,19.0,0.0,3.0
1203,"Doctor, when I checked on my granddad this morning, it looked like his heart had shut up shop for good.",for good,for good,is_multiword,0,18,18|19,1,3.164741575717926,1,1.0,,,,,,,,,,,,,,,,,,,,,,,,,,,,,,,doctor when i checked on my granddad this morning it looked like his heart had shut up shop <mask> <mask>,▁for ▁good,2.0,3.597597866658592e-05,10.232659101486206,5.116329550743103,s .,0.0201777261247668,6.329483151435852,3.164741575717926,18.0,19.0,0.0,19.0,0.0,2.0
1204,"Doctor, I’m worried about my son—he’s been so limp and unresponsive since the fever spiked, and I’m afraid he’s camp down.",camp down,camp down,is_multiword,1,20,,1,,0,1.0,,,,,,,,,,,,,,,,,,,,,,,,,,,,,,,,,,,,,,,,,,,,,,
1205,"My mother hasn’t opened her eyes or moved for hours, and when I check her pulse, it feels like she’s camp down.",camp down,camp down,is_multiword,1,20,20|21,1,7.051717936992645,0,1.0,,,,,,,,,,,,,,,,,,,,,,,,,,,,,,,my mother hasn't opened her eyes or moved for hours and when i check her pulse it feels like she's <mask> <mask>,▁camp ▁down,2.0,1.5029673093300002e-08,18.01323938369751,9.006619691848755,still .,0.0200444392123964,14.10343587398529,7.051717936992645,20.0,21.0,0.0,21.0,0.0,2.0
1209,My wife brought our son in because he collapsed at school—please tell me this isn't a daisy-pusher situation.,daisy-pusher situation,daisy-pusher situation,is_multiword,0,17,,1,,0,1.0,,,,,,,,,,,,,,,,,,,,,,,,,,,,,,,,,,,,,,,,,,,,,,
1213,"Doctor, my husband's cough has been so bad this week, if it doesn't clear up soon, I'm scared it's gonna fill a casket.",it's gonna,it's gonna,is_multiword,0,18,18|19,1,1.4141321778297424,1,1.0,,,,,,,,,,,,,,,,,,,,,,,,,,,,,,,doctor my husband's cough has been so bad this week if it doesn't clear up soon i'm scared <mask> <mask> <mask> <mask> fill a casket,▁it ' s ▁gonna,4.0,4.703392704692928e-06,12.267226457595823,3.0668066143989563,he he ' to,0.0013458927300704,5.65652871131897,1.4141321778297424,18.0,19.0,0.0,22.0,0.0,2.0
1213,"Doctor, my husband's cough has been so bad this week, if it doesn't clear up soon, I'm scared it's gonna fill a casket.",it's gonna fill,it's gonna fill,is_multiword,0,18,18|19|20,1,2.0380637884140014,0,1.0,,,,,,,,,,,,,,,,,,,,,,,,,,,,,,,doctor my husband's cough has been so bad this week if it doesn't clear up soon i'm scared <mask> <mask> <mask> <mask> <mask> a casket,▁it ' s ▁gonna ▁fill,5.0,5.187953664694737e-10,21.37951159477234,4.275902318954468,he ' ' be in,1.3822779300698971e-05,10.190318942070007,2.0380637884140014,18.0,20.0,0.0,22.0,0.0,3.0
1213,"Doctor, my husband's cough has been so bad this week, if it doesn't clear up soon, I'm scared it's gonna fill a casket.",it's gonna fill a,it's gonna fill a,is_multiword,0,18,18|19|20|21,1,1.6522273619969683,0,1.0,,,,,,,,,,,,,,,,,,,,,,,,,,,,,,,doctor my husband's cough has been so bad this week if it doesn't clear up soon i'm scared <mask> <mask> <mask> <mask> <mask> <mask> casket,▁it ' s ▁gonna ▁fill ▁a,6.0,3.848634658213229e-12,26.28330266475677,4.380550444126129,it it ' a in the,7.773668980389725e-08,9.913364171981812,1.6522273619969683,18.0,21.0,0.0,22.0,0.0,4.0
1213,"Doctor, my husband's cough has been so bad this week, if it doesn't clear up soon, I'm scared it's gonna fill a casket.",it's gonna fill a casket,it's gonna fill a casket,is_multiword,0,18,18|19|20|21|22,1,3.3400641679763794,0,1.0,,,,,,,,,,,,,,,,,,,,,,,,,,,,,,,doctor my husband's cough has been so bad this week if it doesn't clear up soon i'm scared <mask> <mask> <mask> <mask> <mask> <mask> <mask> <mask>,▁it ' s ▁gonna ▁fill ▁a ▁cas ket,8.0,1.3471259621913682e-22,50.35889863967896,6.294862329959869,it it ' s s s s .,5.419755626462696e-11,26.720513343811035,3.3400641679763794,18.0,22.0,0.0,22.0,0.0,5.0
1213,"Doctor, my husband's cough has been so bad this week, if it doesn't clear up soon, I'm scared it's gonna fill a casket.",gonna fill,gonna fill,is_multiword,0,19,19|20,1,4.937055587768555,0,1.0,,,,,,,,,,,,,,,,,,,,,,,,,,,,,,,doctor my husband's cough has been so bad this week if it doesn't clear up soon i'm scared it's <mask> <mask> a casket,▁gonna ▁fill,2.0,2.283377044326906e-06,12.98985505104065,6.494927525520325,gonna of,0.0443455073385344,9.87411117553711,4.937055587768555,19.0,20.0,0.0,22.0,0.0,2.0
1213,"Doctor, my husband's cough has been so bad this week, if it doesn't clear up soon, I'm scared it's gonna fill a casket.",gonna fill a,gonna fill a,is_multiword,0,19,19|20|21,1,2.241507132848104,0,1.0,,,,,,,,,,,,,,,,,,,,,,,,,,,,,,,doctor my husband's cough has been so bad this week if it doesn't clear up soon i'm scared it's <mask> <mask> <mask> casket,▁gonna ▁fill ▁a,3.0,1.4876376995873488e-06,13.418321132659912,4.472773710886638,a to a,0.0012385675928819,6.724521398544312,2.241507132848104,19.0,21.0,0.0,22.0,0.0,3.0
1213,"Doctor, my husband's cough has been so bad this week, if it doesn't clear up soon, I'm scared it's gonna fill a casket.",gonna fill a casket,gonna fill a casket,is_multiword,0,19,19|20|21|22,1,4.571810150146485,0,1.0,,,,,,,,,,,,,,,,,,,,,,,,,,,,,,,doctor my husband's cough has been so bad this week if it doesn't clear up soon i'm scared it's <mask> <mask> <mask> <mask> <mask>,▁gonna ▁fill ▁a ▁cas ket,5.0,7.127986302726161e-17,37.17991781234741,7.435983562469483,gonna a co . .,6.032904618328424e-07,22.859050750732425,4.571810150146485,19.0,22.0,0.0,22.0,0.0,4.0
1213,"Doctor, my husband's cough has been so bad this week, if it doesn't clear up soon, I'm scared it's gonna fill a casket.",fill a,fill a,is_multiword,0,20,20|21,1,3.6199036240577698,0,1.0,,,,,,,,,,,,,,,,,,,,,,,,,,,,,,,doctor my husband's cough has been so bad this week if it doesn't clear up soon i'm scared it's gonna <mask> <mask> casket,▁fill ▁a,2.0,0.0001691863254359,8.684509932994843,4.342254966497421,be a,0.2358161778496395,7.2398072481155396,3.6199036240577698,20.0,21.0,0.0,22.0,0.0,2.0
1213,"Doctor, my husband's cough has been so bad this week, if it doesn't clear up soon, I'm scared it's gonna fill a casket.",fill a casket,fill a casket,is_multiword,1,20,20|21|22,1,6.1687019765377045,0,1.0,,,,,,,,,,,,,,,,,,,,,,,,,,,,,,,doctor my husband's cough has been so bad this week if it doesn't clear up soon i'm scared it's gonna <mask> <mask> <mask> <mask>,▁fill ▁a ▁cas ket,4.0,2.1378673697895992e-15,33.77896761894226,8.444741904735565,be a long .,0.0001112022755485,24.674807906150814,6.1687019765377045,20.0,22.0,0.0,22.0,0.0,3.0
1213,"Doctor, my husband's cough has been so bad this week, if it doesn't clear up soon, I'm scared it's gonna fill a casket.",a casket,a casket,is_multiword,0,21,21|22,1,8.472783416509628,1,1.0,,,,,,,,,,,,,,,,,,,,,,,,,,,,,,,doctor my husband's cough has been so bad this week if it doesn't clear up soon i'm scared it's gonna fill <mask> <mask> <mask>,▁a ▁cas ket,3.0,1.4478401624188184e-13,29.563533306121823,9.85451110204061,up soon soon,0.0158405359713537,25.418350249528885,8.472783416509628,21.0,22.0,0.0,22.0,0.0,2.0
1214,"Doctor, I found my husband this morning and he's gone the way of all flesh—his body was cold and there was no pulse.",way of,way of,is_multiword,0,11,11|12,1,1.057270050048828,0,1.0,,,,,,,,,,,,,,,,,,,,,,,,,,,,,,,doctor i found my husband this morning and he's gone the <mask> <mask> all flesh-his body was cold and there was no pulse,▁way ▁of,2.0,0.0022756137436485,6.085505485534668,3.042752742767334,hell in,0.0188552217895546,2.114540100097656,1.057270050048828,11.0,12.0,0.0,22.0,0.0,2.0
1215,"Doctor, we found our father this morning and he's gone the way of all flesh—can you come confirm it for the coroner's report?",way of,way of,is_multiword,0,11,11|12,1,0.5465202331542969,0,1.0,,,,,,,,,,,,,,,,,,,,,,,,,,,,,,,doctor we found our father this morning and he's gone the <mask> <mask> all flesh-can you come confirm it for the coroner's report,▁way ▁of,2.0,0.0052588155172972,5.247849464416504,2.623924732208252,hell in,0.0156887874315463,1.0930404663085938,0.5465202331542969,11.0,12.0,0.0,22.0,0.0,2.0
1221,"Doctor, I'm worried because my husband's heart condition has gotten so bad that the last specialist said he might step out of the picture any day now.",step out,step out,is_multiword,0,19,19|20,1,2.777681291103363,0,1.0,,,,,,,,,,,,,,,,,,,,,,,,,,,,,,,doctor i'm worried because my husband's heart condition has gotten so bad that the last specialist said he might <mask> <mask> of the picture any day now,▁step ▁out,2.0,0.0017062608842806,6.373450919985771,3.1867254599928856,be out,0.44127441634216,5.555362582206726,2.777681291103363,19.0,20.0,0.0,26.0,0.0,2.0
1221,"Doctor, I'm worried because my husband's heart condition has gotten so bad that the last specialist said he might step out of the picture any day now.",step out of,step out of,is_multiword,0,19,19|20|21,1,4.785230040550232,1,1.0,,,,,,,,,,,,,,,,,,,,,,,,,,,,,,,doctor i'm worried because my husband's heart condition has gotten so bad that the last specialist said he might <mask> <mask> <mask> the picture any day now,▁step ▁out ▁of,3.0,6.308767632677645e-09,18.881325483322144,6.293775161107381,have to take,0.0108278326606019,14.355690121650696,4.785230040550232,19.0,21.0,0.0,26.0,0.0,3.0
1221,"Doctor, I'm worried because my husband's heart condition has gotten so bad that the last specialist said he might step out of the picture any day now.",out of,out of,is_multiword,0,20,20|21,1,0.8461456596851349,0,1.0,,,,,,,,,,,,,,,,,,,,,,,,,,,,,,,doctor i'm worried because my husband's heart condition has gotten so bad that the last specialist said he might step <mask> <mask> the picture any day now,▁out ▁of,2.0,0.0390947144079861,3.241768002510071,1.6208840012550354,back of,0.212359075838232,1.6922913193702698,0.8461456596851349,20.0,21.0,0.0,26.0,0.0,2.0
1226,"Doctor, my son's been subbing for a dead Indian since the accident—he's completely unresponsive, and we're terrified he's not coming back.",subbing for,subbing for,is_multiword,0,4,4|5,1,4.7829651435216265,0,1.0,,,,,,,,,,,,,,,,,,,,,,,,,,,,,,,doctor my son's been <mask> <mask> <mask> a dead indian since the accident-he's completely unresponsive and we're terrified he's not coming back,▁sub bing ▁for,3.0,8.487757449464678e-10,20.887226104736328,6.962408701578776,in ed by,0.0014469018347424,14.34889543056488,4.7829651435216265,4.0,5.0,0.0,20.0,0.0,2.0
1227,"Doctor, I'm subbing for a dead Indian here—my wife hasn't moved or responded since last night, and I think she's gone.",subbing for,subbing for,is_multiword,0,2,2|3,1,6.464541077613831,0,1.0,,,,,,,,,,,,,,,,,,,,,,,,,,,,,,,doctor i'm <mask> <mask> <mask> a dead indian here-my wife hasn't moved or responded since last night and i think she's gone,▁sub bing ▁for,3.0,2.2183148023572585e-11,24.53168821334839,8.177229404449463,sorry to see,0.0058690354306674,19.39362323284149,6.464541077613831,2.0,3.0,0.0,20.0,0.0,2.0
1231,"Doctor, I'm here about my father—he collapsed at home and when we checked his pupils, they were fixed and dilated; I'm terrified he's grounded for good.",grounded for,grounded for,is_multiword,0,24,24|25,1,2.8414745926856995,1,1.0,,,,,,,,,,,,,,,,,,,,,,,,,,,,,,,doctor i'm here about my father-he collapsed at home and when we checked his pupils they were fixed and dilated i'm terrified he's grounded <mask> <mask>,▁for ▁good,2.0,0.0001204204879313,9.024520874023438,4.512260437011719,. </s>,0.0353813056026427,5.682949185371399,2.8414745926856995,24.0,25.0,0.0,25.0,0.0,2.0
1231,"Doctor, I'm here about my father—he collapsed at home and when we checked his pupils, they were fixed and dilated; I'm terrified he's grounded for good.",grounded for good,grounded for good,is_multiword,1,24,,1,,0,1.0,,,,,,,,,,,,,,,,,,,,,,,,,,,,,,,,,,,,,,,,,,,,,,
1231,"Doctor, I'm here about my father—he collapsed at home and when we checked his pupils, they were fixed and dilated; I'm terrified he's grounded for good.",for good,for good,is_multiword,0,25,,1,,0,1.0,,,,,,,,,,,,,,,,,,,,,,,,,,,,,,,,,,,,,,,,,,,,,,
1236,"Doctor, my mother's breathing stopped ten minutes ago, and I need to know if she's already found eternal rest.",she's already,she's already,is_multiword,0,14,14|15,1,0.4120731353759765,1,1.0,,,,,,,,,,,,,,,,,,,,,,,,,,,,,,,doctor my mother's breathing stopped ten minutes ago and i need to know if <mask> <mask> <mask> <mask> found eternal rest,▁she ' s ▁already,4.0,0.0002825043224865,8.17181670665741,2.0429541766643524,she ' s she,0.0014684847896084,1.6482925415039062,0.4120731353759765,14.0,15.0,0.0,18.0,0.0,2.0
1239,"Doctor, my father’s been unconscious since the fall—are you saying it’s curtains for him?",curtains for,curtains for,is_multiword,0,12,12|13,1,4.5846059918403625,1,1.0,,,,,,,,,,,,,,,,,,,,,,,,,,,,,,,doctor my father's been unconscious since the fall-are you saying it's curtains <mask> <mask>,▁for ▁him,2.0,6.583965108691777e-06,11.930873394012451,5.965436697006226,? </s>,0.0631867020650562,9.169211983680723,4.5846059918403625,12.0,13.0,0.0,13.0,0.0,2.0
1239,"Doctor, my father’s been unconscious since the fall—are you saying it’s curtains for him?",curtains for him,curtains for him,is_multiword,0,12,,1,,0,1.0,,,,,,,,,,,,,,,,,,,,,,,,,,,,,,,,,,,,,,,,,,,,,,
1239,"Doctor, my father’s been unconscious since the fall—are you saying it’s curtains for him?",for him,for him,is_multiword,0,13,,1,,0,1.0,,,,,,,,,,,,,,,,,,,,,,,,,,,,,,,,,,,,,,,,,,,,,,
1240,"My wife hasn’t moved or responded since last night, and I’m terrified she’s head for center—please, can you take a look?",head for,head for,is_multiword,0,13,13|14,1,7.272159695625305,1,1.0,,,,,,,,,,,,,,,,,,,,,,,,,,,,,,,my wife hasn't moved or responded since last night and i'm terrified she's <mask> <mask> center-please can you take a look,▁head ▁for,2.0,6.196270945454734e-08,16.59673309326172,8.29836654663086,in call,0.128424550592614,14.54431939125061,7.272159695625305,13.0,14.0,0.0,20.0,0.0,2.0
1240,"My wife hasn’t moved or responded since last night, and I’m terrified she’s head for center—please, can you take a look?",head for center,head for center,is_multiword,1,13,13|14|15,1,5.2968738079071045,0,1.0,,,,,,,,,,,,,,,,,,,,,,,,,,,,,,,my wife hasn't moved or responded since last night and i'm terrified she's <mask> <mask> <mask> <mask> <mask> <mask> can you take a look,▁head ▁for ▁center - ple ase,6.0,1.6273835935875614e-21,47.867313385009766,7.977885564168294,"going to to to . ,",1.0325434356467285e-07,31.781242847442627,5.2968738079071045,13.0,15.0,0.0,20.0,0.0,3.0
1240,"My wife hasn’t moved or responded since last night, and I’m terrified she’s head for center—please, can you take a look?",for center,for center,is_multiword,0,14,14|15,1,7.394548916816712,0,1.0,,,,,,,,,,,,,,,,,,,,,,,,,,,,,,,my wife hasn't moved or responded since last night and i'm terrified she's head <mask> <mask> <mask> <mask> <mask> can you take a look,▁for ▁center - ple ase,5.0,9.218023964310444e-21,46.1331262588501,9.22662525177002,"ed to the . ,",0.0001051227676843,36.97274458408356,7.394548916816712,14.0,15.0,0.0,20.0,0.0,2.0
1241,"Doctor, I’m worried about my mother—she’s been so weak and confused, and when I checked on her this morning, she was completely head for center.",head for,head for,is_multiword,0,23,23|24,1,8.751176834106445,0,1.0,,,,,,,,,,,,,,,,,,,,,,,,,,,,,,,doctor i'm worried about my mother-she's been so weak and confused and when i checked on her this morning she was completely head <mask> <mask>,▁for ▁center,2.0,2.41589144233397e-09,19.84119749069214,9.92059874534607,less .,0.0964390744880767,17.50235366821289,8.751176834106445,23.0,24.0,0.0,24.0,0.0,2.0
1241,"Doctor, I’m worried about my mother—she’s been so weak and confused, and when I checked on her this morning, she was completely head for center.",head for center,head for center,is_multiword,1,23,,1,,0,1.0,,,,,,,,,,,,,,,,,,,,,,,,,,,,,,,,,,,,,,,,,,,,,,
1241,"Doctor, I’m worried about my mother—she’s been so weak and confused, and when I checked on her this morning, she was completely head for center.",for center,for center,is_multiword,0,24,,1,,0,1.0,,,,,,,,,,,,,,,,,,,,,,,,,,,,,,,,,,,,,,,,,,,,,,
1245,"Doctor, my husband collapsed at work and they couldn't find a pulse; I think it's a say thirty finding.",say thirty,say thirty,is_multiword,1,16,16|17,1,7.772424668073654,1,1.0,,,,,,,,,,,,,,,,,,,,,,,,,,,,,,,doctor my husband collapsed at work and they couldn't find a pulse i think it's a <mask> <mask> <mask> <mask> finding,▁say ▁ thir ty,4.0,1.1160663164993937e-17,39.0341362953186,9.75853407382965,lot that they for,0.000354629270353,31.089698672294617,7.772424668073654,16.0,17.0,0.0,18.0,0.0,2.0
1248,"Doctor, my father's been sleeping way more than usual and barely eating—I'm scared he's about to cash out on us.",cash out,cash out,is_multiword,1,17,17|18,1,0.0,0,1.0,,,,,,,,,,,,,,,,,,,,,,,,,,,,,,,doctor my father's been sleeping way more than usual and barely eating-i'm scared he's about to cash <mask> <mask> us,▁out ▁on,2.0,0.1053441684506144,2.250522494316101,1.1252612471580503,out on,0.1053441684506144,0.0,0.0,17.0,18.0,0.0,19.0,0.0,2.0
1248,"Doctor, my father's been sleeping way more than usual and barely eating—I'm scared he's about to cash out on us.",cash out on,cash out on,is_multiword,0,17,17|18|19,1,1.9732297261555989,0,1.0,,,,,,,,,,,,,,,,,,,,,,,,,,,,,,,doctor my father's been sleeping way more than usual and barely eating-i'm scared he's about to cash <mask> <mask> <mask>,▁out ▁on ▁us,3.0,8.673752344072668e-06,11.655209064483644,3.8850696881612143,out out .,0.0032292031143277,5.919689178466797,1.9732297261555989,17.0,19.0,0.0,19.0,0.0,3.0
1248,"Doctor, my father's been sleeping way more than usual and barely eating—I'm scared he's about to cash out on us.",out on,out on,is_multiword,0,18,18|19,1,2.4123383164405823,1,1.0,,,,,,,,,,,,,,,,,,,,,,,,,,,,,,,doctor my father's been sleeping way more than usual and barely eating-i'm scared he's about to cash out <mask> <mask>,▁on ▁us,2.0,0.0001214575869689,9.015945434570312,4.507972717285156,. </s>,0.0151270794277429,4.8246766328811646,2.4123383164405823,18.0,19.0,0.0,19.0,0.0,2.0
1251,"Doctor, I’m worried about my grandmother—she’s been so weak and confused lately, I’m scared she might be boxed up and stored before we can get her help.",boxed up,boxed up,is_multiword,0,18,18|19,1,0.1560440063476562,0,1.0,,,,,,,,,,,,,,,,,,,,,,,,,,,,,,,doctor i'm worried about my grandmother-she's been so weak and confused lately i'm scared she might be boxed <mask> <mask> stored before we can get her help,▁up ▁and,2.0,0.0748124343999734,2.5927711725234985,1.2963855862617493,out and,0.1022143541174127,0.3120880126953125,0.1560440063476562,18.0,19.0,0.0,26.0,0.0,2.0
1252,"My husband hasn’t woken up since his fall last night, and I’m terrified we’re going to find him boxed up and stored if you don’t do something fast.",we’re going,we're going,is_multiword,0,13,13|14,1,2.2524146735668182,1,1.0,,,,,,,,,,,,,,,,,,,,,,,,,,,,,,,my husband hasn't woken up since his fall last night and i'm terrified <mask> <mask> <mask> <mask> to find him boxed up and stored if you don't do something fast,▁we ' re ▁going,4.0,2.2350396249546947e-07,15.313836693763731,3.828459173440933,. you might going,0.0018286487012722,9.009658694267271,2.2524146735668182,13.0,14.0,0.0,27.0,0.0,2.0
1257,My son's high fever just won't go away no matter what medicine we give him.,just won't,just won't,is_multiword,0,4,4|5,1,2.0814399421215057,0,1.0,,,,,,,,,,,,,,,,,,,,,,,,,,,,,,,my son's high fever <mask> <mask> <mask> <mask> go away no matter what medicine we give him,▁just ▁won ' t,4.0,2.9409506009851453e-07,15.039362788200378,3.759840697050095,is ' ' to,0.0012142811544411,8.325759768486023,2.0814399421215057,4.0,5.0,0.0,14.0,0.0,2.0
1257,My son's high fever just won't go away no matter what medicine we give him.,just won't go,just won't go,is_multiword,0,4,4|5|6,1,2.753588914871216,0,1.0,,,,,,,,,,,,,,,,,,,,,,,,,,,,,,,my son's high fever <mask> <mask> <mask> <mask> <mask> away no matter what medicine we give him,▁just ▁won ' t ▁go,5.0,1.951248055869312e-11,24.659966826438904,4.931993365287781,is he to to go,1.860607808089558e-05,13.76794457435608,2.753588914871216,4.0,6.0,0.0,14.0,0.0,3.0
1257,My son's high fever just won't go away no matter what medicine we give him.,just won't go away,just won't go away,is_multiword,0,4,4|5|6|7,1,3.2613677382469177,1,1.0,,,,,,,,,,,,,,,,,,,,,,,,,,,,,,,my son's high fever <mask> <mask> <mask> <mask> <mask> <mask> no matter what medicine we give him,▁just ▁won ' t ▁go ▁away,6.0,4.295893879038577e-17,37.68628692626953,6.281047821044922,"is s he he his ,",1.3533733414608163e-08,19.568206429481503,3.2613677382469177,4.0,7.0,0.0,14.0,0.0,4.0
1257,My son's high fever just won't go away no matter what medicine we give him.,won't go,won't go,is_multiword,0,5,5|6,1,1.7198399901390076,0,1.0,,,,,,,,,,,,,,,,,,,,,,,,,,,,,,,my son's high fever just <mask> <mask> <mask> <mask> away no matter what medicine we give him,▁won ' t ▁go,4.0,1.1587996560770038e-06,13.668125867843628,3.417031466960907,seems to to go,0.0011263579469484,6.87935996055603,1.7198399901390076,5.0,6.0,0.0,14.0,0.0,2.0
1257,My son's high fever just won't go away no matter what medicine we give him.,won't go away,won't go away,is_multiword,0,5,5|6|7,1,2.303961896896362,0,1.0,,,,,,,,,,,,,,,,,,,,,,,,,,,,,,,my son's high fever just <mask> <mask> <mask> <mask> <mask> no matter what medicine we give him,▁won ' t ▁go ▁away,5.0,2.262895614509977e-12,26.81437587738037,5.362875175476074,"keep to to s ,",2.278527174323087e-07,11.519809484481812,2.303961896896362,5.0,7.0,0.0,14.0,0.0,3.0
1257,My son's high fever just won't go away no matter what medicine we give him.,go away,go away,is_multiword,1,6,6|7,1,1.2361698150634766,0,1.0,,,,,,,,,,,,,,,,,,,,,,,,,,,,,,,my son's high fever just won't <mask> <mask> no matter what medicine we give him,▁go ▁away,2.0,0.0036734968447326,5.606611251831055,2.803305625915528,stop anymore,0.0435314496477407,2.472339630126953,1.2361698150634766,6.0,7.0,0.0,14.0,0.0,2.0
1258,"Doctor, my mother's breathing has gotten so shallow and her pulse is weak—I think we're looking at the final payoff from her lung condition.",looking at,looking at,is_multiword,0,16,16|17,1,1.3462028838694096,0,1.0,,,,,,,,,,,,,,,,,,,,,,,,,,,,,,,doctor my mother's breathing has gotten so shallow and her pulse is weak-i think we're looking <mask> <mask> final payoff from her lung condition,▁at ▁the,2.0,0.0304208525964838,3.492626965045929,1.7463134825229645,for a,0.4492295847519816,2.692405767738819,1.3462028838694096,16.0,17.0,0.0,23.0,0.0,2.0
1258,"Doctor, my mother's breathing has gotten so shallow and her pulse is weak—I think we're looking at the final payoff from her lung condition.",payoff from,payoff from,is_multiword,0,20,20|21,1,0.7877311408519745,0,1.0,,,,,,,,,,,,,,,,,,,,,,,,,,,,,,,doctor my mother's breathing has gotten so shallow and her pulse is weak-i think we're looking at the final payoff <mask> <mask> lung condition,▁from ▁her,2.0,0.058040278283247,2.8466180562973022,1.4233090281486511,for her,0.2805072312222101,1.575462281703949,0.7877311408519745,20.0,21.0,0.0,23.0,0.0,2.0
1260,"My husband hasn't moved or breathed for the last ten minutes, doctor—it's like he got a pat on the face with a spade.",pat on,pat on,is_multiword,0,17,17|18,1,0.5794601142406464,0,1.0,,,,,,,,,,,,,,,,,,,,,,,,,,,,,,,my husband hasn't moved or breathed for the last ten minutes doctor-it's like he got a pat <mask> <mask> face with a spade,▁on ▁the,2.0,0.159457109936927,1.8359802961349487,0.9179901480674744,on his,0.5081086035923416,1.1589202284812927,0.5794601142406464,17.0,18.0,0.0,22.0,0.0,2.0
1261,"Doctor, I'm here with my father—he's been unresponsive since this morning, and honestly, it looks like someone gave him a pat on the face with a spade.",pat on,pat on,is_multiword,0,21,21|22,1,0.0,0,1.0,,,,,,,,,,,,,,,,,,,,,,,,,,,,,,,doctor i'm here with my father-he's been unresponsive since this morning and honestly it looks like someone gave him a pat <mask> <mask> face with a spade,▁on ▁the,2.0,0.3676047943813217,1.0007468461990356,0.5003734230995178,on the,0.3676047943813217,0.0,0.0,21.0,22.0,0.0,26.0,0.0,2.0
1262,"My mother hasn't woken up since last night, and the nurse said her vitals are gone—please tell me she didn't lose a medical decision.",vitals are,vitals are,is_multiword,0,13,13|14,1,3.938446044921875,1,1.0,,,,,,,,,,,,,,,,,,,,,,,,,,,,,,,my mother hasn't woken up since last night and the nurse said her <mask> <mask> <mask> gone-please tell me she didn't lose a medical decision,▁vital s ▁are,3.0,1.6241268459194424e-07,15.63312530517578,5.211041768391927,doctor ' s,0.021976377106539,11.815338134765623,3.938446044921875,13.0,14.0,0.0,23.0,0.0,2.0
1262,"My mother hasn't woken up since last night, and the nurse said her vitals are gone—please tell me she didn't lose a medical decision.",vitals are gone,vitals are gone,is_multiword,0,13,13|14|15,1,5.760632140295846,0,1.0,,,,,,,,,,,,,,,,,,,,,,,,,,,,,,,my mother hasn't woken up since last night and the nurse said her <mask> <mask> <mask> <mask> <mask> <mask> <mask> tell me she didn't lose a medical decision,▁vital s ▁are ▁gone - ple ase,7.0,3.934540278478364e-25,56.194833278656006,8.027833325522286,doctor was s . . she to,1.2810593519734385e-07,40.32442498207092,5.760632140295846,13.0,15.0,0.0,23.0,0.0,3.0
1262,"My mother hasn't woken up since last night, and the nurse said her vitals are gone—please tell me she didn't lose a medical decision.",are gone,are gone,is_multiword,0,14,14|15,1,5.277398002147675,0,1.0,,,,,,,,,,,,,,,,,,,,,,,,,,,,,,,my mother hasn't woken up since last night and the nurse said her vitals <mask> <mask> <mask> <mask> <mask> tell me she didn't lose a medical decision,▁are ▁gone - ple ase,5.0,3.701339145919466e-16,35.53266680240631,7.106533360481262,were not and and to,0.0001066800071456,26.386990010738373,5.277398002147675,14.0,15.0,0.0,23.0,0.0,2.0
1264,"Doctor, after what happened to my mom, I think we need to call off the bets—she's not waking up at all.",call off,call off,is_multiword,0,12,12|13,1,1.9596177339553835,0,1.0,,,,,,,,,,,,,,,,,,,,,,,,,,,,,,,doctor after what happened to my mom i think we need to <mask> <mask> the bets-she's not waking up at all,▁call ▁off,2.0,0.0003630372867682,7.921005010604858,3.960502505302429,go up,0.0182832572425533,3.919235467910767,1.9596177339553835,12.0,13.0,0.0,20.0,0.0,2.0
1264,"Doctor, after what happened to my mom, I think we need to call off the bets—she's not waking up at all.",not waking,not waking,is_multiword,0,17,17|18,1,4.699147383371989,1,1.0,,,,,,,,,,,,,,,,,,,,,,,,,,,,,,,doctor after what happened to my mom i think we need to call off the bets-she's not <mask> <mask> <mask> at all,▁wa king ▁up,3.0,2.7082153815045133e-10,22.029561042785645,7.343187014261882,a to it,0.0003590248712349,14.097442150115969,4.699147383371989,17.0,18.0,0.0,20.0,0.0,2.0
1265,"My grandpa keeps saying he's ready to buy the farm, but I think his cough is just a bad cold, not the end.",grandpa keeps,grandpa keeps,is_multiword,0,1,1|2,1,3.6009406745433807,1,1.0,,,,,,,,,,,,,,,,,,,,,,,,,,,,,,,my <mask> <mask> <mask> <mask> saying he's ready to buy the farm but i think his cough is just a bad cold not the end,▁grand pa ▁keep s,4.0,8.649655258340719e-11,23.17091655731201,5.792729139328003,husband is s is,0.0001557662831365,14.403762698173525,3.6009406745433807,1.0,2.0,0.0,22.0,0.0,2.0
1270,"Doctor, when I checked on my grandpa this morning, his leg was all cold and bung out—I think he might have had a stroke in his sleep.",bung out,bung out,is_multiword,1,15,15|16,1,4.753897762298584,0,1.0,,,,,,,,,,,,,,,,,,,,,,,,,,,,,,,doctor when i checked on my grandpa this morning his leg was all cold and <mask> <mask> <mask> <mask> <mask> think he might have had a stroke in his sleep,▁ bung ▁out - i,5.0,7.44794645104749e-16,34.833423137664795,6.966684627532959,he was ed . i,1.566730774020626e-05,23.76948881149292,4.753897762298584,15.0,16.0,0.0,26.0,0.0,2.0
1272,"Doctor, I’m worried about my grandpa—he’s been so weak lately, and I’m scared he might cash in any day now.",cash in,cash in,is_multiword,1,16,16|17,1,0.7525195479393005,0,1.0,,,,,,,,,,,,,,,,,,,,,,,,,,,,,,,doctor i'm worried about my grandpa-he's been so weak lately and i'm scared he might cash <mask> <mask> day now,▁in ▁any,2.0,0.0194807007629485,3.9383310079574585,1.9691655039787288,out a,0.0877474995605292,1.505039095878601,0.7525195479393005,16.0,17.0,0.0,19.0,0.0,2.0
1284,"My husband was in so much pain last night, and now he's just resting easy—can you check on him?",so much,so much,is_multiword,0,4,4|5,1,3.0130366683006287,1,1.0,,,,,,,,,,,,,,,,,,,,,,,,,,,,,,,my husband was in <mask> <mask> pain last night and now he's just resting easy-can you check on him,▁so ▁much,2.0,7.047932493566987e-05,9.56019115447998,4.78009557723999,a of,0.0291844916731618,6.026073336601257,3.0130366683006287,4.0,5.0,0.0,18.0,0.0,2.0
1286,"Doctor, my mother's heart condition has gotten worse, and she keeps saying she's ready to exit for good—please, can you do something?",gotten worse,gotten worse,is_multiword,0,6,6|7,1,1.8702482183774312,1,1.0,,,,,,,,,,,,,,,,,,,,,,,,,,,,,,,doctor my mother's heart condition has <mask> <mask> <mask> and she keeps saying she's ready to exit for good-please can you do something,▁gott en ▁worse,3.0,5.6085113257039736e-05,9.788640141487122,3.262880047162374,been worse worse,0.015330737386803,5.610744655132294,1.8702482183774312,6.0,7.0,0.0,21.0,0.0,2.0
1287,"Doctor, my father has been so weak lately, and his breathing is so shallow—I'm terrified he might exit for good if this keeps up.",exit for,exit for,is_multiword,0,18,18|19,1,4.941015243530273,1,1.0,,,,,,,,,,,,,,,,,,,,,,,,,,,,,,,doctor my father has been so weak lately and his breathing is so shallow-i'm terrified he might exit <mask> <mask> if this keeps up,▁for ▁good,2.0,1.3556609876055784e-06,13.511221408843994,6.755610704421997,the hospital,0.026537646757274,9.882030487060549,4.941015243530273,18.0,19.0,0.0,23.0,0.0,2.0
1287,"Doctor, my father has been so weak lately, and his breathing is so shallow—I'm terrified he might exit for good if this keeps up.",exit for good,exit for good,is_multiword,1,18,18|19|20,1,3.491013755400976,0,1.0,,,,,,,,,,,,,,,,,,,,,,,,,,,,,,,doctor my father has been so weak lately and his breathing is so shallow-i'm terrified he might exit <mask> <mask> <mask> this keeps up,▁for ▁good ▁if,3.0,2.5965418282329453e-07,15.163915157318115,5.054638385772705,this . hope,0.0091786614996834,10.473041266202928,3.491013755400976,18.0,20.0,0.0,23.0,0.0,3.0
1287,"Doctor, my father has been so weak lately, and his breathing is so shallow—I'm terrified he might exit for good if this keeps up.",for good,for good,is_multiword,0,19,19|20,1,0.712249755859375,0,1.0,,,,,,,,,,,,,,,,,,,,,,,,,,,,,,,doctor my father has been so weak lately and his breathing is so shallow-i'm terrified he might exit for <mask> <mask> this keeps up,▁good ▁if,2.0,0.0134337921770988,4.309981942176819,2.154990971088409,days if,0.0558278499835361,1.42449951171875,0.712249755859375,19.0,20.0,0.0,23.0,0.0,2.0
1289,"""Doc, I keep finding blue birds in my garden every morning—last week I found three, and now I'm worried there's something wrong with my heart.""",keep finding,keep finding,is_multiword,0,2,2|3,1,2.01661479473114,1,1.0,,,,,,,,,,,,,,,,,,,,,,,,,,,,,,,doc i <mask> <mask> blue birds in my garden every morning-last week i found three and now i'm worried there's something wrong with my heart,▁keep ▁finding,2.0,0.0001431634066581,8.851523876190186,4.425761938095093,have five,0.0080805585066492,4.03322958946228,2.01661479473114,2.0,3.0,0.0,24.0,0.0,2.0
1290,"Doctor, I checked on my husband this morning and he was completely burn out—no pulse, no breathing, just gone.",burn out,burn out,is_multiword,1,12,12|13,1,5.531013429164887,0,1.0,,,,,,,,,,,,,,,,,,,,,,,,,,,,,,,doctor i checked on my husband this morning and he was completely <mask> <mask> <mask> <mask> pulse no breathing just gone,▁burn ▁out - no,4.0,1.769959682640696e-13,29.36264944076538,7.340662360191345,un ed with no,0.0007183197713199,22.124053716659542,5.531013429164887,12.0,13.0,0.0,18.0,0.0,2.0
1291,"My son found our father in his chair, already burn out by the time the ambulance arrived.",burn out,burn out,is_multiword,1,9,9|10,1,5.644126892089844,0,1.0,,,,,,,,,,,,,,,,,,,,,,,,,,,,,,,my son found our father in his chair already <mask> <mask> by the time the ambulance arrived,▁burn ▁out,2.0,2.966570024287083e-07,15.030689239501951,7.515344619750977,", sleep",0.0236963214653019,11.288253784179688,5.644126892089844,9.0,10.0,0.0,16.0,0.0,2.0
1292,"Doctor, my husband's been complaining of chest pain for days and now he's just lying there so still—I'm scared he might be salted away.",salted away,salted away,is_multiword,0,23,,1,,0,1.0,,,,,,,,,,,,,,,,,,,,,,,,,,,,,,,,,,,,,,,,,,,,,,
1293,"Doctor, my husband's breathing is so shallow and weak—it looks like he's pegging out right in front of me.",pegging out,pegging out,is_multiword,1,13,13|14,1,1.1999969482421875,1,1.0,,,,,,,,,,,,,,,,,,,,,,,,,,,,,,,doctor my husband's breathing is so shallow and weak-it looks like he's pegging <mask> <mask> in front of me,▁out ▁right,2.0,0.0007601205348151,7.182033538818359,3.59101676940918,a right,0.0083788915849628,2.399993896484375,1.1999969482421875,13.0,14.0,0.0,18.0,0.0,2.0
1294,"Doctor, my father's been sleeping all day and barely eating—I'm scared he's pegging out on us.",barely eating,barely eating,is_multiword,0,8,8|9,1,3.941535404750279,0,1.0,,,,,,,,,,,,,,,,,,,,,,,,,,,,,,,doctor my father's been sleeping all day and <mask> <mask> <mask> <mask> <mask> <mask> <mask> scared he's pegging out on us,▁bare ly ▁eating - i ' m,7.0,8.153013287964025e-19,41.65072917938232,5.950104168483189,he ' s s ' ' so,7.831188643694303e-07,27.590747833251957,3.941535404750279,8.0,9.0,0.0,15.0,0.0,2.0
1294,"Doctor, my father's been sleeping all day and barely eating—I'm scared he's pegging out on us.",pegging out,pegging out,is_multiword,1,13,13|14,1,1.030733123421669,0,1.0,,,,,,,,,,,,,,,,,,,,,,,,,,,,,,,doctor my father's been sleeping all day and barely eating-i'm scared he's pegging <mask> <mask> us,▁out ▁on,2.0,0.0121827832488064,4.407731533050537,2.203865766525269,out of,0.0957260046785457,2.061466246843338,1.030733123421669,13.0,14.0,0.0,15.0,0.0,2.0
1296,"Doctor, I'm here with my mother—she's been sleeping almost all day and barely eats, and I'm terrified this might be her final summons.",final summons,final summons,is_multiword,1,22,,1,,0,1.0,,,,,,,,,,,,,,,,,,,,,,,,,,,,,,,,,,,,,,,,,,,,,,
1297,"Doctor, my son keeps telling his classmates that their hamster got installed in furnace, and the teacher said we need to talk about how he's processing loss.",hamster got,hamster got,is_multiword,0,9,9|10,1,5.763318459192912,0,1.0,,,,,,,,,,,,,,,,,,,,,,,,,,,,,,,doctor my son keeps telling his classmates that their <mask> <mask> <mask> installed in furnace and the teacher said we need to talk about how he's processing loss,▁ham ster ▁got,3.0,3.6180649608615136e-11,24.04249668121338,8.014165560404459,new s been,0.0011679078378558,17.289955377578735,5.763318459192912,9.0,10.0,0.0,26.0,0.0,2.0
1302,"My wife's been feeling so weak lately, and with her heart condition, I keep thinking she's about to have the last payday.",keep thinking,keep thinking,is_multiword,0,13,13|14,1,4.227575421333313,1,1.0,,,,,,,,,,,,,,,,,,,,,,,,,,,,,,,my wife's been feeling so weak lately and with her heart condition i <mask> <mask> she's about to have the last payday,▁keep ▁thinking,2.0,2.762752109043961e-05,10.496698141098022,5.248349070549011,am like,0.1298276732307748,8.455150842666626,4.227575421333313,13.0,14.0,0.0,21.0,0.0,2.0
1302,"My wife's been feeling so weak lately, and with her heart condition, I keep thinking she's about to have the last payday.",keep thinking she's,keep thinking she's,is_multiword,0,13,13|14|15,1,1.4384437322616577,0,1.0,,,,,,,,,,,,,,,,,,,,,,,,,,,,,,,my wife's been feeling so weak lately and with her heart condition i <mask> <mask> <mask> <mask> <mask> about to have the last payday,▁keep ▁thinking ▁she ' s,5.0,7.452591559287913e-08,16.412118911743164,3.2824237823486326,' ' she she s,9.904856719118152e-05,7.192218661308289,1.4384437322616577,13.0,15.0,0.0,21.0,0.0,3.0
1302,"My wife's been feeling so weak lately, and with her heart condition, I keep thinking she's about to have the last payday.",thinking she's,thinking she's,is_multiword,0,14,14|15,1,1.49078369140625,0,1.0,,,,,,,,,,,,,,,,,,,,,,,,,,,,,,,my wife's been feeling so weak lately and with her heart condition i keep <mask> <mask> <mask> <mask> about to have the last payday,▁thinking ▁she ' s,4.0,2.422208775095854e-06,12.930830717086792,3.232707679271698,thinking ing i is,0.0009418204077961,5.963134765625,1.49078369140625,14.0,15.0,0.0,21.0,0.0,2.0
1304,"Doctor, I'm completely conflummoxed—I've been feeling fine, but the machine keeps showing no pulse, what's going on?",conflummoxed I've,conflummoxed i've,is_multiword,0,3,3|4,1,4.892881989479065,0,1.0,,,,,,,,,,,,,,,,,,,,,,,,,,,,,,,doctor i'm completely <mask> <mask> <mask> <mask> <mask> <mask> <mask> <mask> <mask> <mask> feeling fine but the machine keeps showing no pulse what's going on,▁con flu mm ox ed - i ' ve ▁been,10.0,4.902288278889634e-31,69.79043579101562,6.979043579101562,confu with i i s and i i i m,8.707938089328495e-10,48.92881989479065,4.892881989479065,3.0,4.0,0.0,16.0,0.0,2.0
1304,"Doctor, I'm completely conflummoxed—I've been feeling fine, but the machine keeps showing no pulse, what's going on?",conflummoxed I've been,conflummoxed i've been,is_multiword,0,3,3|4|5,1,5.171604172749952,1,1.0,,,,,,,,,,,,,,,,,,,,,,,,,,,,,,,doctor i'm completely <mask> <mask> <mask> <mask> <mask> <mask> <mask> <mask> <mask> <mask> <mask> fine but the machine keeps showing no pulse what's going on,▁con flu mm ox ed - i ' ve ▁been ▁feeling,11.0,1.5874972522853394e-36,82.43090462684631,7.493718602440574,confu with i i s s and and s s working,8.066844496980072e-12,56.88764590024948,5.171604172749952,3.0,5.0,0.0,16.0,0.0,3.0
1304,"Doctor, I'm completely conflummoxed—I've been feeling fine, but the machine keeps showing no pulse, what's going on?",conflummoxed I've been feeling,conflummoxed i've been feeling,is_multiword,0,3,3|4|5|6,1,4.839326689640681,0,1.0,,,,,,,,,,,,,,,,,,,,,,,,,,,,,,,doctor i'm completely <mask> <mask> <mask> <mask> <mask> <mask> <mask> <mask> <mask> <mask> <mask> <mask> but the machine keeps showing no pulse what's going on,▁con flu mm ox ed - i ' ve ▁been ▁feeling ▁fine,12.0,9.957843172910188e-40,89.80504322052002,7.483753601710002,"wrong with i i s s s the the the the ,",1.6537879054391074e-14,58.07192027568817,4.839326689640681,3.0,6.0,0.0,16.0,0.0,4.0
1304,"Doctor, I'm completely conflummoxed—I've been feeling fine, but the machine keeps showing no pulse, what's going on?",I've been,i've been,is_multiword,0,4,4|5,1,0.9984644651412964,0,1.0,,,,,,,,,,,,,,,,,,,,,,,,,,,,,,,doctor i'm completely conflummoxed-i've <mask> <mask> fine but the machine keeps showing no pulse what's going on,▁been ▁feeling,2.0,0.0032993944797825,5.714016318321228,2.857008159160614,got everything,0.0243046548822923,1.9969289302825928,0.9984644651412964,4.0,5.0,0.0,16.0,0.0,2.0
1304,"Doctor, I'm completely conflummoxed—I've been feeling fine, but the machine keeps showing no pulse, what's going on?",I've been feeling,i've been feeling,is_multiword,0,4,4|5|6,1,4.037300070126851,0,1.0,,,,,,,,,,,,,,,,,,,,,,,,,,,,,,,doctor i'm completely conflummoxed-i've <mask> <mask> <mask> but the machine keeps showing no pulse what's going on,▁been ▁feeling ▁fine,3.0,6.770093350267946e-09,18.81075096130371,6.27025032043457,tried a it,0.0012323273402306,12.111900210380554,4.037300070126851,4.0,6.0,0.0,16.0,0.0,3.0
1304,"Doctor, I'm completely conflummoxed—I've been feeling fine, but the machine keeps showing no pulse, what's going on?",been feeling,been feeling,is_multiword,0,5,5|6,1,4.201416015625,0,1.0,,,,,,,,,,,,,,,,,,,,,,,,,,,,,,,doctor i'm completely conflummoxed-i've been <mask> <mask> but the machine keeps showing no pulse what's going on,▁feeling ▁fine,2.0,1.5778904992769784e-06,13.359421730041504,6.679710865020752,on it,0.0070368848559622,8.40283203125,4.201416015625,5.0,6.0,0.0,16.0,0.0,2.0
1306,"Doctor, my mother keeps saying she feels like she's going to croak any day now, and her breathing has gotten really shallow.",gotten really,gotten really,is_multiword,0,19,19|20,1,1.981440285841624,1,1.0,,,,,,,,,,,,,,,,,,,,,,,,,,,,,,,doctor my mother keeps saying she feels like she's going to croak any day now and her breathing has <mask> <mask> <mask> shallow,▁gott en ▁really,3.0,1.4888264013833696e-05,11.11493730545044,3.704979101816813,been a too,0.0056810656584322,5.944320857524872,1.981440285841624,19.0,20.0,0.0,21.0,0.0,2.0
1307,"Doctor, I found my wife in bed and I had to call it a night—she wasn't responding at all, and her pulse was gone.",it a,it a,is_multiword,0,12,12|13,1,4.21351819485426,1,1.0,,,,,,,,,,,,,,,,,,,,,,,,,,,,,,,doctor i found my wife in bed and i had to call <mask> <mask> night-she wasn't responding at all and her pulse was gone,▁it ▁a,2.0,5.076750031710014e-05,9.888254165649414,4.944127082824707,her last,0.2319536351125817,8.427036389708519,4.21351819485426,12.0,13.0,0.0,23.0,0.0,2.0
1308,"Doctor, when I checked on my father this morning, I had to call it a night—he wasn't breathing and his skin was cold.",it a,it a,is_multiword,0,13,13|14,1,4.035837106406689,1,1.0,,,,,,,,,,,,,,,,,,,,,,,,,,,,,,,doctor when i checked on my father this morning i had to call <mask> <mask> night-he wasn't breathing and his skin was cold,▁it ▁a,2.0,7.328613325777564e-05,9.52113914489746,4.7605695724487305,him last,0.2346958327134376,8.071674212813377,4.035837106406689,13.0,14.0,0.0,22.0,0.0,2.0
1315,"Doctor, my wife's been feeling totally burned out for weeks—no energy, no appetite—I'm scared she's just going to burn out on us completely.",totally burned,totally burned,is_multiword,0,5,5|6,1,1.4325244029362996,0,1.0,,,,,,,,,,,,,,,,,,,,,,,,,,,,,,,doctor my wife's been feeling <mask> <mask> <mask> out for weeks-no energy no appetite-i'm scared she's just going to burn out on us completely,▁totally ▁burn ed,3.0,9.701261650254805e-06,11.543254613876345,3.8477515379587808,like cra ed,0.0007132479763722,4.297573208808899,1.4325244029362996,5.0,6.0,0.0,22.0,0.0,2.0
1315,"Doctor, my wife's been feeling totally burned out for weeks—no energy, no appetite—I'm scared she's just going to burn out on us completely.",just going,just going,is_multiword,0,17,17|18,1,0.8489208221435547,0,1.0,,,,,,,,,,,,,,,,,,,,,,,,,,,,,,,doctor my wife's been feeling totally burned out for weeks-no energy no appetite-i'm scared she's just going <mask> <mask> out on us completely,▁to ▁burn,2.0,0.0324622631516867,3.427676998078823,1.7138384990394115,to fall,0.1773136015788455,1.6978416442871094,0.8489208221435547,17.0,18.0,0.0,22.0,0.0,2.0
1316,"Doctor, my husband's been feeling terrible for months and now the latest scan shows it's hit the rocks—we're here to discuss the next steps.",rocks we're,rocks we're,is_multiword,0,17,17|18,1,2.4008799280439104,0,1.0,,,,,,,,,,,,,,,,,,,,,,,,,,,,,,,doctor my husband's been feeling terrible for months and now the latest scan shows it's hit the <mask> <mask> <mask> <mask> <mask> <mask> <mask> to discuss the next steps,▁rock s - we ' re ▁here,7.0,8.345947312153727e-16,34.71958541870117,4.959940774100168,right . . I ' with us,1.6607259425420313e-08,16.806159496307373,2.4008799280439104,17.0,18.0,0.0,23.0,0.0,2.0
1320,"Doctor, I’m worried about my dad—he’s been sleeping all day and barely eating, and I’m scared we might get the call any day now.",barely eating,barely eating,is_multiword,0,12,12|13,1,0.2746219635009765,1,1.0,,,,,,,,,,,,,,,,,,,,,,,,,,,,,,,doctor i'm worried about my dad-he's been sleeping all day and barely <mask> <mask> i'm scared we might get the call any day now,▁eating ▁and,2.0,0.0053407072087839,5.232397198677063,2.6161985993385315,talk and,0.0092498007181366,0.5492439270019531,0.2746219635009765,12.0,13.0,0.0,23.0,0.0,2.0
1322,"Doctor, my husband has been complaining of chest pain for three days and he's terrified he's going to get the big one before you can see him.",big one,big one,is_multiword,0,20,20|21,1,3.346519410610199,1,1.0,,,,,,,,,,,,,,,,,,,,,,,,,,,,,,,doctor my husband has been complaining of chest pain for three days and he's terrified he's going to get the <mask> <mask> before you can see him,▁big ▁one,2.0,1.2542006582254455e-05,11.286427021026611,5.643213510513306,doctor done,0.0101185166717232,6.693038821220398,3.346519410610199,20.0,21.0,0.0,26.0,0.0,2.0
1323,"Doctor, my son's been feeling terrible all week—I think we might be looking at a coil up the cable situation with that lump in his neck.",coil up,coil up,is_multiword,0,16,16|17,1,3.0428199768066406,0,1.0,,,,,,,,,,,,,,,,,,,,,,,,,,,,,,,doctor my son's been feeling terrible all week-i think we might be looking at a coil <mask> <mask> cable situation with that lump in his neck,▁up ▁the,2.0,0.0002143633026508,8.447838306427002,4.223919153213501,or a,0.0942128822207774,6.085639953613281,3.0428199768066406,16.0,17.0,0.0,25.0,0.0,2.0
1328,"Doctor, I'm afraid my husband is completely dished—he's been unresponsive since the fall and his pupils are fixed.",dished he's,dished he's,is_multiword,0,7,7|8,1,3.188042197908674,0,1.0,,,,,,,,,,,,,,,,,,,,,,,,,,,,,,,doctor i'm afraid my husband is completely <mask> <mask> <mask> <mask> <mask> <mask> <mask> unresponsive since the fall and his pupils are fixed,▁di shed - he ' s ▁been,7.0,3.0146457602994734e-16,35.737879157066345,5.105411308152335,un ed and he he he been,1.482791983951793e-06,22.31629538536072,3.188042197908674,7.0,8.0,0.0,17.0,0.0,2.0
1329,"Doctor, I'm worried about my elderly mother—she's been so weak and confused lately, I'm scared she might kick the bucket any day now.",kick the,kick the,is_multiword,0,18,18|19,1,3.702620228131612,0,1.0,,,,,,,,,,,,,,,,,,,,,,,,,,,,,,,doctor i'm worried about my elderly mother-she's been so weak and confused lately i'm scared she might kick <mask> <mask> <mask> any day now,▁the ▁bu cket,3.0,1.5708041090537443e-08,17.969093084335327,5.989697694778442,her in ass,0.0010476220473827,11.107860684394836,3.702620228131612,18.0,19.0,0.0,22.0,0.0,2.0
1329,"Doctor, I'm worried about my elderly mother—she's been so weak and confused lately, I'm scared she might kick the bucket any day now.",kick the bucket,kick the bucket,is_multiword,1,18,18|19|20,1,3.883547961711884,1,1.0,,,,,,,,,,,,,,,,,,,,,,,,,,,,,,,doctor i'm worried about my elderly mother-she's been so weak and confused lately i'm scared she might kick <mask> <mask> <mask> <mask> day now,▁the ▁bu cket ▁any,4.0,6.446706529069059e-11,23.464866638183597,5.866216659545898,her off a a,0.0003595437140709,15.534191846847534,3.883547961711884,18.0,20.0,0.0,22.0,0.0,3.0
1329,"Doctor, I'm worried about my elderly mother—she's been so weak and confused lately, I'm scared she might kick the bucket any day now.",the bucket,the bucket,is_multiword,0,19,19|20,1,2.748182932535807,0,1.0,,,,,,,,,,,,,,,,,,,,,,,,,,,,,,,doctor i'm worried about my elderly mother-she's been so weak and confused lately i'm scared she might kick the <mask> <mask> <mask> day now,▁bu cket ▁any,3.0,4.3826038216807756e-07,14.64045262336731,4.88015087445577,ass in a,0.0016683772596654,8.244548797607422,2.748182932535807,19.0,20.0,0.0,22.0,0.0,2.0
1332,"My husband's been so unresponsive this morning, I think he might have checked out during the night.",checked out,checked out,is_multiword,1,12,12|13,1,3.444400906562805,1,1.0,,,,,,,,,,,,,,,,,,,,,,,,,,,,,,,my husband's been so unresponsive this morning i think he might have <mask> <mask> <mask> during the night,▁check ed ▁out,3.0,3.4912284300977044e-08,17.170427083969116,5.723475694656372,been a it,0.0010730777427959,10.333202719688416,3.444400906562805,12.0,13.0,0.0,16.0,0.0,2.0
1333,"My husband collapsed at the grocery store and when I got to him, he was already a kiss-off, just gone.",got to,got to,is_multiword,0,10,10|11,1,0.0,0,1.0,,,,,,,,,,,,,,,,,,,,,,,,,,,,,,,my husband collapsed at the grocery store and when i <mask> <mask> him he was already a kiss-off just gone,▁got ▁to,2.0,0.0147461672198051,4.216772079467773,2.1083860397338867,got to,0.0147461672198051,0.0,0.0,10.0,11.0,0.0,19.0,0.0,2.0
1333,"My husband collapsed at the grocery store and when I got to him, he was already a kiss-off, just gone.",a kiss-off,a kiss-off,is_multiword,0,16,16|17,1,6.887285566329956,0,1.0,,,,,,,,,,,,,,,,,,,,,,,,,,,,,,,my husband collapsed at the grocery store and when i got to him he was already <mask> <mask> <mask> <mask> <mask> just gone,▁a ▁kis s - off,5.0,3.029235660226868e-19,42.640806436538696,8.52816128730774,gone and and he was,0.0002734535995233,34.43642783164978,6.887285566329956,16.0,17.0,0.0,19.0,0.0,2.0
1335,"Doctor, we’ve done all the tests you asked for—could this be the moment to fire the last shot and tell us what’s really going on with my mother’s lungs?",asked for,asked for,is_multiword,0,7,7|8,1,5.06503005027771,0,1.0,,,,,,,,,,,,,,,,,,,,,,,,,,,,,,,doctor we've done all the tests you <mask> <mask> <mask> <mask> <mask> this be the moment to fire the last shot and tell us what's really going on with my mother's lungs,▁asked ▁for - co uld,5.0,4.587371897251651e-16,35.31805419921875,7.06361083984375,"need to , , let",4.572323577410372e-05,25.32515025138855,5.06503005027771,7.0,8.0,0.0,28.0,0.0,2.0
1337,"Doctor, my husband hasn't woken up since last night, and I'm terrified he's shuffled out of the deck.",shuffled out,shuffled out,is_multiword,0,13,13|14,1,4.575865507125855,0,1.0,,,,,,,,,,,,,,,,,,,,,,,,,,,,,,,doctor my husband hasn't woken up since last night and i'm terrified he's <mask> <mask> <mask> of the deck,▁shuffle d ▁out,3.0,9.038440580559248e-09,18.52177917957306,6.17392639319102,on the out,0.0082777618243411,13.727596521377563,4.575865507125855,13.0,14.0,0.0,17.0,0.0,2.0
1337,"Doctor, my husband hasn't woken up since last night, and I'm terrified he's shuffled out of the deck.",shuffled out of,shuffled out of,is_multiword,0,13,13|14|15,1,4.034561961889267,0,1.0,,,,,,,,,,,,,,,,,,,,,,,,,,,,,,,doctor my husband hasn't woken up since last night and i'm terrified he's <mask> <mask> <mask> <mask> the deck,▁shuffle d ▁out ▁of,4.0,1.0167916860960408e-10,23.009198665618896,5.752299666404724,gonna to up on,0.0010374901311369,16.138247847557068,4.034561961889267,13.0,15.0,0.0,17.0,0.0,3.0
1337,"Doctor, my husband hasn't woken up since last night, and I'm terrified he's shuffled out of the deck.",out of,out of,is_multiword,0,14,14|15,1,0.8323821425437927,1,1.0,,,,,,,,,,,,,,,,,,,,,,,,,,,,,,,doctor my husband hasn't woken up since last night and i'm terrified he's shuffled <mask> <mask> the deck,▁out ▁of,2.0,0.0086166659510053,4.754057049751282,2.377028524875641,over on,0.0455341463769557,1.6647642850875854,0.8323821425437927,14.0,15.0,0.0,17.0,0.0,2.0
1342,"Doctor, my mother's breathing is so shallow and her pulse is barely there—please tell me she's not going to receive the last applause.",barely there,barely there,is_multiword,0,11,11|12,1,5.562098731597264,1,1.0,,,,,,,,,,,,,,,,,,,,,,,,,,,,,,,doctor my mother's breathing is so shallow and her pulse is <mask> <mask> <mask> <mask> <mask> <mask> tell me she's not going to receive the last applause,▁bare ly ▁there - ple ase,6.0,2.9599842122382845e-20,44.96651792526245,7.494419654210408,so so . . doctor to,9.221936262375532e-06,33.37259238958359,5.562098731597264,11.0,12.0,0.0,22.0,0.0,2.0
1342,"Doctor, my mother's breathing is so shallow and her pulse is barely there—please tell me she's not going to receive the last applause.",she's not,she's not,is_multiword,0,16,16|17,1,0.248992919921875,0,1.0,,,,,,,,,,,,,,,,,,,,,,,,,,,,,,,doctor my mother's breathing is so shallow and her pulse is barely there-please tell me she's <mask> <mask> to receive the last applause,▁not ▁going,2.0,0.0110595689005925,4.504459261894226,2.252229630947113,not enough,0.0181974569615328,0.49798583984375,0.248992919921875,16.0,17.0,0.0,22.0,0.0,2.0
1342,"Doctor, my mother's breathing is so shallow and her pulse is barely there—please tell me she's not going to receive the last applause.",she's not going,she's not going,is_multiword,0,16,16|17|18,1,0.4734509785970052,1,1.0,,,,,,,,,,,,,,,,,,,,,,,,,,,,,,,doctor my mother's breathing is so shallow and her pulse is barely there-please tell me she's <mask> <mask> <mask> receive the last applause,▁not ▁going ▁to,3.0,0.0020253637146097,6.202005982398987,2.067335327466329,not enough to,0.0083821314548579,1.4203529357910156,0.4734509785970052,16.0,18.0,0.0,22.0,0.0,3.0
1342,"Doctor, my mother's breathing is so shallow and her pulse is barely there—please tell me she's not going to receive the last applause.",not going,not going,is_multiword,0,17,17|18,1,0.0,0,1.0,,,,,,,,,,,,,,,,,,,,,,,,,,,,,,,doctor my mother's breathing is so shallow and her pulse is barely there-please tell me she's not <mask> <mask> receive the last applause,▁going ▁to,2.0,0.4505116731962093,0.7973712906241417,0.3986856453120708,going to,0.4505116731962093,0.0,0.0,17.0,18.0,0.0,22.0,0.0,2.0
1356,"My mother was in so much pain from the cancer, and when she finally went this morning, I just kept thinking she's out of misery.",so much,so much,is_multiword,0,4,4|5,1,2.137415051460266,1,1.0,,,,,,,,,,,,,,,,,,,,,,,,,,,,,,,my mother was in <mask> <mask> pain from the cancer and when she finally went this morning i just kept thinking she's out of misery,▁so ▁much,2.0,0.0004802146755898,7.641277313232422,3.820638656616211,a of,0.0345120337880737,4.274830102920532,2.137415051460266,4.0,5.0,0.0,24.0,0.0,2.0
1356,"My mother was in so much pain from the cancer, and when she finally went this morning, I just kept thinking she's out of misery.",just kept,just kept,is_multiword,0,18,18|19,1,2.8254891335964203,1,1.0,,,,,,,,,,,,,,,,,,,,,,,,,,,,,,,my mother was in so much pain from the cancer and when she finally went this morning i <mask> <mask> thinking she's out of misery,▁just ▁kept,2.0,0.0006570416938088,7.327763080596924,3.663881540298462,was m,0.1869741674957261,5.650978267192841,2.8254891335964203,18.0,19.0,0.0,24.0,0.0,2.0
1358,"I'm worried about my little boy, he keeps saying his tooth feels like it's going to bite the dust any minute, and he's been running a fever since yesterday.",bite the,bite the,is_multiword,0,16,16|17,1,2.8847935597101846,0,1.0,,,,,,,,,,,,,,,,,,,,,,,,,,,,,,,i'm worried about my little boy he keeps saying his tooth feels like it's going to <mask> <mask> <mask> dust any minute and he's been running a fever since yesterday,▁bi te ▁the,3.0,7.871899808468934e-07,14.05479621887207,4.6849320729573565,be in of,0.0045147045136276,8.654380679130554,2.8847935597101846,16.0,17.0,0.0,28.0,0.0,2.0
1359,"Doctor, my husband keeps saying ""what?"" every time I talk to him—I think he's got a case of the cosmetic ear.",keeps saying,keeps saying,is_multiword,0,3,3|4,1,1.4081547657648723,1,1.0,,,,,,,,,,,,,,,,,,,,,,,,,,,,,,,doctor my husband <mask> <mask> <mask> what every time i talk to him-i think he's got a case of the cosmetic ear,▁keep s ▁saying,3.0,4.508486441768057e-05,10.006963968276978,3.3356546560923257,is s me,0.0030810042776179,4.224464297294617,1.4081547657648723,3.0,4.0,0.0,20.0,0.0,2.0
1359,"Doctor, my husband keeps saying ""what?"" every time I talk to him—I think he's got a case of the cosmetic ear.",he's got,he's got,is_multiword,0,14,14|15,1,0.5687065124511719,1,1.0,,,,,,,,,,,,,,,,,,,,,,,,,,,,,,,doctor my husband keeps saying what every time i talk to him-i think he's <mask> <mask> case of the cosmetic ear,▁got ▁a,2.0,0.0484032716737356,3.028187870979309,1.5140939354896543,having a,0.1509547967769758,1.1374130249023438,0.5687065124511719,14.0,15.0,0.0,20.0,0.0,2.0
1359,"Doctor, my husband keeps saying ""what?"" every time I talk to him—I think he's got a case of the cosmetic ear.",case of,case of,is_multiword,0,17,17|18,1,0.8287582099437714,0,1.0,,,,,,,,,,,,,,,,,,,,,,,,,,,,,,,doctor my husband keeps saying what every time i talk to him-i think he's got a case <mask> <mask> cosmetic ear,▁of ▁the,2.0,0.0439261505417931,3.125245451927185,1.5626227259635923,for a,0.2304482319427565,1.6575164198875427,0.8287582099437714,17.0,18.0,0.0,20.0,0.0,2.0
1361,"Doctor, I think I’ve got a blind ear in my left side—I can’t hear a thing out of it since yesterday.",thing out,thing out,is_multiword,0,16,16|17,1,0.0,0,1.0,,,,,,,,,,,,,,,,,,,,,,,,,,,,,,,doctor i think i've got a blind ear in my left side-i can't hear a thing <mask> <mask> it since yesterday,▁out ▁of,2.0,0.0962526448079864,2.3407788276672363,1.1703894138336182,out of,0.0962526448079864,0.0,0.0,16.0,17.0,0.0,20.0,0.0,2.0
1361,"Doctor, I think I’ve got a blind ear in my left side—I can’t hear a thing out of it since yesterday.",thing out of,thing out of,is_multiword,0,16,16|17|18,1,3.353610952695211,1,1.0,,,,,,,,,,,,,,,,,,,,,,,,,,,,,,,doctor i think i've got a blind ear in my left side-i can't hear a thing <mask> <mask> <mask> since yesterday,▁out ▁of ▁it,3.0,6.236822356842554e-07,14.287624835968018,4.762541611989339,in the ear,0.0145991499015775,10.060832858085632,3.353610952695211,16.0,18.0,0.0,20.0,0.0,3.0
1361,"Doctor, I think I’ve got a blind ear in my left side—I can’t hear a thing out of it since yesterday.",out of,out of,is_multiword,0,17,17|18,1,0.0,0,1.0,,,,,,,,,,,,,,,,,,,,,,,,,,,,,,,doctor i think i've got a blind ear in my left side-i can't hear a thing out <mask> <mask> since yesterday,▁of ▁it,2.0,0.6792325728536605,0.3867916874587536,0.1933958437293768,of it,0.6792325728536605,0.0,0.0,17.0,18.0,0.0,20.0,0.0,2.0
1366,"Doctor, my husband has become a real pudding chef lately—he keeps turning up the TV so loud it shakes the walls, and he didn't even hear me call him for dinner three times.",keeps turning,keeps turning,is_multiword,0,11,11|12,1,3.4835968017578125,1,1.0,,,,,,,,,,,,,,,,,,,,,,,,,,,,,,,doctor my husband has become a real pudding chef lately-he keeps <mask> <mask> the tv so loud it shakes the walls and he didn't even hear me call him for dinner three times,▁turning ▁up,2.0,0.0001411632981283,8.865593194961548,4.432796597480774,talking ing,0.1498081817681011,6.967193603515625,3.4835968017578125,11.0,12.0,0.0,32.0,0.0,2.0
1367,"Doctor, I'm worried about my little boy—he's been ignoring me when I call his name, and I wonder if it's flannel ear starting up.",it's flannel,it's flannel,is_multiword,0,20,20|21,1,9.831183582544329,0,1.0,,,,,,,,,,,,,,,,,,,,,,,,,,,,,,,doctor i'm worried about my little boy-he's been ignoring me when i call his name and i wonder if it's <mask> <mask> <mask> <mask> starting up,▁ flan nel ▁ear,4.0,3.5262370125718204e-21,47.09405565261841,11.773513913154602,just he ' just,0.0004224999107367,39.32473433017731,9.831183582544329,20.0,21.0,0.0,23.0,0.0,2.0
1368,"Doctor, I think my husband's got a bad case of flannel ear—he couldn't hear me shouting from the next room this morning.",husband's got,husband's got,is_multiword,0,4,4|5,1,0.8311167061328888,0,1.0,,,,,,,,,,,,,,,,,,,,,,,,,,,,,,,doctor i think my <mask> <mask> <mask> <mask> a bad case of flannel ear-he couldn't hear me shouting from the next room this morning,▁husband ' s ▁got,4.0,1.281803062297759e-05,11.264657735824583,2.8161644339561462,son is is had,0.0003561384809586,3.324466824531555,0.8311167061328888,4.0,5.0,0.0,21.0,0.0,2.0
1369,"Doctor, my son hasn't been able to unload for three days and he's been complaining about his tummy hurting.",tummy hurting,tummy hurting,is_multiword,0,17,17|18,1,6.144303381443024,0,1.0,,,,,,,,,,,,,,,,,,,,,,,,,,,,,,,doctor my son hasn't been able to unload for three days and he's been complaining about his <mask> <mask> <mask> <mask>,▁tum my ▁hur ting,4.0,2.9372747296206764e-16,35.76387929916382,8.940969824790955, of s .,1.3857751962968656e-05,24.57721352577209,6.144303381443024,17.0,18.0,0.0,18.0,0.0,2.0
1374,"My husband has been complaining he can't drain the bunghole properly since his surgery, and he's getting really uncomfortable.",he's getting,he's getting,is_multiword,0,15,15|16,1,0.2335596084594726,0,1.0,,,,,,,,,,,,,,,,,,,,,,,,,,,,,,,my husband has been complaining he can't drain the bunghole properly since his surgery and <mask> <mask> <mask> <mask> really uncomfortable,▁he ' s ▁getting,4.0,0.0020021938692243,6.213511765003204,1.553377941250801,he ' s been,0.0050961326482976,0.9342384338378906,0.2335596084594726,15.0,16.0,0.0,18.0,0.0,2.0
1374,"My husband has been complaining he can't drain the bunghole properly since his surgery, and he's getting really uncomfortable.",he's getting really,he's getting really,is_multiword,0,15,15|16|17,1,0.3629776000976562,0,1.0,,,,,,,,,,,,,,,,,,,,,,,,,,,,,,,my husband has been complaining he can't drain the bunghole properly since his surgery and <mask> <mask> <mask> <mask> <mask> uncomfortable,▁he ' s ▁getting ▁really,5.0,7.68980069553167e-06,11.775615692138672,2.3551231384277345,he ' been been very,4.721836313085219e-05,1.8148880004882808,0.3629776000976562,15.0,17.0,0.0,18.0,0.0,3.0
1374,"My husband has been complaining he can't drain the bunghole properly since his surgery, and he's getting really uncomfortable.",getting really,getting really,is_multiword,0,16,16|17,1,1.217876434326172,1,1.0,,,,,,,,,,,,,,,,,,,,,,,,,,,,,,,my husband has been complaining he can't drain the bunghole properly since his surgery and he's <mask> <mask> uncomfortable,▁getting ▁really,2.0,0.0125837506836767,4.375348925590515,2.1876744627952576,been very,0.1437620097168383,2.435752868652344,1.217876434326172,16.0,17.0,0.0,18.0,0.0,2.0
1375,"My mom keeps saying she feels bloated and uncomfortable, and she hasn't been able to pass any caca since yesterday.",pass any,pass any,is_multiword,0,15,15|16,1,3.526800036430359,0,1.0,,,,,,,,,,,,,,,,,,,,,,,,,,,,,,,my mom keeps saying she feels bloated and uncomfortable and she hasn't been able to <mask> <mask> caca since yesterday,▁pass ▁any,2.0,2.408266712253637e-05,10.634018182754517,5.317009091377258,fight her,0.0278640455862278,7.053600072860718,3.526800036430359,15.0,16.0,0.0,19.0,0.0,2.0
1375,"My mom keeps saying she feels bloated and uncomfortable, and she hasn't been able to pass any caca since yesterday.",pass any caca,pass any caca,is_multiword,0,15,15|16|17,1,5.748364359140396,0,1.0,,,,,,,,,,,,,,,,,,,,,,,,,,,,,,,my mom keeps saying she feels bloated and uncomfortable and she hasn't been able to <mask> <mask> <mask> <mask> since yesterday,▁pass ▁any ▁ca ca,4.0,7.893864503768155e-15,32.47269058227539,8.118172645568848,talk her her her,7.64225196266437e-05,22.993457436561584,5.748364359140396,15.0,17.0,0.0,19.0,0.0,3.0
1375,"My mom keeps saying she feels bloated and uncomfortable, and she hasn't been able to pass any caca since yesterday.",any caca,any caca,is_multiword,0,16,16|17,1,6.058091521263123,0,1.0,,,,,,,,,,,,,,,,,,,,,,,,,,,,,,,my mom keeps saying she feels bloated and uncomfortable and she hasn't been able to pass <mask> <mask> <mask> since yesterday,▁any ▁ca ca,3.0,2.981036253791085e-11,24.23616504669189,8.078721682230631,on on s,0.0023299919114237,18.174274563789368,6.058091521263123,16.0,17.0,0.0,19.0,0.0,2.0
1379,"Doctor, my little boy has had the backdoor trot for three days now—he can't keep anything down and his diapers are a mess.",backdoor trot,backdoor trot,is_multiword,1,7,7|8,1,5.186938017606735,1,1.0,,,,,,,,,,,,,,,,,,,,,,,,,,,,,,,doctor my little boy has had the <mask> <mask> <mask> <mask> for three days now-he can't keep anything down and his diapers are a mess,▁back door ▁tro t,4.0,2.2334828728676955e-14,31.432629108428955,7.858157277107239,problem of the s,2.288847525627449e-05,20.74775207042694,5.186938017606735,7.0,8.0,0.0,22.0,0.0,2.0
1380,"My husband's been dealing with the backdoor trot since we got back from the camping trip, and he's feeling really weak and dehydrated.",backdoor trot,backdoor trot,is_multiword,1,6,6|7,1,5.337423264980316,0,1.0,,,,,,,,,,,,,,,,,,,,,,,,,,,,,,,my husband's been dealing with the <mask> <mask> <mask> <mask> since we got back from the camping trip and he's feeling really weak and dehydrated,▁back door ▁tro t,4.0,1.3048605075476519e-14,31.97009515762329,7.992523789405823,cold of s s,2.4412821369716595e-05,21.349693059921265,5.337423264980316,6.0,7.0,0.0,22.0,0.0,2.0
1380,"My husband's been dealing with the backdoor trot since we got back from the camping trip, and he's feeling really weak and dehydrated.",he's feeling,he's feeling,is_multiword,0,17,17|18,1,0.0319843292236328,0,1.0,,,,,,,,,,,,,,,,,,,,,,,,,,,,,,,my husband's been dealing with the backdoor trot since we got back from the camping trip and <mask> <mask> <mask> <mask> really weak and dehydrated,▁he ' s ▁feeling,4.0,0.0099004210840268,4.6151779890060425,1.1537944972515106,he ' s s,0.0112516480006723,0.1279373168945312,0.0319843292236328,17.0,18.0,0.0,22.0,0.0,2.0
1383,My mother keeps saying she feels blocked up and hasn't had an eartha since last Tuesday.,an eartha,an eartha,is_multiword,0,11,11|12,1,6.991819938023885,0,1.0,,,,,,,,,,,,,,,,,,,,,,,,,,,,,,,my mother keeps saying she feels blocked up and hasn't had <mask> <mask> <mask> since last tuesday,▁an ▁e artha,3.0,4.917326141450952e-13,28.34084129333496,9.44694709777832,any to s,0.0006327839664733,20.97545981407165,6.991819938023885,11.0,12.0,0.0,15.0,0.0,2.0
1384,"Doctor, I haven't had an eartha in three days and my stomach feels like it's about to burst.",had an,had an,is_multiword,0,3,3|4,1,0.5859526991844177,1,1.0,,,,,,,,,,,,,,,,,,,,,,,,,,,,,,,doctor i haven't <mask> <mask> eartha in three days and my stomach feels like it's about to burst,▁had ▁an,2.0,0.0068670629547581,4.981018781661987,2.4905093908309937,been any,0.0221678246103221,1.1719053983688354,0.5859526991844177,3.0,4.0,0.0,17.0,0.0,2.0
1384,"Doctor, I haven't had an eartha in three days and my stomach feels like it's about to burst.",had an eartha,had an eartha,is_multiword,0,3,3|4|5,1,5.580718100070953,0,1.0,,,,,,,,,,,,,,,,,,,,,,,,,,,,,,,doctor i haven't <mask> <mask> <mask> <mask> in three days and my stomach feels like it's about to burst,▁had ▁an ▁e artha,4.0,1.4689645328750136e-14,31.85163354873657,7.962908387184143,been a a s,7.272966946799772e-05,22.322872400283813,5.580718100070953,3.0,5.0,0.0,17.0,0.0,3.0
1384,"Doctor, I haven't had an eartha in three days and my stomach feels like it's about to burst.",had an eartha in,had an eartha in,is_multiword,0,3,3|4|5|6,1,4.1890816450119015,0,1.0,,,,,,,,,,,,,,,,,,,,,,,,,,,,,,,doctor i haven't <mask> <mask> <mask> <mask> <mask> three days and my stomach feels like it's about to burst,▁had ▁an ▁e artha ▁in,5.0,5.006119474557282e-14,30.62553024291992,6.1251060485839846,been a in for for,6.25138755001022e-05,20.94540822505951,4.1890816450119015,3.0,6.0,0.0,17.0,0.0,4.0
1384,"Doctor, I haven't had an eartha in three days and my stomach feels like it's about to burst.",an eartha,an eartha,is_multiword,0,4,4|5,1,7.020247340202332,0,1.0,,,,,,,,,,,,,,,,,,,,,,,,,,,,,,,doctor i haven't had <mask> <mask> <mask> in three days and my stomach feels like it's about to burst,▁an ▁e artha,3.0,6.624284480508259e-13,28.042863845825195,9.347621281941732,a cold breath,0.0009283313551061,21.060742020606995,7.020247340202332,4.0,5.0,0.0,17.0,0.0,2.0
1384,"Doctor, I haven't had an eartha in three days and my stomach feels like it's about to burst.",an eartha in,an eartha in,is_multiword,0,4,4|5|6,1,5.232702255249023,0,1.0,,,,,,,,,,,,,,,,,,,,,,,,,,,,,,,doctor i haven't had <mask> <mask> <mask> <mask> three days and my stomach feels like it's about to burst,▁an ▁e artha ▁in,4.0,1.6571600933563346e-12,27.12591576576233,6.781478941440582,a flu in for,0.0020393854943457,20.930809020996094,5.232702255249023,4.0,6.0,0.0,17.0,0.0,3.0
1384,"Doctor, I haven't had an eartha in three days and my stomach feels like it's about to burst.",eartha in,eartha in,is_multiword,0,5,5|6,1,4.608420093854268,0,1.0,,,,,,,,,,,,,,,,,,,,,,,,,,,,,,,doctor i haven't had an <mask> <mask> <mask> three days and my stomach feels like it's about to burst,▁e artha ▁in,3.0,4.2607682731220116e-09,19.273816347122192,6.4246054490407305,in in in,0.0043025127540022,13.825260281562803,4.608420093854268,5.0,6.0,0.0,17.0,0.0,2.0
1385,"My wife says she hasn't po'd since giving birth, and she's feeling really bloated and uncomfortable.",she's feeling,she's feeling,is_multiword,0,10,10|11,1,0.3170089423656463,0,1.0,,,,,,,,,,,,,,,,,,,,,,,,,,,,,,,my wife says she hasn't po'd since giving birth and <mask> <mask> <mask> <mask> really bloated and uncomfortable,▁she ' s ▁feeling,4.0,0.0005579849140045,7.491178631782532,1.872794657945633,she ' ' is,0.0019830031076103,1.2680357694625854,0.3170089423656463,10.0,11.0,0.0,15.0,0.0,2.0
1392,"My husband’s been complaining about irregular Andy Capp for weeks now, and he’s getting worried about what it might mean.",he’s getting,he's getting,is_multiword,0,12,12|13,1,0.7672262191772461,0,1.0,,,,,,,,,,,,,,,,,,,,,,,,,,,,,,,my husband's been complaining about irregular andy capp for weeks now and <mask> <mask> <mask> <mask> worried about what it might mean,▁he ' s ▁getting,4.0,0.0009840165112786,6.923867881298065,1.7309669703245163,he ' s really,0.0211743866507615,3.0689048767089844,0.7672262191772461,12.0,13.0,0.0,19.0,0.0,2.0
1393,"Doctor, ever since the surgery, I really have to squeeze the diaphragm every time I try to go to the bathroom, and it hurts a lot.",a lot,a lot,is_multiword,0,24,24|25,1,1.97097772359848,1,1.0,,,,,,,,,,,,,,,,,,,,,,,,,,,,,,,doctor ever since the surgery i really have to squeeze the diaphragm every time i try to go to the bathroom and it hurts <mask> <mask>,▁a ▁lot,2.0,0.0010854301041528,6.825778961181641,3.4128894805908203,too much,0.0559205405852736,3.94195544719696,1.97097772359848,24.0,25.0,0.0,25.0,0.0,2.0
1402,"Doctor, my toddler has been having this problem where it's bombs away every time he eats anything with dairy.",bombs away,bombs away,is_multiword,1,10,10|11,1,5.219960769017537,0,1.0,,,,,,,,,,,,,,,,,,,,,,,,,,,,,,,doctor my toddler has been having this problem where it's <mask> <mask> <mask> every time he eats anything with dairy,▁bomb s ▁away,3.0,4.875368732222576e-11,23.744240283966064,7.914746761322021,getting to him,0.0003083244325588,15.659882307052612,5.219960769017537,10.0,11.0,0.0,18.0,0.0,2.0
1403,"Doctor, my husband says he feels fine, but I've noticed he's been running to the bathroom for bombs away at least five times a day.",for bombs,for bombs,is_multiword,0,16,16|17,1,4.4241751829783125,0,1.0,,,,,,,,,,,,,,,,,,,,,,,,,,,,,,,doctor my husband says he feels fine but i've noticed he's been running to the bathroom <mask> <mask> <mask> away at least five times a day,▁for ▁bomb s,3.0,1.0220040484957952e-08,18.39891529083252,6.13297176361084,and he s,0.0059379593886307,13.272525548934937,4.4241751829783125,16.0,17.0,0.0,24.0,0.0,2.0
1403,"Doctor, my husband says he feels fine, but I've noticed he's been running to the bathroom for bombs away at least five times a day.",for bombs away,for bombs away,is_multiword,0,16,16|17|18,1,3.9534815549850464,0,1.0,,,,,,,,,,,,,,,,,,,,,,,,,,,,,,,doctor my husband says he feels fine but i've noticed he's been running to the bathroom <mask> <mask> <mask> <mask> at least five times a day,▁for ▁bomb s ▁away,4.0,1.7422117075482425e-11,24.77328062057495,6.193320155143738,and the to s,0.0001285292053281,15.813926219940186,3.9534815549850464,16.0,18.0,0.0,24.0,0.0,3.0
1403,"Doctor, my husband says he feels fine, but I've noticed he's been running to the bathroom for bombs away at least five times a day.",bombs away,bombs away,is_multiword,1,17,17|18,1,7.996190269788106,1,1.0,,,,,,,,,,,,,,,,,,,,,,,,,,,,,,,doctor my husband says he feels fine but i've noticed he's been running to the bathroom for <mask> <mask> <mask> at least five times a day,▁bomb s ▁away,3.0,6.300987767349726e-13,28.092899799346924,9.36429993311564,a minutes or,0.0165010875193722,23.98857080936432,7.996190269788106,17.0,18.0,0.0,24.0,0.0,2.0
1404,"My son keeps having these sudden kangaroo shit episodes during the day, and he's been complaining his tummy hurts right before it happens.",kangaroo shit,kangaroo shit,is_multiword,1,6,6|7,1,8.059578716754913,0,1.0,,,,,,,,,,,,,,,,,,,,,,,,,,,,,,,my son keeps having these sudden <mask> <mask> <mask> <mask> episodes during the day and he's been complaining his tummy hurts right before it happens,▁kang aro o ▁shit,4.0,1.1872619838272878e-19,43.57746696472168,10.89436674118042,and s s ing,1.1897858908362327e-05,32.23831486701965,8.059578716754913,6.0,7.0,0.0,22.0,0.0,2.0
1405,"Doctor, I've been having this kangaroo shit problem for weeks—it's like my bowels just empty out without any warning, and I can't control it.",bowels just,bowels just,is_multiword,0,13,13|14,1,3.704416334629059,0,1.0,,,,,,,,,,,,,,,,,,,,,,,,,,,,,,,doctor i've been having this kangaroo shit problem for weeks-it's like my bowels <mask> <mask> out without any warning and i can't control it,▁just ▁empty,2.0,7.367965718751144e-06,11.818368911743164,5.909184455871582,are coming,0.0121608166925265,7.408832669258118,3.704416334629059,13.0,14.0,0.0,23.0,0.0,2.0
1405,"Doctor, I've been having this kangaroo shit problem for weeks—it's like my bowels just empty out without any warning, and I can't control it.",bowels just empty,bowels just empty,is_multiword,0,13,13|14|15,1,2.8145192861557007,0,1.0,,,,,,,,,,,,,,,,,,,,,,,,,,,,,,,doctor i've been having this kangaroo shit problem for weeks-it's like my bowels <mask> <mask> <mask> without any warning and i can't control it,▁just ▁empty ▁out,3.0,2.707209844764548e-07,15.122177124023438,5.0407257080078125,are to ing,0.0012575130660386,8.443557858467102,2.8145192861557007,13.0,15.0,0.0,23.0,0.0,3.0
1405,"Doctor, I've been having this kangaroo shit problem for weeks—it's like my bowels just empty out without any warning, and I can't control it.",bowels just empty out,bowels just empty out,is_multiword,0,13,13|14|15|16,1,3.2468528151512146,0,1.0,,,,,,,,,,,,,,,,,,,,,,,,,,,,,,,doctor i've been having this kangaroo shit problem for weeks-it's like my bowels <mask> <mask> <mask> <mask> any warning and i can't control it,▁just ▁empty ▁out ▁without,4.0,1.851921585191684e-08,17.80445694923401,4.451114237308502,are ' t without,0.0080906541780439,12.987411260604858,3.2468528151512146,13.0,16.0,0.0,23.0,0.0,4.0
1405,"Doctor, I've been having this kangaroo shit problem for weeks—it's like my bowels just empty out without any warning, and I can't control it.",just empty,just empty,is_multiword,0,14,14|15,1,2.799924850463867,0,1.0,,,,,,,,,,,,,,,,,,,,,,,,,,,,,,,doctor i've been having this kangaroo shit problem for weeks-it's like my bowels just <mask> <mask> without any warning and i can't control it,▁empty ▁out,2.0,3.5303363467174304e-05,10.251532316207886,5.125766158103943,go out,0.0095455269608199,5.599849700927734,2.799924850463867,14.0,15.0,0.0,23.0,0.0,2.0
1405,"Doctor, I've been having this kangaroo shit problem for weeks—it's like my bowels just empty out without any warning, and I can't control it.",just empty out,just empty out,is_multiword,0,14,14|15|16,1,2.712824543317159,0,1.0,,,,,,,,,,,,,,,,,,,,,,,,,,,,,,,doctor i've been having this kangaroo shit problem for weeks-it's like my bowels just <mask> <mask> <mask> any warning and i can't control it,▁empty ▁out ▁without,3.0,6.626581752888938e-06,11.924421459436417,3.974807153145472,start ' without,0.0226873488444024,8.138473629951477,2.712824543317159,14.0,16.0,0.0,23.0,0.0,3.0
1405,"Doctor, I've been having this kangaroo shit problem for weeks—it's like my bowels just empty out without any warning, and I can't control it.",empty out,empty out,is_multiword,0,15,15|16,1,0.0,0,1.0,,,,,,,,,,,,,,,,,,,,,,,,,,,,,,,doctor i've been having this kangaroo shit problem for weeks-it's like my bowels just empty <mask> <mask> any warning and i can't control it,▁out ▁without,2.0,0.2060341843194746,1.5797131806612017,0.7898565903306007,out without,0.2060341843194746,0.0,0.0,15.0,16.0,0.0,23.0,0.0,2.0
1407,"Doctor, my son's been feeling really backed up and he had a hard hit this morning that left him in tears.",backed up,backed up,is_multiword,0,6,6|7,1,3.728123903274536,1,1.0,,,,,,,,,,,,,,,,,,,,,,,,,,,,,,,doctor my son's been feeling really <mask> <mask> <mask> and he had a hard hit this morning that left him in tears,▁back ed ▁up,3.0,1.4314065769949515e-08,18.0620231628418,6.020674387613933,bad this tely,0.001030561527443,11.184371709823608,3.728123903274536,6.0,7.0,0.0,20.0,0.0,2.0
1408,"Doctor, my son hasn't had an egon in three days and he's been complaining his tummy hurts.",egon in,egon in,is_multiword,0,6,6|7,1,9.469419360160828,0,1.0,,,,,,,,,,,,,,,,,,,,,,,,,,,,,,,doctor my son hasn't had an <mask> <mask> three days and he's been complaining his tummy hurts,▁egon ▁in,2.0,1.0840115080580256e-09,20.642597317695618,10.321298658847809,appointment for,0.1819981790138209,18.93883872032165,9.469419360160828,6.0,7.0,0.0,16.0,0.0,2.0
1413,My wife is eight months pregnant and she says the call of nature is so painful and urgent that she's scared to leave the house.,she's scared,she's scared,is_multiword,0,19,19|20,1,1.5481766223907472,0,1.0,,,,,,,,,,,,,,,,,,,,,,,,,,,,,,,my wife is eight months pregnant and she says the call of nature is so painful and urgent that <mask> <mask> <mask> <mask> <mask> to leave the house,▁she ' s ▁scar ed,5.0,5.767691081675298e-09,18.970993995666504,3.7941987991333006,she is s t her,1.3268591144584354e-05,7.740883111953735,1.5481766223907472,19.0,20.0,0.0,24.0,0.0,2.0
1414,"Doctor, my three-year-old hasn't had a proper dump in four days and she keeps crying when she tries to go.",proper dump,proper dump,is_multiword,0,7,7|8,1,5.651233553886414,1,1.0,,,,,,,,,,,,,,,,,,,,,,,,,,,,,,,doctor my three-year-old hasn't had a proper <mask> <mask> <mask> four days and she keeps crying when she tries to go,▁du mp ▁in,3.0,3.4268278642651065e-10,21.79421591758728,7.26473863919576,bath for almost,0.0079029809445564,16.95370066165924,5.651233553886414,7.0,8.0,0.0,19.0,0.0,2.0
1414,"Doctor, my three-year-old hasn't had a proper dump in four days and she keeps crying when she tries to go.",keeps crying,keeps crying,is_multiword,0,14,14|15,1,1.2693633238474529,1,1.0,,,,,,,,,,,,,,,,,,,,,,,,,,,,,,,doctor my three-year-old hasn't had a proper dump in four days and she keeps <mask> <mask> <mask> she tries to go,▁cry ing ▁when,3.0,0.0001579285972501,8.75336754322052,2.917789181073507,getting ing when,0.0071169389291913,3.8080899715423584,1.2693633238474529,14.0,15.0,0.0,19.0,0.0,2.0
1415,"My husband says he can't get a good dump out without straining, and there's been some blood on the toilet paper.",dump out,dump out,is_multiword,0,8,8|9,1,3.290889779726664,0,1.0,,,,,,,,,,,,,,,,,,,,,,,,,,,,,,,my husband says he can't get a good <mask> <mask> <mask> without straining and there's been some blood on the toilet paper,▁du mp ▁out,3.0,1.7509449484152177e-08,17.860525131225586,5.953508377075195,toilet of day,0.0003395613935737,9.872669339179993,3.290889779726664,8.0,9.0,0.0,20.0,0.0,2.0
1416,"Doctor, my little boy has been crying every time he tries to go number two, and I’m worried something’s wrong inside.",number two,number two,is_multiword,0,13,13|14,1,9.3561190366745,1,1.0,,,,,,,,,,,,,,,,,,,,,,,,,,,,,,,doctor my little boy has been crying every time he tries to go <mask> <mask> and i'm worried something's wrong inside,▁number ▁two,2.0,6.649644237872405e-10,21.131287574768063,10.565643787384031,to bed,0.0890061775113341,18.712238073349,9.3561190366745,13.0,14.0,0.0,20.0,0.0,2.0
1421,"Doctor, my little boy keeps saying his tummy hurts and he hasn't had a jim crack in three days.",jim crack,jim crack,is_multiword,1,14,14|15,1,8.223688006401062,0,1.0,,,,,,,,,,,,,,,,,,,,,,,,,,,,,,,doctor my little boy keeps saying his tummy hurts and he hasn't had a <mask> <mask> in three days,▁jim ▁crack,2.0,1.3930079492863024e-10,22.694385528564453,11.347192764282228,tum problem,0.0019362357695265,16.447376012802124,8.223688006401062,14.0,15.0,0.0,18.0,0.0,2.0
1422,My mom's been complaining of constipation and says she feels better only after a good jim crack.,jim crack,jim crack,is_multiword,1,15,15|16,1,13.949226588010788,1,1.0,,,,,,,,,,,,,,,,,,,,,,,,,,,,,,,my mom's been complaining of constipation and says she feels better only after a good <mask> <mask>,▁jim ▁crack,2.0,9.463107238215361e-14,29.98879051208496,14.99439525604248,time .,0.1236454187227026,27.898453176021576,13.949226588010788,15.0,16.0,0.0,16.0,0.0,2.0
1429,"My mother keeps saying she feels too backed up to brown, and she's been complaining of stomach cramps all week.",backed up,backed up,is_multiword,0,7,7|8,1,4.3651695648829145,0,1.0,,,,,,,,,,,,,,,,,,,,,,,,,,,,,,,my mother keeps saying she feels too <mask> <mask> <mask> to brown and she's been complaining of stomach cramps all week,▁back ed ▁up,3.0,2.8493888928619283e-09,19.676161289215088,6.558720429738362,tired and her,0.0013869438873913,13.095508694648744,4.3651695648829145,7.0,8.0,0.0,19.0,0.0,2.0
1439,"My wife keeps complaining about a sharp pain in her jaw, and she's convinced she needs to see a tusk jerker right away.",tusk jerker,tusk jerker,is_multiword,1,19,19|20,1,7.023427858948708,0,1.0,,,,,,,,,,,,,,,,,,,,,,,,,,,,,,,my wife keeps complaining about a sharp pain in her jaw and she's convinced she needs to see a <mask> <mask> <mask> <mask> right away,▁tu sk ▁jer ker,4.0,5.2916998974069675e-17,37.47780704498291,9.369451761245728,doctor to her doctor,8.405025962425891e-05,28.09371143579483,7.023427858948708,19.0,20.0,0.0,22.0,0.0,2.0
1441,"Doctor, I think my son needs to see an ivory carpenter—he’s been crying all night with a toothache and won’t let me look in his mouth.",an ivory,an ivory,is_multiword,0,8,8|9,1,4.158261448144913,0,1.0,,,,,,,,,,,,,,,,,,,,,,,,,,,,,,,doctor i think my son needs to see <mask> <mask> <mask> <mask> carpenter-he's been crying all night with a toothache and won't let me look in his mouth,▁an ▁i vor y,4.0,3.3936023765880286e-11,24.106544017791748,6.026636004447937,a doctor ' the,0.000567938042549,16.63304579257965,4.158261448144913,8.0,9.0,0.0,25.0,0.0,2.0
1441,"Doctor, I think my son needs to see an ivory carpenter—he’s been crying all night with a toothache and won’t let me look in his mouth.",an ivory carpenter,an ivory carpenter,is_multiword,0,8,8|9|10,1,4.0531974759968845,0,1.0,,,,,,,,,,,,,,,,,,,,,,,,,,,,,,,doctor i think my son needs to see <mask> <mask> <mask> <mask> <mask> <mask> <mask> <mask> <mask> <mask> <mask> been crying all night with a toothache and won't let me look in his mouth,▁an ▁i vor y ▁car pen ter - he ' s,11.0,7.471043782735852e-31,69.36910316348076,6.306282105770978,me doctor doctor he ' ' he he he he s,1.7237550769581782e-11,44.58517223596573,4.0531974759968845,8.0,10.0,0.0,25.0,0.0,3.0
1441,"Doctor, I think my son needs to see an ivory carpenter—he’s been crying all night with a toothache and won’t let me look in his mouth.",an ivory carpenter he’s,an ivory carpenter he's,is_multiword,0,8,8|9|10|11,1,4.0458732942740125,0,1.0,,,,,,,,,,,,,,,,,,,,,,,,,,,,,,,doctor i think my son needs to see <mask> <mask> <mask> <mask> <mask> <mask> <mask> <mask> <mask> <mask> <mask> <mask> crying all night with a toothache and won't let me look in his mouth,▁an ▁i vor y ▁car pen ter - he ' s ▁been,12.0,2.7541762717105345e-33,74.9721896648407,6.247682472070058,me doctor doctor he he he he he he he he been,3.351174838364316e-12,48.55047953128815,4.0458732942740125,8.0,11.0,0.0,25.0,0.0,4.0
1441,"Doctor, I think my son needs to see an ivory carpenter—he’s been crying all night with a toothache and won’t let me look in his mouth.",ivory carpenter,ivory carpenter,is_multiword,1,9,9|10,1,4.688383555412292,1,1.0,,,,,,,,,,,,,,,,,,,,,,,,,,,,,,,doctor i think my son needs to see an <mask> <mask> <mask> <mask> <mask> <mask> <mask> <mask> <mask> <mask> been crying all night with a toothache and won't let me look in his mouth,▁i vor y ▁car pen ter - he ' s,10.0,6.1014023765920896e-30,67.26903414726257,6.726903414726257,eye doctor he he he he he he he s,1.4022347918405071e-09,46.883835554122925,4.688383555412292,9.0,10.0,0.0,25.0,0.0,2.0
1441,"Doctor, I think my son needs to see an ivory carpenter—he’s been crying all night with a toothache and won’t let me look in his mouth.",ivory carpenter he’s,ivory carpenter he's,is_multiword,0,9,9|10|11,1,4.568131219257008,0,1.0,,,,,,,,,,,,,,,,,,,,,,,,,,,,,,,doctor i think my son needs to see an <mask> <mask> <mask> <mask> <mask> <mask> <mask> <mask> <mask> <mask> <mask> crying all night with a toothache and won't let me look in his mouth,▁i vor y ▁car pen ter - he ' s ▁been,11.0,2.6328614853597283e-32,72.71465170383453,6.610422882166776,eye doctor he he he he he he he he been,1.7517979104299594e-10,50.24944341182709,4.568131219257008,9.0,11.0,0.0,25.0,0.0,3.0
1441,"Doctor, I think my son needs to see an ivory carpenter—he’s been crying all night with a toothache and won’t let me look in his mouth.",carpenter he’s,carpenter he's,is_multiword,0,10,10|11,1,3.623090296983719,0,1.0,,,,,,,,,,,,,,,,,,,,,,,,,,,,,,,doctor i think my son needs to see an ivory <mask> <mask> <mask> <mask> <mask> <mask> <mask> <mask> crying all night with a toothache and won't let me look in his mouth,▁car pen ter - he ' s ▁been,8.0,8.259893113952349e-20,43.940290212631226,5.492536276578903,dentist . he he he he he been,3.198007034920432e-07,28.98472237586975,3.623090296983719,10.0,11.0,0.0,25.0,0.0,2.0
1442,"Doctor, my son's been terrified of the fang-lifter ever since his last visit—he won't even open his mouth for me to check his teeth.",fang-lifter ever,fang-lifter ever,is_multiword,0,7,7|8,1,5.577057619889577,0,1.0,,,,,,,,,,,,,,,,,,,,,,,,,,,,,,,doctor my son's been terrified of the <mask> <mask> <mask> <mask> <mask> <mask> since his last visit-he won't even open his mouth for me to check his teeth,▁ fang - lift er ▁ever,6.0,2.2953863870379767e-21,47.523385763168335,7.920564293861389,te of he his te eth,7.822902169494615e-07,33.46234571933746,5.577057619889577,7.0,8.0,0.0,23.0,0.0,2.0
1446,"Doctor, my son's been complaining about a sharp pain in his back tooth ever since that jawbreaker pulled his last molar—could it be infected?",jawbreaker pulled,jawbreaker pulled,is_multiword,0,16,16|17,1,5.6868887662887575,0,1.0,,,,,,,,,,,,,,,,,,,,,,,,,,,,,,,doctor my son's been complaining about a sharp pain in his back tooth ever since that <mask> <mask> <mask> <mask> <mask> his last molar-could it be infected,▁ja w break er ▁pulled,5.0,5.868512803810503e-18,39.67693042755127,7.935386085510254,he he he he on,1.3105394795138617e-05,28.434443831443787,5.6868887662887575,16.0,17.0,0.0,23.0,0.0,2.0
1448,"My mom's dentures have been rubbing a sore spot, so I brought her in to have the tooth carpenter check the fit.",tooth carpenter,tooth carpenter,is_multiword,1,17,17|18,1,8.004214644432068,0,1.0,,,,,,,,,,,,,,,,,,,,,,,,,,,,,,,my mom's dentures have been rubbing a sore spot so i brought her in to have the <mask> <mask> <mask> <mask> <mask> check the fit,▁to oth ▁car pen ter,5.0,1.7109415306141878e-22,50.11982822418213,10.023965644836426,den tures and and to,4.113073103878386e-05,40.02107322216034,8.004214644432068,17.0,18.0,0.0,21.0,0.0,2.0
1450,"Doctor, my little girl has been refusing to eat anything hard and keeps pointing to her mouth—I think we need to see a tooth yanker soon.",tooth yanker,tooth yanker,is_multiword,1,24,24|25,1,6.269360939661662,0,1.0,,,,,,,,,,,,,,,,,,,,,,,,,,,,,,,doctor my little girl has been refusing to eat anything hard and keeps pointing to her mouth-i think we need to see a tooth <mask> <mask> <mask>,▁ya nker ▁soon,3.0,4.992696042359e-12,26.0230450630188,8.6743483543396,paste . </s>,0.0007354983626971,18.808082818984985,6.269360939661662,24.0,25.0,0.0,25.0,0.0,2.0
1451,"My husband’s been complaining about a sharp pain in his molar for days, so I finally dragged him in to talk to a tooth yanker.",tooth yanker,tooth yanker,is_multiword,1,23,23|24,1,7.853159934282303,0,1.0,,,,,,,,,,,,,,,,,,,,,,,,,,,,,,,my husband's been complaining about a sharp pain in his molar for days so i finally dragged him in to talk to a <mask> <mask> <mask> <mask>,▁to oth ▁ya nker,4.0,8.571065909807963e-18,39.29813957214356,9.824534893035889,doctor of . .,0.0003761585473323,31.41263973712921,7.853159934282303,23.0,24.0,0.0,24.0,0.0,2.0
1454,"Doctor, my son has been crying all night about his toothache, and I think we need to see the fang faker.",fang faker,fang faker,is_multiword,1,19,19|20,1,9.239642962813376,1,1.0,,,,,,,,,,,,,,,,,,,,,,,,,,,,,,,doctor my son has been crying all night about his toothache and i think we need to see the <mask> <mask> <mask> <mask>,▁ fang ▁fa ker,4.0,1.460353005584899e-19,43.37043857574463,10.842609643936155,doctor doctor doctor .,0.0016419565589372,36.95857185125351,9.239642962813376,19.0,20.0,0.0,20.0,0.0,2.0
1455,My wife's been avoiding chewing on the right side for days—could you recommend a good fang faker for her?,fang faker,fang faker,is_multiword,1,16,16|17,1,4.1694282690684,0,1.0,,,,,,,,,,,,,,,,,,,,,,,,,,,,,,,my wife's been avoiding chewing on the right side for days-could you recommend a good fang <mask> <mask> <mask> her,▁fa ker ▁for,3.0,2.4971349046336813e-09,19.80812180042267,6.602707266807556,- to for,0.0006756489015714,12.5082848072052,4.1694282690684,16.0,17.0,0.0,18.0,0.0,2.0
1461,"Doctor, I've been having this sharp pain in my back tooth for days—do I need to see an ivory smith before it gets worse?",an ivory,an ivory,is_multiword,0,18,18|19,1,3.94713146686554,0,1.0,,,,,,,,,,,,,,,,,,,,,,,,,,,,,,,doctor i've been having this sharp pain in my back tooth for days-do i need to see an <mask> <mask> <mask> <mask> <mask> before it gets worse,▁i vor y ▁ smith,5.0,4.412480425208365e-15,33.05433940887451,6.610867881774903,eye or or or soon,1.6435006069369757e-06,19.735657334327698,3.94713146686554,18.0,19.0,0.0,23.0,0.0,2.0
1461,"Doctor, I've been having this sharp pain in my back tooth for days—do I need to see an ivory smith before it gets worse?",an ivory smith,an ivory smith,is_multiword,0,18,18|19|20,1,3.8812472224235535,0,1.0,,,,,,,,,,,,,,,,,,,,,,,,,,,,,,,doctor i've been having this sharp pain in my back tooth for days-do i need to see an <mask> <mask> <mask> <mask> <mask> <mask> it gets worse,▁i vor y ▁ smith ▁before,6.0,2.143664589376772e-17,38.3814297914505,6.39690496524175,eye or for to see if,2.784725191624828e-07,23.28748333454132,3.8812472224235535,18.0,20.0,0.0,23.0,0.0,3.0
1461,"Doctor, I've been having this sharp pain in my back tooth for days—do I need to see an ivory smith before it gets worse?",ivory smith,ivory smith,is_multiword,1,19,19|20,1,1.377496023972829,0,1.0,,,,,,,,,,,,,,,,,,,,,,,,,,,,,,,doctor i've been having this sharp pain in my back tooth for days-do i need to see an ivory <mask> <mask> <mask> it gets worse,▁ smith ▁before,3.0,4.54697561126805e-05,9.998463153839111,3.332821051279704,dentist doctor before,0.0028342580638663,4.132488071918488,1.377496023972829,19.0,20.0,0.0,23.0,0.0,2.0
1463,"My husband's gums have been bleeding non-stop, and I'm worried he needs to see a fang hustler before it gets worse.",fang hustler,fang hustler,is_multiword,1,15,15|16,1,8.898121044039726,1,1.0,,,,,,,,,,,,,,,,,,,,,,,,,,,,,,,my husband's gums have been bleeding non-stop and i'm worried he needs to see a <mask> <mask> <mask> <mask> before it gets worse,▁ fang ▁hus tler,4.0,3.63907759376336e-20,44.75997161865234,11.189992904663086,doctor for dentist soon,0.0001043784373653,35.592484176158905,8.898121044039726,15.0,16.0,0.0,20.0,0.0,2.0
1466,"Doctor, my son has been complaining of a toothache for days—should we take him to see an ivory-carpenter?",an ivory-carpenter,an ivory-carpenter,is_multiword,0,17,,1,,0,1.0,,,,,,,,,,,,,,,,,,,,,,,,,,,,,,,,,,,,,,,,,,,,,,
1467,My husband's been avoiding hard foods because his gum is swollen; do you think we need to call an ivory-carpenter?,an ivory-carpenter,an ivory-carpenter,is_multiword,0,18,18|19,1,5.7205724865198135,0,1.0,,,,,,,,,,,,,,,,,,,,,,,,,,,,,,,my husband's been avoiding hard foods because his gum is swollen do you think we need to call <mask> <mask> <mask> <mask> <mask> <mask> <mask> <mask>,▁an ▁i vor y - car pen ter,8.0,1.2465436514225387e-28,64.2520079612732,8.03150099515915,him doctor for for for for it ?,9.35431531488558e-09,45.76457989215851,5.7205724865198135,18.0,19.0,0.0,19.0,0.0,2.0
1469,"My husband’s been avoiding hard foods for weeks because his gums are so swollen, and I’m wondering if it’s time we book him an appointment with a bone-bender.",we book,we book,is_multiword,0,20,20|21,1,4.709514634683728,0,1.0,,,,,,,,,,,,,,,,,,,,,,,,,,,,,,,my husband's been avoiding hard foods for weeks because his gums are so swollen and i'm wondering if it's time <mask> <mask> him an appointment with a bone-bender,▁we ▁book,2.0,5.3082451247936415e-05,9.843664169311523,4.921832084655762,to make,0.6540085200933878,9.419029269367456,4.709514634683728,20.0,21.0,0.0,27.0,0.0,2.0
1470,"Doctor, I’ve been avoiding the gum-tickler for years, but this toothache’s got me scared it’s too late.",toothache’s got,toothache's got,is_multiword,0,10,10|11,1,3.7003580729166665,1,1.0,,,,,,,,,,,,,,,,,,,,,,,,,,,,,,,doctor i've been avoiding the gum-tickler for years but this <mask> <mask> <mask> <mask> <mask> <mask> me scared it's too late,▁too thach e ' s ▁got,6.0,7.05931522052481e-16,34.88701343536377,5.814502239227295,is s s it to makes,3.0976555776389742e-06,22.2021484375,3.7003580729166665,10.0,11.0,0.0,16.0,0.0,2.0
1474,"My wife’s been avoiding chewing on the left side for weeks, and I think she needs to see a tooth carpenter to check for a crack.",tooth carpenter,tooth carpenter,is_multiword,1,19,19|20,1,6.544422709941864,0,1.0,,,,,,,,,,,,,,,,,,,,,,,,,,,,,,,my wife's been avoiding chewing on the left side for weeks and i think she needs to see a <mask> <mask> <mask> <mask> <mask> to check for a crack,▁to oth ▁car pen ter,5.0,3.091434565403992e-20,44.92306661605835,8.98461332321167,doctor doctor and the s,5.025663533096996e-06,32.72211354970932,6.544422709941864,19.0,20.0,0.0,25.0,0.0,2.0
1475,My son has been complaining about a sharp pain in his back molar—could you refer us to a good tooth carpenter?,back molar,back molar,is_multiword,0,11,11|12,1,7.282028090208769,1,1.0,,,,,,,,,,,,,,,,,,,,,,,,,,,,,,,my son has been complaining about a sharp pain in his <mask> <mask> <mask> <mask> <mask> <mask> you refer us to a good tooth carpenter,▁back ▁mo lar - co uld,6.0,7.640989539510724e-23,50.92593002319336,8.48765500386556,to oth oth </s> </s> can,0.0007218007101179,43.69216854125261,7.282028090208769,11.0,12.0,0.0,20.0,0.0,2.0
1475,My son has been complaining about a sharp pain in his back molar—could you refer us to a good tooth carpenter?,tooth carpenter,tooth carpenter,is_multiword,1,20,,1,,0,1.0,,,,,,,,,,,,,,,,,,,,,,,,,,,,,,,,,,,,,,,,,,,,,,
1476,"Doctor, my son has been complaining about a sharp pain in his back tooth—can you recommend a good fang farrier for him?",fang farrier,fang farrier,is_multiword,1,19,19|20,1,4.73831832408905,0,1.0,,,,,,,,,,,,,,,,,,,,,,,,,,,,,,,doctor my son has been complaining about a sharp pain in his back tooth-can you recommend a good fang <mask> <mask> <mask> him,▁far rier ▁for,3.0,4.065566734492812e-09,19.320712685585026,6.440237561861674,to oth for,0.0060617441103686,14.21495497226715,4.73831832408905,19.0,20.0,0.0,21.0,0.0,2.0
1477,"My husband’s been avoiding the fang farrier for years, but now his gums are so swollen he can barely eat.",fang farrier,fang farrier,is_multiword,1,5,5|6,1,6.5563057363033295,0,1.0,,,,,,,,,,,,,,,,,,,,,,,,,,,,,,,my husband's been avoiding the <mask> <mask> <mask> <mask> for years but now his gums are so swollen he can barely eat,▁ fang ▁far rier,4.0,2.5997014654438034e-16,35.88596487045288,8.97149121761322, of gum s,6.373721613569694e-05,26.22522294521332,6.5563057363033295,5.0,6.0,0.0,19.0,0.0,2.0
1481,"Doctor, I'm sorry to bother you, but my tooth plugger said this abscess needs a specialist—he couldn't handle it himself.",tooth plugger,tooth plugger,is_multiword,1,8,8|9,1,7.896834492683411,1,1.0,,,,,,,,,,,,,,,,,,,,,,,,,,,,,,,doctor i'm sorry to bother you but my <mask> <mask> <mask> <mask> said this abscess needs a specialist-he couldn't handle it himself,▁to oth ▁plug ger,4.0,7.683200370259553e-18,39.40749549865723,9.851873874664308,doctor doctor doctor doctor,0.0004015584211564,31.587337970733643,7.896834492683411,8.0,9.0,0.0,19.0,0.0,2.0
1485,"My mom keeps saying her gums are too sore to chew, so I'm wondering if we should get her a referral to a tooth doctor.",tooth doctor,tooth doctor,is_multiword,1,23,23|24,1,5.581277231375377,1,1.0,,,,,,,,,,,,,,,,,,,,,,,,,,,,,,,my mom keeps saying her gums are too sore to chew so i'm wondering if we should get her a referral to a <mask> <mask> <mask>,▁to oth ▁doctor,3.0,1.1823094544967923e-09,20.555796146392822,6.851932048797607,dental dentist .,0.0221047126244281,16.74383169412613,5.581277231375377,23.0,24.0,0.0,24.0,0.0,2.0
1486,"My son keeps complaining his jaw hurts and he won't let me look inside his mouth—should I take him to a tusk-hoister, or is this something you can handle first?",a tusk-hoister,a tusk-hoister,is_multiword,0,21,21|22,1,5.231195310751597,0,1.0,,,,,,,,,,,,,,,,,,,,,,,,,,,,,,,my son keeps complaining his jaw hurts and he won't let me look inside his mouth-should i take him to a <mask> <mask> <mask> <mask> <mask> <mask> is this something you can handle first,▁tu sk - ho ister ▁or,6.0,8.294303484582237e-20,43.93613290786743,7.322688817977905,doctor or ? </s> </s> </s>,3.548587065728178e-06,31.387171864509583,5.231195310751597,21.0,22.0,0.0,29.0,0.0,2.0
1488,"My son's been through rehab twice, but he keeps relapsing—could you please put him on the rat-tail cure to finally break this cycle?",son's been,son's been,is_multiword,0,1,1|2,1,1.110477477312088,0,1.0,,,,,,,,,,,,,,,,,,,,,,,,,,,,,,,my <mask> <mask> <mask> <mask> through rehab twice but he keeps relapsing-could you please put him on the rat-tail cure to finally break this cycle,▁son ' s ▁been,4.0,5.076985458321015e-05,9.88820779323578,2.4720519483089447,son has has been,0.0043122395873609,4.441909909248352,1.110477477312088,1.0,2.0,0.0,22.0,0.0,2.0
1489,"Doctor, I've been trying to get off the painkillers on my own, but the withdrawal is too much—I think I need that rat-tail cure you mentioned.",get off,get off,is_multiword,0,5,5|6,1,0.5482940077781677,0,1.0,,,,,,,,,,,,,,,,,,,,,,,,,,,,,,,doctor i've been trying to <mask> <mask> the painkillers on my own but the withdrawal is too much-i think i need that rat-tail cure you mentioned,▁get ▁off,2.0,0.0205316711152902,3.8857866525650016,1.9428933262825008,get all,0.0614704543298023,1.0965880155563354,0.5482940077781677,5.0,6.0,0.0,25.0,0.0,2.0
1489,"Doctor, I've been trying to get off the painkillers on my own, but the withdrawal is too much—I think I need that rat-tail cure you mentioned.",rat-tail cure,rat-tail cure,is_multiword,1,23,23|24,1,1.6198137998580933,0,1.0,,,,,,,,,,,,,,,,,,,,,,,,,,,,,,,doctor i've been trying to get off the painkillers on my own but the withdrawal is too much-i think i need that rat-tail <mask> <mask> mentioned,▁cure ▁you,2.0,0.0021951015779437,6.121526956558228,3.0607634782791138,that you,0.0560282440788543,3.2396275997161865,1.6198137998580933,23.0,24.0,0.0,25.0,0.0,2.0
1494,"Doctor, my son has been acting really strange and irritable since I stopped giving him his usual medication—I think he might need a slack-off cure.",really strange,really strange,is_multiword,0,6,6|7,1,2.28962516784668,0,1.0,,,,,,,,,,,,,,,,,,,,,,,,,,,,,,,doctor my son has been acting <mask> <mask> and irritable since i stopped giving him his usual medication-i think he might need a slack-off cure,▁really ▁strange,2.0,3.124098280338597e-05,10.373779773712158,5.186889886856079,very ly,0.0030441625568744,4.579250335693359,2.28962516784668,6.0,7.0,0.0,24.0,0.0,2.0
1495,"My husband can’t seem to function without his pills, and he’s been shaking and sweating—could a slack-off cure help him get through this?",slack-off cure,slack-off cure,is_multiword,1,17,17|18,1,3.0582580268383026,0,1.0,,,,,,,,,,,,,,,,,,,,,,,,,,,,,,,my husband can't seem to function without his pills and he's been shaking and sweating-could a slack-off <mask> <mask> him get through this,▁cure ▁help,2.0,0.0008372478212436,7.085390448570252,3.5426952242851257,pill help,0.3795099761435621,6.116516053676605,3.0582580268383026,17.0,18.0,0.0,22.0,0.0,2.0
1496,My husband needs help to sweat it out safely—he’s been shaking and vomiting since he stopped the pills cold turkey.,it out,it out,is_multiword,0,6,6|7,1,3.0769596695899963,1,1.0,,,,,,,,,,,,,,,,,,,,,,,,,,,,,,,my husband needs help to sweat <mask> <mask> safely-he's been shaking and vomiting since he stopped the pills cold turkey,▁it ▁out,2.0,5.797979811560875e-05,9.755415916442873,4.877707958221436,his night,0.0272828609693467,6.153919339179993,3.0769596695899963,6.0,7.0,0.0,19.0,0.0,2.0
1498,"Doctor, I think my son might need a quarry cure—he's been through withdrawal before but keeps relapsing on the opioids.",he's been,he's been,is_multiword,0,10,10|11,1,4.376701347529888,1,1.0,,,,,,,,,,,,,,,,,,,,,,,,,,,,,,,doctor i think my son might need a quarry cure-he's <mask> <mask> withdrawal before but keeps relapsing on the opioids,▁been ▁through,2.0,4.227079092693005e-05,10.071414232254028,5.035707116127014,had a,0.2676670190525366,8.753402695059776,4.376701347529888,10.0,11.0,0.0,19.0,0.0,2.0
1500,"""I keep getting this uncomfortable big belly after meals, like my stomach is swelling up, and I wanted to check if it's something serious.""",keep getting,keep getting,is_multiword,0,1,1|2,1,0.9822139143943788,1,1.0,,,,,,,,,,,,,,,,,,,,,,,,,,,,,,,i <mask> <mask> this uncomfortable big belly after meals like my stomach is swelling up and i wanted to check if it's something serious,▁keep ▁getting,2.0,0.0068980781711249,4.976512432098389,2.4882562160491943,always getting,0.0491890321896429,1.964427828788757,0.9822139143943788,1.0,2.0,0.0,23.0,0.0,2.0
1508,"""My wife said I look like I've got a frog belly, and it's getting hard to button my pants even in the morning.""",I've got,i've got,is_multiword,0,6,6|7,1,1.066544488072395,1,1.0,,,,,,,,,,,,,,,,,,,,,,,,,,,,,,,my wife said i look like <mask> <mask> <mask> <mask> a frog belly and it's getting hard to button my pants even in the morning,▁i ' ve ▁got,4.0,6.073561135869888e-06,12.011565446853638,3.002891361713409,a ' s with,0.0004327339320068,4.266177952289581,1.066544488072395,6.0,7.0,0.0,22.0,0.0,2.0
1514,"My husband keeps denying he needs to go to dry dock, but he's been acting strange and losing weight fast.",keeps denying,keeps denying,is_multiword,0,2,2|3,1,4.7992163598537445,0,1.0,,,,,,,,,,,,,,,,,,,,,,,,,,,,,,,my husband <mask> <mask> <mask> <mask> he needs to go to dry dock but he's been acting strange and losing weight fast,▁keep s ▁den ying,4.0,3.259789493232863e-13,28.75194358825684,7.187985897064209,is s and and,7.084060895797674e-05,19.196865439414974,4.7992163598537445,2.0,3.0,0.0,19.0,0.0,2.0
1532,My husband's been acting paranoid and staying up all night—I'm worried he's been on coke.,on coke,on coke,is_multiword,0,14,,1,,0,1.0,,,,,,,,,,,,,,,,,,,,,,,,,,,,,,,,,,,,,,,,,,,,,,
1533,"Doctor, I think my son has been using coke—he's been losing weight fast and his nose keeps bleeding for no reason.",coke he's,coke he's,is_multiword,0,8,8|9,1,3.853812677519662,0,1.0,,,,,,,,,,,,,,,,,,,,,,,,,,,,,,,doctor i think my son has been using <mask> <mask> <mask> <mask> <mask> <mask> <mask> losing weight fast and his nose keeps bleeding for no reason,▁co ke - he ' s ▁been,7.0,2.6425299621576687e-19,42.77737998962402,6.111054284232004,the for for and he he is,1.3735579319063386e-07,26.976688742637634,3.853812677519662,8.0,9.0,0.0,20.0,0.0,2.0
1534,"Doctor, I'm worried my son has been into snow biz—he's lost a lot of weight and his pupils are always tiny.",biz he's,biz he's,is_multiword,0,9,9|10,1,3.4264246225357056,0,1.0,,,,,,,,,,,,,,,,,,,,,,,,,,,,,,,doctor i'm worried my son has been into snow <mask> <mask> <mask> <mask> <mask> <mask> a lot of weight and his pupils are always tiny,▁biz - he ' s ▁lost,6.0,4.803536346876596e-15,32.96942400932312,5.494904001553853,and he he he he s,4.074036527854606e-06,20.558547735214237,3.4264246225357056,9.0,10.0,0.0,20.0,0.0,2.0
1535,"Doctor, I think my son's been into snow biz—he’s lost weight, can’t sleep, and his pupils are huge.",son's been,son's been,is_multiword,0,4,4|5,1,1.0279541909694672,0,1.0,,,,,,,,,,,,,,,,,,,,,,,,,,,,,,,doctor i think my <mask> <mask> <mask> <mask> into snow biz-he's lost weight can't sleep and his pupils are huge,▁son ' s ▁been,4.0,1.2243236922129238e-05,11.310536861419678,2.8276342153549194,son is to going,0.0007475419771589,4.111816763877869,1.0279541909694672,4.0,5.0,0.0,17.0,0.0,2.0
1535,"Doctor, I think my son's been into snow biz—he’s lost weight, can’t sleep, and his pupils are huge.",biz he’s,biz he's,is_multiword,0,8,8|9,1,3.885093112786611,1,1.0,,,,,,,,,,,,,,,,,,,,,,,,,,,,,,,doctor i think my son's been into snow <mask> <mask> <mask> <mask> <mask> <mask> weight can't sleep and his pupils are huge,▁biz - he ' s ▁lost,6.0,1.2134784400301665e-15,34.345285415649414,5.724214235941569,and he he he he his,1.61316602962983e-05,23.310558676719666,3.885093112786611,8.0,9.0,0.0,17.0,0.0,2.0
1537,"Doctor, I think my son's been into narcotics—he's been losing weight and his pupils are tiny, even in bright light.",into narcotics,into narcotics,is_multiword,0,6,6|7,1,4.212990701198578,1,1.0,,,,,,,,,,,,,,,,,,,,,,,,,,,,,,,doctor i think my son's been <mask> <mask> <mask> <mask> <mask> <mask> <mask> <mask> <mask> been losing weight and his pupils are tiny even in bright light,▁into ▁na r co tics - he ' s,9.0,1.148094258205078e-25,57.4265239238739,6.380724880430433,los ing and and and and he ' has,3.3657749166805904e-09,37.9169163107872,4.212990701198578,6.0,7.0,0.0,19.0,0.0,2.0
1545,"Doctor, I think my son's been into powdered grog—he's lost weight, can't sleep, and his eyes look wild all the time.",son's been,son's been,is_multiword,0,4,4|5,1,0.6622475683689117,0,1.0,,,,,,,,,,,,,,,,,,,,,,,,,,,,,,,doctor i think my <mask> <mask> <mask> <mask> into powdered grog-he's lost weight can't sleep and his eyes look wild all the time,▁son ' s ▁been,4.0,1.5945583496844118e-05,11.046328663825989,2.761582165956497,son is s turned,0.0002254666304246,2.648990273475647,0.6622475683689117,4.0,5.0,0.0,20.0,0.0,2.0
1547,My husband's been acting really paranoid and staying out all night—I'm scared he's back on the junk.,the junk,the junk,is_multiword,0,16,,1,,0,1.0,,,,,,,,,,,,,,,,,,,,,,,,,,,,,,,,,,,,,,,,,,,,,,
1548,My husband keeps nodding off at weird times and his mood swings are terrible—I'm afraid it might be nocks.,keeps nodding,keeps nodding,is_multiword,0,2,2|3,1,3.435251325368881,0,1.0,,,,,,,,,,,,,,,,,,,,,,,,,,,,,,,my husband <mask> <mask> <mask> <mask> off at weird times and his mood swings are terrible-i'm afraid it might be nocks,▁keep s ▁no dding,4.0,3.2425364440911914e-10,21.84949505329132,5.46237376332283,is s to ing,0.0003009730741656,13.741005301475523,3.435251325368881,2.0,3.0,0.0,18.0,0.0,2.0
1548,My husband keeps nodding off at weird times and his mood swings are terrible—I'm afraid it might be nocks.,keeps nodding off,keeps nodding off,is_multiword,0,2,2|3|4,1,3.4515953063964844,0,1.0,,,,,,,,,,,,,,,,,,,,,,,,,,,,,,,my husband <mask> <mask> <mask> <mask> <mask> at weird times and his mood swings are terrible-i'm afraid it might be nocks,▁keep s ▁no dding ▁off,5.0,6.560855128155694e-14,30.35507035255432,6.071014070510865,is s to to s,2.0511830769481182e-06,17.257976531982422,3.4515953063964844,2.0,4.0,0.0,18.0,0.0,3.0
1548,My husband keeps nodding off at weird times and his mood swings are terrible—I'm afraid it might be nocks.,nodding off,nodding off,is_multiword,0,3,3|4,1,3.6792004903157554,0,1.0,,,,,,,,,,,,,,,,,,,,,,,,,,,,,,,my husband keeps <mask> <mask> <mask> at weird times and his mood swings are terrible-i'm afraid it might be nocks,▁no dding ▁off,3.0,5.137738906429143e-09,19.086652755737305,6.3622175852457685,getting ing me,0.0003194048029795,11.037601470947266,3.6792004903157554,3.0,4.0,0.0,18.0,0.0,2.0
1551,"My husband keeps nodding off at odd times and his money's been disappearing—I think it's locus, doc.",nodding off,nodding off,is_multiword,0,3,3|4,1,3.4303460915883384,0,1.0,,,,,,,,,,,,,,,,,,,,,,,,,,,,,,,my husband keeps <mask> <mask> <mask> at odd times and his money's been disappearing-i think it's locus doc,▁no dding ▁off,3.0,7.410065491278597e-09,18.72042655944824,6.240142186482747,going ing me,0.0002183550206555,10.291038274765016,3.4303460915883384,3.0,4.0,0.0,16.0,0.0,2.0
1551,"My husband keeps nodding off at odd times and his money's been disappearing—I think it's locus, doc.",money's been,money's been,is_multiword,0,10,10|11,1,2.7012357115745544,0,1.0,,,,,,,,,,,,,,,,,,,,,,,,,,,,,,,my husband keeps nodding off at odd times and his <mask> <mask> <mask> <mask> disappearing-i think it's locus doc,▁money ' s ▁been,4.0,7.06939970672623e-09,18.7674902677536,4.6918725669384,wife is s s,0.0003482648092452,10.804942846298218,2.7012357115745544,10.0,11.0,0.0,16.0,0.0,2.0
1551,"My husband keeps nodding off at odd times and his money's been disappearing—I think it's locus, doc.",it's locus,it's locus,is_multiword,0,15,15|16,1,9.109705527623497,0,1.0,,,,,,,,,,,,,,,,,,,,,,,,,,,,,,,my husband keeps nodding off at odd times and his money's been disappearing-i think it's <mask> <mask> <mask>,▁loc us ▁doc,3.0,1.3111967909214048e-15,34.26783609390259,11.422612031300863,a . .,0.00096951024985,27.329116582870483,9.109705527623497,15.0,16.0,0.0,16.0,0.0,2.0
1555,"My husband’s been spending all his money and staying out late, and I’m scared he’s fallen into the locust—he’s got track marks on his arms and won’t eat.",the locust,the locust,is_multiword,0,17,17|18,1,3.936139702796936,0,1.0,,,,,,,,,,,,,,,,,,,,,,,,,,,,,,,my husband's been spending all his money and staying out late and i'm scared he's fallen into <mask> <mask> <mask> <mask> <mask> <mask> <mask> got track marks on his arms and won't eat,▁the ▁loc ust - he ' s,7.0,7.803226150170236e-18,39.39199441671372,5.627427773816245,a . . he he ' s,7.217394829335001e-06,27.552977919578552,3.936139702796936,17.0,18.0,0.0,27.0,0.0,2.0
1558,My husband keeps nodding off at weird times and his mood swings are crazy—I'm worried he's been using Ajax behind my back.,keeps nodding,keeps nodding,is_multiword,0,2,2|3,1,3.544058859348297,0,1.0,,,,,,,,,,,,,,,,,,,,,,,,,,,,,,,my husband <mask> <mask> <mask> <mask> off at weird times and his mood swings are crazy-i'm worried he's been using ajax behind my back,▁keep s ▁no dding,4.0,4.0413727726552447e-10,21.629266500473022,5.407316625118256,is s to ing,0.0005796818942452,14.176235437393188,3.544058859348297,2.0,3.0,0.0,21.0,0.0,2.0
1563,"My husband's been acting really strange lately, and I think he's into grinds again—he's losing weight and can't sleep.",really strange,really strange,is_multiword,0,4,4|5,1,2.464075207710266,0,1.0,,,,,,,,,,,,,,,,,,,,,,,,,,,,,,,my husband's been acting <mask> <mask> lately and i think he's into grinds again-he's losing weight and can't sleep,▁really ▁strange,2.0,4.174526476356221e-05,10.083924531936646,5.041962265968323,too ly,0.0057660147797173,4.928150415420532,2.464075207710266,4.0,5.0,0.0,18.0,0.0,2.0
1563,"My husband's been acting really strange lately, and I think he's into grinds again—he's losing weight and can't sleep.",into grinds,into grinds,is_multiword,0,11,11|12,1,5.130818684895833,1,1.0,,,,,,,,,,,,,,,,,,,,,,,,,,,,,,,my husband's been acting really strange lately and i think he's <mask> <mask> <mask> again-he's losing weight and can't sleep,▁into ▁grind s,3.0,2.2253464464803562e-10,22.225938320159912,7.408646106719971,gonna ing it,0.0010771008284357,15.3924560546875,5.130818684895833,11.0,12.0,0.0,18.0,0.0,2.0
1564,"Doctor, I'm worried my son's been into a-boot—he's lost weight and won't look me in the eye.",son's been,son's been,is_multiword,0,4,4|5,1,1.4311485588550568,0,1.0,,,,,,,,,,,,,,,,,,,,,,,,,,,,,,,doctor i'm worried my <mask> <mask> <mask> <mask> into a-boot-he's lost weight and won't look me in the eye,▁son ' s ▁been,4.0,2.996733164548985e-07,15.020572900772097,3.755143225193024,son will to go,9.179261911644528e-05,5.724594235420227,1.4311485588550568,4.0,5.0,0.0,16.0,0.0,2.0
1567,"Doctor, I think my son needs a boilout—he’s been using again and I’m scared he won’t stop.",a boilout,a boilout,is_multiword,0,6,6|7,1,3.5297293290495872,0,1.0,,,,,,,,,,,,,,,,,,,,,,,,,,,,,,,doctor i think my son needs <mask> <mask> <mask> <mask> <mask> <mask> <mask> <mask> been using again and i'm scared he won't stop,▁a ▁bo il out - he ' s,8.0,4.6409489519872815e-20,44.516782999038696,5.564597874879837,to new this i i i ' ve,8.514174623116863e-08,28.237834632396694,3.5297293290495872,6.0,7.0,0.0,16.0,0.0,2.0
1567,"Doctor, I think my son needs a boilout—he’s been using again and I’m scared he won’t stop.",a boilout he’s,a boilout he's,is_multiword,0,6,6|7|8,1,3.2419188022613525,0,1.0,,,,,,,,,,,,,,,,,,,,,,,,,,,,,,,doctor i think my son needs <mask> <mask> <mask> <mask> <mask> <mask> <mask> <mask> <mask> using again and i'm scared he won't stop,▁a ▁bo il out - he ' s ▁been,9.0,5.063021105666768e-23,51.337493777275085,5.704165975252788,to new this i i i i ' start,2.3764941917118566e-10,29.177269220352173,3.2419188022613525,6.0,8.0,0.0,16.0,0.0,3.0
1567,"Doctor, I think my son needs a boilout—he’s been using again and I’m scared he won’t stop.",boilout he’s,boilout he's,is_multiword,0,7,7|8,1,3.7719512283802032,0,1.0,,,,,,,,,,,,,,,,,,,,,,,,,,,,,,,doctor i think my son needs a <mask> <mask> <mask> <mask> <mask> <mask> <mask> <mask> using again and i'm scared he won't stop,▁bo il out - he ' s ▁been,8.0,1.691442725524493e-22,50.13129019737244,6.266411274671555,new of i i i he ' start,2.1545577166864743e-09,30.175609827041622,3.7719512283802032,7.0,8.0,0.0,16.0,0.0,2.0
1570,"Doctor, I think I've got a bit of a 'limber leg' problem lately—nothing seems to work like it used to.",I've got,i've got,is_multiword,0,3,3|4,1,0.5434675365686417,1,1.0,,,,,,,,,,,,,,,,,,,,,,,,,,,,,,,doctor i think <mask> <mask> <mask> <mask> a bit of a 'limber leg' problem lately-nothing seems to work like it used to,▁i ' ve ▁got,4.0,0.0028562279610386,5.8582534193992615,1.4645633548498154,i ' m having,0.0251126575994223,2.1738701462745667,0.5434675365686417,3.0,4.0,0.0,19.0,0.0,2.0
1572,"Doctor, I've been having trouble lately and I think I'm giving soft for soft—it's been hard to perform when we try.",soft for,soft for,is_multiword,0,11,11|12,1,5.317886173725128,0,1.0,,,,,,,,,,,,,,,,,,,,,,,,,,,,,,,doctor i've been having trouble lately and i think i'm giving <mask> <mask> soft-it's been hard to perform when we try,▁soft ▁for,2.0,6.744510080538513e-07,14.20936679840088,7.10468339920044,up too,0.0280548305154477,10.635772347450256,5.317886173725128,11.0,12.0,0.0,20.0,0.0,2.0
1572,"Doctor, I've been having trouble lately and I think I'm giving soft for soft—it's been hard to perform when we try.",soft for soft,soft for soft,is_multiword,0,11,11|12|13,1,4.609233362334115,0,1.0,,,,,,,,,,,,,,,,,,,,,,,,,,,,,,,doctor i've been having trouble lately and i think i'm giving <mask> <mask> <mask> <mask> <mask> <mask> <mask> been hard to perform when we try,▁soft ▁for ▁soft - it ' s,7.0,1.960484419500526e-19,43.07592517137528,6.153703595910754,up a </s> </s> it ' s,2.017045526143501e-05,32.264633536338806,4.609233362334115,11.0,13.0,0.0,20.0,0.0,3.0
1572,"Doctor, I've been having trouble lately and I think I'm giving soft for soft—it's been hard to perform when we try.",for soft,for soft,is_multiword,0,12,12|13,1,3.381583491961161,1,1.0,,,,,,,,,,,,,,,,,,,,,,,,,,,,,,,doctor i've been having trouble lately and i think i'm giving soft <mask> <mask> <mask> <mask> <mask> <mask> been hard to perform when we try,▁for ▁soft - it ' s,6.0,1.1185001159577473e-13,29.821617603302,4.970269600550334,er s </s> it ' s,7.248603382659706e-05,20.289500951766968,3.381583491961161,12.0,13.0,0.0,20.0,0.0,2.0
1574,"Doctor, I've been having some trouble lately—could this be what they call brewer's droop?",brewer's droop,brewer's droop,is_multiword,1,13,,1,,0,1.0,,,,,,,,,,,,,,,,,,,,,,,,,,,,,,,,,,,,,,,,,,,,,,
1575,"My husband's been struggling with brewer's droop for a few months, and we're hoping you can help.",brewer's droop,brewer's droop,is_multiword,1,5,5|6,1,5.426783204078674,0,1.0,,,,,,,,,,,,,,,,,,,,,,,,,,,,,,,my husband's been struggling with <mask> <mask> <mask> <mask> <mask> <mask> for a few months and we're hoping you can help,▁bre wer ' s ▁dro op,6.0,1.2731819717029096e-21,48.112767696380615,8.018794616063436,his and and and s s,1.7612559791351086e-07,32.560699224472046,5.426783204078674,5.0,6.0,0.0,16.0,0.0,2.0
1575,"My husband's been struggling with brewer's droop for a few months, and we're hoping you can help.",we're hoping,we're hoping,is_multiword,0,12,12|13,1,3.2610950730741024,1,1.0,,,,,,,,,,,,,,,,,,,,,,,,,,,,,,,my husband's been struggling with brewer's droop for a few months and <mask> <mask> <mask> <mask> you can help,▁we ' re ▁hoping,4.0,1.0461805608692436e-08,18.375534772872925,4.593883693218231,I is wondering if,0.0048384808544164,13.04438029229641,3.2610950730741024,12.0,13.0,0.0,16.0,0.0,2.0
1578,"Doctor, I think I’ve got a bad case of the tins—it’s been months since I could get anything going down there.",I’ve got,i've got,is_multiword,0,3,3|4,1,0.3517379462718963,1,1.0,,,,,,,,,,,,,,,,,,,,,,,,,,,,,,,doctor i think <mask> <mask> <mask> <mask> a bad case of the tins-it's been months since i could get anything going down there,▁i ' ve ▁got,4.0,0.0015947600507948,6.441031992435455,1.6102579981088638,i ' s have,0.0065121852230205,1.4069517850875854,0.3517379462718963,3.0,4.0,0.0,20.0,0.0,2.0
1578,"Doctor, I think I’ve got a bad case of the tins—it’s been months since I could get anything going down there.",could get,could get,is_multiword,0,16,16|17,1,0.7117748260498047,0,1.0,,,,,,,,,,,,,,,,,,,,,,,,,,,,,,,doctor i think i've got a bad case of the tins-it's been months since i could <mask> <mask> going down there,▁get ▁anything,2.0,0.0060127912138703,5.113866209983826,2.556933104991913,see them,0.0249640982092213,1.4235496520996094,0.7117748260498047,16.0,17.0,0.0,20.0,0.0,2.0
1582,"Doctor, I'm a bit embarrassed to say this, but lately I've been fresh out and it's starting to worry me.",fresh out,fresh out,is_multiword,1,12,12|13,1,5.77047723531723,0,1.0,,,,,,,,,,,,,,,,,,,,,,,,,,,,,,,doctor i'm a bit embarrassed to say this but lately i've been <mask> <mask> and it's starting to worry me,▁fresh ▁out,2.0,1.3240992379697038e-07,15.837363243103027,7.918681621551514,doing it,0.0136173743959985,11.54095447063446,5.77047723531723,12.0,13.0,0.0,19.0,0.0,2.0
1583,"My husband keeps saying he's fresh out, and I think it's really affecting his mood—could there be something wrong?",fresh out,fresh out,is_multiword,1,5,5|6,1,5.222831845283508,0,1.0,,,,,,,,,,,,,,,,,,,,,,,,,,,,,,,my husband keeps saying he's <mask> <mask> and i think it's really affecting his mood-could there be something wrong,▁fresh ▁out,2.0,1.2589706978046562e-07,15.88780117034912,7.94390058517456,not ing,0.0043302176190822,10.445663690567017,5.222831845283508,5.0,6.0,0.0,18.0,0.0,2.0
1585,"Doctor, I think I might be dealing with a case of 'man lacking energy'—I just can't seem to get things going lately.",can't seem,can't seem,is_multiword,0,16,16|17,1,0.0,0,1.0,,,,,,,,,,,,,,,,,,,,,,,,,,,,,,,doctor i think i might be dealing with a case of 'man lacking energy'-i just can't <mask> <mask> get things going lately,▁seem ▁to,2.0,0.9197635171572404,0.0836386885493993,0.0418193442746996,seem to,0.9197635171572404,0.0,0.0,16.0,17.0,0.0,21.0,0.0,2.0
1587,"My husband has been avoiding intimacy lately, and I'm worried it could be a case of dead on the vine.",on the,on the,is_multiword,0,17,17|18,1,2.096557706594467,0,1.0,,,,,,,,,,,,,,,,,,,,,,,,,,,,,,,my husband has been avoiding intimacy lately and i'm worried it could be a case of dead <mask> <mask> vine,▁on ▁the,2.0,0.0004319964442384,7.747093200683594,3.873546600341797,ly the,0.0286106060928322,4.193115413188934,2.096557706594467,17.0,18.0,0.0,19.0,0.0,2.0
1587,"My husband has been avoiding intimacy lately, and I'm worried it could be a case of dead on the vine.",on the vine,on the vine,is_multiword,0,17,17|18|19,1,8.166554729143778,1,1.0,,,,,,,,,,,,,,,,,,,,,,,,,,,,,,,my husband has been avoiding intimacy lately and i'm worried it could be a case of dead <mask> <mask> <mask>,▁on ▁the ▁vine,3.0,7.639603931949737e-13,27.90026044845581,9.300086816151936,ly . .,0.0333533767115632,24.499664187431332,8.166554729143778,17.0,19.0,0.0,19.0,0.0,3.0
1587,"My husband has been avoiding intimacy lately, and I'm worried it could be a case of dead on the vine.",the vine,the vine,is_multiword,0,18,18|19,1,5.159625947475433,0,1.0,,,,,,,,,,,,,,,,,,,,,,,,,,,,,,,my husband has been avoiding intimacy lately and i'm worried it could be a case of dead on <mask> <mask>,▁the ▁vine,2.0,1.2147269608441087e-06,13.620991230010986,6.810495615005493,him .,0.0368190709737916,10.319251894950868,5.159625947475433,18.0,19.0,0.0,19.0,0.0,2.0
1593,"I brought my son in because his nose looks all flushed and patchy, almost like a likkered nose, and it's been bothering him since he started that new allergy medicine.",all flushed,all flushed,is_multiword,0,9,9|10,1,4.39138396581014,0,1.0,,,,,,,,,,,,,,,,,,,,,,,,,,,,,,,i brought my son in because his nose looks <mask> <mask> <mask> and patchy almost like a likkered nose and it's been bothering him since he started that new allergy medicine,▁all ▁flu shed,3.0,2.9683031899152766e-09,19.63527536392212,6.54509178797404,"so , y",0.001563038702002,13.17415189743042,4.39138396581014,9.0,10.0,0.0,29.0,0.0,2.0
1594,"Doctor, I've had this bull-teaser for a few days—my nose is all red and tender, and it's not going away with anything I've tried.",not going,not going,is_multiword,0,18,18|19,1,3.655299961566925,0,1.0,,,,,,,,,,,,,,,,,,,,,,,,,,,,,,,doctor i've had this bull-teaser for a few days-my nose is all red and tender and it's not <mask> <mask> with anything i've tried,▁going ▁away,2.0,6.661692336992297e-06,11.919137001037598,5.959568500518799,quite same,0.0099663876970912,7.31059992313385,3.655299961566925,18.0,19.0,0.0,23.0,0.0,2.0
1594,"Doctor, I've had this bull-teaser for a few days—my nose is all red and tender, and it's not going away with anything I've tried.",not going away,not going away,is_multiword,0,18,18|19|20,1,2.44726300239563,0,1.0,,,,,,,,,,,,,,,,,,,,,,,,,,,,,,,doctor i've had this bull-teaser for a few days-my nose is all red and tender and it's not <mask> <mask> <mask> anything i've tried,▁going ▁away ▁with,3.0,3.295733115881833e-07,14.925467014312744,4.975155671437581,a to with,0.0005086868243368,7.34178900718689,2.44726300239563,18.0,20.0,0.0,23.0,0.0,3.0
1594,"Doctor, I've had this bull-teaser for a few days—my nose is all red and tender, and it's not going away with anything I've tried.",going away,going away,is_multiword,0,19,19|20,1,5.390916723757982,1,1.0,,,,,,,,,,,,,,,,,,,,,,,,,,,,,,,doctor i've had this bull-teaser for a few days-my nose is all red and tender and it's not going <mask> <mask> anything i've tried,▁away ▁with,2.0,3.695417093144593e-06,12.508417129516602,6.254208564758301,to do,0.1778911056332482,10.781833447515965,5.390916723757982,19.0,20.0,0.0,23.0,0.0,2.0
1595,"My son keeps rubbing his nose and complaining it's sore—look at this bull-teaser, it's been like that since yesterday.",it's sore,it's sore,is_multiword,0,8,8|9,1,3.3583597342173257,0,1.0,,,,,,,,,,,,,,,,,,,,,,,,,,,,,,,my son keeps rubbing his nose and complaining <mask> <mask> <mask> <mask> <mask> <mask> at this bull-teaser it's been like that since yesterday,▁it ' s ▁sore - look,6.0,9.799935242638742e-16,34.55898571014404,5.759830951690674,about he ' s to looking,5.52491767101055e-07,20.150158405303955,3.3583597342173257,8.0,9.0,0.0,18.0,0.0,2.0
1598,"Doctor, my son’s nose has been really red and sore for three days—I think it’s that nase nab thing you mentioned last time.",nase nab,nase nab,is_multiword,1,17,17|18,1,2.377616842587789,0,1.0,,,,,,,,,,,,,,,,,,,,,,,,,,,,,,,doctor my son's nose has been really red and sore for three days-i think it's that nase <mask> <mask> <mask> you mentioned last time,▁na b ▁thing,3.0,1.4384874712714286e-06,13.451918363571169,4.483972787857056,a the as,0.0018016221313706,7.132850527763367,2.377616842587789,17.0,18.0,0.0,22.0,0.0,2.0
1598,"Doctor, my son’s nose has been really red and sore for three days—I think it’s that nase nab thing you mentioned last time.",nase nab thing,nase nab thing,is_multiword,0,17,17|18|19,1,3.0799741446971893,1,1.0,,,,,,,,,,,,,,,,,,,,,,,,,,,,,,,doctor my son's nose has been really red and sore for three days-i think it's that nase <mask> <mask> <mask> <mask> mentioned last time,▁na b ▁thing ▁you,4.0,3.9827079587975485e-10,21.6438889503479,5.410972237586975,a the I I,8.925685160575635e-05,12.319896578788756,3.0799741446971893,17.0,19.0,0.0,22.0,0.0,3.0
1598,"Doctor, my son’s nose has been really red and sore for three days—I think it’s that nase nab thing you mentioned last time.",nab thing,nab thing,is_multiword,0,18,18|19,1,3.0120811462402344,0,1.0,,,,,,,,,,,,,,,,,,,,,,,,,,,,,,,doctor my son's nose has been really red and sore for three days-i think it's that nase nab <mask> <mask> mentioned last time,▁thing ▁you,2.0,0.0001049031803694,9.16247272491455,4.581236362457275,that I,0.0433559889266427,6.024162292480469,3.0120811462402344,18.0,19.0,0.0,22.0,0.0,2.0
1599,"My husband’s nose is all inflamed and peeling, could it be nase nab from that new allergy medicine he started?",nase nab,nase nab,is_multiword,1,11,11|12,1,6.251613795757294,1,1.0,,,,,,,,,,,,,,,,,,,,,,,,,,,,,,,my husband's nose is all inflamed and peeling could it be <mask> <mask> <mask> <mask> from that new allergy medicine he started,▁na se ▁na b,4.0,9.966743550666227e-16,34.542107582092285,8.635526895523071,a he ' is,7.223019407059895e-05,25.00645518302917,6.251613795757294,11.0,12.0,0.0,19.0,0.0,2.0
1599,"My husband’s nose is all inflamed and peeling, could it be nase nab from that new allergy medicine he started?",nase nab from,nase nab from,is_multiword,0,11,11|12|13,1,5.511816358566284,0,1.0,,,,,,,,,,,,,,,,,,,,,,,,,,,,,,,my husband's nose is all inflamed and peeling could it be <mask> <mask> <mask> <mask> <mask> that new allergy medicine he started,▁na se ▁na b ▁from,5.0,9.908476987923649e-18,39.15314102172852,7.830628204345703,that he he he of,9.220703434450496e-06,27.55908179283142,5.511816358566284,11.0,13.0,0.0,19.0,0.0,3.0
1599,"My husband’s nose is all inflamed and peeling, could it be nase nab from that new allergy medicine he started?",nab from,nab from,is_multiword,0,12,12|13,1,4.9594065348307295,0,1.0,,,,,,,,,,,,,,,,,,,,,,,,,,,,,,,my husband's nose is all inflamed and peeling could it be nase <mask> <mask> <mask> that new allergy medicine he started,▁na b ▁from,3.0,1.3337532468526984e-09,20.435268878936768,6.811756292978923,? I is,0.0038601498522034,14.878219604492188,4.9594065348307295,12.0,13.0,0.0,19.0,0.0,2.0
1614,My son’s nose has been bright red and sore for days—is this a bottlenose thing from playing outside too much?,bottlenose thing,bottlenose thing,is_multiword,0,14,14|15,1,4.498880207538605,1,1.0,,,,,,,,,,,,,,,,,,,,,,,,,,,,,,,my son's nose has been bright red and sore for days-is this a bottlenose <mask> <mask> playing outside too much,▁thing ▁from,2.0,7.3586507744014e-06,11.819633960723875,5.9098169803619385,or he,0.0594943728027533,8.99776041507721,4.498880207538605,14.0,15.0,0.0,19.0,0.0,2.0
1616,"Doctor, I've been having trouble with my sights—everything looks blurry up close, and I can't read the chart.",I've been,i've been,is_multiword,0,1,1|2,1,3.252276346087456,1,1.0,,,,,,,,,,,,,,,,,,,,,,,,,,,,,,,doctor <mask> <mask> <mask> <mask> having trouble with my sights-everything looks blurry up close and i can't read the chart,▁i ' ve ▁been,4.0,8.747138910813385e-08,16.251954078674316,4.062988519668579,says i ' m,0.0390524878911735,13.009105384349825,3.252276346087456,1.0,2.0,0.0,17.0,0.0,2.0
1616,"Doctor, I've been having trouble with my sights—everything looks blurry up close, and I can't read the chart.",I've been having,i've been having,is_multiword,0,1,1|2|3,1,2.2366752862930297,0,1.0,,,,,,,,,,,,,,,,,,,,,,,,,,,,,,,doctor <mask> <mask> <mask> <mask> <mask> trouble with my sights-everything looks blurry up close and i can't read the chart,▁i ' ve ▁been ▁having,5.0,2.1753806521268432e-08,17.643477082252502,3.5286954164505007,says i i i having,0.0015646382203997,11.183376431465147,2.2366752862930297,1.0,3.0,0.0,17.0,0.0,3.0
1616,"Doctor, I've been having trouble with my sights—everything looks blurry up close, and I can't read the chart.",I've been having trouble,i've been having trouble,is_multiword,0,1,1|2|3|4,1,2.681572049856186,0,1.0,,,,,,,,,,,,,,,,,,,,,,,,,,,,,,,doctor <mask> <mask> <mask> <mask> <mask> <mask> with my sights-everything looks blurry up close and i can't read the chart,▁i ' ve ▁been ▁having ▁trouble,6.0,8.515448665389047e-13,27.79172420501709,4.631954034169515,s s ' ' ' wrong,8.274832274245045e-06,16.089432299137115,2.681572049856186,1.0,4.0,0.0,17.0,0.0,4.0
1616,"Doctor, I've been having trouble with my sights—everything looks blurry up close, and I can't read the chart.",been having,been having,is_multiword,0,2,2|3,1,0.1318893432617187,0,1.0,,,,,,,,,,,,,,,,,,,,,,,,,,,,,,,doctor i've <mask> <mask> trouble with my sights-everything looks blurry up close and i can't read the chart,▁been ▁having,2.0,0.1296653085559194,2.042798697948456,1.021399348974228,got having,0.168803491730834,0.2637786865234375,0.1318893432617187,2.0,3.0,0.0,17.0,0.0,2.0
1616,"Doctor, I've been having trouble with my sights—everything looks blurry up close, and I can't read the chart.",been having trouble,been having trouble,is_multiword,0,2,2|3|4,1,0.6168696085611979,0,1.0,,,,,,,,,,,,,,,,,,,,,,,,,,,,,,,doctor i've <mask> <mask> <mask> with my sights-everything looks blurry up close and i can't read the chart,▁been ▁having ▁trouble,3.0,0.0023218398815197,6.065395355224609,2.0217984517415366,been a problem,0.014775475558004,1.8506088256835935,0.6168696085611979,2.0,4.0,0.0,17.0,0.0,3.0
1616,"Doctor, I've been having trouble with my sights—everything looks blurry up close, and I can't read the chart.",having trouble,having trouble,is_multiword,0,3,3|4,1,0.0,0,1.0,,,,,,,,,,,,,,,,,,,,,,,,,,,,,,,doctor i've been <mask> <mask> with my sights-everything looks blurry up close and i can't read the chart,▁having ▁trouble,2.0,0.0591414056570481,2.8278239965438843,1.413911998271942,having trouble,0.0591414056570481,0.0,0.0,3.0,4.0,0.0,17.0,0.0,2.0
1620,"Doctor, I feel like my orbits are getting really dry and scratchy, especially when I'm looking at screens all day at work.",getting really,getting really,is_multiword,0,7,7|8,1,1.2745628952980042,1,1.0,,,,,,,,,,,,,,,,,,,,,,,,,,,,,,,doctor i feel like my orbits are <mask> <mask> dry and scratchy especially when i'm looking at screens all day at work,▁getting ▁really,2.0,0.0028500630920733,5.860414147377014,2.930207073688507,getting bit,0.036469158186584,2.5491257905960083,1.2745628952980042,7.0,8.0,0.0,21.0,0.0,2.0
1648,"Doctor, my little boy took a spill on his scooter and his whole beezer is swollen up on one side.",took a,took a,is_multiword,0,4,4|5,1,3.4087581634521484,0,1.0,,,,,,,,,,,,,,,,,,,,,,,,,,,,,,,doctor my little boy <mask> <mask> spill on his scooter and his whole beezer is swollen up on one side,▁took ▁a,2.0,0.0004287326497047,7.754677027463913,3.877338513731957,has a,0.3917385207909559,6.817516326904297,3.4087581634521484,4.0,5.0,0.0,19.0,0.0,2.0
1648,"Doctor, my little boy took a spill on his scooter and his whole beezer is swollen up on one side.",took a spill,took a spill,is_multiword,0,4,4|5|6,1,5.601954162120819,0,1.0,,,,,,,,,,,,,,,,,,,,,,,,,,,,,,,doctor my little boy <mask> <mask> <mask> on his scooter and his whole beezer is swollen up on one side,▁took ▁a ▁spill,3.0,1.8659007821265527e-10,22.402107000350952,7.467369000116984,is a up,0.0037117771013512,16.805862486362457,5.601954162120819,4.0,6.0,0.0,19.0,0.0,3.0
1648,"Doctor, my little boy took a spill on his scooter and his whole beezer is swollen up on one side.",a spill,a spill,is_multiword,0,5,5|6,1,4.250253677368164,0,1.0,,,,,,,,,,,,,,,,,,,,,,,,,,,,,,,doctor my little boy took <mask> <mask> on his scooter and his whole beezer is swollen up on one side,▁a ▁spill,2.0,1.3238792261734449e-05,11.23235923051834,5.6161796152591705,a nap,0.0650986234090173,8.500507354736328,4.250253677368164,5.0,6.0,0.0,19.0,0.0,2.0
1650,"My son keeps scratching his smiler raw, and I'm worried it might be an allergic reaction or something.",keeps scratching,keeps scratching,is_multiword,0,2,2|3,1,2.4491682052612305,1,1.0,,,,,,,,,,,,,,,,,,,,,,,,,,,,,,,my son <mask> <mask> <mask> <mask> his smiler raw and i'm worried it might be an allergic reaction or something,▁keep s ▁scratch ing,4.0,1.2234394326565415e-08,18.219014644622803,4.554753661155701,is ' to got,0.0002198990845198,9.796672821044922,2.4491682052612305,2.0,3.0,0.0,17.0,0.0,2.0
1650,"My son keeps scratching his smiler raw, and I'm worried it might be an allergic reaction or something.",smiler raw,smiler raw,is_multiword,0,5,5|6,1,7.479175647099812,0,1.0,,,,,,,,,,,,,,,,,,,,,,,,,,,,,,,my son keeps scratching his <mask> <mask> <mask> and i'm worried it might be an allergic reaction or something,▁smile r ▁raw,3.0,1.6803546678233565e-13,29.41460132598877,9.804867108662924,head s s,0.0009330288977224,22.43752694129944,7.479175647099812,5.0,6.0,0.0,17.0,0.0,2.0
1652,"Doctor, I've been feeling a sharp pain right here in my plan whenever I chew.",plan whenever,plan whenever,is_multiword,0,11,11|12,1,6.603401213884354,0,1.0,,,,,,,,,,,,,,,,,,,,,,,,,,,,,,,doctor i've been feeling a sharp pain right here in my <mask> <mask> i chew,▁plan ▁whenever,2.0,2.4135461388268925e-07,15.236998558044434,7.618499279022217,back when,0.1313097648023997,13.206802427768707,6.603401213884354,11.0,12.0,0.0,14.0,0.0,2.0
1654,"Doctor, my little boy took a bad fall at the playground—his whole Jem Mace is swollen and he can't stop crying.",took a,took a,is_multiword,0,4,4|5,1,2.784782350063324,0,1.0,,,,,,,,,,,,,,,,,,,,,,,,,,,,,,,doctor my little boy <mask> <mask> bad fall at the playground-his whole jem mace is swollen and he can't stop crying,▁took ▁a,2.0,0.0019003300755928,6.265727683901787,3.1328638419508934,has a,0.4984943698756388,5.569564700126648,2.784782350063324,4.0,5.0,0.0,20.0,0.0,2.0
1654,"Doctor, my little boy took a bad fall at the playground—his whole Jem Mace is swollen and he can't stop crying.",took a bad,took a bad,is_multiword,0,4,4|5|6,1,4.865717649459839,1,1.0,,,,,,,,,,,,,,,,,,,,,,,,,,,,,,,doctor my little boy <mask> <mask> <mask> fall at the playground-his whole jem mace is swollen and he can't stop crying,▁took ▁a ▁bad,3.0,1.0305449005779103e-08,18.3905930519104,6.130197683970134,is ' to,0.0225180041899317,14.597152948379517,4.865717649459839,4.0,6.0,0.0,20.0,0.0,3.0
1654,"Doctor, my little boy took a bad fall at the playground—his whole Jem Mace is swollen and he can't stop crying.",took a bad fall,took a bad fall,is_multiword,0,4,4|5|6|7,1,4.194847971200943,0,1.0,,,,,,,,,,,,,,,,,,,,,,,,,,,,,,,doctor my little boy <mask> <mask> <mask> <mask> at the playground-his whole jem mace is swollen and he can't stop crying,▁took ▁a ▁bad ▁fall,4.0,6.866846504137117e-12,25.70431613922119,6.426079034805298,is s to ing,0.0001330315480593,16.779391884803772,4.194847971200943,4.0,7.0,0.0,20.0,0.0,4.0
1654,"Doctor, my little boy took a bad fall at the playground—his whole Jem Mace is swollen and he can't stop crying.",a bad,a bad,is_multiword,0,5,5|6,1,1.992555558681488,0,1.0,,,,,,,,,,,,,,,,,,,,,,,,,,,,,,,doctor my little boy took <mask> <mask> fall at the playground-his whole jem mace is swollen and he can't stop crying,▁a ▁bad,2.0,0.0016062974541764,6.433823466300964,3.216911733150482,a last,0.0864047740977229,3.985111117362976,1.992555558681488,5.0,6.0,0.0,20.0,0.0,2.0
1654,"Doctor, my little boy took a bad fall at the playground—his whole Jem Mace is swollen and he can't stop crying.",a bad fall,a bad fall,is_multiword,0,5,5|6|7,1,2.7998579343159995,0,1.0,,,,,,,,,,,,,,,,,,,,,,,,,,,,,,,doctor my little boy took <mask> <mask> <mask> at the playground-his whole jem mace is swollen and he can't stop crying,▁a ▁bad ▁fall,3.0,8.584009965336447e-07,13.968194484710692,4.6560648282368975,a a nap,0.003815739924168,8.399573802947998,2.7998579343159995,5.0,7.0,0.0,20.0,0.0,3.0
1654,"Doctor, my little boy took a bad fall at the playground—his whole Jem Mace is swollen and he can't stop crying.",bad fall,bad fall,is_multiword,0,6,6|7,1,5.180570542812347,0,1.0,,,,,,,,,,,,,,,,,,,,,,,,,,,,,,,doctor my little boy took a <mask> <mask> at the playground-his whole jem mace is swollen and he can't stop crying,▁bad ▁fall,2.0,6.690565755983784e-07,14.217397212982178,7.108698606491089,bad look,0.0211470232651979,10.361141085624697,5.180570542812347,6.0,7.0,0.0,20.0,0.0,2.0
1654,"Doctor, my little boy took a bad fall at the playground—his whole Jem Mace is swollen and he can't stop crying.",Jem Mace,jem mace,is_multiword,1,13,13|14,1,3.378373463948568,0,1.0,,,,,,,,,,,,,,,,,,,,,,,,,,,,,,,doctor my little boy took a bad fall at the playground-his whole jem <mask> <mask> <mask> swollen and he can't stop crying,▁ma ce ▁is,3.0,4.7393899465222654e-08,16.8647723197937,5.621590773264567,is ' so,0.0011949488140488,10.135120391845703,3.378373463948568,13.0,14.0,0.0,20.0,0.0,2.0
1655,"Doctor, my little boy took a spill off his bike and his Jem Mace is all scraped up—should I be worried about infection?",boy took,boy took,is_multiword,0,3,3|4,1,2.4665109515190125,0,1.0,,,,,,,,,,,,,,,,,,,,,,,,,,,,,,,doctor my little <mask> <mask> a spill off his bike and his jem mace is all scraped up-should i be worried about infection,▁boy ▁took,2.0,0.001034767959009,6.873578071594238,3.436789035797119,guy has,0.1436240483808147,4.933021903038025,2.4665109515190125,3.0,4.0,0.0,22.0,0.0,2.0
1655,"Doctor, my little boy took a spill off his bike and his Jem Mace is all scraped up—should I be worried about infection?",Jem Mace,jem mace,is_multiword,1,12,12|13,1,4.330482542514801,0,1.0,,,,,,,,,,,,,,,,,,,,,,,,,,,,,,,doctor my little boy took a spill off his bike and his <mask> <mask> <mask> <mask> is all scraped up-should i be worried about infection,▁je m ▁ma ce,4.0,5.955309784254562e-13,28.149322986602783,7.037330746650696, - the it,1.9848287699464265e-05,17.321930170059204,4.330482542514801,12.0,13.0,0.0,22.0,0.0,2.0
1662,"Doctor, I've been waking up with my snoot all puffy and red, especially around the nose and eyes.",I've been,i've been,is_multiword,0,1,1|2,1,2.705894470214844,0,1.0,,,,,,,,,,,,,,,,,,,,,,,,,,,,,,,doctor <mask> <mask> <mask> <mask> waking up with my snoot all puffy and red especially around the nose and eyes,▁i ' ve ▁been,4.0,9.556816508219715e-09,18.46601116657257,4.616502791643143,s I I am,0.0004796598813652,10.823577880859377,2.705894470214844,1.0,2.0,0.0,17.0,0.0,2.0
1662,"Doctor, I've been waking up with my snoot all puffy and red, especially around the nose and eyes.",I've been waking,i've been waking,is_multiword,0,1,1|2|3,1,4.240552186965942,1,1.0,,,,,,,,,,,,,,,,,,,,,,,,,,,,,,,doctor <mask> <mask> <mask> <mask> <mask> <mask> up with my snoot all puffy and red especially around the nose and eyes,▁i ' ve ▁been ▁wa king,6.0,2.2483815315213306e-17,38.333735942840576,6.38895599047343,s s how what to came,2.522089531016985e-06,25.44331312179565,4.240552186965942,1.0,3.0,0.0,17.0,0.0,3.0
1662,"Doctor, I've been waking up with my snoot all puffy and red, especially around the nose and eyes.",been waking,been waking,is_multiword,0,2,2|3,1,2.645065347353617,0,1.0,,,,,,,,,,,,,,,,,,,,,,,,,,,,,,,doctor i've <mask> <mask> <mask> up with my snoot all puffy and red especially around the nose and eyes,▁been ▁wa king,3.0,2.874381266319421e-06,12.759673118591309,4.2532243728637695,been to ing,0.0080307522414112,7.935196042060852,2.645065347353617,2.0,3.0,0.0,17.0,0.0,2.0
1662,"Doctor, I've been waking up with my snoot all puffy and red, especially around the nose and eyes.",snoot all,snoot all,is_multiword,0,7,7|8,1,8.125605384508768,0,1.0,,,,,,,,,,,,,,,,,,,,,,,,,,,,,,,doctor i've been waking up with my <mask> <mask> <mask> puffy and red especially around the nose and eyes,▁sno ot ▁all,3.0,1.1733305948489854e-13,29.773759841918945,9.924586613972982,eyes that getting,0.0045304061376634,24.376816153526303,8.125605384508768,7.0,8.0,0.0,17.0,0.0,2.0
1662,"Doctor, I've been waking up with my snoot all puffy and red, especially around the nose and eyes.",snoot all puffy,snoot all puffy,is_multiword,0,7,7|8|9,1,4.823198819160462,0,1.0,,,,,,,,,,,,,,,,,,,,,,,,,,,,,,,doctor i've been waking up with my <mask> <mask> <mask> <mask> <mask> and red especially around the nose and eyes,▁sno ot ▁all ▁puff y,5.0,5.733100725211704e-17,37.39769005775452,7.479538011550903,eyes and s skin black,1.7054254254630649e-06,24.115994095802307,4.823198819160462,7.0,9.0,0.0,17.0,0.0,3.0
1662,"Doctor, I've been waking up with my snoot all puffy and red, especially around the nose and eyes.",all puffy,all puffy,is_multiword,0,8,8|9,1,2.5316238403320312,0,1.0,,,,,,,,,,,,,,,,,,,,,,,,,,,,,,,doctor i've been waking up with my snoot <mask> <mask> <mask> and red especially around the nose and eyes,▁all ▁puff y,3.0,9.557002515206156e-08,16.16340661048889,5.387802203496297,eyes skin black,0.0001899907655235,7.594871520996094,2.5316238403320312,8.0,9.0,0.0,17.0,0.0,2.0
1672,"My husband’s been having trouble with body wax for days now, it’s all watery and he feels weak—could it be something serious?",having trouble,having trouble,is_multiword,0,3,3|4,1,2.0295525193214417,1,1.0,,,,,,,,,,,,,,,,,,,,,,,,,,,,,,,my husband's been <mask> <mask> with body wax for days now it's all watery and he feels weak-could it be something serious,▁having ▁trouble,2.0,0.0003026130966503,8.103055477142334,4.051527738571167,doing ing,0.0175280918152263,4.059105038642883,2.0295525193214417,3.0,4.0,0.0,21.0,0.0,2.0
1674,"My husband keeps complaining about his stomach, and yesterday I saw bowel sewage in his underwear when I did the laundry.",bowel sewage,bowel sewage,is_multiword,1,11,11|12,1,6.083081817626953,0,1.0,,,,,,,,,,,,,,,,,,,,,,,,,,,,,,,my husband keeps complaining about his stomach and yesterday i saw <mask> <mask> <mask> <mask> <mask> in his underwear when i did the laundry,▁bo wel ▁se wa ge,5.0,2.217863668665196e-19,42.95257234573364,8.59051446914673,him he was the s,3.590700469663949e-06,30.41540908813477,6.083081817626953,11.0,12.0,0.0,20.0,0.0,2.0
1675,"Doctor, my son has been passing what I can only describe as bowel sewage for the past two days—it's completely liquid and smells terrible.",bowel sewage,bowel sewage,is_multiword,1,12,12|13,1,4.54436719417572,0,1.0,,,,,,,,,,,,,,,,,,,,,,,,,,,,,,,doctor my son has been passing what i can only describe as <mask> <mask> <mask> <mask> <mask> for the past two days-it's completely liquid and smells terrible,▁bo wel ▁se wa ge,5.0,2.163043497012037e-17,38.37243032455444,7.674486064910889,a  - the water,1.5960012740152658e-07,22.7218359708786,4.54436719417572,12.0,13.0,0.0,23.0,0.0,2.0
1680,"My husband's been complaining of stomach pain, and when he goes to the toilet, it's nothing but bowel broth coming out.",broth coming,broth coming,is_multiword,0,18,18|19,1,4.605948070685069,0,1.0,,,,,,,,,,,,,,,,,,,,,,,,,,,,,,,my husband's been complaining of stomach pain and when he goes to the toilet it's nothing but bowel <mask> <mask> <mask> out,▁bro th ▁coming,3.0,1.2134428370031136e-08,18.22721910476685,6.075739701588948,s wi ing,0.0121627789958486,13.817844212055206,4.605948070685069,18.0,19.0,0.0,20.0,0.0,2.0
1681,My husband's been complaining of stomach cramps and all he's producing is this watery bowel broth—could it be something serious?,bowel broth,bowel broth,is_multiword,1,14,14|15,1,5.214795742716108,0,1.0,,,,,,,,,,,,,,,,,,,,,,,,,,,,,,,my husband's been complaining of stomach cramps and all he's producing is this watery <mask> <mask> <mask> <mask> <mask> <mask> <mask> it be something serious,▁bo wel ▁bro th - co uld,7.0,4.5973452904836145e-24,53.736563205718994,7.676651886531284,mouth . . . ' ' can,3.2794893924562845e-08,36.50357019901276,5.214795742716108,14.0,15.0,0.0,19.0,0.0,2.0
1683,"""Doctor, my baby-yellow has been looking kind of pale and floaty lately, and I’m worried something’s off with my digestion.""",kind of,kind of,is_multiword,0,6,6|7,1,2.961669921875,1,1.0,,,,,,,,,,,,,,,,,,,,,,,,,,,,,,,doctor my baby-yellow has been looking <mask> <mask> pale and floaty lately and i'm worried something's off with my digestion,▁kind ▁of,2.0,0.0001339605860408,8.917964935302734,4.458982467651367,pale bit,0.0500553897576759,5.92333984375,2.961669921875,6.0,7.0,0.0,19.0,0.0,2.0
1683,"""Doctor, my baby-yellow has been looking kind of pale and floaty lately, and I’m worried something’s off with my digestion.""",something’s off,something's off,is_multiword,0,15,15|16,1,3.2723207473754883,0,1.0,,,,,,,,,,,,,,,,,,,,,,,,,,,,,,,doctor my baby-yellow has been looking kind of pale and floaty lately and i'm worried <mask> <mask> <mask> <mask> with my digestion,▁something ' s ▁off,4.0,4.2851050661056255e-09,19.268120765686035,4.817030191421509,about ' ' wrong,0.0020728355540738,13.089282989501951,3.2723207473754883,15.0,16.0,0.0,19.0,0.0,2.0
1686,"Doctor, my son's been passing jere that looks like black tar, and he's been complaining about his tummy hurting.",tummy hurting,tummy hurting,is_multiword,0,17,17|18,1,5.498787015676498,0,1.0,,,,,,,,,,,,,,,,,,,,,,,,,,,,,,,doctor my son's been passing jere that looks like black tar and he's been complaining about his <mask> <mask> <mask> <mask>,▁tum my ▁hur ting,4.0,2.945433433883732e-15,33.45852041244507,8.364630103111267, s . .,1.0508014042920611e-05,21.995148062705997,5.498787015676498,17.0,18.0,0.0,18.0,0.0,2.0
